gbifID,datasetKey,occurrenceID,kingdom,phylum,class,order,family,genus,species,infraspecificEpithet,taxonRank,scientificName,verbatimScientificName,verbatimScientificNameAuthorship,countryCode,locality,stateProvince,occurrenceStatus,individualCount,publishingOrgKey,decimalLatitude,decimalLongitude,coordinateUncertaintyInMeters,coordinatePrecision,elevation,elevationAccuracy,depth,depthAccuracy,eventDate,day,month,year,taxonKey,speciesKey,basisOfRecord,institutionCode,collectionCode,catalogNumber,recordNumber,identifiedBy,dateIdentified,license,rightsHolder,recordedBy,typeStatus,establishmentMeans,lastInterpreted,mediaType,issue
4169789922,2bc4c2db-1dfa-419c-93ce-6602c5ae8c99,http://tun.fi/JX.1620498#5,Fungi,Basidiomycota,Agaricomycetes,Boletales,Boletaceae,Boletus,Boletus edulis,,SPECIES,Boletus edulis Bull.,Boletus edulis Bull.:Fr.,,FI,,Pohjois-Savo,PRESENT,,04fd2e13-6881-4e5c-9dd1-8fdd9ab993c1,62.870753,28.468026,1000.0,,,,,,2009-09-02T00:00Z,2,9,2009,MCH9,MCH9,MACHINE_OBSERVATION,,HR.2129,http://tun.fi/JX.1620498,,,,CC_BY_4_0,,Joona Saraste,,,2026-09-09T03:55:21.840Z,,
3441156395,2bc4c2db-1dfa-419c-93ce-6602c5ae8c99,http://tun.fi/JX.997183#67,Fungi,Basidiomycota,Agaricomycetes,Boletales,Boletaceae,Boletus,Boletus edulis,,SPECIES,Boletus edulis Bull.,Boletus edulis Bull.:Fr.,,FI,Rasinmäki,Pohjois-Savo,PRESENT,,04fd2e13-6881-4e5c-9dd1-8fdd9ab993c1,62.834495,27.495702,1000.0,,,,,,2011-08-23T00:00Z/2011-08-27T00:00Z,,8,2011,MCH9,MCH9,HUMAN_OBSERVATION,,HR.2129,http://tun.fi/JX.997183,,,,CC_BY_4_0,,Joona Saraste,,,2026-09-09T03:54:37.434Z,,
3441139074,2bc4c2db-1dfa-419c-93ce-6602c5ae8c99,http://tun.fi/JX.139728#2,Fungi,Basidiomycota,Agaricomycetes,Boletales,Boletaceae,Boletus,Boletus edulis,,SPECIES,Boletus edulis Bull.,Boletus edulis Bull.:Fr.,,FI,Vattaja,Keski-Pohjanmaa,PRESENT,20,04fd2e13-6881-4e5c-9dd1-8fdd9ab993c1,64.035311,23.427638,1.0,,,,,,2011-08-26T00:00Z,26,8,2011,MCH9,MCH9,MACHINE_OBSERVATION,,HR.2129,http://tun.fi/JX.139728,,,,CC_BY_4_0,,Alpo Huhmarniemi,,,2026-09-09T03:54:23.711Z,StillImage;StillImage,
3441214478,2bc4c2db-1dfa-419c-93ce-6602c5ae8c99,http://tun.fi/JX.1199797#17,Fungi,Basidiomycota,Agaricomycetes,Boletales,Boletaceae,Boletus,Boletus edulis,,SPECIES,Boletus edulis Bull.,Boletus edulis Bull.:Fr.,,FI,,Uusimaa,PRESENT,,04fd2e13-6881-4e5c-9dd1-8fdd9ab993c1,60.477393,25.064532,1000.0,,,,,,2012-08-10T00:00Z,10,8,2012,MCH9,MCH9,HUMAN_OBSERVATION,,HR.2129,http://tun.fi/JX.1199797,,,,CC_BY_4_0,,Visa Lipponen,,,2026-09-09T03:54:59.307Z,,
3441188083,2bc4c2db-1dfa-419c-93ce-6602c5ae8c99,http://tun.fi/JX.996582#31,Fungi,Basidiomycota,Agaricomycetes,Boletales,Boletaceae,Boletus,Boletus edulis,,SPECIES,Boletus edulis Bull.,Boletus edulis Bull.:Fr.,,FI,Jynkänniemi,Pohjois-Savo,PRESENT,,04fd2e13-6881-4e5c-9dd1-8fdd9ab993c1,62.854501,27.67161,1000.0,,,,,,2012-08-25T00:00Z,25,8,2012,MCH9,MCH9,MACHINE_OBSERVATION,,HR.2129,http://tun.fi/JX.996582,,,,CC_BY_4_0,,Joona Saraste,,,2026-09-09T03:54:47.441Z,,
3441156123,2bc4c2db-1dfa-419c-93ce-6602c5ae8c99,http://tun.fi/JX.25798#4,Fungi,Basidiomycota,Agaricomycetes,Boletales,Boletaceae,Boletus,Boletus edulis,,SPECIES,Boletus edulis Bull.,Boletus edulis Bull.:Fr.,,FI,"Paltamo, Teerivaara, Hiiripuro",Kainuu,PRESENT,,04fd2e13-6881-4e5c-9dd1-8fdd9ab993c1,64.403109,27.356763,100.0,,,,,,2014-08-29T00:00Z,29,8,2014,MCH9,MCH9,MACHINE_OBSERVATION,,HR.2129,http://tun.fi/JX.25798,,,,CC_BY_4_0,,Teppo Helo,,,2026-09-09T03:54:32.599Z,,
3441127156,2bc4c2db-1dfa-419c-93ce-6602c5ae8c99,http://tun.fi/JX.1101118#4,Fungi,Basidiomycota,Agaricomycetes,Boletales,Boletaceae,Boletus,Boletus edulis,,SPECIES,Boletus edulis Bull.,Boletus edulis Bull.:Fr.,,FI,"Lippajärvi, Träskända",Uusimaa,PRESENT,,04fd2e13-6881-4e5c-9dd1-8fdd9ab993c1,60.231126,24.712998,1.0,,,,,,2014-08-30T00:00Z,30,8,2014,MCH9,MCH9,MACHINE_OBSERVATION,,HR.2129,http://tun.fi/JX.1101118,,,,CC_BY_4_0,,Mikko Veräjänkorva,,,2026-09-09T03:54:16.110Z,StillImage,
3441129666,2bc4c2db-1dfa-419c-93ce-6602c5ae8c99,http://tun.fi/JX.996478#4,Fungi,Basidiomycota,Agaricomycetes,Boletales,Boletaceae,Boletus,Boletus edulis,,SPECIES,Boletus edulis Bull.,Boletus edulis Bull.:Fr.,,FI,Illinsaari,Pohjois-Pohjanmaa,PRESENT,,04fd2e13-6881-4e5c-9dd1-8fdd9ab993c1,65.326741,25.385803,100.0,,,,,,2014-08-30T00:00Z,30,8,2014,MCH9,MCH9,MACHINE_OBSERVATION,,HR.2129,http://tun.fi/JX.996478,,,,CC_BY_4_0,,Tapio Kekki,,,2026-09-09T03:54:18.352Z,StillImage,
3441166633,2bc4c2db-1dfa-419c-93ce-6602c5ae8c99,http://tun.fi/JX.993088#8,Fungi,Basidiomycota,Agaricomycetes,Boletales,Boletaceae,Boletus,Boletus edulis,,SPECIES,Boletus edulis Bull.,Boletus edulis Bull.:Fr.,,FI,Jynkänniemi,Pohjois-Savo,PRESENT,,04fd2e13-6881-4e5c-9dd1-8fdd9ab993c1,62.852876,27.668452,100.0,,,,,,2014-09-01T00:00Z,1,9,2014,MCH9,MCH9,MACHINE_OBSERVATION,,HR.2129,http://tun.fi/JX.993088,,,,CC_BY_4_0,,Joona Saraste,,,2026-09-09T03:54:41.721Z,StillImage,
3441205010,2bc4c2db-1dfa-419c-93ce-6602c5ae8c99,http://tun.fi/JX.13761#4,Fungi,Basidiomycota,Agaricomycetes,Boletales,Boletaceae,Boletus,Boletus edulis,,SPECIES,Boletus edulis Bull.,Boletus edulis Bull.:Fr.,,FI,"Helsinki, Långkärr",Uusimaa,PRESENT,,04fd2e13-6881-4e5c-9dd1-8fdd9ab993c1,60.285743,25.209523,1.0,,,,,,2014-09-04T00:00Z,4,9,2014,MCH9,MCH9,MACHINE_OBSERVATION,,HR.2129,http://tun.fi/JX.13761,,,,CC_BY_4_0,,Allar Antson,,,2026-09-09T03:54:54.985Z,StillImage;StillImage,
3441216084,2bc4c2db-1dfa-419c-93ce-6602c5ae8c99,http://tun.fi/JX.997033#4,Fungi,Basidiomycota,Agaricomycetes,Boletales,Boletaceae,Boletus,Boletus edulis,,SPECIES,Boletus edulis Bull.,Boletus edulis Bull.:Fr.,,FI,Karhunahdas,Keski-Suomi,PRESENT,,04fd2e13-6881-4e5c-9dd1-8fdd9ab993c1,62.42076,25.076149,100.0,,,,,,2014-09-04T00:00Z,4,9,2014,MCH9,MCH9,MACHINE_OBSERVATION,,HR.2129,http://tun.fi/JX.997033,,,,CC_BY_4_0,,Tapio Kekki,,,2026-09-09T03:55:00.393Z,StillImage,
3441143230,2bc4c2db-1dfa-419c-93ce-6602c5ae8c99,http://tun.fi/JX.9151#13,Fungi,Basidiomycota,Agaricomycetes,Boletales,Boletaceae,Boletus,Boletus edulis,,SPECIES,Boletus edulis Bull.,Boletus edulis Bull.:Fr.,,FI,"Kalmo, Elämänlähde, Ristiina",Etelä-Savo,PRESENT,,04fd2e13-6881-4e5c-9dd1-8fdd9ab993c1,61.569302,27.427451,1.0,,,,,,2014-09-05T00:00Z,5,9,2014,MCH9,MCH9,MACHINE_OBSERVATION,,HR.2129,http://tun.fi/JX.9151,,,,CC_BY_4_0,,Mikko Veräjänkorva,,,2026-09-09T03:54:26.072Z,StillImage,
3441216191,2bc4c2db-1dfa-419c-93ce-6602c5ae8c99,http://tun.fi/JX.9088#13,Fungi,Basidiomycota,Agaricomycetes,Boletales,Boletaceae,Boletus,Boletus edulis,,SPECIES,Boletus edulis Bull.,Boletus edulis Bull.:Fr.,,FI,"Salosaari, Mikkeli",Etelä-Savo,PRESENT,,04fd2e13-6881-4e5c-9dd1-8fdd9ab993c1,61.672077,27.315167,1000.0,,,,,,2014-09-06T00:00Z,6,9,2014,MCH9,MCH9,MACHINE_OBSERVATION,,HR.2129,http://tun.fi/JX.9088,,,,CC_BY_4_0,,Mikko Veräjänkorva,,,2026-09-09T03:55:00.450Z,StillImage,
3441184575,2bc4c2db-1dfa-419c-93ce-6602c5ae8c99,http://tun.fi/JX.8919#4,Fungi,Basidiomycota,Agaricomycetes,Boletales,Boletaceae,Boletus,Boletus edulis,,SPECIES,Boletus edulis Bull.,Boletus edulis Bull.:Fr.,,FI,"Hukia, Hinsala, Vesilahti",Pirkanmaa,PRESENT,,04fd2e13-6881-4e5c-9dd1-8fdd9ab993c1,61.334622,23.55774,1.0,,,,,,2015-07-29T00:00Z,29,7,2015,MCH9,MCH9,MACHINE_OBSERVATION,,HR.2129,http://tun.fi/JX.8919,,,,CC_BY_4_0,,Mikko Veräjänkorva,,,2026-09-09T03:54:48.302Z,StillImage,
3441133195,2bc4c2db-1dfa-419c-93ce-6602c5ae8c99,http://tun.fi/JX.987452#5,Fungi,Basidiomycota,Agaricomycetes,Boletales,Boletaceae,Boletus,Boletus edulis,,SPECIES,Boletus edulis Bull.,Boletus edulis Bull.:Fr.,,FI,Pirttiniemi,Pohjois-Savo,PRESENT,10,04fd2e13-6881-4e5c-9dd1-8fdd9ab993c1,62.816687,27.676504,1000.0,,,,,,2016-07-25T00:00Z,25,7,2016,MCH9,MCH9,HUMAN_OBSERVATION,,HR.2129,http://tun.fi/JX.987452,,,,CC_BY_4_0,,Joona Saraste,,,2026-09-09T03:54:20.767Z,,
3441162616,2bc4c2db-1dfa-419c-93ce-6602c5ae8c99,http://tun.fi/JX.989386#18,Fungi,Basidiomycota,Agaricomycetes,Boletales,Boletaceae,Boletus,Boletus edulis,,SPECIES,Boletus edulis Bull.,Boletus edulis Bull.:Fr.,,FI,Puijo,Pohjois-Savo,PRESENT,,04fd2e13-6881-4e5c-9dd1-8fdd9ab993c1,62.925388,27.661273,100.0,,,,,,2016-08-21T00:00Z,21,8,2016,MCH9,MCH9,HUMAN_OBSERVATION,,HR.2129,http://tun.fi/JX.989386,,,,CC_BY_4_0,,Joona Saraste,,,2026-09-09T03:54:40.164Z,,
3441176796,2bc4c2db-1dfa-419c-93ce-6602c5ae8c99,http://tun.fi/JX.31696#16,Fungi,Basidiomycota,Agaricomycetes,Boletales,Boletaceae,Boletus,Boletus edulis,,SPECIES,Boletus edulis Bull.,Boletus edulis Bull.:Fr.,,FI,"Okeroinen, Ylä-Okeroinen, Sikoniittu, Murronojan varren maasto",Päijät-Häme,PRESENT,,04fd2e13-6881-4e5c-9dd1-8fdd9ab993c1,60.975954,25.562473,1000.0,,,,,,2016-08-24T00:00Z,24,8,2016,MCH9,MCH9,MACHINE_OBSERVATION,,HR.2129,http://tun.fi/JX.31696,,,,CC_BY_4_0,,Jarkko Korhonen,,,2026-09-09T03:54:42.873Z,StillImage;StillImage,
3441154458,2bc4c2db-1dfa-419c-93ce-6602c5ae8c99,http://tun.fi/JX.1157144#4,Fungi,Basidiomycota,Agaricomycetes,Boletales,Boletaceae,Boletus,Boletus edulis,,SPECIES,Boletus edulis Bull.,Boletus edulis Bull.:Fr.,,FI,Kiihtelysvaara,Pohjois-Karjala,PRESENT,1,04fd2e13-6881-4e5c-9dd1-8fdd9ab993c1,62.587503,30.108024,100.0,,,,,,2016-09-13T00:00Z,13,9,2016,MCH9,MCH9,HUMAN_OBSERVATION,,HR.2129,http://tun.fi/JX.1157144,,,,CC_BY_4_0,,Janne Koskinen,,,2026-09-09T03:54:31.895Z,,
3441212872,2bc4c2db-1dfa-419c-93ce-6602c5ae8c99,http://tun.fi/JX.1157115#4,Fungi,Basidiomycota,Agaricomycetes,Boletales,Boletaceae,Boletus,Boletus edulis,,SPECIES,Boletus edulis Bull.,Boletus edulis Bull.:Fr.,,FI,Tukhulminlammit,Pohjois-Karjala,PRESENT,,04fd2e13-6881-4e5c-9dd1-8fdd9ab993c1,62.60803,30.028107,100.0,,,,,,2016-09-13T00:00Z,13,9,2016,MCH9,MCH9,HUMAN_OBSERVATION,,HR.2129,http://tun.fi/JX.1157115,,,,CC_BY_4_0,,Janne Koskinen,,,2026-09-09T03:54:58.790Z,,
3441130690,2bc4c2db-1dfa-419c-93ce-6602c5ae8c99,http://tun.fi/JX.1165294#10,Fungi,Basidiomycota,Agaricomycetes,Boletales,Boletaceae,Boletus,Boletus edulis,,SPECIES,Boletus edulis Bull.,Boletus edulis Bull.:Fr.,,FI,150 Patvinsuo Rauvunvaara,Pohjois-Karjala,PRESENT,,04fd2e13-6881-4e5c-9dd1-8fdd9ab993c1,63.145867,30.607095,100.0,,,,,,2016-09-14T00:00Z,14,9,2016,MCH9,MCH9,HUMAN_OBSERVATION,,HR.2129,http://tun.fi/JX.1165294,,,,CC_BY_4_0,,Janne Koskinen,,,2026-09-09T03:54:18.989Z,,
3441145073,2bc4c2db-1dfa-419c-93ce-6602c5ae8c99,http://tun.fi/JX.36955#4,Fungi,Basidiomycota,Agaricomycetes,Boletales,Boletaceae,Boletus,Boletus edulis,,SPECIES,Boletus edulis Bull.,Boletus edulis Bull.:Fr.,,FI,Niemisjärvi,Keski-Suomi,PRESENT,,04fd2e13-6881-4e5c-9dd1-8fdd9ab993c1,62.317487,26.355801,100.0,,,,,,2017-08-03T00:00Z,3,8,2017,MCH9,MCH9,MACHINE_OBSERVATION,,HR.2129,http://tun.fi/JX.36955,,,,CC_BY_4_0,,Laura Tarvainen,,,2026-09-09T03:54:32.185Z,StillImage,
3441143344,2bc4c2db-1dfa-419c-93ce-6602c5ae8c99,http://tun.fi/JX.36958#4,Fungi,Basidiomycota,Agaricomycetes,Boletales,Boletaceae,Boletus,Boletus edulis,,SPECIES,Boletus edulis Bull.,Boletus edulis Bull.:Fr.,,FI,Niemisjärvi,Keski-Suomi,PRESENT,,04fd2e13-6881-4e5c-9dd1-8fdd9ab993c1,62.314248,26.357971,1000.0,,,,,,2017-08-04T00:00Z,4,8,2017,MCH9,MCH9,MACHINE_OBSERVATION,,HR.2129,http://tun.fi/JX.36958,,,,CC_BY_4_0,,Laura Tarvainen,,,2026-09-09T03:54:26.210Z,StillImage;StillImage,
3441200302,2bc4c2db-1dfa-419c-93ce-6602c5ae8c99,http://tun.fi/JX.13241#13,Fungi,Basidiomycota,Agaricomycetes,Boletales,Boletaceae,Boletus,Boletus edulis,,SPECIES,Boletus edulis Bull.,Boletus edulis Bull.:Fr.,,FI,"Loimaa, Tampereentien metsä",Varsinais-Suomi,PRESENT,,04fd2e13-6881-4e5c-9dd1-8fdd9ab993c1,60.870197,23.090774,1000.0,,,,,,2017-08-08T00:00Z,8,8,2017,MCH9,MCH9,MACHINE_OBSERVATION,,HR.2129,http://tun.fi/JX.13241,,,,CC_BY_4_0,,Tuuli Laine,,,2026-09-09T03:54:52.880Z,StillImage,
3441186077,2bc4c2db-1dfa-419c-93ce-6602c5ae8c99,http://tun.fi/JX.30951#28,Fungi,Basidiomycota,Agaricomycetes,Boletales,Boletaceae,Boletus,Boletus edulis,,SPECIES,Boletus edulis Bull.,Boletus edulis Bull.:Fr.,,FI,Rautakankare,Päijät-Häme,PRESENT,,04fd2e13-6881-4e5c-9dd1-8fdd9ab993c1,61.012426,25.590921,1.0,,,,,,2017-08-11T00:00Z,11,8,2017,MCH9,MCH9,MACHINE_OBSERVATION,,HR.2129,http://tun.fi/JX.30951,,,,CC_BY_4_0,,Jarkko Korhonen,,,2026-09-09T03:54:48.945Z,,
3441205681,2bc4c2db-1dfa-419c-93ce-6602c5ae8c99,http://tun.fi/JX.13762#4,Fungi,Basidiomycota,Agaricomycetes,Boletales,Boletaceae,Boletus,Boletus edulis,,SPECIES,Boletus edulis Bull.,Boletus edulis Bull.:Fr.,,FI,"Sipoo, Byabäcken",Uusimaa,PRESENT,,04fd2e13-6881-4e5c-9dd1-8fdd9ab993c1,60.348526,25.209924,1.0,,,,,,2017-08-11T00:00Z,11,8,2017,MCH9,MCH9,MACHINE_OBSERVATION,,HR.2129,http://tun.fi/JX.13762,,,,CC_BY_4_0,,Allar Antson,,,2026-09-09T03:54:55.067Z,StillImage,
3441130169,2bc4c2db-1dfa-419c-93ce-6602c5ae8c99,http://tun.fi/JX.1176349#9,Fungi,Basidiomycota,Agaricomycetes,Boletales,Boletaceae,Boletus,Boletus edulis,,SPECIES,Boletus edulis Bull.,Boletus edulis Bull.:Fr.,,FI,Sorlammen alue,Uusimaa,PRESENT,,04fd2e13-6881-4e5c-9dd1-8fdd9ab993c1,60.257131,24.610688,1000.0,,,,,,2017-08-12T00:00Z,12,8,2017,MCH9,MCH9,MACHINE_OBSERVATION,,HR.2129,http://tun.fi/JX.1176349,,,,CC_BY_4_0,,Mari Kajasvirta,,,2026-09-09T03:54:18.640Z,,
3441148061,2bc4c2db-1dfa-419c-93ce-6602c5ae8c99,http://tun.fi/JX.46791#13,Fungi,Basidiomycota,Agaricomycetes,Boletales,Boletaceae,Boletus,Boletus edulis,,SPECIES,Boletus edulis Bull.,Boletus edulis Bull.:Fr.,,FI,"Niemisjärvi, Lsv",Keski-Suomi,PRESENT,,04fd2e13-6881-4e5c-9dd1-8fdd9ab993c1,62.321305,26.348828,1000.0,,,,,,2017-08-12T00:00Z,12,8,2017,MCH9,MCH9,MACHINE_OBSERVATION,,HR.2129,http://tun.fi/JX.46791,,,,CC_BY_4_0,,Laura Tarvainen,,,2026-09-09T03:54:28.713Z,StillImage;StillImage;StillImage,
3441135265,2bc4c2db-1dfa-419c-93ce-6602c5ae8c99,http://tun.fi/JX.1101115#4,Fungi,Basidiomycota,Agaricomycetes,Boletales,Boletaceae,Boletus,Boletus edulis,,SPECIES,Boletus edulis Bull.,Boletus edulis Bull.:Fr.,,FI,Lähderanta,Uusimaa,PRESENT,,04fd2e13-6881-4e5c-9dd1-8fdd9ab993c1,60.246528,24.740604,100.0,,,,,,2017-08-15T00:00Z,15,8,2017,MCH9,MCH9,MACHINE_OBSERVATION,,HR.2129,http://tun.fi/JX.1101115,,,,CC_BY_4_0,,Mikko Veräjänkorva,,,2026-09-09T03:54:21.674Z,StillImage,
3441140361,2bc4c2db-1dfa-419c-93ce-6602c5ae8c99,http://tun.fi/JX.71608#2,Fungi,Basidiomycota,Agaricomycetes,Boletales,Boletaceae,Boletus,Boletus edulis,,SPECIES,Boletus edulis Bull.,Boletus edulis Bull.:Fr.,,FI,"Espoo, Nettaa",Uusimaa,PRESENT,7,04fd2e13-6881-4e5c-9dd1-8fdd9ab993c1,60.291991,24.67468,1.0,,,,,,2017-08-18T00:00Z,18,8,2017,MCH9,MCH9,MACHINE_OBSERVATION,,HR.2129,http://tun.fi/JX.71608,,,,CC_BY_4_0,,Antti Johannes Soininen,,,2026-09-09T03:54:24.444Z,StillImage,
3441141228,2bc4c2db-1dfa-419c-93ce-6602c5ae8c99,http://tun.fi/JX.67099#2,Fungi,Basidiomycota,Agaricomycetes,Boletales,Boletaceae,Boletus,Boletus edulis,,SPECIES,Boletus edulis Bull.,Boletus edulis Bull.:Fr.,,FI,Isnäs,Uusimaa,PRESENT,,04fd2e13-6881-4e5c-9dd1-8fdd9ab993c1,60.378935,26.009355,1000.0,,,,,,2017-08-18T00:00Z,18,8,2017,MCH9,MCH9,MACHINE_OBSERVATION,,HR.2129,http://tun.fi/JX.67099,,,,CC_BY_4_0,,Saana Jukarainen,,,2026-09-09T03:54:24.991Z,StillImage,
3441153472,2bc4c2db-1dfa-419c-93ce-6602c5ae8c99,http://tun.fi/JX.325290#16,Fungi,Basidiomycota,Agaricomycetes,Boletales,Boletaceae,Boletus,Boletus edulis,,SPECIES,Boletus edulis Bull.,Boletus edulis Bull.:Fr.,,FI,Outokumpu,Pohjois-Karjala,PRESENT,1,04fd2e13-6881-4e5c-9dd1-8fdd9ab993c1,62.687888,28.88487,1000.0,,,,,,2017-08-18T00:00Z,18,8,2017,MCH9,MCH9,MACHINE_OBSERVATION,,HR.2129,http://tun.fi/JX.325290,,,,CC_BY_4_0,,Joona Saraste,,,2026-09-09T03:54:31.371Z,StillImage,
3441152023,2bc4c2db-1dfa-419c-93ce-6602c5ae8c99,http://tun.fi/JX.13741#4,Fungi,Basidiomycota,Agaricomycetes,Boletales,Boletaceae,Boletus,Boletus edulis,,SPECIES,Boletus edulis Bull.,Boletus edulis Bull.:Fr.,,FI,"Kerma, Hyövynniemi",Pohjois-Karjala,PRESENT,,04fd2e13-6881-4e5c-9dd1-8fdd9ab993c1,62.43685,28.820233,1.0,,,,,,2017-08-21T00:00Z,21,8,2017,MCH9,MCH9,MACHINE_OBSERVATION,,HR.2129,http://tun.fi/JX.13741,,,,CC_BY_4_0,,Seppo Huhmarniemi,,,2026-09-09T03:54:30.691Z,StillImage;StillImage,
3441134957,2bc4c2db-1dfa-419c-93ce-6602c5ae8c99,http://tun.fi/JX.13937#16,Fungi,Basidiomycota,Agaricomycetes,Boletales,Boletaceae,Boletus,Boletus edulis,,SPECIES,Boletus edulis Bull.,Boletus edulis Bull.:Fr.,,FI,"Vihti, Kattila",Uusimaa,PRESENT,,04fd2e13-6881-4e5c-9dd1-8fdd9ab993c1,60.329904,24.504769,1.0,,,,,,2017-08-24T00:00Z,24,8,2017,MCH9,MCH9,MACHINE_OBSERVATION,,HR.2129,http://tun.fi/JX.13937,,,,CC_BY_4_0,,Allar Antson,,,2026-09-09T03:54:27.621Z,StillImage,
3441131712,2bc4c2db-1dfa-419c-93ce-6602c5ae8c99,http://tun.fi/JX.1155315#10,Fungi,Basidiomycota,Agaricomycetes,Boletales,Boletaceae,Boletus,Boletus edulis,,SPECIES,Boletus edulis Bull.,Boletus edulis Bull.:Fr.,,FI,Vanto,Varsinais-Suomi,PRESENT,,04fd2e13-6881-4e5c-9dd1-8fdd9ab993c1,60.457541,22.091234,100.0,,,,,,2017-08-29T00:00Z,29,8,2017,MCH9,MCH9,MACHINE_OBSERVATION,,HR.2129,http://tun.fi/JX.1155315,,,,CC_BY_4_0,,Marika Viljanen,,,2026-09-09T03:54:26.076Z,StillImage;StillImage,
3441189014,2bc4c2db-1dfa-419c-93ce-6602c5ae8c99,http://tun.fi/JX.1155316#7,Fungi,Basidiomycota,Agaricomycetes,Boletales,Boletaceae,Boletus,Boletus edulis,,SPECIES,Boletus edulis Bull.,Boletus edulis Bull.:Fr.,,FI,Vanto,Varsinais-Suomi,PRESENT,,04fd2e13-6881-4e5c-9dd1-8fdd9ab993c1,60.459323,22.087038,100.0,,,,,,2017-08-29T00:00Z,29,8,2017,MCH9,MCH9,MACHINE_OBSERVATION,,HR.2129,http://tun.fi/JX.1155316,,,,CC_BY_4_0,,Marika Viljanen,,,2026-09-09T03:54:47.841Z,StillImage,
3441202520,2bc4c2db-1dfa-419c-93ce-6602c5ae8c99,http://tun.fi/JX.14212#10,Fungi,Basidiomycota,Agaricomycetes,Boletales,Boletaceae,Boletus,Boletus edulis,,SPECIES,Boletus edulis Bull.,Boletus edulis Bull.:Fr.,,FI,"Autio, Tolola",Kainuu,PRESENT,1,04fd2e13-6881-4e5c-9dd1-8fdd9ab993c1,64.344128,28.050508,1.0,,,,,,2017-08-29T00:00Z,29,8,2017,MCH9,MCH9,HUMAN_OBSERVATION,,HR.2129,http://tun.fi/JX.14212,,,,CC_BY_4_0,,Tea von Bonsdorff,,,2026-09-09T03:54:53.955Z,,
3441134009,2bc4c2db-1dfa-419c-93ce-6602c5ae8c99,http://tun.fi/JX.14384#4,Fungi,Basidiomycota,Agaricomycetes,Boletales,Boletaceae,Boletus,Boletus edulis,,SPECIES,Boletus edulis Bull.,Boletus edulis Bull.:Fr.,,FI,"Helsinki, Degermossa",Uusimaa,PRESENT,,04fd2e13-6881-4e5c-9dd1-8fdd9ab993c1,60.280309,25.19778,1.0,,,,,,2017-09-02T00:00Z,2,9,2017,MCH9,MCH9,MACHINE_OBSERVATION,,HR.2129,http://tun.fi/JX.14384,,,,CC_BY_4_0,,Allar Antson,,,2026-09-09T03:54:27.003Z,StillImage,
3441148308,2bc4c2db-1dfa-419c-93ce-6602c5ae8c99,http://tun.fi/JX.1155435#4,Fungi,Basidiomycota,Agaricomycetes,Boletales,Boletaceae,Boletus,Boletus edulis,,SPECIES,Boletus edulis Bull.,Boletus edulis Bull.:Fr.,,FI,Kaanaa,Varsinais-Suomi,PRESENT,,04fd2e13-6881-4e5c-9dd1-8fdd9ab993c1,60.473811,22.10499,100.0,,,,,,2017-09-04T00:00Z,4,9,2017,MCH9,MCH9,MACHINE_OBSERVATION,,HR.2129,http://tun.fi/JX.1155435,,,,CC_BY_4_0,,Marika Viljanen,,,2026-09-09T03:54:33.551Z,StillImage;StillImage,
3441143189,2bc4c2db-1dfa-419c-93ce-6602c5ae8c99,http://tun.fi/JX.15125#4,Fungi,Basidiomycota,Agaricomycetes,Boletales,Boletaceae,Boletus,Boletus edulis,,SPECIES,Boletus edulis Bull.,Boletus edulis Bull.:Fr.,,FI,"Nurmijärvi, Herunen",Uusimaa,PRESENT,5,04fd2e13-6881-4e5c-9dd1-8fdd9ab993c1,60.563483,24.740057,1000.0,,,,,,2017-09-10T00:00Z,10,9,2017,MCH9,MCH9,HUMAN_OBSERVATION,,HR.2129,http://tun.fi/JX.15125,,,,CC_BY_4_0,,Reino Styrman,,,2026-09-09T03:54:26.058Z,,
3441214553,2bc4c2db-1dfa-419c-93ce-6602c5ae8c99,http://tun.fi/JX.15523#4,Fungi,Basidiomycota,Agaricomycetes,Boletales,Boletaceae,Boletus,Boletus edulis,,SPECIES,Boletus edulis Bull.,Boletus edulis Bull.:Fr.,,FI,"Punkaharju, Kruunupuisto",Etelä-Savo,PRESENT,1,04fd2e13-6881-4e5c-9dd1-8fdd9ab993c1,61.786028,29.31203,1.0,,,,,,2017-09-14T00:00Z,14,9,2017,MCH9,MCH9,HUMAN_OBSERVATION,,HR.2129,http://tun.fi/JX.15523,,,,CC_BY_4_0,,Matleena Pulkkinen,,,2026-09-09T03:54:59.337Z,StillImage,
3441162228,2bc4c2db-1dfa-419c-93ce-6602c5ae8c99,http://tun.fi/JX.25261#4,Fungi,Basidiomycota,Agaricomycetes,Boletales,Boletaceae,Boletus,Boletus edulis,,SPECIES,Boletus edulis Bull.,Boletus edulis Bull.:Fr.,,FI,Ounasvaara,Lappi,PRESENT,1,04fd2e13-6881-4e5c-9dd1-8fdd9ab993c1,66.498498,25.784312,1.0,,,,,,2017-09-16T00:00Z,16,9,2017,MCH9,MCH9,MACHINE_OBSERVATION,,HR.2129,http://tun.fi/JX.25261,,,,CC_BY_4_0,,Seija Korpinen,,,2026-09-09T03:54:35.588Z,StillImage,
3441205305,2bc4c2db-1dfa-419c-93ce-6602c5ae8c99,http://tun.fi/JX.569627#2,Fungi,Basidiomycota,Agaricomycetes,Boletales,Boletaceae,Boletus,Boletus edulis,,SPECIES,Boletus edulis Bull.,Boletus edulis Bull.:Fr.,,FI,"Vestlax, Söderstrand, Strandbergen",Varsinais-Suomi,PRESENT,,04fd2e13-6881-4e5c-9dd1-8fdd9ab993c1,60.094612,22.818256,1.0,,,,,,2017-09-16T00:00Z,16,9,2017,MCH9,MCH9,MACHINE_OBSERVATION,,HR.2129,http://tun.fi/JX.569627,,,,CC_BY_4_0,,Tarja Siuvatti;Anders Fagerholm,,,2026-09-09T03:54:54.915Z,,
3441141593,2bc4c2db-1dfa-419c-93ce-6602c5ae8c99,http://tun.fi/JX.16100#19,Fungi,Basidiomycota,Agaricomycetes,Boletales,Boletaceae,Boletus,Boletus edulis,,SPECIES,Boletus edulis Bull.,Boletus edulis Bull.:Fr.,,FI,Orava polku Riuttalampi- Vehkasuo,Pohjois-Karjala,PRESENT,1,04fd2e13-6881-4e5c-9dd1-8fdd9ab993c1,62.547246,30.060714,1.0,,,,,,2017-09-23T00:00Z,23,9,2017,MCH9,MCH9,MACHINE_OBSERVATION,,HR.2129,http://tun.fi/JX.16100,,,,CC_BY_4_0,,Kaisa Koskinen,,,2026-09-09T03:54:25.159Z,StillImage,
3441145436,2bc4c2db-1dfa-419c-93ce-6602c5ae8c99,http://tun.fi/JX.17021#16,Fungi,Basidiomycota,Agaricomycetes,Boletales,Boletaceae,Boletus,Boletus edulis,,SPECIES,Boletus edulis Bull.,Boletus edulis Bull.:Fr.,,FI,Hietasaari,Pohjois-Pohjanmaa,PRESENT,1,04fd2e13-6881-4e5c-9dd1-8fdd9ab993c1,65.022884,25.436751,100.0,,,,,,2017-09-23T00:00Z,23,9,2017,MCH9,MCH9,MACHINE_OBSERVATION,,HR.2129,http://tun.fi/JX.17021,,,,CC_BY_4_0,,Pekka Rahko,,,2026-09-09T03:54:27.285Z,StillImage,
3441173631,2bc4c2db-1dfa-419c-93ce-6602c5ae8c99,http://tun.fi/JX.16524#7,Fungi,Basidiomycota,Agaricomycetes,Boletales,Boletaceae,Boletus,Boletus edulis,,SPECIES,Boletus edulis Bull.,Boletus edulis Bull.:Fr.,,FI,"Orivesi, Onnistaipale, Arovainio",Pirkanmaa,PRESENT,3,04fd2e13-6881-4e5c-9dd1-8fdd9ab993c1,61.713261,24.353747,1.0,,,,,,2017-09-26T00:00Z,26,9,2017,MCH9,MCH9,MACHINE_OBSERVATION,,HR.2129,http://tun.fi/JX.16524,,,,CC_BY_4_0,,Eila Smolander,,,2026-09-09T03:54:41.187Z,StillImage,
3441179615,2bc4c2db-1dfa-419c-93ce-6602c5ae8c99,http://tun.fi/JX.16420#4,Fungi,Basidiomycota,Agaricomycetes,Boletales,Boletaceae,Boletus,Boletus edulis,,SPECIES,Boletus edulis Bull.,Boletus edulis Bull.:Fr.,,FI,"Orivesi, Oripohja",Pirkanmaa,PRESENT,2,04fd2e13-6881-4e5c-9dd1-8fdd9ab993c1,61.692985,24.354955,1.0,,,,,,2017-09-26T00:00Z,26,9,2017,MCH9,MCH9,MACHINE_OBSERVATION,,HR.2129,http://tun.fi/JX.16420,,,,CC_BY_4_0,,Eila Smolander,,,2026-09-09T03:54:43.642Z,StillImage,
3441170211,2bc4c2db-1dfa-419c-93ce-6602c5ae8c99,http://tun.fi/JX.16961#7,Fungi,Basidiomycota,Agaricomycetes,Boletales,Boletaceae,Boletus,Boletus edulis,,SPECIES,Boletus edulis Bull.,Boletus edulis Bull.:Fr.,,FI,"Helsinki, Kallahdenniemi",Uusimaa,PRESENT,,04fd2e13-6881-4e5c-9dd1-8fdd9ab993c1,60.188001,25.144205,1.0,,,,,,2017-10-01T00:00Z,1,10,2017,MCH9,MCH9,MACHINE_OBSERVATION,,HR.2129,http://tun.fi/JX.16961,,,,CC_BY_4_0,,Allar Antson,,,2026-09-09T03:54:39.630Z,StillImage,
3441213755,2bc4c2db-1dfa-419c-93ce-6602c5ae8c99,http://tun.fi/JX.59425#4,Fungi,Basidiomycota,Agaricomycetes,Boletales,Boletaceae,Boletus,Boletus edulis,,SPECIES,Boletus edulis Bull.,Boletus edulis Bull.:Fr.,,FI,"Nivankylä, Vesalanperä",Lappi,PRESENT,1,04fd2e13-6881-4e5c-9dd1-8fdd9ab993c1,66.58549,25.67405,1.0,,,,,,2018-08-13T00:00Z,13,8,2018,MCH9,MCH9,MACHINE_OBSERVATION,,HR.2129,http://tun.fi/JX.59425,,,,CC_BY_4_0,,Seppo Huhmarniemi,,,2026-09-09T03:54:59.189Z,StillImage;StillImage,
3441131401,2bc4c2db-1dfa-419c-93ce-6602c5ae8c99,http://tun.fi/JX.60039#34,Fungi,Basidiomycota,Agaricomycetes,Boletales,Boletaceae,Boletus,Boletus edulis,,SPECIES,Boletus edulis Bull.,Boletus edulis Bull.:Fr.,,FI,"Koli, Ylä-Koli, satama",Pohjois-Karjala,PRESENT,,04fd2e13-6881-4e5c-9dd1-8fdd9ab993c1,63.109221,29.807408,1.0,,,,,,2018-08-17T00:00Z,17,8,2018,MCH9,MCH9,MACHINE_OBSERVATION,,HR.2129,http://tun.fi/JX.60039,,,,CC_BY_4_0,,Jarkko Korhonen,,,2026-09-09T03:54:25.933Z,,
3441151793,2bc4c2db-1dfa-419c-93ce-6602c5ae8c99,http://tun.fi/JX.60283#4,Fungi,Basidiomycota,Agaricomycetes,Boletales,Boletaceae,Boletus,Boletus edulis,,SPECIES,Boletus edulis Bull.,Boletus edulis Bull.:Fr.,,FI,Koli,Pohjois-Karjala,PRESENT,,04fd2e13-6881-4e5c-9dd1-8fdd9ab993c1,63.108107,29.807893,1.0,,,,,,2018-08-17T00:00Z,17,8,2018,MCH9,MCH9,MACHINE_OBSERVATION,,HR.2129,http://tun.fi/JX.60283,,,,CC_BY_4_0,,Petri Roponen,,,2026-09-09T03:54:30.562Z,StillImage,
3441195381,2bc4c2db-1dfa-419c-93ce-6602c5ae8c99,http://tun.fi/JX.62221#8,Fungi,Basidiomycota,Agaricomycetes,Boletales,Boletaceae,Boletus,Boletus edulis,,SPECIES,Boletus edulis Bull.,Boletus edulis Bull.:Fr.,,FI,Turulanautio NE,Pohjois-Karjala,PRESENT,1,04fd2e13-6881-4e5c-9dd1-8fdd9ab993c1,62.817215,30.001547,1.0,,,,,,2018-08-17T00:00Z,17,8,2018,MCH9,MCH9,HUMAN_OBSERVATION,,HR.2129,http://tun.fi/JX.62221,,,,CC_BY_4_0,,Paula Thitz,,,2026-09-09T03:54:50.650Z,,
3441150349,2bc4c2db-1dfa-419c-93ce-6602c5ae8c99,http://tun.fi/JX.61169#3,Fungi,Basidiomycota,Agaricomycetes,Boletales,Boletaceae,Boletus,Boletus edulis,,SPECIES,Boletus edulis Bull.,Boletus edulis Bull.:Fr.,,FI,,Pirkanmaa,PRESENT,2,04fd2e13-6881-4e5c-9dd1-8fdd9ab993c1,61.450003,23.857357,1.0,,,,,,2018-08-19T00:00Z,19,8,2018,MCH9,MCH9,HUMAN_OBSERVATION,,HR.2129,http://tun.fi/JX.61169,,,,CC_BY_4_0,,Salla Ponkala,,,2026-09-09T03:54:29.948Z,,
3441149511,2bc4c2db-1dfa-419c-93ce-6602c5ae8c99,http://tun.fi/JX.65964#2,Fungi,Basidiomycota,Agaricomycetes,Boletales,Boletaceae,Boletus,Boletus edulis,,SPECIES,Boletus edulis Bull.,Boletus edulis Bull.:Fr.,,FI,Siltakatu,Pohjois-Karjala,PRESENT,4,04fd2e13-6881-4e5c-9dd1-8fdd9ab993c1,62.602745,29.754157,1.0,,,,,,2018-08-21T00:00Z,21,8,2018,MCH9,MCH9,MACHINE_OBSERVATION,,HR.2129,http://tun.fi/JX.65964,,,,CC_BY_4_0,,Olli Salmela,,,2026-09-09T03:54:29.562Z,StillImage;StillImage;StillImage;StillImage;StillImage;StillImage,
3441151005,2bc4c2db-1dfa-419c-93ce-6602c5ae8c99,http://tun.fi/JX.60676#4,Fungi,Basidiomycota,Agaricomycetes,Boletales,Boletaceae,Boletus,Boletus edulis,,SPECIES,Boletus edulis Bull.,Boletus edulis Bull.:Fr.,,FI,Herunen,Uusimaa,PRESENT,3,04fd2e13-6881-4e5c-9dd1-8fdd9ab993c1,60.555589,24.751814,1.0,,,,,,2018-08-21T00:00Z,21,8,2018,MCH9,MCH9,HUMAN_OBSERVATION,,HR.2129,http://tun.fi/JX.60676,,,,CC_BY_4_0,,Reino Styrman,,,2026-09-09T03:54:30.259Z,,
3441188596,2bc4c2db-1dfa-419c-93ce-6602c5ae8c99,http://tun.fi/JX.61198#2,Fungi,Basidiomycota,Agaricomycetes,Boletales,Boletaceae,Boletus,Boletus edulis,,SPECIES,Boletus edulis Bull.,Boletus edulis Bull.:Fr.,,FI,Heikinharju.,Pohjois-Pohjanmaa,PRESENT,5,04fd2e13-6881-4e5c-9dd1-8fdd9ab993c1,65.061623,25.590006,10.0,,,,,,2018-08-22T00:00Z,22,8,2018,MCH9,MCH9,HUMAN_OBSERVATION,,HR.2129,http://tun.fi/JX.61198,,,,CC_BY_4_0,,Annu Ruotsalainen,,,2026-09-09T03:54:47.621Z,,
3441137636,2bc4c2db-1dfa-419c-93ce-6602c5ae8c99,http://tun.fi/JX.61322#2,Fungi,Basidiomycota,Agaricomycetes,Boletales,Boletaceae,Boletus,Boletus edulis,,SPECIES,Boletus edulis Bull.,Boletus edulis Bull.:Fr.,,FI,Hangaskangas,Pohjois-Pohjanmaa,PRESENT,4,04fd2e13-6881-4e5c-9dd1-8fdd9ab993c1,64.896642,25.782189,1.0,,,,,,2018-08-23T00:00Z,23,8,2018,MCH9,MCH9,HUMAN_OBSERVATION,,HR.2129,http://tun.fi/JX.61322,,,,CC_BY_4_0,,Esa Borén,,,2026-09-09T03:54:22.917Z,,
3441187855,2bc4c2db-1dfa-419c-93ce-6602c5ae8c99,http://tun.fi/JX.61209#3,Fungi,Basidiomycota,Agaricomycetes,Boletales,Boletaceae,Boletus,Boletus edulis,,SPECIES,Boletus edulis Bull.,Boletus edulis Bull.:Fr.,,FI,"Karhi , Hikiä",Kanta-Häme,PRESENT,2,04fd2e13-6881-4e5c-9dd1-8fdd9ab993c1,60.767679,24.905083,1.0,,,,,,2018-08-23T00:00Z,23,8,2018,MCH9,MCH9,MACHINE_OBSERVATION,,HR.2129,http://tun.fi/JX.61209,,,,CC_BY_4_0,,Timo Heiskala,,,2026-09-09T03:54:47.375Z,StillImage;StillImage;StillImage,
3441205121,2bc4c2db-1dfa-419c-93ce-6602c5ae8c99,http://tun.fi/JX.61288#2,Fungi,Basidiomycota,Agaricomycetes,Boletales,Boletaceae,Boletus,Boletus edulis,,SPECIES,Boletus edulis Bull.,Boletus edulis Bull.:Fr.,,FI,"Mustajärvi, Roskalanvuori",Pirkanmaa,PRESENT,7,04fd2e13-6881-4e5c-9dd1-8fdd9ab993c1,62.036885,23.990209,1000.0,,,,,,2018-08-23T00:00Z,23,8,2018,MCH9,MCH9,MACHINE_OBSERVATION,,HR.2129,http://tun.fi/JX.61288,,,,CC_BY_4_0,,Tyyra Juka,,,2026-09-09T03:54:55.272Z,StillImage,
3441212481,2bc4c2db-1dfa-419c-93ce-6602c5ae8c99,http://tun.fi/JX.61138#2,Fungi,Basidiomycota,Agaricomycetes,Boletales,Boletaceae,Boletus,Boletus edulis,,SPECIES,Boletus edulis Bull.,Boletus edulis Bull.:Fr.,,FI,Oulainen,Pohjois-Pohjanmaa,PRESENT,4,04fd2e13-6881-4e5c-9dd1-8fdd9ab993c1,64.241871,25.002667,1.0,,,,,,2018-08-23T00:00Z,23,8,2018,MCH9,MCH9,HUMAN_OBSERVATION,,HR.2129,http://tun.fi/JX.61138,,,,CC_BY_4_0,,,,,2026-09-09T03:55:00.247Z,StillImage,
3441208958,2bc4c2db-1dfa-419c-93ce-6602c5ae8c99,http://tun.fi/JX.61339#2,Fungi,Basidiomycota,Agaricomycetes,Boletales,Boletaceae,Boletus,Boletus edulis,,SPECIES,Boletus edulis Bull.,Boletus edulis Bull.:Fr.,,FI,Hattelmalanjärvi,Kanta-Häme,PRESENT,3,04fd2e13-6881-4e5c-9dd1-8fdd9ab993c1,60.967466,24.446998,100.0,,,,,,2018-08-24T00:00Z,24,8,2018,MCH9,MCH9,HUMAN_OBSERVATION,,HR.2129,http://tun.fi/JX.61339,,,,CC_BY_4_0,,Ari Alakoski,,,2026-09-09T03:54:56.834Z,,
3441139679,2bc4c2db-1dfa-419c-93ce-6602c5ae8c99,http://tun.fi/JX.61719#2,Fungi,Basidiomycota,Agaricomycetes,Boletales,Boletaceae,Boletus,Boletus edulis,,SPECIES,Boletus edulis Bull.,Boletus edulis Bull.:Fr.,,FI,"Särkisalo, Förby",Varsinais-Suomi,PRESENT,5,04fd2e13-6881-4e5c-9dd1-8fdd9ab993c1,60.107048,22.929326,1.0,,,,,,2018-08-25T00:00Z,25,8,2018,MCH9,MCH9,MACHINE_OBSERVATION,,HR.2129,http://tun.fi/JX.61719,,,,CC_BY_4_0,,Anders Fagerholm;Tarja Siuvatti,,,2026-09-09T03:54:24.115Z,,
3441177009,2bc4c2db-1dfa-419c-93ce-6602c5ae8c99,http://tun.fi/JX.61590#5,Fungi,Basidiomycota,Agaricomycetes,Boletales,Boletaceae,Boletus,Boletus edulis,,SPECIES,Boletus edulis Bull.,Boletus edulis Bull.:Fr.,,FI,Peltosaari,Kanta-Häme,PRESENT,6,04fd2e13-6881-4e5c-9dd1-8fdd9ab993c1,60.739605,24.784204,1000.0,,,,,,2018-08-25T00:00Z,25,8,2018,MCH9,MCH9,MACHINE_OBSERVATION,,HR.2129,http://tun.fi/JX.61590,,,,CC_BY_4_0,,Timo Heiskala,,,2026-09-09T03:54:42.524Z,StillImage,
3441178016,2bc4c2db-1dfa-419c-93ce-6602c5ae8c99,http://tun.fi/JX.65995#9,Fungi,Basidiomycota,Agaricomycetes,Boletales,Boletaceae,Boletus,Boletus edulis,,SPECIES,Boletus edulis Bull.,Boletus edulis Bull.:Fr.,,FI,"Orimattila, Honkamäki",Päijät-Häme,PRESENT,3,04fd2e13-6881-4e5c-9dd1-8fdd9ab993c1,60.837747,25.792714,1000.0,,,,,,2018-08-25T00:00Z,25,8,2018,MCH9,MCH9,HUMAN_OBSERVATION,,HR.2129,http://tun.fi/JX.65995,,,,CC_BY_4_0,,Rosa Yliaho,,,2026-09-09T03:54:45.761Z,StillImage;StillImage;StillImage,
3441173219,2bc4c2db-1dfa-419c-93ce-6602c5ae8c99,http://tun.fi/JX.61869#30,Fungi,Basidiomycota,Agaricomycetes,Boletales,Boletaceae,Boletus,Boletus edulis,,SPECIES,Boletus edulis Bull.,Boletus edulis Bull.:Fr.,,FI,"Särkijärvi W, rantalehto",Pohjois-Karjala,PRESENT,5,04fd2e13-6881-4e5c-9dd1-8fdd9ab993c1,62.645279,29.289092,100.0,,,,,,2018-08-26T00:00Z,26,8,2018,MCH9,MCH9,MACHINE_OBSERVATION,,HR.2129,http://tun.fi/JX.61869,,,,CC_BY_4_0,,Paula Thitz;Sampo Tiensuu,,,2026-09-09T03:54:40.816Z,StillImage,
3441150683,2bc4c2db-1dfa-419c-93ce-6602c5ae8c99,http://tun.fi/JX.87771#6,Fungi,Basidiomycota,Agaricomycetes,Boletales,Boletaceae,Boletus,Boletus edulis,,SPECIES,Boletus edulis Bull.,Boletus edulis Bull.:Fr.,,FI,Keinukallio koukkusuo,Uusimaa,PRESENT,2,04fd2e13-6881-4e5c-9dd1-8fdd9ab993c1,60.374383,25.14508,1.0,,,,,,2018-08-27T00:00Z,27,8,2018,MCH9,MCH9,MACHINE_OBSERVATION,,HR.2129,http://tun.fi/JX.87771,,,,CC_BY_4_0,,Martti Moisander,,,2026-09-09T03:54:30.099Z,StillImage,
3441171275,2bc4c2db-1dfa-419c-93ce-6602c5ae8c99,http://tun.fi/JX.147718#3,Fungi,Basidiomycota,Agaricomycetes,Boletales,Boletaceae,Boletus,Boletus edulis,,SPECIES,Boletus edulis Bull.,Boletus edulis Bull.:Fr.,,FI,Kirvesranta,Lappi,PRESENT,1,04fd2e13-6881-4e5c-9dd1-8fdd9ab993c1,67.115611,28.313494,1.0,,,,,,2018-08-27T00:00Z,27,8,2018,MCH9,MCH9,MACHINE_OBSERVATION,,HR.2129,http://tun.fi/JX.147718,,,,CC_BY_4_0,,Terhi Joki,,,2026-09-09T03:54:40.252Z,,
3441195193,2bc4c2db-1dfa-419c-93ce-6602c5ae8c99,http://tun.fi/JX.62128#3,Fungi,Basidiomycota,Agaricomycetes,Boletales,Boletaceae,Boletus,Boletus edulis,,SPECIES,Boletus edulis Bull.,Boletus edulis Bull.:Fr.,,FI,Peltomäki,Kanta-Häme,PRESENT,8,04fd2e13-6881-4e5c-9dd1-8fdd9ab993c1,60.750351,24.843182,1000.0,,,,,,2018-08-27T00:00Z,27,8,2018,MCH9,MCH9,MACHINE_OBSERVATION,,HR.2129,http://tun.fi/JX.62128,,,,CC_BY_4_0,,Timo Heiskala,,,2026-09-09T03:54:53.277Z,StillImage;StillImage,
3441144444,2bc4c2db-1dfa-419c-93ce-6602c5ae8c99,http://tun.fi/JX.62203#2,Fungi,Basidiomycota,Agaricomycetes,Boletales,Boletaceae,Boletus,Boletus edulis,,SPECIES,Boletus edulis Bull.,Boletus edulis Bull.:Fr.,,FI,"Vantaa, Vaskivuori",Uusimaa,PRESENT,,04fd2e13-6881-4e5c-9dd1-8fdd9ab993c1,60.263025,24.863882,1.0,,,,,,2018-08-28T00:00Z,28,8,2018,MCH9,MCH9,MACHINE_OBSERVATION,,HR.2129,http://tun.fi/JX.62203,,,,CC_BY_4_0,,Allar Antson,,,2026-09-09T03:54:26.789Z,StillImage,
3441154102,2bc4c2db-1dfa-419c-93ce-6602c5ae8c99,http://tun.fi/JX.242243#2,Fungi,Basidiomycota,Agaricomycetes,Boletales,Boletaceae,Boletus,Boletus edulis,,SPECIES,Boletus edulis Bull.,Boletus edulis Bull.:Fr.,,FI,Haukivuorentie,Etelä-Savo,PRESENT,,04fd2e13-6881-4e5c-9dd1-8fdd9ab993c1,62.1783,26.9688,1.0,,,,,,2018-08-28T00:00Z,28,8,2018,MCH9,MCH9,MACHINE_OBSERVATION,,HR.2129,http://tun.fi/JX.242243,,,,CC_BY_4_0,,Laura Tarvainen,,,2026-09-09T03:54:36.515Z,StillImage;StillImage,
3441201136,2bc4c2db-1dfa-419c-93ce-6602c5ae8c99,http://tun.fi/JX.61183#13,Fungi,Basidiomycota,Agaricomycetes,Boletales,Boletaceae,Boletus,Boletus edulis,,SPECIES,Boletus edulis Bull.,Boletus edulis Bull.:Fr.,,FI,Visuvesi,Pirkanmaa,PRESENT,1,04fd2e13-6881-4e5c-9dd1-8fdd9ab993c1,62.130095,23.924056,1.0,,,,,,2018-08-28T00:00Z/2018-09-02T00:00Z,,,2018,MCH9,MCH9,MACHINE_OBSERVATION,,HR.2129,http://tun.fi/JX.61183,,,,CC_BY_4_0,,Anna-Liisa Korte,,,2026-09-09T03:54:53.304Z,StillImage,
3441132138,2bc4c2db-1dfa-419c-93ce-6602c5ae8c99,http://tun.fi/JX.739700#7,Fungi,Basidiomycota,Agaricomycetes,Boletales,Boletaceae,Boletus,Boletus edulis,,SPECIES,Boletus edulis Bull.,Boletus edulis Bull.:Fr.,,FI,"Isoniemi, Haukipudas",Pohjois-Pohjanmaa,PRESENT,10,04fd2e13-6881-4e5c-9dd1-8fdd9ab993c1,65.171817,25.230621,100.0,,,,,,2018-08-28T15:30Z/2018-08-28T17:00Z,28,8,2018,MCH9,MCH9,MACHINE_OBSERVATION,,HR.2129,http://tun.fi/JX.739700,,,,CC_BY_4_0,,Taina Romppanen,,,2026-09-09T03:54:19.965Z,StillImage,
3441142020,2bc4c2db-1dfa-419c-93ce-6602c5ae8c99,http://tun.fi/JX.62397#8,Fungi,Basidiomycota,Agaricomycetes,Boletales,Boletaceae,Boletus,Boletus edulis,,SPECIES,Boletus edulis Bull.,Boletus edulis Bull.:Fr.,,FI,Papinkari,Pohjois-Pohjanmaa,PRESENT,2,04fd2e13-6881-4e5c-9dd1-8fdd9ab993c1,64.908191,25.381755,1.0,,,,,,2018-08-29T00:00Z,29,8,2018,MCH9,MCH9,HUMAN_OBSERVATION,,HR.2129,http://tun.fi/JX.62397,,,,CC_BY_4_0,,Teppo Mutanen,,,2026-09-09T03:54:25.507Z,,
3441156121,2bc4c2db-1dfa-419c-93ce-6602c5ae8c99,http://tun.fi/JX.62807#72,Fungi,Basidiomycota,Agaricomycetes,Boletales,Boletaceae,Boletus,Boletus edulis,,SPECIES,Boletus edulis Bull.,Boletus edulis Bull.:Fr.,,FI,Lintuharju,Pirkanmaa,PRESENT,1,04fd2e13-6881-4e5c-9dd1-8fdd9ab993c1,61.668543,23.297813,1.0,,,,,,2018-08-29T00:00Z,29,8,2018,MCH9,MCH9,MACHINE_OBSERVATION,,HR.2129,http://tun.fi/JX.62807,,,,CC_BY_4_0,,Anne-Mari Enne;Piia Lamminsivu,,,2026-09-09T03:54:32.754Z,,
3441178110,2bc4c2db-1dfa-419c-93ce-6602c5ae8c99,http://tun.fi/JX.62278#2,Fungi,Basidiomycota,Agaricomycetes,Boletales,Boletaceae,Boletus,Boletus edulis,,SPECIES,Boletus edulis Bull.,Boletus edulis Bull.:Fr.,,FI,"Tapiola, Itäranta",Uusimaa,PRESENT,4,04fd2e13-6881-4e5c-9dd1-8fdd9ab993c1,60.176257,24.824307,1.0,,,,,,2018-08-29T00:00Z,29,8,2018,MCH9,MCH9,MACHINE_OBSERVATION,,HR.2129,http://tun.fi/JX.62278,,,,CC_BY_4_0,,Arja Hokkanen,,,2026-09-09T03:54:45.805Z,StillImage,
3441199082,2bc4c2db-1dfa-419c-93ce-6602c5ae8c99,http://tun.fi/JX.62819#15,Fungi,Basidiomycota,Agaricomycetes,Boletales,Boletaceae,Boletus,Boletus edulis,,SPECIES,Boletus edulis Bull.,Boletus edulis Bull.:Fr.,,FI,Otsamotunturi,Lappi,PRESENT,10,04fd2e13-6881-4e5c-9dd1-8fdd9ab993c1,68.892245,26.842783,1000.0,,,,,,2018-08-31T00:00Z,31,8,2018,MCH9,MCH9,MACHINE_OBSERVATION,,HR.2129,http://tun.fi/JX.62819,,,,CC_BY_4_0,,Aune Pisilä,,,2026-09-09T03:54:54.928Z,StillImage,
3441154300,2bc4c2db-1dfa-419c-93ce-6602c5ae8c99,http://tun.fi/JX.140424#2,Fungi,Basidiomycota,Agaricomycetes,Boletales,Boletaceae,Boletus,Boletus edulis,,SPECIES,Boletus edulis Bull.,Boletus edulis Bull.:Fr.,,FI,Takkuranta,Pohjois-Pohjanmaa,PRESENT,1,04fd2e13-6881-4e5c-9dd1-8fdd9ab993c1,65.141841,25.422163,100.0,,,,,,2018-09-01T00:00Z,1,9,2018,MCH9,MCH9,MACHINE_OBSERVATION,,HR.2129,http://tun.fi/JX.140424,,,,CC_BY_4_0,,Alpo Huhmarniemi;Arja Huhmarniemi,,,2026-09-09T03:54:36.624Z,StillImage;StillImage,
3441179359,2bc4c2db-1dfa-419c-93ce-6602c5ae8c99,http://tun.fi/JX.63210#2,Fungi,Basidiomycota,Agaricomycetes,Boletales,Boletaceae,Boletus,Boletus edulis,,SPECIES,Boletus edulis Bull.,Boletus edulis Bull.:Fr.,,FI,"Helsinki, Meri-Rastila",Uusimaa,PRESENT,,04fd2e13-6881-4e5c-9dd1-8fdd9ab993c1,60.196556,25.107373,1.0,,,,,,2018-09-01T00:00Z,1,9,2018,MCH9,MCH9,MACHINE_OBSERVATION,,HR.2129,http://tun.fi/JX.63210,,,,CC_BY_4_0,,Allar Antson,,,2026-09-09T03:54:43.551Z,StillImage,
3441195681,2bc4c2db-1dfa-419c-93ce-6602c5ae8c99,http://tun.fi/JX.63198#2,Fungi,Basidiomycota,Agaricomycetes,Boletales,Boletaceae,Boletus,Boletus edulis,,SPECIES,Boletus edulis Bull.,Boletus edulis Bull.:Fr.,,FI,,Uusimaa,PRESENT,,04fd2e13-6881-4e5c-9dd1-8fdd9ab993c1,60.629968,23.93911,1.0,,,,,,2018-09-01T00:00Z,1,9,2018,MCH9,MCH9,HUMAN_OBSERVATION,,HR.2129,http://tun.fi/JX.63198,,,,CC_BY_4_0,,Outi Laakso,,,2026-09-09T03:54:50.784Z,StillImage,
3441202246,2bc4c2db-1dfa-419c-93ce-6602c5ae8c99,http://tun.fi/JX.251475#4,Fungi,Basidiomycota,Agaricomycetes,Boletales,Boletaceae,Boletus,Boletus edulis,,SPECIES,Boletus edulis Bull.,Boletus edulis Bull.:Fr.,,FI,"Tuohilampi, Selintie",Uusimaa,PRESENT,,04fd2e13-6881-4e5c-9dd1-8fdd9ab993c1,60.420305,24.505547,100.0,,,,,,2018-09-01T00:00Z,1,9,2018,MCH9,MCH9,MACHINE_OBSERVATION,,HR.2129,http://tun.fi/JX.251475,,,,CC_BY_4_0,,Laura Tarvainen,,,2026-09-09T03:54:53.741Z,StillImage;StillImage,
3441189125,2bc4c2db-1dfa-419c-93ce-6602c5ae8c99,http://tun.fi/JX.63403#3,Fungi,Basidiomycota,Agaricomycetes,Boletales,Boletaceae,Boletus,Boletus edulis,,SPECIES,Boletus edulis Bull.,Boletus edulis Bull.:Fr.,,FI,"Sipoo, Gillerberget",Uusimaa,PRESENT,,04fd2e13-6881-4e5c-9dd1-8fdd9ab993c1,60.346421,25.181279,1.0,,,,,,2018-09-02T00:00Z,2,9,2018,MCH9,MCH9,MACHINE_OBSERVATION,,HR.2129,http://tun.fi/JX.63403,,,,CC_BY_4_0,,Allar Antson,,,2026-09-09T03:54:48.212Z,StillImage,
3441216392,2bc4c2db-1dfa-419c-93ce-6602c5ae8c99,http://tun.fi/JX.63383#6,Fungi,Basidiomycota,Agaricomycetes,Boletales,Boletaceae,Boletus,Boletus edulis,,SPECIES,Boletus edulis Bull.,Boletus edulis Bull.:Fr.,,FI,"Sipoo, Gillerberget",Uusimaa,PRESENT,,04fd2e13-6881-4e5c-9dd1-8fdd9ab993c1,60.346532,25.194503,1.0,,,,,,2018-09-02T00:00Z,2,9,2018,MCH9,MCH9,MACHINE_OBSERVATION,,HR.2129,http://tun.fi/JX.63383,,,,CC_BY_4_0,,Allar Antson,,,2026-09-09T03:55:00.443Z,StillImage,
3441187281,2bc4c2db-1dfa-419c-93ce-6602c5ae8c99,http://tun.fi/JX.1008710#10,Fungi,Basidiomycota,Agaricomycetes,Boletales,Boletaceae,Boletus,Boletus edulis,,SPECIES,Boletus edulis Bull.,Boletus edulis Bull.:Fr.,,FI,/-veljeksen reitti / Kaanaan ls välinen alue,Uusimaa,PRESENT,,04fd2e13-6881-4e5c-9dd1-8fdd9ab993c1,60.448519,24.845024,1.0,,,,,,2018-09-03T00:00Z,3,9,2018,MCH9,MCH9,MACHINE_OBSERVATION,,HR.2129,http://tun.fi/JX.1008710,,,,CC_BY_4_0,,Martti Moisander,,,2026-09-09T03:54:47.293Z,StillImage;StillImage,
3441140035,2bc4c2db-1dfa-419c-93ce-6602c5ae8c99,http://tun.fi/JX.63757#12,Fungi,Basidiomycota,Agaricomycetes,Boletales,Boletaceae,Boletus,Boletus edulis,,SPECIES,Boletus edulis Bull.,Boletus edulis Bull.:Fr.,,FI,Lassinharju,Pohjois-Savo,PRESENT,3,04fd2e13-6881-4e5c-9dd1-8fdd9ab993c1,63.671351,27.466936,1000.0,,,,,,2018-09-03T13:00Z/2018-09-03T18:00Z,3,9,2018,MCH9,MCH9,HUMAN_OBSERVATION,,HR.2129,http://tun.fi/JX.63757,,,,CC_BY_4_0,,Pyry Veteli,,,2026-09-09T03:54:24.440Z,,
3441176182,2bc4c2db-1dfa-419c-93ce-6602c5ae8c99,http://tun.fi/JX.1047889#15,Fungi,Basidiomycota,Agaricomycetes,Boletales,Boletaceae,Boletus,Boletus edulis,,SPECIES,Boletus edulis Bull.,Boletus edulis Bull.:Fr.,,FI,Vanha Vaasa,Pohjanmaa,PRESENT,1,04fd2e13-6881-4e5c-9dd1-8fdd9ab993c1,63.0709,21.7304,1.0,,,,,,2018-09-04T00:00Z,4,9,2018,MCH9,MCH9,MACHINE_OBSERVATION,,HR.2129,http://tun.fi/JX.1047889,,,,CC_BY_4_0,,Matti Kyröläinen,,,2026-09-09T03:54:42.137Z,StillImage,
3441204807,2bc4c2db-1dfa-419c-93ce-6602c5ae8c99,http://tun.fi/JX.63930#2,Fungi,Basidiomycota,Agaricomycetes,Boletales,Boletaceae,Boletus,Boletus edulis,,SPECIES,Boletus edulis Bull.,Boletus edulis Bull.:Fr.,,FI,Espoon keskuspuisto,Uusimaa,PRESENT,1,04fd2e13-6881-4e5c-9dd1-8fdd9ab993c1,60.187636,24.683469,1.0,,,,,,2018-09-04T00:00Z,4,9,2018,MCH9,MCH9,MACHINE_OBSERVATION,,HR.2129,http://tun.fi/JX.63930,,,,CC_BY_4_0,,Mari Kajasvirta,,,2026-09-09T03:54:55.119Z,StillImage,
3441135328,2bc4c2db-1dfa-419c-93ce-6602c5ae8c99,http://tun.fi/JX.66228#2,Fungi,Basidiomycota,Agaricomycetes,Boletales,Boletaceae,Boletus,Boletus edulis,,SPECIES,Boletus edulis Bull.,Boletus edulis Bull.:Fr.,,FI,Nakkila Kivialho Juottoniemi,Satakunta,PRESENT,1,04fd2e13-6881-4e5c-9dd1-8fdd9ab993c1,61.402509,22.062919,1000.0,,,,,,2018-09-05T00:00Z,5,9,2018,MCH9,MCH9,MACHINE_OBSERVATION,,HR.2129,http://tun.fi/JX.66228,,,,CC_BY_4_0,,Tyyra Juka,,,2026-09-09T03:54:27.846Z,StillImage,
3441139863,2bc4c2db-1dfa-419c-93ce-6602c5ae8c99,http://tun.fi/JX.604365#3,Fungi,Basidiomycota,Agaricomycetes,Boletales,Boletaceae,Boletus,Boletus edulis,,SPECIES,Boletus edulis Bull.,Boletus edulis Bull.:Fr.,,FI,"Niemisjärvi, yp polku",Keski-Suomi,PRESENT,1,04fd2e13-6881-4e5c-9dd1-8fdd9ab993c1,62.319208,26.355379,1000.0,,,,,,2018-09-05T00:00Z,5,9,2018,MCH9,MCH9,MACHINE_OBSERVATION,,HR.2129,http://tun.fi/JX.604365,,,,CC_BY_4_0,,Laura Tarvainen,,,2026-09-09T03:54:24.185Z,StillImage;StillImage,
3441149018,2bc4c2db-1dfa-419c-93ce-6602c5ae8c99,http://tun.fi/JX.65006#10,Fungi,Basidiomycota,Agaricomycetes,Boletales,Boletaceae,Boletus,Boletus edulis,,SPECIES,Boletus edulis Bull.,Boletus edulis Bull.:Fr.,,FI,"Tapiola, Otsolahti, Itäranta",Uusimaa,PRESENT,4,04fd2e13-6881-4e5c-9dd1-8fdd9ab993c1,60.174582,24.822344,1.0,,,,,,2018-09-05T00:00Z,5,9,2018,MCH9,MCH9,MACHINE_OBSERVATION,,HR.2129,http://tun.fi/JX.65006,,,,CC_BY_4_0,,Arja Hokkanen,,,2026-09-09T03:54:29.296Z,StillImage;StillImage,
3441189434,2bc4c2db-1dfa-419c-93ce-6602c5ae8c99,http://tun.fi/JX.64721#8,Fungi,Basidiomycota,Agaricomycetes,Boletales,Boletaceae,Boletus,Boletus edulis,,SPECIES,Boletus edulis Bull.,Boletus edulis Bull.:Fr.,,FI,Snappertuna,Uusimaa,PRESENT,,04fd2e13-6881-4e5c-9dd1-8fdd9ab993c1,59.959276,23.737605,1000.0,,,,,,2018-09-07T00:00Z,7,9,2018,MCH9,MCH9,MACHINE_OBSERVATION,,HR.2129,http://tun.fi/JX.64721,,,,CC_BY_4_0,,Outi Palmén,,,2026-09-09T03:54:48.335Z,StillImage,
3441137941,2bc4c2db-1dfa-419c-93ce-6602c5ae8c99,http://tun.fi/JX.65043#2,Fungi,Basidiomycota,Agaricomycetes,Boletales,Boletaceae,Boletus,Boletus edulis,,SPECIES,Boletus edulis Bull.,Boletus edulis Bull.:Fr.,,EE,Tagamõisa,"Saare maakond, Saare County",PRESENT,,04fd2e13-6881-4e5c-9dd1-8fdd9ab993c1,58.461403,21.999924,1.0,,,,,,2018-09-08T00:00Z,8,9,2018,MCH9,MCH9,MACHINE_OBSERVATION,,HR.2129,http://tun.fi/JX.65043,,,,CC_BY_4_0,,Allar Antson,,,2026-09-09T03:54:23.066Z,StillImage,
3441141646,2bc4c2db-1dfa-419c-93ce-6602c5ae8c99,http://tun.fi/JX.65527#13,Fungi,Basidiomycota,Agaricomycetes,Boletales,Boletaceae,Boletus,Boletus edulis,,SPECIES,Boletus edulis Bull.,Boletus edulis Bull.:Fr.,,EE,Nedrema,"Pärnu maakond, Pärnu County",PRESENT,,04fd2e13-6881-4e5c-9dd1-8fdd9ab993c1,58.537544,24.072583,1.0,,,,,,2018-09-10T00:00Z,10,9,2018,MCH9,MCH9,MACHINE_OBSERVATION,,HR.2129,http://tun.fi/JX.65527,,,,CC_BY_4_0,,Allar Antson,,,2026-09-09T03:54:25.267Z,StillImage,
3441187653,2bc4c2db-1dfa-419c-93ce-6602c5ae8c99,http://tun.fi/JX.69860#2,Fungi,Basidiomycota,Agaricomycetes,Boletales,Boletaceae,Boletus,Boletus edulis,,SPECIES,Boletus edulis Bull.,Boletus edulis Bull.:Fr.,,FI,"Lohva, Murronneva",Pohjois-Pohjanmaa,PRESENT,,04fd2e13-6881-4e5c-9dd1-8fdd9ab993c1,63.80335,26.07635,1.0,,,,,,2018-09-10T00:00Z,10,9,2018,MCH9,MCH9,MACHINE_OBSERVATION,,HR.2129,http://tun.fi/JX.69860,,,,CC_BY_4_0,,Seppo Huhmarniemi,,,2026-09-09T03:54:47.446Z,StillImage,
3441192590,2bc4c2db-1dfa-419c-93ce-6602c5ae8c99,http://tun.fi/JX.69819#2,Fungi,Basidiomycota,Agaricomycetes,Boletales,Boletaceae,Boletus,Boletus edulis,,SPECIES,Boletus edulis Bull.,Boletus edulis Bull.:Fr.,,FI,Lohva,Pohjois-Pohjanmaa,PRESENT,,04fd2e13-6881-4e5c-9dd1-8fdd9ab993c1,63.78375,26.07055,1.0,,,,,,2018-09-10T00:00Z,10,9,2018,MCH9,MCH9,MACHINE_OBSERVATION,,HR.2129,http://tun.fi/JX.69819,,,,CC_BY_4_0,,Seppo Huhmarniemi,,,2026-09-09T03:54:49.551Z,StillImage;StillImage,
3441197123,2bc4c2db-1dfa-419c-93ce-6602c5ae8c99,http://tun.fi/JX.65497#7,Fungi,Basidiomycota,Agaricomycetes,Boletales,Boletaceae,Boletus,Boletus edulis,,SPECIES,Boletus edulis Bull.,Boletus edulis Bull.:Fr.,,FI,"Haukipudas, Virpiniemi",Pohjois-Pohjanmaa,PRESENT,2,04fd2e13-6881-4e5c-9dd1-8fdd9ab993c1,65.135531,25.290507,1.0,,,,,,2018-09-10T00:00Z,10,9,2018,MCH9,MCH9,HUMAN_OBSERVATION,,HR.2129,http://tun.fi/JX.65497,,,,CC_BY_4_0,,Teppo Mutanen,,,2026-09-09T03:54:51.443Z,,
3441169228,2bc4c2db-1dfa-419c-93ce-6602c5ae8c99,http://tun.fi/JX.66406#2,Fungi,Basidiomycota,Agaricomycetes,Boletales,Boletaceae,Boletus,Boletus edulis,,SPECIES,Boletus edulis Bull.,Boletus edulis Bull.:Fr.,,FI,Erkylä,Kanta-Häme,PRESENT,,04fd2e13-6881-4e5c-9dd1-8fdd9ab993c1,60.670231,24.914988,1.0,,,,,,2018-09-11T00:00Z/2018-09-13T00:00Z,,9,2018,MCH9,MCH9,HUMAN_OBSERVATION,,HR.2129,http://tun.fi/JX.66406,,,,CC_BY_4_0,,Kirsi Jokinen,,,2026-09-09T03:54:42.660Z,,
3441208045,2bc4c2db-1dfa-419c-93ce-6602c5ae8c99,http://tun.fi/JX.66037#5,Fungi,Basidiomycota,Agaricomycetes,Boletales,Boletaceae,Boletus,Boletus edulis,,SPECIES,Boletus edulis Bull.,Boletus edulis Bull.:Fr.,,EE,Kaleste,"Hiiu maakond, Hiiu County",PRESENT,,04fd2e13-6881-4e5c-9dd1-8fdd9ab993c1,58.911591,22.145807,1.0,,,,,,2018-09-12T00:00Z,12,9,2018,MCH9,MCH9,MACHINE_OBSERVATION,,HR.2129,http://tun.fi/JX.66037,,,,CC_BY_4_0,,Allar Antson,,,2026-09-09T03:54:56.817Z,StillImage,
3441132601,2bc4c2db-1dfa-419c-93ce-6602c5ae8c99,http://tun.fi/JX.157961#11,Fungi,Basidiomycota,Agaricomycetes,Boletales,Boletaceae,Boletus,Boletus edulis,,SPECIES,Boletus edulis Bull.,Boletus edulis Bull.:Fr.,,FI,"Tapiola, Karhusaari",Uusimaa,PRESENT,1,04fd2e13-6881-4e5c-9dd1-8fdd9ab993c1,60.16805,24.826215,1000.0,,,,,,2018-09-16T00:00Z,16,9,2018,MCH9,MCH9,MACHINE_OBSERVATION,,HR.2129,http://tun.fi/JX.157961,,,,CC_BY_4_0,,Arja Hokkanen,,,2026-09-09T03:54:20.224Z,StillImage;StillImage,
3441143949,2bc4c2db-1dfa-419c-93ce-6602c5ae8c99,http://tun.fi/JX.1156071#39,Fungi,Basidiomycota,Agaricomycetes,Boletales,Boletaceae,Boletus,Boletus edulis,,SPECIES,Boletus edulis Bull.,Boletus edulis Bull.:Fr.,,FI,Pukkkila,Varsinais-Suomi,PRESENT,,04fd2e13-6881-4e5c-9dd1-8fdd9ab993c1,60.772366,22.75731,100.0,,,,,,2018-09-16T00:00Z,16,9,2018,MCH9,MCH9,MACHINE_OBSERVATION,,HR.2129,http://tun.fi/JX.1156071,,,,CC_BY_4_0,,Marika Viljanen,,,2026-09-09T03:54:31.783Z,StillImage;StillImage,
3441187058,2bc4c2db-1dfa-419c-93ce-6602c5ae8c99,http://tun.fi/JX.67718#5,Fungi,Basidiomycota,Agaricomycetes,Boletales,Boletaceae,Boletus,Boletus edulis,,SPECIES,Boletus edulis Bull.,Boletus edulis Bull.:Fr.,,FI,Sipoon koirametsä,Uusimaa,PRESENT,10,04fd2e13-6881-4e5c-9dd1-8fdd9ab993c1,60.266951,25.220695,1000.0,,,,,,2018-09-16T00:00Z,16,9,2018,MCH9,MCH9,HUMAN_OBSERVATION,,HR.2129,http://tun.fi/JX.67718,,,,CC_BY_4_0,,Janne Koskinen,,,2026-09-09T03:54:47.194Z,,
3441202653,2bc4c2db-1dfa-419c-93ce-6602c5ae8c99,http://tun.fi/JX.69225#6,Fungi,Basidiomycota,Agaricomycetes,Boletales,Boletaceae,Boletus,Boletus edulis,,SPECIES,Boletus edulis Bull.,Boletus edulis Bull.:Fr.,,FI,"Noormarkku, Näsi",Satakunta,PRESENT,7,04fd2e13-6881-4e5c-9dd1-8fdd9ab993c1,61.592361,21.900355,1.0,,,,,,2018-09-16T00:00Z,16,9,2018,MCH9,MCH9,HUMAN_OBSERVATION,,HR.2129,http://tun.fi/JX.69225,,,,CC_BY_4_0,,Jaakko Mattila,,,2026-09-09T03:54:53.918Z,,
3441213939,2bc4c2db-1dfa-419c-93ce-6602c5ae8c99,http://tun.fi/JX.67253#3,Fungi,Basidiomycota,Agaricomycetes,Boletales,Boletaceae,Boletus,Boletus edulis,,SPECIES,Boletus edulis Bull.,Boletus edulis Bull.:Fr.,,FI,Meiko,Uusimaa,PRESENT,,04fd2e13-6881-4e5c-9dd1-8fdd9ab993c1,60.140585,24.367302,1.0,,,,,,2018-09-17T00:00Z,17,9,2018,MCH9,MCH9,MACHINE_OBSERVATION,,HR.2129,http://tun.fi/JX.67253,,,,CC_BY_4_0,,Allar Antson,,,2026-09-09T03:54:58.575Z,StillImage,
3441145665,2bc4c2db-1dfa-419c-93ce-6602c5ae8c99,http://tun.fi/JX.1048694#96,Fungi,Basidiomycota,Agaricomycetes,Boletales,Boletaceae,Boletus,Boletus edulis,,SPECIES,Boletus edulis Bull.,Boletus edulis Bull.:Fr.,,FI,Hägnäsbacken,Pohjanmaa,PRESENT,,04fd2e13-6881-4e5c-9dd1-8fdd9ab993c1,63.0331,21.8304,1.0,,,,,,2018-09-19T00:00Z,19,9,2018,MCH9,MCH9,MACHINE_OBSERVATION,,HR.2129,http://tun.fi/JX.1048694,,,,CC_BY_4_0,,Matti Kyröläinen,,,2026-09-09T03:54:27.495Z,StillImage,
3441142514,2bc4c2db-1dfa-419c-93ce-6602c5ae8c99,http://tun.fi/JX.1048979#4,Fungi,Basidiomycota,Agaricomycetes,Boletales,Boletaceae,Boletus,Boletus edulis,,SPECIES,Boletus edulis Bull.,Boletus edulis Bull.:Fr.,,FI,Pappilanmäki,Pohjanmaa,PRESENT,2,04fd2e13-6881-4e5c-9dd1-8fdd9ab993c1,63.0794,21.719,1.0,,,,,,2018-09-21T00:00Z,21,9,2018,MCH9,MCH9,MACHINE_OBSERVATION,,HR.2129,http://tun.fi/JX.1048979,,,,CC_BY_4_0,,Matti Kyröläinen,,,2026-09-09T03:54:31.003Z,StillImage,
3441194301,2bc4c2db-1dfa-419c-93ce-6602c5ae8c99,http://tun.fi/JX.68404#27,Fungi,Basidiomycota,Agaricomycetes,Boletales,Boletaceae,Boletus,Boletus edulis,,SPECIES,Boletus edulis Bull.,Boletus edulis Bull.:Fr.,,FI,Surmilampi,Pohjois-Karjala,PRESENT,,04fd2e13-6881-4e5c-9dd1-8fdd9ab993c1,62.663278,29.558078,1000.0,,,,,,2018-09-22T00:00Z,22,9,2018,MCH9,MCH9,HUMAN_OBSERVATION,,HR.2129,http://tun.fi/JX.68404,,,,CC_BY_4_0,,Topi Linjama,,,2026-09-09T03:54:52.837Z,,
3441212430,2bc4c2db-1dfa-419c-93ce-6602c5ae8c99,http://tun.fi/JX.1049099#38,Fungi,Basidiomycota,Agaricomycetes,Boletales,Boletaceae,Boletus,Boletus edulis,,SPECIES,Boletus edulis Bull.,Boletus edulis Bull.:Fr.,,FI,Iskmo Ön,Pohjanmaa,PRESENT,,04fd2e13-6881-4e5c-9dd1-8fdd9ab993c1,63.2429,21.5686,1.0,,,,,,2018-09-23T00:00Z,23,9,2018,MCH9,MCH9,HUMAN_OBSERVATION,,HR.2129,http://tun.fi/JX.1049099,,,,CC_BY_4_0,,Matti Kyröläinen,,,2026-09-09T03:54:58.343Z,,
3441129385,2bc4c2db-1dfa-419c-93ce-6602c5ae8c99,http://tun.fi/JX.69213#9,Fungi,Basidiomycota,Agaricomycetes,Boletales,Boletaceae,Boletus,Boletus edulis,,SPECIES,Boletus edulis Bull.,Boletus edulis Bull.:Fr.,,FI,Isnäs,Uusimaa,PRESENT,,04fd2e13-6881-4e5c-9dd1-8fdd9ab993c1,60.386811,26.008361,1000.0,,,,,,2018-09-24T00:00Z,24,9,2018,MCH9,MCH9,HUMAN_OBSERVATION,,HR.2129,http://tun.fi/JX.69213,,,,CC_BY_4_0,,Saana Jukarainen,,,2026-09-09T03:54:25.124Z,,
3441178324,2bc4c2db-1dfa-419c-93ce-6602c5ae8c99,http://tun.fi/JX.68887#2,Fungi,Basidiomycota,Agaricomycetes,Boletales,Boletaceae,Boletus,Boletus edulis,,SPECIES,Boletus edulis Bull.,Boletus edulis Bull.:Fr.,,FI,Laakso,Uusimaa,PRESENT,,04fd2e13-6881-4e5c-9dd1-8fdd9ab993c1,60.195072,24.915433,1.0,,,,,,2018-09-24T00:00Z,24,9,2018,MCH9,MCH9,MACHINE_OBSERVATION,,HR.2129,http://tun.fi/JX.68887,,,,CC_BY_4_0,,Allar Antson,,,2026-09-09T03:54:45.911Z,StillImage,
3441134580,2bc4c2db-1dfa-419c-93ce-6602c5ae8c99,http://tun.fi/JX.69229#49,Fungi,Basidiomycota,Agaricomycetes,Boletales,Boletaceae,Boletus,Boletus edulis,,SPECIES,Boletus edulis Bull.,Boletus edulis Bull.:Fr.,,FI,Rokkalanmäki,Etelä-Savo,PRESENT,,04fd2e13-6881-4e5c-9dd1-8fdd9ab993c1,61.701605,27.282083,1.0,,,,,,2018-09-25T00:00Z,25,9,2018,MCH9,MCH9,MACHINE_OBSERVATION,,HR.2129,http://tun.fi/JX.69229,,,,CC_BY_4_0,,Matleena Pulkkinen,,,2026-09-09T03:54:21.326Z,StillImage,
3441216533,2bc4c2db-1dfa-419c-93ce-6602c5ae8c99,http://tun.fi/JX.69652#2,Fungi,Basidiomycota,Agaricomycetes,Boletales,Boletaceae,Boletus,Boletus edulis,,SPECIES,Boletus edulis Bull.,Boletus edulis Bull.:Fr.,,FI,Sandvik,Varsinais-Suomi,PRESENT,,04fd2e13-6881-4e5c-9dd1-8fdd9ab993c1,60.27652,22.148552,1000.0,,,,,,2018-09-28T00:00Z,28,9,2018,MCH9,MCH9,MACHINE_OBSERVATION,,HR.2129,http://tun.fi/JX.69652,,,,CC_BY_4_0,,Maritta Laukkanen,,,2026-09-09T03:55:00.592Z,StillImage;StillImage;StillImage,
3441157172,2bc4c2db-1dfa-419c-93ce-6602c5ae8c99,http://tun.fi/JX.1050750#44,Fungi,Basidiomycota,Agaricomycetes,Boletales,Boletaceae,Boletus,Boletus edulis,,SPECIES,Boletus edulis Bull.,Boletus edulis Bull.:Fr.,,FI,"Tupavuori, Vanto",Varsinais-Suomi,PRESENT,,04fd2e13-6881-4e5c-9dd1-8fdd9ab993c1,60.459097,22.084766,10.0,,,,,,2018-09-30T00:00Z,30,9,2018,MCH9,MCH9,MACHINE_OBSERVATION,,HR.2129,http://tun.fi/JX.1050750,,,,CC_BY_4_0,,Marika Viljanen,,,2026-09-09T03:54:37.803Z,StillImage,
3441213119,2bc4c2db-1dfa-419c-93ce-6602c5ae8c99,http://tun.fi/JX.75052#11,Fungi,Basidiomycota,Agaricomycetes,Boletales,Boletaceae,Boletus,Boletus edulis,,SPECIES,Boletus edulis Bull.,Boletus edulis Bull.:Fr.,,FI,"Lemlax, Qvidja, Emböleskogen",Varsinais-Suomi,PRESENT,1,04fd2e13-6881-4e5c-9dd1-8fdd9ab993c1,60.297601,22.388159,100.0,,,,,,2018-10-02T00:00Z,2,10,2018,MCH9,MCH9,MACHINE_OBSERVATION,,HR.2129,http://tun.fi/JX.75052,,,,CC_BY_4_0,,Jukka Vauras,,,2026-09-09T03:54:58.891Z,StillImage,
3441176174,2bc4c2db-1dfa-419c-93ce-6602c5ae8c99,http://tun.fi/JX.72576#13,Fungi,Basidiomycota,Agaricomycetes,Boletales,Boletaceae,Boletus,Boletus edulis,,SPECIES,Boletus edulis Bull.,Boletus edulis Bull.:Fr.,,FI,Haukanniemi,Keski-Suomi,PRESENT,1,04fd2e13-6881-4e5c-9dd1-8fdd9ab993c1,62.258148,25.707455,1.0,,,,,,2018-10-06T13:00Z/2018-10-06T15:00Z,6,10,2018,MCH9,MCH9,MACHINE_OBSERVATION,,HR.2129,http://tun.fi/JX.72576,,,,CC_BY_4_0,,Panu Mäkinen,,,2026-09-09T03:54:42.134Z,StillImage;StillImage;StillImage;StillImage,
3441160012,2bc4c2db-1dfa-419c-93ce-6602c5ae8c99,http://tun.fi/JX.71995#4,Fungi,Basidiomycota,Agaricomycetes,Boletales,Boletaceae,Boletus,Boletus edulis,,SPECIES,Boletus edulis Bull.,Boletus edulis Bull.:Fr.,,FI,"Mälikkälä, Kuninkoja",Varsinais-Suomi,PRESENT,1,04fd2e13-6881-4e5c-9dd1-8fdd9ab993c1,60.484091,22.224598,1000.0,,,,,,2018-10-07T00:00Z,7,10,2018,MCH9,MCH9,HUMAN_OBSERVATION,,HR.2129,http://tun.fi/JX.71995,,,,CC_BY_4_0,,Matti Aaltonen,,,2026-09-09T03:54:39.116Z,,
3441194124,2bc4c2db-1dfa-419c-93ce-6602c5ae8c99,http://tun.fi/JX.71767#20,Fungi,Basidiomycota,Agaricomycetes,Boletales,Boletaceae,Boletus,Boletus edulis,,SPECIES,Boletus edulis Bull.,Boletus edulis Bull.:Fr.,,FI,Suosalo,Pohjois-Savo,PRESENT,1,04fd2e13-6881-4e5c-9dd1-8fdd9ab993c1,62.558233,26.622069,100.0,,,,,,2018-10-07T00:00Z,7,10,2018,MCH9,MCH9,HUMAN_OBSERVATION,,HR.2129,http://tun.fi/JX.71767,,,,CC_BY_4_0,,Erna Suutari,,,2026-09-09T03:54:52.776Z,StillImage;StillImage,
3441146045,2bc4c2db-1dfa-419c-93ce-6602c5ae8c99,http://tun.fi/JX.73016#62,Fungi,Basidiomycota,Agaricomycetes,Boletales,Boletaceae,Boletus,Boletus edulis,,SPECIES,Boletus edulis Bull.,Boletus edulis Bull.:Fr.,,FI,Runosmäki,Varsinais-Suomi,PRESENT,1,04fd2e13-6881-4e5c-9dd1-8fdd9ab993c1,60.492915,22.252828,1000.0,,,,,,2018-10-10T00:00Z,10,10,2018,MCH9,MCH9,HUMAN_OBSERVATION,,HR.2129,http://tun.fi/JX.73016,,,,CC_BY_4_0,,Matti Aaltonen,,,2026-09-09T03:54:27.569Z,,
3441136040,2bc4c2db-1dfa-419c-93ce-6602c5ae8c99,http://tun.fi/JX.73035#24,Fungi,Basidiomycota,Agaricomycetes,Boletales,Boletaceae,Boletus,Boletus edulis,,SPECIES,Boletus edulis Bull.,Boletus edulis Bull.:Fr.,,FI,Öby,Uusimaa,PRESENT,5,04fd2e13-6881-4e5c-9dd1-8fdd9ab993c1,59.909601,23.204578,1.0,,,,,,2018-10-13T00:00Z,13,10,2018,MCH9,MCH9,MACHINE_OBSERVATION,,HR.2129,http://tun.fi/JX.73035,,,,CC_BY_4_0,,Mari Kajasvirta,,,2026-09-09T03:54:22.095Z,StillImage,
3441171407,2bc4c2db-1dfa-419c-93ce-6602c5ae8c99,http://tun.fi/JX.1014398#4,Fungi,Basidiomycota,Agaricomycetes,Boletales,Boletaceae,Boletus,Boletus edulis,,SPECIES,Boletus edulis Bull.,Boletus edulis Bull.:Fr.,,FI,"Oulunsalo, Nenännokka",Pohjois-Pohjanmaa,PRESENT,1,04fd2e13-6881-4e5c-9dd1-8fdd9ab993c1,64.972678,25.2037,1.0,,,,,,2019-07-10T00:00Z,10,7,2019,MCH9,MCH9,MACHINE_OBSERVATION,,HR.2129,http://tun.fi/JX.1014398,,,,CC_BY_4_0,,Esa Borén,,,2026-09-09T03:54:40.343Z,,
3441135915,2bc4c2db-1dfa-419c-93ce-6602c5ae8c99,http://tun.fi/JX.1014944#4,Fungi,Basidiomycota,Agaricomycetes,Boletales,Boletaceae,Boletus,Boletus edulis,,SPECIES,Boletus edulis Bull.,Boletus edulis Bull.:Fr.,,FI,Hältingträsk,Uusimaa,PRESENT,,04fd2e13-6881-4e5c-9dd1-8fdd9ab993c1,60.276541,25.22026,1.0,,,,,,2019-07-13T00:00Z,13,7,2019,MCH9,MCH9,MACHINE_OBSERVATION,,HR.2129,http://tun.fi/JX.1014944,,,,CC_BY_4_0,,Allar Antson,,,2026-09-09T03:54:28.166Z,StillImage,
3441168219,2bc4c2db-1dfa-419c-93ce-6602c5ae8c99,http://tun.fi/JX.1016498#13,Fungi,Basidiomycota,Agaricomycetes,Boletales,Boletaceae,Boletus,Boletus edulis,,SPECIES,Boletus edulis Bull.,Boletus edulis Bull.:Fr.,,FI,Pullola,Varsinais-Suomi,PRESENT,2,04fd2e13-6881-4e5c-9dd1-8fdd9ab993c1,60.335727,23.208726,1.0,,,,,,2019-07-17T00:00Z,17,7,2019,MCH9,MCH9,MACHINE_OBSERVATION,,HR.2129,http://tun.fi/JX.1016498,,,,CC_BY_4_0,,Tarja Siuvatti,,,2026-09-09T03:54:42.333Z,,
3441150946,2bc4c2db-1dfa-419c-93ce-6602c5ae8c99,http://tun.fi/JX.1016943#4,Fungi,Basidiomycota,Agaricomycetes,Boletales,Boletaceae,Boletus,Boletus edulis,,SPECIES,Boletus edulis Bull.,Boletus edulis Bull.:Fr.,,FI,Honkiniemi,Etelä-Pohjanmaa,PRESENT,,04fd2e13-6881-4e5c-9dd1-8fdd9ab993c1,62.655824,24.060259,1.0,,,,,,2019-07-18T00:00Z,18,7,2019,MCH9,MCH9,MACHINE_OBSERVATION,,HR.2129,http://tun.fi/JX.1016943,,,,CC_BY_4_0,,Mikko Veräjänkorva,,,2026-09-09T03:54:30.250Z,StillImage,
3441173484,2bc4c2db-1dfa-419c-93ce-6602c5ae8c99,http://tun.fi/JX.1054803#3,Fungi,Basidiomycota,Agaricomycetes,Boletales,Boletaceae,Boletus,Boletus edulis,,SPECIES,Boletus edulis Bull.,Boletus edulis Bull.:Fr.,,FI,"Hajala, Myllytyry",Varsinais-Suomi,PRESENT,,04fd2e13-6881-4e5c-9dd1-8fdd9ab993c1,60.424448,22.894528,1.0,,,,,,2019-07-18T00:00Z,18,7,2019,MCH9,MCH9,MACHINE_OBSERVATION,,HR.2129,http://tun.fi/JX.1054803,,,,CC_BY_4_0,,Jarkko Korhonen,,,2026-09-09T03:54:41.125Z,,
3441192115,2bc4c2db-1dfa-419c-93ce-6602c5ae8c99,http://tun.fi/JX.1016301#4,Fungi,Basidiomycota,Agaricomycetes,Boletales,Boletaceae,Boletus,Boletus edulis,,SPECIES,Boletus edulis Bull.,Boletus edulis Bull.:Fr.,,FI,,Etelä-Pohjanmaa,PRESENT,,04fd2e13-6881-4e5c-9dd1-8fdd9ab993c1,62.958411,22.966387,1.0,,,,,,2019-07-19T00:00Z,19,7,2019,MCH9,MCH9,HUMAN_OBSERVATION,,HR.2129,http://tun.fi/JX.1016301,,,,CC_BY_4_0,,Outi Laakso,,,2026-09-09T03:54:49.269Z,StillImage,
3441215333,2bc4c2db-1dfa-419c-93ce-6602c5ae8c99,http://tun.fi/JX.1055577#16,Fungi,Basidiomycota,Agaricomycetes,Boletales,Boletaceae,Boletus,Boletus edulis,,SPECIES,Boletus edulis Bull.,Boletus edulis Bull.:Fr.,,FI,,Keski-Suomi,PRESENT,,04fd2e13-6881-4e5c-9dd1-8fdd9ab993c1,62.318391,26.349421,100.0,,,,,,2019-07-20T00:00Z,20,7,2019,MCH9,MCH9,MACHINE_OBSERVATION,,HR.2129,http://tun.fi/JX.1055577,,,,CC_BY_4_0,,Laura Tarvainen,,,2026-09-09T03:54:59.217Z,StillImage,
3441138949,2bc4c2db-1dfa-419c-93ce-6602c5ae8c99,http://tun.fi/JX.1017356#4,Fungi,Basidiomycota,Agaricomycetes,Boletales,Boletaceae,Boletus,Boletus edulis,,SPECIES,Boletus edulis Bull.,Boletus edulis Bull.:Fr.,,FI,"Nivankylä, Vesalanperä",Lappi,PRESENT,1,04fd2e13-6881-4e5c-9dd1-8fdd9ab993c1,66.58311,25.65976,1.0,,,,,,2019-07-23T00:00Z,23,7,2019,MCH9,MCH9,MACHINE_OBSERVATION,,HR.2129,http://tun.fi/JX.1017356,,,,CC_BY_4_0,,Seppo Huhmarniemi,,,2026-09-09T03:54:23.653Z,StillImage;StillImage,
3441150301,2bc4c2db-1dfa-419c-93ce-6602c5ae8c99,http://tun.fi/JX.1021164#4,Fungi,Basidiomycota,Agaricomycetes,Boletales,Boletaceae,Boletus,Boletus edulis,,SPECIES,Boletus edulis Bull.,Boletus edulis Bull.:Fr.,,FI,TESTI 2,Uusimaa,PRESENT,,04fd2e13-6881-4e5c-9dd1-8fdd9ab993c1,60.189941,25.137066,1.0,,,,,,2019-08-13T00:00Z,13,8,2019,MCH9,MCH9,HUMAN_OBSERVATION,,HR.2129,http://tun.fi/JX.1021164,,,,CC_BY_4_0,,Mikko Heikkinen,,,2026-09-09T03:54:34.542Z,,
3441180068,2bc4c2db-1dfa-419c-93ce-6602c5ae8c99,http://tun.fi/JX.1041143#13,Fungi,Basidiomycota,Agaricomycetes,Boletales,Boletaceae,Boletus,Boletus edulis,,SPECIES,Boletus edulis Bull.,Boletus edulis Bull.:Fr.,,FI,Kalevankangas,Etelä-Savo,PRESENT,4,04fd2e13-6881-4e5c-9dd1-8fdd9ab993c1,61.708167,27.245279,1000.0,,,,,,2019-08-24T00:00Z,24,8,2019,MCH9,MCH9,MACHINE_OBSERVATION,,HR.2129,http://tun.fi/JX.1041143,,,,CC_BY_4_0,,Päivi Saikkonen,,,2026-09-09T03:54:46.577Z,StillImage,
3441195544,2bc4c2db-1dfa-419c-93ce-6602c5ae8c99,http://tun.fi/JX.1202626#7,Fungi,Basidiomycota,Agaricomycetes,Boletales,Boletaceae,Boletus,Boletus edulis,,SPECIES,Boletus edulis Bull.,Boletus edulis Bull.:Fr.,,FI,"Virtasalmi, Tikkalanmäki",Etelä-Savo,PRESENT,,04fd2e13-6881-4e5c-9dd1-8fdd9ab993c1,62.144003,27.51476,1000.0,,,,,,2019-08-24T00:00Z,24,8,2019,MCH9,MCH9,MACHINE_OBSERVATION,,HR.2129,http://tun.fi/JX.1202626,,,,CC_BY_4_0,,Henri Koskinen,,,2026-09-09T03:54:50.757Z,,
3441160595,2bc4c2db-1dfa-419c-93ce-6602c5ae8c99,http://tun.fi/JX.1024375#79,Fungi,Basidiomycota,Agaricomycetes,Boletales,Boletaceae,Boletus,Boletus edulis,,SPECIES,Boletus edulis Bull.,Boletus edulis Bull.:Fr.,,FI,"Vestra, Herukkapuron luonnonsuojelualue",Uusimaa,PRESENT,,04fd2e13-6881-4e5c-9dd1-8fdd9ab993c1,60.325551,24.752486,1.0,,,,,,2019-08-26T00:00Z,26,8,2019,MCH9,MCH9,MACHINE_OBSERVATION,,HR.2129,http://tun.fi/JX.1024375,,,,CC_BY_4_0,,Outi Laakso;Juha K Karvonen,,,2026-09-09T03:54:34.440Z,StillImage,
3441171282,2bc4c2db-1dfa-419c-93ce-6602c5ae8c99,http://tun.fi/JX.1103201#7,Fungi,Basidiomycota,Agaricomycetes,Boletales,Boletaceae,Boletus,Boletus edulis,,SPECIES,Boletus edulis Bull.,Boletus edulis Bull.:Fr.,,FI,Salainen,Varsinais-Suomi,PRESENT,,04fd2e13-6881-4e5c-9dd1-8fdd9ab993c1,60.473268,23.085766,100.0,,,,,,2019-08-26T00:00Z,26,8,2019,MCH9,MCH9,MACHINE_OBSERVATION,,HR.2129,http://tun.fi/JX.1103201,,,,CC_BY_4_0,,Tarja Siuvatti,,,2026-09-09T03:54:40.063Z,,
3441210006,2bc4c2db-1dfa-419c-93ce-6602c5ae8c99,http://tun.fi/JX.1024321#4,Fungi,Basidiomycota,Agaricomycetes,Boletales,Boletaceae,Boletus,Boletus edulis,,SPECIES,Boletus edulis Bull.,Boletus edulis Bull.:Fr.,,FI,Härkäniementie,Etelä-Savo,PRESENT,,04fd2e13-6881-4e5c-9dd1-8fdd9ab993c1,61.696888,27.403492,1.0,,,,,,2019-08-26T00:00Z,26,8,2019,MCH9,MCH9,MACHINE_OBSERVATION,,HR.2129,http://tun.fi/JX.1024321,,,,CC_BY_4_0,,Matleena Pulkkinen,,,2026-09-09T03:54:59.119Z,StillImage;StillImage,
3441210373,2bc4c2db-1dfa-419c-93ce-6602c5ae8c99,http://tun.fi/JX.1034574#4,Fungi,Basidiomycota,Agaricomycetes,Boletales,Boletaceae,Boletus,Boletus edulis,,SPECIES,Boletus edulis Bull.,Boletus edulis Bull.:Fr.,,FI,Kirkko,Keski-Suomi,PRESENT,,04fd2e13-6881-4e5c-9dd1-8fdd9ab993c1,62.407453,24.791595,1.0,,,,,,2019-08-26T00:00Z,26,8,2019,MCH9,MCH9,MACHINE_OBSERVATION,,HR.2129,http://tun.fi/JX.1034574,,,,CC_BY_4_0,,Jukka Vauras,,,2026-09-09T03:54:59.260Z,StillImage,
3441174677,2bc4c2db-1dfa-419c-93ce-6602c5ae8c99,http://tun.fi/JX.1033542#13,Fungi,Basidiomycota,Agaricomycetes,Boletales,Boletaceae,Boletus,Boletus edulis,,SPECIES,Boletus edulis Bull.,Boletus edulis Bull.:Fr.,,FI,"Vaahersalo, Punkaharju",Etelä-Savo,PRESENT,,04fd2e13-6881-4e5c-9dd1-8fdd9ab993c1,61.755194,29.275478,1000.0,,,,,,2019-08-27T00:00Z,27,8,2019,MCH9,MCH9,MACHINE_OBSERVATION,,HR.2129,http://tun.fi/JX.1033542,,,,CC_BY_4_0,,Outi Palmén,,,2026-09-09T03:54:41.598Z,StillImage,
3441189935,2bc4c2db-1dfa-419c-93ce-6602c5ae8c99,http://tun.fi/JX.1034120#4,Fungi,Basidiomycota,Agaricomycetes,Boletales,Boletaceae,Boletus,Boletus edulis,,SPECIES,Boletus edulis Bull.,Boletus edulis Bull.:Fr.,,FI,,Pohjois-Karjala,PRESENT,4,04fd2e13-6881-4e5c-9dd1-8fdd9ab993c1,62.602962,29.753246,1.0,,,,,,2019-08-28T00:00Z,28,8,2019,MCH9,MCH9,HUMAN_OBSERVATION,,HR.2129,http://tun.fi/JX.1034120,,,,CC_BY_4_0,,Sauli Mäkinen,,,2026-09-09T03:54:48.571Z,,
3441169916,2bc4c2db-1dfa-419c-93ce-6602c5ae8c99,http://tun.fi/JX.1034017#4,Fungi,Basidiomycota,Agaricomycetes,Boletales,Boletaceae,Boletus,Boletus edulis,,SPECIES,Boletus edulis Bull.,Boletus edulis Bull.:Fr.,,DK,Hobjerg Hegn,Capital Region of Denmark,PRESENT,,04fd2e13-6881-4e5c-9dd1-8fdd9ab993c1,56.017378,12.214068,1.0,,,,,,2019-08-29T00:00Z,29,8,2019,MCH9,MCH9,MACHINE_OBSERVATION,,HR.2129,http://tun.fi/JX.1034017,,,,CC_BY_4_0,,Allar Antson,,,2026-09-09T03:54:39.395Z,StillImage,
3441191240,2bc4c2db-1dfa-419c-93ce-6602c5ae8c99,http://tun.fi/JX.1034095#10,Fungi,Basidiomycota,Agaricomycetes,Boletales,Boletaceae,Boletus,Boletus edulis,,SPECIES,Boletus edulis Bull.,Boletus edulis Bull.:Fr.,,FI,Laukansaari,Etelä-Savo,PRESENT,,04fd2e13-6881-4e5c-9dd1-8fdd9ab993c1,61.808408,29.329957,1.0,,,,,,2019-08-29T00:00Z,29,8,2019,MCH9,MCH9,HUMAN_OBSERVATION,,HR.2129,http://tun.fi/JX.1034095,,,,CC_BY_4_0,,Pyry Veteli,,,2026-09-09T03:54:49.053Z,,
3441204000,2bc4c2db-1dfa-419c-93ce-6602c5ae8c99,http://tun.fi/JX.1056509#13,Fungi,Basidiomycota,Agaricomycetes,Boletales,Boletaceae,Boletus,Boletus edulis,,SPECIES,Boletus edulis Bull.,Boletus edulis Bull.:Fr.,,FI,"Niemisjärvi, Lsv",Keski-Suomi,PRESENT,,04fd2e13-6881-4e5c-9dd1-8fdd9ab993c1,62.321305,26.348828,1000.0,,,,,,2019-08-29T00:00Z,29,8,2019,MCH9,MCH9,MACHINE_OBSERVATION,,HR.2129,http://tun.fi/JX.1056509,,,,CC_BY_4_0,,Laura Tarvainen,,,2026-09-09T03:54:54.636Z,StillImage,
3441154401,2bc4c2db-1dfa-419c-93ce-6602c5ae8c99,http://tun.fi/JX.1034157#7,Fungi,Basidiomycota,Agaricomycetes,Boletales,Boletaceae,Boletus,Boletus edulis,,SPECIES,Boletus edulis Bull.,Boletus edulis Bull.:Fr.,,FI,"Himanka, Kannuskylä",Pohjois-Pohjanmaa,PRESENT,1,04fd2e13-6881-4e5c-9dd1-8fdd9ab993c1,64.051469,23.646216,1.0,,,,,,2019-08-30T00:00Z,30,8,2019,MCH9,MCH9,MACHINE_OBSERVATION,,HR.2129,http://tun.fi/JX.1034157,,,,CC_BY_4_0,,Esa Borén,,,2026-09-09T03:54:31.874Z,StillImage,
3913109448,2bc4c2db-1dfa-419c-93ce-6602c5ae8c99,http://tun.fi/JX.1034279#4,Fungi,Basidiomycota,Agaricomycetes,Boletales,Boletaceae,Boletus,Boletus edulis,,SPECIES,Boletus edulis Bull.,Boletus edulis Bull.:Fr.,,DK,Gribskov,Capital Region of Denmark,PRESENT,,04fd2e13-6881-4e5c-9dd1-8fdd9ab993c1,56.036064,12.321636,1.0,,,,,,2019-08-30T00:00Z,30,8,2019,MCH9,MCH9,MACHINE_OBSERVATION,,HR.2129,http://tun.fi/JX.1034279,,,,CC_BY_4_0,,Allar Antson,,,2026-09-09T03:55:05.619Z,StillImage,
3441133256,2bc4c2db-1dfa-419c-93ce-6602c5ae8c99,http://tun.fi/JX.1034451#19,Fungi,Basidiomycota,Agaricomycetes,Boletales,Boletaceae,Boletus,Boletus edulis,,SPECIES,Boletus edulis Bull.,Boletus edulis Bull.:Fr.,,FI,Hanhijärvi,Pirkanmaa,PRESENT,,04fd2e13-6881-4e5c-9dd1-8fdd9ab993c1,61.609201,23.262411,1000.0,,,,,,2019-08-31T00:00Z,31,8,2019,MCH9,MCH9,MACHINE_OBSERVATION,,HR.2129,http://tun.fi/JX.1034451,,,,CC_BY_4_0,,Anne Hirvonen,,,2026-09-09T03:54:20.573Z,StillImage;StillImage,
3441136181,2bc4c2db-1dfa-419c-93ce-6602c5ae8c99,http://tun.fi/JX.1034436#4,Fungi,Basidiomycota,Agaricomycetes,Boletales,Boletaceae,Boletus,Boletus edulis,,SPECIES,Boletus edulis Bull.,Boletus edulis Bull.:Fr.,,FI,"Lohtaja, Ulko-Kraaseli",Keski-Pohjanmaa,PRESENT,1,04fd2e13-6881-4e5c-9dd1-8fdd9ab993c1,64.092905,23.503537,1000.0,,,,,,2019-08-31T00:00Z,31,8,2019,MCH9,MCH9,MACHINE_OBSERVATION,,HR.2129,http://tun.fi/JX.1034436,,,,CC_BY_4_0,,Esa Borén,,,2026-09-09T03:54:28.290Z,,
3441163706,2bc4c2db-1dfa-419c-93ce-6602c5ae8c99,http://tun.fi/JX.1034439#34,Fungi,Basidiomycota,Agaricomycetes,Boletales,Boletaceae,Boletus,Boletus edulis,,SPECIES,Boletus edulis Bull.,Boletus edulis Bull.:Fr.,,FI,Julkujärvi,Pirkanmaa,PRESENT,,04fd2e13-6881-4e5c-9dd1-8fdd9ab993c1,61.561141,23.510213,1000.0,,,,,,2019-08-31T00:00Z,31,8,2019,MCH9,MCH9,MACHINE_OBSERVATION,,HR.2129,http://tun.fi/JX.1034439,,,,CC_BY_4_0,,Anne Hirvonen,,,2026-09-09T03:54:36.428Z,StillImage;StillImage,
3441196146,2bc4c2db-1dfa-419c-93ce-6602c5ae8c99,http://tun.fi/JX.1035016#4,Fungi,Basidiomycota,Agaricomycetes,Boletales,Boletaceae,Boletus,Boletus edulis,,SPECIES,Boletus edulis Bull.,Boletus edulis Bull.:Fr.,,FI,"Lohtaja, Ulko-Kraaseli",Keski-Pohjanmaa,PRESENT,1,04fd2e13-6881-4e5c-9dd1-8fdd9ab993c1,64.092905,23.503537,1000.0,,,,,,2019-08-31T00:00Z,31,8,2019,MCH9,MCH9,MACHINE_OBSERVATION,,HR.2129,http://tun.fi/JX.1035016,,,,CC_BY_4_0,,Esa Borén,,,2026-09-09T03:54:53.757Z,StillImage,
3441207707,2bc4c2db-1dfa-419c-93ce-6602c5ae8c99,http://tun.fi/JX.1034393#31,Fungi,Basidiomycota,Agaricomycetes,Boletales,Boletaceae,Boletus,Boletus edulis,,SPECIES,Boletus edulis Bull.,Boletus edulis Bull.:Fr.,,FI,Kylmäojan ls-alue,Uusimaa,PRESENT,,04fd2e13-6881-4e5c-9dd1-8fdd9ab993c1,60.33919,25.03473,1000.0,,,,,,2019-08-31T00:00Z,31,8,2019,MCH9,MCH9,MACHINE_OBSERVATION,,HR.2129,http://tun.fi/JX.1034393,,,,CC_BY_4_0,,Mari Kajasvirta,,,2026-09-09T03:54:58.225Z,,
3441156240,2bc4c2db-1dfa-419c-93ce-6602c5ae8c99,http://tun.fi/JX.1034738#10,Fungi,Basidiomycota,Agaricomycetes,Boletales,Boletaceae,Boletus,Boletus edulis,,SPECIES,Boletus edulis Bull.,Boletus edulis Bull.:Fr.,,FI,Espoon keskuspuisto,Uusimaa,PRESENT,,04fd2e13-6881-4e5c-9dd1-8fdd9ab993c1,60.187431,24.703209,1000.0,,,,,,2019-09-01T00:00Z,1,9,2019,MCH9,MCH9,MACHINE_OBSERVATION,,HR.2129,http://tun.fi/JX.1034738,,,,CC_BY_4_0,,Mari Kajasvirta,,,2026-09-09T03:54:32.806Z,,
3441180222,2bc4c2db-1dfa-419c-93ce-6602c5ae8c99,http://tun.fi/JX.1034794#4,Fungi,Basidiomycota,Agaricomycetes,Boletales,Boletaceae,Boletus,Boletus edulis,,SPECIES,Boletus edulis Bull.,Boletus edulis Bull.:Fr.,,FI,Vennivaara,Lappi,PRESENT,1,04fd2e13-6881-4e5c-9dd1-8fdd9ab993c1,66.52998,25.56483,1.0,,,,,,2019-09-01T00:00Z,1,9,2019,MCH9,MCH9,MACHINE_OBSERVATION,,HR.2129,http://tun.fi/JX.1034794,,,,CC_BY_4_0,,Seppo Huhmarniemi,,,2026-09-09T03:54:43.849Z,StillImage;StillImage,
3441192064,2bc4c2db-1dfa-419c-93ce-6602c5ae8c99,http://tun.fi/JX.1034613#4,Fungi,Basidiomycota,Agaricomycetes,Boletales,Boletaceae,Boletus,Boletus edulis,,SPECIES,Boletus edulis Bull.,Boletus edulis Bull.:Fr.,,FI,"Humppila, Alhonkulma",Kanta-Häme,PRESENT,,04fd2e13-6881-4e5c-9dd1-8fdd9ab993c1,60.928569,23.452798,1.0,,,,,,2019-09-01T00:00Z,1,9,2019,MCH9,MCH9,MACHINE_OBSERVATION,,HR.2129,http://tun.fi/JX.1034613,,,,CC_BY_4_0,,Tuuli Laine,,,2026-09-09T03:54:49.108Z,StillImage;StillImage;StillImage;StillImage,
4524571311,2bc4c2db-1dfa-419c-93ce-6602c5ae8c99,http://tun.fi/JX.1677422#5,Fungi,Basidiomycota,Agaricomycetes,Boletales,Boletaceae,Boletus,Boletus edulis,,SPECIES,Boletus edulis Bull.,Boletus edulis Bull.:Fr.,,FI,,Pirkanmaa,PRESENT,,04fd2e13-6881-4e5c-9dd1-8fdd9ab993c1,61.661651,23.473176,1000.0,,,,,,2019-09-01T00:00Z,1,9,2019,MCH9,MCH9,MACHINE_OBSERVATION,,HR.2129,http://tun.fi/JX.1677422,,,,CC_BY_4_0,,Anne-Mari Enne;Piia Lamminsivu,,,2026-09-09T03:55:33.231Z,,
3441199700,2bc4c2db-1dfa-419c-93ce-6602c5ae8c99,http://tun.fi/JX.1035148#17,Fungi,Basidiomycota,Agaricomycetes,Boletales,Boletaceae,Boletus,Boletus edulis,,SPECIES,Boletus edulis Bull.,Boletus edulis Bull.:Fr.,,FI,Nokela,Pohjois-Pohjanmaa,PRESENT,4,04fd2e13-6881-4e5c-9dd1-8fdd9ab993c1,64.996041,25.483941,1.0,,,,,,2019-09-03T00:00Z,3,9,2019,MCH9,MCH9,MACHINE_OBSERVATION,,HR.2129,http://tun.fi/JX.1035148,,,,CC_BY_4_0,,Esa Borén,,,2026-09-09T03:54:52.695Z,StillImage,
3441158740,2bc4c2db-1dfa-419c-93ce-6602c5ae8c99,http://tun.fi/JX.1035621#4,Fungi,Basidiomycota,Agaricomycetes,Boletales,Boletaceae,Boletus,Boletus edulis,,SPECIES,Boletus edulis Bull.,Boletus edulis Bull.:Fr.,,FI,Byabäcken,Uusimaa,PRESENT,,04fd2e13-6881-4e5c-9dd1-8fdd9ab993c1,60.344817,25.215663,1.0,,,,,,2019-09-05T00:00Z,5,9,2019,MCH9,MCH9,MACHINE_OBSERVATION,,HR.2129,http://tun.fi/JX.1035621,,,,CC_BY_4_0,,Allar Antson,,,2026-09-09T03:54:33.823Z,StillImage,
3441208009,2bc4c2db-1dfa-419c-93ce-6602c5ae8c99,http://tun.fi/JX.1037298#10,Fungi,Basidiomycota,Agaricomycetes,Boletales,Boletaceae,Boletus,Boletus edulis,,SPECIES,Boletus edulis Bull.,Boletus edulis Bull.:Fr.,,FI,Keravanjärvi,Uusimaa,PRESENT,10,04fd2e13-6881-4e5c-9dd1-8fdd9ab993c1,60.625864,25.095259,1.0,,,,,,2019-09-06T00:00Z,6,9,2019,MCH9,MCH9,MACHINE_OBSERVATION,,HR.2129,http://tun.fi/JX.1037298,,,,CC_BY_4_0,,Anna-Mari Korpela,,,2026-09-09T03:54:58.322Z,StillImage,
3441209936,2bc4c2db-1dfa-419c-93ce-6602c5ae8c99,http://tun.fi/JX.1035797#4,Fungi,Basidiomycota,Agaricomycetes,Boletales,Boletaceae,Boletus,Boletus edulis,,SPECIES,Boletus edulis Bull.,Boletus edulis Bull.:Fr.,,FI,Karjasilta,Pohjois-Pohjanmaa,PRESENT,3,04fd2e13-6881-4e5c-9dd1-8fdd9ab993c1,65.000138,25.498815,1.0,,,,,,2019-09-06T00:00Z,6,9,2019,MCH9,MCH9,MACHINE_OBSERVATION,,HR.2129,http://tun.fi/JX.1035797,,,,CC_BY_4_0,,Esa Borén,,,2026-09-09T03:54:57.273Z,StillImage,
3441210626,2bc4c2db-1dfa-419c-93ce-6602c5ae8c99,http://tun.fi/JX.1036069#37,Fungi,Basidiomycota,Agaricomycetes,Boletales,Boletaceae,Boletus,Boletus edulis,,SPECIES,Boletus edulis Bull.,Boletus edulis Bull.:Fr.,,FI,Parkumäki,Pirkanmaa,PRESENT,,04fd2e13-6881-4e5c-9dd1-8fdd9ab993c1,61.64787,23.170945,1000.0,,,,,,2019-09-06T00:00Z,6,9,2019,MCH9,MCH9,MACHINE_OBSERVATION,,HR.2129,http://tun.fi/JX.1036069,,,,CC_BY_4_0,,Anne Hirvonen,,,2026-09-09T03:54:57.199Z,StillImage,
3441127983,2bc4c2db-1dfa-419c-93ce-6602c5ae8c99,http://tun.fi/JX.1037030#4,Fungi,Basidiomycota,Agaricomycetes,Boletales,Boletaceae,Boletus,Boletus edulis,,SPECIES,Boletus edulis Bull.,Boletus edulis Bull.:Fr.,,FI,Vattaja,Keski-Pohjanmaa,PRESENT,10,04fd2e13-6881-4e5c-9dd1-8fdd9ab993c1,64.026345,23.394466,100.0,,,,,,2019-09-09T07:30Z/2019-09-09T09:30Z,9,9,2019,MCH9,MCH9,HUMAN_OBSERVATION,,HR.2129,http://tun.fi/JX.1037030,,,,CC_BY_4_0,,Arja Nissilä,,,2026-09-09T03:54:16.757Z,,
3441166677,2bc4c2db-1dfa-419c-93ce-6602c5ae8c99,http://tun.fi/JX.1047083#4,Fungi,Basidiomycota,Agaricomycetes,Boletales,Boletaceae,Boletus,Boletus edulis,,SPECIES,Boletus edulis Bull.,Boletus edulis Bull.:Fr.,,FI,Lohva,Pohjois-Pohjanmaa,PRESENT,,04fd2e13-6881-4e5c-9dd1-8fdd9ab993c1,63.77873,26.06583,1.0,,,,,,2019-09-10T00:00Z,10,9,2019,MCH9,MCH9,MACHINE_OBSERVATION,,HR.2129,http://tun.fi/JX.1047083,,,,CC_BY_4_0,,Seppo Huhmarniemi,,,2026-09-09T03:54:37.876Z,StillImage;StillImage,
3441140022,2bc4c2db-1dfa-419c-93ce-6602c5ae8c99,http://tun.fi/JX.1056939#4,Fungi,Basidiomycota,Agaricomycetes,Boletales,Boletaceae,Boletus,Boletus edulis,,SPECIES,Boletus edulis Bull.,Boletus edulis Bull.:Fr.,,FI,Niesijärvi,Lappi,PRESENT,2,04fd2e13-6881-4e5c-9dd1-8fdd9ab993c1,66.323086,26.294443,1.0,,,,,,2019-09-14T00:00Z,14,9,2019,MCH9,MCH9,MACHINE_OBSERVATION,,HR.2129,http://tun.fi/JX.1056939,,,,CC_BY_4_0,,Anu Rautanen,,,2026-09-09T03:54:30.013Z,StillImage,
3441212899,2bc4c2db-1dfa-419c-93ce-6602c5ae8c99,http://tun.fi/JX.1037970#25,Fungi,Basidiomycota,Agaricomycetes,Boletales,Boletaceae,Boletus,Boletus edulis,,SPECIES,Boletus edulis Bull.,Boletus edulis Bull.:Fr.,,FI,Karhunahas,Keski-Suomi,PRESENT,10,04fd2e13-6881-4e5c-9dd1-8fdd9ab993c1,62.420229,25.081331,1000.0,,,,,,2019-09-14T00:00Z,14,9,2019,MCH9,MCH9,MACHINE_OBSERVATION,,HR.2129,http://tun.fi/JX.1037970,,,,CC_BY_4_0,,Kaisa Tervonen,,,2026-09-09T03:54:58.604Z,StillImage;StillImage,
6115766405,2bc4c2db-1dfa-419c-93ce-6602c5ae8c99,http://tun.fi/JX.2388923#32,Fungi,Basidiomycota,Agaricomycetes,Boletales,Boletaceae,Boletus,Boletus edulis,,SPECIES,Boletus edulis Bull.,Boletus edulis Bull.:Fr.,,FI,Neulaniemi,Pohjois-Savo,PRESENT,,04fd2e13-6881-4e5c-9dd1-8fdd9ab993c1,62.904,27.602,1.0,,,,,,2019-09-14T00:00Z,14,9,2019,MCH9,MCH9,MACHINE_OBSERVATION,,HR.2129,http://tun.fi/JX.2388923,,,,CC_BY_4_0,,Anne-Mari Enne;Piia Lamminsivu,,,2026-09-09T03:56:04.566Z,,
3441180567,2bc4c2db-1dfa-419c-93ce-6602c5ae8c99,http://tun.fi/JX.1037780#4,Fungi,Basidiomycota,Agaricomycetes,Boletales,Boletaceae,Boletus,Boletus edulis,,SPECIES,Boletus edulis Bull.,Boletus edulis Bull.:Fr.,,FI,Pullinpuoli,Lappi,PRESENT,1,04fd2e13-6881-4e5c-9dd1-8fdd9ab993c1,66.497343,25.750578,1000.0,,,,,,2019-09-15T00:00Z,15,9,2019,MCH9,MCH9,MACHINE_OBSERVATION,,HR.2129,http://tun.fi/JX.1037780,,,,CC_BY_4_0,,Seija Korpinen,,,2026-09-09T03:54:46.800Z,StillImage,
3441144879,2bc4c2db-1dfa-419c-93ce-6602c5ae8c99,http://tun.fi/JX.1038357#4,Fungi,Basidiomycota,Agaricomycetes,Boletales,Boletaceae,Boletus,Boletus edulis,,SPECIES,Boletus edulis Bull.,Boletus edulis Bull.:Fr.,,FI,"Loimaa, Metsämaa",Varsinais-Suomi,PRESENT,,04fd2e13-6881-4e5c-9dd1-8fdd9ab993c1,60.908973,23.144672,1.0,,,,,,2019-09-17T00:00Z,17,9,2019,MCH9,MCH9,MACHINE_OBSERVATION,,HR.2129,http://tun.fi/JX.1038357,,,,CC_BY_4_0,,Tuuli Laine,,,2026-09-09T03:54:26.948Z,StillImage;StillImage,
3441152908,2bc4c2db-1dfa-419c-93ce-6602c5ae8c99,http://tun.fi/JX.1197026#7,Fungi,Basidiomycota,Agaricomycetes,Boletales,Boletaceae,Boletus,Boletus edulis,,SPECIES,Boletus edulis Bull.,Boletus edulis Bull.:Fr.,,FI,Sipoo,Uusimaa,PRESENT,,04fd2e13-6881-4e5c-9dd1-8fdd9ab993c1,60.281734,25.165658,1000.0,,,,,,2019-09-19T00:00Z,19,9,2019,MCH9,MCH9,HUMAN_OBSERVATION,,HR.2129,http://tun.fi/JX.1197026,,,,CC_BY_4_0,,Visa Lipponen,,,2026-09-09T03:54:31.248Z,,
3441145589,2bc4c2db-1dfa-419c-93ce-6602c5ae8c99,http://tun.fi/JX.1039002#37,Fungi,Basidiomycota,Agaricomycetes,Boletales,Boletaceae,Boletus,Boletus edulis,,SPECIES,Boletus edulis Bull.,Boletus edulis Bull.:Fr.,,FI,Pitkämönranta,Etelä-Pohjanmaa,PRESENT,3,04fd2e13-6881-4e5c-9dd1-8fdd9ab993c1,62.591539,22.414624,1000.0,,,,,,2019-09-20T00:00Z,20,9,2019,MCH9,MCH9,MACHINE_OBSERVATION,,HR.2129,http://tun.fi/JX.1039002,,,,CC_BY_4_0,,A. Kujala,,,2026-09-09T03:54:27.459Z,StillImage;StillImage,
3441136736,2bc4c2db-1dfa-419c-93ce-6602c5ae8c99,http://tun.fi/JX.1039138#4,Fungi,Basidiomycota,Agaricomycetes,Boletales,Boletaceae,Boletus,Boletus edulis,,SPECIES,Boletus edulis Bull.,Boletus edulis Bull.:Fr.,,FI,,Etelä-Pohjanmaa,PRESENT,,04fd2e13-6881-4e5c-9dd1-8fdd9ab993c1,62.725722,22.205179,1.0,,,,,,2019-09-21T00:00Z,21,9,2019,MCH9,MCH9,HUMAN_OBSERVATION,,HR.2129,http://tun.fi/JX.1039138,,,,CC_BY_4_0,,Marja Ehrstedt,,,2026-09-09T03:54:22.548Z,StillImage,
3441197793,2bc4c2db-1dfa-419c-93ce-6602c5ae8c99,http://tun.fi/JX.1039219#34,Fungi,Basidiomycota,Agaricomycetes,Boletales,Boletaceae,Boletus,Boletus edulis,,SPECIES,Boletus edulis Bull.,Boletus edulis Bull.:Fr.,,FI,Pitkämönranta,Etelä-Pohjanmaa,PRESENT,4,04fd2e13-6881-4e5c-9dd1-8fdd9ab993c1,62.589887,22.414661,1000.0,,,,,,2019-09-21T00:00Z,21,9,2019,MCH9,MCH9,MACHINE_OBSERVATION,,HR.2129,http://tun.fi/JX.1039219,,,,CC_BY_4_0,,A. Kujala,,,2026-09-09T03:54:51.763Z,StillImage;StillImage;StillImage;StillImage,
3441210244,2bc4c2db-1dfa-419c-93ce-6602c5ae8c99,http://tun.fi/JX.1041289#55,Fungi,Basidiomycota,Agaricomycetes,Boletales,Boletaceae,Boletus,Boletus edulis,,SPECIES,Boletus edulis Bull.,Boletus edulis Bull.:Fr.,,FI,Kasavuori,Uusimaa,PRESENT,,04fd2e13-6881-4e5c-9dd1-8fdd9ab993c1,60.212966,24.682636,1000.0,,,,,,2019-09-21T00:00Z/2019-10-02T00:00Z,,,2019,MCH9,MCH9,MACHINE_OBSERVATION,,HR.2129,http://tun.fi/JX.1041289,,,,CC_BY_4_0,,Mari Kajasvirta,,,2026-09-09T03:54:57.731Z,,
3441154903,2bc4c2db-1dfa-419c-93ce-6602c5ae8c99,http://tun.fi/JX.1039588#4,Fungi,Basidiomycota,Agaricomycetes,Boletales,Boletaceae,Boletus,Boletus edulis,,SPECIES,Boletus edulis Bull.,Boletus edulis Bull.:Fr.,,FI,Box,Uusimaa,PRESENT,,04fd2e13-6881-4e5c-9dd1-8fdd9ab993c1,60.316985,25.42825,1.0,,,,,,2019-09-22T00:00Z,22,9,2019,MCH9,MCH9,MACHINE_OBSERVATION,,HR.2129,http://tun.fi/JX.1039588,,,,CC_BY_4_0,,Allar Antson,,,2026-09-09T03:54:32.212Z,StillImage,
3441193813,2bc4c2db-1dfa-419c-93ce-6602c5ae8c99,http://tun.fi/JX.1043699#16,Fungi,Basidiomycota,Agaricomycetes,Boletales,Boletaceae,Boletus,Boletus edulis,,SPECIES,Boletus edulis Bull.,Boletus edulis Bull.:Fr.,,FI,Visaharju,Etelä-Pohjanmaa,PRESENT,1,04fd2e13-6881-4e5c-9dd1-8fdd9ab993c1,62.7848,22.3805,1.0,,,,,,2019-09-22T00:00Z,22,9,2019,MCH9,MCH9,MACHINE_OBSERVATION,,HR.2129,http://tun.fi/JX.1043699,,,,CC_BY_4_0,,Matti Kyröläinen,,,2026-09-09T03:54:52.256Z,StillImage,
3441193850,2bc4c2db-1dfa-419c-93ce-6602c5ae8c99,http://tun.fi/JX.1043699#30,Fungi,Basidiomycota,Agaricomycetes,Boletales,Boletaceae,Boletus,Boletus edulis,,SPECIES,Boletus edulis Bull.,Boletus edulis Bull.:Fr.,,FI,Visaharju,Etelä-Pohjanmaa,PRESENT,2,04fd2e13-6881-4e5c-9dd1-8fdd9ab993c1,62.7858,22.3802,1.0,,,,,,2019-09-22T00:00Z,22,9,2019,MCH9,MCH9,MACHINE_OBSERVATION,,HR.2129,http://tun.fi/JX.1043699,,,,CC_BY_4_0,,Matti Kyröläinen,,,2026-09-09T03:54:49.994Z,StillImage,
3441127076,2bc4c2db-1dfa-419c-93ce-6602c5ae8c99,http://tun.fi/JX.1039728#7,Fungi,Basidiomycota,Agaricomycetes,Boletales,Boletaceae,Boletus,Boletus edulis,,SPECIES,Boletus edulis Bull.,Boletus edulis Bull.:Fr.,,FI,"Loimaa, Pinomäki",Varsinais-Suomi,PRESENT,,04fd2e13-6881-4e5c-9dd1-8fdd9ab993c1,60.844271,23.026425,1.0,,,,,,2019-09-23T00:00Z,23,9,2019,MCH9,MCH9,MACHINE_OBSERVATION,,HR.2129,http://tun.fi/JX.1039728,,,,CC_BY_4_0,,Tuuli Laine,,,2026-09-09T03:54:16.042Z,StillImage;StillImage,
3441132275,2bc4c2db-1dfa-419c-93ce-6602c5ae8c99,http://tun.fi/JX.1039850#14,Fungi,Basidiomycota,Agaricomycetes,Boletales,Boletaceae,Boletus,Boletus edulis,,SPECIES,Boletus edulis Bull.,Boletus edulis Bull.:Fr.,,FI,Mattila,Kanta-Häme,PRESENT,1,04fd2e13-6881-4e5c-9dd1-8fdd9ab993c1,60.728013,24.740179,1.0,,,,,,2019-09-23T00:00Z,23,9,2019,MCH9,MCH9,MACHINE_OBSERVATION,,HR.2129,http://tun.fi/JX.1039850,,,,CC_BY_4_0,,Timo Heiskala,,,2026-09-09T03:54:26.331Z,StillImage,
3441161559,2bc4c2db-1dfa-419c-93ce-6602c5ae8c99,http://tun.fi/JX.1039985#49,Fungi,Basidiomycota,Agaricomycetes,Boletales,Boletaceae,Boletus,Boletus edulis,,SPECIES,Boletus edulis Bull.,Boletus edulis Bull.:Fr.,,FI,Teerilahti,Keski-Suomi,PRESENT,10,04fd2e13-6881-4e5c-9dd1-8fdd9ab993c1,62.16876,25.862195,100.0,,,,,,2019-09-23T00:00Z,23,9,2019,MCH9,MCH9,HUMAN_OBSERVATION,,HR.2129,http://tun.fi/JX.1039985,,,,CC_BY_4_0,,Erna Suutari,,,2026-09-09T03:54:35.465Z,StillImage,
3441201288,2bc4c2db-1dfa-419c-93ce-6602c5ae8c99,http://tun.fi/JX.1039759#4,Fungi,Basidiomycota,Agaricomycetes,Boletales,Boletaceae,Boletus,Boletus edulis,,SPECIES,Boletus edulis Bull.,Boletus edulis Bull.:Fr.,,FI,"Loimaa, Eteläinen kuntorata",Varsinais-Suomi,PRESENT,,04fd2e13-6881-4e5c-9dd1-8fdd9ab993c1,60.842149,23.02918,1.0,,,,,,2019-09-23T00:00Z,23,9,2019,MCH9,MCH9,MACHINE_OBSERVATION,,HR.2129,http://tun.fi/JX.1039759,,,,CC_BY_4_0,,Tuuli Laine,,,2026-09-09T03:54:55.840Z,StillImage;StillImage;StillImage,
3441159656,2bc4c2db-1dfa-419c-93ce-6602c5ae8c99,http://tun.fi/JX.1039974#4,Fungi,Basidiomycota,Agaricomycetes,Boletales,Boletaceae,Boletus,Boletus edulis,,SPECIES,Boletus edulis Bull.,Boletus edulis Bull.:Fr.,,FI,Ristiina,Etelä-Savo,PRESENT,,04fd2e13-6881-4e5c-9dd1-8fdd9ab993c1,61.486034,27.25355,1.0,,,,,,2019-09-24T00:00Z,24,9,2019,MCH9,MCH9,MACHINE_OBSERVATION,,HR.2129,http://tun.fi/JX.1039974,,,,CC_BY_4_0,,Tarja Siuvatti;Jukka Vauras;Anders Fagerholm,,,2026-09-09T03:54:34.055Z,StillImage,
3441193399,2bc4c2db-1dfa-419c-93ce-6602c5ae8c99,http://tun.fi/JX.1039929#10,Fungi,Basidiomycota,Agaricomycetes,Boletales,Boletaceae,Boletus,Boletus edulis,,SPECIES,Boletus edulis Bull.,Boletus edulis Bull.:Fr.,,FI,Kultala,Etelä-Savo,PRESENT,,04fd2e13-6881-4e5c-9dd1-8fdd9ab993c1,61.40768,27.326627,1000.0,,,,,,2019-09-24T00:00Z,24,9,2019,MCH9,MCH9,HUMAN_OBSERVATION,,HR.2129,http://tun.fi/JX.1039929,,,,CC_BY_4_0,,Outi Laakso,,,2026-09-09T03:54:49.806Z,StillImage,
3441207596,2bc4c2db-1dfa-419c-93ce-6602c5ae8c99,http://tun.fi/JX.1053270#3,Fungi,Basidiomycota,Agaricomycetes,Boletales,Boletaceae,Boletus,Boletus edulis,,SPECIES,Boletus edulis Bull.,Boletus edulis Bull.:Fr.,,FI,"Ristiina, Pitkäjärven länsipää, Järvenpää",Etelä-Savo,PRESENT,,04fd2e13-6881-4e5c-9dd1-8fdd9ab993c1,61.40699,27.32814,1.0,,,,,,2019-09-24T00:00Z,24,9,2019,MCH9,MCH9,MACHINE_OBSERVATION,,HR.2129,http://tun.fi/JX.1053270,,,,CC_BY_4_0,,Jarkko Korhonen,,,2026-09-09T03:54:55.797Z,,
3441170993,2bc4c2db-1dfa-419c-93ce-6602c5ae8c99,http://tun.fi/JX.1043409#28,Fungi,Basidiomycota,Agaricomycetes,Boletales,Boletaceae,Boletus,Boletus edulis,,SPECIES,Boletus edulis Bull.,Boletus edulis Bull.:Fr.,,FI,"Santala , Keisarinpankki",Satakunta,PRESENT,,04fd2e13-6881-4e5c-9dd1-8fdd9ab993c1,61.565664,21.5307,100.0,,,,,,2019-09-27T00:00Z,27,9,2019,MCH9,MCH9,MACHINE_OBSERVATION,,HR.2129,http://tun.fi/JX.1043409,,,,CC_BY_4_0,,Timo Heiskala,,,2026-09-09T03:54:43.347Z,StillImage,
3441179063,2bc4c2db-1dfa-419c-93ce-6602c5ae8c99,http://tun.fi/JX.1040546#114,Fungi,Basidiomycota,Agaricomycetes,Boletales,Boletaceae,Boletus,Boletus edulis,,SPECIES,Boletus edulis Bull.,Boletus edulis Bull.:Fr.,,FI,"Sieniatlasleiri, Yyteri, parkkipaikan puoli.",Satakunta,PRESENT,,04fd2e13-6881-4e5c-9dd1-8fdd9ab993c1,61.565664,21.52961,100.0,,,,,,2019-09-27T00:00Z,27,9,2019,MCH9,MCH9,MACHINE_OBSERVATION,,HR.2129,http://tun.fi/JX.1040546,,,,CC_BY_4_0,,Laura Tarvainen,,,2026-09-09T03:54:43.451Z,StillImage;StillImage,
3441179542,2bc4c2db-1dfa-419c-93ce-6602c5ae8c99,http://tun.fi/JX.1101119#28,Fungi,Basidiomycota,Agaricomycetes,Boletales,Boletaceae,Boletus,Boletus edulis,,SPECIES,Boletus edulis Bull.,Boletus edulis Bull.:Fr.,,FI,Herrainpäivät,Satakunta,PRESENT,1,04fd2e13-6881-4e5c-9dd1-8fdd9ab993c1,61.569158,21.490893,1.0,,,,,,2019-09-27T00:00Z,27,9,2019,MCH9,MCH9,MACHINE_OBSERVATION,,HR.2129,http://tun.fi/JX.1101119,,,,CC_BY_4_0,,Saara Salmela,,,2026-09-09T03:54:43.624Z,StillImage,
3441189396,2bc4c2db-1dfa-419c-93ce-6602c5ae8c99,http://tun.fi/JX.1040799#100,Fungi,Basidiomycota,Agaricomycetes,Boletales,Boletaceae,Boletus,Boletus edulis,,SPECIES,Boletus edulis Bull.,Boletus edulis Bull.:Fr.,,FI,Kivini,Satakunta,PRESENT,,04fd2e13-6881-4e5c-9dd1-8fdd9ab993c1,61.551097,21.69528,1.0,,,,,,2019-09-28T00:00Z,28,9,2019,MCH9,MCH9,MACHINE_OBSERVATION,,HR.2129,http://tun.fi/JX.1040799,,,,CC_BY_4_0,,Matleena Pulkkinen,,,2026-09-09T03:54:50.267Z,StillImage,
3441166924,2bc4c2db-1dfa-419c-93ce-6602c5ae8c99,http://tun.fi/JX.1053505#3,Fungi,Basidiomycota,Agaricomycetes,Boletales,Boletaceae,Boletus,Boletus edulis,,SPECIES,Boletus edulis Bull.,Boletus edulis Bull.:Fr.,,FI,"Hajala, pururata",Varsinais-Suomi,PRESENT,,04fd2e13-6881-4e5c-9dd1-8fdd9ab993c1,60.412128,22.91144,1.0,,,,,,2019-09-29T00:00Z,29,9,2019,MCH9,MCH9,MACHINE_OBSERVATION,,HR.2129,http://tun.fi/JX.1053505,,,,CC_BY_4_0,,Jarkko Korhonen,,,2026-09-09T03:54:41.847Z,,
3441199776,2bc4c2db-1dfa-419c-93ce-6602c5ae8c99,http://tun.fi/JX.1042212#127,Fungi,Basidiomycota,Agaricomycetes,Boletales,Boletaceae,Boletus,Boletus edulis,,SPECIES,Boletus edulis Bull.,Boletus edulis Bull.:Fr.,,FI,Jollas,Uusimaa,PRESENT,,04fd2e13-6881-4e5c-9dd1-8fdd9ab993c1,60.159634,25.082903,1.0,,,,,,2019-10-05T00:00Z,5,10,2019,MCH9,MCH9,MACHINE_OBSERVATION,,HR.2129,http://tun.fi/JX.1042212,,,,CC_BY_4_0,,Outi Laakso;Juha K Karvonen,,,2026-09-09T03:54:55.239Z,StillImage,
3441150477,2bc4c2db-1dfa-419c-93ce-6602c5ae8c99,http://tun.fi/JX.1043139#16,Fungi,Basidiomycota,Agaricomycetes,Boletales,Boletaceae,Boletus,Boletus edulis,,SPECIES,Boletus edulis Bull.,Boletus edulis Bull.:Fr.,,FI,Jääskelä,Keski-Suomi,PRESENT,1,04fd2e13-6881-4e5c-9dd1-8fdd9ab993c1,62.186281,25.878745,1.0,,,,,,2019-10-09T12:00Z/2019-10-09T15:00Z,9,10,2019,MCH9,MCH9,MACHINE_OBSERVATION,,HR.2129,http://tun.fi/JX.1043139,,,,CC_BY_4_0,,Panu Mäkinen,,,2026-09-09T03:54:30.005Z,StillImage;StillImage,
3441148106,2bc4c2db-1dfa-419c-93ce-6602c5ae8c99,http://tun.fi/JX.1043061#55,Fungi,Basidiomycota,Agaricomycetes,Boletales,Boletaceae,Boletus,Boletus edulis,,SPECIES,Boletus edulis Bull.,Boletus edulis Bull.:Fr.,,FI,Haapakoskelon metsä,Päijät-Häme,PRESENT,,04fd2e13-6881-4e5c-9dd1-8fdd9ab993c1,61.42379,25.705909,1.0,,,,,,2019-10-10T00:00Z,10,10,2019,MCH9,MCH9,MACHINE_OBSERVATION,,HR.2129,http://tun.fi/JX.1043061,,,,CC_BY_4_0,,Janne Koskinen,,,2026-09-09T03:54:28.772Z,StillImage,
3441146896,2bc4c2db-1dfa-419c-93ce-6602c5ae8c99,http://tun.fi/JX.1043482#10,Fungi,Basidiomycota,Agaricomycetes,Boletales,Boletaceae,Boletus,Boletus edulis,,SPECIES,Boletus edulis Bull.,Boletus edulis Bull.:Fr.,,FI,Sarvivuori,Keski-Suomi,PRESENT,1,04fd2e13-6881-4e5c-9dd1-8fdd9ab993c1,62.187711,25.730131,1000.0,,,,,,2019-10-11T00:00Z,11,10,2019,MCH9,MCH9,HUMAN_OBSERVATION,,HR.2129,http://tun.fi/JX.1043482,,,,CC_BY_4_0,,Tuuli Mäkinen,,,2026-09-09T03:54:28.111Z,,
3441172869,2bc4c2db-1dfa-419c-93ce-6602c5ae8c99,http://tun.fi/JX.1043190#22,Fungi,Basidiomycota,Agaricomycetes,Boletales,Boletaceae,Boletus,Boletus edulis,,SPECIES,Boletus edulis Bull.,Boletus edulis Bull.:Fr.,,FI,Päijätsalo,Päijät-Häme,PRESENT,,04fd2e13-6881-4e5c-9dd1-8fdd9ab993c1,61.483359,25.586778,100.0,,,,,,2019-10-11T00:00Z,11,10,2019,MCH9,MCH9,HUMAN_OBSERVATION,,HR.2129,http://tun.fi/JX.1043190,,,,CC_BY_4_0,,Janne Koskinen,,,2026-09-09T03:54:40.674Z,StillImage,
3441172662,2bc4c2db-1dfa-419c-93ce-6602c5ae8c99,http://tun.fi/JX.1137591#28,Fungi,Basidiomycota,Agaricomycetes,Boletales,Boletaceae,Boletus,Boletus edulis,,SPECIES,Boletus edulis Bull.,Boletus edulis Bull.:Fr.,,FI,Suurolan saari,Etelä-Savo,PRESENT,1,04fd2e13-6881-4e5c-9dd1-8fdd9ab993c1,61.958902,26.676664,1000.0,,,,,,2020-07-09T00:00Z,9,7,2020,MCH9,MCH9,MACHINE_OBSERVATION,,HR.2129,http://tun.fi/JX.1137591,,,,CC_BY_4_0,,Päivi Saikkonen,,,2026-09-09T03:54:40.855Z,StillImage,
3441170339,2bc4c2db-1dfa-419c-93ce-6602c5ae8c99,http://tun.fi/JX.1142206#123,Fungi,Basidiomycota,Agaricomycetes,Boletales,Boletaceae,Boletus,Boletus edulis,,SPECIES,Boletus edulis Bull.,Boletus edulis Bull.:Fr.,,FI,,Pirkanmaa,PRESENT,,04fd2e13-6881-4e5c-9dd1-8fdd9ab993c1,61.462,23.811,1.0,,,,,,2020-07-11T00:00Z/2020-08-12T00:00Z,,,2020,MCH9,MCH9,MACHINE_OBSERVATION,,HR.2129,http://tun.fi/JX.1142206,,,,CC_BY_4_0,,Piia Lamminsivu;Anne-Mari Enne,,,2026-09-09T03:54:39.675Z,,
3441178594,2bc4c2db-1dfa-419c-93ce-6602c5ae8c99,http://tun.fi/JX.1200367#75,Fungi,Basidiomycota,Agaricomycetes,Boletales,Boletaceae,Boletus,Boletus edulis,,SPECIES,Boletus edulis Bull.,Boletus edulis Bull.:Fr.,,FI,"Vuoriaho, metsä.",Keski-Suomi,PRESENT,,04fd2e13-6881-4e5c-9dd1-8fdd9ab993c1,62.318695,26.35392,1.0,,,,,,2020-07-12T00:00Z,12,7,2020,MCH9,MCH9,MACHINE_OBSERVATION,,HR.2129,http://tun.fi/JX.1200367,,,,CC_BY_4_0,,Laura Tarvainen,,,2026-09-09T03:54:43.171Z,StillImage;StillImage,
3441170794,2bc4c2db-1dfa-419c-93ce-6602c5ae8c99,http://tun.fi/JX.1139550#4,Fungi,Basidiomycota,Agaricomycetes,Boletales,Boletaceae,Boletus,Boletus edulis,,SPECIES,Boletus edulis Bull.,Boletus edulis Bull.:Fr.,,FI,Mustassaari,Päijät-Häme,PRESENT,1,04fd2e13-6881-4e5c-9dd1-8fdd9ab993c1,61.232029,25.635304,1.0,,,,,,2020-07-14T00:00Z,14,7,2020,MCH9,MCH9,MACHINE_OBSERVATION,,HR.2129,http://tun.fi/JX.1139550,,,,CC_BY_4_0,,Petri Roponen,,,2026-09-09T03:54:39.987Z,StillImage;StillImage,
5000542349,2bc4c2db-1dfa-419c-93ce-6602c5ae8c99,http://tun.fi/JX.1791463#21,Fungi,Basidiomycota,Agaricomycetes,Boletales,Boletaceae,Boletus,Boletus edulis,,SPECIES,Boletus edulis Bull.,Boletus edulis Bull.:Fr.,,FI,Lavajärvi,Pirkanmaa,PRESENT,,04fd2e13-6881-4e5c-9dd1-8fdd9ab993c1,61.662724,23.469452,1000.0,,,,,,2020-07-15T00:00Z,15,7,2020,MCH9,MCH9,MACHINE_OBSERVATION,,HR.2129,http://tun.fi/JX.1791463,,,,CC_BY_4_0,,Anne-Mari Enne;Piia Lamminsivu,,,2026-09-09T03:55:46.367Z,,
3441139855,2bc4c2db-1dfa-419c-93ce-6602c5ae8c99,http://tun.fi/JX.1143093#3,Fungi,Basidiomycota,Agaricomycetes,Boletales,Boletaceae,Boletus,Boletus edulis,,SPECIES,Boletus edulis Bull.,Boletus edulis Bull.:Fr.,,FI,Aunela,Uusimaa,PRESENT,,04fd2e13-6881-4e5c-9dd1-8fdd9ab993c1,60.383055,25.68346,1.0,,,,,,2020-07-17T00:00Z,17,7,2020,MCH9,MCH9,MACHINE_OBSERVATION,,HR.2129,http://tun.fi/JX.1143093,,,,CC_BY_4_0,,Juuso Äikäs,,,2026-09-09T03:54:24.325Z,,
3441185994,2bc4c2db-1dfa-419c-93ce-6602c5ae8c99,http://tun.fi/JX.1110352#67,Fungi,Basidiomycota,Agaricomycetes,Boletales,Boletaceae,Boletus,Boletus edulis,,SPECIES,Boletus edulis Bull.,Boletus edulis Bull.:Fr.,,FI,"Vantaa, Suonummi",Kanta-Häme,PRESENT,1,04fd2e13-6881-4e5c-9dd1-8fdd9ab993c1,60.723129,24.848901,1.0,,,,,,2020-07-17T00:00Z,17,7,2020,MCH9,MCH9,MACHINE_OBSERVATION,,HR.2129,http://tun.fi/JX.1110352,,,,CC_BY_4_0,,Hanna Tuovila,,,2026-09-09T03:54:46.683Z,,
3441199348,2bc4c2db-1dfa-419c-93ce-6602c5ae8c99,http://tun.fi/JX.1140414#4,Fungi,Basidiomycota,Agaricomycetes,Boletales,Boletaceae,Boletus,Boletus edulis,,SPECIES,Boletus edulis Bull.,Boletus edulis Bull.:Fr.,,FI,Uutela,Uusimaa,PRESENT,,04fd2e13-6881-4e5c-9dd1-8fdd9ab993c1,60.206698,25.172193,1.0,,,,,,2020-07-17T00:00Z,17,7,2020,MCH9,MCH9,MACHINE_OBSERVATION,,HR.2129,http://tun.fi/JX.1140414,,,,CC_BY_4_0,,Allar Antson,,,2026-09-09T03:54:52.548Z,StillImage,
3441154912,2bc4c2db-1dfa-419c-93ce-6602c5ae8c99,http://tun.fi/JX.1140773#4,Fungi,Basidiomycota,Agaricomycetes,Boletales,Boletaceae,Boletus,Boletus edulis,,SPECIES,Boletus edulis Bull.,Boletus edulis Bull.:Fr.,,FI,,Etelä-Pohjanmaa,PRESENT,,04fd2e13-6881-4e5c-9dd1-8fdd9ab993c1,63.138304,23.139927,1.0,,,,,,2020-07-18T00:00Z,18,7,2020,MCH9,MCH9,MACHINE_OBSERVATION,,HR.2129,http://tun.fi/JX.1140773,,,,CC_BY_4_0,,Outi Laakso,,,2026-09-09T03:54:32.216Z,StillImage,
3441155100,2bc4c2db-1dfa-419c-93ce-6602c5ae8c99,http://tun.fi/JX.1141659#4,Fungi,Basidiomycota,Agaricomycetes,Boletales,Boletaceae,Boletus,Boletus edulis,,SPECIES,Boletus edulis Bull.,Boletus edulis Bull.:Fr.,,FI,Niemisjärvi,Keski-Suomi,PRESENT,,04fd2e13-6881-4e5c-9dd1-8fdd9ab993c1,62.318533,26.347698,100.0,,,,,,2020-07-18T00:00Z,18,7,2020,MCH9,MCH9,MACHINE_OBSERVATION,,HR.2129,http://tun.fi/JX.1141659,,,,CC_BY_4_0,,Laura Tarvainen,,,2026-09-09T03:54:32.193Z,StillImage;StillImage,
3441156317,2bc4c2db-1dfa-419c-93ce-6602c5ae8c99,http://tun.fi/JX.1142009#4,Fungi,Basidiomycota,Agaricomycetes,Boletales,Boletaceae,Boletus,Boletus edulis,,SPECIES,Boletus edulis Bull.,Boletus edulis Bull.:Fr.,,FI,Lukkarinnurmi,Kainuu,PRESENT,,04fd2e13-6881-4e5c-9dd1-8fdd9ab993c1,64.260042,27.645938,1000.0,,,,,,2020-07-19T00:00Z,19,7,2020,MCH9,MCH9,MACHINE_OBSERVATION,,HR.2129,http://tun.fi/JX.1142009,,,,CC_BY_4_0,,Tuuli Mäkinen,,,2026-09-09T03:54:32.833Z,StillImage;StillImage,
3441159435,2bc4c2db-1dfa-419c-93ce-6602c5ae8c99,http://tun.fi/JX.1145558#25,Fungi,Basidiomycota,Agaricomycetes,Boletales,Boletaceae,Boletus,Boletus edulis,,SPECIES,Boletus edulis Bull.,Boletus edulis Bull.:Fr.,,FI,Paloskylä,Keski-Suomi,PRESENT,,04fd2e13-6881-4e5c-9dd1-8fdd9ab993c1,62.04334,26.144583,100.0,,,,,,2020-07-20T00:00Z,20,7,2020,MCH9,MCH9,HUMAN_OBSERVATION,,HR.2129,http://tun.fi/JX.1145558,,,,CC_BY_4_0,,Erna Suutari,,,2026-09-09T03:54:34.111Z,StillImage;StillImage,
3441174212,2bc4c2db-1dfa-419c-93ce-6602c5ae8c99,http://tun.fi/JX.1205325#10,Fungi,Basidiomycota,Agaricomycetes,Boletales,Boletaceae,Boletus,Boletus edulis,,SPECIES,Boletus edulis Bull.,Boletus edulis Bull.:Fr.,,FI,"Kolistimenmäki, Kolistimensyrjä Riitamäki pohj.",Uusimaa,PRESENT,,04fd2e13-6881-4e5c-9dd1-8fdd9ab993c1,60.448374,24.980731,1.0,,,,,,2020-07-22T00:00Z,22,7,2020,MCH9,MCH9,MACHINE_OBSERVATION,,HR.2129,http://tun.fi/JX.1205325,,,,CC_BY_4_0,,Martti Moisander,,,2026-09-09T03:54:44.460Z,StillImage,
3441206222,2bc4c2db-1dfa-419c-93ce-6602c5ae8c99,http://tun.fi/JX.1145514#7,Fungi,Basidiomycota,Agaricomycetes,Boletales,Boletaceae,Boletus,Boletus edulis,,SPECIES,Boletus edulis Bull.,Boletus edulis Bull.:Fr.,,FI,Tuosa,Etelä-Karjala,PRESENT,,04fd2e13-6881-4e5c-9dd1-8fdd9ab993c1,61.098715,28.245016,1000.0,,,,,,2020-07-22T00:00Z,22,7,2020,MCH9,MCH9,MACHINE_OBSERVATION,,HR.2129,http://tun.fi/JX.1145514,,,,CC_BY_4_0,,Merja Lipponen,,,2026-09-09T03:54:55.911Z,,
3441126528,2bc4c2db-1dfa-419c-93ce-6602c5ae8c99,http://tun.fi/JX.1142545#50,Fungi,Basidiomycota,Agaricomycetes,Boletales,Boletaceae,Boletus,Boletus edulis,,SPECIES,Boletus edulis Bull.,Boletus edulis Bull.:Fr.,,FI,,Lappi,PRESENT,,04fd2e13-6881-4e5c-9dd1-8fdd9ab993c1,66.505753,25.728119,1.0,,,,,,2020-07-23T00:00Z,23,7,2020,MCH9,MCH9,HUMAN_OBSERVATION,,HR.2129,http://tun.fi/JX.1142545,,Tapi Kekki,,CC_BY_4_0,,Tapio Kekki,,,2026-09-09T03:54:23.413Z,StillImage;StillImage,
3441162957,2bc4c2db-1dfa-419c-93ce-6602c5ae8c99,http://tun.fi/JX.1142418#10,Fungi,Basidiomycota,Agaricomycetes,Boletales,Boletaceae,Boletus,Boletus edulis,,SPECIES,Boletus edulis Bull.,Boletus edulis Bull.:Fr.,,FI,,Varsinais-Suomi,PRESENT,,04fd2e13-6881-4e5c-9dd1-8fdd9ab993c1,60.507939,21.211813,1.0,,,,,,2020-07-23T00:00Z,23,7,2020,MCH9,MCH9,MACHINE_OBSERVATION,,HR.2129,http://tun.fi/JX.1142418,,,,CC_BY_4_0,,Outi Laakso;Anna-Kaisa Rehunen,,,2026-09-09T03:54:36.164Z,StillImage,
3441166700,2bc4c2db-1dfa-419c-93ce-6602c5ae8c99,http://tun.fi/JX.1142400#4,Fungi,Basidiomycota,Agaricomycetes,Boletales,Boletaceae,Boletus,Boletus edulis,,SPECIES,Boletus edulis Bull.,Boletus edulis Bull.:Fr.,,FI,Pullinpuoli,Lappi,PRESENT,2,04fd2e13-6881-4e5c-9dd1-8fdd9ab993c1,66.498156,25.745408,1.0,,,,,,2020-07-23T00:00Z,23,7,2020,MCH9,MCH9,MACHINE_OBSERVATION,,HR.2129,http://tun.fi/JX.1142400,,,,CC_BY_4_0,,Seija Korpinen,,,2026-09-09T03:54:37.943Z,StillImage;StillImage,
3441173424,2bc4c2db-1dfa-419c-93ce-6602c5ae8c99,http://tun.fi/JX.1143319#4,Fungi,Basidiomycota,Agaricomycetes,Boletales,Boletaceae,Boletus,Boletus edulis,,SPECIES,Boletus edulis Bull.,Boletus edulis Bull.:Fr.,,FI,Syöte,Pohjois-Pohjanmaa,PRESENT,,04fd2e13-6881-4e5c-9dd1-8fdd9ab993c1,65.609688,27.562641,1000.0,,,,,,2020-07-24T00:00Z,24,7,2020,MCH9,MCH9,MACHINE_OBSERVATION,,HR.2129,http://tun.fi/JX.1143319,,,,CC_BY_4_0,,Aune Pisilä,,,2026-09-09T03:54:41.101Z,StillImage,
3441152722,2bc4c2db-1dfa-419c-93ce-6602c5ae8c99,http://tun.fi/JX.1143665#4,Fungi,Basidiomycota,Agaricomycetes,Boletales,Boletaceae,Boletus,Boletus edulis,,SPECIES,Boletus edulis Bull.,Boletus edulis Bull.:Fr.,,FI,"Nivankylä, Vesalanperä",Lappi,PRESENT,,04fd2e13-6881-4e5c-9dd1-8fdd9ab993c1,66.58336,25.67406,1.0,,,,,,2020-07-25T00:00Z,25,7,2020,MCH9,MCH9,MACHINE_OBSERVATION,,HR.2129,http://tun.fi/JX.1143665,,,,CC_BY_4_0,,Seppo Huhmarniemi,,,2026-09-09T03:54:31.045Z,StillImage;StillImage,
3441180839,2bc4c2db-1dfa-419c-93ce-6602c5ae8c99,http://tun.fi/JX.1169725#43,Fungi,Basidiomycota,Agaricomycetes,Boletales,Boletaceae,Boletus,Boletus edulis,,SPECIES,Boletus edulis Bull.,Boletus edulis Bull.:Fr.,,FI,"Ala-Runkausjoki, Karusellilantto SW",Lappi,PRESENT,,04fd2e13-6881-4e5c-9dd1-8fdd9ab993c1,66.094032,25.265053,1000.0,,,,,,2020-07-25T00:00Z,25,7,2020,MCH9,MCH9,MACHINE_OBSERVATION,,HR.2129,http://tun.fi/JX.1169725,,,,CC_BY_4_0,,Tapio Kekki,,,2026-09-09T03:54:44.094Z,StillImage,
3441195014,2bc4c2db-1dfa-419c-93ce-6602c5ae8c99,http://tun.fi/JX.1143630#14,Fungi,Basidiomycota,Agaricomycetes,Boletales,Boletaceae,Boletus,Boletus edulis,,SPECIES,Boletus edulis Bull.,Boletus edulis Bull.:Fr.,,FI,"Himanka, Kannuskylä",Pohjois-Pohjanmaa,PRESENT,1,04fd2e13-6881-4e5c-9dd1-8fdd9ab993c1,64.059945,23.645192,1.0,,,,,,2020-07-25T00:00Z,25,7,2020,MCH9,MCH9,MACHINE_OBSERVATION,,HR.2129,http://tun.fi/JX.1143630,,,,CC_BY_4_0,,Esa Borén,,,2026-09-09T03:54:50.477Z,StillImage,
3441212496,2bc4c2db-1dfa-419c-93ce-6602c5ae8c99,http://tun.fi/JX.1143351#44,Fungi,Basidiomycota,Agaricomycetes,Boletales,Boletaceae,Boletus,Boletus edulis,,SPECIES,Boletus edulis Bull.,Boletus edulis Bull.:Fr.,,FI,Poikajoki,Lappi,PRESENT,1,04fd2e13-6881-4e5c-9dd1-8fdd9ab993c1,66.650062,25.773796,100.0,,,,,,2020-07-25T00:00Z,25,7,2020,MCH9,MCH9,MACHINE_OBSERVATION,,HR.2129,http://tun.fi/JX.1143351,,,,CC_BY_4_0,,Joona Saraste,,,2026-09-09T03:54:57.996Z,,
3441214057,2bc4c2db-1dfa-419c-93ce-6602c5ae8c99,http://tun.fi/JX.1143253#7,Fungi,Basidiomycota,Agaricomycetes,Boletales,Boletaceae,Boletus,Boletus edulis,,SPECIES,Boletus edulis Bull.,Boletus edulis Bull.:Fr.,,FI,"Jokioinen, Jokioisten kartano",Kanta-Häme,PRESENT,,04fd2e13-6881-4e5c-9dd1-8fdd9ab993c1,60.808046,23.482787,1.0,,,,,,2020-07-26T00:00Z,26,7,2020,MCH9,MCH9,MACHINE_OBSERVATION,,HR.2129,http://tun.fi/JX.1143253,,,,CC_BY_4_0,,Tuuli Laine,,,2026-09-09T03:54:59.094Z,StillImage,
3441210116,2bc4c2db-1dfa-419c-93ce-6602c5ae8c99,http://tun.fi/JX.1144217#25,Fungi,Basidiomycota,Agaricomycetes,Boletales,Boletaceae,Boletus,Boletus edulis,,SPECIES,Boletus edulis Bull.,Boletus edulis Bull.:Fr.,,FI,Laihue,Uusimaa,PRESENT,,04fd2e13-6881-4e5c-9dd1-8fdd9ab993c1,60.530381,24.557633,1000.0,,,,,,2020-07-27T00:00Z/2020-07-30T00:00Z,,7,2020,MCH9,MCH9,MACHINE_OBSERVATION,,HR.2129,http://tun.fi/JX.1144217,,,,CC_BY_4_0,,Mari Kajasvirta,,,2026-09-09T03:54:59.159Z,,
3441152220,2bc4c2db-1dfa-419c-93ce-6602c5ae8c99,http://tun.fi/JX.1144211#10,Fungi,Basidiomycota,Agaricomycetes,Boletales,Boletaceae,Boletus,Boletus edulis,,SPECIES,Boletus edulis Bull.,Boletus edulis Bull.:Fr.,,FI,Matkusnevankaarat,Keski-Pohjanmaa,PRESENT,1,04fd2e13-6881-4e5c-9dd1-8fdd9ab993c1,63.960818,23.537577,1000.0,,,,,,2020-07-28T00:00Z,28,7,2020,MCH9,MCH9,MACHINE_OBSERVATION,,HR.2129,http://tun.fi/JX.1144211,,,,CC_BY_4_0,,Esa Borén,,,2026-09-09T03:54:30.823Z,,
3441159588,2bc4c2db-1dfa-419c-93ce-6602c5ae8c99,http://tun.fi/JX.1143730#70,Fungi,Basidiomycota,Agaricomycetes,Boletales,Boletaceae,Boletus,Boletus edulis,,SPECIES,Boletus edulis Bull.,Boletus edulis Bull.:Fr.,,FI,Hiukkalammi,Uusimaa,PRESENT,,04fd2e13-6881-4e5c-9dd1-8fdd9ab993c1,60.524894,24.470431,1000.0,,,,,,2020-07-28T00:00Z,28,7,2020,MCH9,MCH9,MACHINE_OBSERVATION,,HR.2129,http://tun.fi/JX.1143730,,,,CC_BY_4_0,,Mari Kajasvirta,,,2026-09-09T03:54:34.040Z,,
3441144812,2bc4c2db-1dfa-419c-93ce-6602c5ae8c99,http://tun.fi/JX.1145964#22,Fungi,Basidiomycota,Agaricomycetes,Boletales,Boletaceae,Boletus,Boletus edulis,,SPECIES,Boletus edulis Bull.,Boletus edulis Bull.:Fr.,,FI,,Pohjois-Karjala,PRESENT,,04fd2e13-6881-4e5c-9dd1-8fdd9ab993c1,63.219331,29.296326,1.0,,,,,,2020-07-29T00:00Z,29,7,2020,MCH9,MCH9,MACHINE_OBSERVATION,,HR.2129,http://tun.fi/JX.1145964,,,,CC_BY_4_0,,Joona Saraste,,,2026-09-09T03:54:32.092Z,,
3441163858,2bc4c2db-1dfa-419c-93ce-6602c5ae8c99,http://tun.fi/JX.1144062#4,Fungi,Basidiomycota,Agaricomycetes,Boletales,Boletaceae,Boletus,Boletus edulis,,SPECIES,Boletus edulis Bull.,Boletus edulis Bull.:Fr.,,FI,"Loimaa, Tuulensuu",Varsinais-Suomi,PRESENT,,04fd2e13-6881-4e5c-9dd1-8fdd9ab993c1,60.845042,23.03848,1.0,,,,,,2020-07-29T00:00Z,29,7,2020,MCH9,MCH9,MACHINE_OBSERVATION,,HR.2129,http://tun.fi/JX.1144062,,,,CC_BY_4_0,,Tuuli Laine,,,2026-09-09T03:54:40.727Z,StillImage,
3441176922,2bc4c2db-1dfa-419c-93ce-6602c5ae8c99,http://tun.fi/JX.1169739#16,Fungi,Basidiomycota,Agaricomycetes,Boletales,Boletaceae,Boletus,Boletus edulis,,SPECIES,Boletus edulis Bull.,Boletus edulis Bull.:Fr.,,FI,Ounasvaara,Lappi,PRESENT,,04fd2e13-6881-4e5c-9dd1-8fdd9ab993c1,66.498131,25.779694,100.0,,,,,,2020-07-29T00:00Z,29,7,2020,MCH9,MCH9,MACHINE_OBSERVATION,,HR.2129,http://tun.fi/JX.1169739,,,,CC_BY_4_0,,Tapio Kekki,,,2026-09-09T03:54:42.912Z,StillImage;StillImage,
3441197368,2bc4c2db-1dfa-419c-93ce-6602c5ae8c99,http://tun.fi/JX.1144374#7,Fungi,Basidiomycota,Agaricomycetes,Boletales,Boletaceae,Boletus,Boletus edulis,,SPECIES,Boletus edulis Bull.,Boletus edulis Bull.:Fr.,,FI,Pullinranta,Lappi,PRESENT,1,04fd2e13-6881-4e5c-9dd1-8fdd9ab993c1,66.509916,25.767281,1.0,,,,,,2020-07-30T00:00Z,30,7,2020,MCH9,MCH9,HUMAN_OBSERVATION,,HR.2129,http://tun.fi/JX.1144374,,,,CC_BY_4_0,,Seija Korpinen,,,2026-09-09T03:54:54.251Z,StillImage;StillImage,
3441129141,2bc4c2db-1dfa-419c-93ce-6602c5ae8c99,http://tun.fi/JX.1146694#19,Fungi,Basidiomycota,Agaricomycetes,Boletales,Boletaceae,Boletus,Boletus edulis,,SPECIES,Boletus edulis Bull.,Boletus edulis Bull.:Fr.,,FI,Kasavuoren ls-alue,Uusimaa,PRESENT,,04fd2e13-6881-4e5c-9dd1-8fdd9ab993c1,60.213593,24.682613,1000.0,,,,,,2020-08-01T00:00Z,1,8,2020,MCH9,MCH9,MACHINE_OBSERVATION,,HR.2129,http://tun.fi/JX.1146694,,,,CC_BY_4_0,,Mari Kajasvirta,,,2026-09-09T03:54:17.912Z,,
3441168193,2bc4c2db-1dfa-419c-93ce-6602c5ae8c99,http://tun.fi/JX.1144691#4,Fungi,Basidiomycota,Agaricomycetes,Boletales,Boletaceae,Boletus,Boletus edulis,,SPECIES,Boletus edulis Bull.,Boletus edulis Bull.:Fr.,,FI,Mustassaari,Päijät-Häme,PRESENT,,04fd2e13-6881-4e5c-9dd1-8fdd9ab993c1,61.231412,25.635767,1.0,,,,,,2020-08-01T00:00Z,1,8,2020,MCH9,MCH9,MACHINE_OBSERVATION,,HR.2129,http://tun.fi/JX.1144691,,,,CC_BY_4_0,,Petri Roponen,,,2026-09-09T03:54:38.677Z,StillImage,
3441184316,2bc4c2db-1dfa-419c-93ce-6602c5ae8c99,http://tun.fi/JX.1145168#13,Fungi,Basidiomycota,Agaricomycetes,Boletales,Boletaceae,Boletus,Boletus edulis,,SPECIES,Boletus edulis Bull.,Boletus edulis Bull.:Fr.,,FI,Ahvenisto,Pirkanmaa,PRESENT,,04fd2e13-6881-4e5c-9dd1-8fdd9ab993c1,61.548178,23.542522,1000.0,,,,,,2020-08-02T00:00Z,2,8,2020,MCH9,MCH9,MACHINE_OBSERVATION,,HR.2129,http://tun.fi/JX.1145168,,,,CC_BY_4_0,,Anne-Mari Enne;Piia Lamminsivu,,,2026-09-09T03:54:45.806Z,StillImage;StillImage;StillImage,
3441142281,2bc4c2db-1dfa-419c-93ce-6602c5ae8c99,http://tun.fi/JX.1145386#21,Fungi,Basidiomycota,Agaricomycetes,Boletales,Boletaceae,Boletus,Boletus edulis,,SPECIES,Boletus edulis Bull.,Boletus edulis Bull.:Fr.,,FI,,Keski-Pohjanmaa,PRESENT,1,04fd2e13-6881-4e5c-9dd1-8fdd9ab993c1,64.027853,23.51366,1.0,,,,,,2020-08-03T00:00Z,3,8,2020,MCH9,MCH9,MACHINE_OBSERVATION,,HR.2129,http://tun.fi/JX.1145386,,,,CC_BY_4_0,,Esa Borén,,,2026-09-09T03:54:25.629Z,StillImage,
3441142558,2bc4c2db-1dfa-419c-93ce-6602c5ae8c99,http://tun.fi/JX.1145386#68,Fungi,Basidiomycota,Agaricomycetes,Boletales,Boletaceae,Boletus,Boletus edulis,,SPECIES,Boletus edulis Bull.,Boletus edulis Bull.:Fr.,,FI,Vattaja,Keski-Pohjanmaa,PRESENT,1,04fd2e13-6881-4e5c-9dd1-8fdd9ab993c1,64.010012,23.398313,1.0,,,,,,2020-08-03T00:00Z,3,8,2020,MCH9,MCH9,MACHINE_OBSERVATION,,HR.2129,http://tun.fi/JX.1145386,,,,CC_BY_4_0,,Esa Borén,,,2026-09-09T03:54:31.014Z,StillImage,
3441159000,2bc4c2db-1dfa-419c-93ce-6602c5ae8c99,http://tun.fi/JX.1145270#39,Fungi,Basidiomycota,Agaricomycetes,Boletales,Boletaceae,Boletus,Boletus edulis,,SPECIES,Boletus edulis Bull.,Boletus edulis Bull.:Fr.,,FI,Öby,Uusimaa,PRESENT,,04fd2e13-6881-4e5c-9dd1-8fdd9ab993c1,59.920905,23.203063,100.0,,,,,,2020-08-03T00:00Z,3,8,2020,MCH9,MCH9,MACHINE_OBSERVATION,,HR.2129,http://tun.fi/JX.1145270,,,,CC_BY_4_0,,Mari Kajasvirta,,,2026-09-09T03:54:38.623Z,,
3441159079,2bc4c2db-1dfa-419c-93ce-6602c5ae8c99,http://tun.fi/JX.1145270#81,Fungi,Basidiomycota,Agaricomycetes,Boletales,Boletaceae,Boletus,Boletus edulis,,SPECIES,Boletus edulis Bull.,Boletus edulis Bull.:Fr.,,FI,Öby,Uusimaa,PRESENT,,04fd2e13-6881-4e5c-9dd1-8fdd9ab993c1,59.910774,23.208481,1000.0,,,,,,2020-08-03T00:00Z,3,8,2020,MCH9,MCH9,MACHINE_OBSERVATION,,HR.2129,http://tun.fi/JX.1145270,,,,CC_BY_4_0,,Mari Kajasvirta,,,2026-09-09T03:54:38.641Z,,
3441139835,2bc4c2db-1dfa-419c-93ce-6602c5ae8c99,http://tun.fi/JX.1145758#25,Fungi,Basidiomycota,Agaricomycetes,Boletales,Boletaceae,Boletus,Boletus edulis,,SPECIES,Boletus edulis Bull.,Boletus edulis Bull.:Fr.,,FI,Kissankulma,Pohjois-Pohjanmaa,PRESENT,,04fd2e13-6881-4e5c-9dd1-8fdd9ab993c1,65.284369,28.367788,1000.0,,,,,,2020-08-04T00:00Z,4,8,2020,MCH9,MCH9,MACHINE_OBSERVATION,,HR.2129,http://tun.fi/JX.1145758,,,,CC_BY_4_0,,Outi Palmén,,,2026-09-09T03:54:24.308Z,StillImage,
3441174955,2bc4c2db-1dfa-419c-93ce-6602c5ae8c99,http://tun.fi/JX.1203051#7,Fungi,Basidiomycota,Agaricomycetes,Boletales,Boletaceae,Boletus,Boletus edulis,,SPECIES,Boletus edulis Bull.,Boletus edulis Bull.:Fr.,,FI,Ruusa,Keski-Suomi,PRESENT,,04fd2e13-6881-4e5c-9dd1-8fdd9ab993c1,62.318677,26.344056,1.0,,,,,,2020-08-04T00:00Z,4,8,2020,MCH9,MCH9,MACHINE_OBSERVATION,,HR.2129,http://tun.fi/JX.1203051,,,,CC_BY_4_0,,Laura Tarvainen,,,2026-09-09T03:54:41.579Z,StillImage;StillImage,
3441193690,2bc4c2db-1dfa-419c-93ce-6602c5ae8c99,http://tun.fi/JX.1145648#10,Fungi,Basidiomycota,Agaricomycetes,Boletales,Boletaceae,Boletus,Boletus edulis,,SPECIES,Boletus edulis Bull.,Boletus edulis Bull.:Fr.,,FI,Lavajärvi,Pirkanmaa,PRESENT,,04fd2e13-6881-4e5c-9dd1-8fdd9ab993c1,61.657627,23.475205,1.0,,,,,,2020-08-04T00:00Z,4,8,2020,MCH9,MCH9,MACHINE_OBSERVATION,,HR.2129,http://tun.fi/JX.1145648,,,,CC_BY_4_0,,Anne-Mari Enne;Piia Lamminsivu,,,2026-09-09T03:54:49.998Z,StillImage;StillImage,
3441169381,2bc4c2db-1dfa-419c-93ce-6602c5ae8c99,http://tun.fi/JX.1146044#10,Fungi,Basidiomycota,Agaricomycetes,Boletales,Boletaceae,Boletus,Boletus edulis,,SPECIES,Boletus edulis Bull.,Boletus edulis Bull.:Fr.,,FI,"Stensböle, Långnäsberget",Uusimaa,PRESENT,,04fd2e13-6881-4e5c-9dd1-8fdd9ab993c1,60.355639,25.723464,1.0,,,,,,2020-08-06T00:00Z,6,8,2020,MCH9,MCH9,HUMAN_OBSERVATION,,HR.2129,http://tun.fi/JX.1146044,,,,CC_BY_4_0,,Tea von Bonsdorff,,,2026-09-09T03:54:42.724Z,,
3441216656,2bc4c2db-1dfa-419c-93ce-6602c5ae8c99,http://tun.fi/JX.1148137#43,Fungi,Basidiomycota,Agaricomycetes,Boletales,Boletaceae,Boletus,Boletus edulis,,SPECIES,Boletus edulis Bull.,Boletus edulis Bull.:Fr.,,FI,Siuro,Pirkanmaa,PRESENT,,04fd2e13-6881-4e5c-9dd1-8fdd9ab993c1,61.468215,23.380359,1000.0,,,,,,2020-08-06T00:00Z,6,8,2020,MCH9,MCH9,MACHINE_OBSERVATION,,HR.2129,http://tun.fi/JX.1148137,,,,CC_BY_4_0,,Anne Hirvonen,,,2026-09-09T03:55:00.695Z,StillImage,
3441147845,2bc4c2db-1dfa-419c-93ce-6602c5ae8c99,http://tun.fi/JX.1146513#22,Fungi,Basidiomycota,Agaricomycetes,Boletales,Boletaceae,Boletus,Boletus edulis,,SPECIES,Boletus edulis Bull.,Boletus edulis Bull.:Fr.,,FI,,Etelä-Pohjanmaa,PRESENT,,04fd2e13-6881-4e5c-9dd1-8fdd9ab993c1,63.089593,23.105513,1.0,,,,,,2020-08-08T00:00Z,8,8,2020,MCH9,MCH9,MACHINE_OBSERVATION,,HR.2129,http://tun.fi/JX.1146513,,,,CC_BY_4_0,,Outi Laakso,,,2026-09-09T03:54:33.386Z,StillImage,
3441150593,2bc4c2db-1dfa-419c-93ce-6602c5ae8c99,http://tun.fi/JX.1146750#7,Fungi,Basidiomycota,Agaricomycetes,Boletales,Boletaceae,Boletus,Boletus edulis,,SPECIES,Boletus edulis Bull.,Boletus edulis Bull.:Fr.,,FI,,Keski-Pohjanmaa,PRESENT,1,04fd2e13-6881-4e5c-9dd1-8fdd9ab993c1,63.987864,23.762212,1.0,,,,,,2020-08-08T00:00Z,8,8,2020,MCH9,MCH9,MACHINE_OBSERVATION,,HR.2129,http://tun.fi/JX.1146750,,,,CC_BY_4_0,,Esa Borén,,,2026-09-09T03:54:30.059Z,StillImage,
3441213623,2bc4c2db-1dfa-419c-93ce-6602c5ae8c99,http://tun.fi/JX.1147752#4,Fungi,Basidiomycota,Agaricomycetes,Boletales,Boletaceae,Boletus,Boletus edulis,,SPECIES,Boletus edulis Bull.,Boletus edulis Bull.:Fr.,,FI,Leonsaari,Varsinais-Suomi,PRESENT,,04fd2e13-6881-4e5c-9dd1-8fdd9ab993c1,60.592031,21.387118,10.0,,,,,,2020-08-09T00:00Z,9,8,2020,MCH9,MCH9,MACHINE_OBSERVATION,,HR.2129,http://tun.fi/JX.1147752,,,,CC_BY_4_0,,Jukka Vauras,,,2026-09-09T03:54:58.908Z,StillImage,
3441127325,2bc4c2db-1dfa-419c-93ce-6602c5ae8c99,http://tun.fi/JX.1147350#4,Fungi,Basidiomycota,Agaricomycetes,Boletales,Boletaceae,Boletus,Boletus edulis,,SPECIES,Boletus edulis Bull.,Boletus edulis Bull.:Fr.,,FI,"Kerma, Ylä-Mari",Pohjois-Karjala,PRESENT,,04fd2e13-6881-4e5c-9dd1-8fdd9ab993c1,62.39392,28.78981,1.0,,,,,,2020-08-10T00:00Z,10,8,2020,MCH9,MCH9,MACHINE_OBSERVATION,,HR.2129,http://tun.fi/JX.1147350,,,,CC_BY_4_0,,Seppo Huhmarniemi,,,2026-09-09T03:54:24.058Z,StillImage;StillImage,
3441175663,2bc4c2db-1dfa-419c-93ce-6602c5ae8c99,http://tun.fi/JX.1223832#4,Fungi,Basidiomycota,Agaricomycetes,Boletales,Boletaceae,Boletus,Boletus edulis,,SPECIES,Boletus edulis Bull.,Boletus edulis Bull.:Fr.,,FI,Potoskavaara,Pohjois-Karjala,PRESENT,,04fd2e13-6881-4e5c-9dd1-8fdd9ab993c1,62.10704,30.265197,100.0,,,,,,2020-08-12T00:00Z,12,8,2020,MCH9,MCH9,MACHINE_OBSERVATION,,HR.2129,http://tun.fi/JX.1223832,,,,CC_BY_4_0,,Tupu Vuorinen,,,2026-09-09T03:54:41.945Z,,
3441196835,2bc4c2db-1dfa-419c-93ce-6602c5ae8c99,http://tun.fi/JX.1147715#10,Fungi,Basidiomycota,Agaricomycetes,Boletales,Boletaceae,Boletus,Boletus edulis,,SPECIES,Boletus edulis Bull.,Boletus edulis Bull.:Fr.,,FI,Saarisenjärvi,Kainuu,PRESENT,,04fd2e13-6881-4e5c-9dd1-8fdd9ab993c1,64.52247,27.7923,1.0,,,,,,2020-08-12T00:00Z,12,8,2020,MCH9,MCH9,MACHINE_OBSERVATION,,HR.2129,http://tun.fi/JX.1147715,,,,CC_BY_4_0,,Seppo Huhmarniemi,,,2026-09-09T03:54:51.451Z,StillImage;StillImage,
3441133814,2bc4c2db-1dfa-419c-93ce-6602c5ae8c99,http://tun.fi/JX.1147846#19,Fungi,Basidiomycota,Agaricomycetes,Boletales,Boletaceae,Boletus,Boletus edulis,,SPECIES,Boletus edulis Bull.,Boletus edulis Bull.:Fr.,,FI,Siuro,Pirkanmaa,PRESENT,,04fd2e13-6881-4e5c-9dd1-8fdd9ab993c1,61.467874,23.372975,1.0,,,,,,2020-08-13T00:00Z,13,8,2020,MCH9,MCH9,MACHINE_OBSERVATION,,HR.2129,http://tun.fi/JX.1147846,,,,CC_BY_4_0,,Anne Hirvonen,,,2026-09-09T03:54:20.891Z,StillImage;StillImage,
3441216367,2bc4c2db-1dfa-419c-93ce-6602c5ae8c99,http://tun.fi/JX.1147850#7,Fungi,Basidiomycota,Agaricomycetes,Boletales,Boletaceae,Boletus,Boletus edulis,,SPECIES,Boletus edulis Bull.,Boletus edulis Bull.:Fr.,,FI,Laajavuori,Keski-Suomi,PRESENT,3,04fd2e13-6881-4e5c-9dd1-8fdd9ab993c1,62.251751,25.691888,100.0,,,,,,2020-08-13T00:00Z,13,8,2020,MCH9,MCH9,MACHINE_OBSERVATION,,HR.2129,http://tun.fi/JX.1147850,,,,CC_BY_4_0,,Kaisa Tervonen,,,2026-09-09T03:55:00.426Z,StillImage,
5000542533,2bc4c2db-1dfa-419c-93ce-6602c5ae8c99,http://tun.fi/JX.1791374#23,Fungi,Basidiomycota,Agaricomycetes,Boletales,Boletaceae,Boletus,Boletus edulis,,SPECIES,Boletus edulis Bull.,Boletus edulis Bull.:Fr.,,FI,Julkujärvi,Pirkanmaa,PRESENT,1,04fd2e13-6881-4e5c-9dd1-8fdd9ab993c1,61.559,23.519,1.0,,,,,,2020-08-15T00:00Z,15,8,2020,MCH9,MCH9,MACHINE_OBSERVATION,,HR.2129,http://tun.fi/JX.1791374,,,,CC_BY_4_0,,Anne-Mari Enne;Piia Lamminsivu,,,2026-09-09T03:55:45.820Z,,
3441163274,2bc4c2db-1dfa-419c-93ce-6602c5ae8c99,http://tun.fi/JX.1148532#19,Fungi,Basidiomycota,Agaricomycetes,Boletales,Boletaceae,Boletus,Boletus edulis,,SPECIES,Boletus edulis Bull.,Boletus edulis Bull.:Fr.,,FI,,Uusimaa,PRESENT,,04fd2e13-6881-4e5c-9dd1-8fdd9ab993c1,60.21303,24.915299,1.0,,,,,,2020-08-16T00:00Z,16,8,2020,MCH9,MCH9,MACHINE_OBSERVATION,,HR.2129,http://tun.fi/JX.1148532,,,,CC_BY_4_0,,Outi Laakso,,,2026-09-09T03:54:36.115Z,StillImage,
3441210632,2bc4c2db-1dfa-419c-93ce-6602c5ae8c99,http://tun.fi/JX.1156722#4,Fungi,Basidiomycota,Agaricomycetes,Boletales,Boletaceae,Boletus,Boletus edulis,,SPECIES,Boletus edulis Bull.,Boletus edulis Bull.:Fr.,,FI,Vähäkyrö Saarenpää,Pohjanmaa,PRESENT,1,04fd2e13-6881-4e5c-9dd1-8fdd9ab993c1,63.073798,22.07804,1.0,,,,,,2020-08-18T00:00Z,18,8,2020,MCH9,MCH9,MACHINE_OBSERVATION,,HR.2129,http://tun.fi/JX.1156722,,,,CC_BY_4_0,,Vesa Jaaksi,,,2026-09-09T03:54:57.895Z,StillImage,
3441131008,2bc4c2db-1dfa-419c-93ce-6602c5ae8c99,http://tun.fi/JX.1149875#19,Fungi,Basidiomycota,Agaricomycetes,Boletales,Boletaceae,Boletus,Boletus edulis,,SPECIES,Boletus edulis Bull.,Boletus edulis Bull.:Fr.,,FI,Utranharju,Pohjois-Karjala,PRESENT,,04fd2e13-6881-4e5c-9dd1-8fdd9ab993c1,62.63308,29.871763,1000.0,,,,,,2020-08-19T00:00Z,19,8,2020,MCH9,MCH9,MACHINE_OBSERVATION,,HR.2129,http://tun.fi/JX.1149875,,,,CC_BY_4_0,,Anne Hirvonen,,,2026-09-09T03:54:19.100Z,StillImage;StillImage,
3441188512,2bc4c2db-1dfa-419c-93ce-6602c5ae8c99,http://tun.fi/JX.1149989#31,Fungi,Basidiomycota,Agaricomycetes,Boletales,Boletaceae,Boletus,Boletus edulis,,SPECIES,Boletus edulis Bull.,Boletus edulis Bull.:Fr.,,FI,Ukonniemi,Pohjois-Savo,PRESENT,,04fd2e13-6881-4e5c-9dd1-8fdd9ab993c1,62.478546,27.815244,1000.0,,,,,,2020-08-21T00:00Z,21,8,2020,MCH9,MCH9,MACHINE_OBSERVATION,,HR.2129,http://tun.fi/JX.1149989,,,,CC_BY_4_0,,Outi Palmén,,,2026-09-09T03:54:49.835Z,StillImage,
3441195514,2bc4c2db-1dfa-419c-93ce-6602c5ae8c99,http://tun.fi/JX.1150082#19,Fungi,Basidiomycota,Agaricomycetes,Boletales,Boletaceae,Boletus,Boletus edulis,,SPECIES,Boletus edulis Bull.,Boletus edulis Bull.:Fr.,,FI,Selkie,Pohjois-Karjala,PRESENT,,04fd2e13-6881-4e5c-9dd1-8fdd9ab993c1,62.645193,30.214441,100.0,,,,,,2020-08-21T00:00Z,21,8,2020,MCH9,MCH9,MACHINE_OBSERVATION,,HR.2129,http://tun.fi/JX.1150082,,,,CC_BY_4_0,,Anne Hirvonen,,,2026-09-09T03:54:50.699Z,StillImage,
3441215993,2bc4c2db-1dfa-419c-93ce-6602c5ae8c99,http://tun.fi/JX.1151335#7,Fungi,Basidiomycota,Agaricomycetes,Boletales,Boletaceae,Boletus,Boletus edulis,,SPECIES,Boletus edulis Bull.,Boletus edulis Bull.:Fr.,,FI,,Keski-Pohjanmaa,PRESENT,1,04fd2e13-6881-4e5c-9dd1-8fdd9ab993c1,63.836934,23.122381,1.0,,,,,,2020-08-22T00:00Z,22,8,2020,MCH9,MCH9,MACHINE_OBSERVATION,,HR.2129,http://tun.fi/JX.1151335,,,,CC_BY_4_0,,Esa Borén,,,2026-09-09T03:55:00.008Z,StillImage,
3441170835,2bc4c2db-1dfa-419c-93ce-6602c5ae8c99,http://tun.fi/JX.1153905#85,Fungi,Basidiomycota,Agaricomycetes,Boletales,Boletaceae,Boletus,Boletus edulis,,SPECIES,Boletus edulis Bull.,Boletus edulis Bull.:Fr.,,FI,Herttoniemi,Uusimaa,PRESENT,1,04fd2e13-6881-4e5c-9dd1-8fdd9ab993c1,60.201252,25.026133,1.0,,,,,,2020-09-02T00:00Z,2,9,2020,MCH9,MCH9,MACHINE_OBSERVATION,,HR.2129,http://tun.fi/JX.1153905,,,,CC_BY_4_0,,Outi Laakso;Juha K Karvonen,,,2026-09-09T03:54:39.882Z,StillImage,
3441187081,2bc4c2db-1dfa-419c-93ce-6602c5ae8c99,http://tun.fi/JX.1154577#7,Fungi,Basidiomycota,Agaricomycetes,Boletales,Boletaceae,Boletus,Boletus edulis,,SPECIES,Boletus edulis Bull.,Boletus edulis Bull.:Fr.,,FI,"Kolovesi, Nahkiaissalo",Etelä-Savo,PRESENT,1,04fd2e13-6881-4e5c-9dd1-8fdd9ab993c1,62.206497,28.942762,1.0,,,,,,2020-09-03T00:00Z,3,9,2020,MCH9,MCH9,MACHINE_OBSERVATION,,HR.2129,http://tun.fi/JX.1154577,,,,CC_BY_4_0,,Peter von Bagh,,,2026-09-09T03:54:47.054Z,StillImage;StillImage,
3441154097,2bc4c2db-1dfa-419c-93ce-6602c5ae8c99,http://tun.fi/JX.1155081#4,Fungi,Basidiomycota,Agaricomycetes,Boletales,Boletaceae,Boletus,Boletus edulis,,SPECIES,Boletus edulis Bull.,Boletus edulis Bull.:Fr.,,EE,Männikvälja,"Lääne-Viru maakond, Lääne-Viru County",PRESENT,,04fd2e13-6881-4e5c-9dd1-8fdd9ab993c1,59.280448,26.650871,1.0,,,,,,2020-09-05T00:00Z,5,9,2020,MCH9,MCH9,MACHINE_OBSERVATION,,HR.2129,http://tun.fi/JX.1155081,,,,CC_BY_4_0,,Allar Antson,,,2026-09-09T03:54:31.792Z,StillImage,
3441155058,2bc4c2db-1dfa-419c-93ce-6602c5ae8c99,http://tun.fi/JX.1178360#4,Fungi,Basidiomycota,Agaricomycetes,Boletales,Boletaceae,Boletus,Boletus edulis,,SPECIES,Boletus edulis Bull.,Boletus edulis Bull.:Fr.,,FI,Korkalovaara,Lappi,PRESENT,1,04fd2e13-6881-4e5c-9dd1-8fdd9ab993c1,66.519684,25.653323,1000.0,,,,,,2020-09-07T00:00Z,7,9,2020,MCH9,MCH9,MACHINE_OBSERVATION,,HR.2129,http://tun.fi/JX.1178360,,,,CC_BY_4_0,,Joona Saraste,,,2026-09-09T03:54:32.279Z,,
3441184004,2bc4c2db-1dfa-419c-93ce-6602c5ae8c99,http://tun.fi/JX.1155419#4,Fungi,Basidiomycota,Agaricomycetes,Boletales,Boletaceae,Boletus,Boletus edulis,,SPECIES,Boletus edulis Bull.,Boletus edulis Bull.:Fr.,,FI,,Lappi,PRESENT,,04fd2e13-6881-4e5c-9dd1-8fdd9ab993c1,68.973438,26.987822,1.0,,,,,,2020-09-07T00:00Z,7,9,2020,MCH9,MCH9,MACHINE_OBSERVATION,,HR.2129,http://tun.fi/JX.1155419,,,,CC_BY_4_0,,Petri Roponen,,,2026-09-09T03:54:48.127Z,StillImage,
3441184207,2bc4c2db-1dfa-419c-93ce-6602c5ae8c99,http://tun.fi/JX.1155475#76,Fungi,Basidiomycota,Agaricomycetes,Boletales,Boletaceae,Boletus,Boletus edulis,,SPECIES,Boletus edulis Bull.,Boletus edulis Bull.:Fr.,,FI,Kiljava,Uusimaa,PRESENT,,04fd2e13-6881-4e5c-9dd1-8fdd9ab993c1,60.506187,24.695073,1000.0,,,,,,2020-09-07T00:00Z/2020-09-10T00:00Z,,9,2020,MCH9,MCH9,MACHINE_OBSERVATION,,HR.2129,http://tun.fi/JX.1155475,,,,CC_BY_4_0,,Mari Kajasvirta,,,2026-09-09T03:54:48.190Z,,
3441202981,2bc4c2db-1dfa-419c-93ce-6602c5ae8c99,http://tun.fi/JX.1155851#34,Fungi,Basidiomycota,Agaricomycetes,Boletales,Boletaceae,Boletus,Boletus edulis,,SPECIES,Boletus edulis Bull.,Boletus edulis Bull.:Fr.,,FI,Miehikkälän kirkko,Kymenlaakso,PRESENT,,04fd2e13-6881-4e5c-9dd1-8fdd9ab993c1,60.675323,27.704758,1.0,,,,,,2020-09-09T00:00Z,9,9,2020,MCH9,MCH9,MACHINE_OBSERVATION,,HR.2129,http://tun.fi/JX.1155851,,,,CC_BY_4_0,,Hanna Tuovila;Outi Laakso,,,2026-09-09T03:54:54.076Z,,
3441134297,2bc4c2db-1dfa-419c-93ce-6602c5ae8c99,http://tun.fi/JX.1155972#58,Fungi,Basidiomycota,Agaricomycetes,Boletales,Boletaceae,Boletus,Boletus edulis,,SPECIES,Boletus edulis Bull.,Boletus edulis Bull.:Fr.,,FI,Haakelinkangas,Kymenlaakso,PRESENT,,04fd2e13-6881-4e5c-9dd1-8fdd9ab993c1,60.527833,27.56672,1.0,,,,,,2020-09-10T00:00Z,10,9,2020,MCH9,MCH9,HUMAN_OBSERVATION,,HR.2129,http://tun.fi/JX.1155972,,,,CC_BY_4_0,,Hanna Tuovila;Outi Laakso,,,2026-09-09T03:54:21.211Z,,
3441136754,2bc4c2db-1dfa-419c-93ce-6602c5ae8c99,http://tun.fi/JX.1158807#10,Fungi,Basidiomycota,Agaricomycetes,Boletales,Boletaceae,Boletus,Boletus edulis,,SPECIES,Boletus edulis Bull.,Boletus edulis Bull.:Fr.,,FI,Hirvisuo,Pohjois-Pohjanmaa,PRESENT,,04fd2e13-6881-4e5c-9dd1-8fdd9ab993c1,65.20248,26.29302,1.0,,,,,,2020-09-10T00:00Z,10,9,2020,MCH9,MCH9,MACHINE_OBSERVATION,,HR.2129,http://tun.fi/JX.1158807,,,,CC_BY_4_0,,Seppo Huhmarniemi,,,2026-09-09T03:54:22.581Z,StillImage;StillImage,
3441144616,2bc4c2db-1dfa-419c-93ce-6602c5ae8c99,http://tun.fi/JX.1156027#4,Fungi,Basidiomycota,Agaricomycetes,Boletales,Boletaceae,Boletus,Boletus edulis,,SPECIES,Boletus edulis Bull.,Boletus edulis Bull.:Fr.,,FI,Kevätkumpu,Uusimaa,PRESENT,10,04fd2e13-6881-4e5c-9dd1-8fdd9ab993c1,60.39069,25.699024,1.0,,,,,,2020-09-10T00:00Z,10,9,2020,MCH9,MCH9,MACHINE_OBSERVATION,,HR.2129,http://tun.fi/JX.1156027,,,,CC_BY_4_0,,Peter von Bagh,,,2026-09-09T03:54:26.840Z,StillImage;StillImage;StillImage,
3441156216,2bc4c2db-1dfa-419c-93ce-6602c5ae8c99,http://tun.fi/JX.1155971#13,Fungi,Basidiomycota,Agaricomycetes,Boletales,Boletaceae,Boletus,Boletus edulis,,SPECIES,Boletus edulis Bull.,Boletus edulis Bull.:Fr.,,FI,Haakelinkangas,Kymenlaakso,PRESENT,,04fd2e13-6881-4e5c-9dd1-8fdd9ab993c1,60.530228,27.569835,1.0,,,,,,2020-09-10T00:00Z,10,9,2020,MCH9,MCH9,MACHINE_OBSERVATION,,HR.2129,http://tun.fi/JX.1155971,,,,CC_BY_4_0,,Outi Laakso;Hanna Tuovila,,,2026-09-09T03:54:32.648Z,StillImage;StillImage,
3441144511,2bc4c2db-1dfa-419c-93ce-6602c5ae8c99,http://tun.fi/JX.1156264#4,Fungi,Basidiomycota,Agaricomycetes,Boletales,Boletaceae,Boletus,Boletus edulis,,SPECIES,Boletus edulis Bull.,Boletus edulis Bull.:Fr.,,FI,Uddas,Uusimaa,PRESENT,3,04fd2e13-6881-4e5c-9dd1-8fdd9ab993c1,60.3604,25.69678,1.0,,,,,,2020-09-11T00:00Z,11,9,2020,MCH9,MCH9,MACHINE_OBSERVATION,,HR.2129,http://tun.fi/JX.1156264,,,,CC_BY_4_0,,Peter von Bagh,,,2026-09-09T03:54:32.004Z,StillImage,
3441128579,2bc4c2db-1dfa-419c-93ce-6602c5ae8c99,http://tun.fi/JX.1156520#4,Fungi,Basidiomycota,Agaricomycetes,Boletales,Boletaceae,Boletus,Boletus edulis,,SPECIES,Boletus edulis Bull.,Boletus edulis Bull.:Fr.,,EE,Viidumäe,"Saare maakond, Saare County",PRESENT,,04fd2e13-6881-4e5c-9dd1-8fdd9ab993c1,58.298183,22.099029,1.0,,,,,,2020-09-12T00:00Z,12,9,2020,MCH9,MCH9,MACHINE_OBSERVATION,,HR.2129,http://tun.fi/JX.1156520,,,,CC_BY_4_0,,Allar Antson,,,2026-09-09T03:54:17.509Z,StillImage,
3441201821,2bc4c2db-1dfa-419c-93ce-6602c5ae8c99,http://tun.fi/JX.1156828#4,Fungi,Basidiomycota,Agaricomycetes,Boletales,Boletaceae,Boletus,Boletus edulis,,SPECIES,Boletus edulis Bull.,Boletus edulis Bull.:Fr.,,FI,"Ålön, Mustfinn",Varsinais-Suomi,PRESENT,1,04fd2e13-6881-4e5c-9dd1-8fdd9ab993c1,60.310666,22.11327,1000.0,,,,,,2020-09-13T00:00Z,13,9,2020,MCH9,MCH9,MACHINE_OBSERVATION,,HR.2129,http://tun.fi/JX.1156828,,,,CC_BY_4_0,,Jukka Vauras,,,2026-09-09T03:54:53.610Z,StillImage,
3441210168,2bc4c2db-1dfa-419c-93ce-6602c5ae8c99,http://tun.fi/JX.1156934#16,Fungi,Basidiomycota,Agaricomycetes,Boletales,Boletaceae,Boletus,Boletus edulis,,SPECIES,Boletus edulis Bull.,Boletus edulis Bull.:Fr.,,FI,Malmin hautausmaa,Uusimaa,PRESENT,,04fd2e13-6881-4e5c-9dd1-8fdd9ab993c1,60.233707,25.023899,1.0,,,,,,2020-09-14T00:00Z,14,9,2020,MCH9,MCH9,HUMAN_OBSERVATION,,HR.2129,http://tun.fi/JX.1156934,,,,CC_BY_4_0,,Janne Koskinen;Leo Vainio,,,2026-09-09T03:54:59.176Z,StillImage,
3441190917,2bc4c2db-1dfa-419c-93ce-6602c5ae8c99,http://tun.fi/JX.1157503#13,Fungi,Basidiomycota,Agaricomycetes,Boletales,Boletaceae,Boletus,Boletus edulis,,SPECIES,Boletus edulis Bull.,Boletus edulis Bull.:Fr.,,FI,Vanha hautausmaa,Etelä-Savo,PRESENT,,04fd2e13-6881-4e5c-9dd1-8fdd9ab993c1,61.687584,27.260399,1.0,,,,,,2020-09-15T00:00Z,15,9,2020,MCH9,MCH9,HUMAN_OBSERVATION,,HR.2129,http://tun.fi/JX.1157503,,,,CC_BY_4_0,,Matleena Pulkkinen,,,2026-09-09T03:54:48.944Z,StillImage,
3441179737,2bc4c2db-1dfa-419c-93ce-6602c5ae8c99,http://tun.fi/JX.1157450#12,Fungi,Basidiomycota,Agaricomycetes,Boletales,Boletaceae,Boletus,Boletus edulis,,SPECIES,Boletus edulis Bull.,Boletus edulis Bull.:Fr.,,FI,Kinnaslampi,Uusimaa,PRESENT,,04fd2e13-6881-4e5c-9dd1-8fdd9ab993c1,60.572943,23.964978,1000.0,,,,,,2020-09-16T00:00Z,16,9,2020,MCH9,MCH9,MACHINE_OBSERVATION,,HR.2129,http://tun.fi/JX.1157450,,,,CC_BY_4_0,,Mari Kajasvirta,,,2026-09-09T03:54:43.677Z,,
3441179801,2bc4c2db-1dfa-419c-93ce-6602c5ae8c99,http://tun.fi/JX.1157450#33,Fungi,Basidiomycota,Agaricomycetes,Boletales,Boletaceae,Boletus,Boletus edulis,,SPECIES,Boletus edulis Bull.,Boletus edulis Bull.:Fr.,,FI,Saarijärvi,Uusimaa,PRESENT,,04fd2e13-6881-4e5c-9dd1-8fdd9ab993c1,60.577754,23.982868,1000.0,,,,,,2020-09-16T00:00Z,16,9,2020,MCH9,MCH9,MACHINE_OBSERVATION,,HR.2129,http://tun.fi/JX.1157450,,,,CC_BY_4_0,,Mari Kajasvirta,,,2026-09-09T03:54:43.684Z,,
3441138991,2bc4c2db-1dfa-419c-93ce-6602c5ae8c99,http://tun.fi/JX.1158036#4,Fungi,Basidiomycota,Agaricomycetes,Boletales,Boletaceae,Boletus,Boletus edulis,,SPECIES,Boletus edulis Bull.,Boletus edulis Bull.:Fr.,,FI,Ilmolan hautausmaa,Pohjois-Karjala,PRESENT,1,04fd2e13-6881-4e5c-9dd1-8fdd9ab993c1,62.089343,30.160129,1.0,,,,,,2020-09-18T00:00Z,18,9,2020,MCH9,MCH9,MACHINE_OBSERVATION,,HR.2129,http://tun.fi/JX.1158036,,,,CC_BY_4_0,,Soile Sommarberg,,,2026-09-09T03:54:23.673Z,,
3441203339,2bc4c2db-1dfa-419c-93ce-6602c5ae8c99,http://tun.fi/JX.1157859#10,Fungi,Basidiomycota,Agaricomycetes,Boletales,Boletaceae,Boletus,Boletus edulis,,SPECIES,Boletus edulis Bull.,Boletus edulis Bull.:Fr.,,FI,"Kappeli, hautausmaa",Pohjois-Karjala,PRESENT,,04fd2e13-6881-4e5c-9dd1-8fdd9ab993c1,62.092655,30.144607,1.0,,,,,,2020-09-18T00:00Z,18,9,2020,MCH9,MCH9,HUMAN_OBSERVATION,,HR.2129,http://tun.fi/JX.1157859,,,,CC_BY_4_0,,Janne Koskinen;Outi Laakso;Sanna Karvonen;Juha K Karvonen,,,2026-09-09T03:54:54.354Z,StillImage,
3441154997,2bc4c2db-1dfa-419c-93ce-6602c5ae8c99,http://tun.fi/JX.1158060#13,Fungi,Basidiomycota,Agaricomycetes,Boletales,Boletaceae,Boletus,Boletus edulis,,SPECIES,Boletus edulis Bull.,Boletus edulis Bull.:Fr.,,FI,"Puuttoniemi, Pöyliöjärvi",Lappi,PRESENT,4,04fd2e13-6881-4e5c-9dd1-8fdd9ab993c1,66.708922,27.419814,1000.0,,,,,,2020-09-19T00:00Z,19,9,2020,MCH9,MCH9,MACHINE_OBSERVATION,,HR.2129,http://tun.fi/JX.1158060,,,,CC_BY_4_0,,Seija Korpinen,,,2026-09-09T03:54:31.992Z,StillImage,
3441158248,2bc4c2db-1dfa-419c-93ce-6602c5ae8c99,http://tun.fi/JX.1159422#26,Fungi,Basidiomycota,Agaricomycetes,Boletales,Boletaceae,Boletus,Boletus edulis,,SPECIES,Boletus edulis Bull.,Boletus edulis Bull.:Fr.,,FI,"Muholankoski, laavu",Pohjois-Karjala,PRESENT,1,04fd2e13-6881-4e5c-9dd1-8fdd9ab993c1,62.045604,30.250822,1.0,,,,,,2020-09-19T00:00Z,19,9,2020,MCH9,MCH9,MACHINE_OBSERVATION,,HR.2129,http://tun.fi/JX.1159422,,,,CC_BY_4_0,,Aune Pisilä;Merja Lipponen,,,2026-09-09T03:54:33.621Z,StillImage,
3441182428,2bc4c2db-1dfa-419c-93ce-6602c5ae8c99,http://tun.fi/JX.1158120#115,Fungi,Basidiomycota,Agaricomycetes,Boletales,Boletaceae,Boletus,Boletus edulis,,SPECIES,Boletus edulis Bull.,Boletus edulis Bull.:Fr.,,FI,Muholankoski,Pohjois-Karjala,PRESENT,,04fd2e13-6881-4e5c-9dd1-8fdd9ab993c1,62.046042,30.259298,1.0,,,,,,2020-09-19T00:00Z,19,9,2020,MCH9,MCH9,MACHINE_OBSERVATION,,HR.2129,http://tun.fi/JX.1158120,,,,CC_BY_4_0,,Matleena Pulkkinen,,,2026-09-09T03:54:47.564Z,StillImage,
3441204998,2bc4c2db-1dfa-419c-93ce-6602c5ae8c99,http://tun.fi/JX.1157943#13,Fungi,Basidiomycota,Agaricomycetes,Boletales,Boletaceae,Boletus,Boletus edulis,,SPECIES,Boletus edulis Bull.,Boletus edulis Bull.:Fr.,,FI,Partasensaari,Pohjois-Karjala,PRESENT,1,04fd2e13-6881-4e5c-9dd1-8fdd9ab993c1,62.045122,30.257744,1000.0,,,,,,2020-09-19T00:00Z,19,9,2020,MCH9,MCH9,MACHINE_OBSERVATION,,HR.2129,http://tun.fi/JX.1157943,,,,CC_BY_4_0,,A. Kujala,,,2026-09-09T03:54:55.204Z,StillImage;StillImage,
3441128613,2bc4c2db-1dfa-419c-93ce-6602c5ae8c99,http://tun.fi/JX.1161979#67,Fungi,Basidiomycota,Agaricomycetes,Boletales,Boletaceae,Boletus,Boletus edulis,,SPECIES,Boletus edulis Bull.,Boletus edulis Bull.:Fr.,,FI,"Savikko, Koikkalanmäki",Pohjois-Karjala,PRESENT,1,04fd2e13-6881-4e5c-9dd1-8fdd9ab993c1,62.076321,30.171834,100.0,,,,,,2020-09-20T00:00Z,20,9,2020,MCH9,MCH9,MACHINE_OBSERVATION,,HR.2129,http://tun.fi/JX.1161979,,,,CC_BY_4_0,,Päivi Saikkonen;Laura Tarvainen,,,2026-09-09T03:54:17.852Z,StillImage;StillImage,
3441157800,2bc4c2db-1dfa-419c-93ce-6602c5ae8c99,http://tun.fi/JX.1158515#4,Fungi,Basidiomycota,Agaricomycetes,Boletales,Boletaceae,Boletus,Boletus edulis,,SPECIES,Boletus edulis Bull.,Boletus edulis Bull.:Fr.,,FI,Killingö,Uusimaa,PRESENT,1,04fd2e13-6881-4e5c-9dd1-8fdd9ab993c1,60.353109,25.671062,1.0,,,,,,2020-09-21T00:00Z,21,9,2020,MCH9,MCH9,MACHINE_OBSERVATION,,HR.2129,http://tun.fi/JX.1158515,,,,CC_BY_4_0,,Peter von Bagh,,,2026-09-09T03:54:38.171Z,StillImage;StillImage,
3441135742,2bc4c2db-1dfa-419c-93ce-6602c5ae8c99,http://tun.fi/JX.1158769#7,Fungi,Basidiomycota,Agaricomycetes,Boletales,Boletaceae,Boletus,Boletus edulis,,SPECIES,Boletus edulis Bull.,Boletus edulis Bull.:Fr.,,FI,Sondby,Uusimaa,PRESENT,4,04fd2e13-6881-4e5c-9dd1-8fdd9ab993c1,60.26605,25.838706,1.0,,,,,,2020-09-22T00:00Z,22,9,2020,MCH9,MCH9,MACHINE_OBSERVATION,,HR.2129,http://tun.fi/JX.1158769,,,,CC_BY_4_0,,Peter von Bagh,,,2026-09-09T03:54:21.931Z,StillImage;StillImage,
3441212683,2bc4c2db-1dfa-419c-93ce-6602c5ae8c99,http://tun.fi/JX.1158770#4,Fungi,Basidiomycota,Agaricomycetes,Boletales,Boletaceae,Boletus,Boletus edulis,,SPECIES,Boletus edulis Bull.,Boletus edulis Bull.:Fr.,,FI,Särkilahti,Kanta-Häme,PRESENT,1,04fd2e13-6881-4e5c-9dd1-8fdd9ab993c1,60.678081,24.42233,1.0,,,,,,2020-09-22T00:00Z,22,9,2020,MCH9,MCH9,HUMAN_OBSERVATION,,HR.2129,http://tun.fi/JX.1158770,,,,CC_BY_4_0,,Marja Ehrstedt,,,2026-09-09T03:54:58.470Z,StillImage;StillImage,
3441137375,2bc4c2db-1dfa-419c-93ce-6602c5ae8c99,http://tun.fi/JX.1159445#62,Fungi,Basidiomycota,Agaricomycetes,Boletales,Boletaceae,Boletus,Boletus edulis,,SPECIES,Boletus edulis Bull.,Boletus edulis Bull.:Fr.,,FI,Lakkamäki,Uusimaa,PRESENT,,04fd2e13-6881-4e5c-9dd1-8fdd9ab993c1,60.318988,24.03823,1000.0,,,,,,2020-09-25T00:00Z,25,9,2020,MCH9,MCH9,MACHINE_OBSERVATION,,HR.2129,http://tun.fi/JX.1159445,,,,CC_BY_4_0,,Mari Kajasvirta,,,2026-09-09T03:54:22.790Z,,
3441166351,2bc4c2db-1dfa-419c-93ce-6602c5ae8c99,http://tun.fi/JX.1159451#19,Fungi,Basidiomycota,Agaricomycetes,Boletales,Boletaceae,Boletus,Boletus edulis,,SPECIES,Boletus edulis Bull.,Boletus edulis Bull.:Fr.,,FI,Roihuvuori Kirsikkapuisto,Uusimaa,PRESENT,,04fd2e13-6881-4e5c-9dd1-8fdd9ab993c1,60.1957,25.049495,1000.0,,,,,,2020-09-25T00:00Z,25,9,2020,MCH9,MCH9,HUMAN_OBSERVATION,,HR.2129,http://tun.fi/JX.1159451,,,,CC_BY_4_0,,Sanna Karvonen,,,2026-09-09T03:54:41.624Z,StillImage;StillImage,
3441176757,2bc4c2db-1dfa-419c-93ce-6602c5ae8c99,http://tun.fi/JX.1159432#4,Fungi,Basidiomycota,Agaricomycetes,Boletales,Boletaceae,Boletus,Boletus edulis,,SPECIES,Boletus edulis Bull.,Boletus edulis Bull.:Fr.,,FI,Vessö,Uusimaa,PRESENT,3,04fd2e13-6881-4e5c-9dd1-8fdd9ab993c1,60.265489,25.715933,1.0,,,,,,2020-09-25T00:00Z,25,9,2020,MCH9,MCH9,MACHINE_OBSERVATION,,HR.2129,http://tun.fi/JX.1159432,,,,CC_BY_4_0,,Peter von Bagh,,,2026-09-09T03:54:45.276Z,StillImage;StillImage,
3441171120,2bc4c2db-1dfa-419c-93ce-6602c5ae8c99,http://tun.fi/JX.1169406#4,Fungi,Basidiomycota,Agaricomycetes,Boletales,Boletaceae,Boletus,Boletus edulis,,SPECIES,Boletus edulis Bull.,Boletus edulis Bull.:Fr.,,FI,Huutoniemi,Pohjanmaa,PRESENT,2,04fd2e13-6881-4e5c-9dd1-8fdd9ab993c1,63.088746,21.674348,1.0,,,,,,2020-09-26T00:00Z,26,9,2020,MCH9,MCH9,MACHINE_OBSERVATION,,HR.2129,http://tun.fi/JX.1169406,,,,CC_BY_4_0,,Matti Kyröläinen,,,2026-09-09T03:54:43.382Z,StillImage,
3441173874,2bc4c2db-1dfa-419c-93ce-6602c5ae8c99,http://tun.fi/JX.1169406#69,Fungi,Basidiomycota,Agaricomycetes,Boletales,Boletaceae,Boletus,Boletus edulis,,SPECIES,Boletus edulis Bull.,Boletus edulis Bull.:Fr.,,FI,Melaniemi,Pohjanmaa,PRESENT,5,04fd2e13-6881-4e5c-9dd1-8fdd9ab993c1,63.08189,21.682474,10.0,,,,,,2020-09-26T00:00Z,26,9,2020,MCH9,MCH9,HUMAN_OBSERVATION,,HR.2129,http://tun.fi/JX.1169406,,,,CC_BY_4_0,,Matti Kyröläinen,,,2026-09-09T03:54:41.298Z,,
3441175413,2bc4c2db-1dfa-419c-93ce-6602c5ae8c99,http://tun.fi/JX.1169406#18,Fungi,Basidiomycota,Agaricomycetes,Boletales,Boletaceae,Boletus,Boletus edulis,,SPECIES,Boletus edulis Bull.,Boletus edulis Bull.:Fr.,,FI,Huutoniemi,Pohjanmaa,PRESENT,2,04fd2e13-6881-4e5c-9dd1-8fdd9ab993c1,63.088053,21.675257,1.0,,,,,,2020-09-26T00:00Z,26,9,2020,MCH9,MCH9,MACHINE_OBSERVATION,,HR.2129,http://tun.fi/JX.1169406,,,,CC_BY_4_0,,Matti Kyröläinen,,,2026-09-09T03:54:44.842Z,StillImage,
3441142184,2bc4c2db-1dfa-419c-93ce-6602c5ae8c99,http://tun.fi/JX.1159973#10,Fungi,Basidiomycota,Agaricomycetes,Boletales,Boletaceae,Boletus,Boletus edulis,,SPECIES,Boletus edulis Bull.,Boletus edulis Bull.:Fr.,,FI,Vähäkyrö Saarenpää,Pohjanmaa,PRESENT,1,04fd2e13-6881-4e5c-9dd1-8fdd9ab993c1,63.073671,22.078255,100.0,,,,,,2020-09-27T00:00Z,27,9,2020,MCH9,MCH9,HUMAN_OBSERVATION,,HR.2129,http://tun.fi/JX.1159973,,,,CC_BY_4_0,,Vesa Jaaksi,,,2026-09-09T03:54:25.541Z,,
3441165188,2bc4c2db-1dfa-419c-93ce-6602c5ae8c99,http://tun.fi/JX.1162021#94,Fungi,Basidiomycota,Agaricomycetes,Boletales,Boletaceae,Boletus,Boletus edulis,,SPECIES,Boletus edulis Bull.,Boletus edulis Bull.:Fr.,,FI,Pirttimäki,Uusimaa,PRESENT,,04fd2e13-6881-4e5c-9dd1-8fdd9ab993c1,60.267551,24.640023,1000.0,,,,,,2020-09-29T00:00Z,29,9,2020,MCH9,MCH9,MACHINE_OBSERVATION,,HR.2129,http://tun.fi/JX.1162021,,,,CC_BY_4_0,,Mari Kajasvirta,,,2026-09-09T03:54:37.294Z,,
3441190419,2bc4c2db-1dfa-419c-93ce-6602c5ae8c99,http://tun.fi/JX.1161669#10,Fungi,Basidiomycota,Agaricomycetes,Boletales,Boletaceae,Boletus,Boletus edulis,,SPECIES,Boletus edulis Bull.,Boletus edulis Bull.:Fr.,,FI,Stansvik,Uusimaa,PRESENT,,04fd2e13-6881-4e5c-9dd1-8fdd9ab993c1,60.160656,25.033811,1.0,,,,,,2020-10-03T00:00Z,3,10,2020,MCH9,MCH9,HUMAN_OBSERVATION,,HR.2129,http://tun.fi/JX.1161669,,,,CC_BY_4_0,,Outi Laakso;Juha K Karvonen,,,2026-09-09T03:54:48.358Z,StillImage,
3441210982,2bc4c2db-1dfa-419c-93ce-6602c5ae8c99,http://tun.fi/JX.1161881#7,Fungi,Basidiomycota,Agaricomycetes,Boletales,Boletaceae,Boletus,Boletus edulis,,SPECIES,Boletus edulis Bull.,Boletus edulis Bull.:Fr.,,FI,Vähäkyrö Saarenpää,Pohjanmaa,PRESENT,1,04fd2e13-6881-4e5c-9dd1-8fdd9ab993c1,63.073633,22.077741,1.0,,,,,,2020-10-03T00:00Z,3,10,2020,MCH9,MCH9,HUMAN_OBSERVATION,,HR.2129,http://tun.fi/JX.1161881,,,,CC_BY_4_0,,Vesa Jaaksi,,,2026-09-09T03:54:59.531Z,,
3441170116,2bc4c2db-1dfa-419c-93ce-6602c5ae8c99,http://tun.fi/JX.1263240#3,Fungi,Basidiomycota,Agaricomycetes,Boletales,Boletaceae,Boletus,Boletus edulis,,SPECIES,Boletus edulis Bull.,Boletus edulis Bull.:Fr.,,FI,Lummelampi,Keski-Suomi,PRESENT,,04fd2e13-6881-4e5c-9dd1-8fdd9ab993c1,62.266033,25.649719,1000.0,,,,,,2020-10-04T00:00Z,4,10,2020,MCH9,MCH9,MACHINE_OBSERVATION,,HR.2129,http://tun.fi/JX.1263240,,,,CC_BY_4_0,,Antton Manninen,,,2026-09-09T03:54:39.668Z,,
3441155444,2bc4c2db-1dfa-419c-93ce-6602c5ae8c99,http://tun.fi/JX.1166053#34,Fungi,Basidiomycota,Agaricomycetes,Boletales,Boletaceae,Boletus,Boletus edulis,,SPECIES,Boletus edulis Bull.,Boletus edulis Bull.:Fr.,,FI,Takumaantien varsi,Pohjois-Pohjanmaa,PRESENT,1,04fd2e13-6881-4e5c-9dd1-8fdd9ab993c1,65.119137,25.616541,1000.0,,,,,,2020-10-17T00:00Z,17,10,2020,MCH9,MCH9,MACHINE_OBSERVATION,,HR.2129,http://tun.fi/JX.1166053,,,,CC_BY_4_0,,Aune Pisilä,,,2026-09-09T03:54:32.454Z,StillImage;StillImage,
3441153874,2bc4c2db-1dfa-419c-93ce-6602c5ae8c99,http://tun.fi/JX.1260346#3,Fungi,Basidiomycota,Agaricomycetes,Boletales,Boletaceae,Boletus,Boletus edulis,,SPECIES,Boletus edulis Bull.,Boletus edulis Bull.:Fr.,,FI,Kissankulma,Pohjois-Pohjanmaa,PRESENT,1,04fd2e13-6881-4e5c-9dd1-8fdd9ab993c1,65.284369,28.367788,1000.0,,,,,,2021-07-20T00:00Z,20,7,2021,MCH9,MCH9,MACHINE_OBSERVATION,,HR.2129,http://tun.fi/JX.1260346,,,,CC_BY_4_0,,Outi Palmén,,,2026-09-09T03:54:31.580Z,,
3441216960,2bc4c2db-1dfa-419c-93ce-6602c5ae8c99,http://tun.fi/JX.1264978#9,Fungi,Basidiomycota,Agaricomycetes,Boletales,Boletaceae,Boletus,Boletus edulis,,SPECIES,Boletus edulis Bull.,Boletus edulis Bull.:Fr.,,FI,Maso,Pirkanmaa,PRESENT,,04fd2e13-6881-4e5c-9dd1-8fdd9ab993c1,61.37145,23.208225,100.0,,,,,,2021-08-02T00:00Z,2,8,2021,MCH9,MCH9,MACHINE_OBSERVATION,,HR.2129,http://tun.fi/JX.1264978,,,,CC_BY_4_0,,Mikko Veräjänkorva,,,2026-09-09T03:55:00.862Z,,
3441162048,2bc4c2db-1dfa-419c-93ce-6602c5ae8c99,http://tun.fi/JX.1265238#70,Fungi,Basidiomycota,Agaricomycetes,Boletales,Boletaceae,Boletus,Boletus edulis,,SPECIES,Boletus edulis Bull.,Boletus edulis Bull.:Fr.,,FI,Lähdesuo,Varsinais-Suomi,PRESENT,1,04fd2e13-6881-4e5c-9dd1-8fdd9ab993c1,60.203487,22.941671,1000.0,,,,,,2021-08-05T00:00Z,5,8,2021,MCH9,MCH9,MACHINE_OBSERVATION,,HR.2129,http://tun.fi/JX.1265238,,,,CC_BY_4_0,,Joona Saraste;Seija Korpinen;Piritta Marttila,,,2026-09-09T03:54:35.472Z,,
3441129242,2bc4c2db-1dfa-419c-93ce-6602c5ae8c99,http://tun.fi/JX.1265233#15,Fungi,Basidiomycota,Agaricomycetes,Boletales,Boletaceae,Boletus,Boletus edulis,,SPECIES,Boletus edulis Bull.,Boletus edulis Bull.:Fr.,,FI,,Pirkanmaa,PRESENT,,04fd2e13-6881-4e5c-9dd1-8fdd9ab993c1,61.658951,23.462506,1.0,,,,,,2021-08-05T17:53Z,5,8,2021,MCH9,MCH9,MACHINE_OBSERVATION,,HR.2129,http://tun.fi/JX.1265233,,,,CC_BY_4_0,,Anne-Mari Enne;Piia Lamminsivu,,,2026-09-09T03:54:17.959Z,,
3441144566,2bc4c2db-1dfa-419c-93ce-6602c5ae8c99,http://tun.fi/JX.1265315#3,Fungi,Basidiomycota,Agaricomycetes,Boletales,Boletaceae,Boletus,Boletus edulis,,SPECIES,Boletus edulis Bull.,Boletus edulis Bull.:Fr.,,FI,,Etelä-Pohjanmaa,PRESENT,,04fd2e13-6881-4e5c-9dd1-8fdd9ab993c1,63.090072,23.106964,1.0,,,,,,2021-08-06T10:34Z,6,8,2021,MCH9,MCH9,MACHINE_OBSERVATION,,HR.2129,http://tun.fi/JX.1265315,,,,CC_BY_4_0,,Outi Laakso,,,2026-09-09T03:54:26.808Z,,
3441168370,2bc4c2db-1dfa-419c-93ce-6602c5ae8c99,http://tun.fi/JX.1265543#6,Fungi,Basidiomycota,Agaricomycetes,Boletales,Boletaceae,Boletus,Boletus edulis,,SPECIES,Boletus edulis Bull.,Boletus edulis Bull.:Fr.,,FI,,Pirkanmaa,PRESENT,,04fd2e13-6881-4e5c-9dd1-8fdd9ab993c1,61.65818,23.476641,1.0,,,,,,2021-08-06T17:57Z,6,8,2021,MCH9,MCH9,MACHINE_OBSERVATION,,HR.2129,http://tun.fi/JX.1265543,,,,CC_BY_4_0,,Anne-Mari Enne;Piia Lamminsivu,,,2026-09-09T03:54:38.727Z,,
3441192593,2bc4c2db-1dfa-419c-93ce-6602c5ae8c99,http://tun.fi/JX.1265543#15,Fungi,Basidiomycota,Agaricomycetes,Boletales,Boletaceae,Boletus,Boletus edulis,,SPECIES,Boletus edulis Bull.,Boletus edulis Bull.:Fr.,,FI,,Pirkanmaa,PRESENT,,04fd2e13-6881-4e5c-9dd1-8fdd9ab993c1,61.658704,23.473751,1.0,,,,,,2021-08-06T18:17Z,6,8,2021,MCH9,MCH9,MACHINE_OBSERVATION,,HR.2129,http://tun.fi/JX.1265543,,,,CC_BY_4_0,,Anne-Mari Enne;Piia Lamminsivu,,,2026-09-09T03:54:51.730Z,,
3441172193,2bc4c2db-1dfa-419c-93ce-6602c5ae8c99,http://tun.fi/JX.1266412#18,Fungi,Basidiomycota,Agaricomycetes,Boletales,Boletaceae,Boletus,Boletus edulis,,SPECIES,Boletus edulis Bull.,Boletus edulis Bull.:Fr.,,FI,Kirjakkala,Varsinais-Suomi,PRESENT,2,04fd2e13-6881-4e5c-9dd1-8fdd9ab993c1,60.267834,23.003099,1000.0,,,,,,2021-08-08T00:00Z,8,8,2021,MCH9,MCH9,MACHINE_OBSERVATION,,HR.2129,http://tun.fi/JX.1266412,,,,CC_BY_4_0,,Joona Saraste;Seija Korpinen;Piritta Marttila,,,2026-09-09T03:54:40.359Z,,
3441200914,2bc4c2db-1dfa-419c-93ce-6602c5ae8c99,http://tun.fi/JX.1265852#3,Fungi,Basidiomycota,Agaricomycetes,Boletales,Boletaceae,Boletus,Boletus edulis,,SPECIES,Boletus edulis Bull.,Boletus edulis Bull.:Fr.,,FI,Okeroinen,Päijät-Häme,PRESENT,,04fd2e13-6881-4e5c-9dd1-8fdd9ab993c1,60.976123,25.561591,1.0,,,,,,2021-08-08T00:00Z,8,8,2021,MCH9,MCH9,MACHINE_OBSERVATION,,HR.2129,http://tun.fi/JX.1265852,,,,CC_BY_4_0,,Petri Roponen,,,2026-09-09T03:54:53.006Z,StillImage,
3696592318,2bc4c2db-1dfa-419c-93ce-6602c5ae8c99,http://tun.fi/JX.1265841#53,Fungi,Basidiomycota,Agaricomycetes,Boletales,Boletaceae,Boletus,Boletus edulis,,SPECIES,Boletus edulis Bull.,Boletus edulis Bull.:Fr.,,FI,"Niemisjärvi, Lsv",Keski-Suomi,PRESENT,,04fd2e13-6881-4e5c-9dd1-8fdd9ab993c1,62.320228,26.348105,1000.0,,,,,,2021-08-08T00:00Z,8,8,2021,MCH9,MCH9,MACHINE_OBSERVATION,,HR.2129,http://tun.fi/JX.1265841,,,,CC_BY_4_0,,Laura Tarvainen,,,2026-09-09T03:55:01.588Z,,
3441177360,2bc4c2db-1dfa-419c-93ce-6602c5ae8c99,http://tun.fi/JX.1265902#15,Fungi,Basidiomycota,Agaricomycetes,Boletales,Boletaceae,Boletus,Boletus edulis,,SPECIES,Boletus edulis Bull.,Boletus edulis Bull.:Fr.,,FI,,Pirkanmaa,PRESENT,,04fd2e13-6881-4e5c-9dd1-8fdd9ab993c1,61.519995,23.877674,1.0,,,,,,2021-08-08T13:38Z,8,8,2021,MCH9,MCH9,MACHINE_OBSERVATION,,HR.2129,http://tun.fi/JX.1265902,,,,CC_BY_4_0,,Anne-Mari Enne;Piia Lamminsivu,,,2026-09-09T03:54:42.718Z,,
3441126650,2bc4c2db-1dfa-419c-93ce-6602c5ae8c99,http://tun.fi/JX.1266400#30,Fungi,Basidiomycota,Agaricomycetes,Boletales,Boletaceae,Boletus,Boletus edulis,,SPECIES,Boletus edulis Bull.,Boletus edulis Bull.:Fr.,,FI,Kissankulma,Pohjois-Pohjanmaa,PRESENT,,04fd2e13-6881-4e5c-9dd1-8fdd9ab993c1,65.284369,28.367788,1000.0,,,,,,2021-08-09T00:00Z,9,8,2021,MCH9,MCH9,MACHINE_OBSERVATION,,HR.2129,http://tun.fi/JX.1266400,,,,CC_BY_4_0,,Outi Palmén,,,2026-09-09T03:54:15.655Z,,
3441126897,2bc4c2db-1dfa-419c-93ce-6602c5ae8c99,http://tun.fi/JX.1266231#3,Fungi,Basidiomycota,Agaricomycetes,Boletales,Boletaceae,Boletus,Boletus edulis,,SPECIES,Boletus edulis Bull.,Boletus edulis Bull.:Fr.,,FI,Haukipudas,Pohjois-Pohjanmaa,PRESENT,1,04fd2e13-6881-4e5c-9dd1-8fdd9ab993c1,65.15495,25.39343,1.0,,,,,,2021-08-09T00:00Z,9,8,2021,MCH9,MCH9,MACHINE_OBSERVATION,,HR.2129,http://tun.fi/JX.1266231,,,,CC_BY_4_0,,Alpo Huhmarniemi,,,2026-09-09T03:54:15.857Z,StillImage;StillImage,
3441154374,2bc4c2db-1dfa-419c-93ce-6602c5ae8c99,http://tun.fi/JX.1266613#3,Fungi,Basidiomycota,Agaricomycetes,Boletales,Boletaceae,Boletus,Boletus edulis,,SPECIES,Boletus edulis Bull.,Boletus edulis Bull.:Fr.,,FI,,Uusimaa,PRESENT,8,04fd2e13-6881-4e5c-9dd1-8fdd9ab993c1,60.526659,25.116205,1.0,,,,,,2021-08-10T00:00Z,10,8,2021,MCH9,MCH9,MACHINE_OBSERVATION,,HR.2129,http://tun.fi/JX.1266613,,,,CC_BY_4_0,,Hanna Tienhaara,,,2026-09-09T03:54:31.938Z,,
3441127497,2bc4c2db-1dfa-419c-93ce-6602c5ae8c99,http://tun.fi/JX.1266713#12,Fungi,Basidiomycota,Agaricomycetes,Boletales,Boletaceae,Boletus,Boletus edulis,,SPECIES,Boletus edulis Bull.,Boletus edulis Bull.:Fr.,,FI,Iilammi,Uusimaa,PRESENT,,04fd2e13-6881-4e5c-9dd1-8fdd9ab993c1,60.536992,24.398655,1000.0,,,,,,2021-08-11T00:00Z,11,8,2021,MCH9,MCH9,MACHINE_OBSERVATION,,HR.2129,http://tun.fi/JX.1266713,,,,CC_BY_4_0,,Mari Kajasvirta,,,2026-09-09T03:54:24.156Z,,
3441186745,2bc4c2db-1dfa-419c-93ce-6602c5ae8c99,http://tun.fi/JX.1266802#9,Fungi,Basidiomycota,Agaricomycetes,Boletales,Boletaceae,Boletus,Boletus edulis,,SPECIES,Boletus edulis Bull.,Boletus edulis Bull.:Fr.,,FI,Pohtio,Pirkanmaa,PRESENT,20,04fd2e13-6881-4e5c-9dd1-8fdd9ab993c1,62.046904,23.936175,1000.0,,,,,,2021-08-11T00:00Z,11,8,2021,MCH9,MCH9,MACHINE_OBSERVATION,,HR.2129,http://tun.fi/JX.1266802,,,,CC_BY_4_0,,Tyyra Juka,,,2026-09-09T03:54:49.274Z,,
3441205460,2bc4c2db-1dfa-419c-93ce-6602c5ae8c99,http://tun.fi/JX.1266983#33,Fungi,Basidiomycota,Agaricomycetes,Boletales,Boletaceae,Boletus,Boletus edulis,,SPECIES,Boletus edulis Bull.,Boletus edulis Bull.:Fr.,,FI,Paloskylä,Keski-Suomi,PRESENT,2,04fd2e13-6881-4e5c-9dd1-8fdd9ab993c1,62.043547,26.144231,100.0,,,,,,2021-08-11T00:00Z,11,8,2021,MCH9,MCH9,MACHINE_OBSERVATION,,HR.2129,http://tun.fi/JX.1266983,,,,CC_BY_4_0,,Erna Suutari,,,2026-09-09T03:54:55.190Z,,
3441134143,2bc4c2db-1dfa-419c-93ce-6602c5ae8c99,http://tun.fi/JX.1266957#21,Fungi,Basidiomycota,Agaricomycetes,Boletales,Boletaceae,Boletus,Boletus edulis,,SPECIES,Boletus edulis Bull.,Boletus edulis Bull.:Fr.,,FI,Rönninlukot,Uusimaa,PRESENT,,04fd2e13-6881-4e5c-9dd1-8fdd9ab993c1,60.525878,24.47157,1000.0,,,,,,2021-08-12T00:00Z,12,8,2021,MCH9,MCH9,MACHINE_OBSERVATION,,HR.2129,http://tun.fi/JX.1266957,,,,CC_BY_4_0,,Mari Kajasvirta,,,2026-09-09T03:54:21.123Z,,
3441152268,2bc4c2db-1dfa-419c-93ce-6602c5ae8c99,http://tun.fi/JX.1267344#6,Fungi,Basidiomycota,Agaricomycetes,Boletales,Boletaceae,Boletus,Boletus edulis,,SPECIES,Boletus edulis Bull.,Boletus edulis Bull.:Fr.,,FI,Mustajärvi Mutiperä,Pirkanmaa,PRESENT,3,04fd2e13-6881-4e5c-9dd1-8fdd9ab993c1,62.053846,23.943222,100.0,,,,,,2021-08-12T00:00Z,12,8,2021,MCH9,MCH9,MACHINE_OBSERVATION,,HR.2129,http://tun.fi/JX.1267344,,,,CC_BY_4_0,,Tyyra Juka,,,2026-09-09T03:54:30.816Z,,
3455149326,2bc4c2db-1dfa-419c-93ce-6602c5ae8c99,http://tun.fi/JX.1342186#27,Fungi,Basidiomycota,Agaricomycetes,Boletales,Boletaceae,Boletus,Boletus edulis,,SPECIES,Boletus edulis Bull.,Boletus edulis Bull.:Fr.,,FI,Ruumissaari,Keski-Suomi,PRESENT,1,04fd2e13-6881-4e5c-9dd1-8fdd9ab993c1,62.327426,26.433775,100.0,,,,,,2021-08-13T00:00Z,13,8,2021,MCH9,MCH9,MACHINE_OBSERVATION,,HR.2129,http://tun.fi/JX.1342186,,,,CC_BY_4_0,,Laura Tarvainen,,,2026-09-09T03:55:00.475Z,,
3441204550,2bc4c2db-1dfa-419c-93ce-6602c5ae8c99,http://tun.fi/JX.1294834#30,Fungi,Basidiomycota,Agaricomycetes,Boletales,Boletaceae,Boletus,Boletus edulis,,SPECIES,Boletus edulis Bull.,Boletus edulis Bull.:Fr.,,FI,Takkula,Uusimaa,PRESENT,,04fd2e13-6881-4e5c-9dd1-8fdd9ab993c1,60.32089,24.622433,1000.0,,,,,,2021-08-14T00:00Z,14,8,2021,MCH9,MCH9,MACHINE_OBSERVATION,,HR.2129,http://tun.fi/JX.1294834,,,,CC_BY_4_0,,Mari Kajasvirta,,,2026-09-09T03:54:54.997Z,,
3441208086,2bc4c2db-1dfa-419c-93ce-6602c5ae8c99,http://tun.fi/JX.1267862#6,Fungi,Basidiomycota,Agaricomycetes,Boletales,Boletaceae,Boletus,Boletus edulis,,SPECIES,Boletus edulis Bull.,Boletus edulis Bull.:Fr.,,FI,Kevätkumpu,Uusimaa,PRESENT,1,04fd2e13-6881-4e5c-9dd1-8fdd9ab993c1,60.381404,25.697916,1.0,,,,,,2021-08-15T00:00Z,15,8,2021,MCH9,MCH9,MACHINE_OBSERVATION,,HR.2129,http://tun.fi/JX.1267862,,,,CC_BY_4_0,,Peter von Bagh,,,2026-09-09T03:54:58.349Z,,
3441134916,2bc4c2db-1dfa-419c-93ce-6602c5ae8c99,http://tun.fi/JX.1268025#11,Fungi,Basidiomycota,Agaricomycetes,Boletales,Boletaceae,Boletus,Boletus edulis,,SPECIES,Boletus edulis Bull.,Boletus edulis Bull.:Fr.,,FI,Öby,Uusimaa,PRESENT,,04fd2e13-6881-4e5c-9dd1-8fdd9ab993c1,59.936815,23.188014,1000.0,,,,,,2021-08-16T00:00Z,16,8,2021,MCH9,MCH9,MACHINE_OBSERVATION,,HR.2129,http://tun.fi/JX.1268025,,,,CC_BY_4_0,,Mari Kajasvirta,,,2026-09-09T03:54:21.339Z,,
3441146944,2bc4c2db-1dfa-419c-93ce-6602c5ae8c99,http://tun.fi/JX.1268096#6,Fungi,Basidiomycota,Agaricomycetes,Boletales,Boletaceae,Boletus,Boletus edulis,,SPECIES,Boletus edulis Bull.,Boletus edulis Bull.:Fr.,,FI,,Varsinais-Suomi,PRESENT,,04fd2e13-6881-4e5c-9dd1-8fdd9ab993c1,60.380996,22.341081,1.0,,,,,,2021-08-16T10:46Z,16,8,2021,MCH9,MCH9,MACHINE_OBSERVATION,,HR.2129,http://tun.fi/JX.1268096,,,,CC_BY_4_0,,Jakke Elonen,,,2026-09-09T03:54:33.039Z,,
3441175313,2bc4c2db-1dfa-419c-93ce-6602c5ae8c99,http://tun.fi/JX.1268223#12,Fungi,Basidiomycota,Agaricomycetes,Boletales,Boletaceae,Boletus,Boletus edulis,,SPECIES,Boletus edulis Bull.,Boletus edulis Bull.:Fr.,,FI,Köhniöjärvi,Keski-Suomi,PRESENT,,04fd2e13-6881-4e5c-9dd1-8fdd9ab993c1,62.244972,25.663981,1.0,,,,,,2021-08-16T17:40Z,16,8,2021,MCH9,MCH9,MACHINE_OBSERVATION,,HR.2129,http://tun.fi/JX.1268223,,,,CC_BY_4_0,,Panu Mäkinen,,,2026-09-09T03:54:44.794Z,,
3441129167,2bc4c2db-1dfa-419c-93ce-6602c5ae8c99,http://tun.fi/JX.1268280#6,Fungi,Basidiomycota,Agaricomycetes,Boletales,Boletaceae,Boletus,Boletus edulis,,SPECIES,Boletus edulis Bull.,Boletus edulis Bull.:Fr.,,FI,Anckars,Uusimaa,PRESENT,,04fd2e13-6881-4e5c-9dd1-8fdd9ab993c1,59.89385,23.187573,1000.0,,,,,,2021-08-17T00:00Z,17,8,2021,MCH9,MCH9,MACHINE_OBSERVATION,,HR.2129,http://tun.fi/JX.1268280,,,,CC_BY_4_0,,Mari Kajasvirta,,,2026-09-09T03:54:17.929Z,,
3441131257,2bc4c2db-1dfa-419c-93ce-6602c5ae8c99,http://tun.fi/JX.1329058#9,Fungi,Basidiomycota,Agaricomycetes,Boletales,Boletaceae,Boletus,Boletus edulis,,SPECIES,Boletus edulis Bull.,Boletus edulis Bull.:Fr.,,FI,Potoskavaara,Pohjois-Karjala,PRESENT,,04fd2e13-6881-4e5c-9dd1-8fdd9ab993c1,62.108186,30.26634,1.0,,,,,,2021-08-17T00:00Z,17,8,2021,MCH9,MCH9,MACHINE_OBSERVATION,,HR.2129,http://tun.fi/JX.1329058,,,,CC_BY_4_0,,Tupu Vuorinen,,,2026-09-09T03:54:19.418Z,,
3441205399,2bc4c2db-1dfa-419c-93ce-6602c5ae8c99,http://tun.fi/JX.1268738#21,Fungi,Basidiomycota,Agaricomycetes,Boletales,Boletaceae,Boletus,Boletus edulis,,SPECIES,Boletus edulis Bull.,Boletus edulis Bull.:Fr.,,FI,,Päijät-Häme,PRESENT,2,04fd2e13-6881-4e5c-9dd1-8fdd9ab993c1,61.220411,26.063357,1000.0,,,,,,2021-08-18T00:00Z,18,8,2021,MCH9,MCH9,MACHINE_OBSERVATION,,HR.2129,http://tun.fi/JX.1268738,,,,CC_BY_4_0,,Minna Jukkola,,,2026-09-09T03:54:55.441Z,,
3441211104,2bc4c2db-1dfa-419c-93ce-6602c5ae8c99,http://tun.fi/JX.1268842#3,Fungi,Basidiomycota,Agaricomycetes,Boletales,Boletaceae,Boletus,Boletus edulis,,SPECIES,Boletus edulis Bull.,Boletus edulis Bull.:Fr.,,FI,Kissankulma,Pohjois-Pohjanmaa,PRESENT,,04fd2e13-6881-4e5c-9dd1-8fdd9ab993c1,65.284369,28.367788,1000.0,,,,,,2021-08-18T00:00Z,18,8,2021,MCH9,MCH9,MACHINE_OBSERVATION,,HR.2129,http://tun.fi/JX.1268842,,,,CC_BY_4_0,,Outi Palmén,,,2026-09-09T03:54:58.068Z,,
3441175143,2bc4c2db-1dfa-419c-93ce-6602c5ae8c99,http://tun.fi/JX.1268890#6,Fungi,Basidiomycota,Agaricomycetes,Boletales,Boletaceae,Boletus,Boletus edulis,,SPECIES,Boletus edulis Bull.,Boletus edulis Bull.:Fr.,,FI,,Varsinais-Suomi,PRESENT,,04fd2e13-6881-4e5c-9dd1-8fdd9ab993c1,60.394565,22.402383,1.0,,,,,,2021-08-18T13:20Z,18,8,2021,MCH9,MCH9,MACHINE_OBSERVATION,,HR.2129,http://tun.fi/JX.1268890,,,,CC_BY_4_0,,Jakke Elonen,,,2026-09-09T03:54:44.688Z,,
3441194412,2bc4c2db-1dfa-419c-93ce-6602c5ae8c99,http://tun.fi/JX.1268958#9,Fungi,Basidiomycota,Agaricomycetes,Boletales,Boletaceae,Boletus,Boletus edulis,,SPECIES,Boletus edulis Bull.,Boletus edulis Bull.:Fr.,,FI,Utra,Pohjois-Karjala,PRESENT,,04fd2e13-6881-4e5c-9dd1-8fdd9ab993c1,62.629004,29.867648,1.0,,,,,,2021-08-18T15:21Z/2021-08-18T17:28Z,18,8,2021,MCH9,MCH9,MACHINE_OBSERVATION,,HR.2129,http://tun.fi/JX.1268958,,,,CC_BY_4_0,,Olli Salmela,,,2026-09-09T03:54:50.310Z,,
3441177239,2bc4c2db-1dfa-419c-93ce-6602c5ae8c99,http://tun.fi/JX.1268891#3,Fungi,Basidiomycota,Agaricomycetes,Boletales,Boletaceae,Boletus,Boletus edulis,,SPECIES,Boletus edulis Bull.,Boletus edulis Bull.:Fr.,,FI,Kissankulma,Pohjois-Pohjanmaa,PRESENT,,04fd2e13-6881-4e5c-9dd1-8fdd9ab993c1,65.284369,28.367788,1000.0,,,,,,2021-08-19T00:00Z,19,8,2021,MCH9,MCH9,MACHINE_OBSERVATION,,HR.2129,http://tun.fi/JX.1268891,,,,CC_BY_4_0,,Outi Palmén,,,2026-09-09T03:54:45.473Z,,
3441184107,2bc4c2db-1dfa-419c-93ce-6602c5ae8c99,http://tun.fi/JX.1268948#24,Fungi,Basidiomycota,Agaricomycetes,Boletales,Boletaceae,Boletus,Boletus edulis,,SPECIES,Boletus edulis Bull.,Boletus edulis Bull.:Fr.,,FI,,Pirkanmaa,PRESENT,,04fd2e13-6881-4e5c-9dd1-8fdd9ab993c1,61.995926,23.65359,1.0,,,,,,2021-08-19T14:29Z/2021-08-19T14:58Z,19,8,2021,MCH9,MCH9,MACHINE_OBSERVATION,,HR.2129,http://tun.fi/JX.1268948,,,,CC_BY_4_0,,Outi Laakso,,,2026-09-09T03:54:45.704Z,,
3441161723,2bc4c2db-1dfa-419c-93ce-6602c5ae8c99,http://tun.fi/JX.1269084#28,Fungi,Basidiomycota,Agaricomycetes,Boletales,Boletaceae,Boletus,Boletus edulis,,SPECIES,Boletus edulis Bull.,Boletus edulis Bull.:Fr.,,FI,Ahdinpalo - Keliininsuo,Uusimaa,PRESENT,,04fd2e13-6881-4e5c-9dd1-8fdd9ab993c1,60.523964,24.500795,1000.0,,,,,,2021-08-20T00:00Z,20,8,2021,MCH9,MCH9,MACHINE_OBSERVATION,,HR.2129,http://tun.fi/JX.1269084,,,,CC_BY_4_0,,Mari Kajasvirta,,,2026-09-09T03:54:35.541Z,,
3441161735,2bc4c2db-1dfa-419c-93ce-6602c5ae8c99,http://tun.fi/JX.1269084#16,Fungi,Basidiomycota,Agaricomycetes,Boletales,Boletaceae,Boletus,Boletus edulis,,SPECIES,Boletus edulis Bull.,Boletus edulis Bull.:Fr.,,FI,Ahdinpalo,Uusimaa,PRESENT,,04fd2e13-6881-4e5c-9dd1-8fdd9ab993c1,60.521485,24.50256,1000.0,,,,,,2021-08-20T00:00Z,20,8,2021,MCH9,MCH9,MACHINE_OBSERVATION,,HR.2129,http://tun.fi/JX.1269084,,,,CC_BY_4_0,,Mari Kajasvirta,,,2026-09-09T03:54:35.261Z,,
3441207835,2bc4c2db-1dfa-419c-93ce-6602c5ae8c99,http://tun.fi/JX.1269040#9,Fungi,Basidiomycota,Agaricomycetes,Boletales,Boletaceae,Boletus,Boletus edulis,,SPECIES,Boletus edulis Bull.,Boletus edulis Bull.:Fr.,,FI,"Kiven reitti, ""Partiolaisten ranta""",Uusimaa,PRESENT,,04fd2e13-6881-4e5c-9dd1-8fdd9ab993c1,60.542288,24.486213,1000.0,,,,,,2021-08-20T00:00Z,20,8,2021,MCH9,MCH9,MACHINE_OBSERVATION,,HR.2129,http://tun.fi/JX.1269040,,,,CC_BY_4_0,,Mari Kajasvirta,,,2026-09-09T03:54:55.934Z,,
3441211146,2bc4c2db-1dfa-419c-93ce-6602c5ae8c99,http://tun.fi/JX.1269577#6,Fungi,Basidiomycota,Agaricomycetes,Boletales,Boletaceae,Boletus,Boletus edulis,,SPECIES,Boletus edulis Bull.,Boletus edulis Bull.:Fr.,,FI,Särkilahti,Pohjois-Savo,PRESENT,,04fd2e13-6881-4e5c-9dd1-8fdd9ab993c1,62.512669,27.739121,1000.0,,,,,,2021-08-20T00:00Z,20,8,2021,MCH9,MCH9,MACHINE_OBSERVATION,,HR.2129,http://tun.fi/JX.1269577,,,,CC_BY_4_0,,Outi Palmén,,,2026-09-09T03:54:59.607Z,,
3441156500,2bc4c2db-1dfa-419c-93ce-6602c5ae8c99,http://tun.fi/JX.1269579#27,Fungi,Basidiomycota,Agaricomycetes,Boletales,Boletaceae,Boletus,Boletus edulis,,SPECIES,Boletus edulis Bull.,Boletus edulis Bull.:Fr.,,FI,,Pohjois-Savo,PRESENT,,04fd2e13-6881-4e5c-9dd1-8fdd9ab993c1,62.560724,27.696883,1000.0,,,,,,2021-08-21T00:00Z,21,8,2021,MCH9,MCH9,MACHINE_OBSERVATION,,HR.2129,http://tun.fi/JX.1269579,,,,CC_BY_4_0,,Outi Palmén,,,2026-09-09T03:54:32.795Z,,
3441165279,2bc4c2db-1dfa-419c-93ce-6602c5ae8c99,http://tun.fi/JX.1270339#15,Fungi,Basidiomycota,Agaricomycetes,Boletales,Boletaceae,Boletus,Boletus edulis,,SPECIES,Boletus edulis Bull.,Boletus edulis Bull.:Fr.,,FI,Mustajärvi Roskalanvuori,Pirkanmaa,PRESENT,2,04fd2e13-6881-4e5c-9dd1-8fdd9ab993c1,62.03739,23.978273,1000.0,,,,,,2021-08-21T00:00Z,21,8,2021,MCH9,MCH9,MACHINE_OBSERVATION,,HR.2129,http://tun.fi/JX.1270339,,,,CC_BY_4_0,,Tyyra Juka,,,2026-09-09T03:54:37.150Z,,
3441196967,2bc4c2db-1dfa-419c-93ce-6602c5ae8c99,http://tun.fi/JX.1270028#3,Fungi,Basidiomycota,Agaricomycetes,Boletales,Boletaceae,Boletus,Boletus edulis,,SPECIES,Boletus edulis Bull.,Boletus edulis Bull.:Fr.,,FI,"Nivankylä, Vesalanperä",Lappi,PRESENT,1,04fd2e13-6881-4e5c-9dd1-8fdd9ab993c1,66.582068,25.669023,1.0,,,,,,2021-08-21T00:00Z,21,8,2021,MCH9,MCH9,MACHINE_OBSERVATION,,HR.2129,http://tun.fi/JX.1270028,,,,CC_BY_4_0,,Seppo Huhmarniemi,,,2026-09-09T03:54:51.393Z,,
3441209600,2bc4c2db-1dfa-419c-93ce-6602c5ae8c99,http://tun.fi/JX.1269591#18,Fungi,Basidiomycota,Agaricomycetes,Boletales,Boletaceae,Boletus,Boletus edulis,,SPECIES,Boletus edulis Bull.,Boletus edulis Bull.:Fr.,,FI,Hiukkalammi,Uusimaa,PRESENT,,04fd2e13-6881-4e5c-9dd1-8fdd9ab993c1,60.525122,24.476847,1000.0,,,,,,2021-08-21T00:00Z,21,8,2021,MCH9,MCH9,MACHINE_OBSERVATION,,HR.2129,http://tun.fi/JX.1269591,,,,CC_BY_4_0,,Mari Kajasvirta,,,2026-09-09T03:54:57.550Z,,
3441197407,2bc4c2db-1dfa-419c-93ce-6602c5ae8c99,http://tun.fi/JX.1269376#9,Fungi,Basidiomycota,Agaricomycetes,Boletales,Boletaceae,Boletus,Boletus edulis,,SPECIES,Boletus edulis Bull.,Boletus edulis Bull.:Fr.,,FI,,Pohjanmaa,PRESENT,,04fd2e13-6881-4e5c-9dd1-8fdd9ab993c1,63.51462,23.532477,1.0,,,,,,2021-08-21T12:33Z/2021-08-21T13:06Z,21,8,2021,MCH9,MCH9,MACHINE_OBSERVATION,,HR.2129,http://tun.fi/JX.1269376,,,,CC_BY_4_0,,Outi Laakso,,,2026-09-09T03:54:51.595Z,,
3441127318,2bc4c2db-1dfa-419c-93ce-6602c5ae8c99,http://tun.fi/JX.1270591#9,Fungi,Basidiomycota,Agaricomycetes,Boletales,Boletaceae,Boletus,Boletus edulis,,SPECIES,Boletus edulis Bull.,Boletus edulis Bull.:Fr.,,FI,Kasavuoren ls-alue,Uusimaa,PRESENT,,04fd2e13-6881-4e5c-9dd1-8fdd9ab993c1,60.213593,24.682613,1000.0,,,,,,2021-08-24T00:00Z,24,8,2021,MCH9,MCH9,MACHINE_OBSERVATION,,HR.2129,http://tun.fi/JX.1270591,,,,CC_BY_4_0,,Mari Kajasvirta,,,2026-09-09T03:54:16.177Z,,
3441165394,2bc4c2db-1dfa-419c-93ce-6602c5ae8c99,http://tun.fi/JX.1270134#30,Fungi,Basidiomycota,Agaricomycetes,Boletales,Boletaceae,Boletus,Boletus edulis,,SPECIES,Boletus edulis Bull.,Boletus edulis Bull.:Fr.,,FI,,Päijät-Häme,PRESENT,,04fd2e13-6881-4e5c-9dd1-8fdd9ab993c1,61.215184,26.062435,1000.0,,,,,,2021-08-24T00:00Z,24,8,2021,MCH9,MCH9,HUMAN_OBSERVATION,,HR.2129,http://tun.fi/JX.1270134,,,,CC_BY_4_0,,Minna Jukkola,,,2026-09-09T03:54:41.182Z,,
3441209053,2bc4c2db-1dfa-419c-93ce-6602c5ae8c99,http://tun.fi/JX.1270815#3,Fungi,Basidiomycota,Agaricomycetes,Boletales,Boletaceae,Boletus,Boletus edulis,,SPECIES,Boletus edulis Bull.,Boletus edulis Bull.:Fr.,,EE,Niitvälja,"Harju maakond, Harju County",PRESENT,,04fd2e13-6881-4e5c-9dd1-8fdd9ab993c1,59.307848,24.279073,1.0,,,,,,2021-08-27T00:00Z,27,8,2021,MCH9,MCH9,MACHINE_OBSERVATION,,HR.2129,http://tun.fi/JX.1270815,,,,CC_BY_4_0,,Allar Antson,,,2026-09-09T03:54:57.265Z,,
3441169036,2bc4c2db-1dfa-419c-93ce-6602c5ae8c99,http://tun.fi/JX.1270820#15,Fungi,Basidiomycota,Agaricomycetes,Boletales,Boletaceae,Boletus,Boletus edulis,,SPECIES,Boletus edulis Bull.,Boletus edulis Bull.:Fr.,,FI,,Varsinais-Suomi,PRESENT,,04fd2e13-6881-4e5c-9dd1-8fdd9ab993c1,60.842089,23.020787,1.0,,,,,,2021-08-27T13:22Z,27,8,2021,MCH9,MCH9,MACHINE_OBSERVATION,,HR.2129,http://tun.fi/JX.1270820,,,,CC_BY_4_0,,Anne-Mari Enne;Piia Lamminsivu,,,2026-09-09T03:54:39.067Z,,
3441136900,2bc4c2db-1dfa-419c-93ce-6602c5ae8c99,http://tun.fi/JX.1271529#3,Fungi,Basidiomycota,Agaricomycetes,Boletales,Boletaceae,Boletus,Boletus edulis,,SPECIES,Boletus edulis Bull.,Boletus edulis Bull.:Fr.,,FI,Väärä-Musta,Uusimaa,PRESENT,,04fd2e13-6881-4e5c-9dd1-8fdd9ab993c1,60.339346,24.614322,1.0,,,,,,2021-08-28T00:00Z,28,8,2021,MCH9,MCH9,MACHINE_OBSERVATION,,HR.2129,http://tun.fi/JX.1271529,,,,CC_BY_4_0,,Mikko Veräjänkorva,,,2026-09-09T03:54:22.453Z,,
3441139808,2bc4c2db-1dfa-419c-93ce-6602c5ae8c99,http://tun.fi/JX.1294833#36,Fungi,Basidiomycota,Agaricomycetes,Boletales,Boletaceae,Boletus,Boletus edulis,,SPECIES,Boletus edulis Bull.,Boletus edulis Bull.:Fr.,,FI,Korpilampi,Uusimaa,PRESENT,,04fd2e13-6881-4e5c-9dd1-8fdd9ab993c1,60.326028,24.729606,1000.0,,,,,,2021-08-28T00:00Z/2021-09-02T00:00Z,,,2021,MCH9,MCH9,MACHINE_OBSERVATION,,HR.2129,http://tun.fi/JX.1294833,,,,CC_BY_4_0,,Mari Kajasvirta,,,2026-09-09T03:54:24.296Z,,
3441141869,2bc4c2db-1dfa-419c-93ce-6602c5ae8c99,http://tun.fi/JX.1271120#18,Fungi,Basidiomycota,Agaricomycetes,Boletales,Boletaceae,Boletus,Boletus edulis,,SPECIES,Boletus edulis Bull.,Boletus edulis Bull.:Fr.,,FI,,Varsinais-Suomi,PRESENT,,04fd2e13-6881-4e5c-9dd1-8fdd9ab993c1,60.365676,22.33113,1.0,,,,,,2021-08-28T11:40Z,28,8,2021,MCH9,MCH9,MACHINE_OBSERVATION,,HR.2129,http://tun.fi/JX.1271120,,,,CC_BY_4_0,,Jakke Elonen,,,2026-09-09T03:54:30.787Z,,
3441151873,2bc4c2db-1dfa-419c-93ce-6602c5ae8c99,http://tun.fi/JX.1272490#3,Fungi,Basidiomycota,Agaricomycetes,Boletales,Boletaceae,Boletus,Boletus edulis,,SPECIES,Boletus edulis Bull.,Boletus edulis Bull.:Fr.,,EE,Peraküla,"Lääne maakond, Lääne County",PRESENT,,04fd2e13-6881-4e5c-9dd1-8fdd9ab993c1,59.211725,23.604574,1.0,,,,,,2021-09-01T00:00Z,1,9,2021,MCH9,MCH9,MACHINE_OBSERVATION,,HR.2129,http://tun.fi/JX.1272490,,,,CC_BY_4_0,,Allar Antson,,,2026-09-09T03:54:30.651Z,,
3441194878,2bc4c2db-1dfa-419c-93ce-6602c5ae8c99,http://tun.fi/JX.1272918#6,Fungi,Basidiomycota,Agaricomycetes,Boletales,Boletaceae,Boletus,Boletus edulis,,SPECIES,Boletus edulis Bull.,Boletus edulis Bull.:Fr.,,EE,Keibu,"Harju maakond, Harju County",PRESENT,,04fd2e13-6881-4e5c-9dd1-8fdd9ab993c1,59.261933,23.741739,1.0,,,,,,2021-09-03T00:00Z,3,9,2021,MCH9,MCH9,MACHINE_OBSERVATION,,HR.2129,http://tun.fi/JX.1272918,,,,CC_BY_4_0,,Allar Antson,,,2026-09-09T03:54:50.401Z,,
3441203033,2bc4c2db-1dfa-419c-93ce-6602c5ae8c99,http://tun.fi/JX.1272868#6,Fungi,Basidiomycota,Agaricomycetes,Boletales,Boletaceae,Boletus,Boletus edulis,,SPECIES,Boletus edulis Bull.,Boletus edulis Bull.:Fr.,,EE,Lehola,"Harju maakond, Harju County",PRESENT,,04fd2e13-6881-4e5c-9dd1-8fdd9ab993c1,59.287214,24.283781,1.0,,,,,,2021-09-03T00:00Z,3,9,2021,MCH9,MCH9,MACHINE_OBSERVATION,,HR.2129,http://tun.fi/JX.1272868,,,,CC_BY_4_0,,Allar Antson,,,2026-09-09T03:54:54.133Z,,
3441204593,2bc4c2db-1dfa-419c-93ce-6602c5ae8c99,http://tun.fi/JX.1273024#15,Fungi,Basidiomycota,Agaricomycetes,Boletales,Boletaceae,Boletus,Boletus edulis,,SPECIES,Boletus edulis Bull.,Boletus edulis Bull.:Fr.,,FI,Laihue,Uusimaa,PRESENT,,04fd2e13-6881-4e5c-9dd1-8fdd9ab993c1,60.529166,24.560095,1000.0,,,,,,2021-09-04T00:00Z,4,9,2021,MCH9,MCH9,MACHINE_OBSERVATION,,HR.2129,http://tun.fi/JX.1273024,,,,CC_BY_4_0,,Mari Kajasvirta,,,2026-09-09T03:54:55.011Z,,
3441168037,2bc4c2db-1dfa-419c-93ce-6602c5ae8c99,http://tun.fi/JX.1273277#3,Fungi,Basidiomycota,Agaricomycetes,Boletales,Boletaceae,Boletus,Boletus edulis,,SPECIES,Boletus edulis Bull.,Boletus edulis Bull.:Fr.,,FI,"Kuokkala, Samulinniemi",Keski-Suomi,PRESENT,1,04fd2e13-6881-4e5c-9dd1-8fdd9ab993c1,62.220259,25.808099,1.0,,,,,,2021-09-04T00:00Z/2021-09-05T00:00Z,,9,2021,MCH9,MCH9,MACHINE_OBSERVATION,,HR.2129,http://tun.fi/JX.1273277,,,,CC_BY_4_0,,Tilta Matilda,,,2026-09-09T03:54:38.572Z,,
3441202572,2bc4c2db-1dfa-419c-93ce-6602c5ae8c99,http://tun.fi/JX.1273215#18,Fungi,Basidiomycota,Agaricomycetes,Boletales,Boletaceae,Boletus,Boletus edulis,,SPECIES,Boletus edulis Bull.,Boletus edulis Bull.:Fr.,,FI,,Uusimaa,PRESENT,,04fd2e13-6881-4e5c-9dd1-8fdd9ab993c1,60.250306,25.063485,1.0,,,,,,2021-09-04T14:44Z/2021-09-04T15:20Z,4,9,2021,MCH9,MCH9,MACHINE_OBSERVATION,,HR.2129,http://tun.fi/JX.1273215,,,,CC_BY_4_0,,Outi Laakso;Juha K Karvonen,,,2026-09-09T03:54:56.343Z,,
3441188352,2bc4c2db-1dfa-419c-93ce-6602c5ae8c99,http://tun.fi/JX.1294747#12,Fungi,Basidiomycota,Agaricomycetes,Boletales,Boletaceae,Boletus,Boletus edulis,,SPECIES,Boletus edulis Bull.,Boletus edulis Bull.:Fr.,,FI,Kappeli,Keski-Suomi,PRESENT,,04fd2e13-6881-4e5c-9dd1-8fdd9ab993c1,62.403097,26.429605,100.0,,,,,,2021-09-06T00:00Z,6,9,2021,MCH9,MCH9,MACHINE_OBSERVATION,,HR.2129,http://tun.fi/JX.1294747,,,,CC_BY_4_0,,Jukka Vauras,,,2026-09-09T03:54:49.782Z,,
3441151917,2bc4c2db-1dfa-419c-93ce-6602c5ae8c99,http://tun.fi/JX.1322587#34,Fungi,Basidiomycota,Agaricomycetes,Boletales,Boletaceae,Boletus,Boletus edulis,,SPECIES,Boletus edulis Bull.,Boletus edulis Bull.:Fr.,,FI,"Luukki, Pitkäsuon - Halkolammen välinen alue",Uusimaa,PRESENT,,04fd2e13-6881-4e5c-9dd1-8fdd9ab993c1,60.32868,24.670195,1000.0,,,,,,2021-09-06T00:00Z/2021-09-09T00:00Z,,9,2021,MCH9,MCH9,MACHINE_OBSERVATION,,HR.2129,http://tun.fi/JX.1322587,,,,CC_BY_4_0,,Mari Kajasvirta,,,2026-09-09T03:54:30.728Z,,
3441143997,2bc4c2db-1dfa-419c-93ce-6602c5ae8c99,http://tun.fi/JX.1273872#3,Fungi,Basidiomycota,Agaricomycetes,Boletales,Boletaceae,Boletus,Boletus edulis,,SPECIES,Boletus edulis Bull.,Boletus edulis Bull.:Fr.,,EE,Heinassaare,"Ida-Viru maakond, Ida-Viru County",PRESENT,,04fd2e13-6881-4e5c-9dd1-8fdd9ab993c1,59.180292,27.170854,1.0,,,,,,2021-09-07T00:00Z,7,9,2021,MCH9,MCH9,MACHINE_OBSERVATION,,HR.2129,http://tun.fi/JX.1273872,,,,CC_BY_4_0,,Allar Antson,,,2026-09-09T03:54:26.418Z,,
3441199264,2bc4c2db-1dfa-419c-93ce-6602c5ae8c99,http://tun.fi/JX.1273846#3,Fungi,Basidiomycota,Agaricomycetes,Boletales,Boletaceae,Boletus,Boletus edulis,,SPECIES,Boletus edulis Bull.,Boletus edulis Bull.:Fr.,,FI,Kinissaari,Päijät-Häme,PRESENT,5,04fd2e13-6881-4e5c-9dd1-8fdd9ab993c1,61.191259,25.688106,1000.0,,,,,,2021-09-07T00:00Z,7,9,2021,MCH9,MCH9,MACHINE_OBSERVATION,,HR.2129,http://tun.fi/JX.1273846,,,,CC_BY_4_0,,Marja Ehrstedt,,,2026-09-09T03:54:55.011Z,StillImage,
4078168372,2bc4c2db-1dfa-419c-93ce-6602c5ae8c99,http://tun.fi/JX.1293028#60,Fungi,Basidiomycota,Agaricomycetes,Boletales,Boletaceae,Boletus,Boletus edulis,,SPECIES,Boletus edulis Bull.,Boletus edulis Bull.:Fr.,,FI,"Rominoja, LS",Päijät-Häme,PRESENT,,04fd2e13-6881-4e5c-9dd1-8fdd9ab993c1,61.185256,25.717097,1000.0,,,,,,2021-09-07T00:00Z,7,9,2021,MCH9,MCH9,HUMAN_OBSERVATION,,HR.2129,http://tun.fi/JX.1293028,,,,CC_BY_4_0,,Riitta Tamminen;Ilkka Kytövuori,,,2026-09-09T03:55:15.488Z,,
3441204645,2bc4c2db-1dfa-419c-93ce-6602c5ae8c99,http://tun.fi/JX.1273953#18,Fungi,Basidiomycota,Agaricomycetes,Boletales,Boletaceae,Boletus,Boletus edulis,,SPECIES,Boletus edulis Bull.,Boletus edulis Bull.:Fr.,,FI,,Päijät-Häme,PRESENT,,04fd2e13-6881-4e5c-9dd1-8fdd9ab993c1,61.188141,25.671451,1.0,,,,,,2021-09-07T15:23Z/2021-09-07T15:59Z,7,9,2021,MCH9,MCH9,MACHINE_OBSERVATION,,HR.2129,http://tun.fi/JX.1273953,,,,CC_BY_4_0,,Outi Laakso,,,2026-09-09T03:54:54.719Z,,
3441160961,2bc4c2db-1dfa-419c-93ce-6602c5ae8c99,http://tun.fi/JX.1274396#9,Fungi,Basidiomycota,Agaricomycetes,Boletales,Boletaceae,Boletus,Boletus edulis,,SPECIES,Boletus edulis Bull.,Boletus edulis Bull.:Fr.,,FI,,Päijät-Häme,PRESENT,10,04fd2e13-6881-4e5c-9dd1-8fdd9ab993c1,61.230115,25.737333,1.0,,,,,,2021-09-08T00:00Z,8,9,2021,MCH9,MCH9,MACHINE_OBSERVATION,,HR.2129,http://tun.fi/JX.1274396,,,,CC_BY_4_0,,Tarja Siuvatti,,,2026-09-09T03:54:34.982Z,,
3441162711,2bc4c2db-1dfa-419c-93ce-6602c5ae8c99,http://tun.fi/JX.1274040#27,Fungi,Basidiomycota,Agaricomycetes,Boletales,Boletaceae,Boletus,Boletus edulis,,SPECIES,Boletus edulis Bull.,Boletus edulis Bull.:Fr.,,FI,"Patalahti, Susimäki",Päijät-Häme,PRESENT,1,04fd2e13-6881-4e5c-9dd1-8fdd9ab993c1,61.208295,25.742807,100.0,,,,,,2021-09-08T00:00Z,8,9,2021,MCH9,MCH9,MACHINE_OBSERVATION,,HR.2129,http://tun.fi/JX.1274040,,,,CC_BY_4_0,,Marja Ehrstedt,,,2026-09-09T03:54:40.219Z,StillImage,
3441166728,2bc4c2db-1dfa-419c-93ce-6602c5ae8c99,http://tun.fi/JX.1274112#6,Fungi,Basidiomycota,Agaricomycetes,Boletales,Boletaceae,Boletus,Boletus edulis,,SPECIES,Boletus edulis Bull.,Boletus edulis Bull.:Fr.,,EE,Kaleste,"Hiiu maakond, Hiiu County",PRESENT,,04fd2e13-6881-4e5c-9dd1-8fdd9ab993c1,58.923591,22.124164,1.0,,,,,,2021-09-08T00:00Z,8,9,2021,MCH9,MCH9,MACHINE_OBSERVATION,,HR.2129,http://tun.fi/JX.1274112,,,,CC_BY_4_0,,Allar Antson,,,2026-09-09T03:54:41.757Z,,
3441192699,2bc4c2db-1dfa-419c-93ce-6602c5ae8c99,http://tun.fi/JX.1274095#6,Fungi,Basidiomycota,Agaricomycetes,Boletales,Boletaceae,Boletus,Boletus edulis,,SPECIES,Boletus edulis Bull.,Boletus edulis Bull.:Fr.,,FI,Rampsila,Päijät-Häme,PRESENT,,04fd2e13-6881-4e5c-9dd1-8fdd9ab993c1,61.21043,25.731503,1.0,,,,,,2021-09-08T06:58Z/2021-09-08T07:44Z,8,9,2021,MCH9,MCH9,MACHINE_OBSERVATION,,HR.2129,http://tun.fi/JX.1274095,,,,CC_BY_4_0,,Outi Laakso,,,2026-09-09T03:54:49.597Z,,
3441166679,2bc4c2db-1dfa-419c-93ce-6602c5ae8c99,http://tun.fi/JX.1316897#44,Fungi,Basidiomycota,Agaricomycetes,Boletales,Boletaceae,Boletus,Boletus edulis,,SPECIES,Boletus edulis Bull.,Boletus edulis Bull.:Fr.,,FI,Louejoki,Lappi,PRESENT,,04fd2e13-6881-4e5c-9dd1-8fdd9ab993c1,66.161581,24.999997,1.0,,,,,,2021-09-09T00:00Z,9,9,2021,MCH9,MCH9,MACHINE_OBSERVATION,,HR.2129,http://tun.fi/JX.1316897,,,,CC_BY_4_0,,Piia Lamminsivu;Anne-Mari Enne,,,2026-09-09T03:54:37.935Z,,
3441172659,2bc4c2db-1dfa-419c-93ce-6602c5ae8c99,http://tun.fi/JX.1274346#21,Fungi,Basidiomycota,Agaricomycetes,Boletales,Boletaceae,Boletus,Boletus edulis,,SPECIES,Boletus edulis Bull.,Boletus edulis Bull.:Fr.,,FI,Tupala,Päijät-Häme,PRESENT,,04fd2e13-6881-4e5c-9dd1-8fdd9ab993c1,61.239252,25.385055,100.0,,,,,,2021-09-09T12:29Z/2021-09-09T12:32Z,9,9,2021,MCH9,MCH9,HUMAN_OBSERVATION,,HR.2129,http://tun.fi/JX.1274346,,,,CC_BY_4_0,,Tea von Bonsdorff,,,2026-09-09T03:54:40.585Z,,
3441149711,2bc4c2db-1dfa-419c-93ce-6602c5ae8c99,http://tun.fi/JX.1295040#3,Fungi,Basidiomycota,Agaricomycetes,Boletales,Boletaceae,Boletus,Boletus edulis,,SPECIES,Boletus edulis Bull.,Boletus edulis Bull.:Fr.,,FI,Yli-Revonaho,Lappi,PRESENT,1,04fd2e13-6881-4e5c-9dd1-8fdd9ab993c1,66.0594,24.72544,1.0,,,,,,2021-09-10T00:00Z,10,9,2021,MCH9,MCH9,MACHINE_OBSERVATION,,HR.2129,http://tun.fi/JX.1295040,,,,CC_BY_4_0,,Seppo Huhmarniemi,,,2026-09-09T03:54:29.657Z,,
3441163184,2bc4c2db-1dfa-419c-93ce-6602c5ae8c99,http://tun.fi/JX.1274990#24,Fungi,Basidiomycota,Agaricomycetes,Boletales,Boletaceae,Boletus,Boletus edulis,,SPECIES,Boletus edulis Bull.,Boletus edulis Bull.:Fr.,,FI,Yli-Revonaho,Lappi,PRESENT,2,04fd2e13-6881-4e5c-9dd1-8fdd9ab993c1,66.058306,24.727411,1.0,,,,,,2021-09-10T00:00Z,10,9,2021,MCH9,MCH9,MACHINE_OBSERVATION,,HR.2129,http://tun.fi/JX.1274990,,,,CC_BY_4_0,,Seija Korpinen,,,2026-09-09T03:54:36.290Z,,
3441166059,2bc4c2db-1dfa-419c-93ce-6602c5ae8c99,http://tun.fi/JX.1274507#3,Fungi,Basidiomycota,Agaricomycetes,Boletales,Boletaceae,Boletus,Boletus edulis,,SPECIES,Boletus edulis Bull.,Boletus edulis Bull.:Fr.,,FI,Varejoki,Lappi,PRESENT,6,04fd2e13-6881-4e5c-9dd1-8fdd9ab993c1,66.129186,24.716545,1.0,,,,,,2021-09-10T00:00Z,10,9,2021,MCH9,MCH9,MACHINE_OBSERVATION,,HR.2129,http://tun.fi/JX.1274507,,,,CC_BY_4_0,,Marja Ehrstedt;Sanna Karvonen;Janne Koskinen;Outi Laakso;Juha K Karvonen,,,2026-09-09T03:54:37.553Z,StillImage,
3441185526,2bc4c2db-1dfa-419c-93ce-6602c5ae8c99,http://tun.fi/JX.1292821#21,Fungi,Basidiomycota,Agaricomycetes,Boletales,Boletaceae,Boletus,Boletus edulis,,SPECIES,Boletus edulis Bull.,Boletus edulis Bull.:Fr.,,FI,Suntiala,Päijät-Häme,PRESENT,1,04fd2e13-6881-4e5c-9dd1-8fdd9ab993c1,61.217307,25.490113,100.0,,,,,,2021-09-10T00:00Z,10,9,2021,MCH9,MCH9,MACHINE_OBSERVATION,,HR.2129,http://tun.fi/JX.1292821,,,,CC_BY_4_0,,Jukka Vauras,,,2026-09-09T03:54:46.418Z,,
3441190094,2bc4c2db-1dfa-419c-93ce-6602c5ae8c99,http://tun.fi/JX.1274655#18,Fungi,Basidiomycota,Agaricomycetes,Boletales,Boletaceae,Boletus,Boletus edulis,,SPECIES,Boletus edulis Bull.,Boletus edulis Bull.:Fr.,,FI,Meilahti,Uusimaa,PRESENT,4,04fd2e13-6881-4e5c-9dd1-8fdd9ab993c1,60.192749,24.892964,1000.0,,,,,,2021-09-10T00:00Z,10,9,2021,MCH9,MCH9,HUMAN_OBSERVATION,,HR.2129,http://tun.fi/JX.1274655,,,,CC_BY_4_0,,Timo Pettay,,,2026-09-09T03:54:48.645Z,,
3441145602,2bc4c2db-1dfa-419c-93ce-6602c5ae8c99,http://tun.fi/JX.1274952#6,Fungi,Basidiomycota,Agaricomycetes,Boletales,Boletaceae,Boletus,Boletus edulis,,SPECIES,Boletus edulis Bull.,Boletus edulis Bull.:Fr.,,FI,Pirttivaara,Lappi,PRESENT,,04fd2e13-6881-4e5c-9dd1-8fdd9ab993c1,66.314461,24.638536,1.0,,,,,,2021-09-11T00:00Z,11,9,2021,MCH9,MCH9,MACHINE_OBSERVATION,,HR.2129,http://tun.fi/JX.1274952,,,,CC_BY_4_0,,Sanna Karvonen;Marja Ehrstedt;Outi Laakso;Juha K Karvonen;Janne Koskinen,,,2026-09-09T03:54:32.398Z,,
3441178318,2bc4c2db-1dfa-419c-93ce-6602c5ae8c99,http://tun.fi/JX.1274785#3,Fungi,Basidiomycota,Agaricomycetes,Boletales,Boletaceae,Boletus,Boletus edulis,,SPECIES,Boletus edulis Bull.,Boletus edulis Bull.:Fr.,,FI,Matari,Uusimaa,PRESENT,,04fd2e13-6881-4e5c-9dd1-8fdd9ab993c1,60.343676,25.08562,1.0,,,,,,2021-09-11T00:00Z,11,9,2021,MCH9,MCH9,MACHINE_OBSERVATION,,HR.2129,http://tun.fi/JX.1274785,,,,CC_BY_4_0,,Allar Antson,,,2026-09-09T03:54:43.516Z,,
3441192947,2bc4c2db-1dfa-419c-93ce-6602c5ae8c99,http://tun.fi/JX.1274834#3,Fungi,Basidiomycota,Agaricomycetes,Boletales,Boletaceae,Boletus,Boletus edulis,,SPECIES,Boletus edulis Bull.,Boletus edulis Bull.:Fr.,,FI,Vuosaari,Uusimaa,PRESENT,,04fd2e13-6881-4e5c-9dd1-8fdd9ab993c1,60.21992,25.135978,1.0,,,,,,2021-09-11T00:00Z,11,9,2021,MCH9,MCH9,MACHINE_OBSERVATION,,HR.2129,http://tun.fi/JX.1274834,,,,CC_BY_4_0,,Allar Antson,,,2026-09-09T03:54:49.645Z,,
4078168450,2bc4c2db-1dfa-419c-93ce-6602c5ae8c99,http://tun.fi/JX.1293025#9,Fungi,Basidiomycota,Agaricomycetes,Boletales,Boletaceae,Boletus,Boletus edulis,,SPECIES,Boletus edulis Bull.,Boletus edulis Bull.:Fr.,,FI,"Ylitornio, Kaitajärvi, Kuusikkorompaat, välipolku",Lappi,PRESENT,,04fd2e13-6881-4e5c-9dd1-8fdd9ab993c1,66.445082,24.782167,1000.0,,,,,,2021-09-15T00:00Z,15,9,2021,MCH9,MCH9,HUMAN_OBSERVATION,,HR.2129,http://tun.fi/JX.1293025,,,,CC_BY_4_0,,Riitta Tamminen;Ilkka Kytövuori,,,2026-09-09T03:55:15.422Z,,
3441214051,2bc4c2db-1dfa-419c-93ce-6602c5ae8c99,http://tun.fi/JX.1329874#6,Fungi,Basidiomycota,Agaricomycetes,Boletales,Boletaceae,Boletus,Boletus edulis,,SPECIES,Boletus edulis Bull.,Boletus edulis Bull.:Fr.,,FI,Nivavaara,Lappi,PRESENT,1,04fd2e13-6881-4e5c-9dd1-8fdd9ab993c1,66.534794,25.827554,100.0,,,,,,2021-09-22T00:00Z,22,9,2021,MCH9,MCH9,MACHINE_OBSERVATION,,HR.2129,http://tun.fi/JX.1329874,,,,CC_BY_4_0,,Seppo Huhmarniemi,,,2026-09-09T03:54:58.609Z,,
3879280425,2bc4c2db-1dfa-419c-93ce-6602c5ae8c99,http://tun.fi/JX.1426881#3,Fungi,Basidiomycota,Agaricomycetes,Boletales,Boletaceae,Boletus,Boletus edulis,,SPECIES,Boletus edulis Bull.,Boletus edulis Bull.:Fr.,,FI,"Nivankylä, Vesalanperä",Lappi,PRESENT,1,04fd2e13-6881-4e5c-9dd1-8fdd9ab993c1,66.58327,25.69369,1.0,,,,,,2022-07-30T00:00Z,30,7,2022,MCH9,MCH9,MACHINE_OBSERVATION,,HR.2129,http://tun.fi/JX.1426881,,,,CC_BY_4_0,,Seppo Huhmarniemi,,,2026-09-09T03:55:03.057Z,,
3879280800,2bc4c2db-1dfa-419c-93ce-6602c5ae8c99,http://tun.fi/JX.1428503#21,Fungi,Basidiomycota,Agaricomycetes,Boletales,Boletaceae,Boletus,Boletus edulis,,SPECIES,Boletus edulis Bull.,Boletus edulis Bull.:Fr.,,FI,Malmhugget,Uusimaa,PRESENT,1,04fd2e13-6881-4e5c-9dd1-8fdd9ab993c1,59.830071,23.036738,100.0,,,,,,2022-08-03T00:00Z,3,8,2022,MCH9,MCH9,MACHINE_OBSERVATION,,HR.2129,http://tun.fi/JX.1428503,,,,CC_BY_4_0,,Mari Kajasvirta,,,2026-09-09T03:55:03.400Z,,
3962798389,2bc4c2db-1dfa-419c-93ce-6602c5ae8c99,http://tun.fi/JX.1502126#9,Fungi,Basidiomycota,Agaricomycetes,Boletales,Boletaceae,Boletus,Boletus edulis,,SPECIES,Boletus edulis Bull.,Boletus edulis Bull.:Fr.,,FI,"Pallastunturi, Pyhäkeron eteläreuna",Lappi,PRESENT,,04fd2e13-6881-4e5c-9dd1-8fdd9ab993c1,68.057221,24.06401,1000.0,,,,,,2022-08-03T00:00Z,3,8,2022,MCH9,MCH9,MACHINE_OBSERVATION,,HR.2129,http://tun.fi/JX.1502126,,,,CC_BY_4_0,,Tapio Kekki,,,2026-09-09T03:55:12.553Z,,
3899686659,2bc4c2db-1dfa-419c-93ce-6602c5ae8c99,http://tun.fi/JX.1432741#14,Fungi,Basidiomycota,Agaricomycetes,Boletales,Boletaceae,Boletus,Boletus edulis,,SPECIES,Boletus edulis Bull.,Boletus edulis Bull.:Fr.,,FI,Nirpantien pallokenttä,Lappi,PRESENT,6,04fd2e13-6881-4e5c-9dd1-8fdd9ab993c1,66.508125,25.654454,10.0,,,,,,2022-08-15T00:00Z,15,8,2022,MCH9,MCH9,MACHINE_OBSERVATION,,HR.2129,http://tun.fi/JX.1432741,,,,CC_BY_4_0,,Joona Saraste,,,2026-09-09T03:55:05.253Z,,
3962798778,2bc4c2db-1dfa-419c-93ce-6602c5ae8c99,http://tun.fi/JX.1502715#6,Fungi,Basidiomycota,Agaricomycetes,Boletales,Boletaceae,Boletus,Boletus edulis,,SPECIES,Boletus edulis Bull.,Boletus edulis Bull.:Fr.,,FI,Raksila,Pohjois-Pohjanmaa,PRESENT,,04fd2e13-6881-4e5c-9dd1-8fdd9ab993c1,65.007418,25.489756,100.0,,,,,,2022-08-19T00:00Z,19,8,2022,MCH9,MCH9,MACHINE_OBSERVATION,,HR.2129,http://tun.fi/JX.1502715,,,,CC_BY_4_0,,Tapio Kekki,,,2026-09-09T03:55:12.782Z,,
3899686517,2bc4c2db-1dfa-419c-93ce-6602c5ae8c99,http://tun.fi/JX.1434590#9,Fungi,Basidiomycota,Agaricomycetes,Boletales,Boletaceae,Boletus,Boletus edulis,,SPECIES,Boletus edulis Bull.,Boletus edulis Bull.:Fr.,,FI,,Päijät-Häme,PRESENT,1,04fd2e13-6881-4e5c-9dd1-8fdd9ab993c1,61.20054,26.089304,1000.0,,,,,,2022-08-21T00:00Z,21,8,2022,MCH9,MCH9,HUMAN_OBSERVATION,,HR.2129,http://tun.fi/JX.1434590,,,,CC_BY_4_0,,Minna Jukkola,,,2026-09-09T03:55:05.189Z,,
3899686512,2bc4c2db-1dfa-419c-93ce-6602c5ae8c99,http://tun.fi/JX.1436636#25,Fungi,Basidiomycota,Agaricomycetes,Boletales,Boletaceae,Boletus,Boletus edulis,,SPECIES,Boletus edulis Bull.,Boletus edulis Bull.:Fr.,,FI,"Alatornion kirkonmäki, metsälaidun",Lappi,PRESENT,1,04fd2e13-6881-4e5c-9dd1-8fdd9ab993c1,65.829586,24.154412,1000.0,,,,,,2022-08-26T00:00Z,26,8,2022,MCH9,MCH9,MACHINE_OBSERVATION,,HR.2129,http://tun.fi/JX.1436636,,,,CC_BY_4_0,,Joona Saraste;Tapio Kekki;Seppo Huhmarniemi;Seija Korpinen,,,2026-09-09T03:55:06.294Z,,
3899687166,2bc4c2db-1dfa-419c-93ce-6602c5ae8c99,http://tun.fi/JX.1436761#3,Fungi,Basidiomycota,Agaricomycetes,Boletales,Boletaceae,Boletus,Boletus edulis,,SPECIES,Boletus edulis Bull.,Boletus edulis Bull.:Fr.,,FI,Sairakkala,Päijät-Häme,PRESENT,,04fd2e13-6881-4e5c-9dd1-8fdd9ab993c1,61.000144,25.292518,1.0,,,,,,2022-08-27T00:00Z,27,8,2022,MCH9,MCH9,MACHINE_OBSERVATION,,HR.2129,http://tun.fi/JX.1436761,,,,CC_BY_4_0,,Petri Roponen,,,2026-09-09T03:55:05.110Z,StillImage,
3899686832,2bc4c2db-1dfa-419c-93ce-6602c5ae8c99,http://tun.fi/JX.1439035#6,Fungi,Basidiomycota,Agaricomycetes,Boletales,Boletaceae,Boletus,Boletus edulis,,SPECIES,Boletus edulis Bull.,Boletus edulis Bull.:Fr.,,FI,"Suopajärvi, Kiristäjäselkä, Keskilaki",Lappi,PRESENT,1,04fd2e13-6881-4e5c-9dd1-8fdd9ab993c1,66.8706,25.8498,1.0,,,,,,2022-08-30T00:00Z,30,8,2022,MCH9,MCH9,MACHINE_OBSERVATION,,HR.2129,http://tun.fi/JX.1439035,,,,CC_BY_4_0,,Seppo Huhmarniemi,,,2026-09-09T03:55:04.972Z,,
3899685900,2bc4c2db-1dfa-419c-93ce-6602c5ae8c99,http://tun.fi/JX.1438544#30,Fungi,Basidiomycota,Agaricomycetes,Boletales,Boletaceae,Boletus,Boletus edulis,,SPECIES,Boletus edulis Bull.,Boletus edulis Bull.:Fr.,,FI,Paloinen,Keski-Suomi,PRESENT,1,04fd2e13-6881-4e5c-9dd1-8fdd9ab993c1,62.043385,26.144327,1.0,,,,,,2022-08-31T10:44Z,31,8,2022,MCH9,MCH9,MACHINE_OBSERVATION,,HR.2129,http://tun.fi/JX.1438544,,,,CC_BY_4_0,,Erna Suutari,,,2026-09-09T03:55:05.451Z,,
3899687282,2bc4c2db-1dfa-419c-93ce-6602c5ae8c99,http://tun.fi/JX.1439587#108,Fungi,Basidiomycota,Agaricomycetes,Boletales,Boletaceae,Boletus,Boletus edulis,,SPECIES,Boletus edulis Bull.,Boletus edulis Bull.:Fr.,,FI,Isterinkoski,Pohjois-Pohjanmaa,PRESENT,1,04fd2e13-6881-4e5c-9dd1-8fdd9ab993c1,64.755416,26.201165,1000.0,,,,,,2022-09-03T00:00Z,3,9,2022,MCH9,MCH9,MACHINE_OBSERVATION,,HR.2129,http://tun.fi/JX.1439587,,,,CC_BY_4_0,,Aune Pisilä;Taina Romppanen,,,2026-09-09T03:55:05.115Z,StillImage,
4174590383,2bc4c2db-1dfa-419c-93ce-6602c5ae8c99,http://tun.fi/JX.1625268#3,Fungi,Basidiomycota,Agaricomycetes,Boletales,Boletaceae,Boletus,Boletus edulis,,SPECIES,Boletus edulis Bull.,Boletus edulis Bull.:Fr.,,FI,Siikaranta,Uusimaa,PRESENT,,04fd2e13-6881-4e5c-9dd1-8fdd9ab993c1,60.282897,24.50457,1000.0,,,,,,2022-09-03T00:00Z,3,9,2022,MCH9,MCH9,MACHINE_OBSERVATION,,HR.2129,http://tun.fi/JX.1625268,,,,CC_BY_4_0,,Mari Kajasvirta,,,2026-09-09T03:55:22.856Z,,
3899685811,2bc4c2db-1dfa-419c-93ce-6602c5ae8c99,http://tun.fi/JX.1439117#24,Fungi,Basidiomycota,Agaricomycetes,Boletales,Boletaceae,Boletus,Boletus edulis,,SPECIES,Boletus edulis Bull.,Boletus edulis Bull.:Fr.,,FI,Ounasvaara,Lappi,PRESENT,,04fd2e13-6881-4e5c-9dd1-8fdd9ab993c1,66.502346,25.797563,1.0,,,,,,2022-09-03T06:52Z,3,9,2022,MCH9,MCH9,HUMAN_OBSERVATION,,HR.2129,http://tun.fi/JX.1439117,,,,CC_BY_4_0,,Perttu Kujala,,,2026-09-09T03:55:04.671Z,,
3899687300,2bc4c2db-1dfa-419c-93ce-6602c5ae8c99,http://tun.fi/JX.1439783#3,Fungi,Basidiomycota,Agaricomycetes,Boletales,Boletaceae,Boletus,Boletus edulis,,SPECIES,Boletus edulis Bull.,Boletus edulis Bull.:Fr.,,FI,Helvetti,Päijät-Häme,PRESENT,1,04fd2e13-6881-4e5c-9dd1-8fdd9ab993c1,61.003516,25.211222,1.0,,,,,,2022-09-06T00:00Z,6,9,2022,MCH9,MCH9,MACHINE_OBSERVATION,,HR.2129,http://tun.fi/JX.1439783,,,,CC_BY_4_0,,Marja Ehrstedt;Juha K Karvonen,,,2026-09-09T03:55:05.763Z,StillImage,
3924877780,2bc4c2db-1dfa-419c-93ce-6602c5ae8c99,http://tun.fi/JX.1440764#42,Fungi,Basidiomycota,Agaricomycetes,Boletales,Boletaceae,Boletus,Boletus edulis,,SPECIES,Boletus edulis Bull.,Boletus edulis Bull.:Fr.,,FI,Enonniemi,Pohjois-Savo,PRESENT,1,04fd2e13-6881-4e5c-9dd1-8fdd9ab993c1,62.58826,26.63525,1.0,,,,,,2022-09-10T09:28Z,10,9,2022,MCH9,MCH9,MACHINE_OBSERVATION,,HR.2129,http://tun.fi/JX.1440764,,,,CC_BY_4_0,,Erna Suutari,,,2026-09-09T03:55:10.606Z,,
3901597364,2bc4c2db-1dfa-419c-93ce-6602c5ae8c99,http://tun.fi/JX.1442083#3,Fungi,Basidiomycota,Agaricomycetes,Boletales,Boletaceae,Boletus,Boletus edulis,,SPECIES,Boletus edulis Bull.,Boletus edulis Bull.:Fr.,,FI,"Rahi, Leonsaari",Varsinais-Suomi,PRESENT,2,04fd2e13-6881-4e5c-9dd1-8fdd9ab993c1,60.593233,21.389081,10.0,,,,,,2022-09-12T00:00Z,12,9,2022,MCH9,MCH9,MACHINE_OBSERVATION,,HR.2129,http://tun.fi/JX.1442083,,,,CC_BY_4_0,,Jukka Vauras,,,2026-09-09T03:55:06.017Z,,
3901597378,2bc4c2db-1dfa-419c-93ce-6602c5ae8c99,http://tun.fi/JX.1441941#3,Fungi,Basidiomycota,Agaricomycetes,Boletales,Boletaceae,Boletus,Boletus edulis,,SPECIES,Boletus edulis Bull.,Boletus edulis Bull.:Fr.,,FI,Lohvanperä,Pohjois-Pohjanmaa,PRESENT,1,04fd2e13-6881-4e5c-9dd1-8fdd9ab993c1,63.772534,26.064626,1.0,,,,,,2022-09-12T00:00Z,12,9,2022,MCH9,MCH9,MACHINE_OBSERVATION,,HR.2129,http://tun.fi/JX.1441941,,,,CC_BY_4_0,,Alpo Huhmarniemi,,,2026-09-09T03:55:06.893Z,StillImage;StillImage,
3924877186,2bc4c2db-1dfa-419c-93ce-6602c5ae8c99,http://tun.fi/JX.1448733#7,Fungi,Basidiomycota,Agaricomycetes,Boletales,Boletaceae,Boletus,Boletus edulis,,SPECIES,Boletus edulis Bull.,Boletus edulis Bull.:Fr.,,FI,Huutoniemi,Pohjanmaa,PRESENT,,04fd2e13-6881-4e5c-9dd1-8fdd9ab993c1,63.088271,21.680592,1.0,,,,,,2022-09-16T00:00Z,16,9,2022,MCH9,MCH9,MACHINE_OBSERVATION,,HR.2129,http://tun.fi/JX.1448733,,,,CC_BY_4_0,,Matti Kyröläinen,,,2026-09-09T03:55:09.911Z,,
3913109576,2bc4c2db-1dfa-419c-93ce-6602c5ae8c99,http://tun.fi/JX.1443602#27,Fungi,Basidiomycota,Agaricomycetes,Boletales,Boletaceae,Boletus,Boletus edulis,,SPECIES,Boletus edulis Bull.,Boletus edulis Bull.:Fr.,,FI,Teijon kansallispuisto,Varsinais-Suomi,PRESENT,,04fd2e13-6881-4e5c-9dd1-8fdd9ab993c1,60.208165,22.953144,1.0,,,,,,2022-09-19T14:26Z/2022-09-19T16:16Z,19,9,2022,MCH9,MCH9,MACHINE_OBSERVATION,,HR.2129,http://tun.fi/JX.1443602,,,,CC_BY_4_0,,Tarja Siuvatti,,,2026-09-09T03:55:06.210Z,,
3944919023,2bc4c2db-1dfa-419c-93ce-6602c5ae8c99,http://tun.fi/JX.1449808#7,Fungi,Basidiomycota,Agaricomycetes,Boletales,Boletaceae,Boletus,Boletus edulis,,SPECIES,Boletus edulis Bull.,Boletus edulis Bull.:Fr.,,FI,"Piikkiö, Pappila",Varsinais-Suomi,PRESENT,1,04fd2e13-6881-4e5c-9dd1-8fdd9ab993c1,60.429616,22.515348,100.0,,,,,,2022-09-20T00:00Z,20,9,2022,MCH9,MCH9,MACHINE_OBSERVATION,,HR.2129,http://tun.fi/JX.1449808,,,,CC_BY_4_0,,Jukka Vauras,,,2026-09-09T03:55:11.062Z,,
3913109643,2bc4c2db-1dfa-419c-93ce-6602c5ae8c99,http://tun.fi/JX.1443788#18,Fungi,Basidiomycota,Agaricomycetes,Boletales,Boletaceae,Boletus,Boletus edulis,,SPECIES,Boletus edulis Bull.,Boletus edulis Bull.:Fr.,,FI,Salainen,Varsinais-Suomi,PRESENT,,04fd2e13-6881-4e5c-9dd1-8fdd9ab993c1,60.448746,23.120342,1.0,,,,,,2022-09-20T14:33Z/2022-09-20T14:58Z,20,9,2022,MCH9,MCH9,MACHINE_OBSERVATION,,HR.2129,http://tun.fi/JX.1443788,,,,CC_BY_4_0,,Tarja Siuvatti,,,2026-09-09T03:55:05.497Z,,
3924876519,2bc4c2db-1dfa-419c-93ce-6602c5ae8c99,http://tun.fi/JX.1444833#21,Fungi,Basidiomycota,Agaricomycetes,Boletales,Boletaceae,Boletus,Boletus edulis,,SPECIES,Boletus edulis Bull.,Boletus edulis Bull.:Fr.,,FI,"Salainen, Tappokukkula",Varsinais-Suomi,PRESENT,,04fd2e13-6881-4e5c-9dd1-8fdd9ab993c1,60.451541,23.083952,1.0,,,,,,2022-09-25T13:31Z/2022-09-25T14:36Z,25,9,2022,MCH9,MCH9,MACHINE_OBSERVATION,,HR.2129,http://tun.fi/JX.1444833,,,,CC_BY_4_0,,Tarja Siuvatti,,,2026-09-09T03:55:08.811Z,,
3946948301,2bc4c2db-1dfa-419c-93ce-6602c5ae8c99,http://tun.fi/JX.1450512#9,Fungi,Basidiomycota,Agaricomycetes,Boletales,Boletaceae,Boletus,Boletus edulis,,SPECIES,Boletus edulis Bull.,Boletus edulis Bull.:Fr.,,FI,Pahkavuori,Varsinais-Suomi,PRESENT,,04fd2e13-6881-4e5c-9dd1-8fdd9ab993c1,60.379522,23.170481,1.0,,,,,,2022-10-23T14:26Z/2022-10-23T15:25Z,23,10,2022,MCH9,MCH9,MACHINE_OBSERVATION,,HR.2129,http://tun.fi/JX.1450512,,,,CC_BY_4_0,,Tarja Siuvatti,,,2026-09-09T03:55:12.229Z,,
4170896361,2bc4c2db-1dfa-419c-93ce-6602c5ae8c99,http://tun.fi/JX.1623792#23,Fungi,Basidiomycota,Agaricomycetes,Boletales,Boletaceae,Boletus,Boletus edulis,,SPECIES,Boletus edulis Bull.,Boletus edulis Bull.:Fr.,,FI,Täktom Malmhugget,Uusimaa,PRESENT,,04fd2e13-6881-4e5c-9dd1-8fdd9ab993c1,59.830302,23.033883,1000.0,,,,,,2022-10-29T00:00Z/2022-10-30T00:00Z,,10,2022,MCH9,MCH9,MACHINE_OBSERVATION,,HR.2129,http://tun.fi/JX.1623792,,,,CC_BY_4_0,,Mari Kajasvirta,,,2026-09-09T03:55:21.846Z,,
4152970363,2bc4c2db-1dfa-419c-93ce-6602c5ae8c99,http://tun.fi/JX.1608227#3,Fungi,Basidiomycota,Agaricomycetes,Boletales,Boletaceae,Boletus,Boletus edulis,,SPECIES,Boletus edulis Bull.,Boletus edulis Bull.:Fr.,,FI,,Päijät-Häme,PRESENT,1,04fd2e13-6881-4e5c-9dd1-8fdd9ab993c1,61.201037,26.088494,1000.0,,,,,,2023-07-09T00:00Z,9,7,2023,MCH9,MCH9,MACHINE_OBSERVATION,,HR.2129,http://tun.fi/JX.1608227,,,,CC_BY_4_0,,Minna Jukkola,,,2026-09-09T03:55:18.774Z,StillImage;StillImage,
4152970365,2bc4c2db-1dfa-419c-93ce-6602c5ae8c99,http://tun.fi/JX.1608749#3,Fungi,Basidiomycota,Agaricomycetes,Boletales,Boletaceae,Boletus,Boletus edulis,,SPECIES,Boletus edulis Bull.,Boletus edulis Bull.:Fr.,,FI,Mukkula,Päijät-Häme,PRESENT,,04fd2e13-6881-4e5c-9dd1-8fdd9ab993c1,61.011399,25.652626,1.0,,,,,,2023-07-10T00:00Z,10,7,2023,MCH9,MCH9,MACHINE_OBSERVATION,,HR.2129,http://tun.fi/JX.1608749,,,,CC_BY_4_0,,Petri Roponen,,,2026-09-09T03:55:18.918Z,StillImage,
4846021454,2bc4c2db-1dfa-419c-93ce-6602c5ae8c99,http://tun.fi/JX.1610637#23,Fungi,Basidiomycota,Agaricomycetes,Boletales,Boletaceae,Boletus,Boletus edulis,,SPECIES,Boletus edulis Bull.,Boletus edulis Bull.:Fr.,,FI,Ap,Keski-Suomi,PRESENT,,04fd2e13-6881-4e5c-9dd1-8fdd9ab993c1,62.318121,26.347633,1.0,,,,,,2023-07-13T15:38Z,13,7,2023,MCH9,MCH9,MACHINE_OBSERVATION,,HR.2129,http://tun.fi/JX.1610637,,,,CC_BY_4_0,,Laura Tarvainen,,,2026-09-09T03:55:35.112Z,,
4163102445,2bc4c2db-1dfa-419c-93ce-6602c5ae8c99,http://tun.fi/JX.1613030#9,Fungi,Basidiomycota,Agaricomycetes,Boletales,Boletaceae,Boletus,Boletus edulis,,SPECIES,Boletus edulis Bull.,Boletus edulis Bull.:Fr.,,FI,,Pirkanmaa,PRESENT,,04fd2e13-6881-4e5c-9dd1-8fdd9ab993c1,61.468413,23.814528,1.0,,,,,,2023-07-20T08:19Z,20,7,2023,MCH9,MCH9,MACHINE_OBSERVATION,,HR.2129,http://tun.fi/JX.1613030,,,,CC_BY_4_0,,Ville Vuolanto,,,2026-09-09T03:55:19.745Z,,
4528861400,2bc4c2db-1dfa-419c-93ce-6602c5ae8c99,http://tun.fi/JX.1615019#15,Fungi,Basidiomycota,Agaricomycetes,Boletales,Boletaceae,Boletus,Boletus edulis,,SPECIES,Boletus edulis Bull.,Boletus edulis Bull.:Fr.,,FI,Lavajärvi,Pirkanmaa,PRESENT,,04fd2e13-6881-4e5c-9dd1-8fdd9ab993c1,61.658626,23.460769,1000.0,,,,,,2023-07-21T00:00Z,21,7,2023,MCH9,MCH9,MACHINE_OBSERVATION,,HR.2129,http://tun.fi/JX.1615019,,,,CC_BY_4_0,,Anne-Mari Enne;Piia Lamminsivu,,,2026-09-09T03:55:33.420Z,,
4167105343,2bc4c2db-1dfa-419c-93ce-6602c5ae8c99,http://tun.fi/JX.1616106#5,Fungi,Basidiomycota,Agaricomycetes,Boletales,Boletaceae,Boletus,Boletus edulis,,SPECIES,Boletus edulis Bull.,Boletus edulis Bull.:Fr.,,FI,Lavajärvi,Pirkanmaa,PRESENT,1,04fd2e13-6881-4e5c-9dd1-8fdd9ab993c1,61.659401,23.477275,1000.0,,,,,,2023-07-23T00:00Z,23,7,2023,MCH9,MCH9,MACHINE_OBSERVATION,,HR.2129,http://tun.fi/JX.1616106,,,,CC_BY_4_0,,Anne-Mari Enne;Piia Lamminsivu,,,2026-09-09T03:55:21.065Z,,
4528863409,2bc4c2db-1dfa-419c-93ce-6602c5ae8c99,http://tun.fi/JX.1616106#19,Fungi,Basidiomycota,Agaricomycetes,Boletales,Boletaceae,Boletus,Boletus edulis,,SPECIES,Boletus edulis Bull.,Boletus edulis Bull.:Fr.,,FI,Lavajärvi,Pirkanmaa,PRESENT,,04fd2e13-6881-4e5c-9dd1-8fdd9ab993c1,61.659401,23.477275,1000.0,,,,,,2023-07-23T00:00Z,23,7,2023,MCH9,MCH9,MACHINE_OBSERVATION,,HR.2129,http://tun.fi/JX.1616106,,,,CC_BY_4_0,,Anne-Mari Enne;Piia Lamminsivu,,,2026-09-09T03:55:33.582Z,,
4167105362,2bc4c2db-1dfa-419c-93ce-6602c5ae8c99,http://tun.fi/JX.1619999#3,Fungi,Basidiomycota,Agaricomycetes,Boletales,Boletaceae,Boletus,Boletus edulis,,SPECIES,Boletus edulis Bull.,Boletus edulis Bull.:Fr.,,EE,Mõdriku,"Lääne-Viru maakond, Lääne-Viru County",PRESENT,,04fd2e13-6881-4e5c-9dd1-8fdd9ab993c1,59.310418,26.504635,1.0,,,,,,2023-07-29T00:00Z,29,7,2023,MCH9,MCH9,MACHINE_OBSERVATION,,HR.2129,http://tun.fi/JX.1619999,,,,CC_BY_4_0,,Allar Antson,,,2026-09-09T03:55:21.072Z,,
4169789725,2bc4c2db-1dfa-419c-93ce-6602c5ae8c99,http://tun.fi/JX.1620398#3,Fungi,Basidiomycota,Agaricomycetes,Boletales,Boletaceae,Boletus,Boletus edulis,,SPECIES,Boletus edulis Bull.,Boletus edulis Bull.:Fr.,,FI,Huovilan puisto,Päijät-Häme,PRESENT,,04fd2e13-6881-4e5c-9dd1-8fdd9ab993c1,60.904357,25.243076,1.0,,,,,,2023-07-30T00:00Z,30,7,2023,MCH9,MCH9,MACHINE_OBSERVATION,,HR.2129,http://tun.fi/JX.1620398,,,,CC_BY_4_0,,Petri Roponen,,,2026-09-09T03:55:21.668Z,StillImage,
4169789510,2bc4c2db-1dfa-419c-93ce-6602c5ae8c99,http://tun.fi/JX.1622440#3,Fungi,Basidiomycota,Agaricomycetes,Boletales,Boletaceae,Boletus,Boletus edulis,,SPECIES,Boletus edulis Bull.,Boletus edulis Bull.:Fr.,,FI,Vennivaara,Lappi,PRESENT,1,04fd2e13-6881-4e5c-9dd1-8fdd9ab993c1,66.52803,25.574278,1.0,,,,,,2023-08-03T00:00Z,3,8,2023,MCH9,MCH9,MACHINE_OBSERVATION,,HR.2129,http://tun.fi/JX.1622440,,,,CC_BY_4_0,,Seppo Huhmarniemi,,,2026-09-09T03:55:21.593Z,,
4528863361,2bc4c2db-1dfa-419c-93ce-6602c5ae8c99,http://tun.fi/JX.1680914#9,Fungi,Basidiomycota,Agaricomycetes,Boletales,Boletaceae,Boletus,Boletus edulis,,SPECIES,Boletus edulis Bull.,Boletus edulis Bull.:Fr.,,FI,Julkujärvi,Pirkanmaa,PRESENT,,04fd2e13-6881-4e5c-9dd1-8fdd9ab993c1,61.560247,23.519499,1000.0,,,,,,2023-08-03T00:00Z,3,8,2023,MCH9,MCH9,MACHINE_OBSERVATION,,HR.2129,http://tun.fi/JX.1680914,,,,CC_BY_4_0,,Anne-Mari Enne;Piia Lamminsivu,,,2026-09-09T03:55:33.546Z,,
4169789688,2bc4c2db-1dfa-419c-93ce-6602c5ae8c99,http://tun.fi/JX.1622363#12,Fungi,Basidiomycota,Agaricomycetes,Boletales,Boletaceae,Boletus,Boletus edulis,,SPECIES,Boletus edulis Bull.,Boletus edulis Bull.:Fr.,,FI,Salainen,Varsinais-Suomi,PRESENT,,04fd2e13-6881-4e5c-9dd1-8fdd9ab993c1,60.4738,23.088829,1.0,,,,,,2023-08-03T16:24Z/2023-08-03T17:09Z,3,8,2023,MCH9,MCH9,MACHINE_OBSERVATION,,HR.2129,http://tun.fi/JX.1622363,,,,CC_BY_4_0,,Tarja Siuvatti,,,2026-09-09T03:55:21.437Z,,
4173269473,2bc4c2db-1dfa-419c-93ce-6602c5ae8c99,http://tun.fi/JX.1623989#13,Fungi,Basidiomycota,Agaricomycetes,Boletales,Boletaceae,Boletus,Boletus edulis,,SPECIES,Boletus edulis Bull.,Boletus edulis Bull.:Fr.,,FI,"Halikko, Märynummi, Tornimäki",Varsinais-Suomi,PRESENT,,04fd2e13-6881-4e5c-9dd1-8fdd9ab993c1,60.447203,23.071085,1000.0,,,,,,2023-08-05T00:00Z,5,8,2023,MCH9,MCH9,MACHINE_OBSERVATION,,HR.2129,http://tun.fi/JX.1623989,,,,CC_BY_4_0,,Tarja Siuvatti,,,2026-09-09T03:55:22.364Z,,
4173269830,2bc4c2db-1dfa-419c-93ce-6602c5ae8c99,http://tun.fi/JX.1622806#18,Fungi,Basidiomycota,Agaricomycetes,Boletales,Boletaceae,Boletus,Boletus edulis,,SPECIES,Boletus edulis Bull.,Boletus edulis Bull.:Fr.,,FI,Kasavuoren ls-alue,Uusimaa,PRESENT,,04fd2e13-6881-4e5c-9dd1-8fdd9ab993c1,60.213593,24.682613,1000.0,,,,,,2023-08-05T00:00Z,5,8,2023,MCH9,MCH9,MACHINE_OBSERVATION,,HR.2129,http://tun.fi/JX.1622806,,,,CC_BY_4_0,,Mari Kajasvirta,,,2026-09-09T03:55:22.605Z,,
4399636654,2bc4c2db-1dfa-419c-93ce-6602c5ae8c99,http://tun.fi/JX.1627202#46,Fungi,Basidiomycota,Agaricomycetes,Boletales,Boletaceae,Boletus,Boletus edulis,,SPECIES,Boletus edulis Bull.,Boletus edulis Bull.:Fr.,,FI,,Pohjanmaa,PRESENT,1,04fd2e13-6881-4e5c-9dd1-8fdd9ab993c1,63.038242,21.610269,1.0,,,,,,2023-08-05T00:00Z,5,8,2023,MCH9,MCH9,MACHINE_OBSERVATION,,HR.2129,http://tun.fi/JX.1627202,,,,CC_BY_4_0,,Sebastian Källman,,,2026-09-09T03:55:23.167Z,StillImage,
4169789967,2bc4c2db-1dfa-419c-93ce-6602c5ae8c99,http://tun.fi/JX.1622802#54,Fungi,Basidiomycota,Agaricomycetes,Boletales,Boletaceae,Boletus,Boletus edulis,,SPECIES,Boletus edulis Bull.,Boletus edulis Bull.:Fr.,,FI,"Halikko, Märynummi, Pihko",Varsinais-Suomi,PRESENT,,04fd2e13-6881-4e5c-9dd1-8fdd9ab993c1,60.431868,23.018466,1.0,,,,,,2023-08-05T12:06Z/2023-08-05T13:25Z,5,8,2023,MCH9,MCH9,MACHINE_OBSERVATION,,HR.2129,http://tun.fi/JX.1622802,,,,CC_BY_4_0,,Tarja Siuvatti,,,2026-09-09T03:55:22.113Z,,
4173269454,2bc4c2db-1dfa-419c-93ce-6602c5ae8c99,http://tun.fi/JX.1623180#20,Fungi,Basidiomycota,Agaricomycetes,Boletales,Boletaceae,Boletus,Boletus edulis,,SPECIES,Boletus edulis Bull.,Boletus edulis Bull.:Fr.,,FI,Lavajärvi,Pirkanmaa,PRESENT,1,04fd2e13-6881-4e5c-9dd1-8fdd9ab993c1,61.659066,23.460997,1.0,,,,,,2023-08-06T00:00Z,6,8,2023,MCH9,MCH9,MACHINE_OBSERVATION,,HR.2129,http://tun.fi/JX.1623180,,,,CC_BY_4_0,,Anne-Mari Enne;Piia Lamminsivu,,,2026-09-09T03:55:22.331Z,,
4528861322,2bc4c2db-1dfa-419c-93ce-6602c5ae8c99,http://tun.fi/JX.1679048#9,Fungi,Basidiomycota,Agaricomycetes,Boletales,Boletaceae,Boletus,Boletus edulis,,SPECIES,Boletus edulis Bull.,Boletus edulis Bull.:Fr.,,FI,Vihave,Etelä-Savo,PRESENT,,04fd2e13-6881-4e5c-9dd1-8fdd9ab993c1,62.03261,26.766596,100.0,,,,,,2023-08-06T00:00Z,6,8,2023,MCH9,MCH9,MACHINE_OBSERVATION,,HR.2129,http://tun.fi/JX.1679048,,,,CC_BY_4_0,,Päivi Saikkonen,,,2026-09-09T03:55:33.476Z,,
4173269823,2bc4c2db-1dfa-419c-93ce-6602c5ae8c99,http://tun.fi/JX.1623856#6,Fungi,Basidiomycota,Agaricomycetes,Boletales,Boletaceae,Boletus,Boletus edulis,,SPECIES,Boletus edulis Bull.,Boletus edulis Bull.:Fr.,,FI,Vikaköngäs,Lappi,PRESENT,4,04fd2e13-6881-4e5c-9dd1-8fdd9ab993c1,66.618004,26.177655,1.0,,,,,,2023-08-07T00:00Z,7,8,2023,MCH9,MCH9,MACHINE_OBSERVATION,,HR.2129,http://tun.fi/JX.1623856,,,,CC_BY_4_0,,Joona Saraste,,,2026-09-09T03:55:22.602Z,,
4399637508,2bc4c2db-1dfa-419c-93ce-6602c5ae8c99,http://tun.fi/JX.1627785#47,Fungi,Basidiomycota,Agaricomycetes,Boletales,Boletaceae,Boletus,Boletus edulis,,SPECIES,Boletus edulis Bull.,Boletus edulis Bull.:Fr.,,FI,,Pohjanmaa,PRESENT,1,04fd2e13-6881-4e5c-9dd1-8fdd9ab993c1,63.037947,21.611103,1.0,,,,,,2023-08-08T00:00Z,8,8,2023,MCH9,MCH9,MACHINE_OBSERVATION,,HR.2129,http://tun.fi/JX.1627785,,,,CC_BY_4_0,,Sebastian Källman,,,2026-09-09T03:55:23.662Z,StillImage,
4173269619,2bc4c2db-1dfa-419c-93ce-6602c5ae8c99,http://tun.fi/JX.1624440#3,Fungi,Basidiomycota,Agaricomycetes,Boletales,Boletaceae,Boletus,Boletus edulis,,SPECIES,Boletus edulis Bull.,Boletus edulis Bull.:Fr.,,FI,,Etelä-Karjala,PRESENT,,04fd2e13-6881-4e5c-9dd1-8fdd9ab993c1,61.092985,28.198156,1.0,,,,,,2023-08-09T08:25Z,9,8,2023,MCH9,MCH9,MACHINE_OBSERVATION,,HR.2129,http://tun.fi/JX.1624440,,,,CC_BY_4_0,,Virpi Laamanen,,,2026-09-09T03:55:22.491Z,,
4174590428,2bc4c2db-1dfa-419c-93ce-6602c5ae8c99,http://tun.fi/JX.1624759#9,Fungi,Basidiomycota,Agaricomycetes,Boletales,Boletaceae,Boletus,Boletus edulis,,SPECIES,Boletus edulis Bull.,Boletus edulis Bull.:Fr.,,FI,Paloskylä,Keski-Suomi,PRESENT,,04fd2e13-6881-4e5c-9dd1-8fdd9ab993c1,62.043428,26.142186,1.0,,,,,,2023-08-10T05:55Z,10,8,2023,MCH9,MCH9,MACHINE_OBSERVATION,,HR.2129,http://tun.fi/JX.1624759,,,,CC_BY_4_0,,Erna Suutari,,,2026-09-09T03:55:22.939Z,,
4173269531,2bc4c2db-1dfa-419c-93ce-6602c5ae8c99,http://tun.fi/JX.1624959#24,Fungi,Basidiomycota,Agaricomycetes,Boletales,Boletaceae,Boletus,Boletus edulis,,SPECIES,Boletus edulis Bull.,Boletus edulis Bull.:Fr.,,FI,"Lammenkorpi, Pullola",Varsinais-Suomi,PRESENT,,04fd2e13-6881-4e5c-9dd1-8fdd9ab993c1,60.334332,23.216414,1.0,,,,,,2023-08-10T13:31Z/2023-08-10T14:52Z,10,8,2023,MCH9,MCH9,MACHINE_OBSERVATION,,HR.2129,http://tun.fi/JX.1624959,,,,CC_BY_4_0,,Tarja Siuvatti,,,2026-09-09T03:55:22.494Z,,
4399636610,2bc4c2db-1dfa-419c-93ce-6602c5ae8c99,http://tun.fi/JX.1628103#15,Fungi,Basidiomycota,Agaricomycetes,Boletales,Boletaceae,Boletus,Boletus edulis,,SPECIES,Boletus edulis Bull.,Boletus edulis Bull.:Fr.,,FI,,Pohjanmaa,PRESENT,,04fd2e13-6881-4e5c-9dd1-8fdd9ab993c1,63.042672,21.596258,1.0,,,,,,2023-08-11T00:00Z,11,8,2023,MCH9,MCH9,MACHINE_OBSERVATION,,HR.2129,http://tun.fi/JX.1628103,,,,CC_BY_4_0,,Sebastian Källman,,,2026-09-09T03:55:23.153Z,StillImage,
4399637222,2bc4c2db-1dfa-419c-93ce-6602c5ae8c99,http://tun.fi/JX.1626251#174,Fungi,Basidiomycota,Agaricomycetes,Boletales,Boletaceae,Boletus,Boletus edulis,,SPECIES,Boletus edulis Bull.,Boletus edulis Bull.:Fr.,,FI,Kolmas pvä Kiviniemi- Ryläys,Pohjois-Karjala,PRESENT,,04fd2e13-6881-4e5c-9dd1-8fdd9ab993c1,63.114006,29.777003,1.0,,,,,,2023-08-13T00:00Z/2023-08-17T00:00Z,,8,2023,MCH9,MCH9,MACHINE_OBSERVATION,,HR.2129,http://tun.fi/JX.1626251,,,,CC_BY_4_0,,Mari Kajasvirta,,,2026-09-09T03:55:23.375Z,,
4434824329,2bc4c2db-1dfa-419c-93ce-6602c5ae8c99,http://tun.fi/JX.1649250#3,Fungi,Basidiomycota,Agaricomycetes,Boletales,Boletaceae,Boletus,Boletus edulis,,SPECIES,Boletus edulis Bull.,Boletus edulis Bull.:Fr.,,FI,"Kermajärvi, Hyövynniemi",Pohjois-Karjala,PRESENT,,04fd2e13-6881-4e5c-9dd1-8fdd9ab993c1,62.44314,28.8066,1.0,,,,,,2023-08-14T00:00Z,14,8,2023,MCH9,MCH9,MACHINE_OBSERVATION,,HR.2129,http://tun.fi/JX.1649250,,,,CC_BY_4_0,,Seppo Huhmarniemi,,,2026-09-09T03:55:31.845Z,,
4399636659,2bc4c2db-1dfa-419c-93ce-6602c5ae8c99,http://tun.fi/JX.1626794#39,Fungi,Basidiomycota,Agaricomycetes,Boletales,Boletaceae,Boletus,Boletus edulis,,SPECIES,Boletus edulis Bull.,Boletus edulis Bull.:Fr.,,FI,"Halikko, Tavola, Vuorelanmäki",Varsinais-Suomi,PRESENT,,04fd2e13-6881-4e5c-9dd1-8fdd9ab993c1,60.428938,23.062149,1.0,,,,,,2023-08-15T11:00Z/2023-08-15T13:11Z,15,8,2023,MCH9,MCH9,MACHINE_OBSERVATION,,HR.2129,http://tun.fi/JX.1626794,,,,CC_BY_4_0,,Tarja Siuvatti,,,2026-09-09T03:55:23.177Z,,
4596709359,2bc4c2db-1dfa-419c-93ce-6602c5ae8c99,http://tun.fi/JX.1688956#16,Fungi,Basidiomycota,Agaricomycetes,Boletales,Boletaceae,Boletus,Boletus edulis,,SPECIES,Boletus edulis Bull.,Boletus edulis Bull.:Fr.,,FI,,Pohjanmaa,PRESENT,,04fd2e13-6881-4e5c-9dd1-8fdd9ab993c1,63.051975,21.610356,1.0,,,,,,2023-08-16T00:00Z,16,8,2023,MCH9,MCH9,MACHINE_OBSERVATION,,HR.2129,http://tun.fi/JX.1688956,,,,CC_BY_4_0,,Sebastian Källman,,,2026-09-09T03:55:33.680Z,StillImage,
4596710341,2bc4c2db-1dfa-419c-93ce-6602c5ae8c99,http://tun.fi/JX.1688956#22,Fungi,Basidiomycota,Agaricomycetes,Boletales,Boletaceae,Boletus,Boletus edulis,,SPECIES,Boletus edulis Bull.,Boletus edulis Bull.:Fr.,,FI,,Pohjanmaa,PRESENT,,04fd2e13-6881-4e5c-9dd1-8fdd9ab993c1,63.052044,21.610472,1.0,,,,,,2023-08-16T00:00Z,16,8,2023,MCH9,MCH9,MACHINE_OBSERVATION,,HR.2129,http://tun.fi/JX.1688956,,,,CC_BY_4_0,,Sebastian Källman,,,2026-09-09T03:55:33.812Z,StillImage,
4596711307,2bc4c2db-1dfa-419c-93ce-6602c5ae8c99,http://tun.fi/JX.1688956#9,Fungi,Basidiomycota,Agaricomycetes,Boletales,Boletaceae,Boletus,Boletus edulis,,SPECIES,Boletus edulis Bull.,Boletus edulis Bull.:Fr.,,FI,,Pohjanmaa,PRESENT,,04fd2e13-6881-4e5c-9dd1-8fdd9ab993c1,63.051892,21.609986,1.0,,,,,,2023-08-16T00:00Z,16,8,2023,MCH9,MCH9,MACHINE_OBSERVATION,,HR.2129,http://tun.fi/JX.1688956,,,,CC_BY_4_0,,Sebastian Källman,,,2026-09-09T03:55:33.834Z,StillImage;StillImage,
4596711341,2bc4c2db-1dfa-419c-93ce-6602c5ae8c99,http://tun.fi/JX.1688956#46,Fungi,Basidiomycota,Agaricomycetes,Boletales,Boletaceae,Boletus,Boletus edulis,,SPECIES,Boletus edulis Bull.,Boletus edulis Bull.:Fr.,,FI,,Pohjanmaa,PRESENT,,04fd2e13-6881-4e5c-9dd1-8fdd9ab993c1,63.054458,21.619497,1.0,,,,,,2023-08-16T00:00Z,16,8,2023,MCH9,MCH9,MACHINE_OBSERVATION,,HR.2129,http://tun.fi/JX.1688956,,,,CC_BY_4_0,,Sebastian Källman,,,2026-09-09T03:55:33.718Z,StillImage,
4399636503,2bc4c2db-1dfa-419c-93ce-6602c5ae8c99,http://tun.fi/JX.1627499#21,Fungi,Basidiomycota,Agaricomycetes,Boletales,Boletaceae,Boletus,Boletus edulis,,SPECIES,Boletus edulis Bull.,Boletus edulis Bull.:Fr.,,FI,"Suomusjärvi, Ahtiala",Varsinais-Suomi,PRESENT,,04fd2e13-6881-4e5c-9dd1-8fdd9ab993c1,60.354848,23.563236,1.0,,,,,,2023-08-17T10:42Z/2023-08-17T16:09Z,17,8,2023,MCH9,MCH9,MACHINE_OBSERVATION,,HR.2129,http://tun.fi/JX.1627499,,,,CC_BY_4_0,,Tarja Siuvatti,,,2026-09-09T03:55:23.110Z,,
4399636440,2bc4c2db-1dfa-419c-93ce-6602c5ae8c99,http://tun.fi/JX.1627998#35,Fungi,Basidiomycota,Agaricomycetes,Boletales,Boletaceae,Boletus,Boletus edulis,,SPECIES,Boletus edulis Bull.,Boletus edulis Bull.:Fr.,,FI,Högbacka,Uusimaa,PRESENT,,04fd2e13-6881-4e5c-9dd1-8fdd9ab993c1,60.317297,24.523639,1000.0,,,,,,2023-08-19T00:00Z,19,8,2023,MCH9,MCH9,MACHINE_OBSERVATION,,HR.2129,http://tun.fi/JX.1627998,,,,CC_BY_4_0,,Mari Kajasvirta,,,2026-09-09T03:55:23.070Z,,
4399636770,2bc4c2db-1dfa-419c-93ce-6602c5ae8c99,http://tun.fi/JX.1628449#74,Fungi,Basidiomycota,Agaricomycetes,Boletales,Boletaceae,Boletus,Boletus edulis,,SPECIES,Boletus edulis Bull.,Boletus edulis Bull.:Fr.,,FI,Kasavuoren ls-alue,Uusimaa,PRESENT,,04fd2e13-6881-4e5c-9dd1-8fdd9ab993c1,60.213593,24.682613,1000.0,,,,,,2023-08-20T00:00Z,20,8,2023,MCH9,MCH9,MACHINE_OBSERVATION,,HR.2129,http://tun.fi/JX.1628449,,,,CC_BY_4_0,,Mari Kajasvirta,,,2026-09-09T03:55:23.212Z,,
4399636357,2bc4c2db-1dfa-419c-93ce-6602c5ae8c99,http://tun.fi/JX.1628406#21,Fungi,Basidiomycota,Agaricomycetes,Boletales,Boletaceae,Boletus,Boletus edulis,,SPECIES,Boletus edulis Bull.,Boletus edulis Bull.:Fr.,,FI,,Pirkanmaa,PRESENT,,04fd2e13-6881-4e5c-9dd1-8fdd9ab993c1,61.472553,23.804857,1.0,,,,,,2023-08-20T10:27Z,20,8,2023,MCH9,MCH9,HUMAN_OBSERVATION,,HR.2129,http://tun.fi/JX.1628406,,,,CC_BY_4_0,,Ville Vuolanto,,,2026-09-09T03:55:22.967Z,,
4399636449,2bc4c2db-1dfa-419c-93ce-6602c5ae8c99,http://tun.fi/JX.1628406#51,Fungi,Basidiomycota,Agaricomycetes,Boletales,Boletaceae,Boletus,Boletus edulis,,SPECIES,Boletus edulis Bull.,Boletus edulis Bull.:Fr.,,FI,,Pirkanmaa,PRESENT,,04fd2e13-6881-4e5c-9dd1-8fdd9ab993c1,61.468453,23.811403,1.0,,,,,,2023-08-20T10:53Z,20,8,2023,MCH9,MCH9,HUMAN_OBSERVATION,,HR.2129,http://tun.fi/JX.1628406,,,,CC_BY_4_0,,Ville Vuolanto,,,2026-09-09T03:55:23.075Z,,
4399637266,2bc4c2db-1dfa-419c-93ce-6602c5ae8c99,http://tun.fi/JX.1628406#117,Fungi,Basidiomycota,Agaricomycetes,Boletales,Boletaceae,Boletus,Boletus edulis,,SPECIES,Boletus edulis Bull.,Boletus edulis Bull.:Fr.,,FI,,Pirkanmaa,PRESENT,,04fd2e13-6881-4e5c-9dd1-8fdd9ab993c1,61.468642,23.815046,1.0,,,,,,2023-08-20T11:42Z,20,8,2023,MCH9,MCH9,HUMAN_OBSERVATION,,HR.2129,http://tun.fi/JX.1628406,,,,CC_BY_4_0,,Ville Vuolanto,,,2026-09-09T03:55:23.462Z,,
4399636705,2bc4c2db-1dfa-419c-93ce-6602c5ae8c99,http://tun.fi/JX.1628668#18,Fungi,Basidiomycota,Agaricomycetes,Boletales,Boletaceae,Boletus,Boletus edulis,,SPECIES,Boletus edulis Bull.,Boletus edulis Bull.:Fr.,,FI,Sahajärvi,Varsinais-Suomi,PRESENT,,04fd2e13-6881-4e5c-9dd1-8fdd9ab993c1,60.252728,22.967983,1.0,,,,,,2023-08-21T11:51Z/2023-08-21T14:27Z,21,8,2023,MCH9,MCH9,MACHINE_OBSERVATION,,HR.2129,http://tun.fi/JX.1628668,,,,CC_BY_4_0,,Tarja Siuvatti,,,2026-09-09T03:55:23.149Z,,
4399636520,2bc4c2db-1dfa-419c-93ce-6602c5ae8c99,http://tun.fi/JX.1628968#12,Fungi,Basidiomycota,Agaricomycetes,Boletales,Boletaceae,Boletus,Boletus edulis,,SPECIES,Boletus edulis Bull.,Boletus edulis Bull.:Fr.,,FI,Kuusjoki,Varsinais-Suomi,PRESENT,,04fd2e13-6881-4e5c-9dd1-8fdd9ab993c1,60.516893,23.202933,1.0,,,,,,2023-08-22T08:08Z/2023-08-22T08:13Z,22,8,2023,MCH9,MCH9,MACHINE_OBSERVATION,,HR.2129,http://tun.fi/JX.1628968,,,,CC_BY_4_0,,Tarja Siuvatti,,,2026-09-09T03:55:23.114Z,,
4421726750,2bc4c2db-1dfa-419c-93ce-6602c5ae8c99,http://tun.fi/JX.1641396#23,Fungi,Basidiomycota,Agaricomycetes,Boletales,Boletaceae,Boletus,Boletus edulis,,SPECIES,Boletus edulis Bull.,Boletus edulis Bull.:Fr.,,FI,Järventausta,Kanta-Häme,PRESENT,1,04fd2e13-6881-4e5c-9dd1-8fdd9ab993c1,60.672015,24.396221,1000.0,,,,,,2023-08-26T00:00Z,26,8,2023,MCH9,MCH9,MACHINE_OBSERVATION,,HR.2129,http://tun.fi/JX.1641396,,,,CC_BY_4_0,,Marja Ehrstedt,,,2026-09-09T03:55:28.927Z,StillImage,
4403472715,2bc4c2db-1dfa-419c-93ce-6602c5ae8c99,http://tun.fi/JX.1630359#18,Fungi,Basidiomycota,Agaricomycetes,Boletales,Boletaceae,Boletus,Boletus edulis,,SPECIES,Boletus edulis Bull.,Boletus edulis Bull.:Fr.,,FI,,Pirkanmaa,PRESENT,,04fd2e13-6881-4e5c-9dd1-8fdd9ab993c1,62.05457,23.942841,1.0,,,,,,2023-08-26T12:01Z,26,8,2023,MCH9,MCH9,MACHINE_OBSERVATION,,HR.2129,http://tun.fi/JX.1630359,,,,CC_BY_4_0,,Tyyra Juka,,,2026-09-09T03:55:24.551Z,,
4403472340,2bc4c2db-1dfa-419c-93ce-6602c5ae8c99,http://tun.fi/JX.1631567#27,Fungi,Basidiomycota,Agaricomycetes,Boletales,Boletaceae,Boletus,Boletus edulis,,SPECIES,Boletus edulis Bull.,Boletus edulis Bull.:Fr.,,FI,Kasavuoren ls-alue,Uusimaa,PRESENT,,04fd2e13-6881-4e5c-9dd1-8fdd9ab993c1,60.213593,24.682613,1000.0,,,,,,2023-08-27T00:00Z,27,8,2023,MCH9,MCH9,MACHINE_OBSERVATION,,HR.2129,http://tun.fi/JX.1631567,,,,CC_BY_4_0,,Mari Kajasvirta,,,2026-09-09T03:55:23.687Z,,
4403473227,2bc4c2db-1dfa-419c-93ce-6602c5ae8c99,http://tun.fi/JX.1631594#3,Fungi,Basidiomycota,Agaricomycetes,Boletales,Boletaceae,Boletus,Boletus edulis,,SPECIES,Boletus edulis Bull.,Boletus edulis Bull.:Fr.,,FI,"Nivankylä, Vesalanperä",Lappi,PRESENT,,04fd2e13-6881-4e5c-9dd1-8fdd9ab993c1,66.5786,25.65922,1.0,,,,,,2023-08-28T00:00Z,28,8,2023,MCH9,MCH9,MACHINE_OBSERVATION,,HR.2129,http://tun.fi/JX.1631594,,,,CC_BY_4_0,,Seppo Huhmarniemi,,,2026-09-09T03:55:24.863Z,,
4421726865,2bc4c2db-1dfa-419c-93ce-6602c5ae8c99,http://tun.fi/JX.1641701#6,Fungi,Basidiomycota,Agaricomycetes,Boletales,Boletaceae,Boletus,Boletus edulis,,SPECIES,Boletus edulis Bull.,Boletus edulis Bull.:Fr.,,FI,Strömberg Park,Pohjanmaa,PRESENT,1,04fd2e13-6881-4e5c-9dd1-8fdd9ab993c1,63.08392,21.672952,10.0,,,,,,2023-08-30T00:00Z,30,8,2023,MCH9,MCH9,MACHINE_OBSERVATION,,HR.2129,http://tun.fi/JX.1641701,,,,CC_BY_4_0,,Matti Kyröläinen,,,2026-09-09T03:55:29.052Z,,
4406204434,2bc4c2db-1dfa-419c-93ce-6602c5ae8c99,http://tun.fi/JX.1634839#7,Fungi,Basidiomycota,Agaricomycetes,Boletales,Boletaceae,Boletus,Boletus edulis,,SPECIES,Boletus edulis Bull.,Boletus edulis Bull.:Fr.,,FI,Maatialanlahti,Pirkanmaa,PRESENT,,04fd2e13-6881-4e5c-9dd1-8fdd9ab993c1,61.480927,23.541686,1000.0,,,,,,2023-09-01T00:00Z,1,9,2023,MCH9,MCH9,HUMAN_OBSERVATION,,HR.2129,http://tun.fi/JX.1634839,,,,CC_BY_4_0,,Anne Hirvonen;Anne-Mari Enne;Antti Johannes Soininen;Piia Lamminsivu;Anne Rantala,,,2026-09-09T03:55:25.362Z,,
4406205649,2bc4c2db-1dfa-419c-93ce-6602c5ae8c99,http://tun.fi/JX.1634501#41,Fungi,Basidiomycota,Agaricomycetes,Boletales,Boletaceae,Boletus,Boletus edulis,,SPECIES,Boletus edulis Bull.,Boletus edulis Bull.:Fr.,,FI,Högbacka,Uusimaa,PRESENT,,04fd2e13-6881-4e5c-9dd1-8fdd9ab993c1,60.317297,24.523639,1000.0,,,,,,2023-09-01T00:00Z,1,9,2023,MCH9,MCH9,MACHINE_OBSERVATION,,HR.2129,http://tun.fi/JX.1634501,,,,CC_BY_4_0,,Mari Kajasvirta,,,2026-09-09T03:55:25.635Z,,
4406205213,2bc4c2db-1dfa-419c-93ce-6602c5ae8c99,http://tun.fi/JX.1634944#9,Fungi,Basidiomycota,Agaricomycetes,Boletales,Boletaceae,Boletus,Boletus edulis,,SPECIES,Boletus edulis Bull.,Boletus edulis Bull.:Fr.,,FI,Römövuori,Pirkanmaa,PRESENT,2,04fd2e13-6881-4e5c-9dd1-8fdd9ab993c1,61.444012,23.387799,1000.0,,,,,,2023-09-02T00:00Z,2,9,2023,MCH9,MCH9,MACHINE_OBSERVATION,,HR.2129,http://tun.fi/JX.1634944,,,,CC_BY_4_0,,Anne Hirvonen;Anne-Mari Enne;Anne Rantala;Antti Johannes Soininen;Unto Söderholm;Piia Lamminsivu,,,2026-09-09T03:55:25.337Z,,
4406204554,2bc4c2db-1dfa-419c-93ce-6602c5ae8c99,http://tun.fi/JX.1635021#15,Fungi,Basidiomycota,Agaricomycetes,Boletales,Boletaceae,Boletus,Boletus edulis,,SPECIES,Boletus edulis Bull.,Boletus edulis Bull.:Fr.,,FI,Knuutila,Pirkanmaa,PRESENT,,04fd2e13-6881-4e5c-9dd1-8fdd9ab993c1,61.467543,23.373766,1000.0,,,,,,2023-09-03T00:00Z,3,9,2023,MCH9,MCH9,HUMAN_OBSERVATION,,HR.2129,http://tun.fi/JX.1635021,,,,CC_BY_4_0,,Anne Hirvonen;Anne-Mari Enne;Anne Rantala;Antti Johannes Soininen;Piia Lamminsivu;Unto Söderholm,,,2026-09-09T03:55:25.003Z,,
4426736822,2bc4c2db-1dfa-419c-93ce-6602c5ae8c99,http://tun.fi/JX.1645163#3,Fungi,Basidiomycota,Agaricomycetes,Boletales,Boletaceae,Boletus,Boletus edulis,,SPECIES,Boletus edulis Bull.,Boletus edulis Bull.:Fr.,,FI,Vuopajanranta,Lappi,PRESENT,2,04fd2e13-6881-4e5c-9dd1-8fdd9ab993c1,66.487744,25.765267,1.0,,,,,,2023-09-03T00:00Z,3,9,2023,MCH9,MCH9,PRESERVED_SPECIMEN,,HR.2129,http://tun.fi/JX.1645163,,,,CC_BY_4_0,,Merja Lipponen,,,2026-09-09T03:55:30.082Z,StillImage,INSTITUTION_MATCH_NONE;TAXON_CONCEPT_ID_NOT_FOUND
4406205355,2bc4c2db-1dfa-419c-93ce-6602c5ae8c99,http://tun.fi/JX.1634138#5,Fungi,Basidiomycota,Agaricomycetes,Boletales,Boletaceae,Boletus,Boletus edulis,,SPECIES,Boletus edulis Bull.,Boletus edulis Bull.:Fr.,,FI,Limalahdentie,Kymenlaakso,PRESENT,,04fd2e13-6881-4e5c-9dd1-8fdd9ab993c1,60.59217,26.625063,1000.0,,,,,,2023-09-04T00:00Z,4,9,2023,MCH9,MCH9,MACHINE_OBSERVATION,,HR.2129,http://tun.fi/JX.1634138,,,,CC_BY_4_0,,Mari Kajasvirta,,,2026-09-09T03:55:25.826Z,,
4406205051,2bc4c2db-1dfa-419c-93ce-6602c5ae8c99,http://tun.fi/JX.1634039#22,Fungi,Basidiomycota,Agaricomycetes,Boletales,Boletaceae,Boletus,Boletus edulis,,SPECIES,Boletus edulis Bull.,Boletus edulis Bull.:Fr.,,FI,,Pirkanmaa,PRESENT,,04fd2e13-6881-4e5c-9dd1-8fdd9ab993c1,61.446848,23.045146,100.0,,,,,,2023-09-04T12:07Z,4,9,2023,MCH9,MCH9,MACHINE_OBSERVATION,,HR.2129,http://tun.fi/JX.1634039,,,,CC_BY_4_0,,Tarja Siuvatti,,,2026-09-09T03:55:25.690Z,,
4417423904,2bc4c2db-1dfa-419c-93ce-6602c5ae8c99,http://tun.fi/JX.1634305#5,Fungi,Basidiomycota,Agaricomycetes,Boletales,Boletaceae,Boletus,Boletus edulis,,SPECIES,Boletus edulis Bull.,Boletus edulis Bull.:Fr.,,FI,,Pirkanmaa,PRESENT,1,04fd2e13-6881-4e5c-9dd1-8fdd9ab993c1,61.770656,23.06152,1.0,,,,,,2023-09-05T00:00Z,5,9,2023,MCH9,MCH9,MACHINE_OBSERVATION,,HR.2129,http://tun.fi/JX.1634305,,,,CC_BY_4_0,,Marja Ehrstedt,,,2026-09-09T03:55:27.958Z,StillImage,
4421726672,2bc4c2db-1dfa-419c-93ce-6602c5ae8c99,http://tun.fi/JX.1642315#7,Fungi,Basidiomycota,Agaricomycetes,Boletales,Boletaceae,Boletus,Boletus edulis,,SPECIES,Boletus edulis Bull.,Boletus edulis Bull.:Fr.,,FI,Hietalahti,Pohjanmaa,PRESENT,2,04fd2e13-6881-4e5c-9dd1-8fdd9ab993c1,63.083248,21.627447,10.0,,,,,,2023-09-05T00:00Z,5,9,2023,MCH9,MCH9,HUMAN_OBSERVATION,,HR.2129,http://tun.fi/JX.1642315,,,,CC_BY_4_0,,Matti Kyröläinen,,,2026-09-09T03:55:28.886Z,,
4406205858,2bc4c2db-1dfa-419c-93ce-6602c5ae8c99,http://tun.fi/JX.1634309#16,Fungi,Basidiomycota,Agaricomycetes,Boletales,Boletaceae,Boletus,Boletus edulis,,SPECIES,Boletus edulis Bull.,Boletus edulis Bull.:Fr.,,FI,,Pirkanmaa,PRESENT,,04fd2e13-6881-4e5c-9dd1-8fdd9ab993c1,61.77124,23.060305,1.0,,,,,,2023-09-05T09:17Z,5,9,2023,MCH9,MCH9,MACHINE_OBSERVATION,,HR.2129,http://tun.fi/JX.1634309,,,,CC_BY_4_0,,Tarja Siuvatti,,,2026-09-09T03:55:25.842Z,,
4406205824,2bc4c2db-1dfa-419c-93ce-6602c5ae8c99,http://tun.fi/JX.1635009#27,Fungi,Basidiomycota,Agaricomycetes,Boletales,Boletaceae,Boletus,Boletus edulis,,SPECIES,Boletus edulis Bull.,Boletus edulis Bull.:Fr.,,FI,Byabäcken Sipoonkorpi,Uusimaa,PRESENT,,04fd2e13-6881-4e5c-9dd1-8fdd9ab993c1,60.346637,25.205163,1000.0,,,,,,2023-09-07T00:00Z,7,9,2023,MCH9,MCH9,MACHINE_OBSERVATION,,HR.2129,http://tun.fi/JX.1635009,,,,CC_BY_4_0,,Mari Kajasvirta,,,2026-09-09T03:55:25.699Z,,
4406204970,2bc4c2db-1dfa-419c-93ce-6602c5ae8c99,http://tun.fi/JX.1635012#47,Fungi,Basidiomycota,Agaricomycetes,Boletales,Boletaceae,Boletus,Boletus edulis,,SPECIES,Boletus edulis Bull.,Boletus edulis Bull.:Fr.,,FI,Sipoonkorpi Flatberget - Gumböleträsk - Storträsk,Uusimaa,PRESENT,,04fd2e13-6881-4e5c-9dd1-8fdd9ab993c1,60.274847,25.160767,1000.0,,,,,,2023-09-07T00:00Z/2023-09-09T00:00Z,,9,2023,MCH9,MCH9,MACHINE_OBSERVATION,,HR.2129,http://tun.fi/JX.1635012,,,,CC_BY_4_0,,Mari Kajasvirta,,,2026-09-09T03:55:25.550Z,,
4406204508,2bc4c2db-1dfa-419c-93ce-6602c5ae8c99,http://tun.fi/JX.1635269#14,Fungi,Basidiomycota,Agaricomycetes,Boletales,Boletaceae,Boletus,Boletus edulis,,SPECIES,Boletus edulis Bull.,Boletus edulis Bull.:Fr.,,FI,Karkku,Pirkanmaa,PRESENT,,04fd2e13-6881-4e5c-9dd1-8fdd9ab993c1,61.427472,23.03309,1000.0,,,,,,2023-09-08T00:00Z,8,9,2023,MCH9,MCH9,HUMAN_OBSERVATION,,HR.2129,http://tun.fi/JX.1635269,,,,CC_BY_4_0,,Tarja Siuvatti,,,2026-09-09T03:55:25.382Z,,
4599697397,2bc4c2db-1dfa-419c-93ce-6602c5ae8c99,http://tun.fi/JX.1636979#50,Fungi,Basidiomycota,Agaricomycetes,Boletales,Boletaceae,Boletus,Boletus edulis,,SPECIES,Boletus edulis Bull.,Boletus edulis Bull.:Fr.,,FI,Hernevaara,Pohjois-Karjala,PRESENT,,04fd2e13-6881-4e5c-9dd1-8fdd9ab993c1,62.200425,30.288265,1.0,,,,,,2023-09-08T00:00Z,8,9,2023,MCH9,MCH9,MACHINE_OBSERVATION,,HR.2129,http://tun.fi/JX.1636979,,,,CC_BY_4_0,,Tupu Vuorinen,,,2026-09-09T03:55:33.817Z,StillImage,
4406205217,2bc4c2db-1dfa-419c-93ce-6602c5ae8c99,http://tun.fi/JX.1635083#3,Fungi,Basidiomycota,Agaricomycetes,Boletales,Boletaceae,Boletus,Boletus edulis,,SPECIES,Boletus edulis Bull.,Boletus edulis Bull.:Fr.,,FI,Tuokkola,Pirkanmaa,PRESENT,,04fd2e13-6881-4e5c-9dd1-8fdd9ab993c1,61.636017,23.193709,1.0,,,,,,2023-09-08T09:28Z/2023-09-08T10:08Z,8,9,2023,MCH9,MCH9,MACHINE_OBSERVATION,,HR.2129,http://tun.fi/JX.1635083,,,,CC_BY_4_0,,Tarja Siuvatti,,,2026-09-09T03:55:25.341Z,,
4406204942,2bc4c2db-1dfa-419c-93ce-6602c5ae8c99,http://tun.fi/JX.1635099#3,Fungi,Basidiomycota,Agaricomycetes,Boletales,Boletaceae,Boletus,Boletus edulis,,SPECIES,Boletus edulis Bull.,Boletus edulis Bull.:Fr.,,FI,,Pirkanmaa,PRESENT,,04fd2e13-6881-4e5c-9dd1-8fdd9ab993c1,61.406005,22.989317,1.0,,,,,,2023-09-08T12:14Z/2023-09-08T12:15Z,8,9,2023,MCH9,MCH9,MACHINE_OBSERVATION,,HR.2129,http://tun.fi/JX.1635099,,,,CC_BY_4_0,,Tarja Siuvatti,,,2026-09-09T03:55:25.539Z,,
4412558134,2bc4c2db-1dfa-419c-93ce-6602c5ae8c99,http://tun.fi/JX.1635274#105,Fungi,Basidiomycota,Agaricomycetes,Boletales,Boletaceae,Boletus,Boletus edulis,,SPECIES,Boletus edulis Bull.,Boletus edulis Bull.:Fr.,,FI,,Pirkanmaa,PRESENT,,04fd2e13-6881-4e5c-9dd1-8fdd9ab993c1,61.464082,23.811781,1.0,,,,,,2023-09-09T07:00Z,9,9,2023,MCH9,MCH9,HUMAN_OBSERVATION,,HR.2129,http://tun.fi/JX.1635274,,,,CC_BY_4_0,,Ville Vuolanto,,,2026-09-09T03:55:26.709Z,,
4412558228,2bc4c2db-1dfa-419c-93ce-6602c5ae8c99,http://tun.fi/JX.1635274#144,Fungi,Basidiomycota,Agaricomycetes,Boletales,Boletaceae,Boletus,Boletus edulis,,SPECIES,Boletus edulis Bull.,Boletus edulis Bull.:Fr.,,FI,,Pirkanmaa,PRESENT,,04fd2e13-6881-4e5c-9dd1-8fdd9ab993c1,61.466211,23.81125,1.0,,,,,,2023-09-09T07:55Z,9,9,2023,MCH9,MCH9,HUMAN_OBSERVATION,,HR.2129,http://tun.fi/JX.1635274,,,,CC_BY_4_0,,Ville Vuolanto,,,2026-09-09T03:55:26.693Z,,
4412558259,2bc4c2db-1dfa-419c-93ce-6602c5ae8c99,http://tun.fi/JX.1635396#96,Fungi,Basidiomycota,Agaricomycetes,Boletales,Boletaceae,Boletus,Boletus edulis,,SPECIES,Boletus edulis Bull.,Boletus edulis Bull.:Fr.,,FI,Kivinokka,Uusimaa,PRESENT,,04fd2e13-6881-4e5c-9dd1-8fdd9ab993c1,60.194828,25.012357,1.0,,,,,,2023-09-09T14:36Z/2023-09-09T16:12Z,9,9,2023,MCH9,MCH9,MACHINE_OBSERVATION,,HR.2129,http://tun.fi/JX.1635396,,,,CC_BY_4_0,,Janne Koskinen,,,2026-09-09T03:55:26.837Z,StillImage,
4412559094,2bc4c2db-1dfa-419c-93ce-6602c5ae8c99,http://tun.fi/JX.1637622#11,Fungi,Basidiomycota,Agaricomycetes,Boletales,Boletaceae,Boletus,Boletus edulis,,SPECIES,Boletus edulis Bull.,Boletus edulis Bull.:Fr.,,FI,Partiolaisten ranta,Uusimaa,PRESENT,,04fd2e13-6881-4e5c-9dd1-8fdd9ab993c1,60.542275,24.483829,1000.0,,,,,,2023-09-11T00:00Z,11,9,2023,MCH9,MCH9,MACHINE_OBSERVATION,,HR.2129,http://tun.fi/JX.1637622,,,,CC_BY_4_0,,Mari Kajasvirta,,,2026-09-09T03:55:27.434Z,,
4511301335,2bc4c2db-1dfa-419c-93ce-6602c5ae8c99,http://tun.fi/JX.1668628#11,Fungi,Basidiomycota,Agaricomycetes,Boletales,Boletaceae,Boletus,Boletus edulis,,SPECIES,Boletus edulis Bull.,Boletus edulis Bull.:Fr.,,FI,Hennala,Päijät-Häme,PRESENT,2,04fd2e13-6881-4e5c-9dd1-8fdd9ab993c1,60.969972,25.624732,1.0,,,,,,2023-09-13T00:00Z,13,9,2023,MCH9,MCH9,MACHINE_OBSERVATION,,HR.2129,http://tun.fi/JX.1668628,,,,CC_BY_4_0,,Arla Ilmanen,,,2026-09-09T03:55:32.951Z,,
4412558556,2bc4c2db-1dfa-419c-93ce-6602c5ae8c99,http://tun.fi/JX.1638570#36,Fungi,Basidiomycota,Agaricomycetes,Boletales,Boletaceae,Boletus,Boletus edulis,,SPECIES,Boletus edulis Bull.,Boletus edulis Bull.:Fr.,,FI,Salainen,Varsinais-Suomi,PRESENT,,04fd2e13-6881-4e5c-9dd1-8fdd9ab993c1,60.473312,23.088325,100.0,,,,,,2023-09-16T12:39Z/2023-09-16T13:57Z,16,9,2023,MCH9,MCH9,MACHINE_OBSERVATION,,HR.2129,http://tun.fi/JX.1638570,,,,CC_BY_4_0,,Tarja Siuvatti,,,2026-09-09T03:55:27.072Z,,
4417423405,2bc4c2db-1dfa-419c-93ce-6602c5ae8c99,http://tun.fi/JX.1639731#17,Fungi,Basidiomycota,Agaricomycetes,Boletales,Boletaceae,Boletus,Boletus edulis,,SPECIES,Boletus edulis Bull.,Boletus edulis Bull.:Fr.,,FI,Kisko,Varsinais-Suomi,PRESENT,3,04fd2e13-6881-4e5c-9dd1-8fdd9ab993c1,60.270994,23.39844,100.0,,,,,,2023-09-21T00:00Z,21,9,2023,MCH9,MCH9,MACHINE_OBSERVATION,,HR.2129,http://tun.fi/JX.1639731,,,,CC_BY_4_0,,Jukka Vauras,,,2026-09-09T03:55:27.646Z,,
4417423772,2bc4c2db-1dfa-419c-93ce-6602c5ae8c99,http://tun.fi/JX.1640735#42,Fungi,Basidiomycota,Agaricomycetes,Boletales,Boletaceae,Boletus,Boletus edulis,,SPECIES,Boletus edulis Bull.,Boletus edulis Bull.:Fr.,,FI,Särkilahti,Kanta-Häme,PRESENT,,04fd2e13-6881-4e5c-9dd1-8fdd9ab993c1,60.677968,24.422468,1.0,,,,,,2023-09-26T00:00Z,26,9,2023,MCH9,MCH9,MACHINE_OBSERVATION,,HR.2129,http://tun.fi/JX.1640735,,,,CC_BY_4_0,,Marja Ehrstedt,,,2026-09-09T03:55:27.915Z,StillImage,
4430207523,2bc4c2db-1dfa-419c-93ce-6602c5ae8c99,http://tun.fi/JX.1647763#33,Fungi,Basidiomycota,Agaricomycetes,Boletales,Boletaceae,Boletus,Boletus edulis,,SPECIES,Boletus edulis Bull.,Boletus edulis Bull.:Fr.,,FI,Kulosaari,Uusimaa,PRESENT,,04fd2e13-6881-4e5c-9dd1-8fdd9ab993c1,60.191713,25.0008,1.0,,,,,,2023-09-26T14:52Z/2023-10-16T09:58Z,,,2023,MCH9,MCH9,MACHINE_OBSERVATION,,HR.2129,http://tun.fi/JX.1647763,,,,CC_BY_4_0,,Janne Koskinen,,,2026-09-09T03:55:31.697Z,StillImage,
6133965356,2bc4c2db-1dfa-419c-93ce-6602c5ae8c99,http://tun.fi/JX.2403646#5,Fungi,Basidiomycota,Agaricomycetes,Boletales,Boletaceae,Boletus,Boletus edulis,,SPECIES,Boletus edulis Bull.,Boletus edulis Bull.:Fr.,,FI,"Särkisalo, Förby, Korpela",Varsinais-Suomi,PRESENT,,04fd2e13-6881-4e5c-9dd1-8fdd9ab993c1,60.107109,22.929902,1.0,,,,,,2024-07-15T00:00Z,15,7,2024,MCH9,MCH9,MACHINE_OBSERVATION,,HR.2129,http://tun.fi/JX.2403646,,,,CC_BY_4_0,,Tarja Siuvatti,,,2026-09-09T03:56:04.746Z,,
4910623809,2bc4c2db-1dfa-419c-93ce-6602c5ae8c99,http://tun.fi/JX.1749805#56,Fungi,Basidiomycota,Agaricomycetes,Boletales,Boletaceae,Boletus,Boletus edulis,,SPECIES,Boletus edulis Bull.,Boletus edulis Bull.:Fr.,,FI,Villa Elfvikin luontopolku,Uusimaa,PRESENT,,04fd2e13-6881-4e5c-9dd1-8fdd9ab993c1,60.20022,24.822834,1.0,,,,,,2024-07-21T00:00Z,21,7,2024,MCH9,MCH9,MACHINE_OBSERVATION,,HR.2129,http://tun.fi/JX.1749805,,,,CC_BY_4_0,,Mari Kajasvirta,,,2026-09-09T03:55:37.086Z,,
4921088095,2bc4c2db-1dfa-419c-93ce-6602c5ae8c99,http://tun.fi/JX.1754229#3,Fungi,Basidiomycota,Agaricomycetes,Boletales,Boletaceae,Boletus,Boletus edulis,,SPECIES,Boletus edulis Bull.,Boletus edulis Bull.:Fr.,,FI,Lavajärvi,Pirkanmaa,PRESENT,,04fd2e13-6881-4e5c-9dd1-8fdd9ab993c1,61.661237,23.463932,1000.0,,,,,,2024-07-31T00:00Z,31,7,2024,MCH9,MCH9,MACHINE_OBSERVATION,,HR.2129,http://tun.fi/JX.1754229,,,,CC_BY_4_0,,Anne-Mari Enne;Piia Lamminsivu,,,2026-09-09T03:55:37.519Z,,
4921087378,2bc4c2db-1dfa-419c-93ce-6602c5ae8c99,http://tun.fi/JX.1755327#3,Fungi,Basidiomycota,Agaricomycetes,Boletales,Boletaceae,Boletus,Boletus edulis,,SPECIES,Boletus edulis Bull.,Boletus edulis Bull.:Fr.,,EE,Naissaar,"Harju maakond, Harju County",PRESENT,,04fd2e13-6881-4e5c-9dd1-8fdd9ab993c1,59.570519,24.538881,1.0,,,,,,2024-08-04T00:00Z,4,8,2024,MCH9,MCH9,MACHINE_OBSERVATION,,HR.2129,http://tun.fi/JX.1755327,,,,CC_BY_4_0,,Allar Antson,,,2026-09-09T03:55:37.147Z,,
4921087392,2bc4c2db-1dfa-419c-93ce-6602c5ae8c99,http://tun.fi/JX.1755566#6,Fungi,Basidiomycota,Agaricomycetes,Boletales,Boletaceae,Boletus,Boletus edulis,,SPECIES,Boletus edulis Bull.,Boletus edulis Bull.:Fr.,,FI,Rajala,Varsinais-Suomi,PRESENT,,04fd2e13-6881-4e5c-9dd1-8fdd9ab993c1,60.333922,23.215962,1.0,,,,,,2024-08-04T16:38Z/2024-08-04T17:34Z,4,8,2024,MCH9,MCH9,MACHINE_OBSERVATION,,HR.2129,http://tun.fi/JX.1755566,,,,CC_BY_4_0,,Tarja Siuvatti,,,2026-09-09T03:55:37.151Z,,
4924407860,2bc4c2db-1dfa-419c-93ce-6602c5ae8c99,http://tun.fi/JX.1756299#119,Fungi,Basidiomycota,Agaricomycetes,Boletales,Boletaceae,Boletus,Boletus edulis,,SPECIES,Boletus edulis Bull.,Boletus edulis Bull.:Fr.,,FI,Luukki,Uusimaa,PRESENT,,04fd2e13-6881-4e5c-9dd1-8fdd9ab993c1,60.32823,24.657203,1000.0,,,,,,2024-08-06T00:00Z/2024-08-12T00:00Z,,8,2024,MCH9,MCH9,MACHINE_OBSERVATION,,HR.2129,http://tun.fi/JX.1756299,,,,CC_BY_4_0,,Mari Kajasvirta,,,2026-09-09T03:55:38.309Z,,
4921088233,2bc4c2db-1dfa-419c-93ce-6602c5ae8c99,http://tun.fi/JX.1757464#9,Fungi,Basidiomycota,Agaricomycetes,Boletales,Boletaceae,Boletus,Boletus edulis,,SPECIES,Boletus edulis Bull.,Boletus edulis Bull.:Fr.,,FI,,Päijät-Häme,PRESENT,,04fd2e13-6881-4e5c-9dd1-8fdd9ab993c1,61.459012,25.761002,1.0,,,,,,2024-08-10T05:42Z/2024-08-10T06:57Z,10,8,2024,MCH9,MCH9,MACHINE_OBSERVATION,,HR.2129,http://tun.fi/JX.1757464,,,,CC_BY_4_0,,Janne Koskinen,,,2026-09-09T03:55:37.853Z,StillImage,
4924407746,2bc4c2db-1dfa-419c-93ce-6602c5ae8c99,http://tun.fi/JX.1757927#87,Fungi,Basidiomycota,Agaricomycetes,Boletales,Boletaceae,Boletus,Boletus edulis,,SPECIES,Boletus edulis Bull.,Boletus edulis Bull.:Fr.,,FI,Laihue,Uusimaa,PRESENT,,04fd2e13-6881-4e5c-9dd1-8fdd9ab993c1,60.528011,24.550848,1000.0,,,,,,2024-08-11T00:00Z,11,8,2024,MCH9,MCH9,MACHINE_OBSERVATION,,HR.2129,http://tun.fi/JX.1757927,,,,CC_BY_4_0,,Mari Kajasvirta,,,2026-09-09T03:55:38.344Z,,
4921087484,2bc4c2db-1dfa-419c-93ce-6602c5ae8c99,http://tun.fi/JX.1758340#3,Fungi,Basidiomycota,Agaricomycetes,Boletales,Boletaceae,Boletus,Boletus edulis,,SPECIES,Boletus edulis Bull.,Boletus edulis Bull.:Fr.,,FI,Punkaharju,Etelä-Savo,PRESENT,,04fd2e13-6881-4e5c-9dd1-8fdd9ab993c1,61.785615,29.30877,1.0,,,,,,2024-08-12T00:00Z,12,8,2024,MCH9,MCH9,MACHINE_OBSERVATION,,HR.2129,http://tun.fi/JX.1758340,,,,CC_BY_4_0,,Petri Roponen,,,2026-09-09T03:55:37.321Z,StillImage,
4924407787,2bc4c2db-1dfa-419c-93ce-6602c5ae8c99,http://tun.fi/JX.1759821#60,Fungi,Basidiomycota,Agaricomycetes,Boletales,Boletaceae,Boletus,Boletus edulis,,SPECIES,Boletus edulis Bull.,Boletus edulis Bull.:Fr.,,FI,,Pohjanmaa,PRESENT,,04fd2e13-6881-4e5c-9dd1-8fdd9ab993c1,62.970683,21.504697,1.0,,,,,,2024-08-12T00:00Z,12,8,2024,MCH9,MCH9,MACHINE_OBSERVATION,,HR.2129,http://tun.fi/JX.1759821,,,,CC_BY_4_0,,Sebastian Källman,,,2026-09-09T03:55:38.299Z,StillImage,
4979543201,2bc4c2db-1dfa-419c-93ce-6602c5ae8c99,http://tun.fi/JX.1777495#5,Fungi,Basidiomycota,Agaricomycetes,Boletales,Boletaceae,Boletus,Boletus edulis,,SPECIES,Boletus edulis Bull.,Boletus edulis Bull.:Fr.,,FI,,Kanta-Häme,PRESENT,8,04fd2e13-6881-4e5c-9dd1-8fdd9ab993c1,60.699692,25.034037,1.0,,,,,,2024-08-12T00:00Z,12,8,2024,MCH9,MCH9,MACHINE_OBSERVATION,,HR.2129,http://tun.fi/JX.1777495,,,,CC_BY_4_0,,Hanna Tienhaara,,,2026-09-09T03:55:43.749Z,,
4924407594,2bc4c2db-1dfa-419c-93ce-6602c5ae8c99,http://tun.fi/JX.1759430#3,Fungi,Basidiomycota,Agaricomycetes,Boletales,Boletaceae,Boletus,Boletus edulis,,SPECIES,Boletus edulis Bull.,Boletus edulis Bull.:Fr.,,FI,Pikkarala,Pohjois-Pohjanmaa,PRESENT,1,04fd2e13-6881-4e5c-9dd1-8fdd9ab993c1,64.928669,25.739747,1000.0,,,,,,2024-08-16T00:00Z,16,8,2024,MCH9,MCH9,PRESERVED_SPECIMEN,,HR.2129,http://tun.fi/JX.1759430,,Stefan Jacobsson kuvasta,,CC_BY_4_0,,Aune Pisilä,,,2026-09-09T03:55:38.223Z,StillImage,INSTITUTION_MATCH_NONE;TAXON_CONCEPT_ID_NOT_FOUND
4924407612,2bc4c2db-1dfa-419c-93ce-6602c5ae8c99,http://tun.fi/JX.1759830#3,Fungi,Basidiomycota,Agaricomycetes,Boletales,Boletaceae,Boletus,Boletus edulis,,SPECIES,Boletus edulis Bull.,Boletus edulis Bull.:Fr.,,FI,,Päijät-Häme,PRESENT,,04fd2e13-6881-4e5c-9dd1-8fdd9ab993c1,61.197317,26.081054,1000.0,,,,,,2024-08-17T00:00Z,17,8,2024,MCH9,MCH9,MACHINE_OBSERVATION,,HR.2129,http://tun.fi/JX.1759830,,,,CC_BY_4_0,,Minna Jukkola,,,2026-09-09T03:55:38.626Z,StillImage;StillImage;StillImage,
4924407894,2bc4c2db-1dfa-419c-93ce-6602c5ae8c99,http://tun.fi/JX.1759721#3,Fungi,Basidiomycota,Agaricomycetes,Boletales,Boletaceae,Boletus,Boletus edulis,,SPECIES,Boletus edulis Bull.,Boletus edulis Bull.:Fr.,,FI,Ruotsinkylä,Uusimaa,PRESENT,,04fd2e13-6881-4e5c-9dd1-8fdd9ab993c1,60.354361,25.032381,1.0,,,,,,2024-08-17T00:00Z,17,8,2024,MCH9,MCH9,MACHINE_OBSERVATION,,HR.2129,http://tun.fi/JX.1759721,,,,CC_BY_4_0,,Allar Antson,,,2026-09-09T03:55:38.639Z,,
4986932478,2bc4c2db-1dfa-419c-93ce-6602c5ae8c99,http://tun.fi/JX.1786136#3,Fungi,Basidiomycota,Agaricomycetes,Boletales,Boletaceae,Boletus,Boletus edulis,,SPECIES,Boletus edulis Bull.,Boletus edulis Bull.:Fr.,,FI,,Keski-Suomi,PRESENT,,04fd2e13-6881-4e5c-9dd1-8fdd9ab993c1,62.318565,26.354444,1.0,,,,,,2024-08-17T00:00Z,17,8,2024,MCH9,MCH9,MACHINE_OBSERVATION,,HR.2129,http://tun.fi/JX.1786136,,,,CC_BY_4_0,,Laura Tarvainen,,,2026-09-09T03:55:45.025Z,,
4924408244,2bc4c2db-1dfa-419c-93ce-6602c5ae8c99,http://tun.fi/JX.1760379#3,Fungi,Basidiomycota,Agaricomycetes,Boletales,Boletaceae,Boletus,Boletus edulis,,SPECIES,Boletus edulis Bull.,Boletus edulis Bull.:Fr.,,EE,Ohepalu,"Lääne-Viru County, Lääne-Viru maakond",PRESENT,,04fd2e13-6881-4e5c-9dd1-8fdd9ab993c1,59.40694,26.000025,1.0,,,,,,2024-08-19T00:00Z,19,8,2024,MCH9,MCH9,MACHINE_OBSERVATION,,HR.2129,http://tun.fi/JX.1760379,,,,CC_BY_4_0,,Allar Antson,,,2026-09-09T03:55:38.602Z,,
4924407399,2bc4c2db-1dfa-419c-93ce-6602c5ae8c99,http://tun.fi/JX.1760609#6,Fungi,Basidiomycota,Agaricomycetes,Boletales,Boletaceae,Boletus,Boletus edulis,,SPECIES,Boletus edulis Bull.,Boletus edulis Bull.:Fr.,,FI,"Pahkavuori, Vuorenmäki",Varsinais-Suomi,PRESENT,,04fd2e13-6881-4e5c-9dd1-8fdd9ab993c1,60.383475,23.166405,1.0,,,,,,2024-08-20T11:31Z/2024-08-20T12:57Z,20,8,2024,MCH9,MCH9,MACHINE_OBSERVATION,,HR.2129,http://tun.fi/JX.1760609,,,,CC_BY_4_0,,Tarja Siuvatti,,,2026-09-09T03:55:38.504Z,,
5055528331,2bc4c2db-1dfa-419c-93ce-6602c5ae8c99,http://tun.fi/JX.2233401#5,Fungi,Basidiomycota,Agaricomycetes,Boletales,Boletaceae,Boletus,Boletus edulis,,SPECIES,Boletus edulis Bull.,Boletus edulis Bull.:Fr.,,FI,Kabböle,Uusimaa,PRESENT,,04fd2e13-6881-4e5c-9dd1-8fdd9ab993c1,60.350113,26.039362,1000.0,,,,,,2024-08-21T00:00Z,21,8,2024,MCH9,MCH9,MACHINE_OBSERVATION,,HR.2129,http://tun.fi/JX.2233401,,,,CC_BY_4_0,,Tero Taipale,,,2026-09-09T03:55:46.728Z,,
4924408276,2bc4c2db-1dfa-419c-93ce-6602c5ae8c99,http://tun.fi/JX.1760977#3,Fungi,Basidiomycota,Agaricomycetes,Boletales,Boletaceae,Boletus,Boletus edulis,,SPECIES,Boletus edulis Bull.,Boletus edulis Bull.:Fr.,,FI,"Herttoniemi, Mölylä",Uusimaa,PRESENT,,04fd2e13-6881-4e5c-9dd1-8fdd9ab993c1,60.210377,25.024037,1.0,,,,,,2024-08-21T12:24Z/2024-08-21T14:10Z,21,8,2024,MCH9,MCH9,MACHINE_OBSERVATION,,HR.2129,http://tun.fi/JX.1760977,,,,CC_BY_4_0,,Juha K Karvonen;Janne Koskinen,,,2026-09-09T03:55:38.620Z,StillImage;StillImage,
4927217591,2bc4c2db-1dfa-419c-93ce-6602c5ae8c99,http://tun.fi/JX.1761869#18,Fungi,Basidiomycota,Agaricomycetes,Boletales,Boletaceae,Boletus,Boletus edulis,,SPECIES,Boletus edulis Bull.,Boletus edulis Bull.:Fr.,,FI,"Sauvo, Ampola",Varsinais-Suomi,PRESENT,,04fd2e13-6881-4e5c-9dd1-8fdd9ab993c1,60.264332,22.795615,1.0,,,,,,2024-08-24T12:25Z/2024-08-24T16:07Z,24,8,2024,MCH9,MCH9,MACHINE_OBSERVATION,,HR.2129,http://tun.fi/JX.1761869,,,,CC_BY_4_0,,Tarja Siuvatti,,,2026-09-09T03:55:38.806Z,,
4927217419,2bc4c2db-1dfa-419c-93ce-6602c5ae8c99,http://tun.fi/JX.1762059#42,Fungi,Basidiomycota,Agaricomycetes,Boletales,Boletaceae,Boletus,Boletus edulis,,SPECIES,Boletus edulis Bull.,Boletus edulis Bull.:Fr.,,FI,,Etelä-Pohjanmaa,PRESENT,,04fd2e13-6881-4e5c-9dd1-8fdd9ab993c1,62.480789,21.636938,1.0,,,,,,2024-08-25T07:23Z/2024-08-25T08:39Z,25,8,2024,MCH9,MCH9,HUMAN_OBSERVATION,,HR.2129,http://tun.fi/JX.1762059,,,,CC_BY_4_0,,Teppo Lehtola,,,2026-09-09T03:55:39.040Z,,
4927217819,2bc4c2db-1dfa-419c-93ce-6602c5ae8c99,http://tun.fi/JX.1762524#107,Fungi,Basidiomycota,Agaricomycetes,Boletales,Boletaceae,Boletus,Boletus edulis,,SPECIES,Boletus edulis Bull.,Boletus edulis Bull.:Fr.,,FI,Uumon metsä,Uusimaa,PRESENT,,04fd2e13-6881-4e5c-9dd1-8fdd9ab993c1,60.597005,24.787715,1.0,,,,,,2024-08-26T00:00Z,26,8,2024,MCH9,MCH9,MACHINE_OBSERVATION,,HR.2129,http://tun.fi/JX.1762524,,,,CC_BY_4_0,,Mari Kajasvirta,,,2026-09-09T03:55:39.571Z,,
5055528358,2bc4c2db-1dfa-419c-93ce-6602c5ae8c99,http://tun.fi/JX.1799265#26,Fungi,Basidiomycota,Agaricomycetes,Boletales,Boletaceae,Boletus,Boletus edulis,,SPECIES,Boletus edulis Bull.,Boletus edulis Bull.:Fr.,,FI,"Furuskäret, Ladugrund",Pohjanmaa,PRESENT,5,04fd2e13-6881-4e5c-9dd1-8fdd9ab993c1,63.274524,21.617422,1000.0,,,,,,2024-08-31T00:00Z,31,8,2024,MCH9,MCH9,HUMAN_OBSERVATION,,HR.2129,http://tun.fi/JX.1799265,,,,CC_BY_4_0,,Matti Kyröläinen,,,2026-09-09T03:55:46.886Z,,
4929450296,2bc4c2db-1dfa-419c-93ce-6602c5ae8c99,http://tun.fi/JX.1764639#8,Fungi,Basidiomycota,Agaricomycetes,Boletales,Boletaceae,Boletus,Boletus edulis,,SPECIES,Boletus edulis Bull.,Boletus edulis Bull.:Fr.,,FI,"Lahnalahti, Rämäpurontie, LS",Pohjois-Savo,PRESENT,,04fd2e13-6881-4e5c-9dd1-8fdd9ab993c1,62.091838,27.775578,1000.0,,,,,,2024-09-02T00:00Z,2,9,2024,MCH9,MCH9,HUMAN_OBSERVATION,,HR.2129,http://tun.fi/JX.1764639,,,,CC_BY_4_0,,Riitta Tamminen;Ilkka Kytövuori,,,2026-09-09T03:55:39.964Z,,
4929450479,2bc4c2db-1dfa-419c-93ce-6602c5ae8c99,http://tun.fi/JX.1764949#52,Fungi,Basidiomycota,Agaricomycetes,Boletales,Boletaceae,Boletus,Boletus edulis,,SPECIES,Boletus edulis Bull.,Boletus edulis Bull.:Fr.,,FI,Tutkimusmetsä /Lusto / Punkaharjun ls-alue,Etelä-Savo,PRESENT,,04fd2e13-6881-4e5c-9dd1-8fdd9ab993c1,61.809893,29.305127,1.0,,,,,,2024-09-04T00:00Z,4,9,2024,MCH9,MCH9,PRESERVED_SPECIMEN,,HR.2129,http://tun.fi/JX.1764949,,,,CC_BY_4_0,,Marja Ehrstedt,,,2026-09-09T03:55:40.074Z,StillImage;StillImage;StillImage,INSTITUTION_MATCH_NONE;TAXON_CONCEPT_ID_NOT_FOUND
4929449722,2bc4c2db-1dfa-419c-93ce-6602c5ae8c99,http://tun.fi/JX.1765521#3,Fungi,Basidiomycota,Agaricomycetes,Boletales,Boletaceae,Boletus,Boletus edulis,,SPECIES,Boletus edulis Bull.,Boletus edulis Bull.:Fr.,,FI,"Hirvas, Ulko-Merkkivaara",Lappi,PRESENT,,04fd2e13-6881-4e5c-9dd1-8fdd9ab993c1,66.48091,25.36307,1.0,,,,,,2024-09-05T00:00Z,5,9,2024,MCH9,MCH9,MACHINE_OBSERVATION,,HR.2129,http://tun.fi/JX.1765521,,,,CC_BY_4_0,,Seppo Huhmarniemi,,,2026-09-09T03:55:39.911Z,,
4929449400,2bc4c2db-1dfa-419c-93ce-6602c5ae8c99,http://tun.fi/JX.1765454#3,Fungi,Basidiomycota,Agaricomycetes,Boletales,Boletaceae,Boletus,Boletus edulis,,SPECIES,Boletus edulis Bull.,Boletus edulis Bull.:Fr.,,FI,"Lusto, Mäntylä",Etelä-Savo,PRESENT,,04fd2e13-6881-4e5c-9dd1-8fdd9ab993c1,61.799596,29.332177,1.0,,,,,,2024-09-05T14:59Z/2024-09-05T16:59Z,5,9,2024,MCH9,MCH9,HUMAN_OBSERVATION,,HR.2129,http://tun.fi/JX.1765454,,,,CC_BY_4_0,,Tarja Siuvatti,,,2026-09-09T03:55:39.508Z,,
4979543946,2bc4c2db-1dfa-419c-93ce-6602c5ae8c99,http://tun.fi/JX.1766033#6,Fungi,Basidiomycota,Agaricomycetes,Boletales,Boletaceae,Boletus,Boletus edulis,,SPECIES,Boletus edulis Bull.,Boletus edulis Bull.:Fr.,,FI,Nuuksio Högbacka,Uusimaa,PRESENT,,04fd2e13-6881-4e5c-9dd1-8fdd9ab993c1,60.322313,24.522986,100.0,,,,,,2024-09-07T00:00Z,7,9,2024,MCH9,MCH9,MACHINE_OBSERVATION,,HR.2129,http://tun.fi/JX.1766033,,,,CC_BY_4_0,,Mari Kajasvirta,,,2026-09-09T03:55:44.187Z,,
4943133433,2bc4c2db-1dfa-419c-93ce-6602c5ae8c99,http://tun.fi/JX.1768298#3,Fungi,Basidiomycota,Agaricomycetes,Boletales,Boletaceae,Boletus,Boletus edulis,,SPECIES,Boletus edulis Bull.,Boletus edulis Bull.:Fr.,,FI,Puhos,Pohjois-Karjala,PRESENT,,04fd2e13-6881-4e5c-9dd1-8fdd9ab993c1,62.091103,29.874395,1.0,,,,,,2024-09-08T00:00Z,8,9,2024,MCH9,MCH9,MACHINE_OBSERVATION,,HR.2129,http://tun.fi/JX.1768298,,,,CC_BY_4_0,,Mikko Veräjänkorva,,,2026-09-09T03:55:41.393Z,,
4943132874,2bc4c2db-1dfa-419c-93ce-6602c5ae8c99,http://tun.fi/JX.1766807#28,Fungi,Basidiomycota,Agaricomycetes,Boletales,Boletaceae,Boletus,Boletus edulis,,SPECIES,Boletus edulis Bull.,Boletus edulis Bull.:Fr.,,FI,Pöyliönrakka,Lappi,PRESENT,1,04fd2e13-6881-4e5c-9dd1-8fdd9ab993c1,66.461538,25.805602,1000.0,,,,,,2024-09-09T00:00Z,9,9,2024,MCH9,MCH9,MACHINE_OBSERVATION,,HR.2129,http://tun.fi/JX.1766807,,,,CC_BY_4_0,,Joona Saraste,,,2026-09-09T03:55:41.248Z,,
4943133368,2bc4c2db-1dfa-419c-93ce-6602c5ae8c99,http://tun.fi/JX.1766624#6,Fungi,Basidiomycota,Agaricomycetes,Boletales,Boletaceae,Boletus,Boletus edulis,,SPECIES,Boletus edulis Bull.,Boletus edulis Bull.:Fr.,,FI,"Lintuaita, Marjala",Pohjois-Karjala,PRESENT,,04fd2e13-6881-4e5c-9dd1-8fdd9ab993c1,62.622092,29.658309,1000.0,,,,,,2024-09-09T00:00Z,9,9,2024,MCH9,MCH9,MACHINE_OBSERVATION,,HR.2129,http://tun.fi/JX.1766624,,,,CC_BY_4_0,,Anne Hirvonen,,,2026-09-09T03:55:41.350Z,,
4943133422,2bc4c2db-1dfa-419c-93ce-6602c5ae8c99,http://tun.fi/JX.1768119#3,Fungi,Basidiomycota,Agaricomycetes,Boletales,Boletaceae,Boletus,Boletus edulis,,SPECIES,Boletus edulis Bull.,Boletus edulis Bull.:Fr.,,FI,Lohvanperä,Pohjois-Pohjanmaa,PRESENT,2,04fd2e13-6881-4e5c-9dd1-8fdd9ab993c1,63.77217,26.064937,100.0,,,,,,2024-09-11T00:00Z,11,9,2024,MCH9,MCH9,MACHINE_OBSERVATION,,HR.2129,http://tun.fi/JX.1768119,,,,CC_BY_4_0,,Alpo Huhmarniemi,,,2026-09-09T03:55:41.383Z,,
4943132421,2bc4c2db-1dfa-419c-93ce-6602c5ae8c99,http://tun.fi/JX.1768486#3,Fungi,Basidiomycota,Agaricomycetes,Boletales,Boletaceae,Boletus,Boletus edulis,,SPECIES,Boletus edulis Bull.,Boletus edulis Bull.:Fr.,,FI,Puustellinmetsä,Uusimaa,PRESENT,,04fd2e13-6881-4e5c-9dd1-8fdd9ab993c1,60.393553,25.057653,1.0,,,,,,2024-09-14T00:00Z,14,9,2024,MCH9,MCH9,MACHINE_OBSERVATION,,HR.2129,http://tun.fi/JX.1768486,,,,CC_BY_4_0,,Allar Antson,,,2026-09-09T03:55:40.657Z,,
4943133661,2bc4c2db-1dfa-419c-93ce-6602c5ae8c99,http://tun.fi/JX.1768805#111,Fungi,Basidiomycota,Agaricomycetes,Boletales,Boletaceae,Boletus,Boletus edulis,,SPECIES,Boletus edulis Bull.,Boletus edulis Bull.:Fr.,,FI,,Pirkanmaa,PRESENT,,04fd2e13-6881-4e5c-9dd1-8fdd9ab993c1,61.465922,23.811964,1.0,,,,,,2024-09-15T10:51Z/2024-09-15T12:53Z,15,9,2024,MCH9,MCH9,HUMAN_OBSERVATION,,HR.2129,http://tun.fi/JX.1768805,,,,CC_BY_4_0,,Ville Vuolanto,,,2026-09-09T03:55:41.435Z,,
4943132956,2bc4c2db-1dfa-419c-93ce-6602c5ae8c99,http://tun.fi/JX.1769133#45,Fungi,Basidiomycota,Agaricomycetes,Boletales,Boletaceae,Boletus,Boletus edulis,,SPECIES,Boletus edulis Bull.,Boletus edulis Bull.:Fr.,,FI,"Särkisalo, Förby",Varsinais-Suomi,PRESENT,,04fd2e13-6881-4e5c-9dd1-8fdd9ab993c1,60.094944,22.870806,1.0,,,,,,2024-09-16T13:27Z/2024-09-16T16:09Z,16,9,2024,MCH9,MCH9,MACHINE_OBSERVATION,,HR.2129,http://tun.fi/JX.1769133,,,,CC_BY_4_0,,Tarja Siuvatti,,,2026-09-09T03:55:41.110Z,,
4979542775,2bc4c2db-1dfa-419c-93ce-6602c5ae8c99,http://tun.fi/JX.1770311#3,Fungi,Basidiomycota,Agaricomycetes,Boletales,Boletaceae,Boletus,Boletus edulis,,SPECIES,Boletus edulis Bull.,Boletus edulis Bull.:Fr.,,EE,Tõrise,"Saare County, Saare maakond",PRESENT,,04fd2e13-6881-4e5c-9dd1-8fdd9ab993c1,58.478272,22.518003,1.0,,,,,,2024-09-21T00:00Z,21,9,2024,MCH9,MCH9,MACHINE_OBSERVATION,,HR.2129,http://tun.fi/JX.1770311,,,,CC_BY_4_0,,Allar Antson,,,2026-09-09T03:55:43.557Z,,
4979544719,2bc4c2db-1dfa-419c-93ce-6602c5ae8c99,http://tun.fi/JX.1771857#12,Fungi,Basidiomycota,Agaricomycetes,Boletales,Boletaceae,Boletus,Boletus edulis,,SPECIES,Boletus edulis Bull.,Boletus edulis Bull.:Fr.,,FI,Pirttimäki,Uusimaa,PRESENT,,04fd2e13-6881-4e5c-9dd1-8fdd9ab993c1,60.269847,24.64515,1.0,,,,,,2024-09-24T00:00Z,24,9,2024,MCH9,MCH9,MACHINE_OBSERVATION,,HR.2129,http://tun.fi/JX.1771857,,,,CC_BY_4_0,,Mari Kajasvirta,,,2026-09-09T03:55:44.473Z,,
4979543904,2bc4c2db-1dfa-419c-93ce-6602c5ae8c99,http://tun.fi/JX.1771746#136,Fungi,Basidiomycota,Agaricomycetes,Boletales,Boletaceae,Boletus,Boletus edulis,,SPECIES,Boletus edulis Bull.,Boletus edulis Bull.:Fr.,,FI,Sondby Sandmalmen,Uusimaa,PRESENT,,04fd2e13-6881-4e5c-9dd1-8fdd9ab993c1,60.275707,25.795135,1000.0,,,,,,2024-09-26T00:00Z,26,9,2024,MCH9,MCH9,MACHINE_OBSERVATION,,HR.2129,http://tun.fi/JX.1771746,,,,CC_BY_4_0,,Mari Kajasvirta,,,2026-09-09T03:55:44.221Z,,
5222797310,2bc4c2db-1dfa-419c-93ce-6602c5ae8c99,http://tun.fi/JX.2308286#7,Fungi,Basidiomycota,Agaricomycetes,Boletales,Boletaceae,Boletus,Boletus edulis,,SPECIES,Boletus edulis Bull.,Boletus edulis Bull.:Fr.,,FI,Långbodaudden,Uusimaa,PRESENT,,04fd2e13-6881-4e5c-9dd1-8fdd9ab993c1,59.859371,23.017273,100.0,,,,,,2024-09-30T00:00Z,30,9,2024,MCH9,MCH9,MACHINE_OBSERVATION,,HR.2129,http://tun.fi/JX.2308286,,,,CC_BY_4_0,,Mari Kajasvirta,,,2026-09-09T03:55:53.958Z,,
4979542936,2bc4c2db-1dfa-419c-93ce-6602c5ae8c99,http://tun.fi/JX.1773240#3,Fungi,Basidiomycota,Agaricomycetes,Boletales,Boletaceae,Boletus,Boletus edulis,,SPECIES,Boletus edulis Bull.,Boletus edulis Bull.:Fr.,,EE,Tahkuna,"Hiiu maakond, Hiiu County",PRESENT,,04fd2e13-6881-4e5c-9dd1-8fdd9ab993c1,59.077136,22.628387,1.0,,,,,,2024-10-04T00:00Z,4,10,2024,MCH9,MCH9,MACHINE_OBSERVATION,,HR.2129,http://tun.fi/JX.1773240,,,,CC_BY_4_0,,Allar Antson,,,2026-09-09T03:55:43.747Z,,
4979541800,2bc4c2db-1dfa-419c-93ce-6602c5ae8c99,http://tun.fi/JX.1773397#3,Fungi,Basidiomycota,Agaricomycetes,Boletales,Boletaceae,Boletus,Boletus edulis,,SPECIES,Boletus edulis Bull.,Boletus edulis Bull.:Fr.,,FI,Tiilijärvi,Päijät-Häme,PRESENT,,04fd2e13-6881-4e5c-9dd1-8fdd9ab993c1,60.996107,25.510523,1.0,,,,,,2024-10-05T00:00Z,5,10,2024,MCH9,MCH9,MACHINE_OBSERVATION,,HR.2129,http://tun.fi/JX.1773397,,,,CC_BY_4_0,,Petri Roponen,,,2026-09-09T03:55:43.118Z,StillImage,
5000542305,2bc4c2db-1dfa-419c-93ce-6602c5ae8c99,http://tun.fi/JX.1775108#8,Fungi,Basidiomycota,Agaricomycetes,Boletales,Boletaceae,Boletus,Boletus edulis,,SPECIES,Boletus edulis Bull.,Boletus edulis Bull.:Fr.,,FI,Sondby,Uusimaa,PRESENT,,04fd2e13-6881-4e5c-9dd1-8fdd9ab993c1,60.277159,25.807582,100.0,,,,,,2024-10-12T00:00Z/2024-10-16T00:00Z,,10,2024,MCH9,MCH9,MACHINE_OBSERVATION,,HR.2129,http://tun.fi/JX.1775108,,,,CC_BY_4_0,,Mari Kajasvirta,,,2026-09-09T03:55:46.261Z,,
4979541272,2bc4c2db-1dfa-419c-93ce-6602c5ae8c99,http://tun.fi/JX.1775373#36,Fungi,Basidiomycota,Agaricomycetes,Boletales,Boletaceae,Boletus,Boletus edulis,,SPECIES,Boletus edulis Bull.,Boletus edulis Bull.:Fr.,,FI,,Pirkanmaa,PRESENT,,04fd2e13-6881-4e5c-9dd1-8fdd9ab993c1,61.472342,23.806064,1.0,,,,,,2024-10-13T12:09Z/2024-10-13T14:23Z,13,10,2024,MCH9,MCH9,HUMAN_OBSERVATION,,HR.2129,http://tun.fi/JX.1775373,,,,CC_BY_4_0,,Ville Vuolanto,,,2026-09-09T03:55:42.639Z,,
4979544425,2bc4c2db-1dfa-419c-93ce-6602c5ae8c99,http://tun.fi/JX.1778491#7,Fungi,Basidiomycota,Agaricomycetes,Boletales,Boletaceae,Boletus,Boletus edulis,,SPECIES,Boletus edulis Bull.,Boletus edulis Bull.:Fr.,,FI,Kartano,Päijät-Häme,PRESENT,,04fd2e13-6881-4e5c-9dd1-8fdd9ab993c1,60.98826,25.653564,1.0,,,,,,2024-10-26T00:00Z,26,10,2024,MCH9,MCH9,MACHINE_OBSERVATION,,HR.2129,http://tun.fi/JX.1778491,,,,CC_BY_4_0,,Petri Roponen,,,2026-09-09T03:55:44.354Z,StillImage,
4979542046,2bc4c2db-1dfa-419c-93ce-6602c5ae8c99,http://tun.fi/JX.1778493#3,Fungi,Basidiomycota,Agaricomycetes,Boletales,Boletaceae,Boletus,Boletus edulis,,SPECIES,Boletus edulis Bull.,Boletus edulis Bull.:Fr.,,FI,Paippinen,Uusimaa,PRESENT,,04fd2e13-6881-4e5c-9dd1-8fdd9ab993c1,60.460447,25.188062,1.0,,,,,,2024-10-27T00:00Z,27,10,2024,MCH9,MCH9,MACHINE_OBSERVATION,,HR.2129,http://tun.fi/JX.1778493,,,,CC_BY_4_0,,Allar Antson,,,2026-09-09T03:55:43.173Z,,
4981550608,2bc4c2db-1dfa-419c-93ce-6602c5ae8c99,http://tun.fi/JX.1784057#3,Fungi,Basidiomycota,Agaricomycetes,Boletales,Boletaceae,Boletus,Boletus edulis,,SPECIES,Boletus edulis Bull.,Boletus edulis Bull.:Fr.,,EE,Borrby,"Lääne maakond, Lääne County",PRESENT,,04fd2e13-6881-4e5c-9dd1-8fdd9ab993c1,59.019288,23.222947,1.0,,,,,,2024-11-18T00:00Z,18,11,2024,MCH9,MCH9,MACHINE_OBSERVATION,,HR.2129,http://tun.fi/JX.1784057,,,,CC_BY_4_0,,Allar Antson,,,2026-09-09T03:55:44.950Z,,
5222794339,2bc4c2db-1dfa-419c-93ce-6602c5ae8c99,http://tun.fi/JX.2300945#112,Fungi,Basidiomycota,Agaricomycetes,Boletales,Boletaceae,Boletus,Boletus edulis,,SPECIES,Boletus edulis Bull.,Boletus edulis Bull.:Fr.,,FI,"Hopom, Järvitie",Uusimaa,PRESENT,,04fd2e13-6881-4e5c-9dd1-8fdd9ab993c1,60.547722,26.136942,1000.0,,,,,,2025-06-28T00:00Z/2025-08-03T00:00Z,,,2025,MCH9,MCH9,MACHINE_OBSERVATION,,HR.2129,http://tun.fi/JX.2300945,,,,CC_BY_4_0,,Tero Taipale;Joona Saraste,,,2026-09-09T03:55:53.832Z,,
5222792331,2bc4c2db-1dfa-419c-93ce-6602c5ae8c99,http://tun.fi/JX.2304501#24,Fungi,Basidiomycota,Agaricomycetes,Boletales,Boletaceae,Boletus,Boletus edulis,,SPECIES,Boletus edulis Bull.,Boletus edulis Bull.:Fr.,,FI,Hästhagabacken - Laihalammen pohjoispääty,Uusimaa,PRESENT,,04fd2e13-6881-4e5c-9dd1-8fdd9ab993c1,60.254647,24.60232,1.0,,,,,,2025-07-03T00:00Z,3,7,2025,MCH9,MCH9,MACHINE_OBSERVATION,,HR.2129,http://tun.fi/JX.2304501,,,,CC_BY_4_0,,Mari Kajasvirta,,,2026-09-09T03:55:53.897Z,,
5222792334,2bc4c2db-1dfa-419c-93ce-6602c5ae8c99,http://tun.fi/JX.2305266#63,Fungi,Basidiomycota,Agaricomycetes,Boletales,Boletaceae,Boletus,Boletus edulis,,SPECIES,Boletus edulis Bull.,Boletus edulis Bull.:Fr.,,FI,Hämevaara - Linnainen,Uusimaa,PRESENT,,04fd2e13-6881-4e5c-9dd1-8fdd9ab993c1,60.253384,24.787594,1.0,,,,,,2025-07-04T00:00Z/2025-07-12T00:00Z,,7,2025,MCH9,MCH9,MACHINE_OBSERVATION,,HR.2129,http://tun.fi/JX.2305266,,,,CC_BY_4_0,,Mari Kajasvirta,,,2026-09-09T03:55:53.761Z,,
6165176407,2bc4c2db-1dfa-419c-93ce-6602c5ae8c99,http://tun.fi/JX.2415110#5,Fungi,Basidiomycota,Agaricomycetes,Boletales,Boletaceae,Boletus,Boletus edulis,,SPECIES,Boletus edulis Bull.,Boletus edulis Bull.:Fr.,,FI,Lavajärvi,Pirkanmaa,PRESENT,1,04fd2e13-6881-4e5c-9dd1-8fdd9ab993c1,61.660967,23.469181,100.0,,,,,,2025-07-08T00:00Z,8,7,2025,MCH9,MCH9,MACHINE_OBSERVATION,,HR.2129,http://tun.fi/JX.2415110,,,,CC_BY_4_0,,Anne-Mari Enne;Piia Lamminsivu,,,2026-09-09T03:56:05.650Z,,
6165176415,2bc4c2db-1dfa-419c-93ce-6602c5ae8c99,http://tun.fi/JX.2315536#13,Fungi,Basidiomycota,Agaricomycetes,Boletales,Boletaceae,Boletus,Boletus edulis,,SPECIES,Boletus edulis Bull.,Boletus edulis Bull.:Fr.,,FI,Lavajärvi,Pirkanmaa,PRESENT,2,04fd2e13-6881-4e5c-9dd1-8fdd9ab993c1,61.661237,23.463932,1000.0,,,,,,2025-07-12T00:00Z,12,7,2025,MCH9,MCH9,MACHINE_OBSERVATION,,HR.2129,http://tun.fi/JX.2315536,,,,CC_BY_4_0,,Anne-Mari Enne;Piia Lamminsivu,,,2026-09-09T03:56:05.651Z,,
5222779327,2bc4c2db-1dfa-419c-93ce-6602c5ae8c99,http://tun.fi/JX.2313326#11,Fungi,Basidiomycota,Agaricomycetes,Boletales,Boletaceae,Boletus,Boletus edulis,,SPECIES,Boletus edulis Bull.,Boletus edulis Bull.:Fr.,,FI,Porvoon hautausmaa,Uusimaa,PRESENT,,04fd2e13-6881-4e5c-9dd1-8fdd9ab993c1,60.393085,25.646909,1000.0,,,,,,2025-07-13T00:00Z,13,7,2025,MCH9,MCH9,MACHINE_OBSERVATION,,HR.2129,http://tun.fi/JX.2313326,,,,CC_BY_4_0,,Tero Taipale,,,2026-09-09T03:55:53.457Z,,
5222788323,2bc4c2db-1dfa-419c-93ce-6602c5ae8c99,http://tun.fi/JX.2311134#10,Fungi,Basidiomycota,Agaricomycetes,Boletales,Boletaceae,Boletus,Boletus edulis,,SPECIES,Boletus edulis Bull.,Boletus edulis Bull.:Fr.,,FI,Ahtiala,Varsinais-Suomi,PRESENT,,04fd2e13-6881-4e5c-9dd1-8fdd9ab993c1,60.325176,23.53335,1.0,,,,,,2025-07-14T09:57Z/2025-07-14T10:34Z,14,7,2025,MCH9,MCH9,MACHINE_OBSERVATION,,HR.2129,http://tun.fi/JX.2311134,,,,CC_BY_4_0,,Tarja Siuvatti,,,2026-09-09T03:55:53.723Z,,
5762417462,2bc4c2db-1dfa-419c-93ce-6602c5ae8c99,http://tun.fi/JX.2327169#96,Fungi,Basidiomycota,Agaricomycetes,Boletales,Boletaceae,Boletus,Boletus edulis,,SPECIES,Boletus edulis Bull.,Boletus edulis Bull.:Fr.,,FI,Vehkala - Tyttömäen länsipuoli - Kynicke,Uusimaa,PRESENT,,04fd2e13-6881-4e5c-9dd1-8fdd9ab993c1,60.298374,24.831743,1000.0,,,,,,2025-08-11T00:00Z/2025-08-17T00:00Z,,8,2025,MCH9,MCH9,MACHINE_OBSERVATION,,HR.2129,http://tun.fi/JX.2327169,,,,CC_BY_4_0,,Mari Kajasvirta,,,2026-09-09T03:55:57.118Z,,
6450795554,2bc4c2db-1dfa-419c-93ce-6602c5ae8c99,http://tun.fi/JX.2328294#9,Fungi,Basidiomycota,Agaricomycetes,Boletales,Boletaceae,Boletus,Boletus edulis,,SPECIES,Boletus edulis Bull.,Boletus edulis Bull.:Fr.,,NO,Lullinjoki,Troms,PRESENT,3,04fd2e13-6881-4e5c-9dd1-8fdd9ab993c1,69.303672,20.425471,1000.0,,,,,,2025-08-14T00:00Z,14,8,2025,MCH9,MCH9,HUMAN_OBSERVATION,,HR.2129,http://tun.fi/JX.2328294,,,,CC_BY_4_0,,Joona Saraste;Tero Taipale;Andreas Jacob,,,2026-09-09T03:56:11.032Z,,
5716843295,2bc4c2db-1dfa-419c-93ce-6602c5ae8c99,http://tun.fi/JX.2328150#21,Fungi,Basidiomycota,Agaricomycetes,Boletales,Boletaceae,Boletus,Boletus edulis,,SPECIES,Boletus edulis Bull.,Boletus edulis Bull.:Fr.,,FI,"Märynummi, Pihko",Varsinais-Suomi,PRESENT,,04fd2e13-6881-4e5c-9dd1-8fdd9ab993c1,60.431799,23.019753,1.0,,,,,,2025-08-14T12:13Z/2025-08-14T14:45Z,14,8,2025,MCH9,MCH9,HUMAN_OBSERVATION,,HR.2129,http://tun.fi/JX.2328150,,,,CC_BY_4_0,,Tarja Siuvatti,,,2026-09-09T03:55:54.658Z,,
5898726461,2bc4c2db-1dfa-419c-93ce-6602c5ae8c99,http://tun.fi/JX.2366842#19,Fungi,Basidiomycota,Agaricomycetes,Boletales,Boletaceae,Boletus,Boletus edulis,,SPECIES,Boletus edulis Bull.,Boletus edulis Bull.:Fr.,,FI,Kulasjoki,Lappi,PRESENT,3,04fd2e13-6881-4e5c-9dd1-8fdd9ab993c1,68.363828,27.640636,1000.0,,,,,,2025-08-16T00:00Z,16,8,2025,MCH9,MCH9,MACHINE_OBSERVATION,,HR.2129,http://tun.fi/JX.2366842,,,,CC_BY_4_0,,Aapo Kujanpää,,,2026-09-09T03:56:03.284Z,,
6165176416,2bc4c2db-1dfa-419c-93ce-6602c5ae8c99,http://tun.fi/JX.2415080#3,Fungi,Basidiomycota,Agaricomycetes,Boletales,Boletaceae,Boletus,Boletus edulis,,SPECIES,Boletus edulis Bull.,Boletus edulis Bull.:Fr.,,FI,Lavajärvi,Pirkanmaa,PRESENT,1,04fd2e13-6881-4e5c-9dd1-8fdd9ab993c1,61.660967,23.469181,100.0,,,,,,2025-08-16T00:00Z,16,8,2025,MCH9,MCH9,MACHINE_OBSERVATION,,HR.2129,http://tun.fi/JX.2415080,,,,CC_BY_4_0,,Anne-Mari Enne;Piia Lamminsivu,,,2026-09-09T03:56:05.322Z,,
5898726500,2bc4c2db-1dfa-419c-93ce-6602c5ae8c99,http://tun.fi/JX.2329110#29,Fungi,Basidiomycota,Agaricomycetes,Boletales,Boletaceae,Boletus,Boletus edulis,,SPECIES,Boletus edulis Bull.,Boletus edulis Bull.:Fr.,,FI,Saana,Lappi,PRESENT,2,04fd2e13-6881-4e5c-9dd1-8fdd9ab993c1,69.050837,20.801188,1000.0,,,,,,2025-08-16T00:00Z/2025-08-18T00:00Z,,8,2025,MCH9,MCH9,MACHINE_OBSERVATION,,HR.2129,http://tun.fi/JX.2329110,,,,CC_BY_4_0,,Joona Saraste;Tero Taipale,,,2026-09-09T03:56:03.297Z,,
5716843251,2bc4c2db-1dfa-419c-93ce-6602c5ae8c99,http://tun.fi/JX.2328760#12,Fungi,Basidiomycota,Agaricomycetes,Boletales,Boletaceae,Boletus,Boletus edulis,,SPECIES,Boletus edulis Bull.,Boletus edulis Bull.:Fr.,,FI,Lentokenttä/Kärsämäki,Varsinais-Suomi,PRESENT,1,04fd2e13-6881-4e5c-9dd1-8fdd9ab993c1,60.504206,22.278098,1.0,,,,,,2025-08-16T03:43Z/2025-08-16T05:59Z,16,8,2025,MCH9,MCH9,MACHINE_OBSERVATION,,HR.2129,http://tun.fi/JX.2328760,,,,CC_BY_4_0,,Oskari Virtanen,,,2026-09-09T03:55:54.781Z,StillImage;StillImage;StillImage,
5716843825,2bc4c2db-1dfa-419c-93ce-6602c5ae8c99,http://tun.fi/JX.2329319#9,Fungi,Basidiomycota,Agaricomycetes,Boletales,Boletaceae,Boletus,Boletus edulis,,SPECIES,Boletus edulis Bull.,Boletus edulis Bull.:Fr.,,FI,Tiirismaa,Päijät-Häme,PRESENT,,04fd2e13-6881-4e5c-9dd1-8fdd9ab993c1,61.020208,25.518365,1.0,,,,,,2025-08-17T00:00Z,17,8,2025,MCH9,MCH9,MACHINE_OBSERVATION,,HR.2129,http://tun.fi/JX.2329319,,,,CC_BY_4_0,,Petri Roponen,,,2026-09-09T03:55:55.145Z,StillImage,
6165176343,2bc4c2db-1dfa-419c-93ce-6602c5ae8c99,http://tun.fi/JX.2415015#7,Fungi,Basidiomycota,Agaricomycetes,Boletales,Boletaceae,Boletus,Boletus edulis,,SPECIES,Boletus edulis Bull.,Boletus edulis Bull.:Fr.,,FI,Ansomäki,Pirkanmaa,PRESENT,1,04fd2e13-6881-4e5c-9dd1-8fdd9ab993c1,61.70007,23.251145,1000.0,,,,,,2025-08-17T00:00Z,17,8,2025,MCH9,MCH9,MACHINE_OBSERVATION,,HR.2129,http://tun.fi/JX.2415015,,,,CC_BY_4_0,,Anne-Mari Enne;Piia Lamminsivu,,,2026-09-09T03:56:05.554Z,,
6231949401,2bc4c2db-1dfa-419c-93ce-6602c5ae8c99,http://tun.fi/JX.2431834#9,Fungi,Basidiomycota,Agaricomycetes,Boletales,Boletaceae,Boletus,Boletus edulis,,SPECIES,Boletus edulis Bull.,Boletus edulis Bull.:Fr.,,FI,"Saanan lounaisrinteen tunturikoivikon yläosa, lehtojen suojelualueen yläpuolinen alue.",Lappi,PRESENT,,04fd2e13-6881-4e5c-9dd1-8fdd9ab993c1,69.046707,20.810464,1000.0,,,,,,2025-08-18T00:00Z,18,8,2025,MCH9,MCH9,MACHINE_OBSERVATION,,HR.2129,http://tun.fi/JX.2431834,,,,CC_BY_4_0,,Tero Taipale;Joona Saraste;Andreas Jacob,,,2026-09-09T03:56:06.900Z,,
6165176394,2bc4c2db-1dfa-419c-93ce-6602c5ae8c99,http://tun.fi/JX.2415012#3,Fungi,Basidiomycota,Agaricomycetes,Boletales,Boletaceae,Boletus,Boletus edulis,,SPECIES,Boletus edulis Bull.,Boletus edulis Bull.:Fr.,,FI,Pikku-Ahvenisto,Pirkanmaa,PRESENT,1,04fd2e13-6881-4e5c-9dd1-8fdd9ab993c1,61.54517,23.540952,1000.0,,,,,,2025-08-20T00:00Z,20,8,2025,MCH9,MCH9,MACHINE_OBSERVATION,,HR.2129,http://tun.fi/JX.2415012,,,,CC_BY_4_0,,Anne-Mari Enne;Piia Lamminsivu,,,2026-09-09T03:56:05.333Z,,
5716844303,2bc4c2db-1dfa-419c-93ce-6602c5ae8c99,http://tun.fi/JX.2331888#7,Fungi,Basidiomycota,Agaricomycetes,Boletales,Boletaceae,Boletus,Boletus edulis,,SPECIES,Boletus edulis Bull.,Boletus edulis Bull.:Fr.,,FI,"Pikku-Kovero, Helvetinjärven kansallispuisto",Pirkanmaa,PRESENT,12,04fd2e13-6881-4e5c-9dd1-8fdd9ab993c1,61.999727,23.960812,1000.0,,,,,,2025-08-23T00:00Z,23,8,2025,MCH9,MCH9,MACHINE_OBSERVATION,,HR.2129,http://tun.fi/JX.2331888,,,,CC_BY_4_0,,Tyyra Juka,,,2026-09-09T03:55:55.280Z,,
5716844284,2bc4c2db-1dfa-419c-93ce-6602c5ae8c99,http://tun.fi/JX.2331834#3,Fungi,Basidiomycota,Agaricomycetes,Boletales,Boletaceae,Boletus,Boletus edulis,,SPECIES,Boletus edulis Bull.,Boletus edulis Bull.:Fr.,,EE,Tudusoo,"Lääne-Viru County, Lääne-Viru maakond",PRESENT,,04fd2e13-6881-4e5c-9dd1-8fdd9ab993c1,59.191227,26.770737,1.0,,,,,,2025-08-24T00:00Z,24,8,2025,MCH9,MCH9,MACHINE_OBSERVATION,,HR.2129,http://tun.fi/JX.2331834,,,,CC_BY_4_0,,Allar Antson,,,2026-09-09T03:55:55.437Z,,
5716844525,2bc4c2db-1dfa-419c-93ce-6602c5ae8c99,http://tun.fi/JX.2331897#12,Fungi,Basidiomycota,Agaricomycetes,Boletales,Boletaceae,Boletus,Boletus edulis,,SPECIES,Boletus edulis Bull.,Boletus edulis Bull.:Fr.,,FI,Vaarniemi ja Rauvolanlahti,Varsinais-Suomi,PRESENT,,04fd2e13-6881-4e5c-9dd1-8fdd9ab993c1,60.404097,22.284527,1.0,,,,,,2025-08-24T04:28Z/2025-08-24T15:13Z,24,8,2025,MCH9,MCH9,MACHINE_OBSERVATION,,HR.2129,http://tun.fi/JX.2331897,,,,CC_BY_4_0,,Oskari Virtanen,,,2026-09-09T03:55:55.649Z,StillImage;StillImage,
5716842843,2bc4c2db-1dfa-419c-93ce-6602c5ae8c99,http://tun.fi/JX.2332321#3,Fungi,Basidiomycota,Agaricomycetes,Boletales,Boletaceae,Boletus,Boletus edulis,,SPECIES,Boletus edulis Bull.,Boletus edulis Bull.:Fr.,,EE,Agusalu,"Ida-Viru County, Ida-Viru maakond",PRESENT,,04fd2e13-6881-4e5c-9dd1-8fdd9ab993c1,59.061036,27.499495,1.0,,,,,,2025-08-25T00:00Z,25,8,2025,MCH9,MCH9,MACHINE_OBSERVATION,,HR.2129,http://tun.fi/JX.2332321,,,,CC_BY_4_0,,Allar Antson,,,2026-09-09T03:55:54.428Z,,
5716842977,2bc4c2db-1dfa-419c-93ce-6602c5ae8c99,http://tun.fi/JX.2332760#22,Fungi,Basidiomycota,Agaricomycetes,Boletales,Boletaceae,Boletus,Boletus edulis,,SPECIES,Boletus edulis Bull.,Boletus edulis Bull.:Fr.,,FI,"Myllykulma, Komi",Pirkanmaa,PRESENT,1,04fd2e13-6881-4e5c-9dd1-8fdd9ab993c1,61.683376,23.436657,100.0,,,,,,2025-08-25T00:00Z,25,8,2025,MCH9,MCH9,MACHINE_OBSERVATION,,HR.2129,http://tun.fi/JX.2332760,,,,CC_BY_4_0,,Anne Hirvonen,,,2026-09-09T03:55:54.515Z,,
5716844056,2bc4c2db-1dfa-419c-93ce-6602c5ae8c99,http://tun.fi/JX.2332196#3,Fungi,Basidiomycota,Agaricomycetes,Boletales,Boletaceae,Boletus,Boletus edulis,,SPECIES,Boletus edulis Bull.,Boletus edulis Bull.:Fr.,,EE,Pootsiku,"Ida-Viru County, Ida-Viru maakond",PRESENT,,04fd2e13-6881-4e5c-9dd1-8fdd9ab993c1,59.076422,27.405556,1.0,,,,,,2025-08-25T00:00Z,25,8,2025,MCH9,MCH9,MACHINE_OBSERVATION,,HR.2129,http://tun.fi/JX.2332196,,,,CC_BY_4_0,,Allar Antson,,,2026-09-09T03:55:55.326Z,,
5716844025,2bc4c2db-1dfa-419c-93ce-6602c5ae8c99,http://tun.fi/JX.2332493#27,Fungi,Basidiomycota,Agaricomycetes,Boletales,Boletaceae,Boletus,Boletus edulis,,SPECIES,Boletus edulis Bull.,Boletus edulis Bull.:Fr.,,FI,Kutajärvi,Päijät-Häme,PRESENT,,04fd2e13-6881-4e5c-9dd1-8fdd9ab993c1,61.042554,25.473924,1.0,,,,,,2025-08-26T00:00Z,26,8,2025,MCH9,MCH9,MACHINE_OBSERVATION,,HR.2129,http://tun.fi/JX.2332493,,,,CC_BY_4_0,,Petri Roponen,,,2026-09-09T03:55:55.385Z,StillImage,
5762416513,2bc4c2db-1dfa-419c-93ce-6602c5ae8c99,http://tun.fi/JX.2338383#15,Fungi,Basidiomycota,Agaricomycetes,Boletales,Boletaceae,Boletus,Boletus edulis,,SPECIES,Boletus edulis Bull.,Boletus edulis Bull.:Fr.,,FI,Enonniemi,Pohjois-Savo,PRESENT,3,04fd2e13-6881-4e5c-9dd1-8fdd9ab993c1,62.585377,26.640304,1.0,,,,,,2025-08-29T09:12Z,29,8,2025,MCH9,MCH9,MACHINE_OBSERVATION,,HR.2129,http://tun.fi/JX.2338383,,,,CC_BY_4_0,,Erna Suutari,,,2026-09-09T03:55:56.216Z,,
5762417515,2bc4c2db-1dfa-419c-93ce-6602c5ae8c99,http://tun.fi/JX.2340297#29,Fungi,Basidiomycota,Agaricomycetes,Boletales,Boletaceae,Boletus,Boletus edulis,,SPECIES,Boletus edulis Bull.,Boletus edulis Bull.:Fr.,,FI,Koverharintie,Uusimaa,PRESENT,,04fd2e13-6881-4e5c-9dd1-8fdd9ab993c1,59.89136,23.213064,1000.0,,,,,,2025-08-31T00:00Z,31,8,2025,MCH9,MCH9,MACHINE_OBSERVATION,,HR.2129,http://tun.fi/JX.2340297,,,,CC_BY_4_0,,Mari Kajasvirta,,,2026-09-09T03:55:57.086Z,,
5716843955,2bc4c2db-1dfa-419c-93ce-6602c5ae8c99,http://tun.fi/JX.2340835#10,Fungi,Basidiomycota,Agaricomycetes,Boletales,Boletaceae,Boletus,Boletus edulis,,SPECIES,Boletus edulis Bull.,Boletus edulis Bull.:Fr.,,FI,"Salainen, Kirjastola",Varsinais-Suomi,PRESENT,,04fd2e13-6881-4e5c-9dd1-8fdd9ab993c1,60.448709,23.120882,1.0,,,,,,2025-09-01T00:00Z,1,9,2025,MCH9,MCH9,MACHINE_OBSERVATION,,HR.2129,http://tun.fi/JX.2340835,,,,CC_BY_4_0,,Tarja Siuvatti,,,2026-09-09T03:55:55.101Z,,
5762417027,2bc4c2db-1dfa-419c-93ce-6602c5ae8c99,http://tun.fi/JX.2341598#29,Fungi,Basidiomycota,Agaricomycetes,Boletales,Boletaceae,Boletus,Boletus edulis,,SPECIES,Boletus edulis Bull.,Boletus edulis Bull.:Fr.,,FI,Brobacka,Uusimaa,PRESENT,,04fd2e13-6881-4e5c-9dd1-8fdd9ab993c1,60.251047,24.605245,1000.0,,,,,,2025-09-04T00:00Z,4,9,2025,MCH9,MCH9,MACHINE_OBSERVATION,,HR.2129,http://tun.fi/JX.2341598,,,,CC_BY_4_0,,Mari Kajasvirta,,,2026-09-09T03:55:56.767Z,,
5762417358,2bc4c2db-1dfa-419c-93ce-6602c5ae8c99,http://tun.fi/JX.2341915#3,Fungi,Basidiomycota,Agaricomycetes,Boletales,Boletaceae,Boletus,Boletus edulis,,SPECIES,Boletus edulis Bull.,Boletus edulis Bull.:Fr.,,EE,Kolga,"Pärnu maakond, Pärnu County",PRESENT,,04fd2e13-6881-4e5c-9dd1-8fdd9ab993c1,58.385496,23.849334,1.0,,,,,,2025-09-05T00:00Z,5,9,2025,MCH9,MCH9,MACHINE_OBSERVATION,,HR.2129,http://tun.fi/JX.2341915,,,,CC_BY_4_0,,Allar Antson,,,2026-09-09T03:55:56.973Z,,
5762416805,2bc4c2db-1dfa-419c-93ce-6602c5ae8c99,http://tun.fi/JX.2342621#3,Fungi,Basidiomycota,Agaricomycetes,Boletales,Boletaceae,Boletus,Boletus edulis,,SPECIES,Boletus edulis Bull.,Boletus edulis Bull.:Fr.,,EE,Agusalu,"Ida-Viru County, Ida-Viru maakond",PRESENT,,04fd2e13-6881-4e5c-9dd1-8fdd9ab993c1,59.124408,27.601749,1.0,,,,,,2025-09-07T00:00Z,7,9,2025,MCH9,MCH9,MACHINE_OBSERVATION,,HR.2129,http://tun.fi/JX.2342621,,,,CC_BY_4_0,,Allar Antson,,,2026-09-09T03:55:56.736Z,,
5762416391,2bc4c2db-1dfa-419c-93ce-6602c5ae8c99,http://tun.fi/JX.2343141#3,Fungi,Basidiomycota,Agaricomycetes,Boletales,Boletaceae,Boletus,Boletus edulis,,SPECIES,Boletus edulis Bull.,Boletus edulis Bull.:Fr.,,EE,Välgi,"Tartu maakond, Tartu County",PRESENT,,04fd2e13-6881-4e5c-9dd1-8fdd9ab993c1,58.594167,26.870917,1.0,,,,,,2025-09-08T00:00Z,8,9,2025,MCH9,MCH9,MACHINE_OBSERVATION,,HR.2129,http://tun.fi/JX.2343141,,,,CC_BY_4_0,,Allar Antson,,,2026-09-09T03:55:55.938Z,,
5762416546,2bc4c2db-1dfa-419c-93ce-6602c5ae8c99,http://tun.fi/JX.2344553#3,Fungi,Basidiomycota,Agaricomycetes,Boletales,Boletaceae,Boletus,Boletus edulis,,SPECIES,Boletus edulis Bull.,Boletus edulis Bull.:Fr.,,FI,Mikonkarinrivi,Pohjois-Pohjanmaa,PRESENT,,04fd2e13-6881-4e5c-9dd1-8fdd9ab993c1,64.715615,24.534424,1.0,,,,,,2025-09-09T00:00Z,9,9,2025,MCH9,MCH9,MACHINE_OBSERVATION,,HR.2129,http://tun.fi/JX.2344553,,,,CC_BY_4_0,,,,,2026-09-09T03:55:56.235Z,,
5762417118,2bc4c2db-1dfa-419c-93ce-6602c5ae8c99,http://tun.fi/JX.2344566#30,Fungi,Basidiomycota,Agaricomycetes,Boletales,Boletaceae,Boletus,Boletus edulis,,SPECIES,Boletus edulis Bull.,Boletus edulis Bull.:Fr.,,FI,Untulanharju,Kanta-Häme,PRESENT,1,04fd2e13-6881-4e5c-9dd1-8fdd9ab993c1,61.090339,25.004514,1000.0,,,,,,2025-09-09T00:00Z,9,9,2025,MCH9,MCH9,MACHINE_OBSERVATION,,HR.2129,http://tun.fi/JX.2344566,,,,CC_BY_4_0,,Anne Hirvonen,,,2026-09-09T03:55:56.798Z,,
5797654381,2bc4c2db-1dfa-419c-93ce-6602c5ae8c99,http://tun.fi/JX.2344982#41,Fungi,Basidiomycota,Agaricomycetes,Boletales,Boletaceae,Boletus,Boletus edulis,,SPECIES,Boletus edulis Bull.,Boletus edulis Bull.:Fr.,,FI,Rusthollinkangas,Kanta-Häme,PRESENT,,04fd2e13-6881-4e5c-9dd1-8fdd9ab993c1,61.201554,25.098702,100.0,,,,,,2025-09-10T13:15Z/2025-09-10T13:39Z,10,9,2025,MCH9,MCH9,MACHINE_OBSERVATION,,HR.2129,http://tun.fi/JX.2344982,,,,CC_BY_4_0,,Tarja Siuvatti,,,2026-09-09T03:55:57.405Z,,
5797656469,2bc4c2db-1dfa-419c-93ce-6602c5ae8c99,http://tun.fi/JX.2345414#5,Fungi,Basidiomycota,Agaricomycetes,Boletales,Boletaceae,Boletus,Boletus edulis,,SPECIES,Boletus edulis Bull.,Boletus edulis Bull.:Fr.,,FI,"Evo, Rahtijärvi",Kanta-Häme,PRESENT,,04fd2e13-6881-4e5c-9dd1-8fdd9ab993c1,61.220636,25.149249,100.0,,,,,,2025-09-11T00:00Z,11,9,2025,MCH9,MCH9,MACHINE_OBSERVATION,,HR.2129,http://tun.fi/JX.2345414,,,,CC_BY_4_0,,Tarja Siuvatti,,,2026-09-09T03:55:57.872Z,,
5839197470,2bc4c2db-1dfa-419c-93ce-6602c5ae8c99,http://tun.fi/JX.2345769#81,Fungi,Basidiomycota,Agaricomycetes,Boletales,Boletaceae,Boletus,Boletus edulis,,SPECIES,Boletus edulis Bull.,Boletus edulis Bull.:Fr.,,FI,Sajaniemi,Kanta-Häme,PRESENT,1,04fd2e13-6881-4e5c-9dd1-8fdd9ab993c1,61.108013,24.956539,1.0,,,,,,2025-09-12T07:07Z/2025-09-12T12:03Z,12,9,2025,MCH9,MCH9,MACHINE_OBSERVATION,,HR.2129,http://tun.fi/JX.2345769,,,,CC_BY_4_0,,Laura Tarvainen;Anne Hirvonen,,,2026-09-09T03:55:59.293Z,,
5797655140,2bc4c2db-1dfa-419c-93ce-6602c5ae8c99,http://tun.fi/JX.2345962#60,Fungi,Basidiomycota,Agaricomycetes,Boletales,Boletaceae,Boletus,Boletus edulis,,SPECIES,Boletus edulis Bull.,Boletus edulis Bull.:Fr.,,FI,Husö,Uusimaa,PRESENT,,04fd2e13-6881-4e5c-9dd1-8fdd9ab993c1,60.243116,25.20407,1.0,,,,,,2025-09-13T06:34Z/2025-09-13T07:29Z,13,9,2025,MCH9,MCH9,HUMAN_OBSERVATION,,HR.2129,http://tun.fi/JX.2345962,,,,CC_BY_4_0,,Janne Koskinen,,,2026-09-09T03:55:57.699Z,,
6405493336,2bc4c2db-1dfa-419c-93ce-6602c5ae8c99,http://tun.fi/JX.2467910#60,Fungi,Basidiomycota,Agaricomycetes,Boletales,Boletaceae,Boletus,Boletus edulis,,SPECIES,Boletus edulis Bull.,Boletus edulis Bull.:Fr.,,FI,,Uusimaa,PRESENT,,04fd2e13-6881-4e5c-9dd1-8fdd9ab993c1,60.243116,25.20407,1.0,,,,,,2025-09-13T06:34Z/2025-09-13T07:29Z,13,9,2025,MCH9,MCH9,HUMAN_OBSERVATION,,HR.2129,http://tun.fi/JX.2467910,,,,CC_BY_4_0,,Janne Koskinen,,,2026-09-09T03:56:09.391Z,,
6160474390,2bc4c2db-1dfa-419c-93ce-6602c5ae8c99,http://tun.fi/JX.2407895#39,Fungi,Basidiomycota,Agaricomycetes,Boletales,Boletaceae,Boletus,Boletus edulis,,SPECIES,Boletus edulis Bull.,Boletus edulis Bull.:Fr.,,FI,Suksjoki,Pohjois-Karjala,PRESENT,,04fd2e13-6881-4e5c-9dd1-8fdd9ab993c1,62.122141,30.267838,1000.0,,,,,,2025-09-18T00:00Z,18,9,2025,MCH9,MCH9,MACHINE_OBSERVATION,,HR.2129,http://tun.fi/JX.2407895,,,,CC_BY_4_0,,Tupu Vuorinen,,,2026-09-09T03:56:05.215Z,StillImage,
5843788359,2bc4c2db-1dfa-419c-93ce-6602c5ae8c99,http://tun.fi/JX.2350454#30,Fungi,Basidiomycota,Agaricomycetes,Boletales,Boletaceae,Boletus,Boletus edulis,,SPECIES,Boletus edulis Bull.,Boletus edulis Bull.:Fr.,,FI,Kuoppala,Uusimaa,PRESENT,,04fd2e13-6881-4e5c-9dd1-8fdd9ab993c1,60.542938,24.554379,100.0,,,,,,2025-09-26T00:00Z,26,9,2025,MCH9,MCH9,MACHINE_OBSERVATION,,HR.2129,http://tun.fi/JX.2350454,,,,CC_BY_4_0,,Mari Kajasvirta,,,2026-09-09T03:56:01.491Z,,
6450797459,2bc4c2db-1dfa-419c-93ce-6602c5ae8c99,http://tun.fi/JX.2350224#78,Fungi,Basidiomycota,Agaricomycetes,Boletales,Boletaceae,Boletus,Boletus edulis,,SPECIES,Boletus edulis Bull.,Boletus edulis Bull.:Fr.,,FI,Ylimmäinen,Uusimaa,PRESENT,,04fd2e13-6881-4e5c-9dd1-8fdd9ab993c1,60.544134,24.482722,1000.0,,,,,,2025-09-26T00:00Z,26,9,2025,MCH9,MCH9,MACHINE_OBSERVATION,,HR.2129,http://tun.fi/JX.2350224,,,,CC_BY_4_0,,Mari Kajasvirta,,,2026-09-09T03:56:11.346Z,,
6450798427,2bc4c2db-1dfa-419c-93ce-6602c5ae8c99,http://tun.fi/JX.2350270#42,Fungi,Basidiomycota,Agaricomycetes,Boletales,Boletaceae,Boletus,Boletus edulis,,SPECIES,Boletus edulis Bull.,Boletus edulis Bull.:Fr.,,FI,Pikku-Komin länsipuolen kuusikko,Uusimaa,PRESENT,,04fd2e13-6881-4e5c-9dd1-8fdd9ab993c1,60.544104,24.555926,1000.0,,,,,,2025-09-26T00:00Z,26,9,2025,MCH9,MCH9,MACHINE_OBSERVATION,,HR.2129,http://tun.fi/JX.2350270,,,,CC_BY_4_0,,Mari Kajasvirta,,,2026-09-09T03:56:11.509Z,,
5843787857,2bc4c2db-1dfa-419c-93ce-6602c5ae8c99,http://tun.fi/JX.2350665#60,Fungi,Basidiomycota,Agaricomycetes,Boletales,Boletaceae,Boletus,Boletus edulis,,SPECIES,Boletus edulis Bull.,Boletus edulis Bull.:Fr.,,FI,Kiljavan lähteikköalue,Uusimaa,PRESENT,,04fd2e13-6881-4e5c-9dd1-8fdd9ab993c1,60.4991,24.694557,1000.0,,,,,,2025-09-27T00:00Z,27,9,2025,MCH9,MCH9,MACHINE_OBSERVATION,,HR.2129,http://tun.fi/JX.2350665,,,,CC_BY_4_0,,Mari Kajasvirta,,,2026-09-09T03:56:01.275Z,,
5839197529,2bc4c2db-1dfa-419c-93ce-6602c5ae8c99,http://tun.fi/JX.2351741#35,Fungi,Basidiomycota,Agaricomycetes,Boletales,Boletaceae,Boletus,Boletus edulis,,SPECIES,Boletus edulis Bull.,Boletus edulis Bull.:Fr.,,FI,"Koverharintie, Ryssmalmen",Uusimaa,PRESENT,,04fd2e13-6881-4e5c-9dd1-8fdd9ab993c1,59.892484,23.220066,1000.0,,,,,,2025-09-30T00:00Z,30,9,2025,MCH9,MCH9,HUMAN_OBSERVATION,,HR.2129,http://tun.fi/JX.2351741,,Ilkka Kytövuori,,CC_BY_4_0,,Riitta Tamminen;Ilkka Kytövuori,,,2026-09-09T03:55:59.270Z,,
5839199214,2bc4c2db-1dfa-419c-93ce-6602c5ae8c99,http://tun.fi/JX.2351759#9,Fungi,Basidiomycota,Agaricomycetes,Boletales,Boletaceae,Boletus,Boletus edulis,,SPECIES,Boletus edulis Bull.,Boletus edulis Bull.:Fr.,,FI,Skåldö,Uusimaa,PRESENT,,04fd2e13-6881-4e5c-9dd1-8fdd9ab993c1,59.906439,23.498849,1.0,,,,,,2025-09-30T00:00Z,30,9,2025,MCH9,MCH9,MACHINE_OBSERVATION,,HR.2129,http://tun.fi/JX.2351759,,,,CC_BY_4_0,,Tarja Siuvatti;Anders Fagerholm,,,2026-09-09T03:56:00.320Z,,
5839198861,2bc4c2db-1dfa-419c-93ce-6602c5ae8c99,http://tun.fi/JX.2352611#3,Fungi,Basidiomycota,Agaricomycetes,Boletales,Boletaceae,Boletus,Boletus edulis,,SPECIES,Boletus edulis Bull.,Boletus edulis Bull.:Fr.,,EE,Viieristi,"Saare maakond, Saare County",PRESENT,,04fd2e13-6881-4e5c-9dd1-8fdd9ab993c1,58.010764,22.170931,1.0,,,,,,2025-10-04T00:00Z,4,10,2025,MCH9,MCH9,MACHINE_OBSERVATION,,HR.2129,http://tun.fi/JX.2352611,,,,CC_BY_4_0,,Allar Antson,,,2026-09-09T03:56:00.213Z,,
6231948344,2bc4c2db-1dfa-419c-93ce-6602c5ae8c99,http://tun.fi/JX.2353550#3,Fungi,Basidiomycota,Agaricomycetes,Boletales,Boletaceae,Boletus,Boletus edulis,,SPECIES,Boletus edulis Bull.,Boletus edulis Bull.:Fr.,,FI,Edesniemi,Keski-Suomi,PRESENT,,04fd2e13-6881-4e5c-9dd1-8fdd9ab993c1,61.739548,25.303171,1000.0,,,,,,2025-10-05T00:00Z,5,10,2025,MCH9,MCH9,HUMAN_OBSERVATION,,HR.2129,http://tun.fi/JX.2353550,,,,CC_BY_4_0,,Riitta Tamminen;Ilkka Kytövuori,,,2026-09-09T03:56:06.678Z,,
5843787510,2bc4c2db-1dfa-419c-93ce-6602c5ae8c99,http://tun.fi/JX.2355900#3,Fungi,Basidiomycota,Agaricomycetes,Boletales,Boletaceae,Boletus,Boletus edulis,,SPECIES,Boletus edulis Bull.,Boletus edulis Bull.:Fr.,,FI,Lohva,Pohjois-Pohjanmaa,PRESENT,,04fd2e13-6881-4e5c-9dd1-8fdd9ab993c1,63.772452,26.064434,1.0,,,,,,2025-10-12T00:00Z,12,10,2025,MCH9,MCH9,MACHINE_OBSERVATION,,HR.2129,http://tun.fi/JX.2355900,,,,CC_BY_4_0,,Seppo Huhmarniemi,,,2026-09-09T03:56:00.983Z,,
5843787565,2bc4c2db-1dfa-419c-93ce-6602c5ae8c99,http://tun.fi/JX.2355590#97,Fungi,Basidiomycota,Agaricomycetes,Boletales,Boletaceae,Boletus,Boletus edulis,,SPECIES,Boletus edulis Bull.,Boletus edulis Bull.:Fr.,,FI,Träskesmossenin etelä- ja itäpuoli,Uusimaa,PRESENT,,04fd2e13-6881-4e5c-9dd1-8fdd9ab993c1,59.85519,23.071058,1000.0,,,,,,2025-10-13T00:00Z,13,10,2025,MCH9,MCH9,MACHINE_OBSERVATION,,HR.2129,http://tun.fi/JX.2355590,,,,CC_BY_4_0,,Mari Kajasvirta,,,2026-09-09T03:56:00.928Z,,
5888912189,2bc4c2db-1dfa-419c-93ce-6602c5ae8c99,http://tun.fi/JX.2362578#55,Fungi,Basidiomycota,Agaricomycetes,Boletales,Boletaceae,Boletus,Boletus edulis,,SPECIES,Boletus edulis Bull.,Boletus edulis Bull.:Fr.,,FI,"Kurkisuo, Skanssi",Varsinais-Suomi,PRESENT,2,04fd2e13-6881-4e5c-9dd1-8fdd9ab993c1,60.423398,22.336205,100.0,,,,,,2025-11-01T00:00Z,1,11,2025,MCH9,MCH9,MACHINE_OBSERVATION,,HR.2129,http://tun.fi/JX.2362578,,,,CC_BY_4_0,,Aapo Kujanpää,,,2026-09-09T03:56:02.455Z,,
6450797595,2bc4c2db-1dfa-419c-93ce-6602c5ae8c99,http://tun.fi/JX.2485685#12,Fungi,Basidiomycota,Agaricomycetes,Boletales,Boletaceae,Boletus,Boletus edulis,,SPECIES,Boletus edulis Bull.,Boletus edulis Bull.:Fr.,,FI,Kasavuori,Uusimaa,PRESENT,,04fd2e13-6881-4e5c-9dd1-8fdd9ab993c1,60.210959,24.6801,1.0,,,,,,2026-07-20T00:00Z/2026-07-27T00:00Z,,7,2026,MCH9,MCH9,MACHINE_OBSERVATION,,HR.2129,http://tun.fi/JX.2485685,,,,CC_BY_4_0,,Mari Kajasvirta,,,2026-09-09T03:56:11.485Z,,
6450796420,2bc4c2db-1dfa-419c-93ce-6602c5ae8c99,http://tun.fi/JX.2488359#7,Fungi,Basidiomycota,Agaricomycetes,Boletales,Boletaceae,Boletus,Boletus edulis,,SPECIES,Boletus edulis Bull.,Boletus edulis Bull.:Fr.,,FI,Someroja,Varsinais-Suomi,PRESENT,7,04fd2e13-6881-4e5c-9dd1-8fdd9ab993c1,60.509,22.118,1.0,,,,,,2026-07-25T00:00Z,25,7,2026,MCH9,MCH9,MACHINE_OBSERVATION,,HR.2129,http://tun.fi/JX.2488359,,,,CC_BY_4_0,,Maarit Piitulainen,,,2026-09-09T03:56:11.162Z,,
6467653325,2bc4c2db-1dfa-419c-93ce-6602c5ae8c99,http://tun.fi/JX.2491077#6,Fungi,Basidiomycota,Agaricomycetes,Boletales,Boletaceae,Boletus,Boletus edulis,,SPECIES,Boletus edulis Bull.,Boletus edulis Bull.:Fr.,,FI,"Märynummi, Kairila",Varsinais-Suomi,PRESENT,,04fd2e13-6881-4e5c-9dd1-8fdd9ab993c1,60.45783,23.063638,1.0,,,,,,2026-08-01T14:05Z/2026-08-01T14:19Z,1,8,2026,MCH9,MCH9,MACHINE_OBSERVATION,,HR.2129,http://tun.fi/JX.2491077,,,,CC_BY_4_0,,Tarja Siuvatti,,,2026-09-09T03:56:11.522Z,,
6496437540,2bc4c2db-1dfa-419c-93ce-6602c5ae8c99,http://tun.fi/JX.2497455#3,Fungi,Basidiomycota,Agaricomycetes,Boletales,Boletaceae,Boletus,Boletus edulis,,SPECIES,Boletus edulis Bull.,Boletus edulis Bull.:Fr.,,EE,Lahemaa,"Harju County, Harju maakond, Harjumaa",PRESENT,,04fd2e13-6881-4e5c-9dd1-8fdd9ab993c1,59.550323,25.590897,1.0,,,,,,2026-08-13T00:00Z,13,8,2026,MCH9,MCH9,MACHINE_OBSERVATION,,HR.2129,http://tun.fi/JX.2497455,,,,CC_BY_4_0,,Allar Antson,,,2026-09-09T03:56:12.707Z,,
6496438385,2bc4c2db-1dfa-419c-93ce-6602c5ae8c99,http://tun.fi/JX.2497748#147,Fungi,Basidiomycota,Agaricomycetes,Boletales,Boletaceae,Boletus,Boletus edulis,,SPECIES,Boletus edulis Bull.,Boletus edulis Bull.:Fr.,,FI,Hasselholmen,Uusimaa,PRESENT,,04fd2e13-6881-4e5c-9dd1-8fdd9ab993c1,60.402903,25.747026,1.0,,,,,,2026-08-14T00:00Z,14,8,2026,MCH9,MCH9,MACHINE_OBSERVATION,,HR.2129,http://tun.fi/JX.2497748,,,,CC_BY_4_0,,Mari Kajasvirta,,,2026-09-09T03:56:12.540Z,,
6496436469,2bc4c2db-1dfa-419c-93ce-6602c5ae8c99,http://tun.fi/JX.2499040#5,Fungi,Basidiomycota,Agaricomycetes,Boletales,Boletaceae,Boletus,Boletus edulis,,SPECIES,Boletus edulis Bull.,Boletus edulis Bull.:Fr.,,FI,Pullinpuoli,Lappi,PRESENT,4,04fd2e13-6881-4e5c-9dd1-8fdd9ab993c1,66.500089,25.746352,1.0,,,,,,2026-08-16T00:00Z,16,8,2026,MCH9,MCH9,MACHINE_OBSERVATION,,HR.2129,http://tun.fi/JX.2499040,,,,CC_BY_4_0,,Seija Korpinen,,,2026-09-09T03:56:12.172Z,,
