sample_group	scientific_name	event_datetime	latitude_wgs84	longitude_wgs84	etrs_tm35fin_easting_m	etrs_tm35fin_northing_m	coordinate_accuracy_m
boletus_edulis	Boletus edulis	2015-07-28/2015-07-28	65.060114	25.556896	432105.629	7215929.545	100
boletus_edulis	Boletus edulis	2015-08-14/2015-08-14	65.060114	25.556896	432105.629	7215929.545	100
boletus_edulis	Boletus edulis	2010-08-25/2010-08-25	61.145592	24.795466	381327.694	6781004.184	100
boletus_edulis	Boletus edulis	2020-06-29/2020-06-29	60.343202	25.683784	427349.516	6690359.024	1
boletus_edulis	Boletus edulis	2020-08-24/2020-08-24	60.293498	25.421029	412715.538	6685142.861	100
boletus_edulis	Boletus edulis	2021-09-02/2021-09-02	60.293477	25.419222	412615.605	6685142.916	100
boletus_edulis	Boletus edulis	2015-08-14/2015-08-14	65.06	25.556666	432094.52	7215917.089	72
boletus_edulis	Boletus edulis	2023-09-04/2023-09-04	61.009253	24.133501	345042.383	6767209.584	100
boletus_edulis	Boletus edulis	2023-09-06/2023-09-06	60.293477	25.419222	412615.605	6685142.916	100
boletus_edulis	Boletus edulis	2020-07-29/2020-07-29	60.2512	24.9272	385274.327	6681189.321	100
boletus_edulis	Boletus edulis	2020-08-03/2020-08-03	62.2062	25.8218	438708.996	6897708.882	1
boletus_edulis	Boletus edulis	2016-09-12/2016-09-12	60.543389	27.49707	527269.309	6712032.682	100
boletus_edulis	Boletus edulis	2021-08-14/2021-08-14	62.2541	25.7159	433306.309	6903149.136	100
boletus_edulis	Boletus edulis	2021-08-30/2021-08-30	60.36729	23.94741	331665.162	6696215.728	100
boletus_edulis	Boletus edulis	2018-09-08/2018-09-08	60.29059	24.61385	368094.41	6686160.399	10
boletus_edulis	Boletus edulis	2022-06-24/2022-06-24	62.32509	27.99124	551362.958	6910789.84	12
boletus_edulis	Boletus edulis	2022-07-26/2022-07-26	62.99651	27.57353	529053.943	6985329.933	10
boletus_edulis	Boletus edulis	2022-07-27/2022-07-27	64.26523	24.88496	397545.021	7128273.749	596
boletus_edulis	Boletus edulis	2022-07-28/2022-07-28	61.78672	25.70375	431635.031	6851102.418	16
boletus_edulis	Boletus edulis	2022-08-06/2022-08-06	60.68348	24.89193	384864.052	6729379.878	11
boletus_edulis	Boletus edulis	2022-08-06/2022-08-06	62.91617	27.76895	539060.242	6976482.548	100
boletus_edulis	Boletus edulis	2022-08-07/2022-08-07	63.18991	23.6078	329352.713	7011259.151	100
boletus_edulis	Boletus edulis	2022-08-07/2022-08-07	63.11921	21.64055	229871.068	7010151.789	10
boletus_edulis	Boletus edulis	2012-09-13/2012-09-13	60.7303	26.41869	468293.432	6732887.856	367
boletus_edulis	Boletus edulis	2012-09-13/2012-09-13	60.7303	26.41869	468293.432	6732887.856	367
boletus_edulis	Boletus edulis	2012-09-13/2012-09-13	60.7303	26.41869	468293.432	6732887.856	367
boletus_edulis	Boletus edulis	2012-09-13/2012-09-13	60.7303	26.41869	468293.432	6732887.856	367
boletus_edulis	Boletus edulis	2022-08-11/2022-08-11	62.86389	22.08072	249846.243	6979989.452	10
boletus_edulis	Boletus edulis	2022-08-14/2022-08-14	62.30554	27.80883	541938.666	6908480.478	100
boletus_edulis	Boletus edulis	2022-08-17/2022-08-17	65.07132	25.46523	427823.958	7217279.783	100
boletus_edulis	Boletus edulis	2022-08-17/2022-08-17	65.07182	25.46702	427909.476	7217333.451	100
boletus_edulis	Boletus edulis	2014-09-06/2014-09-06	60.35991	24.43752	358650.187	6694242.573	56
boletus_edulis	Boletus edulis	2010-09-07/2010-09-07	60.26618	24.63578	369208.908	6683399.312	188
boletus_edulis	Boletus edulis	2022-08-29/2022-08-29	62.60373	29.73905	640586.243	6944423.542	19
boletus_edulis	Boletus edulis	2022-08-15/2022-08-15	63.62276	25.92555	446740.846	7055425.779	98
boletus_edulis	Boletus edulis	2022-09-11/2022-09-11	60.36975	21.35645	188992.739	6705920.589	10
boletus_edulis	Boletus edulis	2022-09-17/2022-09-17	61.403	25.13242	400282.155	6809103.765	10
boletus_edulis	Boletus edulis	2022-09-17/2022-09-17	60.40344	22.45619	249783.44	6704976.62	100
boletus_edulis	Boletus edulis	2022-09-18/2022-09-18	60.43351	22.28705	240719.605	6708974.754	10
boletus_edulis	Boletus edulis	2022-09-19/2022-09-19	60.55979	22.45437	250886.106	6722368.912	23
boletus_edulis	Boletus edulis	2022-09-25/2022-09-25	62.04422	23.04162	293063.696	6885424.083	10
boletus_edulis	Boletus edulis	2022-09-28/2022-09-28	63.56485	27.19712	509791.212	7048540.752	10
boletus_edulis	Boletus edulis	2022-10-02/2022-10-02	61.05953	25.0459	394519.586	6770992.435	100
boletus_edulis	Boletus edulis	2022-08-15/2022-08-15	64.94656	25.54418	431216.015	7203290.521	100
boletus_edulis	Boletus edulis	2022-10-03/2022-10-03	60.22178	19.61414	91370.429	6699018.126	244
boletus_edulis	Boletus edulis	2022-10-09/2022-10-09	62.62044	29.81337	644317.918	6946448.079	10
boletus_edulis	Boletus edulis	2021-09-12/2021-09-12	61.79941	29.32101	622348.191	6854018.944	100
boletus_edulis	Boletus edulis	2022-08-27/2022-08-27	64.92766	25.91226	448569.118	7200834.687	100
boletus_edulis	Boletus edulis	2022-10-09/2022-10-09	60.16172	24.74971	375113.341	6671549.555	27
boletus_edulis	Boletus edulis	2015-08-23/2015-08-23	62.60041	29.75527	641434.185	6944089.357	244
boletus_edulis	Boletus edulis	2018-08-19/2018-08-19	61.3175	24.90306	387732.534	6799955.392	100
boletus_edulis	Boletus edulis	2018-08-31/2018-08-31	60.57717	25.3024	406973.013	6716892.628	10
boletus_edulis	Boletus edulis	2022-09-15/2022-09-15	60.45107	22.33354	243412.93	6710744.884	100
boletus_edulis	Boletus edulis	2018-09-08/2018-09-08	60.2579	24.62896	368798.587	6682491.094	15
boletus_edulis	Boletus edulis	2018-09-08/2018-09-08	60.31248	24.59739	367273.593	6688630.294	100
boletus_edulis	Boletus edulis	2023-07-13/2023-07-13	61.59173	26.46541	471625.888	6828816.255	100
boletus_edulis	Boletus edulis	2023-07-14/2023-07-14	61.17588	24.55916	368736.926	6784828.005	100
boletus_edulis	Boletus edulis	2023-07-15/2023-07-15	61.16897	25.86591	438990.016	6782137.218	100
boletus_edulis	Boletus edulis	2023-07-22/2023-07-22	61.20981	26.99945	499970.449	6786157.306	441
boletus_edulis	Boletus edulis	2023-07-25/2023-07-25	63.56199	27.55181	527411.661	7048325.188	10
boletus_edulis	Boletus edulis	2023-07-26/2023-07-26	62.30377	27.80683	541837.426	6908282.006	100
boletus_edulis	Boletus edulis	2023-07-29/2023-07-29	61.12883	28.44083	577608.321	6777991.754	100
boletus_edulis	Boletus edulis	2023-07-29/2023-07-29	62.57927	29.87174	647514.828	6941996.577	11
boletus_edulis	Boletus edulis	2023-07-29/2023-07-29	62.78916	28.52566	577830.036	6963020.012	31
boletus_edulis	Boletus edulis	2023-07-31/2023-07-31	63.05445	28.35598	568552.123	6992379.069	10
boletus_edulis	Boletus edulis	2023-07-31/2023-07-31	64.01441	26.08353	455197.728	7098942.011	92
boletus_edulis	Boletus edulis	2023-08-01/2023-08-01	61.89013	29.67232	640444.339	6864830.267	100
boletus_edulis	Boletus edulis	2023-07-20/2023-07-20	61.55258	29.5009	632884.176	6826889.288	243
boletus_edulis	Boletus edulis	2023-07-19/2023-07-19	61.55233	29.50035	632856.031	6826860.332	126
boletus_edulis	Boletus edulis	2023-08-02/2023-08-02	61.49553	22.19981	244594.8	6827393.689	32
boletus_edulis	Boletus edulis	2023-08-04/2023-08-04	60.24368	25.21662	401267.72	6679883.9	10
boletus_edulis	Boletus edulis	2023-08-05/2023-08-05	60.06594	24.21569	345037.417	6662018.73	74
boletus_edulis	Boletus edulis	2023-08-05/2023-08-05	61.29574	25.53557	421537.123	6796608.507	100
boletus_edulis	Boletus edulis	2023-08-05/2023-08-05	60.30439	25.20421	400764.833	6686662.262	10
boletus_edulis	Boletus edulis	2023-08-05/2023-08-05	60.40847	22.23608	237717.058	6706392.807	100
boletus_edulis	Boletus edulis	2023-08-05/2023-08-05	60.432	25.0368	391938.869	6701134.085	357
boletus_edulis	Boletus edulis	2023-08-06/2023-08-06	65.026	25.62631	435288.325	7212055.493	10
boletus_edulis	Boletus edulis	2023-08-04/2023-08-04	61.1538	23.8932	332822.975	6783890.01	150
boletus_edulis	Boletus edulis	2023-08-07/2023-08-07	60.93639	24.21327	349007.512	6758912.734	10
boletus_edulis	Boletus edulis	2023-08-07/2023-08-07	61.7477	29.37644	625479.705	6848366.914	10
boletus_edulis	Boletus edulis	2023-08-09/2023-08-09	60.24462	25.20278	400504.482	6680009.351	10
boletus_edulis	Boletus edulis	2023-08-09/2023-08-09	62.22804	25.7398	434491.007	6900221.927	10
boletus_edulis	Boletus edulis	2023-08-09/2023-08-09	60.54137	22.22806	238349.298	6721200.178	100
boletus_edulis	Boletus edulis	2023-08-09/2023-08-09	60.25623	24.7912	377767.564	6681993.551	357
boletus_edulis	Boletus edulis	2023-08-10/2023-08-10	60.37326	24.7444	375624.209	6695110.022	10
boletus_edulis	Boletus edulis	2023-08-12/2023-08-12	60.31178	25.17199	399007.477	6687534.013	10
boletus_edulis	Boletus edulis	2023-08-12/2023-08-12	63.01133	22.32851	263623.035	6995445.126	10
boletus_edulis	Boletus edulis	2023-08-12/2023-08-12	63.01132	22.32853	263623.965	6995443.94	10
boletus_edulis	Boletus edulis	2023-08-13/2023-08-13	61.25018	26.08234	450759.553	6790999.778	10
boletus_edulis	Boletus edulis	2023-08-13/2023-08-13	60.18112	24.99896	389008.676	6673264.207	10
boletus_edulis	Boletus edulis	2023-08-13/2023-08-13	60.28783	25.18814	399826.293	6684842.688	100
boletus_edulis	Boletus edulis	2023-08-13/2023-08-13	60.27156	25.22823	401993.75	6682970.885	100
boletus_edulis	Boletus edulis	2023-08-13/2023-08-13	61.45862	24.13234	347176.061	6817232.948	100
boletus_edulis	Boletus edulis	2023-08-15/2023-08-15	61.64607	24.99718	393894.704	6836385.272	19
boletus_edulis	Boletus edulis	2023-08-15/2023-08-15	60.21809	24.99062	388671.494	6677394.365	10
boletus_edulis	Boletus edulis	2023-08-16/2023-08-16	59.96075	22.86081	268952.493	6654269.498	10
boletus_edulis	Boletus edulis	2023-08-16/2023-08-16	60.1803	24.88211	382525.9	6673375.079	100
boletus_edulis	Boletus edulis	2023-08-19/2023-08-19	60.15804	24.76452	375921.184	6671111.953	10
boletus_edulis	Boletus edulis	2023-08-20/2023-08-20	61.51012	23.63807	321146.393	6824222.753	161
boletus_edulis	Boletus edulis	2023-08-24/2023-08-24	60.21269	25.27249	404270.003	6676351.004	40
boletus_edulis	Boletus edulis	2023-08-24/2023-08-24	60.21266	25.27283	404288.754	6676347.171	36
boletus_edulis	Boletus edulis	2023-08-24/2023-08-24	60.21235	25.2715	404214.159	6676314.583	19
boletus_edulis	Boletus edulis	2023-08-24/2023-08-24	60.21223	25.27086	404178.349	6676302.15	18
boletus_edulis	Boletus edulis	2023-08-25/2023-08-25	60.17914	24.69915	372375.709	6673585.535	100
boletus_edulis	Boletus edulis	2023-08-26/2023-08-26	61.65226	26.06942	450705.316	6835794.873	10
boletus_edulis	Boletus edulis	2023-08-26/2023-08-26	60.18397	24.73014	374112.707	6674063.742	100
boletus_edulis	Boletus edulis	2023-08-26/2023-08-26	60.5484	21.49251	198143.932	6725135.226	10
boletus_edulis	Boletus edulis	2023-08-26/2023-08-26	60.12024	23.3948	299707.05	6670268.712	10
boletus_edulis	Boletus edulis	2023-08-26/2023-08-26	63.85155	23.1111	308866.784	7086297.889	10
boletus_edulis	Boletus edulis	2023-08-26/2023-08-26	60.22647	24.91617	384577.006	6678455.251	29
boletus_edulis	Boletus edulis	2023-08-27/2023-08-27	63.42678	22.24612	262889.277	7041945.847	10
boletus_edulis	Boletus edulis	2023-08-29/2023-08-29	61.12421	21.54362	206277.581	6788883.137	10
boletus_edulis	Boletus edulis	2023-08-29/2023-08-29	68.11308	23.87191	369915.951	7558767.893	100
boletus_edulis	Boletus edulis	2023-08-29/2023-08-29	60.19611	24.91683	384506.852	6675073.996	25
boletus_edulis	Boletus edulis	2023-08-31/2023-08-31	60.14875	22.00154	222627.826	6678480.946	10
boletus_edulis	Boletus edulis	2023-09-01/2023-09-01	61.25583	24.57145	369728.512	6793704.583	21
boletus_edulis	Boletus edulis	2023-09-01/2023-09-01	62.75622	23.03538	297603.022	6964657.654	24
boletus_edulis	Boletus edulis	2023-09-02/2023-09-02	60.77811	23.83999	327942.986	6742215.062	10
boletus_edulis	Boletus edulis	2023-09-01/2023-09-01	60.24031	25.21575	401209.416	6679509.971	10
boletus_edulis	Boletus edulis	2023-09-02/2023-09-02	61.60632	21.44866	205743.778	6842879.596	100
boletus_edulis	Boletus edulis	2023-09-02/2023-09-02	61.6076	21.44207	205407.243	6843051.645	498
boletus_edulis	Boletus edulis	2023-09-02/2023-09-02	60.30333	21.96947	222163.331	6695798.309	27
boletus_edulis	Boletus edulis	2023-09-03/2023-09-03	64.94303	26.81067	491052.83	7202118.804	13
boletus_edulis	Boletus edulis	2023-09-03/2023-09-03	62.87786	27.61854	531461.101	6972132.0	10
boletus_edulis	Boletus edulis	2023-09-03/2023-09-03	60.27908	23.82697	324554.1	6686712.97	10
boletus_edulis	Boletus edulis	2023-09-03/2023-09-03	60.32766	24.82563	379934.665	6689882.694	100
boletus_edulis	Boletus edulis	2023-09-04/2023-09-04	63.35977	27.40327	520174.769	7025738.222	10
boletus_edulis	Boletus edulis	2023-09-04/2023-09-04	63.35998	27.4031	520166.117	7025761.567	822
boletus_edulis	Boletus edulis	2023-09-04/2023-09-04	63.36106	27.40254	520137.347	7025881.726	10
boletus_edulis	Boletus edulis	2023-09-04/2023-09-04	60.21357	23.77091	321098.967	6679573.353	22
boletus_edulis	Boletus edulis	2023-09-04/2023-09-04	61.10034	28.45798	578602.684	6774839.368	963
boletus_edulis	Boletus edulis	2023-09-04/2023-09-04	60.20994	24.67154	370965.631	6677068.021	100
boletus_edulis	Boletus edulis	2023-09-05/2023-09-05	60.296	24.56265	365287.217	6686866.153	10
boletus_edulis	Boletus edulis	2023-09-05/2023-09-05	60.40407	22.23899	237841.654	6705892.034	47
boletus_edulis	Boletus edulis	2023-09-04/2023-09-04	60.45351	22.33734	243640.886	6711001.362	208
boletus_edulis	Boletus edulis	2023-09-06/2023-09-06	61.85651	24.83631	386154.179	6860091.172	10
boletus_edulis	Boletus edulis	2023-09-01/2023-09-01	60.24034	25.2158	401212.274	6679513.237	100
boletus_edulis	Boletus edulis	2023-09-06/2023-09-06	60.24569	25.01468	390096.717	6680426.947	10
boletus_edulis	Boletus edulis	2023-09-06/2023-09-06	60.40138	22.32019	242286.377	6705272.288	10
boletus_edulis	Boletus edulis	2023-09-06/2023-09-06	60.25677	24.79072	377743.022	6682054.559	357
boletus_edulis	Boletus edulis	2023-08-14/2023-08-14	60.72272	24.7528	377416.697	6734000.537	20
boletus_edulis	Boletus edulis	2023-09-07/2023-09-07	59.96691	23.43002	300740.339	6653102.913	956
boletus_edulis	Boletus edulis	2023-09-08/2023-09-08	60.98576	24.51365	365485.84	6763754.157	10
boletus_edulis	Boletus edulis	2023-09-07/2023-09-07	61.46479	23.53217	315247.632	6819473.64	182
boletus_edulis	Boletus edulis	2023-09-07/2023-09-07	60.44686	23.2191	292038.208	6707150.795	35
boletus_edulis	Boletus edulis	2023-09-09/2023-09-09	60.29299	25.14699	397567.744	6685480.424	10
boletus_edulis	Boletus edulis	2023-09-09/2023-09-09	60.29286	25.14716	397576.733	6685465.686	10
boletus_edulis	Boletus edulis	2023-09-09/2023-09-09	60.03919	22.77465	264705.568	6663297.462	10
boletus_edulis	Boletus edulis	2023-09-09/2023-09-09	60.44751	22.25976	239332.289	6710639.106	699
boletus_edulis	Boletus edulis	2023-09-10/2023-09-10	60.17696	23.27681	293512.642	6676942.63	100
boletus_edulis	Boletus edulis	2023-09-10/2023-09-10	61.35087	23.80312	329052.476	6806056.683	30
boletus_edulis	Boletus edulis	2023-09-09/2023-09-09	60.37026	23.00096	279531.564	6699339.297	10
boletus_edulis	Boletus edulis	2023-09-12/2023-09-12	60.40226	22.31179	241831.302	6705403.047	490
boletus_edulis	Boletus edulis	2023-09-12/2023-09-12	62.08196	21.32295	203723.478	6896295.692	10
boletus_edulis	Boletus edulis	2023-09-12/2023-09-12	60.25867	24.80399	378484.216	6682241.57	119
boletus_edulis	Boletus edulis	2023-09-13/2023-09-13	61.45109	23.75346	326954.016	6817341.693	100
boletus_edulis	Boletus edulis	2023-07-27/2023-07-27	60.22445	24.92233	384911.05	6678219.598	20
boletus_edulis	Boletus edulis	2023-09-13/2023-09-13	60.22443	25.04505	391707.468	6678009.685	10
boletus_edulis	Boletus edulis	2023-09-14/2023-09-14	60.89462	24.88701	385352.456	6752897.126	21
boletus_edulis	Boletus edulis	2023-09-16/2023-09-16	60.19171	24.92205	384780.768	6674575.005	10
boletus_edulis	Boletus edulis	2023-09-15/2023-09-15	61.12849	21.49616	203767.081	6789572.975	100
boletus_edulis	Boletus edulis	2023-09-14/2023-09-14	60.20484	25.17542	398867.6	6675621.698	193
boletus_edulis	Boletus edulis	2023-09-16/2023-09-16	60.10938	24.7159	373035.906	6665787.205	13
boletus_edulis	Boletus edulis	2023-09-17/2023-09-17	61.12165	28.4512	578184.562	6777204.481	19
boletus_edulis	Boletus edulis	2023-08-27/2023-08-27	60.23618	22.25604	237433.584	6687158.538	10
boletus_edulis	Boletus edulis	2023-09-14/2023-09-14	60.32588	24.72824	374551.517	6689865.867	100
boletus_edulis	Boletus edulis	2023-09-17/2023-09-17	61.00626	25.57559	422978.961	6764322.089	300
boletus_edulis	Boletus edulis	2023-09-04/2023-09-04	60.23753	24.82601	379624.823	6679847.671	10
boletus_edulis	Boletus edulis	2023-09-18/2023-09-18	60.10201	24.41889	356499.531	6665574.709	23
boletus_edulis	Boletus edulis	2023-09-20/2023-09-20	62.24012	25.89376	442516.702	6901421.307	11
boletus_edulis	Boletus edulis	2023-09-21/2023-09-21	60.24094	25.14554	397324.666	6679687.294	10
boletus_edulis	Boletus edulis	2023-09-22/2023-09-22	60.53291	24.18096	345328.39	6714076.375	19
boletus_edulis	Boletus edulis	2023-09-09/2023-09-09	60.86301	23.43743	306551.766	6752784.562	10
boletus_edulis	Boletus edulis	2023-10-09/2023-10-09	60.43679	22.2492	238666.115	6709489.161	10
boletus_edulis	Boletus edulis	2023-08-01/2023-08-01	63.37752	27.43341	521669.221	7027725.786	10
boletus_edulis	Boletus edulis	2023-08-17/2023-08-17	60.73465	24.07361	340441.397	6736787.854	10
boletus_edulis	Boletus edulis	2023-09-03/2023-09-03	60.23654	24.87112	382118.446	6679656.014	20
boletus_edulis	Boletus edulis	2023-08-18/2023-08-18	65.04219	24.57191	385702.039	7215352.745	61
boletus_edulis	Boletus edulis	2023-08-07/2023-08-07	59.95097	23.01259	277352.168	6652661.065	100
boletus_edulis	Boletus edulis	2023-08-08/2023-08-08	59.94642	23.0809	281133.432	6651926.951	100
boletus_edulis	Boletus edulis	2023-07-30/2023-07-30	65.02444	25.64778	436295.891	7211859.853	100
boletus_edulis	Boletus edulis	2023-08-08/2023-08-08	65.05832	25.47133	428075.728	7215824.323	10
boletus_edulis	Boletus edulis	2023-08-22/2023-08-22	65.01594	25.50567	429579.515	7211063.515	10
boletus_edulis	Boletus edulis	2023-09-08/2023-09-08	64.97709	25.74487	440764.615	7206489.255	61
boletus_edulis	Boletus edulis	2023-09-01/2023-09-01	65.01921	25.65449	436599.559	7211270.335	42
boletus_edulis	Boletus edulis	2020-10-07/2020-10-07	61.33909	22.9657	284227.696	6807227.41	459
boletus_edulis	Boletus edulis	2023-08-13/2023-08-13	60.2411	25.15272	397722.628	6679693.958	100
boletus_edulis	Boletus edulis	2023-09-19/2023-09-19	61.34706	25.30968	409583.866	6802615.978	31
boletus_edulis	Boletus edulis	2019-09-22/2019-09-22	63.87406	23.07896	307442.781	7088899.294	488
boletus_edulis	Boletus edulis	2023-09-07/2023-09-07	60.30521	24.39797	356228.878	6688239.141	10
boletus_edulis	Boletus edulis	2024-07-22/2024-07-22	62.22108	25.84259	439820.053	6899346.887	10
boletus_edulis	Boletus edulis	2024-07-22/2024-07-22	63.29941	27.38018	519059.512	7019005.802	10
boletus_edulis	Boletus edulis	2024-07-22/2024-07-22	63.29936	27.38133	519117.198	7019000.574	50
boletus_edulis	Boletus edulis	2024-07-29/2024-07-29	60.25484	24.44362	358532.932	6682533.483	10
boletus_edulis	Boletus edulis	2023-07-29/2023-07-29	61.82607	28.87075	598533.238	6856222.605	100
boletus_edulis	Boletus edulis	2024-08-06/2024-08-06	61.59788	27.12793	506788.769	6829391.566	10
boletus_edulis	Boletus edulis	2024-08-07/2024-08-07	61.61235	27.12777	506777.116	6831003.426	10
boletus_edulis	Boletus edulis	2024-08-11/2024-08-11	60.24311	25.21757	401318.591	6679819.012	10
boletus_edulis	Boletus edulis	2024-08-14/2024-08-14	60.92811	23.8208	327708.52	6758959.322	48
boletus_edulis	Boletus edulis	2024-08-14/2024-08-14	60.06488	24.28711	349005.987	6661735.433	10
boletus_edulis	Boletus edulis	2024-08-15/2024-08-15	60.35478	25.10067	395205.922	6692433.086	52
boletus_edulis	Boletus edulis	2024-08-15/2024-08-15	60.72995	23.57014	312978.711	6737593.795	10
boletus_edulis	Boletus edulis	2024-08-15/2024-08-15	61.50766	23.80544	330031.828	6823500.969	10
boletus_edulis	Boletus edulis	2024-08-17/2024-08-17	60.05973	24.23931	346322.607	6661272.386	74
boletus_edulis	Boletus edulis	2024-08-17/2024-08-17	60.64543	25.07486	394728.899	6724836.476	11
boletus_edulis	Boletus edulis	2024-08-17/2024-08-17	60.42169	25.07347	393923.332	6699926.539	20
boletus_edulis	Boletus edulis	2024-08-17/2024-08-17	60.85788	25.69402	429052.847	6747663.811	100
boletus_edulis	Boletus edulis	2024-08-17/2024-08-17	61.2892	25.58741	424298.603	6795818.968	10
boletus_edulis	Boletus edulis	2024-08-18/2024-08-18	61.64988	25.00511	394327.731	6836796.646	10
boletus_edulis	Boletus edulis	2024-08-18/2024-08-18	61.05872	21.38308	197023.758	6782339.508	10
boletus_edulis	Boletus edulis	2024-08-18/2024-08-18	60.50215	22.46681	251124.697	6715912.458	69
boletus_edulis	Boletus edulis	2024-08-18/2024-08-18	60.70178	25.2066	402102.766	6730907.301	10
boletus_edulis	Boletus edulis	2024-08-19/2024-08-19	60.70695	26.6436	480546.547	6730199.594	10
boletus_edulis	Boletus edulis	2024-08-19/2024-08-19	60.4784	21.94568	222347.472	6715358.271	10
boletus_edulis	Boletus edulis	2024-08-18/2024-08-18	60.36998	25.00075	389745.373	6694288.482	100
boletus_edulis	Boletus edulis	2024-08-18/2024-08-18	60.23854	25.01389	390029.027	6679632.197	100
boletus_edulis	Boletus edulis	2024-08-20/2024-08-20	62.38292	27.66324	534301.497	6917014.922	10
boletus_edulis	Boletus edulis	2024-08-21/2024-08-21	60.50458	22.45018	250231.403	6716245.713	49
boletus_edulis	Boletus edulis	2024-08-21/2024-08-21	60.9239	21.49672	201881.102	6766838.124	10
boletus_edulis	Boletus edulis	2024-08-21/2024-08-21	60.8468	23.04813	285320.687	6752192.896	10
boletus_edulis	Boletus edulis	2024-08-21/2024-08-21	60.84714	23.04867	285352.278	6752228.95	10
boletus_edulis	Boletus edulis	2024-08-21/2024-08-21	60.19338	24.59235	366511.247	6675381.989	10
boletus_edulis	Boletus edulis	2024-08-21/2024-08-21	60.4802	25.10961	396099.919	6706383.636	10
boletus_edulis	Boletus edulis	2024-08-22/2024-08-22	60.47623	22.38715	246553.78	6713334.539	10
boletus_edulis	Boletus edulis	2024-08-24/2024-08-24	61.22256	27.4215	522637.394	6787650.488	100
boletus_edulis	Boletus edulis	2024-08-24/2024-08-24	60.30556	25.20876	401019.763	6686785.697	100
boletus_edulis	Boletus edulis	2024-08-24/2024-08-24	60.3091	25.21894	401592.843	6687164.625	100
boletus_edulis	Boletus edulis	2024-08-25/2024-08-25	63.64397	27.18818	509321.215	7057355.459	100
boletus_edulis	Boletus edulis	2024-08-27/2024-08-27	63.08149	29.81691	642251.991	6997787.515	100
boletus_edulis	Boletus edulis	2024-08-29/2024-08-29	60.29721	24.61706	368298.444	6686890.945	10
boletus_edulis	Boletus edulis	2024-08-30/2024-08-30	62.18439	25.74676	434758.68	6895352.763	851
boletus_edulis	Boletus edulis	2024-08-31/2024-08-31	61.45548	23.74467	326510.179	6817853.638	100
boletus_edulis	Boletus edulis	2024-09-01/2024-09-01	60.47627	25.15024	398320.334	6705882.61	100
boletus_edulis	Boletus edulis	2024-09-02/2024-09-02	65.91053	24.75498	397766.847	7311766.301	10
boletus_edulis	Boletus edulis	2024-09-02/2024-09-02	66.65517	27.53309	523572.584	7393040.949	100
boletus_edulis	Boletus edulis	2024-09-02/2024-09-02	62.65285	29.22233	613884.791	6948873.874	10
boletus_edulis	Boletus edulis	2024-09-01/2024-09-01	61.45389	27.40605	521647.394	6813412.768	21
boletus_edulis	Boletus edulis	2024-09-02/2024-09-02	65.05718	25.46066	427570.684	7215709.489	100
boletus_edulis	Boletus edulis	2024-09-03/2024-09-03	61.8755	28.86037	597828.972	6861711.731	100
boletus_edulis	Boletus edulis	2024-09-04/2024-09-04	65.06092	25.46968	428005.125	7216115.903	30
boletus_edulis	Boletus edulis	2024-09-04/2024-09-04	65.06199	25.46499	427787.412	7216240.478	10
boletus_edulis	Boletus edulis	2024-09-05/2024-09-05	63.17786	27.62817	531624.303	7005560.816	10
boletus_edulis	Boletus edulis	2024-09-05/2024-09-05	63.64626	27.17151	508494.809	7057608.304	100
boletus_edulis	Boletus edulis	2024-09-05/2024-09-05	65.0564	25.47902	428432.339	7215601.658	24
boletus_edulis	Boletus edulis	2024-09-06/2024-09-06	60.13413	24.3407	352297.977	6669322.363	10
boletus_edulis	Boletus edulis	2024-09-04/2024-09-04	64.89413	25.6206	434698.804	7197367.514	924
boletus_edulis	Boletus edulis	2024-08-22/2024-08-22	60.23217	25.08334	393853.132	6678809.245	100
boletus_edulis	Boletus edulis	2024-09-07/2024-09-07	66.49869	25.74422	444122.651	7376058.834	10
boletus_edulis	Boletus edulis	2024-09-07/2024-09-07	60.20069	25.16603	398334.384	6675174.05	100
boletus_edulis	Boletus edulis	2024-09-07/2024-09-07	60.08054	24.2953	349533.02	6663459.813	10
boletus_edulis	Boletus edulis	2024-09-07/2024-09-07	60.19955	25.16432	398236.077	6675049.754	100
boletus_edulis	Boletus edulis	2024-09-07/2024-09-07	66.13444	25.01337	410320.682	7336317.231	10
boletus_edulis	Boletus edulis	2024-09-08/2024-09-08	64.83328	25.68814	437755.232	7190519.16	10
boletus_edulis	Boletus edulis	2024-09-09/2024-09-09	60.26906	25.19133	399945.318	6682747.916	10
boletus_edulis	Boletus edulis	2024-09-05/2024-09-05	63.21027	27.51903	526100.71	7009122.766	10
boletus_edulis	Boletus edulis	2024-08-17/2024-08-17	61.81877	23.21063	300425.785	6859811.573	849
boletus_edulis	Boletus edulis	2024-09-06/2024-09-06	60.05798	24.29085	349182.578	6660958.882	100
boletus_edulis	Boletus edulis	2024-09-12/2024-09-12	60.29285	24.56193	365234.466	6686516.962	10
boletus_edulis	Boletus edulis	2024-09-12/2024-09-12	65.00354	25.46002	427394.915	7209733.517	10
boletus_edulis	Boletus edulis	2024-09-13/2024-09-13	61.20214	28.73641	593310.146	6786542.162	10
boletus_edulis	Boletus edulis	2024-09-14/2024-09-14	60.74542	21.75615	214323.727	6745848.949	488
boletus_edulis	Boletus edulis	2024-09-14/2024-09-14	63.5649	27.19747	509808.58	7048546.377	10
boletus_edulis	Boletus edulis	2024-09-14/2024-09-14	62.13739	26.1642	456421.195	6889766.695	100
boletus_edulis	Boletus edulis	2024-09-15/2024-09-15	60.29252	25.14627	397526.479	6685429.211	10
boletus_edulis	Boletus edulis	2024-09-15/2024-09-15	60.06692	24.38533	354479.76	6661742.176	100
boletus_edulis	Boletus edulis	2024-09-16/2024-09-16	60.26288	24.89027	383272.377	6682554.487	300
boletus_edulis	Boletus edulis	2024-09-17/2024-09-17	63.36101	27.40273	520146.886	7025876.215	10
boletus_edulis	Boletus edulis	2024-09-17/2024-09-17	63.36064	27.3991	519965.551	7025833.853	121
boletus_edulis	Boletus edulis	2024-09-17/2024-09-17	61.37791	22.93749	282989.434	6811639.325	10
boletus_edulis	Boletus edulis	2024-09-18/2024-09-18	60.7639	23.87756	329912.252	6740535.647	100
boletus_edulis	Boletus edulis	2024-09-18/2024-09-18	60.3525	22.22156	236466.404	6700228.258	21
boletus_edulis	Boletus edulis	2024-09-18/2024-09-18	60.26116	25.31392	406703.418	6681688.644	131
boletus_edulis	Boletus edulis	2024-09-19/2024-09-19	60.2337	25.13901	396940.449	6678891.356	10
boletus_edulis	Boletus edulis	2024-09-19/2024-09-19	60.15825	24.52522	362643.843	6671609.023	699
boletus_edulis	Boletus edulis	2024-09-19/2024-09-19	60.23781	25.14281	397163.732	6679343.044	10
boletus_edulis	Boletus edulis	2024-09-19/2024-09-19	60.42108	22.33307	243150.352	6707412.274	10
boletus_edulis	Boletus edulis	2024-09-20/2024-09-20	60.15303	24.36648	353813.253	6671368.765	10
boletus_edulis	Boletus edulis	2024-09-20/2024-09-20	60.44437	22.38741	246319.393	6709791.033	10
boletus_edulis	Boletus edulis	2024-09-20/2024-09-20	60.58333	22.42616	249524.19	6725093.662	10
boletus_edulis	Boletus edulis	2024-09-21/2024-09-21	60.31051	24.22761	346844.345	6689212.699	10
boletus_edulis	Boletus edulis	2024-09-21/2024-09-21	60.31042	24.2278	346854.415	6689202.24	10
boletus_edulis	Boletus edulis	2024-09-21/2024-09-21	60.31038	24.22792	346860.855	6689197.509	10
boletus_edulis	Boletus edulis	2024-09-21/2024-09-21	60.31047	24.22796	346863.485	6689207.433	10
boletus_edulis	Boletus edulis	2024-09-21/2024-09-21	60.23615	25.14756	397421.513	6679150.823	168
boletus_edulis	Boletus edulis	2024-09-21/2024-09-21	61.12883	21.49369	203637.547	6789621.955	10
boletus_edulis	Boletus edulis	2024-09-22/2024-09-22	61.45482	23.84993	332113.238	6817504.59	249
boletus_edulis	Boletus edulis	2024-09-17/2024-09-17	60.22846	24.57646	365773.954	6679319.363	100
boletus_edulis	Boletus edulis	2024-09-21/2024-09-21	60.30152	24.49415	361525.78	6687622.533	69
boletus_edulis	Boletus edulis	2024-09-26/2024-09-26	60.94646	26.81359	489900.904	6756838.207	14
boletus_edulis	Boletus edulis	2024-09-26/2024-09-26	60.8607	21.73787	214359.371	6758740.293	100
boletus_edulis	Boletus edulis	2024-09-18/2024-09-18	62.20213	25.53712	423891.092	6897557.514	165
boletus_edulis	Boletus edulis	2024-09-27/2024-09-27	60.47289	22.1726	234752.431	6713809.16	10
boletus_edulis	Boletus edulis	2024-09-27/2024-09-27	60.18736	25.14509	397132.077	6673722.3	10
boletus_edulis	Boletus edulis	2024-09-20/2024-09-20	61.64573	24.99617	393840.042	6836349.057	15
boletus_edulis	Boletus edulis	2024-09-29/2024-09-29	60.43176	22.51399	253177.849	6707907.48	105
boletus_edulis	Boletus edulis	2024-09-29/2024-09-29	60.46432	22.31596	242552.407	6712286.762	721
boletus_edulis	Boletus edulis	2024-09-30/2024-09-30	60.4855	25.12584	397008.596	6706948.26	10
boletus_edulis	Boletus edulis	2024-10-01/2024-10-01	60.25496	23.75093	320219.587	6684233.606	12
boletus_edulis	Boletus edulis	2024-10-01/2024-10-01	60.14612	24.88441	382531.507	6669565.655	10
boletus_edulis	Boletus edulis	2024-10-01/2024-10-01	60.48014	25.1164	396472.852	6706366.258	10
boletus_edulis	Boletus edulis	2024-08-16/2024-08-16	61.95993	25.98543	446791.35	6870132.139	100
boletus_edulis	Boletus edulis	2024-10-06/2024-10-06	60.27755	25.19198	400007.182	6683692.242	100
boletus_edulis	Boletus edulis	2024-10-05/2024-10-05	60.13111	24.68833	371588.487	6668259.579	100
boletus_edulis	Boletus edulis	2024-09-19/2024-09-19	60.54222	25.11114	396382.231	6713286.85	20
boletus_edulis	Boletus edulis	2024-10-12/2024-10-12	59.81355	22.8978	269999.752	6637768.68	10
boletus_edulis	Boletus edulis	2024-10-13/2024-10-13	60.30269	25.20209	400642.54	6686476.167	10
boletus_edulis	Boletus edulis	2024-10-13/2024-10-13	60.37131	25.55407	420259.167	6693638.996	100
boletus_edulis	Boletus edulis	2024-10-15/2024-10-15	60.17948	25.06611	392727.197	6672970.625	100
boletus_edulis	Boletus edulis	2024-10-25/2024-10-25	60.10733	24.487	360307.496	6666020.928	10
boletus_edulis	Boletus edulis	2024-09-29/2024-09-29	60.14965	24.74959	375060.882	6670206.065	14
boletus_edulis	Boletus edulis	2024-09-30/2024-09-30	64.9732	24.63525	388394.921	7207555.063	100
boletus_edulis	Boletus edulis	2024-09-30/2024-09-30	64.99217	24.66346	389803.952	7209618.594	10
boletus_edulis	Boletus edulis	2024-08-11/2024-08-11	65.01806	25.51067	429820.674	7211294.173	100
boletus_edulis	Boletus edulis	2024-09-02/2024-09-02	65.01697	25.51254	429905.919	7211170.645	10
boletus_edulis	Boletus edulis	2024-09-15/2024-09-15	65.01924	25.65194	436479.488	7211276.238	100
boletus_edulis	Boletus edulis	2024-09-15/2024-09-15	65.02467	25.64343	436091.534	7211889.873	100
boletus_edulis	Boletus edulis	2024-09-15/2024-09-15	65.0225	25.63005	435456.033	7211661.671	100
boletus_edulis	Boletus edulis	2024-09-08/2024-09-08	66.49899	25.72099	443089.807	7376113.239	10
boletus_edulis	Boletus edulis	2024-10-02/2024-10-02	60.48404	24.42562	358534.303	6708085.963	10
boletus_edulis	Boletus edulis	2023-08-13/2023-08-13	60.48727	22.3795	246220.261	6714591.569	150
boletus_edulis	Boletus edulis	2014-08-30/2014-08-30	61.75989	24.15902	350061.378	6850707.948	100
boletus_edulis	Boletus edulis	2025-06-21/2025-06-21	59.82445	22.98276	274832.946	6638689.077	16
boletus_edulis	Boletus edulis	2019-07-24/2019-07-24	60.16001	25.44753	413830.64	6670244.083	10
boletus_edulis	Boletus edulis	2019-07-26/2019-07-26	60.33046	24.46246	359899.192	6690911.03	10
boletus_edulis	Boletus edulis	2025-07-12/2025-07-12	60.20551	25.1607	398053.924	6675718.939	552
boletus_edulis	Boletus edulis	2025-07-11/2025-07-11	62.82247	28.19516	560902.667	6966374.692	100
boletus_edulis	Boletus edulis	2019-07-29/2019-07-29	60.73809	22.41538	250137.404	6742343.062	100
boletus_edulis	Boletus edulis	2024-09-18/2024-09-18	60.69425	22.00876	227633.495	6739087.141	100
boletus_edulis	Boletus edulis	2024-09-18/2024-09-18	60.69422	22.00682	227527.517	6739091.86	100
boletus_edulis	Boletus edulis	2024-09-18/2024-09-18	60.69396	22.00874	227629.95	6739054.988	100
boletus_edulis	Boletus edulis	2025-07-20/2025-07-20	60.67666	26.01941	446427.091	6727172.857	10
boletus_edulis	Boletus edulis	2012-09-14/2012-09-14	60.58494	21.84237	217610.641	6727640.129	703
boletus_edulis	Boletus edulis	2025-08-05/2025-08-05	60.16976	25.43118	412949.045	6671351.184	10
boletus_edulis	Boletus edulis	2019-08-10/2019-08-10	60.29611	24.51437	362620.078	6686978.004	10
boletus_edulis	Boletus edulis	2025-08-14/2025-08-14	60.2175	24.9181	384652.374	6677453.209	32
boletus_edulis	Boletus edulis	2025-08-14/2025-08-14	60.37795	25.65677	425937.436	6694258.573	100
boletus_edulis	Boletus edulis	2025-08-15/2025-08-15	60.24793	24.60632	367505.891	6681426.448	231
boletus_edulis	Boletus edulis	2025-08-18/2025-08-18	60.23931	24.95925	387006.901	6679810.237	98
boletus_edulis	Boletus edulis	2025-08-18/2025-08-18	60.99216	24.53467	366649.499	6764423.682	10
boletus_edulis	Boletus edulis	2025-08-19/2025-08-19	61.99632	24.32527	359916.453	6876657.868	100
boletus_edulis	Boletus edulis	2025-08-19/2025-08-19	60.37302	25.71519	429147.593	6693645.345	100
boletus_edulis	Boletus edulis	2025-08-20/2025-08-20	61.22678	26.02114	447436.769	6788441.143	10
boletus_edulis	Boletus edulis	2025-08-20/2025-08-20	62.64575	26.82963	491265.928	6946132.249	32
boletus_edulis	Boletus edulis	2025-08-22/2025-08-22	60.49793	22.20263	236603.788	6716472.244	100
boletus_edulis	Boletus edulis	2025-08-23/2025-08-23	61.03893	23.98198	337007.71	6770880.786	16
boletus_edulis	Boletus edulis	2025-08-23/2025-08-23	60.22491	24.97298	387717.692	6678183.563	212
boletus_edulis	Boletus edulis	2025-08-23/2025-08-23	60.21032	25.03494	391100.764	6676455.335	266
boletus_edulis	Boletus edulis	2025-08-23/2025-08-23	60.21325	25.03421	391070.035	6676782.76	287
boletus_edulis	Boletus edulis	2025-08-24/2025-08-24	60.31188	19.93944	110395.39	6707039.248	10
boletus_edulis	Boletus edulis	2025-08-26/2025-08-26	60.33133	25.15393	398070.843	6689738.578	100
boletus_edulis	Boletus edulis	2025-08-26/2025-08-26	67.60787	28.60736	568324.569	7500032.538	10
boletus_edulis	Boletus edulis	2025-08-26/2025-08-26	60.99079	25.48023	417783.276	6762715.181	100
boletus_edulis	Boletus edulis	2025-08-28/2025-08-28	61.20556	28.72528	592702.093	6786907.181	10
boletus_edulis	Boletus edulis	2025-08-28/2025-08-28	60.97969	25.57516	422891.344	6761363.595	52
boletus_edulis	Boletus edulis	2025-08-28/2025-08-28	61.20895	28.7466	593837.374	6787315.113	10
boletus_edulis	Boletus edulis	2025-08-28/2025-08-28	60.28713	24.44967	359006.646	6686114.926	10
boletus_edulis	Boletus edulis	2025-08-28/2025-08-28	63.28846	21.77168	238005.8	7028417.653	188
boletus_edulis	Boletus edulis	2025-08-30/2025-08-30	60.15683	21.30004	183839.283	6682534.935	10
boletus_edulis	Boletus edulis	2025-08-30/2025-08-30	62.85087	23.84341	339343.016	6972913.109	33
boletus_edulis	Boletus edulis	2025-08-30/2025-08-30	64.77197	25.40081	423951.572	7184001.639	100
boletus_edulis	Boletus edulis	2025-08-30/2025-08-30	61.46799	25.06362	396824.279	6816447.959	10
boletus_edulis	Boletus edulis	2025-08-31/2025-08-31	60.87537	23.75256	323721.444	6753271.325	99
boletus_edulis	Boletus edulis	2025-08-30/2025-08-30	60.27579	25.20881	400932.491	6683470.883	100
boletus_edulis	Boletus edulis	2025-08-31/2025-08-31	61.87777	28.86162	597887.444	6861966.416	27
boletus_edulis	Boletus edulis	2025-08-31/2025-08-31	61.87704	28.86788	598218.88	6861894.568	14
boletus_edulis	Boletus edulis	2025-08-31/2025-08-31	60.53249	22.35696	245339.087	6719706.655	100
boletus_edulis	Boletus edulis	2025-08-31/2025-08-31	61.87781	28.86236	597926.22	6861971.986	10
boletus_edulis	Boletus edulis	2025-08-31/2025-08-31	60.45692	26.94209	496814.559	6702300.499	100
boletus_edulis	Boletus edulis	2025-08-31/2025-08-31	63.12022	30.73138	688147.588	7004451.23	217
boletus_edulis	Boletus edulis	2025-08-31/2025-08-31	60.42294	22.26898	239642.066	6707870.922	10
boletus_edulis	Boletus edulis	2025-08-31/2025-08-31	60.93317	24.14428	345255.437	6758715.259	43
boletus_edulis	Boletus edulis	2025-09-01/2025-09-01	59.95598	21.77714	208495.759	6658021.866	10
boletus_edulis	Boletus edulis	2025-09-01/2025-09-01	60.2905	24.76212	376288.196	6685863.035	10
boletus_edulis	Boletus edulis	2025-09-01/2025-09-01	62.04221	29.10372	610020.82	6880666.77	10
boletus_edulis	Boletus edulis	2025-09-01/2025-09-01	67.97248	28.95962	582007.321	7541096.26	699
boletus_edulis	Boletus edulis	2025-09-01/2025-09-01	62.72775	29.62344	634092.742	6957985.829	10
boletus_edulis	Boletus edulis	2025-09-01/2025-09-01	62.35749	25.49843	422279.983	6914908.175	100
boletus_edulis	Boletus edulis	2025-09-02/2025-09-02	60.46846	22.33016	243364.7	6712691.579	12
boletus_edulis	Boletus edulis	2025-09-02/2025-09-02	61.11363	21.58653	208486.218	6787515.343	100
boletus_edulis	Boletus edulis	2025-09-03/2025-09-03	61.64251	27.3358	517793.973	6834402.335	10
boletus_edulis	Boletus edulis	2025-09-03/2025-09-03	65.06354	25.46882	427971.747	7216408.812	24
boletus_edulis	Boletus edulis	2025-09-03/2025-09-03	65.06625	25.46075	427599.543	7216719.993	100
boletus_edulis	Boletus edulis	2025-09-03/2025-09-03	60.47067	22.33534	243666.492	6712917.101	10
boletus_edulis	Boletus edulis	2025-09-03/2025-09-03	62.76407	27.02737	501397.537	6959303.324	14
boletus_edulis	Boletus edulis	2025-09-03/2025-09-03	65.06361	25.46813	427939.483	7216417.399	144
boletus_edulis	Boletus edulis	2025-09-05/2025-09-05	60.22384	25.02895	390813.84	6677970.522	100
boletus_edulis	Boletus edulis	2025-08-31/2025-08-31	60.98589	25.6848	428838.066	6761930.006	100
boletus_edulis	Boletus edulis	2025-09-05/2025-09-05	60.17582	25.02969	390695.217	6672622.857	10
boletus_edulis	Boletus edulis	2025-09-05/2025-09-05	60.93521	24.13922	344991.286	6758954.292	88
boletus_edulis	Boletus edulis	2025-09-06/2025-09-06	62.58499	29.82242	644954.693	6942521.614	10
boletus_edulis	Boletus edulis	2025-09-06/2025-09-06	62.58113	29.8128	644479.598	6942070.293	100
boletus_edulis	Boletus edulis	2025-09-06/2025-09-06	62.61001	29.81357	644378.846	6945287.319	10
boletus_edulis	Boletus edulis	2025-09-06/2025-09-06	60.47782	22.35505	244804.577	6713635.443	10
boletus_edulis	Boletus edulis	2025-09-06/2025-09-06	62.28181	21.379	208576.066	6918243.935	170
boletus_edulis	Boletus edulis	2025-09-06/2025-09-06	61.47699	21.35987	199798.116	6828916.213	197
boletus_edulis	Boletus edulis	2025-09-06/2025-09-06	60.21582	24.85607	381210.327	6677376.195	15
boletus_edulis	Boletus edulis	2025-09-06/2025-09-06	60.22005	24.88233	382680.103	6677800.159	10
boletus_edulis	Boletus edulis	2025-09-03/2025-09-03	62.25375	25.75547	435360.563	6903070.01	36
boletus_edulis	Boletus edulis	2025-09-06/2025-09-06	61.42689	27.1121	505981.484	6810342.946	100
boletus_edulis	Boletus edulis	2025-09-07/2025-09-07	62.58493	29.8172	644687.019	6942503.217	10
boletus_edulis	Boletus edulis	2025-09-07/2025-09-07	61.46609	23.73924	326280.063	6819048.93	10
boletus_edulis	Boletus edulis	2025-09-07/2025-09-07	65.02072	25.45004	426971.412	7211659.247	31
boletus_edulis	Boletus edulis	2025-09-03/2025-09-03	65.06342	25.46891	427975.656	7216395.339	10
boletus_edulis	Boletus edulis	2025-09-10/2025-09-10	63.5304	28.11677	555536.384	7045171.577	100
boletus_edulis	Boletus edulis	2025-09-10/2025-09-10	60.25919	24.61869	368235.648	6682655.17	10
boletus_edulis	Boletus edulis	2025-09-11/2025-09-11	60.18939	24.81033	378578.978	6674516.945	145
boletus_edulis	Boletus edulis	2025-09-12/2025-09-12	61.87065	28.86343	598005.35	6861176.217	10
boletus_edulis	Boletus edulis	2025-09-12/2025-09-12	61.8728	28.86389	598022.667	6861416.349	10
boletus_edulis	Boletus edulis	2025-09-13/2025-09-13	60.86718	24.3702	357197.937	6750856.768	11
boletus_edulis	Boletus edulis	2025-09-13/2025-09-13	62.92716	27.42451	521555.959	6977544.743	10
boletus_edulis	Boletus edulis	2025-09-13/2025-09-13	59.9758	23.92492	328395.052	6652704.646	12
boletus_edulis	Boletus edulis	2025-09-13/2025-09-13	60.21561	24.99282	388784.96	6677114.541	10
boletus_edulis	Boletus edulis	2025-09-13/2025-09-13	60.21103	24.90669	383997.495	6676752.876	32
boletus_edulis	Boletus edulis	2025-09-13/2025-09-13	62.25279	25.82853	439152.97	6902892.263	100
boletus_edulis	Boletus edulis	2025-09-14/2025-09-14	60.31521	25.14433	397490.357	6687958.603	10
boletus_edulis	Boletus edulis	2025-09-14/2025-09-14	60.31453	25.1441	397475.523	6687883.247	10
boletus_edulis	Boletus edulis	2025-09-16/2025-09-16	62.8748	27.59865	530452.618	6971781.516	10
boletus_edulis	Boletus edulis	2025-09-16/2025-09-16	65.02287	24.62853	388285.538	7213099.517	715
boletus_edulis	Boletus edulis	2025-09-16/2025-09-16	65.02034	24.6395	388791.591	7212798.358	10
boletus_edulis	Boletus edulis	2025-09-16/2025-09-16	65.06771	25.45989	427563.064	7216883.657	10
boletus_edulis	Boletus edulis	2025-09-16/2025-09-16	65.02015	24.63924	388778.555	7212777.652	24
boletus_edulis	Boletus edulis	2025-09-17/2025-09-17	65.06263	25.46786	427924.136	7216308.512	958
boletus_edulis	Boletus edulis	2019-08-25/2019-08-25	60.33095	24.46221	359887.494	6690966.107	10
boletus_edulis	Boletus edulis	2025-09-18/2025-09-18	62.98746	27.73196	537090.954	6984403.124	10
boletus_edulis	Boletus edulis	2025-09-18/2025-09-18	62.98771	27.73094	537038.952	6984430.389	100
boletus_edulis	Boletus edulis	2025-09-18/2025-09-18	62.98405	27.72361	536672.119	6984018.422	10
boletus_edulis	Boletus edulis	2025-09-19/2025-09-19	62.89842	27.819	541627.693	6974536.408	10
boletus_edulis	Boletus edulis	2025-09-19/2025-09-19	62.63733	27.04726	502423.488	6945183.52	12
boletus_edulis	Boletus edulis	2025-09-20/2025-09-20	62.88288	27.88514	545013.081	6972849.64	10
boletus_edulis	Boletus edulis	2025-09-20/2025-09-20	60.45688	23.62825	314585.767	6707043.009	10
boletus_edulis	Boletus edulis	2025-09-20/2025-09-20	60.45685	23.62837	314592.191	6707039.332	10
boletus_edulis	Boletus edulis	2025-09-12/2025-09-12	60.98594	25.68068	428615.277	6761940.057	100
boletus_edulis	Boletus edulis	2025-09-21/2025-09-21	62.39622	25.93318	444851.683	6918775.719	137
boletus_edulis	Boletus edulis	2025-09-21/2025-09-21	62.39673	25.93223	444803.516	6918833.342	153
boletus_edulis	Boletus edulis	2025-09-21/2025-09-21	60.13829	25.00058	388954.113	6668492.955	13
boletus_edulis	Boletus edulis	2025-09-21/2025-09-21	60.42791	22.34932	244097.404	6708108.366	100
boletus_edulis	Boletus edulis	2025-09-21/2025-09-21	63.01645	27.42926	521730.76	6987494.57	10
boletus_edulis	Boletus edulis	2025-09-21/2025-09-21	63.01644	27.42927	521731.274	6987493.459	10
boletus_edulis	Boletus edulis	2025-09-22/2025-09-22	63.64628	27.17151	508494.803	7057610.533	100
boletus_edulis	Boletus edulis	2025-09-23/2025-09-23	60.52851	22.55065	255921.299	6718529.416	100
boletus_edulis	Boletus edulis	2025-09-24/2025-09-24	63.01507	27.44487	522522.052	6987346.189	10
boletus_edulis	Boletus edulis	2025-09-21/2025-09-21	60.26791	25.82421	434950.459	6681827.942	100
boletus_edulis	Boletus edulis	2025-08-15/2025-08-15	60.15571	24.56404	364787.35	6671246.156	192
boletus_edulis	Boletus edulis	2025-09-06/2025-09-06	59.89835	23.67695	314131.461	6644755.821	100
boletus_edulis	Boletus edulis	2019-08-28/2019-08-28	60.28782	24.93041	385579.895	6685260.846	100
boletus_edulis	Boletus edulis	2025-09-26/2025-09-26	61.45324	27.40432	521555.613	6813339.792	10
boletus_edulis	Boletus edulis	2025-09-27/2025-09-27	60.62528	21.70071	210228.131	6732740.481	10
boletus_edulis	Boletus edulis	2025-09-27/2025-09-27	59.84475	23.24429	289609.151	6640087.098	10
boletus_edulis	Boletus edulis	2025-09-28/2025-09-28	63.25136	24.15718	357278.247	7016758.216	10
boletus_edulis	Boletus edulis	2025-09-28/2025-09-28	60.28681	24.49826	361690.684	6685976.411	29
boletus_edulis	Boletus edulis	2025-09-29/2025-09-29	63.01427	28.57053	579506.669	6988150.255	10
boletus_edulis	Boletus edulis	2025-09-30/2025-09-30	62.89508	27.60434	530720.842	6974043.649	10
boletus_edulis	Boletus edulis	2025-10-02/2025-10-02	60.0233	24.46962	358983.475	6656704.061	32
boletus_edulis	Boletus edulis	2025-08-30/2025-08-30	60.21472	24.69891	372500.514	6677546.965	10
boletus_edulis	Boletus edulis	2025-08-30/2025-08-30	60.21224	24.69178	372095.902	6677284.673	71
boletus_edulis	Boletus edulis	2025-08-30/2025-08-30	60.21232	24.69134	372071.839	6677294.432	17
boletus_edulis	Boletus edulis	2025-08-30/2025-08-30	60.2136	24.69164	372093.444	6677436.347	108
boletus_edulis	Boletus edulis	2019-08-31/2019-08-31	60.23472	25.13472	396706.126	6679011.632	100
boletus_edulis	Boletus edulis	2010-09-14/2010-09-14	63.08096	25.84157	441487.471	6995137.042	10
boletus_edulis	Boletus edulis	2025-10-04/2025-10-04	62.59132	26.70768	484986.675	6940090.616	113
boletus_edulis	Boletus edulis	2025-10-04/2025-10-04	60.09466	20.46448	136903.074	6679933.801	100
boletus_edulis	Boletus edulis	2025-10-05/2025-10-05	62.16454	27.80188	541772.847	6892768.785	10
boletus_edulis	Boletus edulis	2025-10-07/2025-10-07	60.14673	24.87763	382157.316	6669645.646	12
boletus_edulis	Boletus edulis	2025-10-09/2025-10-09	61.49839	24.49092	366448.942	6820872.758	100
boletus_edulis	Boletus edulis	2025-10-10/2025-10-10	60.2261	25.01408	389997.857	6678246.839	100
boletus_edulis	Boletus edulis	2025-10-10/2025-10-10	62.90047	27.59717	530350.801	6974640.757	10
boletus_edulis	Boletus edulis	2025-10-11/2025-10-11	60.43752	22.51631	253349.048	6708539.291	10
boletus_edulis	Boletus edulis	2025-09-28/2025-09-28	60.29003	24.5719	365773.833	6686182.702	100
boletus_edulis	Boletus edulis	2019-09-05/2019-09-05	63.52748	24.66355	383812.667	7046482.698	10
boletus_edulis	Boletus edulis	2025-10-18/2025-10-18	59.95392	24.37677	353504.398	6649183.08	155
boletus_edulis	Boletus edulis	2025-08-16/2025-08-16	69.13045	27.23954	509523.398	7668926.616	100
boletus_edulis	Boletus edulis	2025-10-16/2025-10-16	65.01202	25.5024	429415.088	7210630.381	10
boletus_edulis	Boletus edulis	2025-09-05/2025-09-05	67.61983	24.17239	379890.157	7503220.974	100
boletus_edulis	Boletus edulis	2025-07-12/2025-07-12	68.33453	22.93476	332612.236	7585683.854	100
boletus_edulis	Boletus edulis	2025-11-05/2025-11-05	65.02666	25.47171	428008.275	7212296.234	100
boletus_edulis	Boletus edulis	2019-09-11/2019-09-11	60.27633	24.45188	359082.319	6684907.985	10
boletus_edulis	Boletus edulis	2019-09-11/2019-09-11	60.2779	24.45051	359013.337	6685085.68	12
boletus_edulis	Boletus edulis	2019-09-13/2019-09-13	60.2121	24.95906	386902.677	6676781.117	10
boletus_edulis	Boletus edulis	2019-09-14/2019-09-14	60.25691	24.50414	361889.67	6682635.667	10
boletus_edulis	Boletus edulis	2023-08-09/2023-08-09	64.80674	25.36494	422346.137	7187919.127	100
boletus_edulis	Boletus edulis	2023-08-11/2023-08-11	62.05171	23.83418	334511.274	6883980.929	100
boletus_edulis	Boletus edulis	2019-09-17/2019-09-17	60.17983	24.66233	370336.655	6673734.093	100
boletus_edulis	Boletus edulis	2025-08-24/2025-08-24	60.23394	24.8787	382528.765	6679353.032	10
boletus_edulis	Boletus edulis	2019-09-28/2019-09-28	60.31989	24.6054	367745.924	6689439.104	100
boletus_edulis	Boletus edulis	2025-09-19/2025-09-19	60.18007	24.73191	374195.926	6673626.194	100
boletus_edulis	Boletus edulis	2025-09-03/2025-09-03	60.19988	24.73868	374646.902	6675818.703	100
boletus_edulis	Boletus edulis	2025-09-27/2025-09-27	59.84482	23.24423	289606.234	6640095.075	10
boletus_edulis	Boletus edulis	2024-07-23/2024-07-23	62.60895	25.79832	438321.689	6942595.1	160
boletus_edulis	Boletus edulis	2024-08-22/2024-08-22	60.23217	25.08334	393853.132	6678809.245	100
boletus_edulis	Boletus edulis	2019-09-26/2019-09-26	60.42799	24.48818	361732.789	6701713.625	646
boletus_edulis	Boletus edulis	2026-07-04/2026-07-04	62.61535	29.50599	628578.38	6945231.148	10
boletus_edulis	Boletus edulis	2026-07-12/2026-07-12	60.3202	25.01185	390190.191	6688727.49	100
boletus_edulis	Boletus edulis	2025-08-31/2025-08-31	60.36752	24.46288	360081.235	6695035.578	10
boletus_edulis	Boletus edulis	2026-07-14/2026-07-14	61.99539	24.32424	359858.258	6876556.552	100
boletus_edulis	Boletus edulis	2026-07-16/2026-07-16	62.60594	25.79382	438084.47	6942264.106	100
boletus_edulis	Boletus edulis	2026-07-18/2026-07-18	60.4592	26.93454	496399.511	6702554.823	48
boletus_edulis	Boletus edulis	2023-09-08/2023-09-08	60.17101	25.04109	391311.628	6672068.506	16
boletus_edulis	Boletus edulis	2026-07-18/2026-07-18	62.74039	28.73527	588667.621	6957858.476	100
boletus_edulis	Boletus edulis	2026-07-19/2026-07-19	60.24084	24.76567	376297.088	6680327.773	52
boletus_edulis	Boletus edulis	2026-07-19/2026-07-19	60.21516	24.70215	372681.694	6677589.694	258
boletus_edulis	Boletus edulis	2026-07-15/2026-07-15	61.17752	26.86099	492523.526	6782568.541	10
boletus_edulis	Boletus edulis	2026-07-19/2026-07-19	62.06565	23.3535	309489.532	6886852.277	100
boletus_edulis	Boletus edulis	2026-07-19/2026-07-19	62.06575	23.35075	309346.595	6886871.491	10
boletus_edulis	Boletus edulis	2026-07-21/2026-07-21	62.1465	25.77517	436157.725	6891103.931	13
boletus_edulis	Boletus edulis	2026-07-21/2026-07-21	61.71211	24.96389	392361.627	6843794.008	10
boletus_edulis	Boletus edulis	2026-07-22/2026-07-22	60.44737	22.42364	248332.986	6709985.475	25
boletus_edulis	Boletus edulis	2026-07-22/2026-07-22	60.87806	26.74229	486008.165	6749232.732	10
boletus_edulis	Boletus edulis	2026-07-23/2026-07-23	60.35456	25.48838	416594.103	6691855.098	11
boletus_edulis	Boletus edulis	2026-07-24/2026-07-24	60.35374	25.48891	416621.25	6691763.118	162
boletus_edulis	Boletus edulis	2026-07-25/2026-07-25	60.4501	22.54606	255078.702	6709827.077	23
boletus_edulis	Boletus edulis	2026-07-25/2026-07-25	60.87801	26.74237	486012.486	6749227.146	10
boletus_edulis	Boletus edulis	2026-07-19/2026-07-19	60.74542	21.75615	214323.727	6745848.949	488
boletus_edulis	Boletus edulis	2026-07-27/2026-07-27	61.65852	27.25706	513614.532	6836166.767	12
boletus_edulis	Boletus edulis	2026-07-28/2026-07-28	60.43528	22.36977	245279.122	6708848.473	13
boletus_edulis	Boletus edulis	2026-07-28/2026-07-28	61.34584	23.62338	319418.071	6805981.0	53
boletus_edulis	Boletus edulis	2026-07-29/2026-07-29	61.44279	23.83214	331100.529	6816211.599	13
boletus_edulis	Boletus edulis	2026-07-29/2026-07-29	61.51775	23.95332	337948.254	6824247.254	24
boletus_edulis	Boletus edulis	2026-07-29/2026-07-29	61.5265	23.95238	337943.861	6825223.53	10
boletus_edulis	Boletus edulis	2026-07-29/2026-07-29	61.52152	23.94368	337455.465	6824690.893	43
boletus_edulis	Boletus edulis	2026-07-31/2026-07-31	65.05646	25.48032	428493.66	7215606.872	10
boletus_edulis	Boletus edulis	2026-07-31/2026-07-31	61.52842	23.93972	337281.062	6825468.794	70
boletus_edulis	Boletus edulis	2026-07-31/2026-07-31	61.526	23.94648	337627.682	6825182.566	115
boletus_edulis	Boletus edulis	2026-08-01/2026-08-01	60.1451	23.54006	307917.191	6672603.119	10
boletus_edulis	Boletus edulis	2026-08-01/2026-08-01	62.35924	25.49195	421949.174	6915110.903	87
boletus_edulis	Boletus edulis	2026-08-02/2026-08-02	62.22357	25.76838	435967.079	6899695.426	17
boletus_edulis	Boletus edulis	2026-08-03/2026-08-03	60.1562	24.55727	364413.702	6671314.584	72
boletus_edulis	Boletus edulis	2026-07-30/2026-07-30	62.85067	23.84474	339409.576	6972887.527	14
boletus_edulis	Boletus edulis	2026-08-04/2026-08-04	63.5634	27.1911	509492.674	7048378.278	10
boletus_edulis	Boletus edulis	2026-08-04/2026-08-04	61.2564	24.64429	373636.858	6793624.977	10
boletus_edulis	Boletus edulis	2026-08-05/2026-08-05	60.43179	22.37128	245334.771	6708454.582	10
boletus_edulis	Boletus edulis	2026-08-06/2026-08-06	65.06471	25.46819	427945.277	7216539.896	10
boletus_edulis	Boletus edulis	2026-08-06/2026-08-06	62.24804	25.65536	430148.275	6902537.969	63
boletus_edulis	Boletus edulis	2026-08-06/2026-08-06	64.77187	25.40069	423945.585	7183990.641	100
boletus_edulis	Boletus edulis	2025-10-03/2025-10-03	60.8591	25.59357	423599.385	6747912.502	10
boletus_edulis	Boletus edulis	2026-08-07/2026-08-07	60.46964	22.33048	243391.59	6712821.529	10
boletus_edulis	Boletus edulis	2026-08-07/2026-08-07	64.77252	25.40438	424122.857	7184058.636	10
boletus_edulis	Boletus edulis	2026-08-08/2026-08-08	60.26022	24.84295	380645.182	6682343.01	10
boletus_edulis	Boletus edulis	2026-08-09/2026-08-09	65.06511	25.46256	427681.574	7216590.898	10
boletus_edulis	Boletus edulis	2026-08-08/2026-08-08	62.256	25.7575	435470.8	6903318.613	100
boletus_edulis	Boletus edulis	2026-08-09/2026-08-09	60.31322	24.45124	359205.709	6689015.824	10
boletus_edulis	Boletus edulis	2026-08-09/2026-08-09	62.26707	25.8647	441059.426	6904449.481	14
boletus_edulis	Boletus edulis	2026-08-09/2026-08-09	62.2666	25.8651	441079.273	6904396.762	20
boletus_edulis	Boletus edulis	2026-08-09/2026-08-09	62.26633	25.86524	441086.013	6904366.558	14
boletus_edulis	Boletus edulis	2026-08-09/2026-08-09	62.2615	25.86529	441079.177	6903828.485	10
boletus_edulis	Boletus edulis	2026-08-09/2026-08-09	65.05835	25.60105	434178.34	7215686.266	104
boletus_edulis	Boletus edulis	2026-08-10/2026-08-10	64.27791	24.9564	401050.131	7129573.057	549
boletus_edulis	Boletus edulis	2025-09-06/2025-09-06	60.48555	22.38505	246511.318	6714378.92	10
boletus_edulis	Boletus edulis	2026-08-11/2026-08-11	65.05656	25.48036	428495.81	7215617.969	26
boletus_edulis	Boletus edulis	2026-08-11/2026-08-11	60.77386	23.34086	300757.879	6743154.361	40
boletus_edulis	Boletus edulis	2026-08-12/2026-08-12	63.55959	27.57506	528569.006	7048067.944	100
boletus_edulis	Boletus edulis	2026-08-12/2026-08-12	62.90794	27.56245	528578.939	6975457.111	10
boletus_edulis	Boletus edulis	2026-08-13/2026-08-13	63.64638	27.16687	508264.957	7057621.068	100
boletus_edulis	Boletus edulis	2026-08-13/2026-08-13	61.54675	23.56933	317706.621	6828489.718	100
boletus_edulis	Boletus edulis	2026-08-13/2026-08-13	61.49227	23.79665	329480.169	6821811.053	10
boletus_edulis	Boletus edulis	2026-08-13/2026-08-13	63.5386	27.467	523217.728	7045685.452	10
boletus_edulis	Boletus edulis	2026-08-13/2026-08-13	60.44979	22.45133	249872.708	6710148.974	100
boletus_edulis	Boletus edulis	2026-08-14/2026-08-14	65.02067	25.4595	427416.928	7211642.778	731
boletus_edulis	Boletus edulis	2026-08-14/2026-08-14	64.77202	25.40084	423953.139	7184007.174	100
boletus_edulis	Boletus edulis	2026-08-16/2026-08-16	61.64698	25.00304	394208.195	6836477.07	26
boletus_edulis	Boletus edulis	2026-08-08/2026-08-08	61.4951	23.46947	312092.346	6823025.781	100
boletus_edulis	Boletus edulis	2026-08-17/2026-08-17	65.07841	25.74136	440823.845	7217782.75	100
boletus_edulis	Boletus edulis	2026-08-17/2026-08-17	62.85093	23.84318	339331.645	6972920.362	10
boletus_edulis	Boletus edulis	2026-08-18/2026-08-18	66.30565	23.67012	350736.07	7357952.6	100
boletus_edulis	Boletus edulis	2026-08-18/2026-08-18	62.76515	22.85514	288474.772	6966230.387	10
boletus_edulis	Boletus edulis	2026-08-16/2026-08-16	64.14118	28.25565	561103.468	7113348.933	44
boletus_edulis	Boletus edulis	2026-08-18/2026-08-18	61.48031	23.5012	313691.558	6821288.869	187
boletus_edulis	Boletus edulis	2026-08-19/2026-08-19	62.90743	22.07124	249736.416	6984866.869	100
boletus_edulis	Boletus edulis	2026-08-19/2026-08-19	66.50653	25.69452	441929.711	7376977.936	56
boletus_edulis	Boletus edulis	2026-08-20/2026-08-20	66.51002	25.68322	441435.325	7377377.447	100
boletus_edulis	Boletus edulis	2026-08-20/2026-08-20	63.08823	26.04663	451856.486	6995776.781	31
boletus_edulis	Boletus edulis	2026-08-20/2026-08-20	65.02078	25.48278	428513.93	7211628.502	10
boletus_edulis	Boletus edulis	2026-08-21/2026-08-21	66.49157	25.69718	442013.246	7375308.168	105
boletus_edulis	Boletus edulis	2026-08-21/2026-08-21	61.84345	26.45377	471243.504	6856861.377	100
boletus_edulis	Boletus edulis	2026-08-22/2026-08-22	61.88564	29.69038	641413.817	6864369.583	100
boletus_edulis	Boletus edulis	2026-08-22/2026-08-22	64.77186	25.4007	423946.032	7183989.515	14
boletus_edulis	Boletus edulis	2026-08-23/2026-08-23	63.01332	22.10213	252201.195	6996519.558	100
boletus_edulis	Boletus edulis	2026-08-23/2026-08-23	61.68843	21.53807	211242.868	6851602.127	998
boletus_edulis	Boletus edulis	2026-08-23/2026-08-23	60.15888	24.91298	384162.407	6670935.795	16
boletus_edulis	Boletus edulis	2026-08-19/2026-08-19	66.51373	25.6906	441772.184	7377784.028	100
boletus_edulis	Boletus edulis	2026-08-20/2026-08-20	62.79377	22.28167	259478.559	6971426.942	100
boletus_edulis	Boletus edulis	2026-08-24/2026-08-24	62.80823	29.531	629017.424	6966758.332	10
boletus_edulis	Boletus edulis	2026-08-24/2026-08-24	62.12117	25.76901	435783.075	6888288.54	340
boletus_edulis	Boletus edulis	2026-08-24/2026-08-24	63.35959	27.40053	520037.819	7025717.307	230
boletus_edulis	Boletus edulis	2026-08-24/2026-08-24	63.35965	27.39582	519802.147	7025722.529	10
boletus_edulis	Boletus edulis	2026-08-24/2026-08-24	63.3596	27.3963	519826.195	7025717.106	110
boletus_edulis	Boletus edulis	2026-08-24/2026-08-24	61.17579	26.86962	492987.295	6782374.885	10
boletus_edulis	Boletus edulis	2026-08-24/2026-08-24	63.08199	21.62251	228616.17	7006091.677	100
boletus_edulis	Boletus edulis	2026-08-25/2026-08-25	64.06579	24.50257	378156.402	7106733.947	83
boletus_edulis	Boletus edulis	2026-08-25/2026-08-25	61.19605	26.87958	493527.166	6784630.568	82
boletus_edulis	Boletus edulis	2026-08-24/2026-08-24	62.78803	27.28837	514712.449	6962005.421	57
boletus_edulis	Boletus edulis	2026-08-26/2026-08-26	63.07429	29.8336	643129.797	6997022.952	100
boletus_edulis	Boletus edulis	2026-08-02/2026-08-02	62.16255	26.14281	455343.039	6892583.996	10
boletus_edulis	Boletus edulis	2026-08-27/2026-08-27	63.09018	25.83131	440987.963	6996173.578	10
boletus_edulis	Boletus edulis	2026-08-27/2026-08-27	60.87787	26.74001	485884.293	6749212.058	10
boletus_edulis	Boletus edulis	2026-08-27/2026-08-27	63.77461	28.58859	578320.545	7072872.812	10
boletus_edulis	Boletus edulis	2026-08-27/2026-08-27	63.46801	29.18777	609022.436	7039597.807	38
boletus_edulis	Boletus edulis	2026-08-29/2026-08-29	61.65121	26.0719	450835.013	6835676.041	10
boletus_edulis	Boletus edulis	2026-08-29/2026-08-29	62.99006	22.1659	255228.099	6993689.015	55
boletus_edulis	Boletus edulis	2026-08-29/2026-08-29	61.54581	23.8058	330259.268	6827746.079	10
boletus_edulis	Boletus edulis	2026-08-29/2026-08-29	61.49566	23.82796	331164.296	6822106.836	10
boletus_edulis	Boletus edulis	2026-08-29/2026-08-29	60.16862	24.95207	386365.218	6671952.27	301
boletus_edulis	Boletus edulis	2026-08-26/2026-08-26	63.33786	27.34598	517321.866	7023280.23	22
boletus_edulis	Boletus edulis	2026-08-26/2026-08-26	63.33783	27.34354	517199.724	7023276.23	27
boletus_edulis	Boletus edulis	2026-08-30/2026-08-30	60.19842	25.10474	394930.149	6675017.273	703
boletus_edulis	Boletus edulis	2026-09-01/2026-09-01	63.07896	29.82531	642688.377	6997524.458	100
boletus_edulis	Boletus edulis	2026-09-01/2026-09-01	63.07896	29.82535	642690.396	6997524.547	100
boletus_edulis	Boletus edulis	2026-09-01/2026-09-01	60.89463	26.78471	488317.324	6751070.031	14
boletus_edulis	Boletus edulis	2026-09-01/2026-09-01	63.34904	27.39251	519643.794	7024539.332	10
boletus_edulis	Boletus edulis	2026-09-01/2026-09-01	60.89446	26.78485	488324.859	6751051.071	10
boletus_edulis	Boletus edulis	2026-09-02/2026-09-02	65.06151	25.52971	430830.397	7216114.583	13
boletus_edulis	Boletus edulis	2026-09-02/2026-09-02	67.43176	26.59753	482763.151	7479568.717	100
boletus_edulis	Boletus edulis	2026-08-26/2026-08-26	61.77684	26.75984	487329.182	6849343.706	100
boletus_edulis	Boletus edulis	2026-09-04/2026-09-04	60.87781	26.75267	486571.618	6749202.717	10
boletus_edulis	Boletus edulis	2026-08-21/2026-08-21	61.84469	26.4553	471325.208	6856998.831	152
boletus_edulis	Boletus edulis	2026-09-05/2026-09-05	64.90217	25.56941	432296.03	7198317.179	10
boletus_edulis	Boletus edulis	2026-08-07/2026-08-07	60.74542	21.75615	214323.727	6745848.949	488
boletus_edulis	Boletus edulis	2026-09-06/2026-09-06	60.18239	24.72322	373722.955	6673901.061	10
boletus_edulis	Boletus edulis	2026-09-07/2026-09-07	62.38981	30.08921	659689.215	6921422.653	664
boletus_edulis	Boletus edulis	2026-09-07/2026-09-07	60.38763	24.75059	376020.07	6696698.171	10
boletus_edulis	Boletus edulis	2026-09-05/2026-09-05	60.31381	24.659	370681.37	6688655.926	13
boletus_edulis	Boletus edulis	2026-09-10/2026-09-10	60.22992	25.14758	397403.146	6678457.13	100
boletus_edulis	Boletus edulis	2026-09-11/2026-09-11	60.41145	22.38594	245981.708	6706136.346	17
boletus_edulis	Boletus edulis	2026-09-11/2026-09-11	60.20337	25.0675	392882.159	6675628.255	20
boletus_edulis	Boletus edulis	2026-09-11/2026-09-11	60.22824	25.04795	391880.629	6678429.131	100
boletus_edulis	Boletus edulis	2026-09-12/2026-09-12	60.20636	24.86436	381635.462	6676308.101	10
boletus_edulis	Boletus edulis	2026-09-12/2026-09-12	60.297	25.89122	438711.938	6685003.275	10
boletus_edulis	Boletus edulis	2026-09-12/2026-09-12	60.29702	25.89125	438713.634	6685005.475	10
boletus_edulis	Boletus edulis	2026-09-12/2026-09-12	60.21812	24.95053	386450.911	6677466.002	10
boletus_edulis	Boletus edulis	2026-09-12/2026-09-12	60.17769	23.27606	293475.662	6677026.191	729
boletus_edulis	Boletus edulis	2026-09-12/2026-09-12	60.23956	24.66706	370834.038	6680374.227	100
boletus_edulis	Boletus edulis	2026-09-13/2026-09-13	60.1799	24.99716	388904.735	6673131.404	10
boletus_edulis	Boletus edulis	2026-09-13/2026-09-13	60.16076	24.76926	376194.439	6671405.868	28
boletus_edulis	Boletus edulis	2026-09-13/2026-09-13	62.58601	29.81234	644432.289	6942612.568	165
boletus_edulis	Boletus edulis	2026-09-13/2026-09-13	60.18035	24.99678	388885.182	6673182.145	10
boletus_edulis	Boletus edulis	2026-09-13/2026-09-13	60.18187	24.65952	370188.889	6673966.715	100
boletus_edulis	Boletus edulis	2026-09-14/2026-09-14	61.01091	25.71536	430546.088	6764683.666	10
boletus_edulis	Boletus edulis	2026-09-14/2026-09-14	59.82677	22.93563	272209.335	6639108.313	10
boletus_edulis	Boletus edulis	2026-09-14/2026-09-14	59.82834	22.94341	272655.716	6639256.202	13
boletus_edulis	Boletus edulis	2026-09-12/2026-09-12	60.1865	24.79979	377983.936	6674214.635	16
boletus_edulis	Boletus edulis	2026-09-13/2026-09-13	60.16166	24.76749	376099.617	6671509.383	62
boletus_edulis	Boletus edulis	2016-07-24/2016-07-24	61.3987	25.52753	421365.056	6808084.891	100
boletus_edulis	Boletus edulis	2019-09-17/2019-09-17	61.40578	23.76604	327373.928	6812265.575	346
boletus_edulis	Boletus edulis	2009-09-18/2009-09-18	61.09031	28.24112	566933.564	6773481.196	123
boletus_edulis	Boletus edulis	2019-08-25/2019-08-25	60.4	22.3	241164.839	6705198.076	100
boletus_edulis	Boletus edulis	2020-06-22/2020-06-22	60.93385	25.98401	444936.62	6755846.033	39
boletus_edulis	Boletus edulis	2020-07-04/2020-07-04	62.81583	26.30194	464419.424	6965262.611	100
boletus_edulis	Boletus edulis	2020-07-07/2020-07-07	62.41742	30.01431	655676.072	6924313.37	10
boletus_edulis	Boletus edulis	2020-07-07/2020-07-07	60.21629	24.88796	382978.537	6677371.552	48
boletus_edulis	Boletus edulis	2020-07-10/2020-07-10	62.503	26.39437	468803.28	6930363.154	24
boletus_edulis	Boletus edulis	2020-07-12/2020-07-12	60.21118	24.90734	384034.037	6676768.434	10
boletus_edulis	Boletus edulis	2020-07-12/2020-07-12	60.21123	24.90739	384036.983	6676773.912	10
boletus_edulis	Boletus edulis	2020-07-15/2020-07-15	60.5396	24.25786	349577.011	6714642.702	10
boletus_edulis	Boletus edulis	2020-07-16/2020-07-16	60.47924	27.47363	526034.814	6704878.64	10
boletus_edulis	Boletus edulis	2020-07-16/2020-07-16	61.67	25.68789	430536.398	6838118.869	10
boletus_edulis	Boletus edulis	2020-07-17/2020-07-17	60.21136	24.90728	384031.348	6676788.579	16
boletus_edulis	Boletus edulis	2020-07-17/2020-07-17	60.21134	24.90689	384009.67	6676787.038	10
boletus_edulis	Boletus edulis	2020-07-17/2020-07-17	60.47088	25.01584	390915.862	6705497.599	10
boletus_edulis	Boletus edulis	2020-07-17/2020-07-17	62.30833	29.69962	639938.323	6911449.112	61
boletus_edulis	Boletus edulis	2020-07-18/2020-07-18	63.64937	27.15525	507688.619	7057952.785	10
boletus_edulis	Boletus edulis	2020-07-18/2020-07-18	62.96125	27.73917	537489.858	6981487.215	10
boletus_edulis	Boletus edulis	2020-07-18/2020-07-18	61.85351	28.95187	602713.154	6859404.055	10
boletus_edulis	Boletus edulis	2020-07-18/2020-07-18	64.53221	26.71724	486433.289	7156352.192	19
boletus_edulis	Boletus edulis	2020-07-18/2020-07-18	60.34458	25.0517	392470.99	6691376.27	100
boletus_edulis	Boletus edulis	2020-07-18/2020-07-18	60.98828	25.50172	418939.31	6762408.876	29
boletus_edulis	Boletus edulis	2020-07-18/2020-07-18	61.63928	25.63846	427848.249	6834751.082	12
boletus_edulis	Boletus edulis	2020-07-19/2020-07-19	60.02276	24.42286	356376.098	6656744.598	63
boletus_edulis	Boletus edulis	2020-07-19/2020-07-19	60.07832	23.02025	278633.156	6666800.872	100
boletus_edulis	Boletus edulis	2020-07-19/2020-07-19	61.98113	28.2905	567631.496	6872750.432	165
boletus_edulis	Boletus edulis	2020-07-19/2020-07-19	60.02359	24.41879	356152.961	6656845.834	274
boletus_edulis	Boletus edulis	2020-07-19/2020-07-19	60.67189	23.73154	321452.538	6730683.577	474
boletus_edulis	Boletus edulis	2020-07-19/2020-07-19	60.61344	25.2208	402611.422	6721049.482	15
boletus_edulis	Boletus edulis	2020-07-20/2020-07-20	61.46591	23.53069	315175.474	6819602.47	100
boletus_edulis	Boletus edulis	2020-07-20/2020-07-20	62.65197	27.0693	503551.944	6946815.603	10
boletus_edulis	Boletus edulis	2020-07-20/2020-07-20	62.65202	27.06929	503551.426	6946821.173	10
boletus_edulis	Boletus edulis	2020-07-20/2020-07-20	62.65196	27.06922	503547.845	6946814.485	10
boletus_edulis	Boletus edulis	2020-07-20/2020-07-20	65.903	24.70244	395344.415	7311014.045	100
boletus_edulis	Boletus edulis	2020-07-20/2020-07-20	61.80163	26.82213	490623.144	6852094.68	149
boletus_edulis	Boletus edulis	2020-07-20/2020-07-20	60.52541	26.84818	491666.471	6709936.854	10
boletus_edulis	Boletus edulis	2020-07-20/2020-07-20	60.35771	25.92964	440945.237	6691729.064	24
boletus_edulis	Boletus edulis	2020-07-20/2020-07-20	60.22169	24.91881	384706.417	6677918.459	275
boletus_edulis	Boletus edulis	2020-07-21/2020-07-21	62.30826	29.70254	640089.947	6911447.638	32
boletus_edulis	Boletus edulis	2020-07-21/2020-07-21	61.25931	24.82467	383320.849	6793613.462	24
boletus_edulis	Boletus edulis	2020-07-21/2020-07-21	62.65199	27.06944	503559.118	6946817.839	10
boletus_edulis	Boletus edulis	2020-07-21/2020-07-21	61.13027	27.90602	548800.955	6777635.458	30
boletus_edulis	Boletus edulis	2020-07-21/2020-07-21	61.5203	23.87752	333932.241	6824721.942	10
boletus_edulis	Boletus edulis	2020-07-21/2020-07-21	60.40309	22.52815	253739.29	6704666.333	100
boletus_edulis	Boletus edulis	2020-07-22/2020-07-22	60.33108	24.46225	359890.259	6690980.493	12
boletus_edulis	Boletus edulis	2020-07-22/2020-07-22	61.48209	27.4892	526056.681	6816584.391	10
boletus_edulis	Boletus edulis	2020-07-22/2020-07-22	59.84466	23.11907	282599.111	6640481.594	10
boletus_edulis	Boletus edulis	2020-07-23/2020-07-23	63.07034	29.82575	642752.824	6996565.7	699
boletus_edulis	Boletus edulis	2020-07-23/2020-07-23	62.015	28.99222	604284.014	6877452.421	100
boletus_edulis	Boletus edulis	2020-07-23/2020-07-23	60.32692	24.69322	372622.264	6690048.798	12
boletus_edulis	Boletus edulis	2020-07-24/2020-07-24	61.37888	23.80228	329160.448	6809176.306	10
boletus_edulis	Boletus edulis	2020-07-24/2020-07-24	60.76557	27.3759	520480.449	6736734.557	10
boletus_edulis	Boletus edulis	2020-07-23/2020-07-23	61.39708	22.61821	266094.969	6814875.408	10
boletus_edulis	Boletus edulis	2020-07-24/2020-07-24	65.47921	25.96691	452159.093	7262255.724	10
boletus_edulis	Boletus edulis	2020-07-25/2020-07-25	60.42768	22.3663	245028.872	6708016.883	100
boletus_edulis	Boletus edulis	2020-07-25/2020-07-25	60.19518	23.67445	315654.61	6677792.425	10
boletus_edulis	Boletus edulis	2020-07-24/2020-07-24	61.95016	25.66068	429739.053	6869352.726	60
boletus_edulis	Boletus edulis	2020-07-25/2020-07-25	61.10345	24.7853	380621.692	6776330.489	292
boletus_edulis	Boletus edulis	2020-07-25/2020-07-25	60.38954	24.75803	376437.268	6696896.836	16
boletus_edulis	Boletus edulis	2020-07-26/2020-07-26	60.35198	25.06873	393434.858	6692172.538	128
boletus_edulis	Boletus edulis	2020-07-26/2020-07-26	60.98545	25.50037	418859.065	6762095.387	34
boletus_edulis	Boletus edulis	2020-07-26/2020-07-26	63.73895	25.35329	418712.066	7068972.834	400
boletus_edulis	Boletus edulis	2020-07-26/2020-07-26	60.32052	25.05401	392519.369	6688693.649	10
boletus_edulis	Boletus edulis	2020-07-26/2020-07-26	61.44007	23.82837	330884.903	6815918.637	10
boletus_edulis	Boletus edulis	2020-07-26/2020-07-26	61.44286	23.83788	331406.776	6816204.535	10
boletus_edulis	Boletus edulis	2020-07-26/2020-07-26	61.47326	27.34089	518162.321	6815550.524	10
boletus_edulis	Boletus edulis	2020-07-27/2020-07-27	60.83403	24.4172	359603.805	6747064.983	100
boletus_edulis	Boletus edulis	2020-07-27/2020-07-27	60.18164	24.98906	388461.432	6673338.785	10
boletus_edulis	Boletus edulis	2020-07-28/2020-07-28	61.85035	22.93017	285888.508	6864218.172	30
boletus_edulis	Boletus edulis	2020-07-28/2020-07-28	61.54736	23.80823	330396.784	6827912.262	10
boletus_edulis	Boletus edulis	2020-07-28/2020-07-28	61.73986	29.54277	634293.252	6847826.228	16
boletus_edulis	Boletus edulis	2020-07-28/2020-07-28	62.33667	25.37024	415587.511	6912749.854	10
boletus_edulis	Boletus edulis	2020-07-28/2020-07-28	62.33433	25.37447	415800.017	6912483.709	10
boletus_edulis	Boletus edulis	2020-07-28/2020-07-28	61.8493	21.5403	212865.852	6869467.629	19
boletus_edulis	Boletus edulis	2020-07-28/2020-07-28	60.37204	24.77343	377219.943	6694919.758	20
boletus_edulis	Boletus edulis	2020-07-28/2020-07-28	60.64809	24.87747	383947.17	6725465.011	137
boletus_edulis	Boletus edulis	2020-07-29/2020-07-29	63.10949	23.03809	300165.288	7003953.888	14
boletus_edulis	Boletus edulis	2020-07-29/2020-07-29	61.50618	27.2846	515147.248	6819203.162	10
boletus_edulis	Boletus edulis	2020-07-29/2020-07-29	60.27211	25.13506	396842.643	6683174.18	100
boletus_edulis	Boletus edulis	2020-07-29/2020-07-29	60.27067	25.13394	396776.166	6683015.599	100
boletus_edulis	Boletus edulis	2020-07-29/2020-07-29	62.55283	25.8762	442209.85	6936271.412	10
boletus_edulis	Boletus edulis	2020-07-29/2020-07-29	60.78928	24.38562	357689.214	6742151.394	24
boletus_edulis	Boletus edulis	2020-07-29/2020-07-29	62.20541	30.37782	675671.23	6901646.102	20
boletus_edulis	Boletus edulis	2020-07-29/2020-07-29	61.29019	26.25656	460158.367	6795337.438	165
boletus_edulis	Boletus edulis	2020-07-29/2020-07-29	61.44577	23.481	312409.013	6817503.243	100
boletus_edulis	Boletus edulis	2020-07-29/2020-07-29	61.44577	23.481	312409.013	6817503.243	100
boletus_edulis	Boletus edulis	2020-07-29/2020-07-29	60.32185	25.02631	390994.186	6688887.206	10
boletus_edulis	Boletus edulis	2020-07-29/2020-07-29	61.43163	23.84254	331594.536	6814942.596	292
boletus_edulis	Boletus edulis	2020-07-30/2020-07-30	60.04034	23.7177	317193.976	6660442.165	10
boletus_edulis	Boletus edulis	2020-07-30/2020-07-30	61.51989	23.59782	319063.282	6825421.165	100
boletus_edulis	Boletus edulis	2020-07-30/2020-07-30	63.06805	25.88787	443801.022	6993657.472	100
boletus_edulis	Boletus edulis	2020-07-30/2020-07-30	61.33755	22.94761	283250.384	6807116.06	10
boletus_edulis	Boletus edulis	2020-07-31/2020-07-31	64.26461	24.83746	395242.39	7128282.075	899
boletus_edulis	Boletus edulis	2020-07-31/2020-07-31	62.23538	25.64914	429795.763	6901134.531	10
boletus_edulis	Boletus edulis	2020-07-31/2020-07-31	63.80898	25.20431	411578.639	7076972.034	10
boletus_edulis	Boletus edulis	2020-08-01/2020-08-01	60.38692	24.75372	376189.844	6696613.24	87
boletus_edulis	Boletus edulis	2020-08-01/2020-08-01	60.11516	23.79766	322048.699	6668549.802	10
boletus_edulis	Boletus edulis	2020-08-01/2020-08-01	62.79907	25.89736	443766.962	6963683.778	10
boletus_edulis	Boletus edulis	2020-07-30/2020-07-30	60.74542	21.75615	214323.727	6745848.949	488
boletus_edulis	Boletus edulis	2020-07-30/2020-07-30	60.74542	21.75615	214323.727	6745848.949	488
boletus_edulis	Boletus edulis	2020-08-01/2020-08-01	60.42833	22.36513	244969.66	6708093.689	100
boletus_edulis	Boletus edulis	2020-08-02/2020-08-02	61.16699	28.77203	595330.052	6782679.254	10
boletus_edulis	Boletus edulis	2020-08-02/2020-08-02	62.92304	27.65903	533468.969	6977185.994	12
boletus_edulis	Boletus edulis	2020-07-27/2020-07-27	62.16329	29.77257	644410.09	6895461.614	10
boletus_edulis	Boletus edulis	2020-08-03/2020-08-03	64.23583	25.75975	439851.404	7123880.096	10
boletus_edulis	Boletus edulis	2020-08-01/2020-08-01	61.25116	24.59173	370796.847	6793144.374	643
boletus_edulis	Boletus edulis	2020-08-03/2020-08-03	61.67322	27.12703	506724.636	6837783.963	10
boletus_edulis	Boletus edulis	2020-08-04/2020-08-04	65.01152	25.4408	426510.833	7210644.875	256
boletus_edulis	Boletus edulis	2020-07-31/2020-07-31	64.58148	26.5123	476642.673	7161902.468	100
boletus_edulis	Boletus edulis	2020-08-04/2020-08-04	63.39014	22.38194	269360.349	7037375.279	10
boletus_edulis	Boletus edulis	2020-08-05/2020-08-05	61.29028	26.25669	460165.448	6795347.383	10
boletus_edulis	Boletus edulis	2020-08-05/2020-08-05	61.30818	28.75548	594017.428	6798378.218	10
boletus_edulis	Boletus edulis	2020-08-05/2020-08-05	60.29725	25.1572	398145.297	6685938.934	10
boletus_edulis	Boletus edulis	2020-08-05/2020-08-05	60.2948	25.15706	398129.936	6685666.359	15
boletus_edulis	Boletus edulis	2020-08-06/2020-08-06	61.06594	25.78731	434549.253	6770738.304	10
boletus_edulis	Boletus edulis	2020-08-06/2020-08-06	61.06313	25.78623	434485.165	6770426.428	10
boletus_edulis	Boletus edulis	2020-08-06/2020-08-06	59.93072	23.33582	295262.89	6649364.207	10
boletus_edulis	Boletus edulis	2020-08-07/2020-08-07	61.0619	28.27715	568938.233	6770354.527	100
boletus_edulis	Boletus edulis	2020-08-07/2020-08-07	63.25316	26.35513	467619.28	7013958.799	100
boletus_edulis	Boletus edulis	2020-08-07/2020-08-07	62.61111	29.75611	641426.367	6945282.498	100
boletus_edulis	Boletus edulis	2020-08-08/2020-08-08	61.96459	23.01784	291277.108	6876641.358	19
boletus_edulis	Boletus edulis	2020-08-08/2020-08-08	62.29072	26.13392	455070.891	6906867.97	11
boletus_edulis	Boletus edulis	2020-08-08/2020-08-08	62.59352	26.7431	486806.787	6940327.977	10
boletus_edulis	Boletus edulis	2020-08-08/2020-08-08	64.23403	23.81258	345451.252	7126966.015	118
boletus_edulis	Boletus edulis	2020-08-08/2020-08-08	60.35336	25.19994	400677.804	6692121.273	100
boletus_edulis	Boletus edulis	2020-08-08/2020-08-08	61.22597	28.16526	562573.543	6788515.098	10
boletus_edulis	Boletus edulis	2020-08-09/2020-08-09	61.44506	26.78305	488430.623	6812381.035	18
boletus_edulis	Boletus edulis	2020-08-09/2020-08-09	61.44487	26.78192	488370.292	6812360.071	14
boletus_edulis	Boletus edulis	2020-08-09/2020-08-09	61.44491	26.78319	488438.033	6812364.301	17
boletus_edulis	Boletus edulis	2020-08-09/2020-08-09	63.0848	25.8404	441436.099	6995565.903	10
boletus_edulis	Boletus edulis	2020-08-09/2020-08-09	63.08916	25.83581	441213.109	6996055.82	56
boletus_edulis	Boletus edulis	2020-08-09/2020-08-09	63.08372	25.83854	441339.995	6995447.282	17
boletus_edulis	Boletus edulis	2020-08-09/2020-08-09	63.08894	25.83777	441311.629	6996029.519	10
boletus_edulis	Boletus edulis	2020-08-09/2020-08-09	62.86611	26.22639	460636.019	6970908.23	100
boletus_edulis	Boletus edulis	2020-08-07/2020-08-07	61.06244	28.18206	563804.764	6770318.261	31
boletus_edulis	Boletus edulis	2020-08-09/2020-08-09	61.41	23.7378	325890.885	6812810.303	10
boletus_edulis	Boletus edulis	2020-08-04/2020-08-04	65.011	25.44234	426581.978	7210585.146	363
boletus_edulis	Boletus edulis	2020-08-12/2020-08-12	60.27078	24.46674	359880.106	6684258.519	10
boletus_edulis	Boletus edulis	2020-08-13/2020-08-13	60.20774	24.9564	386740.274	6676300.255	10
boletus_edulis	Boletus edulis	2020-08-13/2020-08-13	60.47797	24.63327	369917.163	6706981.909	100
boletus_edulis	Boletus edulis	2020-08-14/2020-08-14	60.21594	24.95118	386479.38	6677222.173	24
boletus_edulis	Boletus edulis	2020-08-15/2020-08-15	62.30402	25.6677	430917.623	6908760.237	19
boletus_edulis	Boletus edulis	2020-08-15/2020-08-15	61.69469	27.40569	521461.171	6840235.965	12
boletus_edulis	Boletus edulis	2020-08-15/2020-08-15	60.23516	25.13851	396917.351	6679054.696	10
boletus_edulis	Boletus edulis	2020-08-15/2020-08-15	62.5817	29.7329	640374.662	6941957.389	628
boletus_edulis	Boletus edulis	2020-08-16/2020-08-16	61.03151	22.50767	257401.41	6774624.043	16
boletus_edulis	Boletus edulis	2020-08-11/2020-08-11	60.60374	23.94511	332760.562	6722537.175	64
boletus_edulis	Boletus edulis	2020-08-18/2020-08-18	61.51591	23.86311	333142.731	6824270.14	400
boletus_edulis	Boletus edulis	2020-07-17/2020-07-17	60.2086	22.96142	276250.874	6681490.59	100
boletus_edulis	Boletus edulis	2020-08-29/2020-08-29	61.39604	26.88741	493986.441	6806906.571	100
boletus_edulis	Boletus edulis	2020-07-23/2020-07-23	60.99859	25.55099	421630.034	6763497.092	100
boletus_edulis	Boletus edulis	2020-07-21/2020-07-21	60.77076	23.87066	329573.011	6741317.024	10
boletus_edulis	Boletus edulis	2020-09-02/2020-09-02	63.50336	24.57874	379495.049	7043953.346	10
boletus_edulis	Boletus edulis	2020-09-05/2020-09-05	61.47514	23.34478	305336.048	6821170.772	64
boletus_edulis	Boletus edulis	2020-09-06/2020-09-06	61.44267	23.4719	311905.562	6817184.502	100
boletus_edulis	Boletus edulis	2020-08-01/2020-08-01	60.33385	25.14478	397573.62	6690033.346	20
boletus_edulis	Boletus edulis	2020-09-07/2020-09-07	60.27779	22.95146	276172.414	6689220.461	526
boletus_edulis	Boletus edulis	2020-09-11/2020-09-11	61.69842	27.41305	521847.878	6840653.915	10
boletus_edulis	Boletus edulis	2020-09-13/2020-09-13	60.32362	24.83302	380327.843	6689419.475	100
boletus_edulis	Boletus edulis	2020-09-14/2020-09-14	60.24016	24.98648	388517.154	6679858.558	10
boletus_edulis	Boletus edulis	2020-07-23/2020-07-23	62.89411	26.34752	466830.987	6973959.472	10
boletus_edulis	Boletus edulis	2020-09-16/2020-09-16	60.20628	24.99883	389086.397	6676065.656	10
boletus_edulis	Boletus edulis	2020-09-16/2020-09-16	60.39412	24.7463	375808.404	6697428.784	1000
boletus_edulis	Boletus edulis	2020-09-16/2020-09-16	60.34809	24.90522	384400.78	6692014.984	10
boletus_edulis	Boletus edulis	2020-09-18/2020-09-18	61.21372	21.74808	218068.102	6797929.072	134
boletus_edulis	Boletus edulis	2020-09-18/2020-09-18	60.02676	22.57398	253449.211	6662646.819	10
boletus_edulis	Boletus edulis	2020-09-19/2020-09-19	60.19082	25.00029	389115.149	6674341.937	10
boletus_edulis	Boletus edulis	2020-09-19/2020-09-19	60.43809	23.04057	282167.6	6706752.65	10
boletus_edulis	Boletus edulis	2020-09-20/2020-09-20	63.21179	25.63153	431190.031	7009920.191	16
boletus_edulis	Boletus edulis	2020-09-19/2020-09-19	61.41528	22.62889	266800.329	6816861.26	100
boletus_edulis	Boletus edulis	2020-09-23/2020-09-23	60.41506	23.01608	280666.197	6704272.171	10
boletus_edulis	Boletus edulis	2020-09-25/2020-09-25	60.02314	24.04375	335258.995	6657670.948	10
boletus_edulis	Boletus edulis	2020-09-26/2020-09-26	60.40225	22.31275	241884.027	6705398.17	24
boletus_edulis	Boletus edulis	2020-09-26/2020-09-26	60.60973	21.26815	186463.679	6733000.093	16
boletus_edulis	Boletus edulis	2020-09-26/2020-09-26	63.36979	25.56696	428337.029	7027592.397	68
boletus_edulis	Boletus edulis	2020-09-27/2020-09-27	63.36725	25.58996	429480.839	7027283.923	125
boletus_edulis	Boletus edulis	2020-09-27/2020-09-27	63.35	25.58051	428965.718	7025372.665	263
boletus_edulis	Boletus edulis	2020-09-29/2020-09-29	60.21295	24.98965	388600.329	6676823.731	10
boletus_edulis	Boletus edulis	2020-09-27/2020-09-27	63.37076	25.57462	428722.444	7027691.915	39
boletus_edulis	Boletus edulis	2020-10-03/2020-10-03	60.61193	22.08201	230939.126	6729634.251	100
boletus_edulis	Boletus edulis	2020-10-04/2020-10-04	60.24427	24.61448	367942.691	6681002.647	23
boletus_edulis	Boletus edulis	2020-10-04/2020-10-04	62.92881	27.64618	532809.939	6977822.221	10
boletus_edulis	Boletus edulis	2020-10-14/2020-10-14	61.20624	24.05439	341755.564	6789325.586	10
boletus_edulis	Boletus edulis	2011-08-18/2011-08-18	66.25997	25.21615	419870.938	7350029.473	15
boletus_edulis	Boletus edulis	2020-07-26/2020-07-26	62.22958	26.2673	461912.838	6899971.501	386
boletus_edulis	Boletus edulis	2018-09-11/2018-09-11	62.25014	25.72282	433656.983	6902700.923	95
boletus_edulis	Boletus edulis	2020-07-28/2020-07-28	61.0692	24.11168	344157.871	6773934.122	10
boletus_edulis	Boletus edulis	2020-09-24/2020-09-24	64.25	23.91406	350455.044	7128501.363	10
boletus_edulis	Boletus edulis	2019-07-19/2019-07-19	60.2036	23.66322	315079.856	6678760.787	100
boletus_edulis	Boletus edulis	2021-07-24/2021-07-24	61.06013	23.21345	295667.662	6775396.903	100
boletus_edulis	Boletus edulis	2021-07-27/2021-07-27	61.77918	27.3149	516612.811	6849621.203	32
boletus_edulis	Boletus edulis	2021-08-08/2021-08-08	60.74542	21.75615	214323.727	6745848.949	488
boletus_edulis	Boletus edulis	2021-08-08/2021-08-08	65.10289	26.41464	472502.906	7220048.956	172
boletus_edulis	Boletus edulis	2021-08-08/2021-08-08	61.06781	24.11366	344257.828	6773774.687	27
boletus_edulis	Boletus edulis	2021-08-09/2021-08-09	62.62027	29.67989	637474.513	6946137.586	10
boletus_edulis	Boletus edulis	2021-08-11/2021-08-11	63.6246	27.08588	504256.84	7055186.259	10
boletus_edulis	Boletus edulis	2021-08-12/2021-08-12	63.86377	24.95089	399299.043	7083450.657	16
boletus_edulis	Boletus edulis	2021-08-12/2021-08-12	62.25799	25.70991	433003.865	6903588.625	61
boletus_edulis	Boletus edulis	2021-08-13/2021-08-13	62.86684	27.65301	533226.776	6970921.569	100
boletus_edulis	Boletus edulis	2021-08-14/2021-08-14	61.86869	23.89433	336678.207	6863457.079	10
boletus_edulis	Boletus edulis	2021-08-14/2021-08-14	60.27235	24.90238	383975.783	6683587.457	100
boletus_edulis	Boletus edulis	2021-08-13/2021-08-13	61.37238	23.37186	306140.484	6809656.046	20
boletus_edulis	Boletus edulis	2021-08-15/2021-08-15	61.79766	23.6428	323049.974	6856210.183	19
boletus_edulis	Boletus edulis	2021-08-15/2021-08-15	60.40409	22.33394	243064.102	6705519.844	11
boletus_edulis	Boletus edulis	2021-08-12/2021-08-12	62.22898	25.68866	431834.973	6900379.421	100
boletus_edulis	Boletus edulis	2021-08-15/2021-08-15	60.3114	24.54854	364571.351	6688609.404	196
boletus_edulis	Boletus edulis	2021-08-16/2021-08-16	61.83086	24.28742	357164.984	6858319.503	10
boletus_edulis	Boletus edulis	2021-08-10/2021-08-10	61.90312	27.20562	510803.987	6863404.797	12
boletus_edulis	Boletus edulis	2021-08-16/2021-08-16	62.51766	24.13741	352650.605	6935116.657	10
boletus_edulis	Boletus edulis	2021-08-16/2021-08-16	60.58071	25.58968	422722.346	6716914.896	10
boletus_edulis	Boletus edulis	2021-08-16/2021-08-16	61.19038	28.75907	594562.875	6785265.128	100
boletus_edulis	Boletus edulis	2021-08-16/2021-08-16	60.33369	24.59162	367041.221	6691003.085	100
boletus_edulis	Boletus edulis	2021-08-16/2021-08-16	62.21176	25.69082	431908.459	6898459.045	59
boletus_edulis	Boletus edulis	2021-08-16/2021-08-16	62.2124	25.6936	432054.473	6898527.414	343
boletus_edulis	Boletus edulis	2021-08-16/2021-08-16	60.80671	24.7502	377595.484	6743356.48	52
boletus_edulis	Boletus edulis	2021-08-17/2021-08-17	60.06646	22.761	264140.926	6666378.997	105
boletus_edulis	Boletus edulis	2021-08-17/2021-08-17	60.79336	22.39199	249296.318	6748577.944	10
boletus_edulis	Boletus edulis	2021-08-17/2021-08-17	60.47844	22.6839	262857.959	6712473.714	10
boletus_edulis	Boletus edulis	2021-08-17/2021-08-17	61.46835	23.89112	334379.183	6818905.142	21
boletus_edulis	Boletus edulis	2021-08-17/2021-08-17	61.46612	23.53144	315216.648	6819623.713	100
boletus_edulis	Boletus edulis	2021-08-17/2021-08-17	61.46612	23.53144	315216.648	6819623.713	100
boletus_edulis	Boletus edulis	2021-08-17/2021-08-17	60.94636	22.16949	238461.334	6766458.752	22
boletus_edulis	Boletus edulis	2021-08-17/2021-08-17	60.79581	24.62786	370897.41	6742377.397	100
boletus_edulis	Boletus edulis	2021-08-17/2021-08-17	62.4167	25.91736	444072.147	6921070.708	10
boletus_edulis	Boletus edulis	2021-08-17/2021-08-17	62.41729	25.91739	444074.798	6921136.406	10
boletus_edulis	Boletus edulis	2021-08-17/2021-08-17	60.24985	24.79382	377888.758	6681278.414	12
boletus_edulis	Boletus edulis	2021-08-17/2021-08-17	62.42316	25.90886	443645.227	6921797.712	899
boletus_edulis	Boletus edulis	2021-08-17/2021-08-17	60.24966	24.79328	377858.169	6681258.261	12
boletus_edulis	Boletus edulis	2021-08-17/2021-08-17	62.12472	29.0837	608678.667	6889821.364	10
boletus_edulis	Boletus edulis	2021-08-17/2021-08-17	60.24302	24.80236	378335.993	6680502.253	25
boletus_edulis	Boletus edulis	2021-08-18/2021-08-18	62.85086	23.84363	339354.152	6972911.447	10
boletus_edulis	Boletus edulis	2021-08-18/2021-08-18	62.03484	22.91901	286594.124	6884778.121	101
boletus_edulis	Boletus edulis	2021-08-18/2021-08-18	63.55803	29.0166	600178.79	7049344.505	32
boletus_edulis	Boletus edulis	2021-08-18/2021-08-18	60.17962	24.9906	388539.986	6673111.286	10
boletus_edulis	Boletus edulis	2021-08-18/2021-08-18	61.13259	21.47781	202819.636	6790111.865	10
boletus_edulis	Boletus edulis	2021-08-18/2021-08-18	61.35114	23.80271	329032.038	6806087.807	10
boletus_edulis	Boletus edulis	2021-08-18/2021-08-18	62.25143	25.81904	438657.328	6902749.726	13
boletus_edulis	Boletus edulis	2021-08-18/2021-08-18	61.35107	23.80195	328991.039	6806082.008	12
boletus_edulis	Boletus edulis	2021-08-19/2021-08-19	63.65343	22.89981	297075.66	7064906.33	10
boletus_edulis	Boletus edulis	2021-08-19/2021-08-19	62.13723	25.6887	431630.149	6890159.575	10
boletus_edulis	Boletus edulis	2021-08-19/2021-08-19	61.44961	23.74264	326369.395	6817205.745	11
boletus_edulis	Boletus edulis	2021-08-19/2021-08-19	60.35041	22.36218	244196.484	6699441.414	10
boletus_edulis	Boletus edulis	2021-08-19/2021-08-19	60.98801	25.50339	419028.963	6762376.742	100
boletus_edulis	Boletus edulis	2021-08-19/2021-08-19	61.46834	23.48383	312695.34	6820006.648	10
boletus_edulis	Boletus edulis	2021-08-19/2021-08-19	60.27011	24.91812	384838.33	6683310.486	100
boletus_edulis	Boletus edulis	2021-08-19/2021-08-19	60.38581	23.96809	332899.916	6698224.242	10
boletus_edulis	Boletus edulis	2021-08-20/2021-08-20	60.24504	25.21542	401205.392	6680037.124	46
boletus_edulis	Boletus edulis	2021-08-20/2021-08-20	61.86222	23.67694	325216.068	6863302.85	100
boletus_edulis	Boletus edulis	2021-08-20/2021-08-20	61.85861	23.72194	327561.208	6862780.775	100
boletus_edulis	Boletus edulis	2021-08-20/2021-08-20	61.67536	27.11213	505935.459	6838020.901	32
boletus_edulis	Boletus edulis	2021-08-20/2021-08-20	61.71472	26.21556	458530.215	6842650.328	100
boletus_edulis	Boletus edulis	2021-08-21/2021-08-21	62.29885	25.75207	435280.86	6908097.121	10
boletus_edulis	Boletus edulis	2021-08-21/2021-08-21	62.16993	23.25745	305146.268	6898741.464	10
boletus_edulis	Boletus edulis	2021-08-21/2021-08-21	62.40743	25.83918	440015.224	6920108.166	10
boletus_edulis	Boletus edulis	2021-08-16/2021-08-16	62.27676	25.80797	438134.33	6905581.815	20
boletus_edulis	Boletus edulis	2021-08-21/2021-08-21	60.20357	25.1104	395260.288	6675581.682	10
boletus_edulis	Boletus edulis	2021-08-21/2021-08-21	60.27367	24.89966	383830.048	6683739.206	540
boletus_edulis	Boletus edulis	2021-08-21/2021-08-21	60.48103	22.21242	237003.706	6714554.204	100
boletus_edulis	Boletus edulis	2021-08-21/2021-08-21	60.27302	25.12629	396360.505	6683289.248	100
boletus_edulis	Boletus edulis	2021-08-21/2021-08-21	62.78331	22.75654	283581.477	6968578.174	10
boletus_edulis	Boletus edulis	2021-08-22/2021-08-22	61.00912	25.15981	400509.388	6765200.848	10
boletus_edulis	Boletus edulis	2021-08-22/2021-08-22	61.34097	23.70903	323968.534	6805205.007	10
boletus_edulis	Boletus edulis	2021-08-22/2021-08-22	61.33961	23.70798	323904.764	6805056.484	10
boletus_edulis	Boletus edulis	2021-08-22/2021-08-22	61.20684	22.24876	244854.831	6795105.274	10
boletus_edulis	Boletus edulis	2021-08-22/2021-08-22	63.41732	27.5605	527984.449	7032209.578	18
boletus_edulis	Boletus edulis	2021-08-21/2021-08-21	65.06652	25.45989	427559.832	7216751.063	157
boletus_edulis	Boletus edulis	2021-08-22/2021-08-22	60.19751	25.01884	390165.904	6675055.772	255
boletus_edulis	Boletus edulis	2021-08-23/2021-08-23	61.99065	26.92444	496041.16	6873140.854	65
boletus_edulis	Boletus edulis	2021-08-23/2021-08-23	60.51597	22.35767	245248.137	6717867.085	10
boletus_edulis	Boletus edulis	2021-08-23/2021-08-23	62.07387	25.64752	429336.025	6883146.333	261
boletus_edulis	Boletus edulis	2021-08-24/2021-08-24	61.32245	24.67029	375293.518	6800928.957	100
boletus_edulis	Boletus edulis	2021-08-24/2021-08-24	60.9708	25.47123	417244.5	6760500.359	100
boletus_edulis	Boletus edulis	2021-08-23/2021-08-23	60.47784	22.233	238107.143	6714117.43	10
boletus_edulis	Boletus edulis	2021-08-25/2021-08-25	62.66385	25.30901	413370.926	6949272.982	10
boletus_edulis	Boletus edulis	2021-08-25/2021-08-25	61.3081	22.95295	283332.393	6803822.319	56
boletus_edulis	Boletus edulis	2021-08-26/2021-08-26	60.32438	25.75183	431065.422	6688189.96	10
boletus_edulis	Boletus edulis	2021-08-26/2021-08-26	60.19888	24.71646	373411.644	6675749.78	91
boletus_edulis	Boletus edulis	2021-08-26/2021-08-26	60.45362	25.02916	391590.478	6703553.846	10
boletus_edulis	Boletus edulis	2021-08-26/2021-08-26	62.652	27.06923	503548.353	6946818.942	16
boletus_edulis	Boletus edulis	2021-08-27/2021-08-27	60.30667	22.31498	241249.791	6694762.535	10
boletus_edulis	Boletus edulis	2021-08-27/2021-08-27	63.58709	22.55982	279755.438	7058652.295	10
boletus_edulis	Boletus edulis	2021-08-27/2021-08-27	61.46337	23.82815	330999.415	6818512.481	899
boletus_edulis	Boletus edulis	2021-08-27/2021-08-27	61.69935	27.25166	513310.95	6840713.914	10
boletus_edulis	Boletus edulis	2021-08-27/2021-08-27	61.46334	23.95858	337945.124	6818177.958	100
boletus_edulis	Boletus edulis	2021-08-27/2021-08-27	60.62905	22.16722	235735.347	6731191.481	100
boletus_edulis	Boletus edulis	2021-08-27/2021-08-27	62.94621	27.86302	543793.611	6979889.854	669
boletus_edulis	Boletus edulis	2021-08-27/2021-08-27	63.62561	27.16531	508193.674	7055306.532	38
boletus_edulis	Boletus edulis	2021-08-27/2021-08-27	61.11159	21.59006	208657.208	6787272.914	100
boletus_edulis	Boletus edulis	2021-08-27/2021-08-27	60.60548	23.1148	287349.116	6725130.48	10
boletus_edulis	Boletus edulis	2021-08-27/2021-08-27	61.04446	23.46113	308929.408	6772905.053	100
boletus_edulis	Boletus edulis	2021-08-28/2021-08-28	60.24044	23.80651	323215.085	6682467.559	10
boletus_edulis	Boletus edulis	2021-08-28/2021-08-28	61.70027	26.23201	459380.825	6841030.357	65
boletus_edulis	Boletus edulis	2021-08-28/2021-08-28	60.6399	24.23319	348694.269	6725863.807	10
boletus_edulis	Boletus edulis	2021-08-28/2021-08-28	61.44946	23.36489	306246.773	6818253.45	100
boletus_edulis	Boletus edulis	2021-08-28/2021-08-28	60.53359	22.82853	271186.492	6718095.086	10
boletus_edulis	Boletus edulis	2021-08-28/2021-08-28	62.04087	24.11153	348948.343	6882097.251	20
boletus_edulis	Boletus edulis	2021-08-28/2021-08-28	61.61511	26.10948	452770.68	6831627.141	10
boletus_edulis	Boletus edulis	2021-08-28/2021-08-28	62.98396	27.67877	534399.825	6983983.619	131
boletus_edulis	Boletus edulis	2021-08-28/2021-08-28	60.52148	22.3562	245210.881	6718485.424	100
boletus_edulis	Boletus edulis	2021-08-28/2021-08-28	60.40273	22.39078	246179.898	6705148.103	10
boletus_edulis	Boletus edulis	2021-08-29/2021-08-29	60.02872	24.0448	335345.253	6658289.353	10
boletus_edulis	Boletus edulis	2021-08-29/2021-08-29	60.31607	24.86153	381874.672	6688527.497	100
boletus_edulis	Boletus edulis	2021-08-29/2021-08-29	60.53246	24.16747	344586.39	6714058.081	59
boletus_edulis	Boletus edulis	2021-08-29/2021-08-29	60.53388	24.15951	344156.658	6714234.967	39
boletus_edulis	Boletus edulis	2021-08-29/2021-08-29	63.38172	22.55487	277921.298	7035827.533	10
boletus_edulis	Boletus edulis	2021-08-29/2021-08-29	60.35575	22.45533	249369.709	6699677.016	100
boletus_edulis	Boletus edulis	2021-08-29/2021-08-29	61.50857	23.82571	331114.636	6823549.546	15
boletus_edulis	Boletus edulis	2021-08-29/2021-08-29	60.27893	24.80605	378673.214	6684493.339	151
boletus_edulis	Boletus edulis	2021-08-29/2021-08-29	60.16084	24.65433	369817.922	6671635.798	65
boletus_edulis	Boletus edulis	2021-08-27/2021-08-27	62.30333	27.80639	541815.222	6908232.706	100
boletus_edulis	Boletus edulis	2021-08-30/2021-08-30	62.66718	25.31699	413789.353	6949633.197	10
boletus_edulis	Boletus edulis	2021-08-30/2021-08-30	61.0026	25.49439	418579.446	6764012.702	100
boletus_edulis	Boletus edulis	2021-08-31/2021-08-31	64.09013	23.40593	324843.758	7112001.327	10
boletus_edulis	Boletus edulis	2021-08-31/2021-08-31	64.09021	23.4058	324837.931	7112010.589	10
boletus_edulis	Boletus edulis	2021-08-31/2021-08-31	61.24462	22.47649	257361.438	6798438.137	10
boletus_edulis	Boletus edulis	2021-08-31/2021-08-31	61.24458	22.47648	257360.593	6798433.727	10
boletus_edulis	Boletus edulis	2021-08-31/2021-08-31	61.24461	22.47659	257366.719	6798436.654	13
boletus_edulis	Boletus edulis	2021-08-31/2021-08-31	63.45678	29.51809	625526.416	7038952.151	65
boletus_edulis	Boletus edulis	2021-09-01/2021-09-01	61.72086	27.90762	547971.931	6843418.932	10
boletus_edulis	Boletus edulis	2021-08-31/2021-08-31	62.86761	27.65388	533270.171	6971007.805	31
boletus_edulis	Boletus edulis	2021-09-01/2021-09-01	60.40061	22.31335	241904.032	6705213.477	10
boletus_edulis	Boletus edulis	2021-08-27/2021-08-27	61.68796	27.30879	516338.71	6839458.136	100
boletus_edulis	Boletus edulis	2021-09-03/2021-09-03	60.1975	21.90515	217705.168	6684308.534	10
boletus_edulis	Boletus edulis	2021-09-01/2021-09-01	66.89547	25.12799	418035.582	7420959.213	100
boletus_edulis	Boletus edulis	2021-09-03/2021-09-03	60.45359	25.02719	391482.036	6703553.751	10
boletus_edulis	Boletus edulis	2021-09-04/2021-09-04	63.6472	27.18417	509121.55	7057714.79	252
boletus_edulis	Boletus edulis	2021-09-04/2021-09-04	64.78012	25.32415	420330.736	7185003.926	23
boletus_edulis	Boletus edulis	2021-08-19/2021-08-19	60.16104	25.1093	395063.705	6670848.13	100
boletus_edulis	Boletus edulis	2021-09-05/2021-09-05	61.81583	22.95056	286720.555	6860310.968	100
boletus_edulis	Boletus edulis	2021-09-05/2021-09-05	60.35638	25.1174	396133.905	6692584.753	25
boletus_edulis	Boletus edulis	2021-08-24/2021-08-24	63.60703	27.11118	505514.295	7053230.425	100
boletus_edulis	Boletus edulis	2021-09-07/2021-09-07	61.62925	26.09882	452227.143	6833209.934	10
boletus_edulis	Boletus edulis	2021-08-28/2021-08-28	60.60132	24.68296	373131.305	6720617.28	232
boletus_edulis	Boletus edulis	2021-09-08/2021-09-08	61.65385	26.0728	450886.875	6835969.424	16
boletus_edulis	Boletus edulis	2021-09-08/2021-09-08	62.20784	25.90662	443124.178	6897814.184	10
boletus_edulis	Boletus edulis	2021-09-10/2021-09-10	60.76202	23.874	329708.459	6740335.646	24
boletus_edulis	Boletus edulis	2021-09-11/2021-09-11	61.47389	26.75028	486695.386	6815598.705	100
boletus_edulis	Boletus edulis	2021-09-11/2021-09-11	60.45353	25.02896	391579.179	6703544.154	10
boletus_edulis	Boletus edulis	2021-09-10/2021-09-10	63.83356	22.91037	298882.787	7084913.352	24
boletus_edulis	Boletus edulis	2021-09-12/2021-09-12	60.45353	25.02825	391540.132	6703545.324	10
boletus_edulis	Boletus edulis	2021-08-16/2021-08-16	61.32845	22.84964	277950.728	6806433.239	58
boletus_edulis	Boletus edulis	2021-08-16/2021-08-16	61.32845	22.84964	277950.728	6806433.239	58
boletus_edulis	Boletus edulis	2021-08-21/2021-08-21	61.31191	22.87939	279424.616	6804492.546	73
boletus_edulis	Boletus edulis	2021-08-23/2021-08-23	61.51748	22.19145	244330.981	6829866.876	104
boletus_edulis	Boletus edulis	2021-09-04/2021-09-04	59.98622	23.74212	318256.38	6654352.522	51
boletus_edulis	Boletus edulis	2018-09-03/2018-09-03	60.448519	24.845024	381445.511	6703303.246	1
boletus_edulis	Boletus edulis	2019-07-10/2019-07-10	64.972678	25.2037	415214.897	7206614.011	1
boletus_edulis	Boletus edulis	2019-07-13/2019-07-13	60.276541	25.22026	401567.923	6683537.362	1
boletus_edulis	Boletus edulis	2019-07-19/2019-07-19	62.958411	22.966387	295495.774	6987370.818	1
boletus_edulis	Boletus edulis	2019-07-17/2019-07-17	60.335727	23.208726	290755.724	6694820.135	1
boletus_edulis	Boletus edulis	2019-07-20/2019-07-20	60.483201	25.162848	399034.802	6706634.945	1
boletus_edulis	Boletus edulis	2019-07-18/2019-07-18	62.655824	24.060259	349382.479	6950676.357	1
boletus_edulis	Boletus edulis	2019-07-23/2019-07-23	66.58311	25.65976	440566.889	7385545.511	1
boletus_edulis	Boletus edulis	2019-07-24T18:33/2019-07-24T20:33	60.664285	23.60946	314743.896	6730175.355	1000
boletus_edulis	Boletus edulis	2019-08-13/2019-08-13	60.189941	25.137066	396695.279	6674022.2	1
boletus_edulis	Boletus edulis	2019-08-21/2019-08-21	60.114482	23.527388	307034.854	6669233.288	1
boletus_edulis	Boletus edulis	2019-08-26/2019-08-26	61.696888	27.403492	521343.379	6840480.087	1
boletus_edulis	Boletus edulis	2019-08-26/2019-08-26	60.325551	24.752486	375888.8	6689783.349	1
boletus_edulis	Boletus edulis	2019-08-27/2019-08-27	61.755194	29.275478	620121.129	6849010.678	1000
boletus_edulis	Boletus edulis	2019-08-27/2019-08-27	60.126202	23.517112	306533.012	6670567.395	1
boletus_edulis	Boletus edulis	2019-08-28/2019-08-28	62.194779	24.783623	384670.228	6897852.484	1
boletus_edulis	Boletus edulis	2019-08-30/2019-08-30	62.252481	25.677897	431329.018	6903008.53	1
boletus_edulis	Boletus edulis	2019-08-29/2019-08-29	61.808408	29.329957	622783.746	6855037.717	1
boletus_edulis	Boletus edulis	2019-08-28/2019-08-28	62.602962	29.753246	641318.204	6944369.052	1
boletus_edulis	Boletus edulis	2019-08-30/2019-08-30	64.051469	23.646216	336318.663	7107058.784	1
boletus_edulis	Boletus edulis	2019-08-31/2019-08-31	60.33919	25.03473	391516.688	6690803.949	1000
boletus_edulis	Boletus edulis	2019-08-31/2019-08-31	64.092905	23.503537	329613.884	7112045.317	1000
boletus_edulis	Boletus edulis	2019-08-31/2019-08-31	61.561141	23.510213	314653.334	6830258.044	1000
boletus_edulis	Boletus edulis	2019-08-31/2019-08-31	61.609201	23.262411	301809.394	6836335.743	1000
boletus_edulis	Boletus edulis	2019-08-26/2019-08-26	62.407453	24.791595	385893.57	6921521.453	1
boletus_edulis	Boletus edulis	2019-09-01/2019-09-01	60.928569	23.452798	307780.793	6760034.078	1
boletus_edulis	Boletus edulis	2019-09-01/2019-09-01	60.187431	24.703209	372632.913	6674500.697	1000
boletus_edulis	Boletus edulis	2019-09-01/2019-09-01	66.52998	25.56483	436221.687	7379717.898	1
boletus_edulis	Boletus edulis	2019-09-02/2019-09-02	62.249625	25.723287	433680.108	6902643.079	1
boletus_edulis	Boletus edulis	2019-08-31/2019-08-31	64.092905	23.503537	329613.884	7112045.317	1000
boletus_edulis	Boletus edulis	2019-09-03/2019-09-03	64.996041	25.483941	428502.5	7208870.694	1
boletus_edulis	Boletus edulis	2019-09-04/2019-09-04	60.426763	22.206345	236230.239	6708545.391	1000
boletus_edulis	Boletus edulis	2019-09-04/2019-09-04	60.210805	25.03211	390945.573	6676514.006	1000
boletus_edulis	Boletus edulis	2019-09-01/2019-09-01	60.317366	24.667769	371179.647	6689034.634	1000
boletus_edulis	Boletus edulis	2019-09-05/2019-09-05	60.344817	25.215663	401519.458	6691146.455	1
boletus_edulis	Boletus edulis	2019-09-06/2019-09-06	65.000138	25.498815	429214.698	7209310.455	1
boletus_edulis	Boletus edulis	2019-09-06/2019-09-06	61.64787	23.170945	297216.564	6840919.916	1000
boletus_edulis	Boletus edulis	2019-09-08/2019-09-08	64.264141	29.048544	599238.614	7128046.996	1000
boletus_edulis	Boletus edulis	2019-09-11/2019-09-11	65.061792	25.589648	433650.499	7216081.725	100
boletus_edulis	Boletus edulis	2019-09-09T10:30/2019-09-09T12:30	64.026345	23.394466	323883.264	7104933.814	100
boletus_edulis	Boletus edulis	2019-09-06/2019-09-06	60.625864	25.095259	395781.005	6722625.37	1
boletus_edulis	Boletus edulis	2019-09-13T09:00/2019-09-13T14:00	60.275456	25.161291	398303.716	6683506.004	1000
boletus_edulis	Boletus edulis	2016-09-22/2016-09-22	60.254716	24.606991	367570.43	6682180.537	1000
boletus_edulis	Boletus edulis	2019-09-15/2019-09-15	66.497343	25.750578	444402.524	7375903.036	1000
boletus_edulis	Boletus edulis	2019-09-14/2019-09-14	62.420229	25.081331	400902.797	6922466.4	1000
boletus_edulis	Boletus edulis	2019-09-14/2019-09-14	60.829008	24.582976	368591.569	6746162.451	1
boletus_edulis	Boletus edulis	2019-09-17/2019-09-17	60.908973	23.144672	290968.159	6758797.341	1
boletus_edulis	Boletus edulis	2019-09-20/2019-09-20	62.253022	25.682648	431576.99	6903063.761	1000
boletus_edulis	Boletus edulis	2019-09-20/2019-09-20	62.591539	22.414624	264644.797	6948447.945	1000
boletus_edulis	Boletus edulis	2019-09-21/2019-09-21	62.725722	22.205179	255020.364	6964149.108	1
boletus_edulis	Boletus edulis	2019-09-21/2019-09-21	62.589887	22.414661	264633.614	6948264.1	1000
boletus_edulis	Boletus edulis	2019-09-22/2019-09-22	60.316985	25.42825	413176.997	6687748.642	1
boletus_edulis	Boletus edulis	2019-09-23/2019-09-23	60.844271	23.026425	284125.522	6751982.839	1
boletus_edulis	Boletus edulis	2019-09-23/2019-09-23	60.842149	23.02918	284260.758	6751737.717	1
boletus_edulis	Boletus edulis	2019-09-23/2019-09-23	60.728013	24.740179	376748.7	6734613.457	1
boletus_edulis	Boletus edulis	2019-09-24/2019-09-24	61.40768	27.326627	517438.983	6808241.623	1000
boletus_edulis	Boletus edulis	2019-09-24/2019-09-24	61.486034	27.25355	513503.409	6816952.235	1
boletus_edulis	Boletus edulis	2019-09-24/2019-09-24	62.256178	25.675846	431230.922	6903422.51	1000
boletus_edulis	Boletus edulis	2019-09-23/2019-09-23	62.16876	25.862195	440736.959	6893500.805	100
boletus_edulis	Boletus edulis	2019-09-27/2019-09-27	61.565664	21.52961	209646.903	6837998.505	100
boletus_edulis	Boletus edulis	2019-09-28/2019-09-28	61.551097	21.69528	218294.034	6835651.556	1
boletus_edulis	Boletus edulis	2019-09-29/2019-09-29	60.182486	24.661817	370318.683	6674030.777	1000
boletus_edulis	Boletus edulis	2019-08-24/2019-08-24	61.708167	27.245279	512969.741	6841694.8	1000
boletus_edulis	Boletus edulis	2019-09-21/2019-10-02	60.212966	24.682636	371592.189	6677383.25	1000
boletus_edulis	Boletus edulis	2019-09-29/2019-09-29	63.866964	23.08128	307508.045	7088102.712	1000
boletus_edulis	Boletus edulis	2019-09-06/2019-09-08	61.169428	25.868662	439138.936	6782185.663	1000
boletus_edulis	Boletus edulis	2019-10-05/2019-10-05	60.159634	25.082903	393594.366	6670733.825	1
boletus_edulis	Boletus edulis	2019-10-05/2019-10-05	60.975072	25.752581	432482.258	6760653.475	1000
boletus_edulis	Boletus edulis	2019-10-10/2019-10-10	61.42379	25.705909	430945.598	6810677.374	1
boletus_edulis	Boletus edulis	2019-10-09T15:00/2019-10-09T18:00	62.186281	25.878745	441632.693	6895437.473	1
boletus_edulis	Boletus edulis	2019-10-11/2019-10-11	61.483359	25.586778	424733.056	6817443.694	100
boletus_edulis	Boletus edulis	2019-09-27/2019-09-27	61.565664	21.5307	209704.66	6837993.641	100
boletus_edulis	Boletus edulis	2019-10-11/2019-10-11	62.187711	25.730131	433900.337	6895739.544	1000
boletus_edulis	Boletus edulis	2019-09-22/2019-09-22	62.7848	22.3805	264438.399	6970063.996	1
boletus_edulis	Boletus edulis	2019-09-22/2019-09-22	62.7858	22.3802	264431.111	6970176.297	1
boletus_edulis	Boletus edulis	2019-09-10/2019-09-10	63.77873	26.06583	453947.983	7072694.618	1
boletus_edulis	Boletus edulis	2018-09-04/2018-09-04	63.0709	21.7304	233950.473	7004407.509	1
boletus_edulis	Boletus edulis	2018-09-19/2018-09-19	63.0331	21.8304	238652.206	6999795.495	1
boletus_edulis	Boletus edulis	2018-09-21/2018-09-21	63.0794	21.719	233453.732	7005399.488	1
boletus_edulis	Boletus edulis	2018-09-23/2018-09-23	63.2429	21.5686	227417.313	7024201.491	1
boletus_edulis	Boletus edulis	2018-09-30/2018-09-30	60.459097	22.084766	229817.607	6712633.314	10
boletus_edulis	Boletus edulis	2019-09-24/2019-09-24	61.40699	27.32814	517520.15	6808165.169	1
boletus_edulis	Boletus edulis	2019-09-29/2019-09-29	60.412128	22.91144	274889.951	6704299.25	1
boletus_edulis	Boletus edulis	2019-07-18/2019-07-18	60.424448	22.894528	274045.156	6705727.529	1
boletus_edulis	Boletus edulis	2019-07-20/2019-07-20	62.318391	26.349421	466280.981	6909819.572	100
boletus_edulis	Boletus edulis	2019-08-29/2019-08-29	62.321305	26.348828	466253.515	6910144.507	1000
boletus_edulis	Boletus edulis	2019-09-14/2019-09-14	66.323086	26.294443	468383.37	7356101.171	1
boletus_edulis	Boletus edulis	2017-08-15/2017-08-15	60.246528	24.740604	374931.37	6681008.262	100
boletus_edulis	Boletus edulis	2014-08-30/2014-08-30	60.231126	24.712998	373344.206	6679346.256	1
boletus_edulis	Boletus edulis	2019-09-27/2019-09-27	61.569158	21.490893	207628.303	6838560.113	1
boletus_edulis	Boletus edulis	2019-08-26/2019-08-26	60.473268	23.085766	284885.049	6710517.189	100
boletus_edulis	Boletus edulis	2019-09-08/2019-09-08	60.605579	25.250571	404217.447	6720130.421	100
boletus_edulis	Boletus edulis	2020-07-17/2020-07-17	60.723129	24.848901	382659.122	6733870.524	1
boletus_edulis	Boletus edulis	2020-07-09/2020-07-09	61.958902	26.676664	483041.78	6869644.036	1000
boletus_edulis	Boletus edulis	2020-07-14/2020-07-14	61.232029	25.635304	426731.999	6789397.162	1
boletus_edulis	Boletus edulis	2020-07-17/2020-07-17	60.206698	25.172193	398694.495	6675833.52	1
boletus_edulis	Boletus edulis	2020-07-18/2020-07-18	63.138304	23.139927	305490.144	7006847.094	1
boletus_edulis	Boletus edulis	2020-07-18/2020-07-18	62.318533	26.347698	466191.841	6909836.29	100
boletus_edulis	Boletus edulis	2020-07-19/2020-07-19	64.260042	27.645938	531299.867	7126150.809	1000
boletus_edulis	Boletus edulis	2020-07-11/2020-08-12	61.462	23.811	330078.688	6818404.583	1
boletus_edulis	Boletus edulis	2020-07-23/2020-07-23	66.498156	25.745408	444174.312	7375998.257	1
boletus_edulis	Boletus edulis	2020-07-23/2020-07-23	60.507939	21.211813	182389.264	6721963.264	1
boletus_edulis	Boletus edulis	2020-07-23/2020-07-23	66.505753	25.728119	443422.327	7376860.509	1
boletus_edulis	Boletus edulis	2020-07-17/2020-07-17	60.383055	25.68346	427420.285	6694797.365	1
boletus_edulis	Boletus edulis	2020-07-26/2020-07-26	60.808046	23.482787	308684.766	6746535.643	1
boletus_edulis	Boletus edulis	2020-07-24/2020-07-24	65.609688	27.562641	525925.749	7276521.813	1000
boletus_edulis	Boletus edulis	2020-07-25/2020-07-25	66.650062	25.773796	445769.881	7392903.661	100
boletus_edulis	Boletus edulis	2020-07-25/2020-07-25	64.059945	23.645192	336318.456	7108004.928	1
boletus_edulis	Boletus edulis	2020-07-25/2020-07-25	66.58336	25.67406	441201.538	7385559.833	1
boletus_edulis	Boletus edulis	2020-07-28/2020-07-28	60.524894	24.470431	361170.774	6712538.37	1000
boletus_edulis	Boletus edulis	2020-07-29/2020-07-29	60.845042	23.03848	284785.077	6752028.972	1
boletus_edulis	Boletus edulis	2020-07-28/2020-07-28	63.960818	23.537577	330471.723	7097252.365	1000
boletus_edulis	Boletus edulis	2020-07-27/2020-07-30	60.530381	24.557633	365977.804	6712968.376	1000
boletus_edulis	Boletus edulis	2020-07-30/2020-07-30	60.124007	23.520115	306686.84	6670314.371	100
boletus_edulis	Boletus edulis	2020-07-30/2020-07-30	66.509916	25.767281	445173.358	7377289.565	1
boletus_edulis	Boletus edulis	2020-07-30/2020-07-30	61.839752	25.433966	417550.587	6857322.057	1
boletus_edulis	Boletus edulis	2020-08-01/2020-08-01	61.231412	25.635767	426755.42	6789327.927	1
boletus_edulis	Boletus edulis	2020-08-02/2020-08-02	61.548178	23.542522	316291.524	6828723.954	1000
boletus_edulis	Boletus edulis	2020-08-03/2020-08-03	59.920905	23.203063	287787.667	6648690.613	100
boletus_edulis	Boletus edulis	2020-08-03/2020-08-03	59.910774	23.208481	288025.633	6647546.226	1000
boletus_edulis	Boletus edulis	2020-08-03/2020-08-03	64.027853	23.51366	329710.125	7104777.57	1
boletus_edulis	Boletus edulis	2020-08-03/2020-08-03	64.010012	23.398313	323968.166	7103105.365	1
boletus_edulis	Boletus edulis	2020-07-22/2020-07-22	61.098715	28.245016	567125.848	6774421.269	1000
boletus_edulis	Boletus edulis	2020-07-20/2020-07-20	62.04334	26.144583	455260.169	6879303.295	100
boletus_edulis	Boletus edulis	2020-08-04/2020-08-04	61.657627	23.475205	313377.111	6841095.052	1
boletus_edulis	Boletus edulis	2020-08-04/2020-08-04	65.284369	28.367788	563809.882	7240839.469	1000
boletus_edulis	Boletus edulis	2020-08-05/2020-08-05	62.561577	28.633693	583982.715	6937805.665	100
boletus_edulis	Boletus edulis	2020-08-15/2020-08-15	63.900915	29.310777	613406.336	7088027.005	1000
boletus_edulis	Boletus edulis	2020-07-29/2020-07-29	63.219331	29.296326	615422.906	7012092.094	1
boletus_edulis	Boletus edulis	2020-08-06/2020-08-06	62.576424	28.644416	584491.724	6939473.377	100
boletus_edulis	Boletus edulis	2020-08-06/2020-08-06	60.355639	25.723464	429566.346	6691700.934	1
boletus_edulis	Boletus edulis	2020-08-07/2020-08-07	62.54551	28.637977	584248.321	6936021.643	1000
boletus_edulis	Boletus edulis	2020-08-08/2020-08-08	63.089593	23.105513	303428.505	7001531.938	1
boletus_edulis	Boletus edulis	2020-08-01/2020-08-01	60.213593	24.682613	371593.367	6677453.096	1000
boletus_edulis	Boletus edulis	2020-08-08/2020-08-08	63.987864	23.762212	341615.975	7099685.118	1
boletus_edulis	Boletus edulis	2020-08-10/2020-08-10	62.39392	28.78981	592524.204	6919345.252	1
boletus_edulis	Boletus edulis	2020-08-10/2020-08-10	66.791917	24.173803	375753.27	7411001.008	1000
boletus_edulis	Boletus edulis	2020-08-12/2020-08-12	64.52247	27.7923	538027.118	7155473.896	1
boletus_edulis	Boletus edulis	2020-08-09/2020-08-09	60.592031	21.387118	192791.994	6730471.489	10
boletus_edulis	Boletus edulis	2020-08-13/2020-08-13	61.467874	23.372975	306791.489	6820278.385	1
boletus_edulis	Boletus edulis	2020-08-13/2020-08-13	62.251751	25.691888	432054.005	6902912.454	100
boletus_edulis	Boletus edulis	2020-08-14/2020-08-14	62.194826	24.783106	384643.513	6897858.639	100
boletus_edulis	Boletus edulis	2020-08-06/2020-08-06	61.468215	23.380359	307186.652	6820294.462	1000
boletus_edulis	Boletus edulis	2020-08-16/2020-08-16	60.21303	24.915299	384481.497	6676960.445	1
boletus_edulis	Boletus edulis	2020-08-19/2020-08-19	62.63308	29.871763	647249.193	6947987.301	1000
boletus_edulis	Boletus edulis	2020-08-21/2020-08-21	62.478546	27.815244	542028.203	6927757.678	1000
boletus_edulis	Boletus edulis	2020-08-21/2020-08-21	62.645193	30.214441	664742.617	6950164.68	100
boletus_edulis	Boletus edulis	2020-08-22/2020-08-22	63.836934	23.122381	309321.759	7084637.754	1
boletus_edulis	Boletus edulis	2020-09-02/2020-09-02	60.201252	25.026133	390582.601	6675460.286	1
boletus_edulis	Boletus edulis	2020-09-03/2020-09-03	62.206497	28.942762	601056.283	6898700.306	1
boletus_edulis	Boletus edulis	2020-09-05/2020-09-05	69.437353	27.218131	508550.38	7703145.46	1000
boletus_edulis	Boletus edulis	2017-08-29/2017-08-29	60.457541	22.091234	230159.77	6712433.791	100
boletus_edulis	Boletus edulis	2017-08-29/2017-08-29	60.459323	22.087038	229944.217	6712649.107	100
boletus_edulis	Boletus edulis	2020-09-07/2020-09-07	68.973438	26.987822	499512.363	7651400.411	1
boletus_edulis	Boletus edulis	2017-09-04/2017-09-04	60.473811	22.10499	231049.775	6714186.115	100
boletus_edulis	Boletus edulis	2020-09-07/2020-09-10	60.506187	24.695073	373423.133	6710002.761	1000
boletus_edulis	Boletus edulis	2020-09-09/2020-09-09	60.675323	27.704758	538505.355	6726830.704	1
boletus_edulis	Boletus edulis	2020-09-10/2020-09-10	60.530228	27.569835	531273.834	6710599.252	1
boletus_edulis	Boletus edulis	2020-09-10/2020-09-10	60.527833	27.56672	531105.176	6710331.035	1
boletus_edulis	Boletus edulis	2020-09-10/2020-09-10	60.39069	25.699024	428295.026	6695630.555	1
boletus_edulis	Boletus edulis	2018-09-16/2018-09-16	60.772366	22.75731	269000.861	6744901.677	100
boletus_edulis	Boletus edulis	2020-09-11/2020-09-11	60.3604	25.69678	428104.651	6692259.925	1
boletus_edulis	Boletus edulis	2020-08-18/2020-08-18	63.073798	22.07804	251500.278	7003336.376	1
boletus_edulis	Boletus edulis	2020-09-13/2020-09-13	60.310666	22.11327	230156.004	6696016.011	1000
boletus_edulis	Boletus edulis	2020-09-14/2020-09-14	60.233707	25.023899	390566.997	6679077.462	1
boletus_edulis	Boletus edulis	2016-09-13/2016-09-13	62.60803	30.028107	655392.497	6945565.383	100
boletus_edulis	Boletus edulis	2016-09-13/2016-09-13	62.587503	30.108024	659601.433	6943475.456	100
boletus_edulis	Boletus edulis	2020-09-16/2020-09-16	60.572943	23.964978	333689.392	6719059.185	1000
boletus_edulis	Boletus edulis	2020-09-16/2020-09-16	60.577754	23.982868	334693.824	6719549.522	1000
boletus_edulis	Boletus edulis	2020-09-15/2020-09-15	61.687584	27.260399	513778.421	6839405.055	1
boletus_edulis	Boletus edulis	2020-09-18/2020-09-18	62.092655	30.144607	664159.249	6888484.467	1
boletus_edulis	Boletus edulis	2020-09-19/2020-09-19	62.045122	30.257744	670327.925	6883485.733	1000
boletus_edulis	Boletus edulis	2020-09-18/2020-09-18	62.089343	30.160129	664987.076	6888155.232	1
boletus_edulis	Boletus edulis	2020-09-19/2020-09-19	66.708922	27.419814	518523.411	7398994.475	1000
boletus_edulis	Boletus edulis	2020-09-19/2020-09-19	62.046042	30.259298	670403.974	6883592.213	1
boletus_edulis	Boletus edulis	2020-09-21/2020-09-21	60.353109	25.671062	426669.612	6691476.338	1
boletus_edulis	Boletus edulis	2020-09-22/2020-09-22	60.26605	25.838706	435748.735	6681606.607	1
boletus_edulis	Boletus edulis	2020-09-22/2020-09-22	60.678081	24.42233	359200.619	6729693.53	1
boletus_edulis	Boletus edulis	2020-09-10/2020-09-10	65.20248	26.29302	466914.295	7231206.19	1
boletus_edulis	Boletus edulis	2020-09-19/2020-09-19	62.045604	30.250822	669963.541	6883521.214	1
boletus_edulis	Boletus edulis	2020-09-25/2020-09-25	60.265489	25.715933	428955.37	6681670.014	1
boletus_edulis	Boletus edulis	2020-09-25/2020-09-25	60.318988	24.03823	336429.4	6690611.247	1000
boletus_edulis	Boletus edulis	2020-09-25/2020-09-25	60.1957	25.049495	391859.105	6674803.642	1000
boletus_edulis	Boletus edulis	2020-09-26T13:30/2020-09-26	60.98958	23.456157	308330.264	6766812.99	1000
boletus_edulis	Boletus edulis	2020-09-27/2020-09-27	63.073671	22.078255	251510.033	7003321.424	100
boletus_edulis	Boletus edulis	2020-10-03/2020-10-03	60.160656	25.033811	390873.509	6670927.721	1
boletus_edulis	Boletus edulis	2020-10-03/2020-10-03	63.073633	22.077741	251483.796	7003319.189	1
boletus_edulis	Boletus edulis	2020-09-20/2020-09-20	62.076321	30.171834	665668.806	6886735.653	100
boletus_edulis	Boletus edulis	2020-09-29/2020-09-29	60.267551	24.640023	369449.029	6683543.533	1000
boletus_edulis	Boletus edulis	2016-09-14/2016-09-14	63.145867	30.607095	681725.239	7006947.272	100
boletus_edulis	Boletus edulis	2020-10-17/2020-10-17	65.119137	25.616541	435055.474	7222443.616	1000
boletus_edulis	Boletus edulis	2020-09-26/2020-09-26	63.088053	21.675257	231329.571	7006543.538	1
boletus_edulis	Boletus edulis	2020-09-26/2020-09-26	63.088746	21.674348	231290.186	7006624.359	1
boletus_edulis	Boletus edulis	2020-09-26/2020-09-26	63.08189	21.682474	231636.255	7005828.423	10
boletus_edulis	Boletus edulis	2020-07-25/2020-07-25	66.094032	25.265053	421554.803	7331477.085	1000
boletus_edulis	Boletus edulis	2020-07-29/2020-07-29	66.498131	25.779694	445699.725	7375965.253	100
boletus_edulis	Boletus edulis	2017-08-12/2017-08-12	60.257131	24.610688	367784.702	6682441.966	1000
boletus_edulis	Boletus edulis	2020-09-07/2020-09-07	66.519684	25.653323	440129.023	7378482.839	1000
boletus_edulis	Boletus edulis	2019-09-19/2019-09-19	60.281734	25.165658	398564.648	6684198.294	1000
boletus_edulis	Boletus edulis	2012-08-10/2012-08-10	60.477393	25.064532	393613.619	6706143.089	1000
boletus_edulis	Boletus edulis	2020-07-12/2020-07-12	62.318695	26.35392	466514.494	6909851.101	1
boletus_edulis	Boletus edulis	2019-08-24/2019-08-24	62.144003	27.51476	526834.186	6890328.97	1000
boletus_edulis	Boletus edulis	2020-08-04/2020-08-04	62.318677	26.344056	466003.247	6909854.24	1
boletus_edulis	Boletus edulis	2020-07-22/2020-07-22	60.448374	24.980731	388909.2	6703050.469	1
boletus_edulis	Boletus edulis	2020-08-12/2020-08-12	62.10704	30.265197	670369.974	6890396.848	100
boletus_edulis	Boletus edulis	2021-07-20/2021-07-20	65.284369	28.367788	563809.882	7240839.469	1000
boletus_edulis	Boletus edulis	2020-10-04/2020-10-04	62.266033	25.649719	429897.076	6904548.266	1000
boletus_edulis	Boletus edulis	2021-07-30/2021-07-30	62.194854	24.78302	384639.146	6897861.91	1
boletus_edulis	Boletus edulis	2021-08-04/2021-08-04	63.563336	29.076411	603130.066	7050030.537	100
boletus_edulis	Boletus edulis	2021-08-02/2021-08-02	61.37145	23.208225	297397.851	6810049.82	100
boletus_edulis	Boletus edulis	2021-08-27/2021-08-27	63.091099	29.546998	628584.763	6998288.433	1000
boletus_edulis	Boletus edulis	2021-08-05T20:53/2021-08-05	61.658951	23.462506	312713.238	6841278.876	1
boletus_edulis	Boletus edulis	2021-08-05/2021-08-05	60.203487	22.941671	275122.631	6680989.022	1000
boletus_edulis	Boletus edulis	2021-08-06T13:34/2021-08-06T13:34	63.090072	23.106964	303504.91	7001580.794	1
boletus_edulis	Boletus edulis	2021-08-06T21:17/2021-08-06	61.658704	23.473751	313306.681	6841219.071	1
boletus_edulis	Boletus edulis	2021-08-06T20:57/2021-08-06	61.65818	23.476641	313456.423	6841152.471	1
boletus_edulis	Boletus edulis	2021-08-08/2021-08-08	62.320228	26.348105	466214.838	6910024.904	1000
boletus_edulis	Boletus edulis	2021-08-08/2021-08-08	60.976123	25.561591	422148.384	6760982.4	1
boletus_edulis	Boletus edulis	2021-08-08T16:38/2021-08-08	61.519995	23.877674	333938.799	6824687.602	1
boletus_edulis	Boletus edulis	2021-08-09/2021-08-09	65.15495	25.39343	424685.038	7226681.902	1
boletus_edulis	Boletus edulis	2021-08-09/2021-08-09	65.284369	28.367788	563809.882	7240839.469	1000
boletus_edulis	Boletus edulis	2021-08-08/2021-08-08	60.267834	23.003099	278957.757	6687938.796	1000
boletus_edulis	Boletus edulis	2021-08-10/2021-08-10	60.526659	25.116205	396610.416	6711546.233	1
boletus_edulis	Boletus edulis	2021-08-11/2021-08-11	60.536992	24.398655	357286.171	6714038.691	1000
boletus_edulis	Boletus edulis	2021-08-11/2021-08-11	62.046904	23.936175	339814.724	6883189.804	1000
boletus_edulis	Boletus edulis	2021-08-12/2021-08-12	60.525878	24.47157	361237.476	6712645.507	1000
boletus_edulis	Boletus edulis	2021-08-11/2021-08-11	62.043547	26.144231	455242.064	6879326.596	100
boletus_edulis	Boletus edulis	2021-08-12/2021-08-12	62.053846	23.943222	340219.416	6883945.148	100
boletus_edulis	Boletus edulis	2021-08-14T13:31/2021-08-14	60.177373	23.397327	300194.467	6676617.615	100
boletus_edulis	Boletus edulis	2021-08-15/2021-08-15	60.381404	25.697916	428213.528	6694597.677	1
boletus_edulis	Boletus edulis	2021-08-16/2021-08-16	59.936815	23.188014	287049.245	6650508.864	1000
boletus_edulis	Boletus edulis	2021-08-16T13:46/2021-08-16	60.380996	22.341081	243274.945	6702924.271	1
boletus_edulis	Boletus edulis	2021-08-16T20:40/2021-08-16	62.244972	25.663981	430589.021	6902186.959	1
boletus_edulis	Boletus edulis	2021-08-17/2021-08-17	59.89385	23.187573	286749.033	6645730.706	1000
boletus_edulis	Boletus edulis	2021-08-18/2021-08-18	61.220411	26.063357	449693.479	6787698.544	1000
boletus_edulis	Boletus edulis	2021-08-18/2021-08-18	65.284369	28.367788	563809.882	7240839.469	1000
boletus_edulis	Boletus edulis	2021-08-18T16:20/2021-08-18	60.394565	22.402383	246754.667	6704195.547	1
boletus_edulis	Boletus edulis	2021-08-19/2021-08-19	65.284369	28.367788	563809.882	7240839.469	1000
boletus_edulis	Boletus edulis	2021-08-19T17:29/2021-08-19T17:58	61.995926	23.65359	324756.448	6878246.58	1
boletus_edulis	Boletus edulis	2021-08-18T18:21/2021-08-18T20:28	62.629004	29.867648	647058.485	6947524.129	1
boletus_edulis	Boletus edulis	2021-08-20/2021-08-20	60.542288	24.486213	362110.656	6714441.497	1000
boletus_edulis	Boletus edulis	2021-08-20/2021-08-20	60.521485	24.50256	362919.107	6712091.509	1000
boletus_edulis	Boletus edulis	2021-08-20/2021-08-20	60.523964	24.500795	362832.746	6712371.155	1000
boletus_edulis	Boletus edulis	2021-08-21T15:33/2021-08-21T16:06	63.51462	23.532477	327523.521	7047602.116	1
boletus_edulis	Boletus edulis	2021-08-20/2021-08-20	62.512669	27.739121	538060.473	6931511.898	1000
boletus_edulis	Boletus edulis	2021-08-21/2021-08-21	62.560724	27.696883	535827.743	6936841.282	1000
boletus_edulis	Boletus edulis	2021-08-21/2021-08-21	60.525122	24.476847	361523.757	6712550.23	1000
boletus_edulis	Boletus edulis	2021-08-21/2021-08-21	66.582068	25.669023	440975.131	7385420.592	1
boletus_edulis	Boletus edulis	2021-08-24/2021-08-24	61.215184	26.062435	449635.611	6787117.07	1000
boletus_edulis	Boletus edulis	2021-08-21/2021-08-21	62.03739	23.978273	341965.191	6882027.461	1000
boletus_edulis	Boletus edulis	2021-08-24/2021-08-24	60.213593	24.682613	371593.367	6677453.096	1000
boletus_edulis	Boletus edulis	2021-08-27T16:22/2021-08-27	60.842089	23.020787	283804.737	6751758.691	1
boletus_edulis	Boletus edulis	2021-08-28T14:40/2021-08-28	60.365676	22.33113	242606.304	6701259.767	1
boletus_edulis	Boletus edulis	2021-08-28/2021-08-28	60.339346	24.614322	368316.947	6691587.161	1
boletus_edulis	Boletus edulis	2021-07-26/2021-08-30	60.899499	25.439862	415357.677	6752600.186	1000
boletus_edulis	Boletus edulis	2021-09-11/2021-09-11	64.335045	28.063177	551376.881	7134779.678	1000
boletus_edulis	Boletus edulis	2021-09-04/2021-09-04	60.529166	24.560095	366107.843	6712828.104	1000
boletus_edulis	Boletus edulis	2021-09-04T17:44/2021-09-04T18:20	60.250306	25.063485	392813.021	6680860.6	1
boletus_edulis	Boletus edulis	2021-09-04/2021-09-05	62.220259	25.808099	438025.141	6899287.967	1
boletus_edulis	Boletus edulis	2021-09-07/2021-09-07	61.191259	25.688106	429475.437	6784798.462	1000
boletus_edulis	Boletus edulis	2021-09-07T18:23/2021-09-07T18:59	61.188141	25.671451	428573.129	6784469.283	1
boletus_edulis	Boletus edulis	2021-09-08/2021-09-08	61.208295	25.742807	432452.274	6786638.048	100
boletus_edulis	Boletus edulis	2021-09-08T09:58/2021-09-08T10:44	61.21043	25.731503	431849.588	6786887.563	1
boletus_edulis	Boletus edulis	2021-09-09T15:29/2021-09-09T15:32	61.239252	25.385055	413318.235	6790507.811	100
boletus_edulis	Boletus edulis	2021-09-08/2021-09-08	61.230115	25.737333	432205.134	6789073.89	1
boletus_edulis	Boletus edulis	2021-09-10/2021-09-10	66.129186	24.716545	396904.696	7336188.574	1
boletus_edulis	Boletus edulis	2021-09-10/2021-09-10	60.192749	24.892964	383172.05	6674741.799	1000
boletus_edulis	Boletus edulis	2021-09-11/2021-09-11	60.343676	25.08562	394339.793	6691220.768	1
boletus_edulis	Boletus edulis	2021-09-11/2021-09-11	60.21992	25.135978	396729.228	6677361.806	1
boletus_edulis	Boletus edulis	2021-09-11/2021-09-11	66.314461	24.638536	394162.916	7356959.185	1
boletus_edulis	Boletus edulis	2021-09-10/2021-09-10	66.058306	24.727411	397108.625	7328274.326	1
boletus_edulis	Boletus edulis	2021-09-10/2021-09-10	61.217307	25.490113	418900.005	6787929.033	100
boletus_edulis	Boletus edulis	2021-09-15/2021-09-15	66.445082	24.782167	401114.359	7371276.265	1000
boletus_edulis	Boletus edulis	2021-09-07/2021-09-07	61.185256	25.717097	431020.67	6784098.966	1000
boletus_edulis	Boletus edulis	2021-09-18/2021-09-18	62.628338	28.493789	576619.537	6945067.867	1000
boletus_edulis	Boletus edulis	2021-09-19T16:23/2021-09-19	65.10114	25.517449	430357.308	7220543.841	1
boletus_edulis	Boletus edulis	2021-09-06/2021-09-06	62.403097	26.429605	470520.0	6919216.92	100
boletus_edulis	Boletus edulis	2021-08-28/2021-09-02	60.326028	24.729606	374627.496	6689879.745	1000
boletus_edulis	Boletus edulis	2021-08-14/2021-08-14	60.32089	24.622433	368690.398	6689516.382	1000
boletus_edulis	Boletus edulis	2021-09-10/2021-09-10	66.0594	24.72544	397023.844	7328399.439	1
boletus_edulis	Boletus edulis	2021-09-05/2021-09-05	60.088685	22.486299	249041.005	6669862.98	1
boletus_edulis	Boletus edulis	2021-09-28/2021-09-28	64.911777	25.738087	440299.297	7199217.809	1000
boletus_edulis	Boletus edulis	2021-09-28/2021-09-28	60.611001	22.123607	233204.331	6729361.292	1000
boletus_edulis	Boletus edulis	2021-09-09/2021-09-09	66.161581	24.999997	409813.753	7339360.471	1
boletus_edulis	Boletus edulis	2021-09-06/2021-09-09	60.32868	24.670195	371358.132	6690289.442	1000
boletus_edulis	Boletus edulis	2017-08-08/2017-08-08	60.870197	23.090774	287790.704	6754656.821	1000
boletus_edulis	Boletus edulis	2021-08-17/2021-08-17	62.108186	30.26634	670423.143	6890527.405	1
boletus_edulis	Boletus edulis	2021-09-22/2021-09-22	66.534794	25.827554	447905.859	7380010.724	100
boletus_edulis	Boletus edulis	2021-08-13/2021-08-13	62.327426	26.433775	470661.708	6910784.987	100
boletus_edulis	Boletus edulis	2021-08-25/2021-08-26	62.237347	27.425939	522135.667	6900694.105	1000
boletus_edulis	Boletus edulis	2021-09-07/2021-09-07	62.237347	27.425939	522135.667	6900694.105	1000
boletus_edulis	Boletus edulis	2017-08-21/2017-08-21	62.43685	28.820233	593961.944	6924170.519	1
boletus_edulis	Boletus edulis	2014-09-04/2014-09-04	60.285743	25.209523	401002.005	6684578.027	1
boletus_edulis	Boletus edulis	2017-08-11/2017-08-11	60.348526	25.209924	401213.982	6691568.024	1
boletus_edulis	Boletus edulis	2017-08-24/2017-08-24	60.329904	24.504769	362232.022	6690759.966	1
boletus_edulis	Boletus edulis	2011-08-26/2011-08-26	64.035311	23.427638	325558.299	7105840.436	1
boletus_edulis	Boletus edulis	2018-09-01/2018-09-01	65.141841	25.422163	425995.292	7225187.289	100
boletus_edulis	Boletus edulis	2017-08-29/2017-08-29	64.344128	28.050508	550747.98	7135781.584	1
boletus_edulis	Boletus edulis	2022-07-30/2022-07-30	66.58327	25.69369	442071.711	7385531.453	1
boletus_edulis	Boletus edulis	2022-08-21/2022-08-21	64.462795	28.858143	589369.765	7149894.078	1
boletus_edulis	Boletus edulis	2022-08-03/2022-08-03	59.830071	23.036738	277893.464	6639132.016	100
boletus_edulis	Boletus edulis	2022-08-15/2022-08-15	66.508125	25.654454	440151.547	7377193.513	10
boletus_edulis	Boletus edulis	2022-08-21/2022-08-21	61.20054	26.089304	451056.18	6785465.611	1000
boletus_edulis	Boletus edulis	2022-08-26/2022-08-26	65.829586	24.154412	370022.821	7303860.926	1000
boletus_edulis	Boletus edulis	2022-08-27/2022-08-27	61.000144	25.292518	407657.068	6764006.968	1
boletus_edulis	Boletus edulis	2017-09-02/2017-09-02	60.280309	25.19778	400336.293	6683990.664	1
boletus_edulis	Boletus edulis	2022-08-31T13:44/2022-08-31	62.043385	26.144327	455246.846	6879308.484	1
boletus_edulis	Boletus edulis	2022-08-30/2022-08-30	66.8706	25.8498	449584.393	7417420.458	1
boletus_edulis	Boletus edulis	2022-09-03T09:52/2022-09-03	66.502346	25.797563	446503.809	7376419.612	1
boletus_edulis	Boletus edulis	2022-09-03/2022-09-03	64.755416	26.201165	461986.304	7181436.327	1000
boletus_edulis	Boletus edulis	2022-09-06/2022-09-06	61.003516	25.211222	403271.467	6764499.8	1
boletus_edulis	Boletus edulis	2022-09-10T12:28/2022-09-10	62.58826	26.63525	481264.827	6939768.639	1
boletus_edulis	Boletus edulis	2022-09-12/2022-09-12	63.772534	26.064626	453878.521	7072005.127	1
boletus_edulis	Boletus edulis	2022-09-12/2022-09-12	60.593233	21.389081	192910.685	6730595.85	10
boletus_edulis	Boletus edulis	2022-09-19T17:26/2022-09-19T19:16	60.208165	22.953144	275789.776	6681470.305	1
boletus_edulis	Boletus edulis	2022-09-20T17:33/2022-09-20T17:58	60.448746	23.120342	286622.79	6707676.719	1
boletus_edulis	Boletus edulis	2022-09-25T16:31/2022-09-25T17:36	60.451541	23.083952	284641.489	6708106.173	1
boletus_edulis	Boletus edulis	2022-09-16/2022-09-16	63.088271	21.680592	231600.312	7006545.443	1
boletus_edulis	Boletus edulis	2022-09-20/2022-09-20	60.429616	22.515348	253236.224	6707663.975	100
boletus_edulis	Boletus edulis	2022-10-16T14:35/2022-10-16	60.646751	27.224672	512286.265	6723462.91	1
boletus_edulis	Boletus edulis	2022-10-23T17:26/2022-10-23T18:25	60.379522	23.170481	288929.984	6699814.245	1
boletus_edulis	Boletus edulis	2018-08-27/2018-08-27	67.115611	28.313494	556995.965	7444870.113	1
boletus_edulis	Boletus edulis	2022-10-24T13:30/2022-10-24	60.656998	27.122239	506682.565	6724589.426	1
boletus_edulis	Boletus edulis	2022-08-03/2022-08-03	68.057221	24.06401	377603.311	7552153.557	1000
boletus_edulis	Boletus edulis	2022-08-19/2022-08-19	65.007418	25.489756	428806.986	7210131.791	100
boletus_edulis	Boletus edulis	2017-09-10/2017-09-10	60.563483	24.740057	376111.973	6716295.965	1000
boletus_edulis	Boletus edulis	2017-09-14/2017-09-14	61.786028	29.31203	621927.984	6852512.022	1
boletus_edulis	Boletus edulis	2017-09-14/2017-09-14	62.101149	30.110964	662358.533	6889345.173	1000
boletus_edulis	Boletus edulis	2018-09-16/2018-09-16	60.16805	24.826215	379381.376	6672112.047	1000
boletus_edulis	Boletus edulis	2023-07-09/2023-07-09	61.201037	26.088494	451013.421	6785521.573	1000
boletus_edulis	Boletus edulis	2023-07-10/2023-07-10	61.011399	25.652626	427155.826	6764806.274	1
boletus_edulis	Boletus edulis	2017-09-23/2017-09-23	62.547246	30.060714	657386.016	6938877.955	1
boletus_edulis	Boletus edulis	2023-07-13T18:38/2023-07-13	62.318121	26.347633	466188.01	6909790.426	1
boletus_edulis	Boletus edulis	2023-07-25/2023-07-25	61.413439	29.176865	616189.06	6810777.963	1000
boletus_edulis	Boletus edulis	2023-07-20T11:19/2023-07-20	61.468413	23.814528	330301.465	6819109.15	1
boletus_edulis	Boletus edulis	2023-07-21/2023-07-21	61.658626	23.460769	312619.371	6841247.712	1000
boletus_edulis	Boletus edulis	2023-07-23/2023-07-23	61.659401	23.477275	313497.329	6841286.526	1000
boletus_edulis	Boletus edulis	2023-07-23/2023-07-23	61.659401	23.477275	313497.329	6841286.526	1000
boletus_edulis	Boletus edulis	2023-07-20T13:05/2023-07-20	60.728732	27.3875	521136.666	6732635.251	1
boletus_edulis	Boletus edulis	2023-07-30/2023-07-30	60.904357	25.243076	404697.59	6753411.216	1
boletus_edulis	Boletus edulis	2009-09-02/2009-09-02	62.870753	28.468026	574683.053	6972040.589	1000
boletus_edulis	Boletus edulis	2023-08-08/2023-08-08	63.090015	25.703287	434523.795	6996279.224	100
boletus_edulis	Boletus edulis	2023-08-09/2023-08-09	62.099776	25.623492	428142.021	6886058.274	1000
boletus_edulis	Boletus edulis	2023-08-03T19:24/2023-08-03T20:09	60.4738	23.088829	285056.769	6710566.36	1
boletus_edulis	Boletus edulis	2023-08-03/2023-08-03	66.52803	25.574278	436636.531	7379490.961	1
boletus_edulis	Boletus edulis	2023-08-04T18:29/2023-08-04	61.337894	23.511977	313416.852	6805410.145	10
boletus_edulis	Boletus edulis	2023-08-05T15:06/2023-08-05T16:25	60.431868	23.018466	280910.627	6706133.893	1
boletus_edulis	Boletus edulis	2023-08-05/2023-08-05	60.213593	24.682613	371593.367	6677453.096	1000
boletus_edulis	Boletus edulis	2023-08-06/2023-08-06	61.659066	23.460997	312634.099	6841296.018	1
boletus_edulis	Boletus edulis	2022-10-29/2022-10-30	59.830302	23.033883	277735.133	6639167.29	1000
boletus_edulis	Boletus edulis	2023-08-07/2023-08-07	66.618004	26.177655	463582.825	7389037.178	1
boletus_edulis	Boletus edulis	2023-08-05/2023-08-05	60.447203	23.071085	283905.622	6707665.785	1000
boletus_edulis	Boletus edulis	2023-08-09T11:25/2023-08-09	61.092985	28.198156	564611.245	6773735.94	1
boletus_edulis	Boletus edulis	2023-08-10T08:55/2023-08-10	62.043428	26.142186	455134.936	6879314.753	1
boletus_edulis	Boletus edulis	2023-08-10T16:31/2023-08-10T17:52	60.334332	23.216414	291170.799	6694640.552	1
boletus_edulis	Boletus edulis	2022-09-03/2022-09-03	60.282897	24.50457	362022.934	6685527.604	1000
boletus_edulis	Boletus edulis	2023-08-11/2023-08-11	60.296346	24.520487	362959.043	6686991.547	1000
boletus_edulis	Boletus edulis	2023-08-11/2023-08-11	60.318559	24.525797	363345.248	6689453.276	1000
boletus_edulis	Boletus edulis	2023-08-13/2023-08-17	63.114006	29.777003	640081.049	7001320.142	1
boletus_edulis	Boletus edulis	2023-08-15T14:00/2023-08-15T16:11	60.428938	23.062149	283292.874	6705663.36	1
boletus_edulis	Boletus edulis	2023-08-05/2023-08-05	63.038242	21.610269	227590.584	7001281.921	1
boletus_edulis	Boletus edulis	2023-08-17T13:42/2023-08-17T19:09	60.354848	23.563236	310419.924	6695874.621	1
boletus_edulis	Boletus edulis	2023-08-08/2023-08-08	63.037947	21.611103	227629.907	7001245.6	1
boletus_edulis	Boletus edulis	2023-08-19/2023-08-19	60.317297	24.523639	363220.817	6689317.265	1000
boletus_edulis	Boletus edulis	2023-08-11/2023-08-11	63.042672	21.596258	226925.182	7001833.729	1
boletus_edulis	Boletus edulis	2023-08-20T14:42/2023-08-20	61.468642	23.815046	330330.291	6819133.289	1
boletus_edulis	Boletus edulis	2023-08-20T13:27/2023-08-20	61.472553	23.804857	329809.154	6819595.139	1
boletus_edulis	Boletus edulis	2023-08-20T13:53/2023-08-20	61.468453	23.811403	330135.299	6819121.741	1
boletus_edulis	Boletus edulis	2023-08-20/2023-08-20	60.213593	24.682613	371593.367	6677453.096	1000
boletus_edulis	Boletus edulis	2023-08-21T14:51/2023-08-21T17:27	60.252728	22.967983	276914.507	6686376.778	1
boletus_edulis	Boletus edulis	2023-08-22T11:08/2023-08-22T11:13	60.516893	23.202933	291599.61	6714993.152	1
boletus_edulis	Boletus edulis	2023-07-18/2023-07-18	61.507462	23.871677	333553.012	6823307.948	1
boletus_edulis	Boletus edulis	2023-08-22/2023-08-22	63.1278	30.614411	682206.83	7004957.366	1000
boletus_edulis	Boletus edulis	2023-08-24T19:07/2023-08-24	60.22299	24.924968	385052.033	6678052.452	10
boletus_edulis	Boletus edulis	2023-08-26T15:01/2023-08-26	62.05457	23.942841	340203.314	6884026.677	1
boletus_edulis	Boletus edulis	2023-08-27/2023-08-27	60.213593	24.682613	371593.367	6677453.096	1000
boletus_edulis	Boletus edulis	2023-08-28/2023-08-28	66.5786	25.65922	440532.15	7385043.384	1
boletus_edulis	Boletus edulis	2023-09-04T15:07/2023-09-04T15:07	61.446848	23.045146	289200.738	6818955.045	100
boletus_edulis	Boletus edulis	2023-09-04/2023-09-04	60.59217	26.625063	479461.827	6717421.322	1000
boletus_edulis	Boletus edulis	2023-09-05/2023-09-05	61.770656	23.06152	292254.594	6854925.931	1
boletus_edulis	Boletus edulis	2023-09-05T12:17/2023-09-05T12:17	61.77124	23.060305	292194.504	6854994.787	1
boletus_edulis	Boletus edulis	2023-09-01/2023-09-01	60.317297	24.523639	363220.817	6689317.265	1000
boletus_edulis	Boletus edulis	2023-09-06T13:51/2023-09-06T14:18	60.209927	25.03622	391170.383	6676409.468	100
boletus_edulis	Boletus edulis	2023-09-08T12:28/2023-09-08T13:08	61.636017	23.193709	298343.938	6839530.411	1
boletus_edulis	Boletus edulis	2023-09-08T15:14/2023-09-08T15:15	61.406005	22.989317	285947.834	6814593.358	1
boletus_edulis	Boletus edulis	2023-09-08/2023-09-08	61.427472	23.03309	288427.408	6816838.577	1000
boletus_edulis	Boletus edulis	2023-09-09T10:00/2023-09-09	61.464082	23.811781	330131.618	6818634.271	1
boletus_edulis	Boletus edulis	2023-09-09T10:55/2023-09-09	61.466211	23.81125	330114.94	6818872.609	1
boletus_edulis	Boletus edulis	2023-09-09T17:36/2023-09-09T19:12	60.194828	25.012357	389797.571	6674767.97	1
boletus_edulis	Boletus edulis	2023-09-10/2023-09-10	61.707329	25.290841	409628.713	6842764.017	1000
boletus_edulis	Boletus edulis	2023-09-08/2023-09-08	62.200425	30.288265	671044.849	6900851.469	1
boletus_edulis	Boletus edulis	2023-09-11/2023-09-11	60.542275	24.483829	361979.874	6714445.05	1000
boletus_edulis	Boletus edulis	2023-09-16T15:39/2023-09-16T16:57	60.473312	23.088325	285025.863	6710513.721	100
boletus_edulis	Boletus edulis	2023-09-16T16:20/2023-09-16T18:41	60.018451	23.786548	320907.921	6657817.93	1000
boletus_edulis	Boletus edulis	2023-09-14/2023-09-14	60.070232	23.858483	325188.986	6663387.67	1000
boletus_edulis	Boletus edulis	2023-09-15/2023-09-15	59.989571	24.436611	356998.94	6653020.472	1000
boletus_edulis	Boletus edulis	2023-09-17T15:57/2023-09-17T16:26	60.066434	23.678288	315146.197	6663455.426	1000
boletus_edulis	Boletus edulis	2023-09-17/2023-09-17	59.993774	24.437295	357055.217	6653486.838	1000
boletus_edulis	Boletus edulis	2023-09-20T17:42/2023-09-20T18:27	59.819103	22.909158	270674.214	6638346.917	1000
boletus_edulis	Boletus edulis	2023-09-21/2023-09-21	60.270994	23.39844	300825.216	6687030.512	100
boletus_edulis	Boletus edulis	2023-09-24T15:32/2023-09-24T16:36	60.4369	24.31486	352236.033	6703081.865	1000
boletus_edulis	Boletus edulis	2023-09-25T10:18/2023-09-25T13:52	60.101402	25.054803	391844.071	6664296.02	1000
boletus_edulis	Boletus edulis	2023-09-26/2023-09-26	60.677968	24.422468	359207.66	6729680.655	1
boletus_edulis	Boletus edulis	2023-08-26/2023-08-26	60.672015	24.396221	357748.209	6729074.509	1000
boletus_edulis	Boletus edulis	2023-08-30/2023-08-30	63.08392	21.672952	231175.277	7006093.874	10
boletus_edulis	Boletus edulis	2017-09-26/2017-09-26	61.692985	24.354955	360094.991	6842823.046	1
boletus_edulis	Boletus edulis	2023-09-05/2023-09-05	63.083248	21.627447	228876.614	7006210.611	10
boletus_edulis	Boletus edulis	2023-10-08T13:28/2023-10-08T15:33	60.305284	25.1497	397755.934	6686845.072	1000
boletus_edulis	Boletus edulis	2023-09-03/2023-09-03	66.487744	25.765267	445034.949	7374820.211	1
boletus_edulis	Boletus edulis	2023-09-26T17:52/2023-10-16T12:58	60.191713	25.0008	389146.434	6674440.504	1
boletus_edulis	Boletus edulis	2023-08-14/2023-08-14	62.44314	28.8066	593238.742	6924851.328	1
boletus_edulis	Boletus edulis	2017-09-26/2017-09-26	61.713261	24.353747	360122.986	6845082.986	1
boletus_edulis	Boletus edulis	2023-08-31/2023-08-31	63.464388	23.776286	339360.873	7041376.242	100
boletus_edulis	Boletus edulis	2023-09-13/2023-09-13	60.969972	25.624732	425551.056	6760224.001	1
boletus_edulis	Boletus edulis	2019-09-01/2019-09-01	61.661651	23.473176	313294.049	6841548.662	1000
boletus_edulis	Boletus edulis	2023-08-06/2023-08-06	62.03261	26.766596	487788.019	6877834.912	100
boletus_edulis	Boletus edulis	2023-08-03/2023-08-03	61.560247	23.519499	315140.871	6830132.164	1000
boletus_edulis	Boletus edulis	2023-08-16/2023-08-16	63.051975	21.610356	227723.313	7002807.656	1
boletus_edulis	Boletus edulis	2023-08-16/2023-08-16	63.052044	21.610472	227729.808	7002814.832	1
boletus_edulis	Boletus edulis	2023-08-16/2023-08-16	63.054458	21.619497	228207.466	7003044.85	1
boletus_edulis	Boletus edulis	2023-08-16/2023-08-16	63.051892	21.609986	227703.878	7002800.002	1
boletus_edulis	Boletus edulis	2017-10-01/2017-10-01	60.188001	25.144205	397085.013	6673795.049	1
boletus_edulis	Boletus edulis	2023-09-01/2023-09-01	62.205235	24.982882	395072.463	6898678.02	1000
boletus_edulis	Boletus edulis	2023-09-08/2023-09-08	61.790228	23.127381	295855.534	6856894.659	1000
boletus_edulis	Boletus edulis	2017-09-23/2017-09-23	65.022884	25.436751	426351.346	7211915.784	100
boletus_edulis	Boletus edulis	2024-07-21/2024-07-21	60.20022	24.822834	379311.951	6675699.721	1
boletus_edulis	Boletus edulis	2024-07-31/2024-07-31	61.661237	23.463932	312802.518	6841529.155	1000
boletus_edulis	Boletus edulis	2024-08-04T19:38/2024-08-04T20:34	60.333922	23.215962	291143.249	6694596.373	1
boletus_edulis	Boletus edulis	2024-08-06/2024-08-12	60.32823	24.657203	370639.192	6690264.768	1000
boletus_edulis	Boletus edulis	2024-08-09T11:04/2024-08-09T12:00	61.538663	25.669308	429253.842	6823510.778	100
boletus_edulis	Boletus edulis	2024-08-10T08:42/2024-08-10T09:57	61.459012	25.761002	433959.701	6814543.246	1
boletus_edulis	Boletus edulis	2024-08-11/2024-08-11	60.528011	24.550848	365595.777	6712718.379	1000
boletus_edulis	Boletus edulis	2024-08-12/2024-08-12	61.785615	29.30877	621757.748	6852459.925	1
boletus_edulis	Boletus edulis	2023-08-14T15:00/2023-08-14T17:00	61.509845	23.784578	328934.495	6823798.748	100
boletus_edulis	Boletus edulis	2024-08-14T16:00/2024-08-14T19:33	62.163555	26.262885	461599.64	6892618.988	1000
boletus_edulis	Boletus edulis	2024-08-16/2024-08-16	64.928669	25.739747	440415.327	7201098.512	1000
boletus_edulis	Boletus edulis	2024-08-17T11:31/2024-08-17T14:19	61.533615	25.670302	429295.21	6822947.468	1000
boletus_edulis	Boletus edulis	2024-08-17/2024-08-17	60.354361	25.032381	391437.479	6692496.958	1
boletus_edulis	Boletus edulis	2024-08-12/2024-08-12	62.970683	21.504697	221620.793	6994227.404	1
boletus_edulis	Boletus edulis	2024-08-17/2024-08-17	61.197317	26.081054	450607.772	6785112.836	1000
boletus_edulis	Boletus edulis	2024-08-18/2024-08-18	62.255271	25.707033	432848.423	6903288.739	1
boletus_edulis	Boletus edulis	2024-08-20T14:31/2024-08-20T15:57	60.383475	23.166405	288731.118	6700267.072	1
boletus_edulis	Boletus edulis	2024-08-21T15:24/2024-08-21T17:10	60.210377	25.024037	390496.855	6676479.719	1
boletus_edulis	Boletus edulis	2024-08-18T14:41/2024-08-18T14:47	61.497026	25.666124	428989.671	6818876.849	1
boletus_edulis	Boletus edulis	2024-08-22T18:29/2024-08-22T20:31	60.041482	23.709086	316720.819	6660593.098	1000
boletus_edulis	Boletus edulis	2024-08-23/2024-08-23	61.573994	29.330083	623725.415	6828937.065	100
boletus_edulis	Boletus edulis	2024-08-22/2024-08-22	61.039609	27.220773	511925.805	6767219.296	100
boletus_edulis	Boletus edulis	2024-08-22/2024-08-22	61.089949	26.940321	496781.343	6772807.812	1000
boletus_edulis	Boletus edulis	2024-08-24/2024-08-24	61.125392	28.676253	590297.072	6777910.991	1
boletus_edulis	Boletus edulis	2024-08-23/2024-08-23	61.589873	29.359994	625249.09	6830762.254	1000
boletus_edulis	Boletus edulis	2024-08-22/2024-08-22	60.921988	27.351951	519082.166	6754149.291	100
boletus_edulis	Boletus edulis	2024-08-23/2024-08-23	61.572805	29.332777	623873.163	6828809.798	100
boletus_edulis	Boletus edulis	2024-08-24T15:25/2024-08-24T19:07	60.264332	22.795615	267468.549	6688263.01	1
boletus_edulis	Boletus edulis	2024-08-25T10:23/2024-08-25T11:39	62.480789	21.636938	223765.531	6939219.82	1
boletus_edulis	Boletus edulis	2024-08-26/2024-08-26	60.597005	24.787715	378849.447	6719939.301	1
boletus_edulis	Boletus edulis	2024-08-29T16:24/2024-08-29T17:01	62.10732	26.467174	472190.463	6886250.083	1000
boletus_edulis	Boletus edulis	2024-09-02/2024-09-02	62.091838	27.775578	540499.645	6884653.297	1000
boletus_edulis	Boletus edulis	2024-09-04/2024-09-04	61.809893	29.305127	621469.785	6855156.409	1
boletus_edulis	Boletus edulis	2024-09-05T17:59/2024-09-05T19:59	61.799596	29.332177	622935.918	6854060.726	1
boletus_edulis	Boletus edulis	2024-09-05/2024-09-05	66.48091	25.36307	427113.809	7374470.082	1
boletus_edulis	Boletus edulis	2024-09-07/2024-09-07	60.322313	24.522986	363205.747	6689877.002	100
boletus_edulis	Boletus edulis	2024-09-09/2024-09-09	62.622092	29.658309	636359.535	6946294.642	1000
boletus_edulis	Boletus edulis	2024-09-09/2024-09-09	66.461538	25.805602	446774.478	7371864.564	1000
boletus_edulis	Boletus edulis	2024-09-11/2024-09-11	63.77217	26.064937	453893.262	7071964.345	100
boletus_edulis	Boletus edulis	2024-09-13T09:52/2024-09-13T13:34	60.288705	25.191159	399995.851	6684935.533	1000
boletus_edulis	Boletus edulis	2024-09-08/2024-09-08	62.091103	29.874395	650067.891	6887656.651	1
boletus_edulis	Boletus edulis	2024-09-14T08:04/2024-09-14T09:22	60.041719	23.708709	316701.149	6660620.516	1000
boletus_edulis	Boletus edulis	2024-09-14/2024-09-14	60.393553	25.057653	392960.217	6696819.29	1
boletus_edulis	Boletus edulis	2024-09-15T13:51/2024-09-15T15:53	61.465922	23.811964	330151.384	6818838.583	1
boletus_edulis	Boletus edulis	2024-09-16T16:27/2024-09-16T19:09	60.094944	22.870806	270443.401	6669160.094	1
boletus_edulis	Boletus edulis	2024-09-26/2024-09-26	60.275707	25.795135	433357.888	6682725.235	1000
boletus_edulis	Boletus edulis	2024-09-24/2024-09-24	60.269847	24.64515	369741.695	6683788.998	1
boletus_edulis	Boletus edulis	2024-09-30T15:53/2024-09-30T17:54	60.286175	24.587261	366607.033	6685722.388	1000
boletus_edulis	Boletus edulis	2024-10-05/2024-10-05	60.996107	25.510523	419435.339	6763269.665	1
boletus_edulis	Boletus edulis	2024-10-12/2024-10-16	60.277159	25.807582	434049.214	6682874.422	100
boletus_edulis	Boletus edulis	2024-10-13T15:09/2024-10-13T17:23	61.472342	23.806064	329872.258	6819568.504	1
boletus_edulis	Boletus edulis	2024-08-12/2024-08-12	60.699692	25.034037	392677.864	6730944.357	1
boletus_edulis	Boletus edulis	2024-10-26/2024-10-26	60.98826	25.653564	427153.558	6762228.281	1
boletus_edulis	Boletus edulis	2024-10-27/2024-10-27	60.460447	25.188062	400350.521	6704062.948	1
boletus_edulis	Boletus edulis	2024-08-18T10:08/2024-08-18T11:46	60.733816	24.866093	383635.381	6735029.816	100
boletus_edulis	Boletus edulis	2024-08-17/2024-08-17	62.318565	26.354444	466541.507	6909836.348	1
boletus_edulis	Boletus edulis	2020-08-15/2020-08-15	61.559	23.519	315106.963	6829994.813	1
boletus_edulis	Boletus edulis	2020-07-15/2020-07-15	61.662724	23.469452	313103.526	6841678.757	1000
boletus_edulis	Boletus edulis	2024-08-31/2024-08-31	63.274524	21.617422	230158.903	7027509.085	1000
boletus_edulis	Boletus edulis	2024-08-21/2024-08-21	60.350113	26.039362	446986.272	6690789.761	1000
boletus_edulis	Boletus edulis	2025-06-27/2025-06-27	61.175548	23.895031	333036.472	6786305.877	1
boletus_edulis	Boletus edulis	2025-06-28/2025-08-03	60.547722	26.136942	452659.5	6712722.761	1000
boletus_edulis	Boletus edulis	2025-07-03/2025-07-03	60.254647	24.60232	367311.733	6682182.241	1
boletus_edulis	Boletus edulis	2025-07-04/2025-07-12	60.253384	24.787594	377557.435	6681683.393	1
boletus_edulis	Boletus edulis	2024-09-30/2024-09-30	59.859371	23.017273	276999.69	6642456.551	100
boletus_edulis	Boletus edulis	2025-07-14T12:57/2025-07-14T13:34	60.325176	23.53335	308598.566	6692659.404	1
boletus_edulis	Boletus edulis	2025-07-13/2025-07-13	60.393085	25.646909	425428.385	6695955.104	1000
boletus_edulis	Boletus edulis	2025-07-12/2025-07-12	61.661237	23.463932	312802.518	6841529.155	1000
boletus_edulis	Boletus edulis	2025-08-11T12:01/2025-08-11	69.649159	27.098189	503810.931	7726752.102	1
boletus_edulis	Boletus edulis	2025-08-11/2025-08-17	60.298374	24.831743	380164.89	6686611.096	1000
boletus_edulis	Boletus edulis	2025-08-14T15:13/2025-08-14T17:45	60.431799	23.019753	280980.923	6706121.934	1
boletus_edulis	Boletus edulis	2025-08-16T06:43/2025-08-16T08:59	60.504206	22.278098	240792.585	6716870.101	1
boletus_edulis	Boletus edulis	2025-08-16T10:53/2025-08-16	61.464384	23.812087	330149.557	6818667.086	1
boletus_edulis	Boletus edulis	2025-08-16/2025-08-18	69.050837	20.801188	253015.387	7672523.451	1000
boletus_edulis	Boletus edulis	2025-08-17/2025-08-17	61.020208	25.518365	419920.179	6765944.052	1
boletus_edulis	Boletus edulis	2025-08-23T09:01/2025-08-23T11:08	61.468587	23.814413	330296.289	6819128.815	1
boletus_edulis	Boletus edulis	2025-08-23/2025-08-23	61.999727	23.960812	340855.899	6877877.738	1000
boletus_edulis	Boletus edulis	2025-08-24T07:28/2025-08-24T18:13	60.404097	22.284527	240346.378	6705714.529	1
boletus_edulis	Boletus edulis	2025-08-26/2025-08-26	61.042554	25.473924	417576.52	6768487.751	1
boletus_edulis	Boletus edulis	2025-08-26T12:22/2025-08-26T15:13	60.102784	24.670313	370476.702	6665141.395	1000
boletus_edulis	Boletus edulis	2025-08-26/2025-08-26	60.111293	23.547046	308107.973	6668821.181	1
boletus_edulis	Boletus edulis	2025-08-25/2025-08-25	61.683376	23.436657	311494.656	6844071.501	100
boletus_edulis	Boletus edulis	2025-08-27/2025-08-27	59.988744	23.202667	288199.147	6656238.624	100
boletus_edulis	Boletus edulis	2025-08-29T12:12/2025-08-29	62.585377	26.640304	481522.631	6939445.99	1
boletus_edulis	Boletus edulis	2025-08-31/2025-08-31	59.89136	23.213064	288157.994	6645371.843	1000
boletus_edulis	Boletus edulis	2025-09-01/2025-09-01	60.448709	23.120882	286652.224	6707670.852	1
boletus_edulis	Boletus edulis	2025-09-04/2025-09-04	60.251047	24.605245	367459.004	6681775.6	1000
boletus_edulis	Boletus edulis	2025-09-07/2025-09-07	61.416109	29.156238	615078.558	6811038.7	100
boletus_edulis	Boletus edulis	2025-09-21/2025-09-21	64.156387	28.218342	559255.699	7115008.015	1000
boletus_edulis	Boletus edulis	2025-09-07/2025-09-07	61.575952	29.596886	637878.697	6829690.876	1000
boletus_edulis	Boletus edulis	2025-09-06T10:48/2025-09-06	61.46789	23.816201	330387.696	6819046.587	1
boletus_edulis	Boletus edulis	2025-09-09/2025-09-09	64.715615	24.534424	382520.069	7179047.095	1
boletus_edulis	Boletus edulis	2025-09-09/2025-09-09	61.090339	25.004514	392390.702	6774490.407	1000
boletus_edulis	Boletus edulis	2025-09-09/2025-09-09	63.05838	21.696365	232119.867	7003157.608	1000
boletus_edulis	Boletus edulis	2025-09-10T16:15/2025-09-10T16:39	61.201554	25.098702	397828.971	6786723.439	100
boletus_edulis	Boletus edulis	2025-09-11/2025-09-11	61.220636	25.149249	400604.904	6788770.4	100
boletus_edulis	Boletus edulis	2025-09-12T10:07/2025-09-12T15:03	61.108013	24.956539	389865.635	6776538.218	1
boletus_edulis	Boletus edulis	2025-09-13T09:34/2025-09-13T10:29	60.243116	25.20407	400571.327	6679839.945	1
boletus_edulis	Boletus edulis	2025-09-13T11:38/2025-09-13	61.46813	23.815958	330376.063	6819073.931	1
boletus_edulis	Boletus edulis	2025-09-17T10:23/2025-09-17T10:57	60.191666	25.140209	396874.947	6674209.35	1000
boletus_edulis	Boletus edulis	2025-09-26/2025-09-26	60.544134	24.482722	361927.093	6714654.319	1000
boletus_edulis	Boletus edulis	2025-09-26/2025-09-26	60.544104	24.555926	365940.938	6714499.561	1000
boletus_edulis	Boletus edulis	2025-09-26/2025-09-26	60.542938	24.554379	365851.283	6714372.91	100
boletus_edulis	Boletus edulis	2025-09-27/2025-09-27	60.4991	24.694557	373367.158	6709214.759	1000
boletus_edulis	Boletus edulis	2025-09-29T09:51/2025-09-29T13:55	60.518933	22.358965	245342.402	6718191.517	1
boletus_edulis	Boletus edulis	2025-09-30/2025-09-30	59.892484	23.220066	288556.551	6645474.491	1000
boletus_edulis	Boletus edulis	2025-09-30/2025-09-30	59.906439	23.498849	304223.369	6646169.362	1
boletus_edulis	Boletus edulis	2025-10-05/2025-10-05	61.739548	25.303171	410374.166	6846335.168	1000
boletus_edulis	Boletus edulis	2025-09-22T14:50/2025-09-22	60.652562	27.223862	512239.766	6724109.978	1
boletus_edulis	Boletus edulis	2025-09-22T11:48/2025-10-11T13:27	61.468664	23.814591	330306.185	6819136.922	1
boletus_edulis	Boletus edulis	2025-10-13/2025-10-13	59.85519	23.071058	279981.229	6641811.52	1000
boletus_edulis	Boletus edulis	2025-10-12/2025-10-12	63.772452	26.064434	453868.921	7071996.129	1
boletus_edulis	Boletus edulis	2025-11-01/2025-11-01	60.423398	22.336205	243340.979	6707657.77	100
boletus_edulis	Boletus edulis	2025-08-16/2025-08-16	68.363828	27.640636	526360.19	7583565.769	1000
boletus_edulis	Boletus edulis	2023-08-21/2023-08-21	60.193295	25.097041	394486.958	6674458.935	1
boletus_edulis	Boletus edulis	2023-09-13/2023-09-13	60.192733	25.097416	394505.944	6674395.762	1
boletus_edulis	Boletus edulis	2019-09-14/2019-09-14	62.904	27.602	530592.599	6975036.328	1
boletus_edulis	Boletus edulis	2024-07-15/2024-07-15	60.107109	22.929902	273809.42	6670309.232	1
boletus_edulis	Boletus edulis	2025-09-18/2025-09-18	62.122141	30.267838	670422.869	6892084.549	1000
boletus_edulis	Boletus edulis	2025-08-20/2025-08-20	61.54517	23.540952	316190.37	6828393.645	1000
boletus_edulis	Boletus edulis	2025-08-17/2025-08-17	61.70007	23.251145	301795.511	6846480.575	1000
boletus_edulis	Boletus edulis	2025-08-16/2025-08-16	61.660967	23.469181	313078.572	6841484.018	100
boletus_edulis	Boletus edulis	2025-07-08/2025-07-08	61.660967	23.469181	313078.572	6841484.018	100
boletus_edulis	Boletus edulis	2018-08-28/2018-08-28	62.1783	26.9688	498375.387	6894043.595	1
boletus_edulis	Boletus edulis	2025-08-24/2025-08-24	60.499085	24.997319	389993.397	6708668.801	1
boletus_edulis	Boletus edulis	2023-07-31/2023-07-31	60.994869	24.694489	375302.223	6764410.446	1
boletus_edulis	Boletus edulis	2025-08-18/2025-08-18	69.046707	20.810464	253337.466	7672027.586	1000
boletus_edulis	Boletus edulis	2024-08-18/2024-08-18	60.305561	25.20518	400821.975	6686791.187	1
boletus_edulis	Boletus edulis	2025-09-13T09:34/2025-09-13T10:29	60.243116	25.20407	400571.327	6679839.945	1
boletus_edulis	Boletus edulis	2026-07-20/2026-07-27	60.210959	24.6801	371443.85	6677164.757	1
boletus_edulis	Boletus edulis	2026-07-25/2026-07-25	60.509	22.118	232054.485	6718044.856	1
boletus_edulis	Boletus edulis	2026-08-01T17:05/2026-08-01T17:19	60.45783	23.063638	283567.126	6708872.41	1
boletus_edulis	Boletus edulis	2026-08-04/2026-08-04	62.581705	29.820889	644892.097	6942152.447	1000
boletus_edulis	Boletus edulis	2026-08-10/2026-08-10	61.022979	23.516204	311773.682	6770355.192	1
boletus_edulis	Boletus edulis	2026-08-14/2026-08-14	60.402903	25.747026	430966.362	6696939.335	1
boletus_edulis	Boletus edulis	2026-08-14/2026-08-14	61.480158	23.363846	306381.866	6821672.326	1000
boletus_edulis	Boletus edulis	2026-08-16/2026-08-16	66.500089	25.746352	444220.636	7376212.85	1
boletus_edulis	Boletus edulis	2026-08-07/2026-08-07	64.804981	25.966833	450926.077	7187120.764	1
boletus_edulis	Boletus edulis	2026-08-09/2026-08-09	64.756258	25.886907	447034.568	7181755.839	1
boletus_edulis	Boletus edulis	2026-08-24T09:50/2026-08-24T10:42	61.495947	25.684131	429945.775	6818737.192	1
boletus_edulis	Boletus edulis	2026-09-01/2026-09-01	61.00122	25.648966	426934.587	6763676.732	1
boletus_edulis	Boletus edulis	2026-09-05/2026-09-05	61.231112	25.63621	426778.505	6789294.019	1
boletus_edulis	Boletus edulis	2026-09-07/2026-09-07	60.12979	23.49964	305584.263	6671017.931	1
boletus_edulis	Boletus edulis	2026-09-11/2026-09-11	60.189997	24.66323	370426.634	6674864.157	100
boletus_edulis	Boletus edulis	2026-09-10/2026-09-10	62.388045	28.789016	592501.277	6918689.78	1
boletus_edulis	Boletus edulis	2026-09-12T09:42/2026-09-12T11:15	60.247028	25.168106	398592.676	6680330.252	1
boletus_edulis	Boletus edulis	2018-09-01/2018-09-01	60.420305	24.505547	362656.06	6700821.789	100
boletus_edulis	Boletus edulis	2017-09-16/2017-09-16	66.498498	25.784312	445905.988	7376002.15	1
boletus_edulis	Boletus edulis	2014-08-29/2014-08-29	64.403109	27.356763	517198.154	7141983.25	100
boletus_edulis	Boletus edulis	2017-08-11/2017-08-11	61.012426	25.590921	423822.628	6764990.846	1
boletus_edulis	Boletus edulis	2016-08-24/2016-08-24	60.975954	25.562473	422195.703	6760962.532	1000
boletus_edulis	Boletus edulis	2017-08-18/2017-08-18	62.687888	28.88487	596481.266	6952225.631	1000
boletus_edulis	Boletus edulis	2017-08-03/2017-08-03	62.317487	26.355801	466610.641	6909715.555	100
boletus_edulis	Boletus edulis	2017-08-04/2017-08-04	62.314248	26.357971	466719.531	6909353.606	1000
boletus_edulis	Boletus edulis	2017-08-12/2017-08-12	62.321305	26.348828	466253.515	6910144.507	1000
boletus_edulis	Boletus edulis	2017-09-16/2017-09-16	60.094612	22.818256	267522.217	6669306.999	1
boletus_edulis	Boletus edulis	2018-08-13/2018-08-13	66.58549	25.67405	441206.137	7385797.233	1
boletus_edulis	Boletus edulis	2018-08-17/2018-08-17	63.109221	29.807408	641637.355	7000854.067	1
boletus_edulis	Boletus edulis	2018-08-17/2018-08-17	63.108107	29.807893	641667.237	7000731.104	1
boletus_edulis	Boletus edulis	2018-09-05/2018-09-05	62.319208	26.355379	466590.68	6909907.496	1000
boletus_edulis	Boletus edulis	2018-08-19/2018-08-19	62.152762	25.689763	431720.552	6891888.516	1
boletus_edulis	Boletus edulis	2018-08-21/2018-08-21	60.555589	24.751814	376726.263	6715395.015	1
boletus_edulis	Boletus edulis	2018-08-23/2018-08-23	64.241871	25.002667	403163.667	7125487.326	1
boletus_edulis	Boletus edulis	2018-08-19/2018-08-19	61.450003	23.857357	332482.995	6816949.35	1
boletus_edulis	Boletus edulis	2018-08-28/2018-09-02	62.130095	23.924056	339621.177	6892479.979	1
boletus_edulis	Boletus edulis	2018-08-22/2018-08-22	65.061623	25.590006	433666.918	7216062.518	10
boletus_edulis	Boletus edulis	2018-08-23/2018-08-23	60.767679	24.905083	385881.389	6738731.71	1
boletus_edulis	Boletus edulis	2018-08-23/2018-08-23	62.036885	23.990209	342586.504	6881942.214	1000
boletus_edulis	Boletus edulis	2018-08-23/2018-08-23	64.896642	25.782189	442353.076	7197490.417	1
boletus_edulis	Boletus edulis	2018-08-24/2018-08-24	60.967466	24.446998	361801.74	6761856.283	100
boletus_edulis	Boletus edulis	2018-08-25/2018-08-25	60.739605	24.784204	379192.768	6735822.245	1000
boletus_edulis	Boletus edulis	2018-08-25/2018-08-25	60.107048	22.929326	273777.018	6670304.42	1
boletus_edulis	Boletus edulis	2018-08-26/2018-08-26	62.645279	29.289092	617334.952	6948150.433	100
boletus_edulis	Boletus edulis	2018-08-27/2018-08-27	60.750351	24.843182	382446.811	6736911.626	1000
boletus_edulis	Boletus edulis	2018-08-27T17:30/2018-08-27T18:30	60.500653	24.915092	385483.233	6708983.633	1000
boletus_edulis	Boletus edulis	2018-08-28/2018-08-28	61.514469	24.023301	341651.976	6823709.993	1
boletus_edulis	Boletus edulis	2018-08-28/2018-08-28	60.263025	24.863882	381813.24	6682617.612	1
boletus_edulis	Boletus edulis	2018-08-17/2018-08-17	62.817215	30.001547	652945.065	6968788.96	1
boletus_edulis	Boletus edulis	2018-08-28/2018-08-28	61.469666	23.594659	318603.015	6819840.743	1000
boletus_edulis	Boletus edulis	2018-08-29/2018-08-29	60.176257	24.824307	379305.644	6673029.22	1
boletus_edulis	Boletus edulis	2018-08-29/2018-08-29	64.908191	25.381755	423433.675	7199202.022	1
boletus_edulis	Boletus edulis	2018-08-29/2018-08-29	61.668543	23.297813	304061.15	6842831.284	1
boletus_edulis	Boletus edulis	2018-08-31/2018-08-31	68.892245	26.842783	493681.466	7642355.136	1000
boletus_edulis	Boletus edulis	2018-09-01/2018-09-01	60.629968	23.93911	332568.268	6725471.519	1
boletus_edulis	Boletus edulis	2018-09-01/2018-09-01	60.196556	25.107373	395070.14	6674805.547	1
boletus_edulis	Boletus edulis	2018-08-28/2018-08-28	60.390505	25.777258	432606.266	6695527.383	1000
boletus_edulis	Boletus edulis	2018-09-02/2018-09-02	60.346532	25.194503	400357.029	6691369.211	1
boletus_edulis	Boletus edulis	2018-09-02/2018-09-02	60.346421	25.181279	399626.998	6691376.914	1
boletus_edulis	Boletus edulis	2018-09-03T16:00/2018-09-03T21:00	63.671351	27.466936	523106.565	7060477.126	1000
boletus_edulis	Boletus edulis	2018-09-04/2018-09-04	60.187636	24.683469	371539.346	6674561.766	1
boletus_edulis	Boletus edulis	2018-09-07/2018-09-07	59.959276	23.737605	317856.676	6651366.688	1000
boletus_edulis	Boletus edulis	2018-09-06T17:00/2018-09-06T20:30	60.774012	23.851829	328565.366	6741727.999	1000
boletus_edulis	Boletus edulis	2018-09-05/2018-09-05	60.174582	24.822344	379190.624	6672846.332	1
boletus_edulis	Boletus edulis	2018-09-10/2018-09-10	65.135531	25.290507	419802.38	7224644.988	1
boletus_edulis	Boletus edulis	2018-09-08/2018-09-08	62.374165	30.130949	661929.998	6919784.995	1000
boletus_edulis	Boletus edulis	2018-08-21/2018-08-21	62.602745	29.754157	641365.974	6944346.888	1
boletus_edulis	Boletus edulis	2018-08-25/2018-08-25	60.837747	25.792714	434372.681	6745318.905	1000
boletus_edulis	Boletus edulis	2018-09-13/2018-09-13	62.640039	29.867384	646990.306	6948752.061	1000
boletus_edulis	Boletus edulis	2018-09-05/2018-09-05	61.402509	22.062919	236536.267	6817597.31	1000
boletus_edulis	Boletus edulis	2018-09-14/2018-09-14	62.613609	29.721913	639660.611	6945486.225	1000
boletus_edulis	Boletus edulis	2018-09-11/2018-09-13	60.670231	24.914988	386076.29	6727864.535	1
boletus_edulis	Boletus edulis	2017-08-18/2017-08-18	60.378935	26.009355	445378.632	6694024.042	1000
boletus_edulis	Boletus edulis	2018-09-17/2018-09-17	60.140585	24.367302	353803.622	6669981.681	1
boletus_edulis	Boletus edulis	2018-09-16/2018-09-16	60.266951	25.220695	401563.172	6682468.914	1000
boletus_edulis	Boletus edulis	2018-09-22/2018-09-22	62.663278	29.558078	631038.168	6950672.696	1000
boletus_edulis	Boletus edulis	2018-09-24/2018-09-24	60.195072	24.915433	384425.769	6674960.876	1
boletus_edulis	Boletus edulis	2018-09-24/2018-09-24	60.386811	26.008361	445337.027	6694901.982	1000
boletus_edulis	Boletus edulis	2018-09-16/2018-09-16	61.592361	21.900355	229528.372	6839367.633	1
boletus_edulis	Boletus edulis	2018-09-25/2018-09-25	61.701605	27.282083	514919.006	6840971.71	1
boletus_edulis	Boletus edulis	2018-09-28/2018-09-28	60.27652	22.148552	231822.032	6692076.028	1000
boletus_edulis	Boletus edulis	2018-09-10/2018-09-10	63.78375	26.07055	454188.794	7073250.553	1
boletus_edulis	Boletus edulis	2018-09-10/2018-09-10	63.80335	26.07635	454506.242	7075430.252	1
boletus_edulis	Boletus edulis	2018-09-29/2018-09-29	63.56158	29.120562	605328.821	7049906.883	1000
boletus_edulis	Boletus edulis	2017-08-18/2017-08-18	60.291991	24.67468	371461.622	6686196.249	1
boletus_edulis	Boletus edulis	2018-10-07/2018-10-07	62.558233	26.622069	480568.212	6936427.26	100
boletus_edulis	Boletus edulis	2018-10-07/2018-10-07	60.484091	22.224598	237696.62	6714845.879	1000
boletus_edulis	Boletus edulis	2018-10-06T16:00/2018-10-06T18:00	62.258148	25.707455	432876.738	6903608.768	1
boletus_edulis	Boletus edulis	2018-10-10/2018-10-10	60.492915	22.252828	239316.301	6715714.662	1000
boletus_edulis	Boletus edulis	2018-10-13/2018-10-13	59.909601	23.204578	287800.095	6647428.246	1
boletus_edulis	Boletus edulis	2018-08-28T18:30/2018-08-28T20:00	65.171817	25.230621	417106.839	7228765.221	100
boletus_edulis	Boletus edulis	2018-10-02/2018-10-02	60.297601	22.388159	245216.263	6693469.012	100
boletus_edulis	Boletus edulis	2018-08-27/2018-08-27	60.374383	25.14508	397717.208	6694545.983	1
boletus_edulis	Boletus edulis	2015-07-29/2015-07-29	61.334622	23.55774	315844.01	6804916.051	1
boletus_edulis	Boletus edulis	2014-09-06/2014-09-06	61.672077	27.315167	516684.695	6837690.47	1000
boletus_edulis	Boletus edulis	2014-09-05/2014-09-05	61.569302	27.427451	522704.017	6826275.953	1
boletus_edulis	Boletus edulis	2016-07-25/2016-07-25	62.816687	27.676504	534480.88	6965346.365	1000
boletus_edulis	Boletus edulis	2018-08-19/2018-08-19	62.195511	24.779952	384482.056	6897940.541	1
boletus_edulis	Boletus edulis	2016-08-21/2016-08-21	62.925388	27.661273	533580.189	6977448.757	100
boletus_edulis	Boletus edulis	2014-09-01/2014-09-01	62.852876	27.668452	534028.636	6969373.898	100
boletus_edulis	Boletus edulis	2014-08-30/2014-08-30	65.326741	25.385803	424817.381	7245832.476	100
boletus_edulis	Boletus edulis	2012-08-25/2012-08-25	62.854501	27.67161	534187.506	6969556.612	1000
boletus_edulis	Boletus edulis	2014-09-04/2014-09-04	62.42076	25.076149	400636.97	6922533.495	100
boletus_edulis	Boletus edulis	2011-08-23/2011-08-27	62.834495	27.495702	525250.431	6967246.531	1000
boletus_edulis	Boletus edulis	2016-09-01/2016-09-01	64.870907	25.865378	446239.185	7194549.498	1
boletus_edulis	Boletus edulis	2020-07-12/2020-07-12	60.115656	24.544207	363520.987	6666828.181	1
boletus_edulis	Boletus edulis	2022-08-11/2022-08-11	67.295663	28.192643	551367.296	7464833.619	1
boletus_edulis	Boletus edulis	2025-08-24/2025-08-24	60.549723	21.30792	188056.617	6726144.514	1
boletus_edulis	Boletus edulis	2010-09-10T12:00/2010-09-10T15:00	61.777806	23.628681	322191.57	6854039.144	1000
boletus_edulis	Boletus edulis	2011-07-06/2011-07-06	60.532809	22.121405	232437.8	6720677.78	1000
boletus_edulis	Boletus edulis	2011-07-24/2011-07-24	60.502269	22.271852	240434.611	6716679.383	1000
boletus_edulis	Boletus edulis	2011-07-22T08:55/2012-09-25T18:03	60.662751	23.609544	314739.667	6730004.419	1
boletus_edulis	Boletus edulis	2011-07-22T08:55/2012-09-25T18:03	60.662751	23.609544	314739.667	6730004.419	1
boletus_edulis	Boletus edulis	2011-08-28/2011-08-28	60.216047	24.793997	377772.715	6677514.804	100
boletus_edulis	Boletus edulis	2011-09-08/2011-09-08	60.22387	24.789536	377554.785	6678394.004	1000
boletus_edulis	Boletus edulis	2009-08-28/2009-08-28	60.482439	22.220087	237435.772	6714680.216	1000
boletus_edulis	Boletus edulis	2010-10-23/2010-10-23	60.482439	22.220087	237435.772	6714680.216	1000
boletus_edulis	Boletus edulis	2010-10-07/2010-10-07	60.491383	22.218768	237435.784	6715679.841	1000
boletus_edulis	Boletus edulis	2010-10-07/2010-10-07	60.499674	22.199315	236436.172	6716679.415	1000
boletus_edulis	Boletus edulis	2010-10-25/2010-10-25	60.491383	22.218768	237435.784	6715679.841	1000
boletus_edulis	Boletus edulis	2010-09-14/2010-09-14	64.035438	29.585544	626277.943	7103525.367	1000
boletus_edulis	Boletus edulis	2010-09-15/2010-09-15	62.044617	29.472245	629277.598	6881614.73	1000
boletus_edulis	Boletus edulis	2012-07-10/2012-07-10	60.5066	22.271314	240439.779	6717163.029	1
boletus_edulis	Boletus edulis	2012-09-02/2012-09-02	60.486173	22.228493	237927.123	6715061.821	1000
boletus_edulis	Boletus edulis	2012-10-06/2012-10-06	60.482439	22.220087	237435.772	6714680.216	1000
boletus_edulis	Boletus edulis	2012-10-31/2012-10-31	60.485038	22.225921	237776.855	6714945.887	1
boletus_edulis	Boletus edulis	2013-08-21T19:13/2013-08-21	60.662654	23.609609	314742.659	6729993.442	1
boletus_edulis	Boletus edulis	2013-08-27T16:47/2013-08-27	60.66342	23.608998	314713.696	6730080.403	1
boletus_edulis	Boletus edulis	2013-08-27T13:00/2013-08-27T15:10	60.329126	24.675022	371626.335	6690329.684	1000
boletus_edulis	Boletus edulis	2013-08-20/2013-08-20	63.178894	26.66898	483335.732	7005564.274	1000
boletus_edulis	Boletus edulis	2014-08-23/2014-08-23	60.607868	22.005663	226733.299	6729497.916	1
boletus_edulis	Boletus edulis	2014-08-24/2014-08-24	60.66251	22.403569	248905.219	6733984.173	1
boletus_edulis	Boletus edulis	2014-08-24/2014-08-24	60.678922	22.390911	248342.772	6735857.519	1000
boletus_edulis	Boletus edulis	2014-08-24T09:46/2014-08-24T11:03	60.66695	23.605477	314541.736	6730483.149	1
boletus_edulis	Boletus edulis	2014-08-30/2014-08-30	60.687332	22.363245	246900.045	6736898.996	1
boletus_edulis	Boletus edulis	2014-09-07/2014-09-07	60.537333	21.983822	224940.457	6721748.588	1000
boletus_edulis	Boletus edulis	2014-09-07/2014-09-07	60.528014	21.960771	223598.628	6720809.436	1
boletus_edulis	Boletus edulis	2014-09-13/2014-09-13	60.486145	22.228644	237935.181	6715058.106	1000
boletus_edulis	Boletus edulis	2014-09-13/2014-09-13	61.383528	26.087271	451231.719	6805848.662	1
boletus_edulis	Boletus edulis	2014-07-03/2014-07-03	60.996172	25.481031	417840.503	6763313.535	100
boletus_edulis	Boletus edulis	2015-07-28/2015-07-28	60.556719	22.121269	232627.904	6723336.361	1
boletus_edulis	Boletus edulis	2016-07-14/2016-07-14	60.507813	22.257918	239715.07	6717350.845	1
boletus_edulis	Boletus edulis	2016-07-22T09:08/2016-07-22T12:01	60.666135	23.613691	314985.553	6730369.294	1
boletus_edulis	Boletus edulis	2016-08-03T18:14/2016-08-03T20:42	60.659951	23.607166	314593.705	6729699.551	1
boletus_edulis	Boletus edulis	2016-09-09/2016-09-09	60.184546	21.326884	185591.12	6685485.625	1000
boletus_edulis	Boletus edulis	2017-08-24/2017-08-24	60.483678	22.22911	237940.825	6714781.976	1
boletus_edulis	Boletus edulis	2017-08-30/2017-08-30	60.483323	22.216428	237242.178	6714793.109	1000
boletus_edulis	Boletus edulis	2017-09-04/2017-09-04	60.483379	22.215221	237176.411	6714804.158	1000
boletus_edulis	Boletus edulis	2017-09-04/2017-09-04	60.484715	22.210618	236934.706	6714971.092	1000
boletus_edulis	Boletus edulis	2017-09-10T10:00/2017-09-10T14:00	60.835206	21.26273	188362.804	6758073.596	1000
boletus_edulis	Boletus edulis	2017-09-18/2017-09-18	60.482019	22.229268	237936.098	6714596.904	1000
boletus_edulis	Boletus edulis	2017-09-28/2017-09-28	60.478902	22.231535	238035.324	6714241.334	1000
boletus_edulis	Boletus edulis	2017-10-11/2017-10-11	60.478932	22.231549	238036.334	6714244.614	1000
boletus_edulis	Boletus edulis	2017-10-20/2017-10-20	60.482182	22.230769	238019.767	6714609.046	1
boletus_edulis	Boletus edulis	2021-09-12/2021-09-12	60.227834	23.861339	326181.971	6680919.001	1
boletus_edulis	Boletus edulis	2021-09-23/2021-09-23	60.244683	23.815368	323727.996	6682916.034	1
boletus_edulis	Boletus edulis	2021-09-24/2021-09-24	60.246752	23.820355	324014.991	6683132.966	1
boletus_edulis	Boletus edulis	2021-09-24/2021-09-24	60.24538	23.813348	323619.995	6682998.999	1
boletus_edulis	Boletus edulis	2021-09-28/2021-09-28	60.247179	23.816426	323799.939	6683190.973	1
boletus_edulis	Boletus edulis	2017-08-22/2017-08-22	61.408727	21.58538	211149.679	6820311.878	1000
boletus_edulis	Boletus edulis	2012-08-03/2012-08-03	60.347176	25.212391	401346.024	6691414.013	1
boletus_edulis	Boletus edulis	2013-08-21/2013-08-21	60.346058	25.198081	400553.018	6691311.03	1
boletus_edulis	Boletus edulis	2013-08-31/2013-08-31	61.538307	21.566623	211353.979	6834794.002	1
boletus_edulis	Boletus edulis	2013-10-02/2013-10-02	61.953758	21.405065	206768.984	6881679.018	1
boletus_edulis	Boletus edulis	2010-09-09/2010-09-09	60.277802	25.173823	399003.956	6683747.963	10
boletus_edulis	Boletus edulis	2012-07-22/2012-07-22	63.083975	29.815467	642167.022	6998060.998	1
boletus_edulis	Boletus edulis	2012-07-27/2012-07-27	63.038606	28.49329	575534.015	6990767.997	1
boletus_edulis	Boletus edulis	2012-07-27/2012-07-27	63.038319	28.492385	575488.987	6990734.963	1
boletus_edulis	Boletus edulis	2012-07-28/2012-07-28	63.038506	28.483122	575020.019	6990744.949	1
boletus_edulis	Boletus edulis	2012-07-28/2012-07-28	63.040225	28.491277	575428.022	6990945.982	1
boletus_edulis	Boletus edulis	2012-08-11/2012-08-11	63.107637	29.807526	641651.019	7000677.965	10
boletus_edulis	Boletus edulis	2012-08-22/2012-08-22	63.055918	29.89421	646281.979	6995114.004	10
boletus_edulis	Boletus edulis	2012-09-03/2012-09-03	60.060555	22.733432	262566.0	6665821.037	1
boletus_edulis	Boletus edulis	2012-09-10/2012-09-10	60.596648	23.346299	299956.019	6723421.02	1
boletus_edulis	Boletus edulis	2012-09-20/2012-09-20	60.573097	23.356065	300344.982	6720771.029	1
boletus_edulis	Boletus edulis	2016-08-19/2016-08-19	66.309054	25.129006	416120.996	7355613.041	1
boletus_edulis	Boletus edulis	2018-09-18/2018-09-18	60.47406	25.148074	398194.369	6705639.883	1000
boletus_edulis	Boletus edulis	2018-09-29/2018-09-29	60.228838	23.877283	327069.791	6680988.835	1000
boletus_edulis	Boletus edulis	2018-10-04/2018-10-04	60.313952	23.567693	310428.477	6691311.251	1000
boletus_edulis	Boletus edulis	2019-09-29/2019-09-29	60.897047	21.681076	211609.628	6763028.481	1000
boletus_edulis	Boletus edulis	2019-10-02/2019-10-02	60.878706	21.66023	210314.654	6761082.279	1000
boletus_edulis	Boletus edulis	2019-10-02/2019-10-02	60.876073	21.637275	209047.257	6760891.433	1000
boletus_edulis	Boletus edulis	2019-10-11/2019-10-11	60.921216	21.62557	208825.551	6765959.956	1000
boletus_edulis	Boletus edulis	2019-09-20/2019-09-20	60.205652	23.70159	317216.496	6678882.221	1000
boletus_edulis	Boletus edulis	2019-09-12/2019-09-12	60.241293	23.798119	322755.432	6682585.001	1000
boletus_edulis	Boletus edulis	2019-09-26/2019-09-26	60.261112	23.829801	324614.38	6684705.861	1000
boletus_edulis	Boletus edulis	2019-10-09/2019-10-09	60.283879	21.319021	186109.0	6696558.369	1000
boletus_edulis	Boletus edulis	2021-09-21/2021-09-21	64.166536	27.892191	543377.997	7115875.932	1
boletus_edulis	Boletus edulis	2021-08-19/2021-08-19	64.165882	27.887604	543156.006	7115799.941	1
boletus_edulis	Boletus edulis	2021-08-20/2021-08-20	64.140666	27.882915	542967.003	7112987.03	1
boletus_edulis	Boletus edulis	2021-08-21/2021-08-21	64.167784	27.874377	542510.019	7116002.976	1
boletus_edulis	Boletus edulis	2021-08-22/2021-08-22	64.337266	28.064155	551419.995	7135027.945	1
boletus_edulis	Boletus edulis	2014-10-15/2014-10-15	60.993143	23.446761	307843.954	6767236.99	10
boletus_edulis	Boletus edulis	2014-10-15/2014-10-15	60.992846	23.446407	307823.028	6767204.981	100
boletus_edulis	Boletus edulis	2012-08-22/2012-08-22	63.050254	29.904118	646811.023	6994506.007	10
boletus_edulis	Boletus edulis	2009-06-16/2009-06-16	60.782474	24.196042	347341.538	6741819.849	100
boletus_edulis	Boletus edulis	2009-08-08/2009-08-08	60.68618	23.847359	327852.416	6731964.687	1
boletus_edulis	Boletus edulis	2009-08-10/2009-08-10	60.358225	24.614146	368383.336	6693689.205	1
boletus_edulis	Boletus edulis	2009-08-11/2009-08-11	60.214967	24.785226	377282.83	6677410.844	1
boletus_edulis	Boletus edulis	2009-09-02/2009-09-02	60.197291	24.765064	376099.323	6675480.663	1
boletus_edulis	Boletus edulis	2010-08-29/2010-08-29	62.927981	29.706244	637385.831	6980454.944	1
boletus_edulis	Boletus edulis	2010-09-05/2010-09-05	61.095488	26.246074	459346.37	6773657.468	1000
boletus_edulis	Boletus edulis	2010-09-09/2010-09-09	61.095488	26.246074	459346.37	6773657.468	1000
boletus_edulis	Boletus edulis	2010-09-02/2010-09-02	60.409076	25.235169	402787.497	6698272.527	1
boletus_edulis	Boletus edulis	2010-08-23/2010-08-23	60.200152	23.889525	327596.829	6677764.396	1
boletus_edulis	Boletus edulis	2010-09-12/2010-09-12	60.230801	24.79414	377835.552	6679157.098	1
boletus_edulis	Boletus edulis	2010-09-16/2010-09-16	61.095488	26.246074	459346.37	6773657.468	1000
boletus_edulis	Boletus edulis	2010-09-18/2010-09-18	61.077644	26.265026	460345.962	6771658.359	1000
boletus_edulis	Boletus edulis	2010-09-20/2010-09-20	61.095488	26.246074	459346.37	6773657.468	1000
boletus_edulis	Boletus edulis	2010-09-25/2010-09-25	61.077644	26.265026	460345.962	6771658.359	1000
boletus_edulis	Boletus edulis	2010-10-07/2010-10-07	61.095488	26.246074	459346.37	6773657.468	1000
boletus_edulis	Boletus edulis	2011-09-02/2011-09-04	61.173664	25.872514	439354.277	6782653.873	1000
boletus_edulis	Boletus edulis	2011-09-16/2011-09-18	61.173664	25.872514	439354.277	6782653.873	1000
other_agaricoid	Pluteus petasatus	2024-09-13/2024-09-13	60.18103	19.53137	86290.223	6695016.036	10
other_agaricoid	Coprinopsis lagopus	2025-08-31/2025-08-31	60.31201	19.94077	110470.141	6707045.794	10
other_agaricoid	Leucoagaricus nympharum	2022-10-16/2022-10-16	60.068	20.262	125376.684	6678107.086	1
other_agaricoid	Cortinarius obtusus	2019-10-09/2019-10-09	60.283879	21.319021	186109.0	6696558.369	1000
other_agaricoid	Russula emetica	2019-10-10/2019-10-10	60.286918	21.325393	186489.619	6696865.634	1000
other_agaricoid	Marasmius epiphyllus	2019-10-09/2019-10-09	60.283879	21.319021	186109.0	6696558.369	1000
other_agaricoid	Cantharellula umbonata	2021-08-30/2021-08-30	60.536931	21.466442	196609.994	6723980.98	10
other_agaricoid	Strobilurus stephanocystis	2021-05-01/2021-05-01	60.506711	21.218799	182759.906	6721793.11	100
other_agaricoid	Hebeloma mesophaeum	2018-11-12/2018-11-12	60.594134	21.389061	192918.16	6730696.045	100
other_agaricoid	Pholiota lenta	2019-10-19/2019-10-19	60.623652	21.31919	189384.879	6734304.074	1000
other_agaricoid	Russula gracillima	2022-09-27/2022-09-27	60.593893	21.390068	192970.889	6730664.561	10
other_agaricoid	Mycena vulgaris	2019-10-19/2019-10-19	60.623652	21.31919	189384.879	6734304.074	1000
other_agaricoid	Amanita porphyria	2019-10-21/2019-10-21	60.550609	21.294918	187353.851	6726304.751	1000
other_agaricoid	Lacrymaria lacrymabunda	2022-09-22/2022-09-22	60.83558	21.25202	187785.739	6758166.139	13
other_agaricoid	Clitocybula platyphylla	2023-08-06/2023-08-06	61.06234	21.31357	193315.972	6783065.805	10
other_agaricoid	Crepidotus stenocystis	2013-09-10/2013-09-10	61.474294	21.354805	199502.99	6828640.056	1
other_agaricoid	Chlorophyllum rhacodes	2024-10-05/2024-10-05	59.88464	21.77013	207477.076	6650124.439	49
other_agaricoid	Lepista nuda	2019-10-12/2019-10-12	60.251605	21.589928	200759.195	6691711.885	1
other_agaricoid	Pseudolaccaria pachyphylla	2019-10-12/2019-10-12	60.250757	21.590509	200783.535	6691615.017	1
other_agaricoid	Baeospora myosura	2019-10-12/2019-10-12	60.250838	21.590239	200769.363	6691625.244	1
other_agaricoid	Russula farinipes	2023-09-28/2023-09-28	60.498719	21.773504	213082.294	6718355.807	100
other_agaricoid	Amanita muscaria	2021-08-29/2021-08-29	60.40508	21.84961	216438.345	6707618.697	603
other_agaricoid	Macrolepiota procera	2021-09-18/2021-09-18	60.37226	21.93126	220646.309	6703621.685	10
other_agaricoid	Russula paludosa	2023-08-04/2023-08-04	60.74542	21.75615	214323.727	6745848.949	488
other_agaricoid	Amanita muscaria	2018-08-07/2018-08-08	60.745404	21.755966	214313.576	6745847.972	1
other_agaricoid	Mycetinis scorodonius	2026-09-13/2026-09-13	60.561454	21.613916	204906.804	6726034.182	10
other_agaricoid	Mycena pura	2024-08-04/2024-08-04	60.74542	21.75615	214323.727	6745848.949	488
other_agaricoid	Russula vinosa	2025-08-16/2025-08-16	60.74435	21.75785	214406.686	6745722.629	10
other_agaricoid	Armillaria mellea	2021-09-18/2021-09-18	60.62859	21.85306	218575.855	6732445.68	10
other_agaricoid	Cortinarius mucosus	2024-09-16/2024-09-16	60.74542	21.75615	214323.727	6745848.949	488
other_agaricoid	Strobilurus stephanocystis	2020-05-08/2020-05-08	60.624952	21.734121	212049.471	6732557.042	1
other_agaricoid	Amanita submembranacea	2019-10-11/2019-10-11	60.921216	21.62557	208825.551	6765959.956	1000
other_agaricoid	Mycena pura	2019-09-29/2019-09-29	60.897047	21.681076	211609.628	6763028.481	1000
other_agaricoid	Inocybe mixtilis	2019-10-11/2019-10-11	60.924548	21.621242	208621.903	6766349.476	1000
other_agaricoid	Clitocybe phyllophila	2019-10-02/2019-10-02	60.880551	21.656202	210113.222	6761305.13	1000
other_agaricoid	Strobilurus esculentus	2019-10-02/2019-10-02	60.880551	21.656202	210113.222	6761305.13	1000
other_agaricoid	Pseudosperma rimosum	2019-10-11/2019-10-11	60.924548	21.621242	208621.903	6766349.476	1000
other_agaricoid	Laccaria laccata	2020-09-05/2020-09-05	61.22391	21.72879	217125.727	6799144.985	831
other_agaricoid	Lycoperdon umbrinum	2021-08-21/2021-08-21	61.22581	21.72611	216999.211	6799367.756	10
other_agaricoid	Lactarius trivialis	2022-09-04/2022-09-04	61.189861	21.470162	202948.399	6796510.006	1000
other_agaricoid	Leucocybe connata	2024-10-21/2024-10-21	61.12764	21.48113	202951.47	6789546.772	127
other_agaricoid	Strobilurus stephanocystis	2023-05-02/2023-05-02	61.10055	21.83468	221714.118	6784979.968	10
other_agaricoid	Hymenopellis radicata	2021-08-24/2021-08-24	61.13323	21.46204	201978.415	6790254.812	100
other_agaricoid	Sarcomyxa serotina	2025-11-08/2025-11-08	61.18509	21.63382	211682.103	6795246.318	10
other_agaricoid	Clitocybe fragrans	2021-10-17/2021-10-17	61.29328	21.82755	223029.707	6806431.143	10
other_agaricoid	Rhodocollybia butyracea	2025-09-26/2025-09-26	61.552847	21.646399	215718.365	6836058.591	1000
other_agaricoid	Pholiota cerifera	2026-09-10/2026-09-10	61.49459	21.78695	222651.056	6828977.932	37
other_agaricoid	Russula decolorans	2026-08-03/2026-08-03	61.55614	21.53399	209789.947	6836920.697	59
other_agaricoid	Tricholoma focale	2019-09-27/2019-09-27	61.565933	21.526013	209458.821	6838044.451	1000
other_agaricoid	Tricholomopsis rutilans	2013-08-31/2013-08-31	61.536312	21.56603	211303.989	6834574.949	1
other_agaricoid	Amanita muscaria	2019-09-27/2019-09-27	61.564642	21.527363	209518.27	6837894.974	1000
other_agaricoid	Clitopilus prunulus	2025-10-01/2025-10-01	61.49258	21.77753	222132.7	6828794.698	10
other_agaricoid	Amanita muscaria	2026-08-25/2026-08-25	61.89174	21.48455	210340.451	6874431.132	10
other_agaricoid	Russula alnetorum	2022-08-18/2022-08-19	61.777067	21.483681	209210.072	6861693.543	1000
other_agaricoid	Crepidotus versutus	2013-10-02/2013-10-02	61.954071	21.41231	207151.023	6881681.044	1
other_agaricoid	Psathyrella candolleana	2013-10-02/2013-10-02	61.955545	21.410491	207070.005	6881853.029	1
other_agaricoid	Amanita fulva	2021-09-05/2021-09-05	62.19949	21.58472	218455.937	6908185.748	10
other_agaricoid	Cortinarius evernius	2023-09-24/2023-09-24	62.3751	21.435092	212373.349	6928357.434	100
other_agaricoid	Kuehneromyces mutabilis	2024-10-17/2024-10-17	62.90986	21.45846	218698.921	6987670.569	10
other_agaricoid	Russula vesca	2020-09-26/2020-09-26	60.093148	22.386912	243555.811	6670741.098	100
other_agaricoid	Calathella eruciformis	2025-02-06/2025-02-06	60.29861	22.31729	241313.463	6693857.329	10
other_agaricoid	Tricholoma batschii	2026-08-15/2026-08-15	60.282	22.231	236418.313	6692352.601	1
other_agaricoid	Laccaria laccata	2024-10-05/2024-10-05	60.34838	22.22771	236771.944	6699745.616	45
other_agaricoid	Russula queletii	2018-10-02/2018-10-02	60.297601	22.388159	245216.263	6693469.012	100
other_agaricoid	Pholiota squarrosa	2025-09-27T15:13/2025-09-27	60.19986	22.259424	237330.028	6683107.083	10
other_agaricoid	Galerina pseudocerina	2009-09-30/2009-09-30	60.286313	22.266916	238435.553	6692688.998	1000
other_agaricoid	Calonarius sulfurinus	2018-10-03/2018-10-03	60.294142	22.322838	241584.301	6693338.793	100
other_agaricoid	Coprinus comatus	2024-09-16/2024-09-16	60.45447	22.29027	241063.554	6711292.439	14
other_agaricoid	Pleuroflammula tuberculosa	2020-11-07/2020-11-07	60.408858	22.270283	239601.04	6706300.132	1
other_agaricoid	Chondrostereum purpureum	2026-03-22/2026-03-22	60.45295	22.2	236094.177	6711482.16	100
other_agaricoid	Mycena galericulata	2021-08-28/2021-08-28	60.365491	22.331136	242605.174	6701239.174	1
other_agaricoid	Lactarius torminosus	2023-09-12/2023-09-12	60.40166	22.31066	241764.389	6705340.77	16
other_agaricoid	Cheimonophyllum candidissimum	2025-08-21T07:12/2025-08-21T15:15	60.428318	22.366326	245035.302	6708087.72	1
other_agaricoid	Lactarius camphoratus	2026-07-24/2026-07-24	60.491	22.297	241723.868	6715327.462	1
other_agaricoid	Psathyrella candolleana	2023-08-09/2023-08-09	60.53806	22.31125	242879.096	6720503.893	10
other_agaricoid	Cuphophyllus pratensis	2016-09-06/2016-09-06	60.369851	22.185034	234595.622	6702303.945	1
other_agaricoid	Gomphidius roseus	2023-09-18/2023-09-18	60.452386	22.338381	243689.191	6710872.334	1
other_agaricoid	Lactarius flexuosus	2009-10-03/2009-10-03	60.362005	22.118949	230892.715	6701699.955	1
other_agaricoid	Mycena rosella	2025-11-04/2025-11-04	60.36623	22.14213	232203.878	6702075.124	17
other_agaricoid	Phlegmacium triumphans	2024-09-22/2024-09-22	60.426474	22.204831	236144.688	6708519.332	1000
other_agaricoid	Russula pelargonia	2009-09-08/2009-09-08	60.4504	22.3072	241960.959	6710773.408	99
other_agaricoid	Armillaria borealis	2014-09-13/2014-09-13	60.486145	22.228644	237935.181	6715058.106	1000
other_agaricoid	Russula aeruginea	2022-08-03/2022-08-03	60.42119	22.11335	231073.468	6708302.247	128
other_agaricoid	Pholiota squarrosa	2025-10-18/2025-10-18	60.56973	22.27164	240963.13	6724180.578	641
other_agaricoid	Amanita fulva	2019-08-10/2019-08-10	60.452847	22.40552	247380.187	6710663.914	1
other_agaricoid	Lactarius helvus	2011-10-05/2011-10-05	60.523349	22.359977	245432.56	6718678.603	1000
other_agaricoid	Pleuroflammula tuberculosa	2025-09-02/2025-09-02	60.46514	22.31666	242597.335	6712375.193	12
other_agaricoid	Xeromphalina campanella	2021-08-21/2021-08-21	60.48194	22.30917	242319.51	6714272.406	100
other_agaricoid	Hypholoma fasciculare	2020-10-13/2020-10-13	60.428408	22.311599	242028.137	6708311.017	1
other_agaricoid	Amanita muscaria	2023-09-05/2023-09-05	60.471356	22.330169	243388.079	6713013.536	1
other_agaricoid	Xeromphalina cornui	2023-09-05/2023-09-05	60.471033	22.331106	243436.958	6712973.968	1
other_agaricoid	Amanita muscaria	2023-09-18/2023-09-18	60.452619	22.338728	243710.086	6710896.888	1
other_agaricoid	Russula velenovskyi	2020-10-18/2020-10-18	60.431692	22.283608	240515.961	6708786.194	1
other_agaricoid	Atheniella flavoalba	2022-10-17/2022-10-17	60.364586	22.147267	232473.227	6701871.479	100
other_agaricoid	Leucocybe connata	2022-09-30/2022-09-30	60.431512	22.309857	241957.023	6708662.96	100
other_agaricoid	Kuehneromyces mutabilis	2024-10-20/2024-10-20	60.3979	22.30311	241319.234	6704952.367	10
other_agaricoid	Langermannia gigantea	2025-03-05/2025-03-05	60.45121	22.19669	235898.271	6711302.0	10
other_agaricoid	Amanita muscaria	2012-10-23/2012-10-23	60.466688	22.123546	232009.256	6713318.53	1
other_agaricoid	Russula firmula	2022-09-25/2022-09-25	60.410843	22.269956	239598.937	6706522.118	1000
other_agaricoid	Infundibulicybe gibba	2025-09-20/2025-09-20	60.40934	22.23762	237808.751	6706483.395	100
other_agaricoid	Hygrocybe conica	2022-09-19/2022-09-19	60.45985	22.323371	242923.897	6711760.786	1
other_agaricoid	Lactarius pallidus	2019-09-12/2019-09-12	60.429621	22.159574	233683.212	6709051.513	1
other_agaricoid	Russula pseudointegra	2022-08-11/2022-08-11	60.441976	22.197693	235878.327	6710271.393	1
other_agaricoid	Cortinarius obtusus	2021-01-01/2021-01-01	60.357315	22.154062	232787.809	6701035.573	100
other_agaricoid	Entoloma lividoalbum	2026-08-11/2026-08-11	60.42454	22.26478	239424.017	6708065.433	29
other_agaricoid	Russula aeruginea	2023-09-20/2023-09-20	60.4659	22.31898	242730.719	6712450.617	100
other_agaricoid	Amanita pantherina	2025-09-28/2025-09-28	60.45279	22.30541	241881.631	6711046.157	10
other_agaricoid	Rhizocybe pruinosa	2026-04-08/2026-04-08	60.46038	22.389316	246548.992	6711563.835	1
other_agaricoid	Schizophyllum commune	2025-04-19/2025-04-19	60.45436	22.22088	237252.194	6711555.338	10
other_agaricoid	Neolentinus lepideus	2026-06-16/2026-06-16	60.46341	22.38326	246240.132	6711924.085	10
other_agaricoid	Tricholoma portentosum	2025-10-28T10:08/2025-10-28T12:50	60.468072	22.331564	243438.705	6712642.962	1
other_agaricoid	Tricholoma album	2019-09-28/2019-09-28	60.468097	22.262791	239663.785	6712915.953	1
other_agaricoid	Lycoperdon echinatum	2024-11-10/2024-11-10	60.37615	22.15455	232968.971	6703127.479	25
other_agaricoid	Chlorophyllum rhacodes	2023-08-05/2023-08-05	60.53831	22.21947	237854.092	6720894.203	100
other_agaricoid	Lycoperdon perlatum	2025-09-29/2025-09-29	60.51901	22.35269	244999.084	6718224.399	10
other_agaricoid	Amanita rubescens	2025-09-22T12:09/2025-09-22T23:30	60.452693	22.338361	243690.514	6710906.546	1
other_agaricoid	Tricholoma batschii	2025-09-14/2025-09-14	60.35481	22.22123	236466.885	6700486.394	11
other_agaricoid	Lactarius aurantiacus	2018-10-04/2018-10-04	60.486138	22.228407	237922.123	6715058.272	1000
other_agaricoid	Calocybe gambosa	2021-05-27/2021-05-27	60.478955	22.122367	232045.803	6714687.029	100
other_agaricoid	Hygrophorus hypothejus	2015-12-19/2015-12-19	60.485308	22.225444	237752.868	6714977.807	1
other_agaricoid	Amanita citrina	2020-09-29/2020-09-29	60.431269	22.159992	233719.675	6709233.031	1000
other_agaricoid	Pholiota gummosa	2017-09-20/2017-09-20	60.473799	22.105007	231050.608	6714184.712	100
other_agaricoid	Pluteus leoninus	2026-08-30/2026-08-30	60.40578	22.32742	242718.842	6705733.214	100
other_agaricoid	Gymnopus aquosus	2026-07-21/2026-07-21	60.35683	22.15594	232887.266	6700974.035	100
other_agaricoid	Lepiota oreadiformis	2019-09-22/2019-09-22	60.432151	22.284791	240584.632	6708832.562	100
other_agaricoid	Pleurotus ostreatus	2022-11-01/2022-11-01	60.44255	22.24827	238661.32	6710133.241	100
other_agaricoid	Russula vesca	2017-09-04/2017-09-04	60.484715	22.210618	236934.706	6714971.092	1000
other_agaricoid	Lactarius pallidus	2019-10-16/2019-10-16	60.429659	22.159945	233703.91	6709054.236	10
other_agaricoid	Inocybe geophylla	2019-10-27/2019-10-27	60.429102	22.312286	242071.398	6708385.485	100
other_agaricoid	Pholiota heteroclita	2020-11-01/2020-11-01	60.46093	22.31057	242229.599	6711930.956	10
other_agaricoid	Cortinarius violaceus	2023-09-22/2023-09-22	60.41022	22.27015	239604.621	6706452.085	10
other_agaricoid	Lactarius rufus	2017-09-11/2017-09-11	60.497916	22.20841	236920.639	6716447.549	1000
other_agaricoid	Fistulina hepatica	2014-09-23/2014-09-23	60.429312	22.14999	233154.019	6709055.99	1
other_agaricoid	Hygrophoropsis aurantiaca	2013-11-10/2013-11-10	60.484203	22.214201	237127.125	6714899.843	1
other_agaricoid	Neolentinus lepideus	2020-06-17/2020-06-17	60.41761	22.31835	242313.669	6707084.007	100
other_agaricoid	Lactarius flexuosus	2017-09-02/2017-09-02	60.486518	22.241198	238626.889	6715049.616	100
other_agaricoid	Chlorophyllum rhacodes	2020-09-28/2020-09-28	60.45756	22.28245	240658.782	6711666.793	10
other_agaricoid	Apioperdon pyriforme	2020-09-18/2020-09-18	60.43	22.175	234533.999	6709031.312	1
other_agaricoid	Tricholoma cingulatum	2025-10-17T15:31/2025-10-17T18:28	60.427257	22.279979	240281.125	6708307.424	1
other_agaricoid	Amanita fulva	2017-09-01/2017-09-01	60.487826	22.247054	238958.666	6715171.778	1000
other_agaricoid	Tubaria conspersa	2022-09-25/2022-09-25	60.432906	22.162862	233890.774	6709403.406	1
other_agaricoid	Lentinus brumalis	2025-04-06/2025-04-06	60.35607	22.22319	236585.018	6700618.633	10
other_agaricoid	Inocybe geophylla	2025-06-29T08:26/2025-06-29T18:50	60.428801	22.279604	240272.843	6708480.567	1
other_agaricoid	Phyllotopsis nidulans	2025-03-09/2025-03-09	60.3933	22.30053	241140.75	6704451.071	10
other_agaricoid	Lactarius semisanguifluus	2018-10-17/2018-10-17	60.428837	22.313986	242162.728	6708349.359	100
other_agaricoid	Lactarius glyciosmus	2021-09-15/2021-09-15	60.362979	22.118994	230903.23	6701808.047	1
other_agaricoid	Hygrocybe punicea	2017-10-19/2017-10-19	60.466131	22.271234	240111.499	6712663.987	1
other_agaricoid	Lactarius mammosus	2014-09-16/2014-09-16	60.656678	22.204878	238016.613	6734112.094	1000
other_agaricoid	Hygrophorus agathosmus	2013-10-12/2013-10-12	60.604714	22.299034	242740.747	6727962.539	1
other_agaricoid	Lycoperdon perlatum	2025-09-04/2025-09-04	60.60629	22.26346	240808.914	6728277.601	340
other_agaricoid	Amanita regalis	2024-08-29/2024-08-29	60.61627	22.16735	235637.772	6729770.175	162
other_agaricoid	Amanita virosa	2022-09-02/2022-09-02	60.63344	22.17824	236373.077	6731635.237	100
other_agaricoid	Cortinarius traganus	2024-08-10/2024-08-10	60.68715	22.37255	247405.959	6736842.917	10
other_agaricoid	Cantharellula umbonata	2017-09-23/2017-09-23	60.595721	22.178432	236075.355	6727441.124	1000
other_agaricoid	Russula vinosa	2025-09-05/2025-09-05	60.69388	22.00864	227623.823	6739046.511	100
other_agaricoid	Gomphidius glutinosus	2017-09-23/2017-09-23	60.595721	22.178432	236075.355	6727441.124	1000
other_agaricoid	Amanita muscaria	2013-09-15/2013-09-15	60.614718	22.261185	240752.25	6729223.607	100
other_agaricoid	Lactarius helvus	2025-09-04/2025-09-04	60.60603	22.25963	240597.49	6728263.813	10
other_agaricoid	Lycoperdon nigrescens	2014-08-24/2014-08-24	60.669195	22.415788	249623.936	6734680.833	1
other_agaricoid	Lactarius turpis	2025-09-07/2025-09-07	60.85547	22.28799	244141.703	6755885.666	19
other_agaricoid	Coprinellus micaceus	2025-10-18/2025-10-18	61.03593	22.15797	238576.103	6776462.619	10
other_agaricoid	Hypholoma lateritium	2022-10-02/2022-10-02	61.32609	22.13448	239715.307	6808814.434	19
other_agaricoid	Coprinellus disseminatus	2020-09-30/2020-10-03	61.463491	21.868706	226721.571	6825175.831	1
other_agaricoid	Pleurotus ostreatus	2021-10-03/2021-10-03	61.466126	21.847982	225642.686	6825555.822	1
other_agaricoid	Chondrostereum purpureum	2026-04-02/2026-04-02	61.59283	21.8684	227840.163	6839553.021	246
other_agaricoid	Xeromphalina campanella	2023-07-02/2023-07-02	62.982247	21.617983	227457.399	6995026.628	1
other_agaricoid	Sarcomyxa serotina	2023-02-07/2023-02-07	63.025039	21.630497	228488.271	6999729.023	1
other_agaricoid	Lentinus ciliatus	2025-06-23/2025-06-23	62.983181	21.584767	225787.066	6995271.782	1
other_agaricoid	Lentinus ciliatus	2024-06-15/2024-06-15	63.034911	21.626964	228401.893	7000841.027	1
other_agaricoid	Inocybe geophylla	2021-10-04/2021-10-04	63.092852	21.729567	234109.162	7006850.7	10
other_agaricoid	Lactarius flexuosus	2022-08-17/2022-08-17	63.12652	21.700061	232932.683	7010715.034	1
other_agaricoid	Tricholoma portentosum	2021-10-04/2021-10-04	63.092472	21.730765	234166.026	7006803.504	10
other_agaricoid	Lentinus brumalis	2021-04-21/2021-04-21	63.0539	21.8167	238147.654	7002163.221	1
other_agaricoid	Crucibulum laeve	2024-05-17/2024-05-17	63.089076	21.670999	231124.549	7006675.06	10
other_agaricoid	Lactarius mammosus	2023-09-09/2023-09-09	63.040472	21.589459	226561.563	7001618.192	10
other_agaricoid	Russula aeruginea	2019-09-24/2019-09-24	63.0872	21.6794	231530.386	7006431.403	1
other_agaricoid	Gomphidius glutinosus	2023-10-01/2023-10-01	63.049383	21.607908	227575.625	7002530.001	1
other_agaricoid	Phaeolepiota aurea	2022-09-13/2022-09-13	63.068756	21.571668	225930.272	7004837.08	1
other_agaricoid	Sarcomyxa serotina	2010-09-23/2010-09-23	63.068646	21.566027	225644.934	7004848.956	10
other_agaricoid	Macrotyphula fistulosa	2024-10-07/2024-10-07	63.057689	21.592203	226861.443	7003519.745	1
other_agaricoid	Panellus ringens	2023-12-18/2023-12-18	63.054144	21.592253	226830.72	7003125.594	1
other_agaricoid	Amanita rubescens	2021-06-23/2021-06-23	63.096982	21.645546	229915.956	7007660.55	10
other_agaricoid	Cortinarius bolaris	2022-08-27/2022-08-27	63.079404	21.687919	231887.681	7005529.386	10
other_agaricoid	Psathyrella candolleana	2021-06-24/2021-06-24	63.081976	21.627353	228860.025	7006069.652	10
other_agaricoid	Crepidotus calolepis	2020-10-20/2020-10-20	63.051087	21.745217	234516.756	7002144.142	10
other_agaricoid	Russula foetens	2026-09-03/2026-09-03	63.07663	21.65858	230383.711	7005344.001	100
other_agaricoid	Russula vesca	2021-09-25/2021-09-25	63.0889	21.771796	236200.237	7006237.202	10
other_agaricoid	Tricholomopsis rutilans	2024-08-31/2024-08-31	63.274524	21.617422	230158.903	7027509.085	1000
other_agaricoid	Tricholoma virgatum	2024-08-31/2024-08-31	63.274524	21.617422	230158.903	7027509.085	1000
other_agaricoid	Russula decolorans	2023-09-20T17:42/2023-09-20T18:27	59.819103	22.909158	270674.214	6638346.917	1000
other_agaricoid	Hygrocybe acutoconica	2009-08-23/2009-08-23	59.893003	22.900108	270676.803	6646597.728	1
other_agaricoid	Chondrostereum purpureum	2023-11-11/2023-11-11	59.81754	22.90195	270259.72	6638198.057	10
other_agaricoid	Hygrocybe conica	2024-09-28/2024-09-28	59.8134	22.90233	270252.49	6637736.273	100
other_agaricoid	Amanita rubescens	2023-09-20T17:42/2023-09-20T18:27	59.819103	22.909158	270674.214	6638346.917	1000
other_agaricoid	Tricholoma pessundatum	2019-10-10/2019-10-10	60.104478	22.914311	272925.587	6670070.102	1
other_agaricoid	Coprinellus disseminatus	2019-09-16/2019-09-16	60.099277	22.88046	271009.725	6669608.511	10
other_agaricoid	Inocybe tenuiorparietalis	2024-09-18/2024-09-18	60.095453	22.865963	270177.944	6669233.551	10
other_agaricoid	Cortinarius armeniacus	2009-09-29/2009-09-29	60.013475	22.70109	260426.884	6660701.91	1000
other_agaricoid	Lactarius citriolens	2016-07-16/2016-07-16	60.095331	22.871704	270495.974	6669200.017	1
other_agaricoid	Russula queletii	2023-09-18T12:58/2023-09-18T13:19	60.094847	22.868209	270298.475	6669158.336	1
other_agaricoid	Gymnopus confluens	2024-09-16T14:33/2024-09-16T16:16	60.094943	22.868057	270290.701	6669169.542	1
other_agaricoid	Omphalina mutila	2023-10-06/2023-10-06	60.096791	22.871949	270519.742	6669361.552	1
other_agaricoid	Cortinarius anisatus	2012-09-03/2012-09-03	60.05857	22.728221	262261.99	6665619.02	1
other_agaricoid	Amanita fulva	2020-09-26/2020-09-26	60.182768	22.578072	254839.989	6679980.012	100
other_agaricoid	Amanita fulva	2025-09-04/2025-09-04	60.4625	22.74377	266029.492	6710486.582	10
other_agaricoid	Apioperdon pyriforme	2024-10-06/2024-10-06	60.50648	22.45013	250243.294	6716457.173	18
other_agaricoid	Hygrophoropsis fuscosquamula	2019-09-28/2019-09-28	60.411384	22.908879	274743.922	6704225.256	1
other_agaricoid	Lepiota clypeolaria	2024-09-29/2024-09-29	60.50629	22.44902	250180.966	6716440.263	15
other_agaricoid	Phlegmacium triumphans	2024-09-28/2024-09-28	60.50237	22.45758	250620.203	6715971.887	49
other_agaricoid	Lycoperdon pratense	2021-08-27/2021-08-27	60.454075	22.695004	263289.981	6709724.013	100
other_agaricoid	Lactarius trivialis	2020-09-24/2020-09-24	60.422962	22.902999	274500.673	6705533.195	1
other_agaricoid	Kuehneromyces mutabilis	2024-08-19/2024-08-19	60.44064	22.58401	257092.756	6708634.417	10
other_agaricoid	Amanita muscaria	2024-09-22/2024-09-22	60.50109	22.45667	250560.454	6715833.008	10
other_agaricoid	Hypholoma capnoides	2021-10-01/2021-10-01	60.512857	22.454928	250555.451	6717148.053	100
other_agaricoid	Russula aeruginea	2020-08-01/2020-08-01	60.404843	22.461887	250107.589	6705110.985	1000
other_agaricoid	Hebeloma mesophaeum	2023-09-30/2023-09-30	60.449738	22.698246	263436.507	6709230.02	100
other_agaricoid	Lactarius mammosus	2025-09-21/2025-09-21	60.40874	22.68641	262487.127	6704713.125	10
other_agaricoid	Amanita virosa	2020-08-07T11:39/2020-08-07	60.639701	22.859432	273624.271	6729790.345	100
other_agaricoid	Cortinarius acutus	2025-09-27T10:32/2025-09-27T16:48	60.742077	22.437242	251358.431	6742703.339	1
other_agaricoid	Cortinarius trivialis	2019-09-16/2019-09-16	60.972401	22.590017	261400.263	6767748.025	1
other_agaricoid	Lactarius rufus	2025-09-06/2025-09-06	61.24967	22.5925	263615.404	6798574.172	43
other_agaricoid	Coprinus comatus	2023-09-20/2023-09-20	61.1811	22.71833	269856.669	6790498.695	10
other_agaricoid	Apioperdon pyriforme	2023-09-16/2023-09-16	61.03793	22.42563	253025.954	6775644.905	33
other_agaricoid	Amanita rubescens	2020-08-01/2020-08-01	61.4161	22.62809	266763.816	6816955.319	13
other_agaricoid	Mycetinis scorodonius	2013-10-03/2013-10-03	61.372374	22.695074	270012.247	6811854.272	5
other_agaricoid	Amanita muscaria	2019-09-21/2019-09-21	62.589887	22.414661	264633.614	6948264.1	1000
other_agaricoid	Gomphidius glutinosus	2019-09-20/2019-09-20	62.595577	22.409307	264404.236	6948916.406	1
other_agaricoid	Panaeolus acuminatus	2019-09-21/2019-09-21	62.743324	22.185201	254147.564	6966182.328	1000
other_agaricoid	Marasmius wettsteinii	2019-09-21/2019-09-21	62.68836	22.462414	267853.684	6959041.815	1
other_agaricoid	Cortinarius armillatus	2019-09-21/2019-09-21	62.744783	22.185282	254163.841	6966344.237	1
other_agaricoid	Tricholoma saponaceum	2019-09-21/2019-09-21	62.726197	22.204582	254993.841	6964204.192	100
other_agaricoid	Panellus ringens	2024-03-31/2024-03-31	62.999819	22.062744	250095.895	6995171.16	1
other_agaricoid	Cortinarius caperatus	2026-08-19/2026-08-19	62.87418	22.19247	255606.657	6980703.85	100
other_agaricoid	Amanita fulva	2022-09-25/2022-09-25	62.89017	22.22583	257432.388	6982355.431	10
other_agaricoid	Russula claroflava	2026-07-28/2026-07-28	63.01644	22.09419	251826.595	6996897.085	100
other_agaricoid	Tapinella atrotomentosa	2024-07-29/2024-07-29	63.19584	22.15121	256216.052	7016624.222	327
other_agaricoid	Entoloma pallescens	2018-07-09/2018-07-09	63.10063	22.525355	274264.028	7004667.795	1
other_agaricoid	Chroogomphus rutilus	2020-09-22/2020-09-22	63.083028	22.06528	250935.989	7004411.969	1000
other_agaricoid	Chlorophyllum olivieri	2020-10-03/2020-10-03	63.31685	22.25211	262280.068	7029700.142	10
other_agaricoid	Hygrophoropsis aurantiaca	2021-08-28/2021-08-28	63.31279	22.25017	262149.553	7029255.898	10
other_agaricoid	Russula atroglauca	2025-08-16/2025-08-18	69.050837	20.801188	253015.387	7672523.451	1000
other_agaricoid	Lactarius salicis-herbaceae	2023-08-14/2023-08-14	69.007989	20.932471	257759.213	7667242.201	1000
other_agaricoid	Cystoderma carcharias	2025-10-14/2025-10-14	59.88851	23.212328	288098.694	6645057.151	1
other_agaricoid	Hygrophorus olivaceoalbus	2020-10-25/2020-10-28	59.828936	23.032948	277673.666	6639018.485	1000
other_agaricoid	Pholiota lenta	2024-09-29/2024-09-29	59.829619	23.033478	277707.9	6639092.678	1000
other_agaricoid	Russula decolorans	2025-09-01/2025-09-01	59.909821	23.209261	288063.132	6647437.711	1000
other_agaricoid	Tricholoma fulvum	2025-09-30/2025-09-30	59.892484	23.220066	288556.551	6645474.491	1000
other_agaricoid	Russula claroflava	2025-08-31/2025-09-01	59.829721	23.035364	277814.191	6639097.694	1
other_agaricoid	Gomphidius glutinosus	2020-08-04/2020-08-04	59.854871	23.071391	279997.756	6641774.93	1000
other_agaricoid	Cystoderma carcharias	2020-10-25/2020-10-28	59.828936	23.032948	277673.666	6639018.485	1000
other_agaricoid	Strobilurus stephanocystis	2023-05-03/2023-05-03	59.873829	23.097923	281606.805	6643795.894	1
other_agaricoid	Tricholoma pessundatum	2022-10-29/2022-10-30	59.830302	23.033883	277735.133	6639167.29	1000
other_agaricoid	Russula sanguinea	2014-09-21/2014-09-21	59.826196	23.004954	276087.647	6638808.031	1
other_agaricoid	Russula aeruginea	2022-09-26/2022-09-26	59.854581	23.066254	279708.389	6641759.753	1000
other_agaricoid	Cortinarius collinitus	2020-08-03/2020-08-03	59.910774	23.208481	288025.633	6647546.226	1000
other_agaricoid	Panellus mitis	2019-11-01/2019-11-03	59.829159	23.032329	277640.49	6639045.368	1000
other_agaricoid	Amanita coryli	2025-08-26/2025-08-26	60.01138	23.097543	282488.962	6659098.032	1
other_agaricoid	Infundibulicybe gibba	2023-08-05/2023-08-05	59.95805	23.08574	281480.139	6653204.634	100
other_agaricoid	Cystoderma carcharias	2018-09-23/2018-09-23	60.014443	23.096749	282464.877	6659441.368	1000
other_agaricoid	Cortinarius armeniacus	2018-09-23/2018-09-23	60.014443	23.096749	282464.877	6659441.368	1000
other_agaricoid	Cystoderma carcharias	2021-10-09/2021-10-09	59.97734	23.361783	296998.082	6654470.851	1
other_agaricoid	Lactarius rufus	2018-09-23/2018-09-23	60.014443	23.096749	282464.877	6659441.368	1000
other_agaricoid	Entoloma vernum	2015-05-25/2015-05-25	60.33794	23.214494	291087.984	6695048.026	1
other_agaricoid	Tricholoma fulvum	2024-10-25T17:42/2024-10-25T17:42	60.378349	23.161169	288409.52	6699713.632	1
other_agaricoid	Lactarius flexuosus	2026-08-05/2026-08-05	60.338211	23.213285	291023.046	6695082.009	100
other_agaricoid	Marasmius wettsteinii	2019-08-12/2019-08-12	60.370749	23.191099	290009.035	6698772.366	1
other_agaricoid	Tricholoma apium	2026-08-24T13:42/2026-08-24T18:10	60.20801	22.944357	275302.296	6681482.962	1
other_agaricoid	Amanita citrina	2023-09-10/2023-09-10	60.17707	23.2766	293501.694	6676955.525	100
other_agaricoid	Lactarius torminosus	2019-09-05/2019-09-05	60.335881	23.207506	290689.428	6694841.142	100
other_agaricoid	Cortinarius evernius	2019-07-13/2019-07-13	60.29212	23.3433	297908.389	6689548.764	1
other_agaricoid	Lactarius hysginus	2025-09-22T16:31/2025-09-22T16:48	60.3348	23.213235	290998.464	6694702.696	100
other_agaricoid	Hygrocybe coccinea	2020-11-01/2020-11-01	60.20561	23.12936	285528.375	6680600.204	100
other_agaricoid	Cortinarius alboviolaceus	2023-08-23T18:28/2023-08-23T20:03	60.333385	23.218456	291277.369	6694528.729	1
other_agaricoid	Inocybe pseudoteraturgus	2023-08-25T14:42/2023-08-25T15:52	60.334808	23.212687	290968.292	6694705.325	1
other_agaricoid	Hypholoma elongatum	2017-09-12/2017-09-12	60.240109	23.06129	281988.952	6684661.038	1
other_agaricoid	Tricholomopsis rutilans	2021-10-04T18:40/2021-10-04	60.474321	23.085793	284893.506	6710634.239	1
other_agaricoid	Cortinarius cinnamomeus	2021-08-28/2021-08-28	60.556476	23.052974	283640.292	6719880.908	1000
other_agaricoid	Cystoderma amianthinum	2023-08-19T13:35/2023-08-19T18:41	60.432105	23.076868	284123.249	6705967.294	1
other_agaricoid	Gymnopus confluens	2025-08-12T17:58/2025-08-12T18:19	60.396319	23.14994	287908.033	6701748.841	1
other_agaricoid	Laccaria laccata	2012-10-01/2012-10-01	60.57919	23.338627	299427.992	6721502.021	1
other_agaricoid	Russula azurea	2019-09-02/2019-09-02	60.445196	23.075652	284143.286	6707427.538	1
other_agaricoid	Lactarius rufus	2023-08-05/2023-08-05	60.447203	23.071085	283905.622	6707665.785	1000
other_agaricoid	Cortinarius hinnuleus	2025-10-07T16:42/2025-10-07T17:51	60.383653	23.160718	288419.104	6700305.131	1
other_agaricoid	Hygrophorus erubescens	2021-09-18T13:01/2021-09-18	60.444896	23.078322	284288.04	6707385.412	1000
other_agaricoid	Mycena laevigata	2018-08-30/2018-08-30	60.404658	23.206762	291089.36	6702494.886	1
other_agaricoid	Pleurotus ostreatus	2023-10-05T14:47/2023-10-05T14:47	60.396093	23.150346	287928.91	6701722.392	1
other_agaricoid	Cortinarius glandicolor	2021-10-01/2021-10-01	60.438895	23.057969	283129.415	6706784.742	1000
other_agaricoid	Entoloma araneosum	2020-09-14/2020-09-14	60.43971	23.040378	282167.896	6706933.492	100
other_agaricoid	Cystoderma amianthinum	2022-09-23T16:32/2022-09-23T18:33	60.473364	23.089364	285083.262	6710516.111	1
other_agaricoid	Phaeocollybia christinae	2013-09-12/2013-09-12	60.4287	23.0625	283310.59	6705635.73	9
other_agaricoid	Russula vesca	2019-09-11/2019-09-11	60.416432	22.915207	275126.907	6704765.107	1
other_agaricoid	Hygrocybe cantharellus	2023-09-01/2023-09-01	60.459089	23.119132	286624.198	6708831.24	1000
other_agaricoid	Macrolepiota procera	2023-08-10/2023-08-10	60.81064	23.29764	298637.361	6747378.496	100
other_agaricoid	Amanita muscaria	2025-09-10/2025-09-10	60.84683	23.04751	285287.236	6752198.264	10
other_agaricoid	Mycena galericulata	2019-09-13/2019-09-13	60.983284	23.185168	293643.984	6766936.152	1
other_agaricoid	Russula foetens	2018-09-25/2018-09-25	60.84755	23.042884	285040.984	6752293.518	1
other_agaricoid	Xeromphalina campanella	2019-08-17/2019-08-17	60.930318	23.123877	289982.19	6761238.465	1
other_agaricoid	Russula decolorans	2024-08-21/2024-08-21	60.84677	23.04761	285292.261	6752191.262	10
other_agaricoid	Lactarius tabidus	2024-08-16/2024-08-16	60.86964	22.97528	281522.751	6754974.322	10
other_agaricoid	Amanita virosa	2024-08-21/2024-08-21	60.84613	23.04907	285367.213	6752115.285	10
other_agaricoid	Phlegmacium triumphans	2018-09-29/2018-09-29	60.899359	22.860941	275530.593	6758666.509	1
other_agaricoid	Gymnopilus picreus	2013-09-30/2013-09-30	61.081098	22.927918	280418.255	6778654.679	1000
other_agaricoid	Russula velenovskyi	2022-08-03/2022-08-03	61.360181	23.06901	289889.915	6809236.482	100
other_agaricoid	Lycoperdon perlatum	2018-08-25/2018-08-25	61.448776	22.925172	282825.156	6819563.399	1
other_agaricoid	Stropharia caerulea	2023-10-16/2023-10-16	61.382702	23.063164	289729.056	6811760.748	1000
other_agaricoid	Calocybe carnea	2023-09-08/2023-09-08	61.427472	23.03309	288427.408	6816838.577	1000
other_agaricoid	Volvopluteus gloiocephalus	2016-07-23/2016-07-23	61.382847	23.064792	289816.909	6811771.631	1
other_agaricoid	Tricholoma fulvum	2023-09-08/2023-09-08	61.418197	23.012564	287270.465	6815873.565	100
other_agaricoid	Pholiota lenta	2024-10-14/2024-10-14	61.395988	23.040708	288620.494	6813311.377	1
other_agaricoid	Hypholoma capnoides	2016-10-21/2016-10-21	61.387457	23.042116	288637.954	6812357.766	1000
other_agaricoid	Russula aeruginea	2025-07-13/2025-07-13	61.3779	22.93772	283001.639	6811637.447	100
other_agaricoid	Xeromphalina campanella	2024-06-13/2024-06-13	61.402353	23.243925	299502.045	6813377.77	100
other_agaricoid	Hygrocybe ceracea	2024-09-13/2024-09-13	61.353611	22.942016	283062.675	6808921.269	1
other_agaricoid	Lepiota clypeolaria	2019-09-06/2019-09-06	61.64787	23.170945	297216.564	6840919.916	1000
other_agaricoid	Amanita muscaria	2020-08-02/2020-08-02	61.59104	22.99163	287338.761	6835169.832	100
other_agaricoid	Lactarius tabidus	2023-09-06/2023-09-06	61.795247	22.974305	287828.004	6857943.465	1000
other_agaricoid	Lactarius musteus	2023-09-05/2023-09-05	61.782701	23.001575	289177.986	6856458.998	1000
other_agaricoid	Cortinarius camphoratus	2023-09-06/2023-09-06	61.749401	23.10744	294532.939	6852415.264	100
other_agaricoid	Cortinarius stillatitius	2023-09-05/2023-09-05	61.790339	23.010722	289712.059	6857279.066	1000
other_agaricoid	Bolbitius titubans	2023-09-05/2023-09-05	61.770916	23.060796	292218.193	6854957.171	1
other_agaricoid	Gymnopus androsaceus	2022-09-17/2022-09-17	61.96529	23.01765	291271.943	6876719.844	100
other_agaricoid	Hygrocybe conica	2026-08-02/2026-08-02	61.96501	23.01886	291333.393	6876684.801	100
other_agaricoid	Hygrocybe ceracea	2024-10-27/2024-10-27	62.0182	22.96884	289082.225	6882763.926	534
other_agaricoid	Lepiota magnispora	2020-09-17/2020-09-17	62.75275	22.64267	277550.201	6965567.034	71
other_agaricoid	Laccaria laccata	2024-07-28/2024-07-28	62.77716	22.87083	289360.438	6967514.997	100
other_agaricoid	Lycoperdon excipuliforme	2025-09-10/2025-09-10	62.7421	22.86127	288622.33	6963646.088	100
other_agaricoid	Cortinarius anomalus	2019-08-17/2019-08-17	62.95882	22.96933	295647.695	6987406.962	1
other_agaricoid	Amanita fulva	2026-07-22/2026-07-22	63.487344	22.717691	286833.481	7047022.514	1000
other_agaricoid	Lycoperdon excipuliforme	2026-09-14/2026-09-14	63.71213	22.71896	288573.169	7072023.091	10
other_agaricoid	Russula vinosa	2023-09-09/2023-09-09	63.670381	22.750136	289801.758	7067276.019	100
other_agaricoid	Amanita fulva	2024-08-23/2024-08-23	63.95007	22.84532	296532.689	7098081.956	10
other_agaricoid	Armillaria borealis	2020-09-27/2020-09-27	59.90434	23.72778	317005.961	6645280.719	24
other_agaricoid	Amanita citrina	2020-09-27/2020-09-27	59.90451	23.7256	316885.05	6645305.665	16
other_agaricoid	Neolentinus lepideus	2023-07-05/2023-07-05	59.96622	23.43347	300928.636	6653015.755	10
other_agaricoid	Lactarius helvus	2024-09-05/2024-09-05	59.96556	23.43194	300839.327	6652946.93	100
other_agaricoid	Paralepista gilva	2026-09-12/2026-09-12	59.991589	23.64727	312998.375	6655214.402	1
other_agaricoid	Tricholoma equestre	2023-10-10/2023-10-10	60.07184	23.68747	315687.064	6664031.329	24
other_agaricoid	Cuphophyllus pratensis	2020-11-24/2020-11-24	60.070664	23.684062	315490.975	6663909.981	1
other_agaricoid	Lactarius pyrogalus	2019-10-02/2019-10-02	60.12401	23.53473	307498.244	6670272.012	10
other_agaricoid	Entoloma araneosum	2026-09-12/2026-09-12	59.993053	23.650702	313197.945	6655367.604	1
other_agaricoid	Cuphophyllus virgineus	2015-09-19/2015-09-19	60.076303	23.665045	314465.098	6664590.711	1
other_agaricoid	Psathyrella spintrigeroides	2015-09-19/2015-09-19	60.103639	23.485763	304659.067	6668149.201	100
other_agaricoid	Tapinella atrotomentosa	2024-08-13T17:26/2024-08-13T18:15	60.042217	23.709728	316760.628	6660673.106	1000
other_agaricoid	Lactarius torminosus	2023-10-01T10:18/2023-10-01T11:51	60.038236	23.72329	317493.525	6660192.591	1000
other_agaricoid	Cantharellula umbonata	2023-11-17/2023-11-17	59.95128	23.72831	317293.978	6650502.552	11
other_agaricoid	Amanita muscaria	2023-09-16T16:20/2023-09-16T18:41	60.018451	23.786548	320907.921	6657817.93	1000
other_agaricoid	Schizophyllum commune	2021-12-17/2021-12-17	60.123758	23.416959	300958.57	6670593.121	100
other_agaricoid	Thaxterogaster talus	2025-10-02/2025-10-02	59.943998	23.509586	305043.967	6650316.595	1000
other_agaricoid	Tricholomopsis rutilans	2020-09-02/2020-09-02	60.354804	23.564167	310470.993	6695867.047	100
other_agaricoid	Amanita battarrae	2021-09-29/2021-09-29	60.244874	23.810234	323445.002	6682951.019	1
other_agaricoid	Hygrophorus erubescens	2021-10-02/2021-10-02	60.24122	23.810229	323425.052	6682544.4	1
other_agaricoid	Coprinellus micaceus	2015-09-30/2015-09-30	60.24691	23.476658	305004.791	6684117.099	1000
other_agaricoid	Russula chloroides	2021-09-23/2021-09-23	60.240429	23.807377	323262.996	6682464.012	1
other_agaricoid	Gomphidius glutinosus	2022-09-17/2022-09-17	60.37439	23.809095	324080.028	6697367.251	1000
other_agaricoid	Russula vinosa	2019-09-26/2019-09-26	60.261112	23.829801	324614.38	6684705.861	1000
other_agaricoid	Armillaria lutea	2021-09-23/2021-09-23	60.244526	23.815564	323737.995	6682898.038	1
other_agaricoid	Lactarius tabidus	2021-09-24/2021-09-24	60.245295	23.816158	323774.989	6682982.029	1
other_agaricoid	Lycoperdon umbrinum	2016-07-27/2016-07-27	60.247465	23.475678	304953.89	6684181.749	1
other_agaricoid	Chondrostereum purpureum	2021-10-03/2021-10-03	60.247286	23.479201	305147.675	6684151.42	1
other_agaricoid	Phyllotopsis nidulans	2022-04-16/2022-04-16	60.27864	23.82943	324687.694	6686657.462	22
other_agaricoid	Agaricus sylvaticus	2019-09-20/2019-09-20	60.205652	23.70159	317216.496	6678882.221	1000
other_agaricoid	Cyathus striatus	2021-10-03T09:50/2021-10-03T11:45	60.245936	23.477066	305021.564	6684007.521	1
other_agaricoid	Cortinarius anomalus	2019-09-27/2019-09-27	60.197891	23.664211	315102.613	6678122.738	1000
other_agaricoid	Cystodermella adnatifolia	2015-09-30/2015-09-30	60.24691	23.476658	305004.791	6684117.099	1000
other_agaricoid	Hypholoma lateritium	2021-10-03/2021-10-03	60.35	23.417	302329.112	6695764.956	1
other_agaricoid	Hygrophorus agathosmus	2024-10-07/2024-10-07	60.30992	23.563406	310168.439	6690874.944	1
other_agaricoid	Hemimycena gracilis	2022-06-16/2022-06-16	60.511	23.675132	317466.8	6712934.303	1
other_agaricoid	Russula graveolens	2024-07-29/2024-07-29	60.595504	23.656648	316931.008	6722389.256	1
other_agaricoid	Russula subfoetens	2023-08-03/2023-08-03	60.595546	23.656046	316898.302	6722395.606	100
other_agaricoid	Panellus mitis	2011-10-11T14:27/2012-10-03T10:53	60.663573	23.614363	315007.543	6730082.308	1
other_agaricoid	Phyllotopsis nidulans	2022-10-13/2022-10-13	60.79437	23.63323	316784.752	6744584.36	188
other_agaricoid	Sphagnurus paluster	2022-10-21/2022-10-21	60.7308	23.60892	315096.874	6737578.521	100
other_agaricoid	Lycoperdon perlatum	2024-08-18/2024-08-18	60.73545	23.58504	313822.524	6738163.459	261
other_agaricoid	Mycena plumipes	2017-07-05T16:50/2017-07-05T22:10	60.672319	23.608171	314719.702	6731072.994	1
other_agaricoid	Atheniella flavoalba	2011-09-02T11:15/2012-09-30T16:49	60.665222	23.613824	314987.575	6730267.323	1
other_agaricoid	Inocybe geophylla	2011-09-11T10:14/2012-09-25T17:21	60.66166	23.611933	314863.861	6729876.28	100
other_agaricoid	Tricholomopsis rutilans	2010-09-30T13:39/2010-09-30	60.663224	23.612277	314891.628	6730049.348	1
other_agaricoid	Flammulina velutipes	2013-10-21T16:41/2013-10-21T16:52	60.662138	23.604172	314442.782	6729951.369	1
other_agaricoid	Cortinarius collinitus	2010-08-29/2010-08-29	60.670912	23.613629	315009.59	6730901.042	1
other_agaricoid	Cuphophyllus pratensis	2015-08-09T17:05/2015-08-10T11:38	60.676482	23.605168	314579.72	6731544.717	1
other_agaricoid	Pholiota squarrosa	2025-09-06/2025-09-06	60.65214	23.34708	300342.235	6729592.724	15
other_agaricoid	Mycena pura	2021-08-16/2021-08-16	61.04166	23.46742	309251.959	6772575.141	91
other_agaricoid	Inocybe geophylla	2020-09-26/2020-09-26	61.000902	23.438129	307424.463	6768125.701	1000
other_agaricoid	Inocybe cincinnata	2020-09-26/2020-09-26	60.999694	23.437313	307373.056	6767993.687	1000
other_agaricoid	Macrolepiota procera	2020-09-26/2020-09-26	60.992	23.45	308012.097	6767100.305	1
other_agaricoid	Galerina marginata	2023-10-08/2023-10-08	61.0498	23.44474	308077.386	6773547.206	313
other_agaricoid	Phlegmacium triumphans	2020-09-26/2020-09-26	60.994	23.444	307699.926	6767340.455	1
other_agaricoid	Cystoderma carcharias	2014-10-15/2014-10-15	60.992846	23.446407	307823.028	6767204.981	100
other_agaricoid	Clitopilus prunulus	2020-09-27/2020-09-27	61.002776	23.420736	306496.151	6768385.506	1
other_agaricoid	Armillaria borealis	2021-08-22/2021-08-22	61.33952	23.70871	323943.284	6805044.498	10
other_agaricoid	Coprinus comatus	2023-10-06/2023-10-06	61.480829	23.517025	314536.749	6821301.486	1
other_agaricoid	Mycena epipterygia	2009-09-11/2009-09-11	61.460019	23.407062	308557.757	6819303.763	1000
other_agaricoid	Mycena zephirus	2022-10-08/2022-10-08	61.49493	23.60218	319150.065	6822631.362	34
other_agaricoid	Infundibulicybe gibba	2020-08-06/2020-08-06	61.468215	23.380359	307186.652	6820294.462	1000
other_agaricoid	Lentinellus ursinus	2024-08-26/2024-08-26	61.510348	23.63703	321092.41	6824250.982	1
other_agaricoid	Lactarius turpis	2023-09-09/2023-09-09	61.49853	23.63214	320764.408	6822949.218	32
other_agaricoid	Cuphophyllus virgineus	2024-09-21/2024-09-21	61.467	23.467	311791.343	6819906.017	1
other_agaricoid	Leucocybe connata	2024-10-26/2024-10-26	61.480408	23.585326	318168.851	6821062.173	1
other_agaricoid	Russula aeruginea	2026-08-02/2026-08-02	61.49664	23.594199	318735.499	6822843.835	1000
other_agaricoid	Lactarius spinosulus	2024-09-21/2024-09-21	61.467	23.465	311684.873	6819911.794	1
other_agaricoid	Russula delica	2025-10-15/2025-10-15	61.48375	23.554529	316549.66	6821520.391	100
other_agaricoid	Amanita muscaria	2020-09-19/2020-09-19	61.46591	23.53167	315227.648	6819599.692	100
other_agaricoid	Russula azurea	2025-08-21/2025-08-21	61.491514	23.296678	302879.852	6823137.263	1
other_agaricoid	Amanita battarrae	2020-08-01/2020-08-01	61.301887	23.446645	309706.201	6801592.034	1
other_agaricoid	Pholiota lenta	2020-11-18/2020-11-18	61.470096	23.372648	306787.853	6820526.599	1
other_agaricoid	Lentinus conchatus	2025-09-17/2025-09-17	61.29404	23.37476	305810.746	6800930.569	100
other_agaricoid	Agaricus arvensis	2023-08-08/2023-08-08	61.47054	23.69114	323744.186	6819673.309	15
other_agaricoid	Chondrostereum purpureum	2025-11-25/2025-11-25	61.46646	23.53216	315256.994	6819659.508	100
other_agaricoid	Coprinus comatus	2025-09-07/2025-09-07	61.50594	23.66654	322636.237	6823679.741	50
other_agaricoid	Psathyrella candolleana	2019-09-11/2019-09-11	61.466811	23.46125	311484.1	6819901.603	1000
other_agaricoid	Infundibulicybe gibba	2017-08-03/2017-08-03	61.4169	23.3593	305746.585	6814647.14	1
other_agaricoid	Cortinarius caperatus	2024-08-03/2024-08-03	61.313176	23.396025	307066.652	6802996.779	1
other_agaricoid	Cyathus striatus	2020-05-28/2020-05-28	61.726152	23.609995	320906.71	6848341.872	20
other_agaricoid	Russula integra	2025-08-11/2025-08-11	61.57396	23.66539	322962.854	6831252.848	100
other_agaricoid	Cortinarius traganus	2026-08-28/2026-08-28	61.54543	23.58316	318433.309	6828304.192	10
other_agaricoid	Mycena pura	2018-09-22/2018-09-22	61.581627	23.429281	310483.048	6832770.652	1000
other_agaricoid	Entoloma vernum	2025-04-21/2025-04-21	61.560118	23.5148	314890.694	6830131.156	1000
other_agaricoid	Lactarius rufus	2018-09-23/2018-09-23	61.545642	23.551938	316776.549	6828415.217	1000
other_agaricoid	Aspropaxillus giganteus	2023-08-26/2023-08-26	61.52812	23.69693	324377.439	6826065.856	42
other_agaricoid	Marasmius oreades	2018-08-29/2018-08-29	61.668543	23.297813	304061.15	6842831.284	1
other_agaricoid	Gomphidius roseus	2020-08-09/2020-08-09	61.56	23.516	314953.683	6830114.615	1
other_agaricoid	Meottomyces dissimulans	2020-02-19/2020-02-19	61.661651	23.473176	313294.049	6841548.662	1000
other_agaricoid	Kuehneromyces mutabilis	2023-08-23/2023-08-23	61.582	23.429	310470.422	6832812.976	1
other_agaricoid	Cortinarius spilomeus	2023-09-04/2023-09-04	61.569707	23.474676	312818.858	6831312.914	1000
other_agaricoid	Gomphidius glutinosus	2025-08-29/2025-08-29	61.660967	23.469181	313078.572	6841484.018	100
other_agaricoid	Amanita muscaria	2023-08-15/2023-08-15	61.55202	23.67333	323259.331	6828789.558	100
other_agaricoid	Amanita muscaria	2022-10-01/2022-10-01	61.56854	23.66796	323068.33	6830642.667	16
other_agaricoid	Tricholoma stans	2019-09-29/2019-09-29	61.663	23.47	313134.183	6841707.896	1
other_agaricoid	Strobilurus esculentus	2020-02-28/2020-02-28	61.659585	23.468297	313023.452	6841332.77	1000
other_agaricoid	Inocybe lilacina	2019-09-09/2019-09-09	61.546879	23.545322	316432.527	6828571.503	1000
other_agaricoid	Lactarius aurantiacus	2017-09-23/2017-09-23	61.645	23.433	311067.03	6839811.746	1
other_agaricoid	Pluteus leoninus	2026-07-01/2026-07-01	61.661281	23.472493	313255.683	6841509.449	1000
other_agaricoid	Lycoperdon perlatum	2017-09-10/2017-09-10	61.661066	23.470947	313172.597	6841489.962	1
other_agaricoid	Cortinarius trivialis	2019-08-31/2019-08-31	61.561141	23.510213	314653.334	6830258.044	1000
other_agaricoid	Hygrophorus camarophyllus	2021-09-03T18:51/2021-09-03	61.707192	23.36633	307925.16	6846927.393	1
other_agaricoid	Clitocybe odora	2025-09-05/2025-09-05	61.682985	23.433965	311349.96	6844035.796	1
other_agaricoid	Mycetinis scorodonius	2025-08-08/2025-08-08	61.64416	23.26243	302033.974	6840225.392	100
other_agaricoid	Marasmiellus perforans	2020-10-10/2020-10-10	61.904547	23.421916	312071.613	6868725.638	100
other_agaricoid	Phyllotopsis nidulans	2021-02-14/2021-02-14	61.915091	23.406613	311333.457	6869943.347	1
other_agaricoid	Rimbachia bryophila	2025-11-30/2025-11-30	61.82492	23.57899	319848.737	6859419.305	383
other_agaricoid	Clitocybe odora	2021-08-19T17:29/2021-08-19T17:58	61.99613	23.653606	324758.458	6878269.24	1
other_agaricoid	Russula recondita	2026-07-19/2026-07-19	62.0657	23.35137	309378.649	6886864.104	75
other_agaricoid	Gymnopus dryophilus	2026-07-20/2026-07-20	62.05952	23.30295	306811.668	6886319.796	10
other_agaricoid	Cystoderma carcharias	2021-10-10T13:13/2021-10-10	61.968529	23.610096	322320.807	6875315.797	1
other_agaricoid	Cortinarius uliginosus	2017-09-15/2017-09-15	63.076707	23.051489	300615.976	7000264.743	1
other_agaricoid	Rickenella swartzii	2021-08-20T16:45/2021-08-20T17:00	63.09862	23.083911	302400.473	7002602.638	1
other_agaricoid	Amanita muscaria	2018-09-10/2018-09-10	63.12187	23.21267	309044.498	7004800.036	88
other_agaricoid	Stropharia hornemannii	2017-09-15/2017-09-15	63.084221	23.105182	303375.526	7000935.229	1
other_agaricoid	Mycena pura	2025-08-23T10:21/2025-08-23	63.846097	23.148478	310665.48	7085579.643	1
other_agaricoid	Mycena pura	2025-09-22/2025-09-22	63.845002	23.098706	308213.613	7085606.473	100
other_agaricoid	Russula vesca	2014-08-28/2014-08-28	63.876837	23.29278	317951.941	7088580.379	100
other_agaricoid	Hygrocybe conica	2023-09-24/2023-09-24	63.861048	23.133729	310042.045	7087287.176	1
other_agaricoid	Amanita muscaria	2021-08-31/2021-08-31	64.09126	23.40826	324964.319	7112120.687	10
other_agaricoid	Amanita muscaria	2021-08-31/2021-08-31	64.09134	23.40793	324948.753	7112130.498	10
other_agaricoid	Inocybe impexa	2020-09-20/2020-09-20	64.077225	23.40784	324855.666	7110559.765	1
other_agaricoid	Tapinella atrotomentosa	2020-08-03/2020-08-03	64.010012	23.398313	323968.166	7103105.365	1
other_agaricoid	Russula nigricans	2019-10-04/2019-10-04	60.147859	24.015961	334338.277	6671620.898	1
other_agaricoid	Phyllotopsis nidulans	2023-09-14/2023-09-14	60.070232	23.858483	325188.986	6663387.67	1000
other_agaricoid	Bovista plumbea	2023-07-20/2023-07-20	60.16487	24.20872	345115.124	6673046.312	10
other_agaricoid	Lactarius deterrimus	2019-09-06/2019-10-10	60.07033	23.857508	325135.278	6663401.156	1000
other_agaricoid	Lycoperdon excipuliforme	2019-09-06/2019-10-10	60.07033	23.857508	325135.278	6663401.156	1000
other_agaricoid	Armillaria borealis	2025-09-02/2025-09-02	60.14151	24.2026	344665.475	6670460.639	10
other_agaricoid	Ampulloclitocybe clavipes	2020-09-12/2020-09-12	60.059154	24.283054	348754.114	6661107.369	1000
other_agaricoid	Hypholoma capnoides	2019-10-04/2019-10-04	60.155654	23.987323	332788.749	6672560.617	1
other_agaricoid	Cortinarius obtusus	2010-10-07/2010-10-07	60.173152	24.260791	348041.622	6673847.138	100
other_agaricoid	Lepiota magnispora	2020-09-25/2020-09-25	60.311885	24.035118	336222.04	6689828.43	1000
other_agaricoid	Lentinellus castoreus	2009-09-24/2009-09-24	60.204572	24.241462	347115.965	6677389.008	1
other_agaricoid	Cystoderma amianthinum	2017-10-17/2017-10-17	60.227311	23.864425	326350.019	6680852.671	1000
other_agaricoid	Gymnopus androsaceus	2021-09-12/2021-09-12	60.227799	23.859102	326057.964	6680921.001	1
other_agaricoid	Tulostoma brumale	2020-10-14/2020-10-14	60.257	24.067	337710.571	6683641.043	1
other_agaricoid	Cortinarius sanguineus	2021-09-12/2021-09-12	60.228814	23.862492	326250.981	6681025.025	1
other_agaricoid	Macrolepiota procera	2020-08-14/2020-08-14	60.18558	23.99918	333598.002	6675861.215	10
other_agaricoid	Kuehneromyces mutabilis	2019-09-28/2019-09-28	60.266846	24.066007	337704.418	6684739.326	1
other_agaricoid	Strobilurus esculentus	2021-09-12/2021-09-12	60.227795	23.860818	326152.926	6680916.033	1
other_agaricoid	Tricholoma portentosum	2024-10-14/2024-10-14	60.31751	24.03927	336479.419	6690444.169	10
other_agaricoid	Hygrocybe miniata	2020-09-16/2020-09-16	60.572943	23.964978	333689.392	6719059.185	1000
other_agaricoid	Amanita muscaria	2023-09-22/2023-09-22	60.53283	24.18258	345416.855	6714063.662	10
other_agaricoid	Cortinarius collinitus	2020-09-16/2020-09-16	60.577357	23.982506	334671.972	6719506.247	1000
other_agaricoid	Amanita muscaria	2019-10-06/2019-10-06	60.60334	23.94544	332776.549	6722491.817	100
other_agaricoid	Lycoperdon excipuliforme	2023-09-16/2023-09-16	60.53019	24.20392	346574.739	6713719.852	400
other_agaricoid	Calocybe gambosa	2020-05-27/2020-05-27	60.41433	23.93286	331107.081	6701488.196	189
other_agaricoid	Lactarius rufus	2020-09-13/2020-09-13	60.6166	23.87396	328935.553	6724151.522	10
other_agaricoid	Collybia tuberosa	2015-09-30T10:27/2015-09-30T11:45	60.716305	23.794776	325146.438	6735456.233	1
other_agaricoid	Cortinarius flabellus	2018-09-24/2018-09-24	60.701216	23.928228	332344.284	6733428.889	1
other_agaricoid	Inocybe castanea	2016-06-25T05:41/2016-06-26T13:43	60.776472	23.846145	328269.171	6742016.641	1
other_agaricoid	Lycoperdon molle	2014-07-22/2014-07-22	60.687956	23.825974	326694.882	6732218.58	10
other_agaricoid	Phyllotopsis nidulans	2021-03-06/2021-03-06	60.76146	23.90198	331228.969	6740201.045	10
other_agaricoid	Cortinarius caperatus	2012-10-13T11:48/2012-10-13	60.715905	23.792305	325009.536	6735418.301	1
other_agaricoid	Paralepista gilva	2018-09-20/2018-09-20	60.697466	23.931944	332527.492	6733002.047	1
other_agaricoid	Hygrophorus olivaceoalbus	2018-09-21/2018-09-21	60.765364	24.065911	340174.684	6740225.182	1
other_agaricoid	Phlegmacium triumphans	2023-09-10/2023-09-12	60.757074	24.164887	345523.874	6739065.47	1000
other_agaricoid	Cortinarius croceus	2012-09-01T10:52/2012-10-13T11:54	60.715839	23.792183	325002.525	6735411.281	1
other_agaricoid	Lactarius mammosus	2024-09-12/2024-09-12	60.88292	24.22101	349174.245	6752942.967	100
other_agaricoid	Apioperdon pyriforme	2023-10-23/2023-10-23	60.961231	24.09742	342855.785	6761950.248	1
other_agaricoid	Russula vinosa	2024-08-21/2024-08-21	61.03072	24.08695	342633.43	6769710.104	10
other_agaricoid	Tricholomopsis rutilans	2021-09-06/2021-09-06	60.88112	23.96432	335240.053	6753360.45	605
other_agaricoid	Lactarius rufus	2020-11-06/2020-11-06	61.03991	24.08633	342645.504	6770734.521	10
other_agaricoid	Inocybe curvipes	2016-08-21/2016-08-21	61.070508	24.180878	347896.168	6773916.903	1
other_agaricoid	Cortinarius violaceus	2021-09-01/2021-09-01	61.06688	24.10927	344016.483	6773681.624	10
other_agaricoid	Lactarius turpis	2021-09-18/2021-09-18	61.06634	24.10986	344045.649	6773620.111	10
other_agaricoid	Stropharia aeruginosa	2023-09-28T14:17/2023-09-28	61.259516	23.955532	336723.8	6795498.809	10
other_agaricoid	Cortinarius bolaris	2025-09-27/2025-09-27	61.15826	23.89573	332982.624	6784379.94	10
other_agaricoid	Clitocybe nebularis	2020-10-14/2020-10-14	61.20857	24.04794	341420.941	6789600.57	30
other_agaricoid	Lactarius pubescens	2024-10-05T14:39/2024-10-05T17:06	61.466978	23.818961	330529.692	6818937.904	1
other_agaricoid	Pholiota squarrosa	2025-08-31T11:27/2025-08-31	61.450844	23.827421	330892.711	6817120.236	1
other_agaricoid	Cortinarius bolaris	2023-09-10/2023-09-10	61.457117	23.809772	329986.682	6817864.315	1
other_agaricoid	Russula chloroides	2024-08-31T14:30/2024-08-31T16:56	61.466088	23.811104	330106.496	6818859.3	1
other_agaricoid	Apioperdon pyriforme	2021-08-30/2021-08-30	61.50799	23.78711	329058.939	6823585.647	100
other_agaricoid	Agaricus bernardii	2024-10-21T10:49/2024-10-21	61.50264	23.80691	330082.602	6822938.416	1
other_agaricoid	Volvopluteus gloiocephalus	2023-09-23T15:30/2023-09-23T17:00	61.504119	23.788961	329136.122	6823149.959	100
other_agaricoid	Lycoperdon perlatum	2026-08-01/2026-08-01	61.45992	24.0463	342599.535	6817582.36	337
other_agaricoid	Cystoderma amianthinum	2024-08-31T14:30/2024-08-31T16:56	61.468141	23.814725	330310.474	6819078.364	1
other_agaricoid	Lepiota clypeolaria	2021-08-20/2021-08-20	61.35101	23.80224	329006.21	6806074.57	10
other_agaricoid	Amanita crocea	2023-07-11/2023-07-11	61.42782	23.73033	325591.927	6814813.51	100
other_agaricoid	Strobilurus esculentus	2023-09-16/2023-09-16	61.43232	23.87145	333139.323	6814945.074	16
other_agaricoid	Infundibulicybe gibba	2021-08-19/2021-08-19	61.45193	23.74179	326337.025	6817466.211	10
other_agaricoid	Lactarius camphoratus	2018-09-10/2018-09-10	61.461	23.803	329647.198	6818314.164	1
other_agaricoid	Chondrostereum purpureum	2025-03-02/2025-03-02	61.45029	24.12188	346577.928	6816330.252	100
other_agaricoid	Cortinarius alboviolaceus	2020-07-11/2020-08-12	61.459	23.809	329955.827	6818075.903	1
other_agaricoid	Kuehneromyces mutabilis	2020-07-24/2020-07-30	61.333	23.867	332370.957	6803902.082	1
other_agaricoid	Clitopilus prunulus	2023-07-20T12:41/2023-07-20	61.466126	23.811368	330120.76	6818862.841	1
other_agaricoid	Mycena pura	2014-09-10/2014-09-10	61.413534	23.844334	331592.654	6812923.882	100
other_agaricoid	Lactarius flexuosus	2024-09-09/2024-09-09	61.456325	23.819124	330480.485	6817751.813	1
other_agaricoid	Clitocybula platyphylla	2023-07-13/2023-07-13	61.37286	23.92587	335728.209	6808188.877	100
other_agaricoid	Lycoperdon perlatum	2022-09-16/2022-09-16	61.465892	23.811597	330131.679	6818836.201	1
other_agaricoid	Lepiota clypeolaria	2026-09-13T15:19/2026-09-13T16:52	61.467121	23.812228	330171.971	6818971.342	1
other_agaricoid	Russula clavipes	2026-09-06T13:36/2026-09-06	61.468389	23.815407	330348.135	6819104.191	1
other_agaricoid	Xeromphalina campanella	2024-05-10/2024-05-10	61.38097	23.86888	332727.813	6809236.341	38
other_agaricoid	Tricholomopsis decora	2023-10-26/2023-10-26	61.41529	23.7432	326208.341	6813384.643	10
other_agaricoid	Lycoperdon echinatum	2024-09-15/2024-09-15	61.44422	23.829	330940.953	6816378.895	372
other_agaricoid	Armillaria borealis	2025-09-07/2025-09-07	61.47645	23.75792	327332.06	6820152.31	10
other_agaricoid	Lycoperdon excipuliforme	2023-09-23T17:48/2023-09-23	61.465432	23.811159	330105.851	6818786.145	1
other_agaricoid	Cortinarius anomalus	2017-10-07/2017-10-07	61.329	23.873	332670.471	6803441.485	1
other_agaricoid	Pleurotus ostreatus	2019-09-07/2019-09-07	61.332	23.867	332365.612	6803790.782	1
other_agaricoid	Sarcomyxa serotina	2023-10-16/2023-10-17	61.468768	23.893484	334507.273	6818945.663	1
other_agaricoid	Clitocybe odora	2021-08-28T16:26/2021-08-28	61.449445	23.741517	326308.651	6817190.372	1
other_agaricoid	Russula medullata	2015-08-18/2015-08-18	61.408536	24.160642	348440.811	6811591.71	100
other_agaricoid	Lactarius rufus	2021-08-21/2021-08-21	61.45876	23.87752	333603.9	6817872.383	100
other_agaricoid	Hygrophorus olivaceoalbus	2024-07-25/2024-07-25	61.5011	23.86337	333077.164	6822621.092	800
other_agaricoid	Amanita muscaria	2021-08-20/2021-08-20	61.52144	23.8701	333543.924	6824867.762	14
other_agaricoid	Mycena epipterygia	2025-09-10/2025-09-10	61.44525	23.82428	330695.037	6816505.781	592
other_agaricoid	Inocybe fraudans	2017-07-30/2017-07-30	61.497207	23.748564	326949.385	6822487.28	100
other_agaricoid	Infundibulicybe gibba	2026-08-25/2026-08-25	61.494261	23.731929	326048.093	6822203.695	1
other_agaricoid	Hypholoma fasciculare	2026-09-13T15:19/2026-09-13T16:52	61.467114	23.81396	330264.153	6818966.052	1
other_agaricoid	Tricholoma stans	2023-10-17T15:00/2023-10-17T17:00	61.432591	23.868354	332975.737	6814983.163	1000
other_agaricoid	Psathyrella candolleana	2021-10-03/2021-10-03	61.46882	24.02255	341379.8	6818630.593	65
other_agaricoid	Agaricus sylvicola	2025-09-06T19:29/2025-09-06	61.465965	23.812127	330160.297	6818842.944	1
other_agaricoid	Cortinarius semisanguineus	2020-11-14/2020-11-14	61.351	23.80281	329036.618	6806071.964	12
other_agaricoid	Tephrocybe rancida	2021-09-28/2021-09-28	61.457728	23.810681	330038.425	6817929.948	1
other_agaricoid	Amanita muscaria	2018-09-16/2018-09-16	61.593345	23.961474	338774.47	6832641.339	1000
other_agaricoid	Rhodocollybia butyracea	2021-10-13/2021-10-13	61.59793	23.97437	339482.117	6833119.828	10
other_agaricoid	Cortinarius camphoratus	2022-10-16T12:30/2022-10-16	61.589634	23.973858	339412.028	6832197.668	100
other_agaricoid	Amanita fulva	2021-09-06/2021-09-06	61.57509	23.97076	339172.364	6830586.435	10
other_agaricoid	Kuehneromyces mutabilis	2025-08-28/2025-08-28	61.564769	23.895591	335128.832	6829625.603	1
other_agaricoid	Pholiota scamba	2013-09-12/2013-09-12	61.944403	23.941297	339544.084	6871767.554	100
other_agaricoid	Lactarius hysginus	2013-09-12/2013-09-12	61.946837	23.929614	338944.359	6872067.425	100
other_agaricoid	Pyrrhulomyces astragalinus	2013-09-12/2013-09-12	61.946837	23.929614	338944.359	6872067.425	100
other_agaricoid	Cortinarius venustus	2013-09-10/2013-09-10	62.038869	23.908856	338344.522	6882363.218	100
other_agaricoid	Lactarius lacunarum	2015-08-18/2015-08-18	62.178211	23.956106	341543.198	6897757.078	100
other_agaricoid	Mallocybe malenconii	2011-10-09/2011-10-09	62.193772	23.848815	336045.389	6899756.315	100
other_agaricoid	Cortinarius bolaris	2013-09-10/2013-09-10	62.038869	23.908856	338344.522	6882363.218	100
other_agaricoid	Cortinarius privignatus	2013-09-10/2013-09-10	62.036735	23.893775	337544.888	6882163.373	100
other_agaricoid	Lactarius lignyotus	2021-09-04/2021-09-04	62.053845	23.94524	340324.838	6883940.065	1000
other_agaricoid	Thaxterogaster talimultiformis	2013-09-10/2013-09-10	62.035667	23.886234	337145.0	6882063.411	100
other_agaricoid	Pholiota lubrica	2010-10-03/2010-10-03	62.046602	23.858302	335743.938	6883351.03	1
other_agaricoid	Parasola plicatilis	2023-07-23/2023-07-23	62.05454	23.93927	340016.601	6884032.145	100
other_agaricoid	Infundibulicybe squamulosa	2019-07-18/2019-07-18	62.649556	24.043235	348478.688	6950018.448	1
other_agaricoid	Kuehneromyces mutabilis	2019-07-18/2019-07-18	62.653954	24.05362	349032.986	6950483.702	1
other_agaricoid	Tapinella atrotomentosa	2022-09-18/2022-09-18	62.7107	23.86817	339843.262	6957248.28	10
other_agaricoid	Lactarius torminosus	2019-07-18/2019-07-18	62.655824	24.060259	349382.479	6950676.357	1
other_agaricoid	Russula aeruginea	2021-09-10/2021-09-10	62.71225	23.89848	341400.693	6957345.861	10
other_agaricoid	Cortinarius quarciticus	2012-08-29/2012-08-29	63.112353	24.011349	349239.693	7001615.38	100
other_agaricoid	Hygrophoropsis aurantiaca	2019-09-05/2019-09-05	63.41586	23.94765	347637.339	7035555.076	10
other_agaricoid	Gymnopus confluens	2024-07-30/2024-07-30	63.49456	23.87048	344216.075	7044502.214	100
other_agaricoid	Hygrophorus hypothejus	2019-10-13/2019-10-13	63.969076	23.519705	329647.558	7098219.186	1
other_agaricoid	Cortinarius cinnamomeus	2022-08-28/2022-08-28	63.960818	23.537577	330471.723	7097252.365	1000
other_agaricoid	Russula adusta	2020-08-08/2020-08-08	64.059837	23.644387	336278.574	7107994.975	1
other_agaricoid	Lentinus brumalis	2023-04-10/2023-04-10	64.057775	23.645575	336324.398	7107762.388	1
other_agaricoid	Tricholomopsis decora	2022-07-15/2022-07-15	64.027031	23.510011	329527.009	7104695.836	1
other_agaricoid	Coprinellus micaceus	2019-09-23/2019-09-23	64.020626	23.731185	340286.451	7103409.702	1
other_agaricoid	Laccaria laccata	2019-08-30/2019-08-30	64.059572	23.646813	336395.301	7107959.242	1
other_agaricoid	Lycoperdon perlatum	2019-08-30/2019-08-30	64.059572	23.646813	336395.301	7107959.242	1
other_agaricoid	Laccaria laccata	2024-09-01/2024-09-01	64.28325	23.86538	348280.083	7132318.569	10
other_agaricoid	Tricholoma colossus	2026-08-24/2026-08-24	68.255886	23.155786	341156.305	7576345.715	1000
other_agaricoid	Radulomyces confluens	2024-10-21/2024-10-21	59.932211	24.391116	354209.982	6646734.993	1
other_agaricoid	Kuehneromyces mutabilis	2021-08-15/2021-08-15	60.1743	24.39823	355668.407	6673666.519	100
other_agaricoid	Homophron spadiceum	2014-10-01/2014-10-01	60.083805	24.596334	366288.021	6663175.977	1
other_agaricoid	Lactarius camphoratus	2026-09-02/2026-09-02	60.1824	24.678389	371237.214	6673988.766	100
other_agaricoid	Hygrophoropsis aurantiaca	2024-10-07/2024-10-07	60.01389	24.475	359243.192	6655645.136	100
other_agaricoid	Pholiota limonella	2025-10-07/2025-10-07	60.17904	24.571869	365317.317	6673827.248	1000
other_agaricoid	Lycoperdon excipuliforme	2023-09-15/2023-09-15	60.17065	24.66184	370273.283	6672713.102	100
other_agaricoid	Hygrophoropsis aurantiaca	2023-08-21/2023-08-21	60.1848	24.65635	370024.702	6674299.131	100
other_agaricoid	Russula versicolor	2024-08-02/2024-09-01	60.168109	24.400202	355750.619	6672973.072	1000
other_agaricoid	Paralepista flaccida	2024-10-17/2024-10-17	60.11966	24.46522	359149.867	6667439.69	10
other_agaricoid	Panaeolus papilionaceus	2019-07-08/2019-07-08	60.083677	24.598026	366381.598	6663158.306	1000
other_agaricoid	Tricholoma stiparophyllum	2019-09-28/2019-09-28	60.148305	24.482236	360216.676	6670592.172	1000
other_agaricoid	Amanita rubescens	2024-09-08T17:42/2024-09-08T20:18	60.17932	24.631532	368626.836	6673738.202	1
other_agaricoid	Clitopilus hobsonii	2012-10-24/2012-10-24	60.161297	24.555293	364325.012	6671886.039	1
other_agaricoid	Cantharellula umbonata	2026-09-12/2026-09-12	60.081309	24.587289	365774.864	6662916.459	1
other_agaricoid	Amanita muscaria	2024-09-24/2024-09-24	60.13417	24.69306	371863.064	6668591.046	100
other_agaricoid	Cortinarius bolaris	2020-08-30/2020-08-30	60.141943	24.381079	354574.4	6670102.425	1000
other_agaricoid	Lactarius trivialis	2026-09-12/2026-09-12	60.074421	24.583801	365552.834	6662156.781	1
other_agaricoid	Hygrocybe chlorophana	2019-09-28/2019-09-28	60.156161	24.49818	361134.724	6671433.035	100
other_agaricoid	Lactarius camphoratus	2026-09-11/2026-09-11	60.189997	24.66323	370426.634	6674864.157	100
other_agaricoid	Inocybe geophylla	2026-09-08/2026-09-08	60.19098	24.70968	373005.373	6674883.326	100
other_agaricoid	Hygrocybe conica	2023-09-22/2023-09-22	60.13934	24.44741	358245.234	6669668.462	10
other_agaricoid	Laccaria bicolor	2020-10-15/2020-10-15	59.96653	24.39292	354461.318	6650551.047	100
other_agaricoid	Inocybe geophylla	2018-10-04/2018-10-04	60.1425	24.7046	372536.106	6669496.052	732
other_agaricoid	Russula emetica	2025-09-07/2025-09-07	60.13522	24.67779	371019.25	6668737.657	11
other_agaricoid	Lycoperdon echinatum	2025-09-07/2025-09-07	60.13306	24.67434	370819.213	6668503.939	10
other_agaricoid	Mycena corticola	2024-12-14/2024-12-14	60.16147	24.73516	374305.102	6671549.33	22
other_agaricoid	Entoloma cetratum	2014-10-01/2014-10-01	60.082348	24.59225	366054.991	6663022.055	1
other_agaricoid	Crucibulum laeve	2020-01-05/2020-01-05	60.168944	24.726734	373866.249	6672397.45	1
other_agaricoid	Clitopilus prunulus	2024-07-25/2024-07-25	60.11043	24.70899	372655.963	6665917.395	100
other_agaricoid	Inocybe lacera	2024-08-06/2024-08-06	60.34985	24.63721	369621.866	6692711.017	100
other_agaricoid	Mycena galopus	2018-08-19/2018-08-19	60.30273	24.555056	364895.411	6687630.882	1
other_agaricoid	Lactarius turpis	2014-08-20/2014-08-20	60.263475	24.637799	369309.782	6683094.179	100
other_agaricoid	Lactarius mammosus	2021-10-18T12:35/2021-10-18T13:24	60.33327	24.666972	371198.311	6690806.723	1
other_agaricoid	Russula cyanoxantha	2025-09-23/2025-09-24	60.212966	24.682636	371592.189	6677383.25	1000
other_agaricoid	Panaeolus alcis	2021-09-11/2021-09-11	60.283825	24.495486	361524.75	6685649.946	1000
other_agaricoid	Entoloma nitidum	2019-09-21T09:52/2019-09-21	60.290857	24.509434	362325.262	6686403.538	1000
other_agaricoid	Cortinarius trivialis	2018-09-12/2018-09-12	60.256684	24.714255	373512.396	6682189.137	1
other_agaricoid	Pholiota cerifera	2023-09-20/2023-09-20	60.21639	24.73078	374272.299	6677671.741	40
other_agaricoid	Amanita virosa	2020-09-02/2020-09-02	60.213157	24.686905	371829.42	6677396.215	1000
other_agaricoid	Hypholoma capnoides	2022-09-25/2022-09-25	60.3385	24.64526	370020.783	6691431.575	10
other_agaricoid	Cortinarius sanguineus	2026-08-23/2026-08-23	60.31976	24.53051	363610.483	6689577.212	10
other_agaricoid	Mycena cinerella	2018-10-15/2018-10-15	60.258194	24.604019	367420.074	6682573.686	100
other_agaricoid	Mycena pura	2017-10-02/2017-10-02	60.323001	24.494065	361611.999	6690013.949	1
other_agaricoid	Russula chloroides	2026-08-21/2026-08-21	60.318719	24.524362	363266.684	6689474.063	1
other_agaricoid	Aureonarius limonius	2023-08-12T10:06/2023-08-12T12:00	60.302973	24.553246	364796.428	6687661.643	1
other_agaricoid	Phlegmacium percome	2025-09-20/2025-09-20	60.293538	24.504677	362073.684	6686711.924	1
other_agaricoid	Armillaria borealis	2017-09-24/2017-09-24	60.319388	24.693384	372601.972	6689209.965	1
other_agaricoid	Hypholoma marginatum	2020-10-09/2020-10-13	60.339678	24.694991	372769.706	6691465.693	1000
other_agaricoid	Lepiota magnispora	2023-08-27/2023-08-27	60.224794	24.644024	369500.279	6678775.735	1
other_agaricoid	Mycena pura	2020-09-29/2020-09-29	60.267551	24.640023	369449.029	6683543.533	1000
other_agaricoid	Amanita battarrae	2020-08-11/2020-08-11	60.316299	24.5194	362982.573	6689214.97	1000
other_agaricoid	Amanita rubescens	2022-08-03/2022-08-03	60.4079	24.69145	372840.461	6699067.54	22
other_agaricoid	Russula nigricans	2025-09-10/2025-09-10	60.197666	24.742534	374852.055	6675564.912	100
other_agaricoid	Russula foetens	2017-08-25/2017-08-25	60.212538	24.686845	371823.68	6677327.422	1
other_agaricoid	Amanita battarrae	2020-08-01/2020-08-01	60.36291	24.483474	361196.987	6694478.847	1000
other_agaricoid	Cortinarius caperatus	2025-10-31/2025-10-31	60.30448	24.50497	362135.976	6687929.364	10
other_agaricoid	Tricholoma columbetta	2016-09-18/2016-09-18	60.310837	24.523226	363170.989	6688598.995	100
other_agaricoid	Gymnopus androsaceus	2025-09-20/2025-09-20	60.20059	24.73588	374494.44	6675903.066	175
other_agaricoid	Infundibulicybe catinus	2023-08-05/2023-08-05	60.330339	24.694273	372693.71	6690427.392	1
other_agaricoid	Pseudosperma rimosum	2025-08-29/2025-08-29	60.326668	24.494385	361645.185	6690421.484	100
other_agaricoid	Marasmiellus ramealis	2016-07-16/2016-07-16	60.230179	24.701183	372686.387	6679263.566	1000
other_agaricoid	Clitocybe agrestis	2017-09-30/2017-09-30	60.239731	24.735426	374618.84	6680261.394	1
other_agaricoid	Agrocybe dura	2019-07-12/2019-07-12	60.240295	24.73773	374748.524	6680319.807	1
other_agaricoid	Amanita muscaria	2020-09-07/2020-09-07	60.214606	24.678421	371365.12	6677574.031	100
other_agaricoid	Gomphidius glutinosus	2023-09-06/2023-09-06	60.29282	24.56219	365248.71	6686513.091	10
other_agaricoid	Asterophora parasitica	2016-08-22/2016-08-22	60.241519	24.734797	374590.859	6680461.643	1
other_agaricoid	Pholiota squarrosa	2016-09-24/2016-09-24	60.255031	24.61184	367839.965	6682205.879	1000
other_agaricoid	Phloeomana alba	2020-11-10/2020-11-10	60.236255	24.710828	373243.876	6679921.417	100
other_agaricoid	Infundibulicybe gibba	2021-08-14/2021-08-14	60.32089	24.622433	368690.398	6689516.382	1000
other_agaricoid	Russula atrorubens	2025-09-28/2025-09-28	60.289622	24.514494	362599.699	6686255.505	1
other_agaricoid	Phlegmacium balteatocumatile	2019-09-04/2019-09-04	60.244458	24.738817	374824.577	6680781.202	1
other_agaricoid	Lactarius aurantiacus	2021-10-04/2021-10-08	60.213593	24.682613	371593.367	6677453.096	1000
other_agaricoid	Cortinarius bolaris	2023-09-05/2023-09-05	60.29303	24.56329	365310.358	6686534.221	135
other_agaricoid	Cortinarius bolaris	2025-08-19/2025-08-19	60.28313	24.50628	362118.434	6685549.965	100
other_agaricoid	Armillaria lutea	2017-10-01/2017-10-01	60.198171	24.582185	365967.372	6675935.926	100
other_agaricoid	Hygrocybe miniata	2023-10-21/2023-10-21	60.19167	24.68588	371688.755	6675006.162	100
other_agaricoid	Russula intermedia	2010-09-09/2010-09-09	60.233416	24.707664	373057.744	6679611.444	100
other_agaricoid	Russula foetens	2023-08-29/2023-08-29	60.34174	24.31802	351978.475	6692482.341	106
other_agaricoid	Tricholoma pessundatum	2020-10-04/2020-10-04	60.238354	24.495739	361346.512	6680587.669	1000
other_agaricoid	Russula consobrina	2025-09-06/2025-09-06	60.289647	24.598303	367231.408	6686086.618	1
other_agaricoid	Lepiota setulosa	2024-10-01/2024-10-01	60.318892	24.686909	372242.509	6689167.276	1
other_agaricoid	Tricholoma stans	2014-10-13/2014-10-13	60.315613	24.507236	362308.015	6689163.946	1
other_agaricoid	Cortinarius lepidopus	2024-08-25/2024-08-25	60.331903	24.697006	372850.65	6690596.234	1
other_agaricoid	Amanita muscaria	2020-08-15/2020-08-15	60.32477	24.68016	371892.881	6689834.751	1000
other_agaricoid	Agaricus sylvicola	2024-08-23/2024-08-31	60.210761	24.68036	371457.479	6677142.209	1
other_agaricoid	Tapinella atrotomentosa	2021-08-28/2021-09-02	60.326028	24.729606	374627.496	6689879.745	1000
other_agaricoid	Lactarius rufus	2019-10-04/2019-10-04	60.29227	24.43067	357978.9	6686727.861	10
other_agaricoid	Hygrophorus erubescens	2019-10-02/2019-10-02	60.331194	24.495518	361726.875	6690922.937	1000
other_agaricoid	Clitocybula platyphylla	2021-08-15/2021-08-15	60.27387	24.68	371684.636	6684168.552	10
other_agaricoid	Mycena haematopus	2021-08-22/2021-08-22	60.31049	24.52369	363195.164	6688559.404	100
other_agaricoid	Russula atrorubens	2026-08-18/2026-08-24	60.212015	24.679925	371438.289	6677282.658	1
other_agaricoid	Russula paludosa	2023-09-05/2023-09-05	60.2333	24.71415	373416.374	6679586.07	23
other_agaricoid	Gymnopilus picreus	2018-09-15/2018-09-15	60.363271	24.357126	354232.14	6694791.841	1
other_agaricoid	Phlegmacium claricolor	2016-09-04/2016-09-04	60.332147	24.495067	361706.015	6691029.97	1
other_agaricoid	Mycena aurantiomarginata	2017-10-07/2017-10-07	60.3338	24.495991	361764.004	6691212.042	1
other_agaricoid	Mycena cinerella	2022-11-05/2022-11-05	60.316391	24.464675	359961.194	6689340.197	1
other_agaricoid	Hygrocybe reidii	2026-07-25/2026-07-29	60.292403	24.572999	365844.292	6686444.632	1000
other_agaricoid	Russula ochroleuca	2025-09-16/2025-09-16	60.29359	24.56237	365261.826	6686598.441	10
other_agaricoid	Phaeocollybia lugubris	2012-07-22/2012-07-22	60.267124	24.646005	369778.154	6683484.173	100
other_agaricoid	Panellus mitis	2016-10-16/2016-10-16	60.235949	24.636714	369139.974	6680032.028	1
other_agaricoid	Hygrocybe citrinovirens	2020-08-11/2020-08-11	60.314214	24.518537	362926.182	6688984.662	1
other_agaricoid	Amanita battarrae	2023-09-29/2023-09-29	60.31869	24.520916	363076.295	6689477.986	1000
other_agaricoid	Inocybe mixtilis	2025-09-14/2025-09-14	60.232619	24.673624	371170.11	6679588.688	1
other_agaricoid	Lepiota audreae	2017-08-27T09:00/2017-08-27T11:30	60.322738	24.698709	372909.021	6689572.634	100
other_agaricoid	Cortinarius mucosus	2025-09-28/2025-09-28	60.294388	24.519806	362913.216	6686774.999	1
other_agaricoid	Lactarius scrobiculatus	2021-08-11/2021-08-11	60.536992	24.398655	357286.171	6714038.691	1000
other_agaricoid	Lactarius rufus	2021-10-04/2021-10-04	60.506918	24.697889	373580.581	6710078.73	1000
other_agaricoid	Lactarius turpis	2014-10-13/2014-10-13	60.430616	24.697123	373241.299	6701585.545	1000
other_agaricoid	Cortinarius caperatus	2020-09-13/2020-09-13	60.51672	24.67835	372546.418	6711207.673	263
other_agaricoid	Galerina marginata	2021-09-04/2021-09-04	60.529166	24.560095	366107.843	6712828.104	1000
other_agaricoid	Cortinarius sanguineus	2017-09-11/2017-09-11	60.545303	24.647091	370944.694	6714450.723	1000
other_agaricoid	Hypholoma capnoides	2022-10-09/2022-10-09	60.529355	24.486225	362056.282	6713001.752	1000
other_agaricoid	Tricholoma stans	2025-09-29/2025-09-29	60.539272	24.561205	366210.455	6713950.893	1
other_agaricoid	Hygrophoropsis rufa	2023-09-11/2023-09-11	60.530853	24.387402	356641.885	6713379.781	1
other_agaricoid	Clitocybula platyphylla	2023-07-23/2023-07-23	60.525357	24.473615	361347.442	6712583.197	1
other_agaricoid	Lactarius flexuosus	2020-07-30/2020-07-30	60.529896	24.39733	357182.243	6713251.658	1
other_agaricoid	Clitocybe odora	2021-09-04/2021-09-04	60.529166	24.560095	366107.843	6712828.104	1000
other_agaricoid	Hypholoma capnoides	2019-09-27/2019-09-27	60.524614	24.469699	361129.415	6712508.745	1000
other_agaricoid	Entoloma vernum	2021-05-13/2021-05-13	60.529117	24.562576	366243.746	6712817.603	100
other_agaricoid	Lactarius camphoratus	2022-07-29/2022-07-29	60.522631	24.50253	362922.305	6712219.147	1
other_agaricoid	Lactarius scrobiculatus	2025-09-26/2025-09-26	60.544104	24.555926	365940.938	6714499.561	1000
other_agaricoid	Mycena stipata	2022-10-03/2022-10-03	60.505549	24.693867	373354.434	6709934.053	1000
other_agaricoid	Psathyrella candolleana	2022-07-18/2022-07-18	60.543006	24.554306	365847.562	6714380.629	100
other_agaricoid	Lentinellus micheneri	2021-08-21/2021-08-21	60.525122	24.476847	361523.757	6712550.23	1000
other_agaricoid	Amanita fulva	2017-09-11/2017-09-11	60.545303	24.647091	370944.694	6714450.723	1000
other_agaricoid	Pluteus umbrosus	2022-08-15/2022-08-15	60.542397	24.483546	361964.875	6714459.225	1000
other_agaricoid	Cortinarius caperatus	2021-09-06/2021-09-06	60.53902	24.68908	373222.53	6713669.595	10
other_agaricoid	Hygrocybe cantharellus	2019-09-01/2019-09-01	60.827003	24.585645	368728.414	6745933.891	1
other_agaricoid	Amanita fulva	2019-09-27/2019-09-27	60.744575	24.366488	356448.421	6737216.515	1000
other_agaricoid	Echinoderma echinaceum	2025-09-09/2025-09-09	60.710747	24.43149	359843.038	6733310.349	1
other_agaricoid	Phlegmacium triumphans	2023-08-26/2023-08-26	60.672015	24.396221	357748.209	6729074.509	1000
other_agaricoid	Xeromphalina campanella	2025-09-12/2025-09-12	60.85199	24.36491	356842.816	6749177.346	10
other_agaricoid	Cyathus striatus	2022-09-04/2022-09-04	60.677594	24.422202	359191.501	6729639.591	1
other_agaricoid	Amanita rubescens	2023-09-27/2023-09-27	60.744556	24.298949	352768.221	6737363.976	1000
other_agaricoid	Russula aurea	2018-09-03/2018-09-03	60.991464	24.418448	360362.161	6764588.411	100
other_agaricoid	Armillaria mellea	2025-09-08/2025-09-08	61.0003	24.44935	362071.406	6765506.596	100
other_agaricoid	Inocybe geophylla	2024-10-31/2024-10-31	61.024925	24.448004	362105.524	6768250.839	1000
other_agaricoid	Amanita pantherina	2016-09-02/2016-09-02	60.993713	24.453005	362240.455	6764765.598	10
other_agaricoid	Pholiota squarrosa	2009-09-09/2009-09-09	61.302165	24.204697	350283.965	6799649.053	10
other_agaricoid	Russula aeruginea	2023-07-28/2023-07-28	61.18306	24.48895	364993.174	6785770.344	10
other_agaricoid	Lactarius pyrogalus	2025-09-12/2025-09-12	61.170191	24.311485	355396.441	6784717.187	1
other_agaricoid	Hygrocybe chlorophana	2025-09-12/2025-09-12	61.176543	24.328072	356317.147	6785387.735	1000
other_agaricoid	Mycena rosella	2019-10-21/2019-10-21	61.500796	24.342949	358586.789	6821452.749	1000
other_agaricoid	Mycena galericulata	2021-09-13/2021-09-13	61.62544	24.28614	356142.908	6835453.391	198
other_agaricoid	Cortinarius traganus	2021-09-13/2021-09-13	61.62714	24.28288	355978.075	6835649.854	100
other_agaricoid	Gymnopilus penetrans	2010-08-30/2010-08-30	61.82961	24.169149	350933.931	6858446.027	10
other_agaricoid	Panellus mitis	2022-10-09/2022-10-09	61.861128	24.239675	354795.21	6861795.028	1
other_agaricoid	Amanita muscaria	2026-07-27/2026-07-27	61.99483	24.32176	359725.847	6876499.566	100
other_agaricoid	Tapinella atrotomentosa	2026-07-28/2026-07-28	62.01153	24.26095	356620.774	6878491.755	100
other_agaricoid	Russula claroflava	2024-07-20/2024-07-20	62.53916	24.18554	355231.307	6937401.377	10
other_agaricoid	Galerina pseudocerina	2011-09-23/2011-09-24	63.166586	24.067388	352341.007	7007522.969	1
other_agaricoid	Hygrophoropsis aurantiaca	2024-09-10/2024-09-10	64.25028	23.91631	350565.526	7128527.248	12
other_agaricoid	Protostropharia semiglobata	2022-09-19/2022-09-19	65.829095	24.15479	370037.598	7303805.461	1
other_agaricoid	Hypsizygus tessulatus	2022-10-23/2022-10-23	66.351103	23.937381	362956.171	7362402.032	1
other_agaricoid	Cortinarius semisanguineus	2023-08-29/2023-08-29	68.111	23.86158	369474.893	7558558.045	48
other_agaricoid	Aspropaxillus giganteus	2025-08-27/2025-08-27	60.17834	24.93791	385613.487	6673058.89	18
other_agaricoid	Russula decolorans	2020-08-05/2020-08-05	60.17927	24.74726	375044.082	6673507.982	65
other_agaricoid	Aspropaxillus giganteus	2024-10-12/2024-10-12	60.18006	25.03462	390982.714	6673086.778	10
other_agaricoid	Russula depallens	2018-10-12/2018-10-12	60.18753	25.146936	397234.964	6673738.353	1
other_agaricoid	Agaricus arvensis	2019-06-23/2019-06-23	60.15889	24.88267	382480.506	6670990.46	44
other_agaricoid	Coprinellus disseminatus	2024-09-07/2024-09-07	60.18345	24.935774	385512.817	6673631.511	1
other_agaricoid	Amanita muscaria	2020-07-24/2020-07-24	60.16319	24.88497	382623.471	6671465.098	19
other_agaricoid	Kuehneromyces mutabilis	2023-09-09/2023-09-09	60.165738	25.06976	392884.89	6671434.684	1
other_agaricoid	Hygrocybe conica	2020-10-05/2020-10-05	60.180077	24.981867	388057.229	6673176.94	1
other_agaricoid	Agaricus sylvaticus	2018-09-09/2018-09-09	60.174748	24.948628	386195.47	6672640.456	1
other_agaricoid	Phlegmacium triumphans	2023-09-17/2023-09-17	60.16169	24.74955	375104.35	6671546.518	10
other_agaricoid	Stropharia aeruginosa	2020-09-24/2020-09-24	60.19203	25.09568	394407.446	6674320.266	31
other_agaricoid	Amanita virosa	2021-08-11/2021-08-11	60.17178	25.01309	389760.965	6672200.652	10
other_agaricoid	Paxillus rubicundulus	2016-09-07/2016-09-07	60.178893	24.987814	388383.013	6673035.051	1
other_agaricoid	Clitocybe nebularis	2023-11-11/2023-11-16	60.156577	24.867527	381631.893	6670759.995	1000
other_agaricoid	Pyrrhulomyces astragalinus	2023-08-24/2023-08-24	60.194308	25.099916	394649.585	6674567.131	1
other_agaricoid	Amanita muscaria	2023-09-09T17:36/2023-09-09T19:12	60.194774	25.01354	389862.967	6674759.983	1
other_agaricoid	Russula foetens	2025-08-17/2025-08-17	60.18852	25.06008	392422.356	6673986.938	600
other_agaricoid	Neolentinus lepideus	2025-08-06/2025-08-06	60.17514	24.94511	386001.702	6672690.168	10
other_agaricoid	Crucibulum laeve	2024-12-22/2024-12-22	60.1575	24.79028	377348.603	6671003.714	10
other_agaricoid	Calocybe gambosa	2020-05-15/2020-05-15	60.18715	24.9682	387323.54	6673987.666	12
other_agaricoid	Tricholoma ulvinenii	2017-10-01/2017-10-01	60.188802	25.14048	396880.988	6673890.046	1
other_agaricoid	Lactarius quieticolor	2019-09-14/2019-09-14	60.188598	25.145868	397179.087	6673858.929	1
other_agaricoid	Chondrostereum purpureum	2024-11-06/2024-11-06	60.17404	24.98662	388300.317	6672496.756	10
other_agaricoid	Hygrocybe conica	2019-09-25/2019-09-25	60.171832	24.814933	378769.451	6672553.758	1
other_agaricoid	Amanita muscaria	2023-10-13/2023-10-13	60.19237	25.099293	394608.836	6674352.348	1
other_agaricoid	Mycena galericulata	2021-09-18T13:18/2021-09-18T14:11	60.190444	24.939624	385750.607	6674403.514	1
other_agaricoid	Lepista nuda	2017-10-18/2017-10-18	60.17674	24.82356	379265.988	6673084.358	1
other_agaricoid	Lactarius tabidus	2021-08-28/2021-08-28	60.16136	25.04372	391425.687	6670989.77	10
other_agaricoid	Schizophyllum commune	2026-04-17/2026-04-17	60.15804	24.95411	386441.887	6670770.84	14
other_agaricoid	Lactarius lacunarum	2023-08-21/2023-08-21	60.193262	25.097284	394500.324	6674454.872	1
other_agaricoid	Pholiota squarrosa	2017-09-29/2017-09-29	60.13701	24.99612	388702.136	6668357.952	100
other_agaricoid	Armillaria borealis	2021-09-18/2021-09-18	60.18134	24.91705	384467.154	6673429.212	10
other_agaricoid	Hygrocybe ceracea	2023-09-28/2023-09-28	60.169984	25.06634	392708.985	6671912.98	1
other_agaricoid	Lycoperdon pratense	2023-08-29/2023-08-29	60.16797	24.91398	384249.875	6671946.06	10
other_agaricoid	Cuphophyllus virgineus	2021-09-30T14:56/2021-09-30T15:25	60.182199	24.93746	385601.954	6673489.309	1
other_agaricoid	Phaeolepiota aurea	2023-10-08/2023-10-08	60.16024	25.08185	393537.892	6670802.993	10
other_agaricoid	Amanita rubescens	2023-09-09/2023-09-09	60.15974	24.76128	375747.813	6671307.302	15
other_agaricoid	Clitocybe nebularis	2017-10-11/2017-10-11	60.172559	24.807855	378379.539	6672647.711	1
other_agaricoid	Volvariella bombycina	2023-09-10/2023-09-10	60.155122	24.958579	386679.844	6670438.289	1
other_agaricoid	Coprinellus micaceus	2026-05-20/2026-05-20	60.18787	24.82766	379534.153	6674315.975	10
other_agaricoid	Panaeolina foenisecii	2026-06-30/2026-06-30	60.18361	24.98106	388024.506	6673571.658	10
other_agaricoid	Marasmius oreades	2024-09-28/2024-09-28	60.22822	25.01416	390009.391	6678482.741	100
other_agaricoid	Marasmius rotula	2025-06-28/2025-06-28	60.2026	24.823267	379344.688	6675963.896	1000
other_agaricoid	Delicatula integrella	2018-09-20/2018-09-20	60.240856	24.970501	387635.013	6679963.151	1
other_agaricoid	Lacrymaria lacrymabunda	2025-09-01/2025-09-01	60.21219	24.84659	380672.001	6676989.161	168
other_agaricoid	Lactarius torminosus	2021-09-12/2021-09-12	60.26661	25.13188	396649.431	6682566.775	100
other_agaricoid	Coprinus comatus	2022-10-11/2022-10-11	60.343752	25.085778	394348.758	6691228.976	1
other_agaricoid	Panellus mitis	2017-11-14/2017-11-14	60.262111	24.924949	385187.982	6682408.014	1
other_agaricoid	Russula adusta	2026-08-09/2026-08-09	60.39329	25.060721	393128.394	6696785.027	1
other_agaricoid	Lactarius quietus	2020-08-02/2020-08-02	60.211972	24.975968	387838.987	6676738.015	1
other_agaricoid	Russula grisescens	2022-07-28/2022-07-28	60.31755	25.179426	399435.966	6688165.105	1
other_agaricoid	Clitopilus prunulus	2011-10-05/2011-10-05	60.321033	24.773463	377029.893	6689241.053	100
other_agaricoid	Lycoperdon perlatum	2011-10-09/2011-10-09	60.232169	24.765553	376257.915	6679362.66	1000
other_agaricoid	Inocybe subdecipiens	2020-09-28/2020-09-28	60.409697	25.009857	390381.097	6698695.37	1
other_agaricoid	Lactifluus piperatus	2023-08-14/2023-08-14	60.22999	25.08018	393671.099	6678571.61	100
other_agaricoid	Lentinellus castoreus	2023-09-20/2023-09-20	60.253738	25.187977	399712.999	6681046.995	1
other_agaricoid	Rhodocollybia asema	2021-09-08/2021-09-08	60.23034	25.14187	397088.269	6678512.784	102
other_agaricoid	Coprinellus micaceus	2026-09-05/2026-09-05	60.19888	24.86363	381568.054	6675476.647	10
other_agaricoid	Echinoderma asperum	2025-09-11/2025-09-11	60.21209	24.84044	380330.925	6676989.163	21
other_agaricoid	Amanita fulva	2020-07-12/2020-07-12	60.25787	24.92773	385326.985	6681931.005	22
other_agaricoid	Coprinopsis atramentaria	2025-09-15/2025-09-15	60.22646	25.01191	389878.89	6678290.539	100
other_agaricoid	Schizophyllum commune	2022-05-05/2022-05-05	60.38675	24.75584	376306.019	6696590.332	10
other_agaricoid	Amanita muscaria	2012-09-19T09:50/2012-09-19T11:15	60.226444	24.816205	379041.193	6678631.387	10
other_agaricoid	Pholiota flammans	2017-08-10/2017-08-10	60.196163	24.916793	384504.988	6675079.961	1
other_agaricoid	Mycena cyanorhiza	2022-10-19/2022-10-19	60.276567	24.96674	387549.387	6683945.499	1
other_agaricoid	Macrolepiota procera	2012-09-19T09:50/2012-09-19T11:15	60.226444	24.816205	379041.193	6678631.387	10
other_agaricoid	Pholiota squarrosa	2021-08-21/2021-08-21	60.276109	24.964479	387422.794	6683898.364	1000
other_agaricoid	Schizophyllum commune	2024-04-02/2024-04-02	60.25328	24.87671	382487.894	6681509.757	10
other_agaricoid	Lycoperdon perlatum	2021-09-05/2021-09-05	60.30513	25.1642	398556.559	6686805.532	221
other_agaricoid	Kuehneromyces mutabilis	2024-08-27/2024-08-27	60.2327	24.92714	385206.289	6679129.731	10
other_agaricoid	Lactarius lacunarum	2021-08-16/2021-08-16	60.338704	25.087301	394416.49	6690664.483	100
other_agaricoid	Lactarius vietus	2017-09-06/2017-09-06	60.372794	25.144727	397692.765	6694369.605	1
other_agaricoid	Langermannia gigantea	2019-09-21/2019-09-21	60.20766	24.93944	385800.249	6676320.57	100
other_agaricoid	Cortinarius umbrinolens	2021-08-28/2021-08-28	60.228501	25.150212	397544.465	6678295.047	1
other_agaricoid	Tricholoma frondosae	2020-10-03/2020-10-03	60.25661	24.964552	387359.832	6681727.288	1
other_agaricoid	Schizophyllum commune	2023-09-21/2023-09-21	60.27109	25.00669	389739.956	6683268.264	12
other_agaricoid	Stropharia hornemannii	2024-10-13/2024-10-13	60.357699	25.020483	390792.309	6692888.266	1
other_agaricoid	Russula vitellina	2019-09-22/2019-09-22	60.212269	24.974742	387772.078	6676773.166	100
other_agaricoid	Lactarius turpis	2023-10-01/2023-10-01	60.22277	25.01864	390239.256	6677868.492	100
other_agaricoid	Apioperdon pyriforme	2020-11-26/2020-11-26	60.22178	24.9759	387868.715	6677830.116	10
other_agaricoid	Pleuroflammula tuberculosa	2010-09-20/2010-09-20	60.264237	24.925513	385226.625	6682643.731	100
other_agaricoid	Bolbitius titubans	2023-07-10/2023-07-10	60.22443	24.92385	384995.159	6678214.722	20
other_agaricoid	Pleurotus pulmonarius	2017-08-22/2017-08-22	60.223718	24.923519	384974.333	6678136.028	1000
other_agaricoid	Chondrostereum purpureum	2025-10-31/2025-10-31	60.20359	24.78817	377403.456	6676138.781	31
other_agaricoid	Russula farinipes	2021-09-04T16:05/2021-09-04T16:47	60.255689	25.067297	393041.535	6681453.756	1
other_agaricoid	Cortinarius violaceus	2026-09-15/2026-09-15	60.25822	24.91458	384600.699	6681992.901	100
other_agaricoid	Panellus mitis	2020-10-28/2020-10-28	60.276728	24.960104	387183.012	6683974.756	1
other_agaricoid	Amanita muscaria	2020-09-21/2020-09-21	60.23778	24.81738	379148.012	6679891.279	100
other_agaricoid	Stropharia aeruginosa	2019-10-11/2019-10-11	60.211302	25.022289	390403.091	6676585.607	1000
other_agaricoid	Cortinarius angelesianus	2019-09-13T09:00/2019-09-13T14:00	60.275456	25.161291	398303.716	6683506.004	1000
other_agaricoid	Neofavolus suavissumus	2023-09-21/2023-09-21	60.216133	25.127181	396229.977	6676953.954	1
other_agaricoid	Cortinarius evernius	2015-08-11/2015-08-11	60.233805	25.142897	397155.997	6678896.983	1
other_agaricoid	Mycena plumipes	2021-04-27/2021-04-27	60.266033	24.929546	385455.983	6682836.679	1000
other_agaricoid	Russula claroflava	2018-09-19/2018-09-19	60.2289	24.984203	388352.807	6678608.755	100
other_agaricoid	Pleurotus pulmonarius	2020-07-07/2020-07-07	60.206094	25.170941	398623.251	6675768.191	1
other_agaricoid	Russula vesca	2023-09-04/2023-09-04	60.38797	24.74676	375810.323	6696743.236	10
other_agaricoid	Neofavolus suavissumus	2023-09-21/2023-09-21	60.215345	25.127353	396237.016	6676865.946	1
other_agaricoid	Lycoperdon excipuliforme	2024-04-28/2024-04-28	60.24077	25.06867	393068.875	6679790.452	56
other_agaricoid	Amanita rubescens	2018-09-18/2018-09-18	60.245041	24.971335	387695.507	6680427.674	100
other_agaricoid	Tricholoma sulphureum	2019-10-06/2019-10-06	60.212328	24.97458	387763.304	6676780.01	1
other_agaricoid	Russula subfoetens	2009-08-08/2009-08-08	60.328831	24.756634	376130.228	6690140.709	100
other_agaricoid	Kuehneromyces mutabilis	2019-08-31/2019-08-31	60.33919	25.03473	391516.688	6690803.949	1000
other_agaricoid	Lactarius aurantiacus	2023-08-05/2023-08-05	60.23572	24.88242	382741.081	6679544.588	20
other_agaricoid	Agaricus sylvaticus	2019-10-12/2019-10-12	60.223189	24.923637	384979.015	6678076.927	1
other_agaricoid	Hygrophoropsis aurantiaca	2024-09-29/2024-09-29	60.27254	24.93397	385723.374	6683553.466	13
other_agaricoid	Pholiota spumosa	2025-09-06/2025-09-06	60.22835	25.02878	390819.425	6678472.939	10
other_agaricoid	Xeromphalina campanella	2025-07-15/2025-07-15	60.25773	24.92845	385366.329	6681914.167	10
other_agaricoid	Amanita citrina	2025-09-04/2025-09-06	60.287278	24.814242	379156.932	6685407.693	1
other_agaricoid	Lycoperdon excipuliforme	2025-11-08/2025-11-08	60.21145	25.02256	390418.599	6676601.635	374
other_agaricoid	Tephrocybe rancida	2020-09-09/2020-09-09	60.219698	25.003417	389385.776	6677551.879	100
other_agaricoid	Phlegmacium triumphans	2026-09-16/2026-09-16	60.22313	25.00378	389417.442	6677933.38	100
other_agaricoid	Pleurotus ostreatus	2020-10-11/2020-10-11	60.210015	24.971956	387610.014	6676526.954	1
other_agaricoid	Amanita rubescens	2023-07-21/2023-07-21	60.26756	24.90593	384155.164	6683047.926	100
other_agaricoid	Amanita fulva	2016-08-31/2016-08-31	60.21927	24.752798	375502.823	6677950.625	1
other_agaricoid	Aspropaxillus giganteus	2017-08-13/2017-08-13	60.281795	25.125322	396334.744	6684267.796	1
other_agaricoid	Pholiota squarrosa	2021-09-26/2021-09-26	60.26788	24.98618	388594.768	6682945.329	60
other_agaricoid	Clitocybe nebularis	2010-09-26/2010-09-26	60.212164	25.022593	390422.81	6676681.076	1000
other_agaricoid	Tricholoma columbetta	2021-09-16/2021-09-16	60.213481	24.975324	387808.462	6676907.115	1000
other_agaricoid	Hygrophorus camarophyllus	2025-09-18/2025-09-18	60.26802	25.15668	398025.594	6682685.175	887
other_agaricoid	Amanita regalis	2020-07-15/2020-07-15	60.234755	25.165337	398401.421	6678967.999	1
other_agaricoid	Tapinella atrotomentosa	2020-08-13/2020-08-13	60.22418	24.83275	379949.107	6678349.123	10
other_agaricoid	Coprinellus micaceus	2020-11-24/2020-11-24	60.22527	24.96873	387483.556	6678230.882	10
other_agaricoid	Phlegmacium argutum	2014-09-24/2014-09-24	60.295407	25.151445	397821.512	6685742.63	100
other_agaricoid	Gymnopus confluens	2024-07-21/2024-07-21	60.200383	24.824168	379386.48	6675715.429	1
other_agaricoid	Lactarius rufus	2026-09-06/2026-09-06	60.19875	24.92043	384715.657	6675361.625	39
other_agaricoid	Kuehneromyces mutabilis	2025-06-27/2025-06-27	60.20294	24.82557	379473.558	6675997.541	10
other_agaricoid	Amanita citrina	2021-09-10/2021-09-10	60.30336	25.00941	389998.84	6686856.612	19
other_agaricoid	Stropharia aeruginosa	2021-10-04/2021-10-04	60.2608	24.9167	384727.058	6682276.438	10
other_agaricoid	Lactifluus bertillonii	2023-08-22/2023-09-20	60.290633	25.163318	398462.87	6685192.74	1000
other_agaricoid	Lactarius flexuosus	2009-08-11/2009-08-11	60.214518	24.793322	377729.632	6677345.832	1
other_agaricoid	Mycena polygramma	2024-10-16/2024-10-16	60.21874	24.990445	388664.004	6677467.029	1
other_agaricoid	Mycena viscosa	2023-11-14/2023-11-14	60.278649	25.100525	394953.693	6683956.745	1
other_agaricoid	Russula nitida	2020-10-01/2020-10-01	60.22204	25.0422	391541.731	6677748.266	106
other_agaricoid	Coprinellus disseminatus	2020-09-27/2020-09-27	60.24463	24.97241	387753.599	6680380.085	20
other_agaricoid	Aspropaxillus giganteus	2018-08-29/2018-08-29	60.405213	25.016886	390753.149	6698184.443	1
other_agaricoid	Amanita muscaria	2021-09-25/2021-09-25	60.22411	24.91917	384734.852	6678187.259	100
other_agaricoid	Chlorophyllum olivieri	2023-10-01/2023-10-01	60.26582	24.90577	384140.163	6682854.485	100
other_agaricoid	Strobilurus stephanocystis	2020-04-15/2020-04-15	60.206078	25.15558	397771.957	6675790.1	1
other_agaricoid	Amanita muscaria	2023-08-30/2023-08-30	60.25823	24.92758	385319.946	6681971.346	10
other_agaricoid	Tapinella atrotomentosa	2025-07-30/2025-07-30	60.21624	24.91429	384436.895	6677319.593	10
other_agaricoid	Apioperdon pyriforme	2024-09-17/2024-09-17	60.22888	25.07215	393222.833	6678460.988	16
other_agaricoid	Marasmiellus perforans	2017-08-11/2017-08-11	60.234091	25.143423	397186.017	6678928.007	1
other_agaricoid	Mycena haematopus	2023-08-30/2023-08-30	60.19911	24.95105	386414.002	6675348.625	10
other_agaricoid	Pholiota squarrosa	2020-09-30/2020-09-30	60.22234	24.9661	387327.851	6677909.154	316
other_agaricoid	Russula claroflava	2022-08-30/2022-08-30	60.24413	25.06369	392804.182	6680172.633	24
other_agaricoid	Russula decolorans	2024-09-15/2024-09-15	60.367968	25.067582	393423.728	6693954.522	1
other_agaricoid	Pleurotus dryinus	2020-09-26/2020-09-26	60.27419	25.1241	396243.098	6683422.961	100
other_agaricoid	Agaricus bernardii	2019-08-28/2019-08-28	60.197681	24.970227	387471.983	6675156.684	10
other_agaricoid	Lactarius fuliginosus	2023-09-09/2023-09-09	60.299321	24.799758	378401.103	6686775.077	1
other_agaricoid	Coprinopsis lagopides	2025-10-15/2025-10-15	60.225155	25.017128	390163.493	6678136.548	1
other_agaricoid	Cyathus striatus	2020-11-02/2020-11-02	60.276701	24.952119	386741.402	6683985.433	1
other_agaricoid	Aspropaxillus giganteus	2025-09-07/2025-09-07	60.20046	25.06678	392832.767	6675305.427	17
other_agaricoid	Cortinarius rubellus	2023-10-21/2023-10-21	60.21091	24.81136	378715.534	6676910.873	100
other_agaricoid	Lycoperdon perlatum	2009-09-04/2009-09-04	60.213928	24.782716	377139.903	6677299.843	1
other_agaricoid	Aphanobasidium pseudotsugae	2015-09-12/2015-09-12	60.22095	24.97306	387708.579	6677742.535	1
other_agaricoid	Lactarius pubescens	2023-09-03/2023-09-03	60.24729	24.91182	384409.483	6680780.846	10
other_agaricoid	Psathyrella candolleana	2025-07-01/2025-07-01	60.226137	24.922437	384922.889	6678407.233	1
other_agaricoid	Russula sanguinea	2020-08-09/2020-08-09	60.30843	25.11607	395907.951	6687247.969	10
other_agaricoid	Armillaria borealis	2025-09-06/2025-09-06	60.23598	25.14184	397104.292	6679140.8	14
other_agaricoid	Hygrophoropsis rufa	2023-09-06T13:51/2023-09-06T14:18	60.209927	25.03622	391170.383	6676409.468	100
other_agaricoid	Cantharellula umbonata	2025-10-04/2025-10-04	60.35248	24.76933	376920.189	6692749.775	10
other_agaricoid	Pleurotus pulmonarius	2024-08-25/2024-08-25	60.23756	24.96074	387083.36	6679612.849	100
other_agaricoid	Cyathus striatus	2017-08-08/2017-08-08	60.242157	25.123022	396081.999	6679858.046	1
other_agaricoid	Amanita rubescens	2026-07-16/2026-07-16	60.22791	24.95495	386729.526	6678548.381	10
other_agaricoid	Russula postiana	2019-10-13/2019-10-13	60.234863	25.140725	397039.056	6679018.17	1
other_agaricoid	Tricholoma portentosum	2019-10-19/2019-10-19	60.297449	24.799198	378363.204	6686567.698	1000
other_agaricoid	Mycetinis scorodonius	2023-08-25/2023-08-25	60.343653	25.088321	394488.767	6691213.881	1
other_agaricoid	Gomphidius glutinosus	2024-09-29/2024-09-29	60.19827	25.01349	389871.911	6675149.302	195
other_agaricoid	Chondrostereum purpureum	2021-09-30/2021-09-30	60.26067	24.78247	377301.198	6682504.062	100
other_agaricoid	Tricholoma album	2025-09-25/2025-09-25	60.277352	24.965347	387475.059	6684035.274	1
other_agaricoid	Mycena galericulata	2023-07-26/2023-07-26	60.2267	25.07324	393276.105	6678216.505	10
other_agaricoid	Amanita rubescens	2017-08-10/2017-08-10	60.21677	24.941063	385921.824	6677332.024	1000
other_agaricoid	Amanita fulva	2021-08-30/2021-08-30	60.21606	24.85637	381227.814	6677402.375	15
other_agaricoid	Coprinellus micaceus	2020-07-07/2020-07-07	60.21668	24.88876	383024.242	6677413.554	10
other_agaricoid	Gymnopus confluens	2019-09-23/2019-09-23	60.238424	24.979273	388112.287	6679677.475	100
other_agaricoid	Agaricus sylvicola	2010-10-09/2010-10-09	60.270446	24.933725	385702.521	6683320.754	1000
other_agaricoid	Russula brevipes	2020-07-25/2020-07-25	60.20647	25.02851	390731.694	6676037.31	10
other_agaricoid	Xeromphalina campanella	2021-08-23/2021-08-23	60.64243	24.89668	384977.09	6724801.06	100
other_agaricoid	Amanita fulva	2024-07-26/2024-07-26	60.49417	25.1116	396253.904	6707935.984	10
other_agaricoid	Lactarius torminosus	2017-09-21/2017-09-21	60.447188	24.980422	388888.153	6702918.941	1
other_agaricoid	Hygrophoropsis aurantiaca	2019-09-04/2019-09-04	60.449004	24.980891	388920.152	6703120.343	1
other_agaricoid	Hygrophoropsis rufa	2018-09-02/2018-09-02	60.447972	24.980511	388895.726	6703006.081	1
other_agaricoid	Inocybe napipes	2017-07-23/2017-07-25	60.447576	24.98228	388991.678	6702959.007	1
other_agaricoid	Amanita fulva	2024-08-16/2024-08-16	60.49388	25.11059	396197.5	6707905.286	10
other_agaricoid	Russula claroflava	2024-07-28/2024-07-28	60.47827	25.11258	396256.964	6706164.056	10
other_agaricoid	Amanita porphyria	2024-09-04/2024-09-04	60.49439	25.04632	392668.942	6708065.149	10
other_agaricoid	Lactarius deterrimus	2023-08-06/2023-08-06	60.56168	24.95117	387676.061	6715716.146	24
other_agaricoid	Lactarius lilacinus	2017-09-08/2017-09-08	60.621972	24.810646	380197.483	6722676.991	1
other_agaricoid	Lactarius trivialis	2023-09-11/2023-09-12	60.556409	25.032797	392132.652	6714992.642	1000
other_agaricoid	Lactifluus piperatus	2012-08-10/2012-08-10	60.477393	25.064532	393613.619	6706143.089	1000
other_agaricoid	Clitocybula platyphylla	2017-08-19/2017-08-19	60.44864	24.98135	388944.155	6703079.041	1
other_agaricoid	Agaricus sylvicola	2017-10-12/2017-10-12	60.548212	24.776359	378044.005	6714527.958	1
other_agaricoid	Russula azurea	2025-09-28/2025-09-28	60.58295	24.724567	375338.062	6718492.541	1000
other_agaricoid	Agrocybe praecox	2018-07-06/2018-07-06	60.447185	24.97981	388854.48	6702919.64	1
other_agaricoid	Mycena maculata	2018-11-14/2018-11-14	60.449721	24.979353	388838.008	6703202.769	1
other_agaricoid	Lactarius turpis	2026-08-28/2026-08-28	60.581145	24.724144	375307.937	6718292.388	1
other_agaricoid	Tricholomopsis decora	2024-07-26/2024-07-26	60.49435	25.11184	396267.662	6707955.648	10
other_agaricoid	Lepiota clypeolaria	2020-09-12/2020-09-12	60.447236	24.980437	388889.142	6702924.26	1
other_agaricoid	Gomphidius glutinosus	2024-09-16/2024-09-16	60.48001	25.10879	396054.25	6706363.775	10
other_agaricoid	Lactarius glyciosmus	2017-09-02/2017-09-02	60.448945	24.982286	388996.679	6703111.421	1
other_agaricoid	Lactarius torminosus	2020-09-16/2020-09-16	60.42278	25.07327	393915.873	6700048.225	10
other_agaricoid	Gomphidius roseus	2020-09-26/2020-09-26	60.722028	24.848468	382631.491	6733748.714	1
other_agaricoid	Leucocybe connata	2022-09-25/2022-09-25	60.7576	24.77475	378745.386	6737843.176	10
other_agaricoid	Typhula micans	2023-09-10/2023-09-10	60.723266	24.848684	382647.788	6733886.166	1
other_agaricoid	Clitocybe odora	2023-09-27/2023-09-27	60.723722	24.840404	382197.903	6733951.761	1000
other_agaricoid	Mycena plumipes	2020-04-20/2020-04-20	60.72294	24.849022	382665.031	6733849.265	1
other_agaricoid	Agaricus sylvaticus	2023-09-27/2023-09-27	60.723722	24.840404	382197.903	6733951.761	1000
other_agaricoid	Schizophyllum commune	2025-11-09/2025-11-16	60.765436	24.767926	378403.314	6738728.231	1000
other_agaricoid	Phlegmacium triumphans	2023-09-07/2023-09-07	60.8341	24.74319	377319.122	6746419.077	248
other_agaricoid	Tricholoma imbricatum	2017-09-30/2017-09-30	60.77697	24.905167	385918.985	6739766.04	1
other_agaricoid	Amanita muscaria	2022-09-30/2022-09-30	60.74301	24.76945	378401.46	6736228.581	11
other_agaricoid	Ampulloclitocybe clavipes	2020-09-05/2020-09-05	60.72286	24.812046	380648.216	6733906.991	1000
other_agaricoid	Russula aeruginea	2021-09-15/2021-09-15	60.75697	24.81926	381167.801	6737691.644	10
other_agaricoid	Pholiota squarrosa	2025-09-30/2025-09-30	61.05277	25.04291	394335.713	6770244.525	170
other_agaricoid	Gymnopilus penetrans	2025-09-10T10:56/2025-09-10T12:59	61.08937	25.004105	392365.36	6774383.182	1
other_agaricoid	Amanita crocea	2025-09-09/2025-09-09	61.054551	25.045998	394508.322	6770437.86	100
other_agaricoid	Russula gracillima	2025-09-09/2025-09-09	61.089742	25.004751	392401.453	6774423.542	1000
other_agaricoid	Amanita muscaria	2024-08-24/2024-08-24	61.21226	25.08583	397172.317	6787935.788	19
other_agaricoid	Laccaria bicolor	2020-08-01/2020-08-01	61.29592	24.92341	388745.358	6797517.635	90
other_agaricoid	Inocybe mixtilis	2025-09-09/2025-09-09	61.103775	24.991736	391747.707	6776007.582	1000
other_agaricoid	Tricholoma virgatum	2022-09-07/2022-09-07	61.230824	25.052727	395456.016	6790055.485	1000
other_agaricoid	Cortinarius decipiens	2025-09-09/2025-09-09	61.103775	24.991736	391747.707	6776007.582	1000
other_agaricoid	Armillaria ostoyae	2026-08-31/2026-08-31	61.20358	25.11908	398930.315	6786917.367	100
other_agaricoid	Panaeolus cinctulus	2020-07-13/2020-07-13	61.32094	24.94667	390078.86	6800264.239	50
other_agaricoid	Cystoderma amianthinum	2018-10-20/2018-10-20	61.32046	24.9449	389982.446	6800213.771	132
other_agaricoid	Lactarius mammosus	2024-09-21/2024-09-21	61.702222	25.002571	394372.211	6842629.497	1000
other_agaricoid	Lactarius torminosus	2021-08-21/2021-08-21	61.709	24.945	391352.304	6843479.089	1
other_agaricoid	Mycena galericulata	2009-08-30/2009-08-30	61.573567	24.738074	379890.968	6828761.947	10
other_agaricoid	Russula pyrenaica	2013-09-12/2013-09-12	61.744517	25.104905	399919.958	6847177.705	100
other_agaricoid	Pleurotus pulmonarius	2026-07-29/2026-07-29	61.64933	25.00878	394520.219	6836729.447	10
other_agaricoid	Inocybe grammata	2013-09-13/2013-09-13	61.772585	24.962097	392477.935	6850531.346	10
other_agaricoid	Gomphidius glutinosus	2020-10-03/2020-10-03	61.99185	24.628664	375782.5	6875542.172	100
other_agaricoid	Thaxterogaster variegatus	2023-09-14/2023-09-14	62.044518	24.848276	387477.839	6881006.15	1000
other_agaricoid	Cortinarius lepidopus	2023-09-01/2023-09-01	62.205235	24.982882	395072.463	6898678.02	1000
other_agaricoid	Lycoperdon perlatum	2023-09-15/2023-09-15	62.195006	24.783957	384688.469	6897877.168	100
other_agaricoid	Cortinarius brunneus	2023-09-03/2023-09-03	62.20857	24.947094	393223.046	6899107.922	1000
other_agaricoid	Agaricus arvensis	2024-06-20/2024-06-20	62.44086	24.96748	395096.166	6924943.777	10
other_agaricoid	Cortinarius caperatus	2024-08-03/2024-08-03	63.48782	24.79738	390313.697	7041829.52	970
other_agaricoid	Cortinarius rubellus	2024-08-03/2024-08-03	63.48871	24.79974	390434.594	7041924.602	970
other_agaricoid	Amanita muscaria	2026-08-27/2026-08-27	63.94644	24.52176	378575.191	7093405.532	10
other_agaricoid	Tricholoma equestre	2026-08-25/2026-08-25	64.0655	24.49836	377949.818	7106709.71	12
other_agaricoid	Russula claroflava	2016-07-21/2016-07-21	64.430301	24.81146	394619.068	7146781.032	1000
other_agaricoid	Laccaria bicolor	2026-08-13/2026-08-13	64.395	24.73582	390837.861	7142976.734	10
other_agaricoid	Russula cessans	2019-09-19/2019-09-19	64.692344	24.568172	384027.957	7176393.021	1
other_agaricoid	Lycoperdon utriforme	2024-10-12/2024-10-12	65.03993	24.56115	385186.008	7215120.525	10
other_agaricoid	Collybia cirrhata	2025-09-16/2025-09-16	65.01383	24.67071	390234.702	7212018.657	10
other_agaricoid	Pleurotus pulmonarius	2026-07-08/2026-07-08	64.94539	24.77373	394819.237	7204219.905	10
other_agaricoid	Amanita rubescens	2024-09-30/2024-09-30	65.01724	24.73588	393318.338	7212286.9	100
other_agaricoid	Hygrocybe conica	2018-09-24T09:00/2018-09-24T10:00	65.016976	24.57703	385835.233	7212535.048	100
other_agaricoid	Cystoderma carcharias	2024-09-30/2024-09-30	65.01719	24.73751	393394.916	7212278.58	100
other_agaricoid	Bovista aestivalis	2023-07-30/2023-07-30	65.819294	24.5246	386879.067	7301997.966	1
other_agaricoid	Panaeolina foenisecii	2017-09-01/2017-09-01	65.811502	24.549706	387992.012	7301084.998	10
other_agaricoid	Henningsomyces candidus	2021-09-10/2021-09-10	66.060505	24.725168	397016.003	7328522.989	1
other_agaricoid	Clitocybe odora	2021-09-10/2021-09-10	66.0592	24.72685	397086.848	7328374.843	1
other_agaricoid	Inocybe geophylla	2021-09-10/2021-09-10	66.12869	24.70847	396538.228	7336146.63	1
other_agaricoid	Cortinarius trivialis	2021-09-11T10:18/2021-09-11T13:13	66.313762	24.64115	394277.089	7356876.894	1
other_agaricoid	Lactarius fennoscandicus	2014-08-22/2014-08-22	66.800218	24.315589	382023.156	7411650.089	100
other_agaricoid	Hypholoma capnoides	2021-08-28/2021-08-28	67.760786	24.101977	377636.289	7519059.624	1
other_agaricoid	Lentinellus vulpinus	2013-08-23/2013-08-23	68.093142	24.088682	378819.972	7556106.043	10
other_agaricoid	Hygrophoropsis aurantiaca	2021-08-09/2021-08-09	60.16963	25.43036	412903.206	6671337.79	10
other_agaricoid	Amanita rubescens	2019-07-31/2019-07-31	60.17039	25.4297	412868.601	6671423.286	10
other_agaricoid	Gymnopus peronatus	2019-10-20/2019-10-20	60.270802	25.230633	402124.387	6682882.918	1
other_agaricoid	Hygrophorus pustulatus	2019-10-20/2019-10-20	60.271568	25.232461	402227.776	6682965.498	1
other_agaricoid	Pholiota limonella	2019-10-20/2019-10-20	60.271105	25.231354	402165.169	6682915.586	1
other_agaricoid	Strobilurus esculentus	2018-09-30/2018-09-30	60.288277	25.214813	401302.086	6684852.248	1
other_agaricoid	Clitocybe odora	2012-10-02/2012-10-02	60.348901	25.196456	400472.012	6691630.038	1
other_agaricoid	Amanita virosa	2020-08-09/2020-08-09	60.283333	25.416666	412447.212	6684016.76	1
other_agaricoid	Amanita muscaria	2018-08-27/2018-08-27	60.298488	25.19522	400250.143	6686018.667	1000
other_agaricoid	Porotheleum fimbriatum	2023-08-29/2023-08-29	60.267195	25.212742	401123.995	6682507.976	1
other_agaricoid	Russula vitellina	2013-08-21/2013-08-21	60.347836	25.210705	401254.988	6691490.025	1
other_agaricoid	Neofavolus suavissumus	2023-09-25/2023-09-25	60.27396	25.24456	402904.019	6683213.967	1
other_agaricoid	Deconica montana	2013-09-20/2013-09-20	60.346417	25.195469	400409.982	6691354.947	1
other_agaricoid	Tricholoma saponaceum	2017-10-21/2017-10-21	60.283846	25.216753	401395.985	6684355.976	1
other_agaricoid	Strobilurus stephanocystis	2020-04-20/2020-04-20	60.24307	25.20309	400516.941	6679836.301	180
other_agaricoid	Russula alnetorum	2018-09-14/2018-09-14	60.283333	25.416666	412447.212	6684016.76	1
other_agaricoid	Russula emetica	2018-10-14/2018-10-14	60.345373	25.194328	400343.837	6691240.426	1
other_agaricoid	Lactarius tabidus	2023-09-03/2023-09-03	60.242668	25.207655	400768.417	6679784.667	1
other_agaricoid	Schizophyllum commune	2022-05-05/2022-05-05	60.24139	25.21253	401034.417	6679635.048	11
other_agaricoid	Hygrophorus piceae	2013-11-08/2013-11-08	60.343895	25.219565	401732.007	6691037.971	1
other_agaricoid	Infundibulicybe squamulosa	2019-08-17/2019-08-17	60.262697	25.281899	404936.311	6681905.494	1
other_agaricoid	Hygrocybe citrinovirens	2012-08-03/2012-08-03	60.345193	25.21654	401568.986	6691187.011	1
other_agaricoid	Cortinarius infractus	2023-09-01/2023-09-15	60.420139	25.213696	401638.299	6699536.238	1000
other_agaricoid	Cortinarius bolaris	2023-10-01/2023-10-01	60.35065	25.18789	400004.735	6691837.745	40
other_agaricoid	Kuehneromyces mutabilis	2026-08-14/2026-08-14	60.28202	25.19581	400232.581	6684184.152	165
other_agaricoid	Gomphidius glutinosus	2018-10-07/2018-10-07	60.316045	25.434784	413535.403	6687635.386	1
other_agaricoid	Amanita citrina	2019-10-03/2019-10-03	60.350575	25.206906	401053.667	6691800.698	1000
other_agaricoid	Cystoderma carcharias	2024-10-18/2024-10-18	60.36715	25.57324	421306.222	6693152.713	100
other_agaricoid	Lactifluus volemus	2013-08-21/2013-08-21	60.347252	25.210737	401254.989	6691424.951	1
other_agaricoid	Lactarius helvus	2019-09-21/2019-09-21	60.274646	25.217509	401410.096	6683330.472	1
other_agaricoid	Lactarius deterrimus	2023-09-06/2023-09-06	60.293477	25.419222	412615.605	6685142.916	100
other_agaricoid	Panellus mitis	2025-11-05/2025-11-05	60.26908	25.21046	401003.464	6682721.283	10
other_agaricoid	Cortinarius trivialis	2019-09-01/2019-09-01	60.291139	25.210884	401093.545	6685176.803	1
other_agaricoid	Clitocybe nebularis	2024-10-12/2024-10-12	60.3899	25.26913	404601.78	6696087.678	100
other_agaricoid	Amanita muscaria	2018-09-07/2018-09-07	60.342665	25.18877	400028.854	6690947.319	1
other_agaricoid	Gymnopus dryophilus	2012-10-02/2012-10-02	60.348901	25.196456	400472.012	6691630.038	1
other_agaricoid	Lentinellus castoreus	2022-10-13/2022-10-13	60.28388	25.217963	401462.983	6684357.954	1
other_agaricoid	Coprinellus micaceus	2026-08-14/2026-08-14	60.28202	25.19581	400232.581	6684184.152	165
other_agaricoid	Panellus mitis	2022-10-07/2022-10-07	60.293477	25.419222	412615.605	6685142.916	100
other_agaricoid	Gomphidius glutinosus	2018-09-14/2018-09-14	60.419061	25.213269	401611.535	6699416.843	1
other_agaricoid	Lactarius aquizonatus	2019-09-17/2019-09-17	60.258001	25.395033	411182.509	6681224.949	1
other_agaricoid	Armillaria borealis	2018-09-02/2018-09-02	60.547851	25.202007	401383.222	6713774.186	1
other_agaricoid	Marasmiellus perforans	2017-09-23/2017-09-23	60.467821	25.540552	419751.876	6704402.536	1000
other_agaricoid	Tubaria furfuracea	2020-01-12/2020-01-12	60.577931	25.595361	423026.991	6716598.765	1
other_agaricoid	Pleurotus viscidus	2011-09-21/2011-09-21	60.529761	25.597162	423011.28	6711232.455	100
other_agaricoid	Rhodocollybia asema	2023-10-23/2023-10-23	60.473888	25.237167	403090.737	6705486.276	1
other_agaricoid	Amanita rubescens	2023-08-21/2023-08-21	60.72561	25.46662	416356.651	6733201.572	12
other_agaricoid	Coprinopsis acuminata	2024-08-13/2024-08-13	60.85926	25.59333	423586.732	6747930.6	100
other_agaricoid	Amanita fulva	2021-07-30/2021-07-30	60.99181	25.49585	418630.794	6762809.269	100
other_agaricoid	Russula atrorubens	2026-08-15/2026-08-15	61.01526	25.590581	423811.041	6765306.856	1
other_agaricoid	Amanita muscaria	2026-07-22/2026-07-22	60.99299	25.57709	423027.954	6762842.495	68
other_agaricoid	Cortinarius traganus	2025-09-02/2025-09-02	60.98731	25.49657	418658.236	6762307.236	100
other_agaricoid	Rhodocollybia butyracea	2026-09-12/2026-09-12	60.975824	25.562648	422204.856	6760947.847	1
other_agaricoid	Kuehneromyces mutabilis	2020-07-26/2020-07-26	60.98533	25.49901	418785.182	6762083.708	32
other_agaricoid	Pholiota squarrosa	2024-11-16/2024-11-16	60.98272	25.56196	422184.481	6761716.641	10
other_agaricoid	Gymnopilus penetrans	2021-09-14/2021-09-14	60.99818	25.54753	421441.908	6763455.576	10
other_agaricoid	Lactarius lignyotus	2019-09-21/2019-09-21	61.009142	25.502346	419026.3	6764731.385	1
other_agaricoid	Coprinus comatus	2020-09-05/2020-09-05	60.99247	25.54414	421244.444	6762823.75	241
other_agaricoid	Cortinarius semisanguineus	2026-08-29/2026-08-29	61.01376	25.57701	423073.884	6765155.669	10
other_agaricoid	Mallocybe dulcamara	2016-08-22/2016-08-22	61.063034	25.579258	423314.475	6770640.528	1000
other_agaricoid	Hygrophorus olivaceoalbus	2025-09-18/2025-09-18	61.011389	25.54068	421104.241	6764934.837	1
other_agaricoid	Amanita rubescens	2021-08-26/2021-08-26	60.98813	25.50049	418872.389	6762393.694	100
other_agaricoid	Tricholoma inamoenum	2020-09-26/2020-09-26	60.955879	25.544162	421155.078	6758748.763	1
other_agaricoid	Mycena viridimarginata	2024-07-13/2024-07-13	61.002443	25.217815	403624.672	6764370.596	1
other_agaricoid	Chlorophyllum olivieri	2020-09-26/2020-09-26	60.955954	25.543956	421144.108	6758757.364	1
other_agaricoid	Pluteus leoninus	2022-07-31/2022-07-31	61.019643	25.512032	419576.502	6765888.891	1
other_agaricoid	Russula decolorans	2020-07-18/2020-07-18	60.988	25.50101	418900.188	6762378.573	40
other_agaricoid	Russula paludosa	2022-08-02/2022-08-02	61.02677	25.19313	402364.766	6767116.113	200
other_agaricoid	Lycoperdon excipuliforme	2023-09-09/2023-09-09	60.99625	25.56606	422439.302	6763218.559	556
other_agaricoid	Phlegmacium balteatocumatile	2021-09-10/2021-09-10	61.178128	25.537289	421336.02	6783508.113	1000
other_agaricoid	Inocybe napipes	2021-09-06/2021-09-06	61.208573	25.592469	424376.254	6786833.637	1000
other_agaricoid	Hypholoma capnoides	2024-10-31/2024-10-31	61.19962	25.14245	400173.313	6786440.487	10
other_agaricoid	Cuphophyllus virgineus	2012-10-06/2012-10-06	61.29087	25.593151	424610.239	6795998.318	100
other_agaricoid	Amanita porphyria	2022-09-06/2022-09-06	61.227466	25.141655	400218.772	6789542.539	1000
other_agaricoid	Gomphidius glutinosus	2019-10-11/2019-10-11	61.483359	25.586778	424733.056	6817443.694	100
other_agaricoid	Hypsizygus tessulatus	2024-09-12/2024-09-18	61.356183	25.321749	410255.467	6803615.301	1000
other_agaricoid	Phyllotopsis nidulans	2022-10-30/2022-10-30	61.424657	25.534651	421810.231	6810967.204	100
other_agaricoid	Leucocybe connata	2022-09-12/2022-09-12	61.35069	25.25138	406476.711	6803102.361	100
other_agaricoid	Pholiota squarrosoides	2016-09-15/2016-09-15	61.740795	25.305462	410498.775	6846470.892	1
other_agaricoid	Calonarius flavipallens	2017-09-29/2017-09-29	61.742851	25.18073	403918.331	6846877.821	100
other_agaricoid	Cortinarius biformis	2023-08-30/2023-08-30	61.909485	25.270863	409171.593	6865306.002	1000
other_agaricoid	Cortinarius agathosmus	2010-09-04/2010-09-04	62.220346	25.500009	422007.575	6899630.629	1000
other_agaricoid	Gymnopus impudicus	2010-09-04/2010-09-04	62.256289	25.524273	423360.294	6903605.113	1000
other_agaricoid	Amanita submembranacea	2024-09-18/2024-09-18	62.23758	25.52747	423478.899	6901517.446	100
other_agaricoid	Kuehneromyces mutabilis	2025-09-13/2025-09-13	62.24694	25.43575	418738.446	6902671.758	100
other_agaricoid	Cystodermella granulosa	2023-08-28/2023-08-28	62.250755	25.183478	405647.353	6903438.852	100
other_agaricoid	Stropharia aeruginosa	2024-09-15/2024-09-15	62.22705	25.3906	416338.205	6900513.904	100
other_agaricoid	Lactarius deliciosus	2018-09-28/2018-09-28	62.349275	25.077388	400464.141	6914570.201	1
other_agaricoid	Mycena galericulata	2025-09-08/2025-09-08	62.48362	25.399314	417498.533	6929079.955	1
other_agaricoid	Mycena galopus	2012-09-05/2012-09-05	62.542754	25.08881	401692.832	6936100.965	1
other_agaricoid	Inocybe lacera	2023-07-29/2023-07-29	63.76893	25.17871	410191.053	7072546.366	100
other_agaricoid	Lycoperdon excipuliforme	2021-09-05/2021-09-05	63.80087	25.24794	413701.808	7076008.904	10
other_agaricoid	Hygrocybe conica	2026-08-09/2026-08-09	64.30151	24.98446	402491.785	7132158.596	10
other_agaricoid	Phyllotopsis nidulans	2025-09-17/2025-09-17	64.30138	24.98526	402530.019	7132142.888	17
other_agaricoid	Conocybe apala	2024-07-05/2024-07-05	64.77207	25.40061	423942.344	7184013.021	59
other_agaricoid	Amanita muscaria	2025-09-13/2025-09-13	64.77166	25.40057	423939.288	7183967.388	100
other_agaricoid	Cortinarius semisanguineus	2026-08-20/2026-08-20	64.77268	25.40002	423916.009	7184081.694	100
other_agaricoid	Tapinella atrotomentosa	2026-09-05/2026-09-05	64.81312	25.239	416385.805	7188790.349	100
other_agaricoid	Cortinarius armeniacus	2025-10-24/2025-10-24	64.77184	25.40098	423959.289	7183986.95	100
other_agaricoid	Cortinarius caperatus	2023-08-25/2023-08-25	64.79016	25.27326	417942.413	7186187.503	144
other_agaricoid	Stropharia hornemannii	2022-09-22/2022-09-22	64.75702	25.24693	416589.187	7182529.711	110
other_agaricoid	Coprinopsis atramentaria	2024-09-08/2024-09-08	64.81567	25.39321	423713.793	7188879.709	10
other_agaricoid	Tapinella atrotomentosa	2020-09-03/2020-09-03	64.970405	25.211604	415580.722	7206350.194	1
other_agaricoid	Mycena megaspora	2025-09-24/2025-09-24	65.103918	25.380694	423942.25	7221011.11	1000
other_agaricoid	Inocybe geophylla	2022-08-22/2022-08-22	65.210974	25.282884	419673.532	7233060.416	1000
other_agaricoid	Coprinus comatus	2020-09-25/2020-09-25	65.16488	25.32554	421532.325	7227871.0	1
other_agaricoid	Lycoperdon subumbrinum	2022-08-18/2022-08-18	65.209456	25.281807	419618.554	7232892.654	1
other_agaricoid	Russula roseipes	2020-08-09/2020-08-09	66.212531	24.936041	407117.771	7345130.724	1000
other_agaricoid	Calonarius metarius	2013-09-05/2013-09-05	66.173328	25.136616	416011.757	7340479.381	100
other_agaricoid	Phlegmacium gentianeum	2016-09-08/2016-09-08	66.173937	25.158243	416988.319	7340518.404	1
other_agaricoid	Cortinarius sanguineus	2021-09-11/2021-09-11	66.265749	25.232667	420630.897	7350652.383	1
other_agaricoid	Pholiota squarrosa	2019-09-28/2019-09-28	66.398584	25.203465	419744.975	7365491.598	100
other_agaricoid	Homophron cernuum	2022-10-07/2022-10-07	66.275182	25.135796	416312.85	7351829.693	1000
other_agaricoid	Hygrophorus pustulatus	2017-10-08/2017-10-08	66.859557	25.256825	423563.252	7416793.369	100
other_agaricoid	Hygrophoropsis aurantiaca	2025-09-21/2025-09-21	60.2691	25.82552	435025.288	6681959.17	100
other_agaricoid	Hygrocybe punicea	2023-09-24/2023-09-24	60.40359	25.742211	430702.558	6697020.895	1
other_agaricoid	Strobilurus esculentus	2019-04-24/2019-04-24	60.378083	25.733678	430177.885	6694189.429	1
other_agaricoid	Mycena erubescens	2020-11-01/2020-11-01	60.343185	25.683841	427352.624	6690357.068	1
other_agaricoid	Hygrocybe cantharellus	2012-10-03/2012-10-03	60.35611	25.718146	429273.967	6691759.079	100
other_agaricoid	Gomphidius roseus	2024-09-22/2024-09-22	60.3666	25.6438	425196.359	6693009.305	10
other_agaricoid	Russula vesca	2020-09-03/2020-09-06	60.421346	25.953543	442376.5	6698794.701	1000
other_agaricoid	Hypholoma fasciculare	2019-05-21/2019-05-21	60.380428	25.654922	425841.184	6694536.597	1
other_agaricoid	Tricholoma viridilutescens	2017-09-02/2017-09-02	60.377211	25.730763	430015.302	6694095.415	1000
other_agaricoid	Crepidotus kubickae	2020-11-18/2020-11-18	60.380914	25.655395	425868.364	6694590.185	1
other_agaricoid	Melanophyllum haematospermum	2019-09-22/2019-09-22	60.374822	25.731838	430069.452	6693828.235	1
other_agaricoid	Russula postiana	2021-09-06/2021-09-11	60.421346	25.751106	431230.071	6698988.901	1000
other_agaricoid	Mycena haematopus	2012-09-24/2012-09-24	60.356	25.717987	429264.956	6691747.0	10
other_agaricoid	Lentinus brumalis	2025-03-22/2025-03-22	60.37409	25.74139	430594.58	6693736.622	100
other_agaricoid	Strobilurus stephanocystis	2026-06-18/2026-06-18	60.277115	25.802837	433786.706	6682874.275	1000
other_agaricoid	Schizophyllum commune	2020-05-05/2020-05-05	60.392589	25.693725	428007.183	6695847.805	1
other_agaricoid	Tricholoma columbetta	2014-10-06/2014-10-06	60.362284	25.726189	429730.987	6692438.011	1
other_agaricoid	Lactarius aurantiacus	2012-10-09/2012-10-09	60.35857	25.69695	428109.999	6692055.952	100
other_agaricoid	Hygrophorus pustulatus	2010-10-26/2010-10-26	60.402866	25.744157	430808.227	6696938.224	100
other_agaricoid	Tricholomopsis rutilans	2024-09-26/2024-09-26	60.27618	25.793143	433248.68	6682779.922	1
other_agaricoid	Clitopilus prunulus	2024-08-21/2024-08-21	60.276878	25.747156	430706.815	6682905.068	100
other_agaricoid	Lactarius tabidus	2010-10-11/2010-10-11	60.366033	25.70521	428581.995	6692878.047	10
other_agaricoid	Rhodocollybia asema	2017-10-01/2017-10-01	60.381544	25.655671	425885.011	6694660.031	100
other_agaricoid	Panaeolina foenisecii	2023-07-13/2023-07-13	60.384971	25.646144	425367.663	6695052.408	1
other_agaricoid	Lactarius tabidus	2024-09-18/2024-09-18	60.85918	25.67001	427751.565	6747834.796	34
other_agaricoid	Lactarius deterrimus	2018-09-09/2018-09-09	60.824005	25.794252	434428.153	6743786.938	1000
other_agaricoid	Lactarius deterrimus	2024-09-20/2024-09-20	60.85857	25.66946	427720.312	6747767.468	36
other_agaricoid	Amanita muscaria	2019-10-05/2019-10-05	60.975072	25.752581	432482.258	6760653.475	1000
other_agaricoid	Tapinella atrotomentosa	2025-08-29/2025-08-29	60.98102	26.06671	449493.297	6761032.996	100
other_agaricoid	Amanita vaginata	2019-10-07/2019-10-07	60.96931	25.624691	425547.289	6760150.322	1
other_agaricoid	Lycoperdon perlatum	2026-05-14/2026-05-14	60.95858	25.70768	430015.935	6758863.88	100
other_agaricoid	Cuphophyllus pratensis	2017-10-19/2017-10-19	60.980068	25.644605	426650.019	6761325.951	1
other_agaricoid	Neolentinus lepideus	2021-07-10/2021-07-10	60.97972	25.63118	425922.76	6761302.3	100
other_agaricoid	Armillaria borealis	2026-09-03/2026-09-03	61.017697	25.692883	429346.069	6765463.574	1
other_agaricoid	Crepidotus calolepis	2022-08-25/2022-08-25	61.004522	25.670808	428123.176	6764020.305	1
other_agaricoid	Lycoperdon perlatum	2020-10-04/2020-10-04	60.98815	25.83501	436969.37	6762027.863	10
other_agaricoid	Crucibulum laeve	2025-10-11/2025-10-11	60.9896	25.87047	438890.549	6762155.756	10
other_agaricoid	Lycoperdon echinatum	2023-10-08/2023-10-08	61.013386	25.648754	426951.077	6765031.875	1
other_agaricoid	Amanita regalis	2023-07-15/2023-07-15	61.17435	25.86445	438921.884	6782737.782	100
other_agaricoid	Lepiota grangei	2021-08-30/2021-08-30	61.199391	25.695753	429904.553	6785695.917	1
other_agaricoid	Gomphidius glutinosus	2019-10-05/2019-10-05	61.169428	25.868662	439138.936	6782185.663	1000
other_agaricoid	Cortinarius phoeniceus	2025-09-20/2025-09-20	61.12377	26.0146	446912.711	6776973.306	100
other_agaricoid	Cortinarius trivialis	2021-08-19/2021-08-19	61.228151	26.063897	449734.827	6788560.212	1000
other_agaricoid	Cortinarius caperatus	2021-09-06/2021-09-06	61.121949	25.862723	438727.522	6776903.22	10
other_agaricoid	Tricholoma frondosae	2021-09-09/2021-09-09	61.221677	25.766699	433763.981	6788104.007	100
other_agaricoid	Kuehneromyces mutabilis	2023-05-27/2023-05-27	61.231478	25.635696	426751.762	6789335.357	1
other_agaricoid	Parasola conopilus	2020-10-11/2020-10-11	61.230863	25.63636	426785.979	6789266.12	1
other_agaricoid	Lactarius pubescens	2021-09-08/2021-09-08	61.193758	25.686971	429420.017	6785078.005	1000
other_agaricoid	Thaxterogaster vespertinus	2021-09-06/2021-09-06	61.231391	25.63612	426774.321	6789325.193	1
other_agaricoid	Russula roseipes	2021-09-09/2021-09-09	61.220108	25.76501	433669.977	6787930.973	100
other_agaricoid	Tricholoma imbricatum	2025-09-20/2025-09-20	61.12362	26.01425	446893.605	6776956.883	100
other_agaricoid	Mycena pura	2024-10-31/2024-10-31	61.28158	25.69227	429900.565	6794853.288	100
other_agaricoid	Hygrocybe conica	2023-09-01/2023-09-01	61.16924	25.86575	438981.93	6782167.438	100
other_agaricoid	Stropharia hornemannii	2022-10-01/2022-10-01	61.217442	26.063933	449719.679	6787367.413	1000
other_agaricoid	Clitocybula platyphylla	2024-08-18T14:41/2024-08-18T14:47	61.497026	25.666124	428989.671	6818876.849	1
other_agaricoid	Lycoperdon excipuliforme	2021-09-09/2021-09-09	61.518839	26.000626	446833.348	6820987.798	1
other_agaricoid	Cortinarius camphoratus	2024-08-17T11:31/2024-08-17T14:19	61.533615	25.670302	429295.21	6822947.468	1000
other_agaricoid	Hypholoma capnoides	2020-12-07/2020-12-07	61.531371	25.649001	428157.492	6822720.834	1000
other_agaricoid	Russula vinosa	2024-08-18T14:41/2024-08-18T14:47	61.497026	25.666124	428989.671	6818876.849	1
other_agaricoid	Marasmius epiphyllus	2024-10-12/2024-10-12	61.49674	25.6781	429626.518	6818832.009	10
other_agaricoid	Tapinella atrotomentosa	2023-08-05/2023-08-05	61.5563	25.6618	428895.065	6825483.308	10
other_agaricoid	Russula queletii	2013-08-29/2013-08-29	61.756571	25.768874	435005.824	6847677.571	100
other_agaricoid	Cuphophyllus pratensis	2012-09-18/2012-09-18	61.858964	25.636995	428283.459	6859221.003	1
other_agaricoid	Gymnopus dryophilus	2019-08-14/2019-08-14	61.890508	26.007095	447809.245	6862381.621	1
other_agaricoid	Russula roseicolor	2012-08-13/2012-08-13	61.899315	25.72043	432761.637	6863626.164	10
other_agaricoid	Cantharellula umbonata	2023-10-06/2023-10-06	62.22348	25.76524	435803.651	6899688.51	100
other_agaricoid	Mycena picta	2025-09-29/2025-09-29	62.21798	25.65354	429984.101	6899191.629	100
other_agaricoid	Amanita muscaria	2021-09-04/2021-09-05	62.218474	25.803807	437798.317	6899093.25	1
other_agaricoid	Marasmiellus perforans	2021-08-16/2021-08-16	62.2124	25.6936	432054.473	6898527.414	343
other_agaricoid	Lepiota clypeolaria	2021-08-24/2021-08-24	62.12838	25.68122	431220.126	6889181.718	31
other_agaricoid	Hygrophorus erubescens	2019-10-09/2019-10-09	62.188373	25.877311	441562.09	6895671.798	1000
other_agaricoid	Cortinarius raphanoides	2013-09-16/2013-09-16	62.164172	25.650665	429709.746	6893201.248	1
other_agaricoid	Phaeolepiota aurea	2022-09-19/2022-09-19	62.12993	25.67749	431029.134	6889358.331	100
other_agaricoid	Lactarius lignyotus	2018-09-14/2018-09-14	62.207143	25.610329	427711.469	6898032.011	1
other_agaricoid	Asterophora lycoperdoides	2020-08-08/2020-08-08	62.20631	25.82081	438657.723	6897722.072	1
other_agaricoid	Tricholoma stiparophyllum	2021-08-24/2021-08-24	62.12849	25.67113	430694.195	6889204.72	28
other_agaricoid	Cortinarius cinnamomeus	2024-09-22/2024-09-22	62.16307	25.72623	433643.327	6892998.811	10
other_agaricoid	Collybia cirrhata	2019-10-02/2019-10-02	62.15867	25.768	435809.81	6892466.62	31
other_agaricoid	Tricholoma fulvum	2019-09-23/2019-09-23	62.16876	25.862195	440736.959	6893500.805	100
other_agaricoid	Stropharia aeruginosa	2025-10-17/2025-10-17	62.20735	25.61588	428000.684	6898048.884	100
other_agaricoid	Ampulloclitocybe clavipes	2023-09-02T12:28/2023-09-02T13:30	62.161675	25.730874	433882.188	6892838.677	1
other_agaricoid	Lycoperdon perlatum	2021-09-10/2021-09-10	62.2101	25.77566	436317.169	6898187.824	10
other_agaricoid	Pholiota limonella	2018-09-17/2018-09-17	62.251759	25.753731	435265.979	6902849.97	1
other_agaricoid	Amanita muscaria	2025-09-06/2025-09-06	62.25362	25.7554	435356.649	6903055.599	74
other_agaricoid	Mycena galericulata	2021-11-20/2021-11-20	62.30828	25.74429	434897.803	6909155.341	14
other_agaricoid	Mycetinis scorodonius	2021-08-17/2021-08-17	62.25732	25.7074	432872.04	6903516.595	31
other_agaricoid	Leucocybe connata	2023-09-17/2023-09-17	62.39613	25.93995	445201.465	6918759.937	10
other_agaricoid	Lactarius rufus	2019-10-13/2019-10-13	62.283726	25.634632	429155.463	6906535.477	1
other_agaricoid	Marasmiellus perforans	2026-09-10/2026-09-10	62.24729	25.6964	432278.338	6902410.821	10
other_agaricoid	Russula adusta	2025-09-17/2025-09-17	62.27101	25.77814	436574.209	6904970.187	100
other_agaricoid	Cyathus striatus	2021-08-01/2021-08-01	62.25003	25.74584	434852.409	6902665.292	10
other_agaricoid	Phyllotopsis nidulans	2023-01-01/2023-01-01	62.251432	25.707983	432889.222	6902860.131	1
other_agaricoid	Amanita fulva	2024-07-21/2024-07-21	62.285111	25.667253	430851.064	6906654.466	1
other_agaricoid	Mycena epipterygia	2019-09-28/2019-09-28	62.232799	25.933709	444578.993	6900570.964	1000
other_agaricoid	Entoloma sericeum	2020-09-13/2020-09-13	62.24979	25.74567	434843.061	6902638.73	10
other_agaricoid	Russula medullata	2021-08-27/2021-08-27	62.253	25.7427	434695.741	6902999.284	100
other_agaricoid	Cortinarius croceus	2021-08-30/2021-08-30	62.248405	25.68122	431492.35	6902550.991	1000
other_agaricoid	Mycena galericulata	2019-09-27/2019-09-27	62.258697	25.857715	440680.357	6903523.169	1000
other_agaricoid	Phaeolepiota aurea	2023-10-24/2023-10-24	62.247432	25.755739	435361.006	6902365.978	1
other_agaricoid	Schizophyllum commune	2023-11-07/2023-11-07	62.22685	25.80792	438029.352	6900022.317	100
other_agaricoid	Hypholoma fasciculare	2025-06-08/2025-06-08	62.324614	25.995423	447945.177	6910747.475	100
other_agaricoid	Lactarius vietus	2021-09-08T09:04/2021-09-08T12:16	62.252512	25.697665	432355.751	6902991.17	1
other_agaricoid	Lactarius lilacinus	2024-08-28/2024-08-28	62.301973	25.634234	429177.716	6908568.405	1
other_agaricoid	Coprinus comatus	2020-09-29/2020-09-29	62.24999	25.7451	434813.886	6902661.581	10
other_agaricoid	Marasmiellus perforans	2025-09-10/2025-09-10	62.22685	25.73976	434486.347	6900089.414	23
other_agaricoid	Panaeolina foenisecii	2020-07-29/2020-07-29	62.24221	25.68331	431586.874	6901858.73	100
other_agaricoid	Amanita rubescens	2020-08-09/2020-08-09	62.23051	25.75587	435331.586	6900480.906	18
other_agaricoid	Chondrostereum purpureum	2022-10-09/2022-10-09	62.230573	25.744757	434754.133	6900499.072	100
other_agaricoid	Lactarius vietus	2018-09-02/2018-09-02	62.25111	25.71148	433070.134	6902820.644	154
other_agaricoid	Lactarius glyciosmus	2021-08-18/2021-08-18	62.251961	25.691368	432027.471	6902936.391	100
other_agaricoid	Tricholoma frondosae	2019-10-09/2019-10-09	62.233857	25.92914	444343.482	6900692.737	100
other_agaricoid	Sarcomyxa serotina	2018-04-09/2018-04-09	62.251075	25.754024	435279.731	6902773.486	1000
other_agaricoid	Gomphidius glutinosus	2021-09-08T09:04/2021-09-08T12:16	62.253375	25.696613	432303.05	6903088.399	1
other_agaricoid	Stropharia aeruginosa	2019-10-06/2019-10-06	62.258775	25.708518	432933.329	6903677.507	1
other_agaricoid	Hygrophorus camarophyllus	2019-09-24/2019-09-24	62.2556	25.669086	430878.558	6903365.328	1000
other_agaricoid	Crucibulum laeve	2019-10-09/2019-10-09	62.233857	25.92914	444343.482	6900692.737	100
other_agaricoid	Russula aquosa	2025-08-07/2025-08-31	62.487792	25.751753	435670.806	6929144.119	1000
other_agaricoid	Lactarius deliciosus	2025-08-07/2025-08-31	62.487792	25.751753	435670.806	6929144.119	1000
other_agaricoid	Macrotyphula fistulosa	2024-10-20/2024-10-20	62.488304	25.750828	435624.243	6929202.075	1
other_agaricoid	Amanita muscaria	2021-09-04/2021-09-04	62.776831	25.806369	439081.023	6961289.071	1000
other_agaricoid	Bovista plumbea	2026-08-08/2026-08-08	63.07511	25.8578	442295.601	6994470.645	100
other_agaricoid	Panellus mitis	2025-12-26/2025-12-26	63.03533	25.70796	434637.238	6990182.487	100
other_agaricoid	Lactarius torminosus	2010-09-14/2010-09-14	63.08096	25.84157	441487.471	6995137.042	10
other_agaricoid	Tricholoma stiparophyllum	2024-09-25/2024-09-25	63.08177	25.84992	441910.812	6995219.703	29
other_agaricoid	Mycena galopus	2025-09-17/2025-09-17	63.09145	25.83767	441311.639	6996309.237	15
other_agaricoid	Amanita fulva	2020-08-09/2020-08-09	63.08654	25.83897	441367.388	6995761.051	194
other_agaricoid	Amanita rubescens	2020-08-09/2020-08-09	63.08516	25.84146	441490.352	6995605.043	10
other_agaricoid	Amanita rubescens	2020-08-09/2020-08-09	63.08439	25.83928	441378.715	6995521.248	10
other_agaricoid	Tricholoma imbricatum	2020-09-28/2020-09-28	63.16654	25.64029	431523.667	7004869.912	286
other_agaricoid	Cortinarius uliginosus	2026-08-11/2026-08-11	63.384583	25.58105	429078.044	7029224.698	1
other_agaricoid	Gomphidius glutinosus	2020-09-27/2020-09-27	63.35	25.58051	428965.718	7025372.665	263
other_agaricoid	Lactarius rufus	2021-09-12T17:40/2021-09-12T17:46	63.395089	25.643329	432215.299	7030327.7	1
other_agaricoid	Amanita muscaria	2020-09-26/2020-09-26	63.36898	25.57943	428958.548	7027488.278	54
other_agaricoid	Xeromphalina campanella	2024-05-21/2024-05-21	63.61511	25.578	429496.15	7054909.78	100
other_agaricoid	Cortinarius armeniacus	2021-09-09/2021-09-09	64.241768	25.858528	444653.317	7124452.049	1000
other_agaricoid	Cortinarius mucosus	2023-08-21/2023-08-21	64.765502	25.811574	443469.567	7182851.013	1
other_agaricoid	Russula decolorans	2024-08-13/2024-08-13	64.88852	25.59206	433333.972	7196772.182	10
other_agaricoid	Phyllotopsis nidulans	2022-10-12/2022-10-12	64.766201	25.806049	443208.249	7182933.845	1
other_agaricoid	Flammula alnicola	2025-09-09/2025-09-09	64.86597	25.48549	428228.457	7194376.169	10
other_agaricoid	Stropharia aeruginosa	2021-10-06T11:28/2021-10-06T14:11	64.767978	25.771192	441554.234	7183163.564	1
other_agaricoid	Typhula erythropus	2021-10-06T11:28/2021-10-06T14:11	64.774311	25.763825	441217.648	7183876.057	1
other_agaricoid	Hypholoma capnoides	2020-09-06/2020-09-06	64.86678	25.48625	428266.627	7194465.558	137
other_agaricoid	Russula paludosa	2026-09-03/2026-09-03	65.06483	25.48917	428932.326	7216529.504	10
other_agaricoid	Rickenella swartzii	2022-08-19/2022-08-19	65.013716	25.491521	428906.926	7210831.548	100
other_agaricoid	Coprinopsis lagopus	2022-09-14/2022-09-14	65.01044	25.47281	428016.408	7210487.704	316
other_agaricoid	Lactarius tabidus	2025-09-02/2025-09-02	65.0639	25.46406	427748.842	7216454.36	10
other_agaricoid	Gymnopus confluens	2025-09-02/2025-09-02	65.06234	25.46287	427688.643	7216281.901	74
other_agaricoid	Bovista nigrescens	2025-08-21/2025-08-21	65.072101	25.430588	426197.261	7217406.827	1000
other_agaricoid	Lactarius trivialis	2026-09-07/2026-09-07	65.10729	25.43744	426616.435	7221319.69	70
other_agaricoid	Entoloma cetratum	2016-10-03/2016-10-03	65.058238	25.548498	431705.776	7215729.56	100
other_agaricoid	Lactarius camphoratus	2026-09-03/2026-09-03	65.00198	25.86384	446428.71	7209156.665	10
other_agaricoid	Lycoperdon perlatum	2020-09-22/2020-09-22	64.979768	25.526156	430450.801	7207010.408	1
other_agaricoid	Panellus mitis	2026-08-11/2026-08-11	65.06873	25.46053	427595.931	7216996.575	10
other_agaricoid	Russula decolorans	2024-08-13/2024-08-13	65.09768	25.82272	444688.726	7219856.34	100
other_agaricoid	Hygrophorus olivaceoalbus	2016-08-25/2016-08-25	65.087033	25.557565	432205.593	7218928.312	100
other_agaricoid	Rhodocollybia maculata	2023-09-16/2023-09-16	65.030923	25.780271	442550.946	7212455.267	100
other_agaricoid	Russula decolorans	2024-08-12/2024-08-12	65.08852	25.68967	438417.228	7218958.725	100
other_agaricoid	Amanita fulva	2026-08-11/2026-08-11	65.07095	25.4639	427760.419	7217240.076	10
other_agaricoid	Pseudosperma rimosum	2023-08-10/2023-08-10	65.071635	25.410631	425257.616	7217378.366	100
other_agaricoid	Henningsomyces candidus	2025-09-19/2025-09-19	64.989739	25.709045	439102.832	7207932.77	100
other_agaricoid	Stropharia hornemannii	2026-09-06/2026-09-06	65.09577	25.44643	427006.994	7220025.681	31
other_agaricoid	Coprinopsis atramentaria	2019-08-22/2019-08-22	65.07161	25.517702	430291.97	7217253.174	1
other_agaricoid	Clitocybe nebularis	2023-10-09/2023-10-09	65.070856	25.419207	425658.677	7217281.45	1
other_agaricoid	Lepiota pseudolilacea	2022-08-19/2022-08-19	65.014349	25.489729	428824.169	7210904.096	100
other_agaricoid	Russula decolorans	2026-09-05/2026-09-05	65.09572	25.44553	426964.578	7220021.15	15
other_agaricoid	Laccaria bicolor	2020-09-05/2020-09-05	65.074771	25.549728	431805.934	7217570.437	1000
other_agaricoid	Clitocybe nebularis	2025-11-02/2025-11-02	65.0283	25.42298	425717.724	7212535.359	10
other_agaricoid	Russula emetica	2024-09-05/2024-09-05	65.01038	25.81634	444206.759	7210133.796	10
other_agaricoid	Russula claroflava	2019-07-17/2019-07-17	65.069727	25.528752	430806.658	7217031.214	100
other_agaricoid	Lentinus brumalis	2024-09-29/2024-09-29	65.062605	25.568498	432657.69	7216194.691	1000
other_agaricoid	Amanita fulva	2024-08-12/2024-08-12	65.08629	25.66784	437386.141	7218731.695	100
other_agaricoid	Hygrocybe conica	2024-09-04/2024-09-04	65.06332	25.46225	427662.139	7216391.805	91
other_agaricoid	Coprinus comatus	2025-09-02/2025-09-02	65.06458	25.46432	427762.913	7216529.83	10
other_agaricoid	Galerina paludosa	2026-08-10/2026-08-10	64.98679	25.74647	440861.551	7207568.634	10
other_agaricoid	Sarcomyxa serotina	2025-10-05/2025-10-05	65.09754	25.82302	444702.529	7219840.476	10
other_agaricoid	Mycena plumipes	2021-10-11/2021-10-11	65.100919	25.514205	430204.364	7220522.797	1000
other_agaricoid	Chlorophyllum olivieri	2023-09-16/2023-09-16	65.030923	25.780271	442550.946	7212455.267	100
other_agaricoid	Lepiota clypeolaria	2024-09-05/2024-09-05	65.09424	25.64468	436316.72	7219640.713	100
other_agaricoid	Stropharia caerulea	2018-09-19T08:00/2018-09-19	65.064436	25.460929	427603.037	7216517.667	100
other_agaricoid	Radulomyces confluens	2020-11-04/2020-11-04	64.953641	25.560113	431986.676	7204062.285	1
other_agaricoid	Lycoperdon perlatum	2026-08-06/2026-08-06	65.06455	25.47217	428132.033	7216517.535	10
other_agaricoid	Cortinarius brunneifolius	2018-09-21/2018-09-21	65.060114	25.556896	432105.629	7215929.545	100
other_agaricoid	Cortinarius trivialis	2026-09-02/2026-09-02	65.06175	25.52611	430661.683	7216145.271	10
other_agaricoid	Cortinarius cinnamomeus	2026-09-03/2026-09-03	65.00077	25.86246	446361.221	7209023.0	10
other_agaricoid	Mycena pura	2019-09-03/2019-09-03	64.99655	25.50448	429472.321	7208904.336	1
other_agaricoid	Russula decolorans	2025-09-02/2025-09-02	65.06382	25.46529	427806.476	7216444.04	259
other_agaricoid	Russula aeruginea	2025-09-02/2025-09-02	65.06325	25.46514	427797.878	7216380.7	14
other_agaricoid	Amanita porphyria	2019-08-22/2019-08-22	65.07582	25.496912	429325.585	7217745.371	1000
other_agaricoid	Lactarius rufus	2020-09-04/2020-09-04	65.05894	25.46084	427583.93	7215905.388	10
other_agaricoid	Hygrophoropsis aurantiaca	2018-09-14/2018-09-14	65.003782	25.626548	435245.733	7209579.55	1
other_agaricoid	Russula paludosa	2026-08-10/2026-08-10	64.98588	25.74869	440964.267	7207465.157	10
other_agaricoid	Infundibulicybe gibba	2025-09-03/2025-09-03	65.05897	25.46063	427574.133	7215908.971	10
other_agaricoid	Panaeolus papilionaceus	2024-08-13/2024-08-13	65.09382	25.65859	436969.246	7219579.96	100
other_agaricoid	Amanita fulva	2023-08-01/2023-08-01	65.06509	25.46336	427719.144	7216587.754	100
other_agaricoid	Hebeloma mesophaeum	2020-10-01/2020-10-01	64.999903	25.492145	428899.61	7209291.756	1
other_agaricoid	Lactarius rufus	2023-09-06/2023-09-06	65.163162	25.472642	428420.003	7227504.757	100
other_agaricoid	Fayodia bisphaerigera	2019-08-07/2019-08-07	66.415327	25.823858	447491.011	7366698.769	1000
other_agaricoid	Entoloma sericatum	2019-08-29/2019-08-29	66.413502	25.827817	447663.93	7366492.048	1
other_agaricoid	Hebeloma incarnatulum	2021-09-11/2021-09-11	66.31607	25.47038	431441.603	7355978.966	1
other_agaricoid	Atractosporocybe polaris	2021-09-20/2021-09-20	66.497057	25.757281	444700.132	7375865.212	100
other_agaricoid	Tubaria confragosa	2022-08-18/2022-08-18	66.5829	25.6606	440603.632	7385521.307	1
other_agaricoid	Cortinarius nigrellus	2019-09-15/2019-09-15	66.534451	25.5272	434561.426	7380255.099	1
other_agaricoid	Coprinopsis lagopus	2024-08-14/2024-08-14	66.51978	25.61009	438207.448	7378535.641	61
other_agaricoid	Pluteus elaphinus	2021-08-20/2021-08-20	66.5867	25.7047	442567.824	7385903.56	1
other_agaricoid	Pholiota spumosa	2012-09-18/2012-09-18	66.498771	25.770409	445288.015	7376044.683	100
other_agaricoid	Clitocybe nebularis	2018-10-03/2018-10-03	66.499337	25.744296	444127.482	7376130.876	1
other_agaricoid	Hygrocybe conica	2019-07-08/2019-07-08	66.496979	25.760405	444838.96	7375853.757	10
other_agaricoid	Sphagnurus paluster	2019-06-25/2019-06-25	66.561877	25.676145	441243.215	7383163.574	1000
other_agaricoid	Phloeomana speirea	2025-11-04/2025-11-04	66.509356	25.7252	443300.689	7377264.714	100
other_agaricoid	Tricholoma stans	2020-09-18/2020-09-18	66.500959	25.797531	446499.409	7376265.053	100
other_agaricoid	Russula gracillima	2018-08-18/2018-08-18	66.57875	25.65948	440544.039	7385059.854	1
other_agaricoid	Mycena sanguinolenta	2024-06-28/2024-06-28	66.58582	25.69202	442003.619	7385817.205	1
other_agaricoid	Gymnopus confluens	2020-09-09/2020-09-09	66.578766	25.65631	440403.497	7385064.659	1
other_agaricoid	Gymnopilus penetrans	2025-08-19/2025-08-19	66.59335	25.6924	442038.045	7386656.081	1
other_agaricoid	Tricholoma psammopus	2015-08-07/2015-08-07	66.49651	25.759406	444793.472	7375802.368	100
other_agaricoid	Simocybe sumptuosa	2026-07-02/2026-07-02	66.59254	25.64811	440073.094	7386607.623	1
other_agaricoid	Hypholoma elongatum	2024-08-24/2024-08-24	66.54485	25.71495	442926.247	7381229.909	1
other_agaricoid	Tricholomopsis rutilans	2021-07-26/2021-07-26	66.522659	25.702382	442316.732	7378768.24	100
other_agaricoid	Gymnopus peronatus	2024-07-08/2024-07-08	66.59331	25.70091	442415.131	7386643.748	1
other_agaricoid	Inocybe lacera	2020-07-17/2020-07-17	66.639895	25.819986	447791.051	7391731.105	1000
other_agaricoid	Hebeloma mesophaeum	2020-07-24/2020-07-24	66.509063	25.651216	440009.799	7377301.158	100
other_agaricoid	Lactarius trivialis	2026-08-20/2026-08-20	66.51049	25.67826	441215.86	7377434.487	100
other_agaricoid	Tricholoma virgatum	2014-09-13/2014-09-13	66.499834	25.757769	444728.0	7376174.283	100
other_agaricoid	Marasmius epiphyllus	2023-09-18/2023-09-18	66.53815	25.53842	435069.521	7380655.626	1
other_agaricoid	Agaricus sylvicola	2024-09-17T16:34/2024-09-17	66.504579	25.705102	442395.856	7376750.699	1
other_agaricoid	Inocybe nitidiuscula	2019-08-29/2019-08-29	66.92123	25.79091	447112.933	7423112.48	1
other_agaricoid	Tubaria furfuracea	2016-12-25/2016-12-25	60.454812	26.247221	458590.003	6702300.983	1
other_agaricoid	Lactarius pyrogalus	2021-09-22/2021-09-22	60.729222	26.419832	468354.658	6732767.241	1000
other_agaricoid	Armillaria borealis	2024-09-07/2024-09-07	60.7303	26.42337	468548.69	6732885.606	197
other_agaricoid	Cortinarius evernius	2025-10-11/2025-10-11	60.74	26.11343	451658.7	6734154.23	10
other_agaricoid	Lactarius camphoratus	2012-09-13/2012-09-13	60.7303	26.41869	468293.432	6732887.856	367
other_agaricoid	Clitocybe nebularis	2010-09-16/2010-09-16	61.095488	26.246074	459346.37	6773657.468	1000
other_agaricoid	Tricholomopsis rutilans	2010-10-07/2010-10-07	61.095488	26.246074	459346.37	6773657.468	1000
other_agaricoid	Hygrophoropsis aurantiaca	2010-09-09/2010-09-09	61.095488	26.246074	459346.37	6773657.468	1000
other_agaricoid	Coprinellus micaceus	2010-09-29/2010-09-29	61.090687	26.249302	459514.293	6773120.727	1
other_agaricoid	Russula intermedia	2010-09-09/2010-09-09	61.095488	26.246074	459346.37	6773657.468	1000
other_agaricoid	Phyllotopsis nidulans	2021-11-13/2021-11-13	60.92058	26.52567	474281.594	6754034.28	10
other_agaricoid	Cortinarius evernius	2024-08-25/2024-08-25	60.92457	26.5348	474779.775	6754475.145	10
other_agaricoid	Hygrophorus pustulatus	2022-10-23/2022-10-23	61.213824	26.092971	451273.776	6786942.45	1000
other_agaricoid	Mycena galericulata	2012-10-19/2012-10-19	61.145695	26.08934	450973.048	6779356.954	100
other_agaricoid	Russula decolorans	2010-09-25/2010-09-25	61.29081	26.42455	469161.527	6795315.617	488
other_agaricoid	Hygrophorus agathosmus	2026-09-12/2026-09-12	61.27909	26.43152	469523.684	6794006.899	90
other_agaricoid	Lyophyllum mephiticum	2012-10-19/2012-10-19	61.145695	26.08934	450973.048	6779356.954	100
other_agaricoid	Phlegmacium triumphans	2012-10-19/2012-10-19	61.14668	26.086246	450808.017	6779468.985	100
other_agaricoid	Lactarius camphoratus	2023-09-10/2023-09-10	61.41343	26.37426	466597.442	6808998.643	100
other_agaricoid	Lactarius torminosus	2021-09-07/2021-09-07	61.62888	26.09315	451926.008	6833172.894	10
other_agaricoid	Mycena pura	2021-09-18/2021-09-18	61.70081	26.231	459328.118	6841091.139	32
other_agaricoid	Panaeolus acuminatus	2020-10-13/2020-10-13	61.73634	26.07535	451152.506	6845155.902	249
other_agaricoid	Coprinopsis patouillardii	2012-08-19/2012-08-19	61.746515	26.460404	471503.127	6846060.392	1
other_agaricoid	Mycena filopes	2013-09-10/2013-09-10	61.746515	26.460404	471503.127	6846060.392	1
other_agaricoid	Psathyrella senex	2013-09-10/2013-09-10	61.746515	26.460404	471503.127	6846060.392	1
other_agaricoid	Amanita muscaria	2024-08-21/2024-08-21	61.65414	26.22292	458838.717	6835897.64	100
other_agaricoid	Cortinarius saniosus	2013-09-10/2013-09-10	61.746492	26.461256	471548.1	6846057.457	1
other_agaricoid	Chondrostereum purpureum	2025-05-04/2025-05-04	61.96714	26.19558	457822.065	6870780.873	10
other_agaricoid	Cortinarius helvelloides	2012-09-19/2012-09-19	61.978355	26.139489	454897.744	6872067.87	100
other_agaricoid	Russula emetica	2024-09-04/2024-09-04	62.12675	26.16358	456373.572	6888581.854	100
other_agaricoid	Mycena galericulata	2021-09-14/2021-09-14	62.164672	26.203146	458489.147	6892780.26	1000
other_agaricoid	Stropharia aeruginosa	2021-09-04T16:48/2021-09-04	62.046765	26.140301	455041.279	6879687.783	1
other_agaricoid	Strobilurus esculentus	2023-04-30T11:14/2023-04-30	62.045401	26.138794	454960.455	6879536.886	1
other_agaricoid	Cortinarius armillatus	2026-07-17/2026-07-17	62.15173	26.17118	456805.551	6891359.451	49
other_agaricoid	Hypholoma capnoides	2018-11-18/2018-11-18	62.225828	26.34865	466137.254	6899508.333	1000
other_agaricoid	Hygrocybe reidii	2020-09-25/2020-09-25	62.043547	26.144231	455242.064	6879326.596	100
other_agaricoid	Mycena pura	2017-09-28/2017-09-28	62.178093	26.411913	469377.853	6894159.132	1000
other_agaricoid	Cortinarius camphoratus	2019-10-13/2019-10-13	62.184034	26.465577	472177.591	6894796.758	1000
other_agaricoid	Pleuroflammula tuberculosa	2019-10-05/2019-10-05	62.318579	26.351357	466381.53	6909839.508	100
other_agaricoid	Pleuroflammula tuberculosa	2021-08-18/2021-08-18	62.318792	26.351762	466402.758	6909863.026	100
other_agaricoid	Hygrophoropsis aurantiaca	2019-10-02/2019-10-02	62.319208	26.355379	466590.68	6909907.496	1000
other_agaricoid	Gomphidius glutinosus	2019-08-21/2019-08-21	62.321503	26.355615	466605.457	6910163.043	100
other_agaricoid	Cuphophyllus pratensis	2017-10-01/2017-10-01	62.318514	26.343838	465991.765	6909836.196	1
other_agaricoid	Cuphophyllus virgineus	2020-09-15/2020-09-15	62.318649	26.344256	466013.581	6909851.016	1
other_agaricoid	Flammula alnicola	2021-09-06/2021-09-06	62.388502	26.43404	470734.979	6917588.96	100
other_agaricoid	Agrocybe praecox	2018-06-24/2018-06-24	62.316061	26.348997	466256.395	6909560.226	1
other_agaricoid	Lactarius turpis	2021-08-04T10:23/2021-08-04T10:32	62.320057	26.355863	466616.705	6910001.827	100
other_agaricoid	Hygrophoropsis aurantiaca	2018-08-27/2018-08-27	62.3222	26.3852	468139.371	6910225.77	1
other_agaricoid	Amanita fulva	2019-07-20/2019-07-20	62.318391	26.349421	466280.981	6909819.572	100
other_agaricoid	Cystoderma carcharias	2020-09-12/2020-09-12	62.318598	26.350836	466354.549	6909841.895	100
other_agaricoid	Schizophyllum commune	2020-09-16/2020-09-16	62.337512	26.351074	466388.02	6911948.834	1
other_agaricoid	Strobilurus esculentus	2020-05-01/2020-05-01	62.321733	26.354468	466546.272	6910189.258	100
other_agaricoid	Mycena pearsoniana	2024-07-21/2024-07-21	62.318559	26.3443	466015.76	6909840.967	1
other_agaricoid	Psathyrella candolleana	2018-09-02/2018-09-02	62.637935	26.325128	465393.798	6945431.046	100
other_agaricoid	Collybia cookei	2026-09-11/2026-09-11	62.8172	26.30175	464411.394	6965415.347	100
other_agaricoid	Cortinarius collinitus	2021-09-04/2021-09-04	62.67904	26.27945	463102.742	6950035.744	10
other_agaricoid	Cortinarius semisanguineus	2020-08-07/2020-08-07	62.81611	26.30167	464406.0	6965293.955	100
other_agaricoid	Gymnopus aquosus	2019-06-05/2019-06-05	62.920227	26.379702	468494.976	6976853.038	1
other_agaricoid	Pluteus cervinus	2024-08-03/2024-08-03	63.185131	26.375816	468584.239	7006368.965	1
other_agaricoid	Pholiota flammans	2021-09-11/2021-09-11	63.750055	26.082159	454707.003	7069487.967	1
other_agaricoid	Tubaria furfuracea	2021-09-15/2021-09-15	63.77224	26.06455	453874.294	7071972.424	1
other_agaricoid	Mycena vulgaris	2019-10-26/2019-10-26	63.77125	26.06368	453829.781	7071862.747	1
other_agaricoid	Mycena rosella	2024-10-19/2024-10-19	63.77299	26.07014	454151.131	7072051.964	1
other_agaricoid	Mycena metata	2025-10-12/2025-10-12	63.77315	26.06102	453701.735	7072076.371	1
other_agaricoid	Cystoderma amianthinum	2018-10-20/2018-10-20	63.81621	26.17036	459155.052	7076799.576	1
other_agaricoid	Agrocybe putaminum	2026-06-11/2026-06-11	63.96626	26.47093	474091.066	7093361.916	100
other_agaricoid	Cortinarius semisanguineus	2025-09-13/2025-09-13	64.75293	26.14367	459246.703	7181195.042	100
other_agaricoid	Lactarius roseozonatus	2021-08-12/2021-08-12	64.756355	26.197092	461793.819	7181543.418	100
other_agaricoid	Desarmillaria ectypa	2013-08-16/2013-08-16	65.112287	25.971032	451682.76	7221362.425	10
other_agaricoid	Desarmillaria ectypa	2013-07-23/2013-07-23	65.173281	26.039828	455016.376	7228108.728	1
other_agaricoid	Mycena galericulata	2026-09-03/2026-09-03	65.49557	26.00762	454072.924	7264048.635	10
other_agaricoid	Lactarius glyciosmus	2013-09-06/2017-09-02	66.29438	26.228364	465382.966	7352936.545	1000
other_agaricoid	Inocybe subexilis	2022-08-11/2022-08-11	66.592964	26.143614	462037.12	7386266.414	1000
other_agaricoid	Cortinarius camphoratus	2020-08-20/2020-08-20	60.593339	26.622286	479310.458	6717552.392	1000
other_agaricoid	Lactarius lacunarum	2024-08-04/2024-09-03	60.513081	26.873121	493032.856	6708560.796	1000
other_agaricoid	Lactarius rufus	2023-07-27/2023-10-03	60.537508	26.601196	478117.553	6711340.985	1000
other_agaricoid	Infundibulicybe gibba	2023-08-03/2023-08-03	60.46744	26.83828	491107.192	6703481.688	10
other_agaricoid	Neolentinus lepideus	2018-06-30/2018-06-30	60.863672	26.678068	482513.515	6747645.583	1
other_agaricoid	Lepiota clypeolaria	2026-08-27/2026-08-27	60.87875	26.75224	486548.668	6749307.504	13
other_agaricoid	Marasmiellus perforans	2026-08-25/2026-08-25	60.8805	26.72488	485064.068	6749508.343	10
other_agaricoid	Cortinarius sanguineus	2025-09-21/2025-09-21	60.685076	26.805995	489403.367	6727726.155	1
other_agaricoid	Inocybe geophylla	2026-09-12/2026-09-12	60.87464	26.74299	486044.677	6748851.657	10
other_agaricoid	Volvariella bombycina	2023-07-19/2023-07-19	60.914372	26.899772	494564.5	6753253.93	1
other_agaricoid	Lactarius rufus	2026-09-01/2026-09-01	60.89461	26.78487	488325.999	6751067.775	20
other_agaricoid	Cyclocybe erebia	2026-09-08/2026-09-08	60.916028	26.701145	483793.565	6753471.163	1
other_agaricoid	Volvariella bombycina	2023-07-19/2023-07-19	60.914372	26.899772	494564.5	6753253.93	1
other_agaricoid	Amanita porphyria	2026-08-20/2026-08-20	61.17519	26.86728	492861.299	6782308.306	100
other_agaricoid	Xeromphalina campanella	2021-09-13/2021-09-13	61.183793	26.862028	492580.828	6783267.156	1
other_agaricoid	Amanita citrina	2020-10-03/2020-10-03	61.16639	26.72353	485125.2	6781352.292	12
other_agaricoid	Chroogomphus rutilus	2026-08-24/2026-08-24	61.17411	26.86676	492833.084	6782188.064	100
other_agaricoid	Amanita muscaria	2020-08-09/2020-08-09	61.44479	26.78321	488439.055	6812350.931	10
other_agaricoid	Inocybe lilacina	2019-09-26/2019-09-26	61.419648	26.852698	492138.372	6809539.984	1
other_agaricoid	Hypholoma capnoides	2026-06-21/2026-06-21	61.40922	26.91754	495597.573	6808372.302	476
other_agaricoid	Armillaria borealis	2017-09-19/2017-09-19	61.491368	26.712042	484666.743	6817554.008	1
other_agaricoid	Naucoria bohemica	2019-09-26/2019-09-26	61.421492	26.850031	491996.504	6809745.714	1
other_agaricoid	Clitocybula platyphylla	2021-09-01/2021-09-01	61.76753	26.57065	477340.769	6848357.998	100
other_agaricoid	Flammulaster limulatus	2019-09-30/2019-09-30	61.963953	26.672824	482843.218	6870207.724	1000
other_agaricoid	Tricholoma focale	2018-10-11/2018-10-11	61.992966	26.748554	486826.928	6873422.074	1000
other_agaricoid	Tubaria confragosa	2017-09-25/2017-09-25	61.944744	26.873632	493369.206	6868031.052	1000
other_agaricoid	Tricholoma saponaceum	2017-10-18/2017-10-18	62.010467	26.614928	479837.978	6875406.011	100
other_agaricoid	Russula queletii	2020-08-03/2020-08-03	62.083063	26.726473	485712.448	6883463.64	1000
other_agaricoid	Cystoderma amianthinum	2017-09-16/2017-09-16	62.514088	26.751321	487194.892	6931476.856	1
other_agaricoid	Amanita muscaria	2018-10-06/2018-10-06	62.561964	26.625023	480722.509	6936842.041	1
other_agaricoid	Cortinarius ochrophyllus	2017-09-16/2017-09-16	62.514804	26.746954	486970.338	6931557.499	1000
other_agaricoid	Russula paludosa	2024-07-29/2024-07-29	62.57291	26.6347	481226.898	6938058.67	25
other_agaricoid	Macrotyphula juncea	2018-10-07/2018-10-07	62.558233	26.622069	480568.212	6936427.26	100
other_agaricoid	Mycetinis scorodonius	2023-07-05/2023-07-05	62.58736	26.70451	484821.848	6939650.175	100
other_agaricoid	Asterophora lycoperdoides	2024-07-16/2024-07-16	63.24112	26.73078	486475.945	7012482.931	10
other_agaricoid	Russula violaceoincarnata	2020-08-21/2020-08-22	64.605137	26.489836	475588.031	7164547.244	1000
other_agaricoid	Lentinus brumalis	2018-05-05/2018-05-05	64.545133	26.608133	481207.317	7157820.148	1
other_agaricoid	Cortinarius violaceus	2026-08-23/2026-08-23	64.95373	26.83953	492419.69	7203307.515	10
other_agaricoid	Panellus ringens	2022-09-14/2022-09-14	67.426853	26.548888	480675.979	7479036.011	1
other_agaricoid	Cortinarius violaceus	2014-09-07/2014-09-07	68.890362	26.931309	497239.079	7642138.633	1
other_agaricoid	Cantharellula umbonata	2018-09-01/2018-09-01	68.970311	26.851466	494051.491	7651058.886	1
other_agaricoid	Mycetinis scorodonius	2016-09-12/2016-09-12	60.568316	27.247633	513574.788	6714731.531	100
other_agaricoid	Lactarius mammosus	2016-09-12/2016-09-12	60.568316	27.247633	513574.788	6714731.531	100
other_agaricoid	Mycena rosella	2020-09-08/2020-09-08	60.565688	27.390645	521416.131	6714476.867	1
other_agaricoid	Lepiota magnispora	2021-09-11/2021-09-11	60.74267	27.45109	524594.564	6734209.785	20
other_agaricoid	Pholiota flammans	2024-09-28T14:30/2024-09-28	60.751896	27.334321	518222.837	6735199.301	1
other_agaricoid	Amanita muscaria	2024-08-22/2024-08-22	61.039609	27.220773	511925.805	6767219.296	100
other_agaricoid	Sarcomyxa serotina	2021-10-23/2021-10-23	60.96011	27.25127	513607.164	6758370.32	110
other_agaricoid	Inocybe flocculosa	2019-09-25/2019-09-25	61.32163	27.455194	524370.089	6798697.749	100
other_agaricoid	Psathyrella piluliformis	2019-09-26/2019-09-26	61.407783	27.310131	516558.193	6808248.799	10
other_agaricoid	Cortinarius armillatus	2020-08-09/2020-08-09	61.50613	27.28523	515180.803	6819197.739	10
other_agaricoid	Lactarius utilis	2019-09-24/2019-09-24	61.407307	27.32776	517499.683	6808200.378	1
other_agaricoid	Cortinarius caperatus	2024-08-30/2024-08-30	61.45572	27.3991	521275.63	6813614.326	15
other_agaricoid	Lactarius trivialis	2019-09-26/2019-09-26	61.419786	27.368496	519666.784	6809602.019	100
other_agaricoid	Laccaria laccata	2024-09-29/2024-09-29	61.49942	27.29808	515868.133	6818453.358	10
other_agaricoid	Cortinarius brunneus	2019-09-24/2019-09-24	61.40768	27.326627	517438.983	6808241.623	1000
other_agaricoid	Conocybe apala	2022-08-06/2022-08-06	61.50636	27.28494	515165.256	6819223.292	10
other_agaricoid	Gomphidius glutinosus	2022-08-08/2022-08-08	61.62783	27.26025	513797.147	6832748.74	811
other_agaricoid	Russula vesca	2026-07-27/2026-07-27	61.67372	27.26275	513909.053	6837861.173	32
other_agaricoid	Lepiota cristata	2020-09-09/2020-09-09	61.69727	27.28394	515019.327	6840489.238	100
other_agaricoid	Gymnopus acervatus	2018-10-10/2018-10-10	61.669213	27.378491	520038.849	6837389.299	1
other_agaricoid	Bolbitius titubans	2020-10-20/2020-10-20	61.68086	27.26846	514208.039	6838657.767	10
other_agaricoid	Lactarius turpis	2023-08-05/2023-08-05	61.69644	27.40986	521680.536	6840432.287	10
other_agaricoid	Kuehneromyces mutabilis	2022-08-17/2022-08-17	61.68053	27.22084	511687.919	6838611.533	100
other_agaricoid	Armillaria borealis	2020-09-11/2020-09-11	61.69611	27.42461	522461.005	6840400.53	11
other_agaricoid	Pleurotus dryinus	2026-09-14/2026-09-14	61.66024	27.07493	503968.264	6836333.771	20
other_agaricoid	Lycoperdon molle	2014-09-06/2014-09-06	61.659914	27.07521	503983.135	6836297.473	10
other_agaricoid	Russula vinosa	2023-08-03/2023-08-03	61.69754	27.40431	521386.197	6840552.985	212
other_agaricoid	Stropharia aeruginosa	2021-09-28/2021-09-28	61.693565	27.40716	521539.718	6840111.132	1
other_agaricoid	Clitocybe fragrans	2020-09-13/2020-09-13	61.66784	27.22962	512157.585	6837199.536	100
other_agaricoid	Lactarius turpis	2020-09-01/2020-09-01	61.681503	27.198751	510518.534	6838716.152	1
other_agaricoid	Lycoperdon umbrinum	2023-08-08/2023-08-08	61.69668	27.40981	521677.723	6840459.006	10
other_agaricoid	Strobilurus esculentus	2022-05-07/2022-05-07	61.69551	27.42059	522248.79	6840332.312	10
other_agaricoid	Coprinellus micaceus	2021-09-04/2021-09-04	61.65199	27.26155	513855.255	6835440.307	100
other_agaricoid	Lactarius musteus	2025-10-02/2025-10-02	61.859425	27.007926	500417.054	6858520.139	1000
other_agaricoid	Neolentinus lepideus	2018-07-07/2018-07-07	62.300672	27.167738	508698.95	6907687.316	1000
other_agaricoid	Amanita vaginata	2019-09-13/2019-09-15	62.237347	27.425939	522135.667	6900694.105	1000
other_agaricoid	Agaricus sylvicola	2017-09-14/2017-09-14	62.473442	27.312616	516119.283	6926962.872	1
other_agaricoid	Russula vitellina	2021-08-31/2021-08-31	62.570652	27.000311	500015.984	6937753.986	10
other_agaricoid	Inocybe moravica	2017-09-01/2017-09-01	62.628812	27.11652	505976.846	6944239.029	100
other_agaricoid	Lycoperdon excipuliforme	2025-09-19/2025-09-19	62.63916	27.06212	503185.311	6945388.049	10
other_agaricoid	Coprinopsis acuminata	2017-09-18/2017-09-18	62.473471	27.313434	516161.445	6926966.307	1
other_agaricoid	Apioperdon pyriforme	2021-09-03/2021-09-03	62.616603	27.118833	506097.995	6942879.029	100
other_agaricoid	Gomphidius glutinosus	2025-09-03/2025-09-03	62.76384	27.02861	501460.864	6959277.727	10
other_agaricoid	Cortinarius semisanguineus	2026-08-24/2026-08-24	62.76971	27.27855	514220.265	6959962.135	230
other_agaricoid	Cortinarius semisanguineus	2025-09-30/2025-09-30	63.01568	27.44041	522295.797	6987412.598	10
other_agaricoid	Lepiota clypeolaria	2025-09-24/2025-09-24	63.01794	27.45009	522784.079	6987667.79	699
other_agaricoid	Kuehneromyces mutabilis	2022-10-02/2022-10-02	63.00575	27.42902	521726.565	6986302.344	16
other_agaricoid	Hohenbuehelia petaloides	2024-09-15/2024-09-15	63.03021	27.27001	513662.531	6988983.824	291
other_agaricoid	Apioperdon pyriforme	2023-08-13/2023-08-13	63.16295	27.32811	516526.851	7003787.062	181
other_agaricoid	Kuehneromyces mutabilis	2023-09-22/2023-09-22	63.17216	27.3143	515826.225	7004809.749	38
other_agaricoid	Tricholoma matsutake	2020-08-28/2020-08-28	63.275163	27.463617	523261.926	7016331.732	1
other_agaricoid	Ampulloclitocybe clavipes	2023-09-11/2023-09-11	63.33723	27.24517	512274.994	7023186.765	10
other_agaricoid	Lactarius torminosus	2026-09-01/2026-09-01	63.17266	27.32592	516411.051	7004868.376	100
other_agaricoid	Kuehneromyces mutabilis	2026-08-11/2026-08-11	63.55721	27.20001	509937.423	7047689.907	100
other_agaricoid	Cantharellula umbonata	2021-09-18/2021-09-18	63.37857	27.13168	506583.405	7027776.274	10
other_agaricoid	Lactarius deterrimus	2024-09-28/2024-09-28	63.36854	27.06845	503423.386	7026653.767	10
other_agaricoid	Hygrophoropsis aurantiaca	2023-09-04/2023-09-04	63.36093	27.40289	520154.946	7025867.351	10
other_agaricoid	Apioperdon pyriforme	2023-09-06/2023-09-06	63.560833	27.210278	510446.257	7048095.237	1
other_agaricoid	Armillaria borealis	2026-08-11/2026-08-11	63.5571	27.20842	510355.31	7047678.984	100
other_agaricoid	Aphanobasidium pseudotsugae	2021-10-04/2021-10-04	63.552802	27.270658	513449.607	7047211.654	1
other_agaricoid	Bovista plumbea	2026-08-31/2026-08-31	63.36212	27.38383	519200.667	7025994.091	88
other_agaricoid	Lactarius turpis	2021-09-18/2021-09-18	63.37904	27.12496	506247.334	7027827.97	10
other_agaricoid	Amanita muscaria	2026-08-24/2026-08-24	63.36391	27.37485	518750.29	7026190.877	10
other_agaricoid	Armillaria borealis	2026-08-29/2026-08-29	63.48616	27.12765	506358.035	7039763.946	10
other_agaricoid	Russula vesca	2023-09-25/2023-09-25	63.55896	27.18755	509317.782	7047883.027	100
other_agaricoid	Bovista plumbea	2026-08-03/2026-08-03	63.5562	27.18933	509407.125	7047575.753	100
other_agaricoid	Pleurotus pulmonarius	2023-07-31/2023-07-31	63.64902	27.14985	507421.28	7057913.147	100
other_agaricoid	Tapinella atrotomentosa	2023-09-12/2023-09-12	63.6449	27.21411	510605.269	7057463.126	100
other_agaricoid	Lactarius rufus	2021-09-16/2021-09-16	63.64718	27.20011	509911.029	7057714.934	701
other_agaricoid	Bolbitius titubans	2023-09-18/2023-09-18	63.64742	27.17119	508478.613	7057737.517	100
other_agaricoid	Hypholoma marginatum	2025-10-05/2025-10-05	63.62405	27.05786	502868.02	7055123.414	10
other_agaricoid	Russula paludosa	2025-08-23/2025-08-23	63.62144	27.08073	504002.013	7054833.818	10
other_agaricoid	Amanita rubescens	2023-08-30/2023-08-30	63.64809	27.18342	509084.119	7057813.853	100
other_agaricoid	Nidularia deformis	2023-09-28/2023-09-28	63.65337	27.19363	509588.0	7058403.678	100
other_agaricoid	Cortinarius armillatus	2024-08-27/2024-08-27	63.6485	27.20734	510268.638	7057863.158	100
other_agaricoid	Clitocybe fragrans	2025-09-24/2025-09-24	63.64786	27.16917	508378.438	7057786.279	100
other_agaricoid	Phaeogalera stagnina	2017-08-29/2017-08-29	64.41554	27.141644	506825.04	7143327.869	1
other_agaricoid	Amanita betulae	2022-08-14/2022-08-14	66.66175	27.490964	521704.086	7393759.134	100
other_agaricoid	Deconica crobula	2021-08-29/2021-08-29	66.663574	27.493608	521819.359	7393963.377	10
other_agaricoid	Cortinarius semisanguineus	2018-08-31/2018-08-31	69.155197	27.225507	508955.341	7671683.933	1000
other_agaricoid	Laccaria laccata	2018-09-01/2018-09-01	69.461066	27.237762	509309.605	7705792.554	1000
other_agaricoid	Lactarius musteus	2022-08-24/2022-08-24	69.74315	27.02759	501066.095	7737230.55	100
other_agaricoid	Phlegmacium triumphans	2020-09-09/2020-09-09	60.657227	27.805014	544007.481	6724878.216	1
other_agaricoid	Cortinarius biformis	2020-09-10/2020-09-10	60.529444	27.56854	531203.517	6710511.32	1
other_agaricoid	Pholiota flammans	2016-09-16/2016-09-16	60.590136	27.475891	526069.778	6717230.554	100
other_agaricoid	Tricholoma aestuans	2016-09-13/2016-09-13	60.520075	27.491251	526969.466	6709433.697	100
other_agaricoid	Phlegmacium largum	2016-09-15/2016-09-15	60.695558	27.69166	537766.024	6729076.775	1
other_agaricoid	Mycena galericulata	2022-09-25/2022-09-25	61.19208	27.48648	526152.48	6784279.685	133
other_agaricoid	Lactarius torminosus	2024-09-07/2024-09-07	61.42881	27.55716	529727.133	6810678.617	279
other_agaricoid	Lactarius camphoratus	2023-07-27/2023-07-27	61.684983	27.559767	529621.087	6839215.134	1
other_agaricoid	Cortinarius badiovinaceus	2024-09-02/2024-09-02	62.091838	27.775578	540499.645	6884653.297	1000
other_agaricoid	Gomphidius glutinosus	2019-08-24/2019-08-24	62.144003	27.51476	526834.186	6890328.97	1000
other_agaricoid	Coprinopsis acuminata	2020-09-13/2020-09-13	62.180566	27.518718	527007.903	6894403.772	1000
other_agaricoid	Coprinus comatus	2019-08-22/2019-08-22	62.31471	27.86843	545015.146	6909542.057	100
other_agaricoid	Armillaria borealis	2021-09-11/2021-09-11	62.26195	27.94015	548817.961	6903716.701	12
other_agaricoid	Gymnopus acervatus	2023-10-01/2023-10-01	62.31986	27.94172	548805.602	6910168.897	100
other_agaricoid	Chondrostereum purpureum	2024-08-01/2024-08-01	62.4031	27.55556	528713.286	6919210.578	100
other_agaricoid	Cortinarius spilomeus	2016-09-07/2016-09-07	62.609601	27.607217	531166.764	6942239.954	100
other_agaricoid	Kuehneromyces mutabilis	2021-08-20/2021-08-20	62.512669	27.739121	538060.473	6931511.898	1000
other_agaricoid	Cortinarius luteo-ornatus	2016-09-07/2016-09-07	62.609601	27.607217	531166.764	6942239.954	100
other_agaricoid	Ampulloclitocybe clavipes	2016-08-06/2016-08-06	62.846577	27.682688	534760.763	6968679.73	1000
other_agaricoid	Cortinarius malicorius	2013-08-17/2013-08-17	62.896766	27.590626	530022.0	6974225.018	1
other_agaricoid	Clitocybula platyphylla	2015-07-10/2015-07-10	62.832913	27.706451	535987.381	6967170.48	100
other_agaricoid	Mycena epipterygia	2024-10-17/2024-10-17	62.87991	27.59044	530029.772	6972346.973	82
other_agaricoid	Russula rhodopus	2022-08-08/2022-08-08	62.895867	27.595427	530266.96	6974127.107	100
other_agaricoid	Cortinarius comptulus	2017-09-24/2017-09-24	62.832445	27.701041	535712.366	6967115.329	100
other_agaricoid	Russula aquosa	2024-09-06/2024-09-06	62.895733	27.594914	530241.022	6974111.937	10
other_agaricoid	Entoloma nidorosum	2024-08-21/2024-08-21	62.845781	27.69059	535164.053	6968595.338	1
other_agaricoid	Lacrymaria lacrymabunda	2021-09-16/2021-09-16	62.89679	27.72315	536758.083	6974296.443	15
other_agaricoid	Lentinellus ursinus	2021-09-03/2021-09-03	62.873289	27.585656	529793.174	6971607.093	1
other_agaricoid	Macrolepiota procera	2025-09-11/2025-09-11	62.89004	27.62121	531583.807	6973490.299	10
other_agaricoid	Tubaria furfuracea	2020-07-14/2020-07-14	62.90266	27.67425	534265.689	6974923.442	19
other_agaricoid	Russula aeruginea	2026-07-24/2026-07-24	62.91792	27.67143	534104.641	6976622.078	300
other_agaricoid	Cortinarius collinitus	2021-09-20/2021-09-20	62.90391	27.72073	536626.193	6975088.304	10
other_agaricoid	Phlegmacium argutum	2013-10-06/2013-10-06	62.908444	27.56866	528893.976	6975516.035	1
other_agaricoid	Entoloma queletii	2010-08-04/2010-09-25	62.91417	27.66515	533789.981	6976200.973	10
other_agaricoid	Hebeloma incarnatulum	2013-08-28/2013-08-28	62.923455	27.583169	529616.017	6977195.043	10
other_agaricoid	Strobilurus stephanocystis	2013-05-24/2013-05-24	62.928018	27.58001	529451.009	6977701.969	1
other_agaricoid	Hygrophorus erubescens	2013-08-15/2013-08-15	62.939058	27.577923	529333.992	6978931.012	1
other_agaricoid	Cortinarius croceus	2021-09-05/2021-09-05	62.90529	27.72136	536656.484	6975242.409	122
other_agaricoid	Entoloma nidorosum	2013-08-29/2013-08-29	62.932196	27.583343	529616.024	6978168.981	1
other_agaricoid	Hebeloma velutipes	2013-10-01/2013-10-01	62.91562	27.571851	529049.005	6976316.968	1
other_agaricoid	Mycena galericulata	2025-09-08/2025-09-08	62.925179	27.662888	533662.438	6977426.315	100
other_agaricoid	Pleurotus viscidus	2024-07-24/2024-07-24	62.925467	27.977467	549635.978	6977662.021	1
other_agaricoid	Russula pelargonia	2013-08-28/2013-08-28	62.923455	27.583169	529616.017	6977195.043	10
other_agaricoid	Sarcomyxa serotina	2022-10-23/2022-10-23	63.20675	27.98862	549720.187	7009007.947	10
other_agaricoid	Lycoperdon excipuliforme	2024-10-26/2024-10-26	63.26495	27.74385	537335.396	7015326.176	10
other_agaricoid	Kuehneromyces lignicola	2026-07-16/2026-07-16	63.53243	27.62844	531250.584	7045066.671	10
other_agaricoid	Strobilurus stephanocystis	2025-11-01/2025-11-01	63.56302	27.54447	527046.07	7048436.83	10
other_agaricoid	Clitopilus prunulus	2025-10-04/2025-10-04	63.56188	27.54375	527011.385	7048309.504	10
other_agaricoid	Russula olivina	2021-08-18/2021-08-18	64.18134	27.904583	543957.017	7117533.998	1
other_agaricoid	Entoloma nidorosum	2021-08-20/2021-08-20	64.16177	27.887925	543178.004	7115341.971	1
other_agaricoid	Russula favrei	2021-09-19/2021-09-19	64.166597	27.88812	543179.981	7115879.962	1
other_agaricoid	Mycena clavicularis	2015-09-13/2015-09-14	64.07915	27.677999	533068.087	7106010.086	1000
other_agaricoid	Inocybe sambucina	2018-08-25/2018-08-25	64.456897	27.581303	527967.306	7148057.07	100
other_agaricoid	Gymnopus androsaceus	2026-07-19/2026-07-19	64.48681	27.92525	544465.769	7151586.597	10
other_agaricoid	Lactarius musteus	2022-09-10/2022-09-10	65.630143	27.696253	532056.997	7278863.161	1
other_agaricoid	Entoloma vernum	2025-05-30/2025-05-30	68.368631	27.963372	539630.651	7584274.017	10
other_agaricoid	Volvariella bombycina	2026-07-28/2026-07-28	61.06013	28.18259	563838.018	6770061.506	10
other_agaricoid	Russula foetens	2024-07-20/2024-07-20	61.05398	28.10555	559691.132	6769303.877	10
other_agaricoid	Lactarius torminosus	2023-09-07/2023-09-07	61.0574	28.22204	565973.096	6769796.571	10
other_agaricoid	Delicatula integrella	2025-08-07/2025-08-07	60.90532	28.132051	561407.975	6752771.663	1000
other_agaricoid	Marasmiellus perforans	2025-06-08/2025-06-08	60.903012	28.148311	562294.437	6752529.957	1000
other_agaricoid	Conocybe tenera	2025-09-05/2025-09-05	61.10824	28.17017	563071.815	6775407.642	100
other_agaricoid	Pseudoclitocybe cyathiformis	2017-10-21/2017-10-21	61.865254	28.072774	556435.159	6859635.38	1000
other_agaricoid	Amanita olivaceogrisea	2024-09-10/2024-09-10	62.317641	28.309163	567852.095	6910252.986	100
other_agaricoid	Lepiota clypeolaria	2023-09-25/2023-09-25	62.75709	28.17622	560070.597	6959073.586	10
other_agaricoid	Hypholoma capnoides	2009-09-02/2009-09-02	62.870753	28.468026	574683.053	6972040.589	1000
other_agaricoid	Lactarius deterrimus	2012-07-28/2012-07-28	63.038881	28.479977	574859.996	6990783.055	1
other_agaricoid	Hygrocybe coccineocrenata	2025-08-14/2025-08-14	63.51694	28.08651	554057.138	7043646.053	100
other_agaricoid	Lactarius helvus	2020-08-29/2020-08-29	64.136964	28.301668	563352.204	7112924.173	1000
other_agaricoid	Mycena aurantiomarginata	2022-10-18/2022-10-18	64.129628	28.271269	561889.157	7112076.917	1000
other_agaricoid	Clitopaxillus fibulatus	2012-09-11/2012-09-11	64.335305	28.061864	551312.952	7134807.588	10
other_agaricoid	Lactarius hysginus	2021-09-20/2021-09-20	64.336397	28.060334	551236.993	7134928.031	1
other_agaricoid	Lactarius torminosus	2017-09-01/2017-09-01	64.348321	28.039435	550205.461	7136240.001	1
other_agaricoid	Phlegmacium glaucopus	2021-10-04/2021-10-04	65.246446	28.262347	558975.978	7236510.975	1
other_agaricoid	Agaricus sylvicola	2023-09-13/2023-09-15	65.284369	28.367788	563809.882	7240839.469	1000
other_agaricoid	Cantharellopsis prescotii	2021-10-03/2021-10-03	65.248306	28.279113	559754.988	7236734.018	1
other_agaricoid	Fayodia bisphaerigera	2013-09-08/2013-09-08	65.308087	28.584427	573848.528	7243718.781	100
other_agaricoid	Mycena pura	2022-10-07/2022-10-07	65.288742	28.357641	563326.072	7241316.533	1000
other_agaricoid	Cortinarius trivialis	2018-08-27/2018-08-27	67.115611	28.313494	556995.965	7444870.113	1
other_agaricoid	Amanita muscaria	2023-09-26/2023-09-26	67.28978	28.17701	550706.476	7464165.026	10
other_agaricoid	Gomphidius glutinosus	2025-08-26/2025-08-26	67.6082	28.60931	568406.487	7500071.469	10
other_agaricoid	Inocybe lacera	2023-07-30/2023-07-30	61.09743	28.43563	577404.996	6774488.649	100
other_agaricoid	Lycoperdon excipuliforme	2024-05-15/2024-05-15	61.10265	28.44693	578001.335	6775083.404	100
other_agaricoid	Hygrocybe cantharellus	2023-09-25/2023-09-25	61.22686	28.75035	593985.393	6789314.965	706
other_agaricoid	Amanita rubescens	2025-07-19/2025-07-19	61.21318	28.74704	593848.417	6787786.799	10
other_agaricoid	Gymnopus androsaceus	2017-08-05/2017-08-05	61.191539	28.7986	596683.98	6785452.009	1
other_agaricoid	Gymnopus androsaceus	2023-07-29/2023-07-29	61.12886	28.43501	577294.796	6777988.205	100
other_agaricoid	Amanita rubescens	2023-09-17/2023-09-17	61.1219	28.45177	578214.649	6777233.004	10
other_agaricoid	Macrolepiota procera	2025-08-31/2025-08-31	61.1857	28.76524	594908.575	6784752.906	269
other_agaricoid	Amanita rubescens	2024-08-22/2024-08-22	61.20935	28.74641	593825.977	6787359.384	171
other_agaricoid	Coprinus comatus	2024-10-18/2024-10-18	61.20913	28.74148	593561.809	6787327.819	10
other_agaricoid	Amanita muscaria	2025-09-11/2025-09-11	61.86849	28.86379	598031.183	6860936.21	13
other_agaricoid	Inocybe geophylla	2025-09-19/2025-09-19	61.87814	28.86118	597863.132	6862006.958	44
other_agaricoid	Amanita muscaria	2024-09-03/2024-09-03	61.87704	28.86032	597821.43	6861883.16	272
other_agaricoid	Clitopilus prunulus	2025-11-03/2025-11-03	61.87649	28.86797	598225.374	6861833.453	10
other_agaricoid	Collybia cirrhata	2025-09-17/2025-09-17	61.87462	28.86375	598009.489	6861618.824	10
other_agaricoid	Amanita muscaria	2025-10-05/2025-10-05	61.8766	28.86354	597992.121	6861839.012	10
other_agaricoid	Amanita virosa	2025-08-31/2025-08-31	61.87769	28.86367	597995.472	6861960.597	96
other_agaricoid	Cuphophyllus pratensis	2020-09-14/2020-09-14	62.39477	28.75816	590885.779	6919395.026	1
other_agaricoid	Cortinarius albovariegatus	2018-07-04/2018-07-04	62.44156	28.82382	594132.264	6924700.32	1
other_agaricoid	Infundibulicybe gibba	2018-09-05/2018-09-05	62.3928	28.82055	594116.519	6919264.885	1
other_agaricoid	Gomphidius glutinosus	2023-08-14/2023-08-14	62.44299	28.80909	593367.694	6924838.217	1
other_agaricoid	Lactarius rufus	2020-08-06/2020-08-06	62.576424	28.644416	584491.724	6939473.377	100
other_agaricoid	Hygrophorus piceae	2021-09-18/2021-09-18	62.628338	28.493789	576619.537	6945067.867	1000
other_agaricoid	Crepidotus epibryus	2018-10-24/2018-10-24	62.44771	28.77994	591849.049	6925322.139	1
other_agaricoid	Amanita crocea	2019-07-20/2019-07-20	62.559916	28.644117	584523.206	6937634.262	1
other_agaricoid	Tricholomopsis rutilans	2023-07-29/2023-07-29	62.78938	28.52629	577861.59	6963045.28	38
other_agaricoid	Amanita virosa	2026-09-01/2026-09-01	62.68298	28.69898	586982.182	6951414.508	53
other_agaricoid	Clitocybula platyphylla	2017-08-18/2017-08-18	62.683297	28.790835	591683.011	6951577.077	100
other_agaricoid	Hygrocybe conica	2012-07-27/2012-07-27	63.040079	28.492337	575482.006	6990930.962	1
other_agaricoid	Clitopilus prunulus	2012-07-27/2012-07-27	63.038533	28.493405	575540.02	6990760.0	1
other_agaricoid	Russula consobrina	2012-07-27/2012-07-27	63.038164	28.490954	575417.013	6990716.017	1
other_agaricoid	Cortinarius armillatus	2012-07-27/2012-07-27	63.038864	28.49012	575373.024	6990793.015	1
other_agaricoid	Lactarius tabidus	2012-07-28/2012-07-28	63.040786	28.49261	575493.984	6991010.04	1
other_agaricoid	Lactarius torminosus	2020-08-31/2020-08-31	63.62616	28.96606	597435.392	7056855.141	12
other_agaricoid	Russula laccata	2017-08-31/2017-08-31	64.359509	28.610382	577747.288	7138061.335	100
other_agaricoid	Lactarius deliciosus	2019-09-08/2019-09-08	64.264141	29.048544	599238.614	7128046.996	1000
other_agaricoid	Pleurotus pulmonarius	2012-09-08/2012-09-08	67.997344	28.993827	583348.994	7543912.95	10
other_agaricoid	Cortinarius caperatus	2023-08-06/2023-08-06	61.39203	28.94436	603853.022	6808001.944	10
other_agaricoid	Macrolepiota procera	2023-09-02/2023-09-02	61.37413	28.92095	602661.579	6805971.619	10
other_agaricoid	Cortinarius violaceus	2021-08-27T10:49/2021-08-27	61.691358	29.358293	624749.335	6842058.663	100
other_agaricoid	Cortinarius evernius	2009-09-16/2009-09-16	61.607302	29.324188	623280.093	6832634.532	1000
other_agaricoid	Cortinarius traganus	2009-09-19/2009-09-19	61.573911	29.171047	615283.338	6828636.04	1000
other_agaricoid	Pholiota squarrosa	2024-09-21/2024-09-21	61.87827	28.91463	600672.599	6862103.122	10
other_agaricoid	Pluteus cervinus	2018-10-01/2018-10-01	61.809652	29.078599	609536.699	6854726.991	1
other_agaricoid	Cyathus striatus	2024-08-20/2024-08-20	61.822911	28.978959	604242.148	6856039.628	1000
other_agaricoid	Clitocybe odora	2024-09-04/2024-09-04	61.810538	29.303204	621365.936	6855224.636	1
other_agaricoid	Cortinarius raphanoides	2024-09-05T11:36/2024-09-05T15:52	61.916558	29.04121	607192.7	6866569.546	1
other_agaricoid	Phaeolepiota aurea	2025-09-27/2025-09-27	61.822911	28.978959	604242.148	6856039.628	1000
other_agaricoid	Phaeolepiota aurea	2026-09-06/2026-09-06	61.91536	29.04226	607252.024	6866437.87	100
other_agaricoid	Tricholoma portentosum	2020-09-14/2020-09-14	62.086081	28.917555	600142.342	6885250.709	100
other_agaricoid	Hypholoma fasciculare	2021-08-18/2021-08-18	62.12966	29.07427	608169.338	6890355.713	15
other_agaricoid	Entoloma rubrobasis	2020-09-14/2020-09-14	62.090705	28.915872	600039.245	6885763.073	100
other_agaricoid	Hypholoma fasciculare	2021-08-19/2021-08-19	62.13252	29.07518	608206.579	6890675.728	15
other_agaricoid	Hygrocybe conica	2025-09-06/2025-09-06	62.64299	29.32746	619310.212	6947965.922	10
other_agaricoid	Gymnopilus picreus	2025-08-22/2025-08-22	62.6402	29.37841	621932.614	6947750.523	100
other_agaricoid	Phlegmacium boreidionysae	2020-09-19/2020-09-19	63.180612	29.124928	606952.988	7007482.967	1
other_agaricoid	Strobilurus esculentus	2022-05-13/2022-05-13	63.493491	29.49632	624282.129	7042997.83	1000
other_agaricoid	Cyathus striatus	2021-04-11/2021-04-11	63.55075	29.11612	605148.154	7048693.332	10
other_agaricoid	Hygrophoropsis aurantiaca	2024-10-04/2024-10-04	63.4692	29.1865	608954.64	7039728.182	321
other_agaricoid	Galerina hypnorum	2024-10-20/2024-10-20	63.56841	29.24463	611462.759	7050877.807	15
other_agaricoid	Marasmiellus perforans	2022-09-30/2022-09-30	63.799827	29.246108	610629.978	7076654.655	1000
other_agaricoid	Cortinarius umbrinolens	2009-09-16/2009-09-16	61.588725	29.360476	625279.298	6830635.36	1000
other_agaricoid	Cortinarius raphanoides	2024-09-05/2024-09-05	61.754005	29.417053	627597.335	6849147.965	1000
other_agaricoid	Aspropaxillus giganteus	2023-08-06/2023-08-06	61.75606	29.39438	626392.375	6849332.492	100
other_agaricoid	Lactarius turpis	2024-09-17/2024-09-17	61.586107	29.522364	633879.652	6830665.985	1000
other_agaricoid	Laccaria amethystina	2025-11-02/2025-11-02	61.55019	29.5024	632974.075	6826626.256	166
other_agaricoid	Clitocybe albofragrans	2024-09-03/2024-09-03	61.654019	29.745286	645387.987	6838704.796	1
other_agaricoid	Strobilurus stephanocystis	2022-06-18/2022-06-18	61.893658	29.834179	648929.973	6865583.686	1
other_agaricoid	Mycena rosea	2026-09-13/2026-09-13	61.8983	29.83251	648819.757	6866096.623	117
other_agaricoid	Russula aeruginea	2020-07-27/2020-07-27	62.16339	29.77219	644389.83	6895471.9	10
other_agaricoid	Hypholoma lateritium	2023-09-22/2023-09-22	62.091961	29.872932	649987.31	6887748.78	1
other_agaricoid	Infundibulicybe gibba	2026-06-29/2026-06-29	62.42553	29.66233	637468.583	6924417.859	100
other_agaricoid	Gymnopus ocior	2020-07-04/2020-07-04	62.311453	29.587612	634120.62	6911559.549	100
other_agaricoid	Cortinarius armillatus	2026-08-04/2026-08-04	62.581705	29.820889	644892.097	6942152.447	1000
other_agaricoid	Amanita muscaria	2018-08-29/2018-08-29	62.620376	29.849804	646186.31	6946523.001	100
other_agaricoid	Hygrocybe conica	2020-08-05/2020-08-05	62.61933	29.70132	638577.758	6946078.783	10
other_agaricoid	Amanita muscaria	2021-08-29/2021-08-29	62.57766	29.82052	644892.847	6941701.278	213
other_agaricoid	Tricholoma focale	2018-09-14/2018-09-14	62.613609	29.721913	639660.611	6945486.225	1000
other_agaricoid	Stropharia hornemannii	2018-09-25/2018-09-25	62.635329	29.868603	647076.1	6948230.473	1
other_agaricoid	Hygrophoropsis fuscosquamula	2022-09-20/2022-09-20	62.629449	29.56796	631694.227	6946926.067	1
other_agaricoid	Marasmiellus perforans	2026-06-29T16:15/2026-06-29T16:45	62.581203	29.821694	644935.871	6942098.366	1000
other_agaricoid	Tricholoma portentosum	2018-09-25/2018-09-25	62.63855	29.868783	647069.365	6948589.479	100
other_agaricoid	Leucocybe connata	2025-10-02/2025-10-02	62.6136	29.70797	638945.55	6945455.113	100
other_agaricoid	Lactarius torminosus	2025-08-30/2025-08-30	62.61026	29.71319	639228.92	6945094.496	100
other_agaricoid	Cortinarius collinitus	2022-08-29/2022-08-29	62.6054	29.73599	640421.363	6944602.811	100
other_agaricoid	Kuehneromyces mutabilis	2018-09-10/2018-09-10	62.607464	29.77319	642319.87	6944914.131	100
other_agaricoid	Russula vesca	2025-09-11/2025-09-11	62.61064	29.74832	641029.04	6945213.115	10
other_agaricoid	Clitopilus prunulus	2021-08-16T20:31/2021-08-16T20:53	62.616436	29.840839	645745.978	6946064.066	1
other_agaricoid	Tricholoma focale	2025-09-15/2025-09-15	62.61357	29.72401	639768.345	6945486.425	10
other_agaricoid	Hygrophorus camarophyllus	2024-09-14/2024-09-14	62.58248	29.73077	640261.626	6942039.601	184
other_agaricoid	Amanita fulva	2018-08-29/2018-08-29	62.615038	29.843246	645876.272	6945913.865	1000
other_agaricoid	Paralepista flaccida	2025-09-20/2025-09-20	62.57976	29.73238	640357.114	6941740.264	84
other_agaricoid	Amanita fulva	2018-09-14/2018-09-14	62.627791	29.861138	646730.794	6947374.258	1000
other_agaricoid	Kuehneromyces mutabilis	2018-08-09/2018-08-09	62.617721	29.843381	645870.022	6946212.874	1
other_agaricoid	Tricholoma fulvum	2018-09-22/2018-09-22	62.663278	29.558078	631038.168	6950672.696	1000
other_agaricoid	Clitocybe odora	2020-09-12/2020-09-12	62.688461	29.790301	642807.229	6953969.807	1000
other_agaricoid	Russula aeruginea	2023-08-04/2023-08-04	62.79554	29.56356	630732.794	6965410.965	31
other_agaricoid	Aureonarius limonius	2026-08-04/2026-08-04	63.095102	29.809915	641832.585	6999287.595	1
other_agaricoid	Lactarius mammosus	2021-08-27/2021-08-27	63.091099	29.546998	628584.763	6998288.433	1000
other_agaricoid	Deconica phyllogena	2012-07-21/2012-07-21	63.074226	29.830052	642950.982	6997007.926	1
other_agaricoid	Hygrocybe conica	2012-07-22/2012-07-22	63.083746	29.816613	642225.981	6998038.038	1
other_agaricoid	Infundibulicybe gibba	2012-08-21/2012-08-21	63.05484	29.893331	646242.982	6994991.984	10
other_agaricoid	Lactarius tabidus	2012-08-22/2012-08-22	63.050254	29.904118	646811.023	6994506.007	10
other_agaricoid	Cortinarius subtortus	2012-08-31/2012-08-31	63.074318	29.824119	642650.988	6997004.98	1
other_agaricoid	Stropharia hornemannii	2020-09-15/2020-09-15	62.949088	29.829049	643513.861	6983073.159	1000
other_agaricoid	Mycena pearsoniana	2012-08-21/2012-08-21	63.05484	29.893331	646242.982	6994991.984	10
other_agaricoid	Inocybe nematoloma	2012-08-24/2012-08-24	63.057572	29.884873	645802.023	6995276.927	1
other_agaricoid	Russula chloroides	2025-08-25/2025-08-25	63.101917	29.80318	641459.659	7000031.522	1000
other_agaricoid	Lactarius trivialis	2012-07-22/2012-07-22	63.106116	29.790406	640795.012	7000470.97	1
other_agaricoid	Mycena pura	2012-09-18/2012-09-18	63.103125	29.788592	640717.992	7000133.974	1
other_agaricoid	Clitopilus prunulus	2018-08-17/2018-08-17	63.10996	29.807125	641619.485	7000935.723	1
other_agaricoid	Lyophyllum decastes	2022-10-01/2022-10-01	63.45673	29.51807	625525.638	7038946.544	35
other_agaricoid	Laccaria laccata	2015-07-14/2015-07-14	64.19314	29.59201	625878.333	7121100.516	100
other_agaricoid	Tubaria conspersa	2020-09-19/2020-09-19	62.045447	30.25646	670259.014	6883518.533	1000
other_agaricoid	Leucocortinarius bulbiger	2009-09-13/2009-09-13	62.084509	29.930391	653023.144	6887053.519	1000
other_agaricoid	Phlegmacium triumphans	2020-09-19/2020-09-19	62.095804	30.14856	664348.454	6888844.995	1
other_agaricoid	Cantharellula umbonata	2020-09-19/2020-09-19	62.177703	29.943605	653241.241	6897459.173	1
other_agaricoid	Cortinarius alboviolaceus	2020-09-18/2020-09-18	62.081	29.928	652916.003	6886657.253	1
other_agaricoid	Lactarius tabidus	2021-08-07/2021-09-04	62.098029	30.344033	674532.635	6889603.748	1000
other_agaricoid	Bovista nigrescens	2020-09-20/2020-09-20	62.0762	30.171624	665658.503	6886721.648	100
other_agaricoid	Mycetinis scorodonius	2020-09-29/2020-09-29	62.108661	30.244538	669283.649	6890523.122	1000
other_agaricoid	Amanita crocea	2020-07-16/2020-07-16	62.1078	30.261313	670163.18	6890471.231	1
other_agaricoid	Leucocybe connata	2020-09-19/2020-09-19	62.045584	30.256279	670248.791	6883533.306	1000
other_agaricoid	Tricholoma fulvum	2020-09-19/2020-09-19	62.046108	30.259174	670397.125	6883599.233	100
other_agaricoid	Hygrocybe conica	2020-09-19/2020-09-19	62.231504	30.279147	670395.513	6904286.545	1000
other_agaricoid	Hygrocybe conica	2022-10-05/2022-10-05	62.207057	30.316803	672490.528	6901665.327	100
other_agaricoid	Cortinarius alboviolaceus	2020-09-19/2020-09-19	62.230169	30.279773	670435.556	6904139.606	1
other_agaricoid	Gliophorus psittacinus	2022-10-05/2022-10-05	62.207057	30.316803	672490.528	6901665.327	100
other_agaricoid	Lycoperdon norvegicum	2017-09-29/2017-09-29	62.431684	29.971178	653376.585	6925798.1	1
other_agaricoid	Cortinarius brunneus	2016-09-13/2016-09-13	62.587503	30.108024	659601.433	6943475.456	100
other_agaricoid	Hypholoma marginatum	2025-10-01/2025-10-01	62.56021	30.17245	663057.331	6940598.451	366
other_agaricoid	Cortinarius armillatus	2020-08-21/2020-08-21	62.645193	30.214441	664742.617	6950164.68	100
other_agaricoid	Russula claroflava	2026-07-21T09:30/2026-07-21T12:30	62.85298	29.980425	651684.916	6972720.555	1000
other_agaricoid	Coprinus comatus	2024-09-15/2024-09-15	62.20278	30.61337	687929.004	6902014.938	100
other_agaricoid	Neolentinus lepideus	2023-06-24/2023-06-24	63.15112	30.705103	686625.078	7007813.084	1
other_agaricoid	Russula decolorans	2016-08-04/2016-08-04	63.145867	30.607095	681725.239	7006947.272	100
other_agaricoid	Tapinella atrotomentosa	2026-07-23/2026-07-23	63.13574	30.72379	687664.929	7006156.072	88
