sample_group	scientific_name	latitude_wgs84	longitude_wgs84	etrs_tm35fin_easting_m	etrs_tm35fin_northing_m	coordinate_accuracy_m	temp_mean_7d	temp_mean_14d	temp_mean_30d	temp_min_7d	temp_max_7d	rain_mean_7d	rain_mean_14d	rain_mean_30d	rainy_days_14d	event_year	event_month	day_of_year	Has Boletus edulis	longitude_partition
other_agaricoid	Pluteus petasatus	60.18103	19.53137	86290.223	6695016.036	10	15.9698	15.6048	16.5797	8.6091	21.4279	1.8773	1.8003	1.5118	6	2024	9	257	0	1
boletus_edulis	Boletus edulis	60.22178	19.61414	91370.429	6699018.126	244	10.018	10.0039	10.6649	3.4944	14.424	1.0	1.166	2.2917	9	2022	10	276	1	1
boletus_edulis	Boletus edulis	60.31188	19.93944	110395.39	6707039.248	10	12.9028	14.8211	17.2846	5.0902	20.569	3.5786	2.9089	2.9456	7	2025	8	236	1	1
other_agaricoid	Coprinopsis lagopus	60.31201	19.94077	110470.141	6707045.794	10	13.6232	13.263	15.5766	6.5461	19.5203	0.8303	2.2045	1.8127	8	2025	8	243	0	1
other_agaricoid	Leucoagaricus nympharum	60.068	20.262	125376.684	6678107.086	1	10.9413	11.4314	11.3128	5.2587	13.6059	3.1663	1.8502	1.8777	10	2022	10	289	0	1
boletus_edulis	Boletus edulis	60.09466	20.46448	136903.074	6679933.801	100	11.2051	11.8941	14.3922	6.555	16.0578	2.1509	1.2387	2.0332	5	2025	10	277	1	1
boletus_edulis	Boletus edulis	69.050837	20.801188	253015.387	7672523.451	1000	10.6888	11.8705	14.1062	4.2435	18.8813	4.7242	4.0416	4.1618	12	2025	8	230	1	1
other_agaricoid	Russula atroglauca	69.050837	20.801188	253015.387	7672523.451	1000	10.6888	11.8705	14.1062	4.2435	18.8813	4.7242	4.0416	4.1618	12	2025	8	230	0	1
boletus_edulis	Boletus edulis	69.046707	20.810464	253337.466	7672027.586	1000	10.6888	11.8705	14.1062	4.2435	18.8813	4.7242	4.0416	4.1618	12	2025	8	230	1	1
other_agaricoid	Lactarius salicis-herbaceae	69.007989	20.932471	257759.213	7667242.201	1000	14.1676	13.4969	12.0415	6.191	25.0255	2.6662	2.7529	1.9043	8	2023	8	226	0	1
boletus_edulis	Boletus edulis	60.507939	21.211813	182389.264	6721963.264	1	18.1875	17.1403	17.499	13.0007	24.6588	1.8405	1.2207	2.0021	6	2020	7	205	1	1
other_agaricoid	Strobilurus stephanocystis	60.506711	21.218799	182759.906	6721793.11	100	3.3289	4.4246	4.1874	-0.1747	7.4815	0.1377	0.3526	0.5204	5	2021	5	121	0	1
other_agaricoid	Lacrymaria lacrymabunda	60.83558	21.25202	187785.739	6758166.139	13	10.0118	10.8417	11.6167	3.7756	14.844	0.5702	2.2896	2.7583	7	2022	9	265	0	1
boletus_edulis	Boletus edulis	60.835206	21.26273	188362.804	6758073.596	1000	11.9114	13.1562	14.4407	6.9169	16.8025	2.2605	2.9016	1.8951	6	2017	9	253	1	1
boletus_edulis	Boletus edulis	60.60973	21.26815	186463.679	6733000.093	16	14.2061	13.4833	14.1947	9.1411	19.4756	3.9509	2.2136	2.3833	6	2020	9	270	1	1
other_agaricoid	Amanita porphyria	60.550609	21.294918	187353.851	6726304.751	1000	7.2333	7.4855	7.7208	2.7672	11.9513	2.8547	2.3767	2.4088	12	2019	10	294	0	1
boletus_edulis	Boletus edulis	60.15683	21.30004	183839.283	6682534.935	10	13.9552	13.8886	16.2929	10.293	17.1169	3.3761	2.6918	2.3885	11	2025	8	242	1	1
boletus_edulis	Boletus edulis	60.549723	21.30792	188056.617	6726144.514	1	13.3462	15.2262	17.8343	9.0219	18.9344	4.2389	3.175	2.8204	8	2025	8	236	1	1
other_agaricoid	Clitocybula platyphylla	61.06234	21.31357	193315.972	6783065.805	10	17.8948	17.933	17.5893	13.8771	21.3817	4.6255	3.279	1.7864	11	2023	8	218	0	1
boletus_edulis	Boletus edulis	60.283879	21.319021	186109.0	6696558.369	1000	5.6936	7.99	10.2456	2.4738	8.8357	1.3031	2.1377	2.5006	8	2019	10	282	1	1
other_agaricoid	Cortinarius obtusus	60.283879	21.319021	186109.0	6696558.369	1000	5.6936	7.99	10.2456	2.4738	8.8357	1.3031	2.1377	2.5006	8	2019	10	282	0	1
other_agaricoid	Marasmius epiphyllus	60.283879	21.319021	186109.0	6696558.369	1000	5.6936	7.99	10.2456	2.4738	8.8357	1.3031	2.1377	2.5006	8	2019	10	282	0	1
other_agaricoid	Pholiota lenta	60.623652	21.31919	189384.879	6734304.074	1000	7.0515	7.0906	7.7345	1.9975	12.0687	2.2679	1.7217	2.3695	13	2019	10	292	0	1
other_agaricoid	Mycena vulgaris	60.623652	21.31919	189384.879	6734304.074	1000	7.0515	7.0906	7.7345	1.9975	12.0687	2.2679	1.7217	2.3695	13	2019	10	292	0	1
boletus_edulis	Boletus edulis	62.08196	21.32295	203723.478	6896295.692	10	15.6007	15.2383	15.579	10.3642	19.837	0.0	2.9326	3.308	6	2023	9	255	1	1
other_agaricoid	Russula emetica	60.286918	21.325393	186489.619	6696865.634	1000	6.3418	8.0113	9.9962	2.5038	11.5704	0.3687	2.1983	2.4996	10	2019	10	283	0	1
boletus_edulis	Boletus edulis	60.184546	21.326884	185591.12	6685485.625	1000	15.3068	15.4736	15.7251	10.8453	19.1614	0.9441	1.1887	2.1714	6	2016	9	253	1	1
other_agaricoid	Crepidotus stenocystis	61.474294	21.354805	199502.99	6828640.056	1	16.3143	15.7929	16.1067	14.3	19.4	0.0	0.5164	1.3196	4	2013	9	253	0	1
boletus_edulis	Boletus edulis	60.36975	21.35645	188992.739	6705920.589	10	12.7909	12.8023	16.6181	9.0665	16.9127	0.0	0.0445	2.2294	2	2022	9	254	1	1
boletus_edulis	Boletus edulis	61.47699	21.35987	199798.116	6828916.213	197	15.3451	14.2199	15.2104	10.5706	22.3116	0.914	1.4779	1.8188	8	2025	9	249	1	1
boletus_edulis	Boletus edulis	62.28181	21.379	208576.066	6918243.935	170	14.4322	13.1222	14.0481	6.853	24.4831	2.8554	1.644	2.0125	8	2025	9	249	1	1
boletus_edulis	Boletus edulis	61.05872	21.38308	197023.758	6782339.508	10	17.3366	17.8425	18.3257	13.0723	22.4639	0.9618	3.0324	1.9236	10	2024	8	231	1	1
boletus_edulis	Boletus edulis	60.592031	21.387118	192791.994	6730471.489	10	18.7105	18.0736	17.3406	11.4096	26.6354	0.0242	0.3049	1.2962	4	2020	8	222	1	1
other_agaricoid	Hebeloma mesophaeum	60.594134	21.389061	192918.16	6730696.045	100	6.8682	6.81	6.7183	5.1192	8.7165	1.9012	1.2165	1.1352	12	2018	11	316	0	1
boletus_edulis	Boletus edulis	60.593233	21.389081	192910.685	6730595.85	10	10.8574	10.545	15.2105	3.5056	17.6137	0.0	0.024	2.9001	1	2022	9	255	1	1
other_agaricoid	Russula gracillima	60.593893	21.390068	192970.889	6730664.561	10	10.5934	11.0782	11.0094	3.4326	15.5427	0.7521	2.0942	1.2861	9	2022	9	270	0	1
boletus_edulis	Boletus edulis	61.953758	21.405065	206768.984	6881679.018	1	5.9429	8.3714	11.47	0.0	11.7	0.5563	0.3636	0.4262	6	2013	10	275	1	1
other_agaricoid	Psathyrella candolleana	61.955545	21.410491	207070.005	6881853.029	1	5.8571	8.2571	11.3767	0.0	11.5	0.554	0.3614	0.4249	6	2013	10	275	0	1
other_agaricoid	Crepidotus versutus	61.954071	21.41231	207151.023	6881681.044	1	5.9429	8.3714	11.47	0.0	11.7	0.5563	0.3636	0.4262	6	2013	10	275	0	1
other_agaricoid	Cortinarius evernius	62.3751	21.435092	212373.349	6928357.434	100	13.4148	12.7896	13.6656	1.4375	21.5202	2.5856	3.031	4.4684	8	2023	9	267	0	1
boletus_edulis	Boletus edulis	61.6076	21.44207	205407.243	6843051.645	498	15.5709	16.1384	17.0782	12.9003	18.6417	7.4533	4.667	3.1808	11	2023	9	245	1	1
boletus_edulis	Boletus edulis	61.60632	21.44866	205743.778	6842879.596	100	15.5956	16.1569	17.1431	12.7366	18.8073	7.5095	4.7029	3.2037	11	2023	9	245	1	1
other_agaricoid	Kuehneromyces mutabilis	62.90986	21.45846	218698.921	6987670.569	10	6.1539	6.2707	7.9073	0.1454	13.3883	0.2423	3.8091	2.725	10	2024	10	291	0	1
other_agaricoid	Hymenopellis radicata	61.13323	21.46204	201978.415	6790254.812	100	13.9583	15.4635	16.6017	8.1946	18.1312	6.6237	8.1902	5.5751	11	2021	8	236	0	1
other_agaricoid	Cantharellula umbonata	60.536931	21.466442	196609.994	6723980.98	10	14.3621	14.4677	15.9135	8.5221	20.7095	3.675	4.8493	3.3938	13	2021	8	242	0	1
other_agaricoid	Lactarius trivialis	61.189861	21.470162	202948.399	6796510.006	1000	10.3993	13.5171	16.6367	3.7461	17.7968	0.1504	2.3471	2.7798	5	2022	9	247	0	1
boletus_edulis	Boletus edulis	61.13259	21.47781	202819.636	6790111.865	10	16.5506	16.8936	17.0657	10.8879	21.7259	11.0529	6.2506	4.4376	8	2021	8	230	1	1
other_agaricoid	Leucocybe connata	61.12764	21.48113	202951.47	6789546.772	127	9.8085	8.9462	9.5679	2.9808	13.5851	0.4064	3.8699	2.6964	9	2024	10	295	0	1
other_agaricoid	Russula alnetorum	61.777067	21.483681	209210.072	6861693.543	1000	20.7239	18.6189	18.0006	11.7711	27.9332	3.5892	2.2989	3.0632	5	2022	8	231	0	1
other_agaricoid	Amanita muscaria	61.89174	21.48455	210340.451	6874431.132	10	15.0717	15.5394	15.6324	7.8834	20.4775	0.4266	0.2684	1.3143	4	2026	8	237	0	1
boletus_edulis	Boletus edulis	61.569158	21.490893	207628.303	6838560.113	1	8.6059	9.5389	13.1414	3.7812	13.3669	1.3351	2.6628	3.3364	8	2019	9	270	1	1
boletus_edulis	Boletus edulis	60.5484	21.49251	198143.932	6725135.226	10	16.826	17.354	17.6288	11.7914	22.2416	2.7536	1.4338	2.6488	7	2023	8	238	1	1
boletus_edulis	Boletus edulis	61.12883	21.49369	203637.547	6789621.955	10	13.3459	14.8875	16.0885	5.3248	19.3698	0.3253	1.0871	1.9183	6	2024	9	265	1	1
boletus_edulis	Boletus edulis	61.12849	21.49616	203767.081	6789572.975	100	15.5674	15.3371	15.7494	6.0963	22.1248	0.7038	0.8905	2.74	4	2023	9	258	1	1
boletus_edulis	Boletus edulis	60.9239	21.49672	201881.102	6766838.124	10	16.9417	17.04	17.69	8.5805	23.4854	1.2204	2.7907	2.1428	6	2024	8	234	1	1
boletus_edulis	Boletus edulis	62.970683	21.504697	221620.793	6994227.404	1	17.8265	17.2631	18.1073	11.9023	24.6932	2.6994	3.9497	4.7256	11	2024	8	225	1	1
other_agaricoid	Tricholoma focale	61.565933	21.526013	209458.821	6838044.451	1000	8.1988	9.1365	12.8466	2.8633	13.4505	1.3729	2.7221	3.3531	8	2019	9	270	0	1
other_agaricoid	Amanita muscaria	61.564642	21.527363	209518.27	6837894.974	1000	8.1988	9.1365	12.8466	2.8633	13.4505	1.3729	2.7221	3.3531	8	2019	9	270	0	1
boletus_edulis	Boletus edulis	61.565664	21.52961	209646.903	6837998.505	100	8.1988	9.1365	12.8466	2.8633	13.4505	1.3729	2.7221	3.3531	8	2019	9	270	1	1
boletus_edulis	Boletus edulis	61.565664	21.5307	209704.66	6837993.641	100	7.923	8.8526	12.6237	2.619	13.4707	1.3919	2.7505	3.3628	8	2019	9	270	1	1
other_agaricoid	Russula decolorans	61.55614	21.53399	209789.947	6836920.697	59	16.6426	15.211	15.3151	11.5589	22.1	0.6782	1.7948	2.5072	8	2026	8	215	0	1
boletus_edulis	Boletus edulis	61.68843	21.53807	211242.868	6851602.127	998	15.626	15.9285	15.8924	9.446	19.7333	0.493	0.7305	1.4264	7	2026	8	235	1	1
boletus_edulis	Boletus edulis	61.8493	21.5403	212865.852	6869467.629	19	14.8062	16.4341	15.4504	9.7992	21.6964	8.3605	4.5234	5.0949	7	2020	7	210	1	1
boletus_edulis	Boletus edulis	61.12421	21.54362	206277.581	6788883.137	10	15.8649	16.3374	17.2229	11.0918	22.2843	6.6136	3.8042	3.4722	10	2023	8	241	1	1
other_agaricoid	Sarcomyxa serotina	63.068646	21.566027	225644.934	7004848.956	10	10.1714	11.4429	11.3	5.5	15.2	2.4204	2.746	1.6233	10	2010	9	266	0	1
other_agaricoid	Tricholomopsis rutilans	61.536312	21.56603	211303.989	6834574.949	1	15.3	15.6643	16.3	9.9	20.1	0.2932	0.307	1.7109	3	2013	8	243	0	1
boletus_edulis	Boletus edulis	61.538307	21.566623	211353.979	6834794.002	1	15.2857	15.6429	16.2733	9.9	20.1	0.3032	0.3135	1.7158	3	2013	8	243	1	1
boletus_edulis	Boletus edulis	63.2429	21.5686	227417.313	7024201.491	1	12.5499	12.6758	13.8187	7.7597	16.8913	0.9875	2.0764	1.3001	10	2018	9	266	1	1
other_agaricoid	Phaeolepiota aurea	63.068756	21.571668	225930.272	7004837.08	1	10.0105	9.8489	13.9144	0.0872	15.8048	0.3296	1.3556	2.2005	6	2022	9	256	0	1
other_agaricoid	Amanita fulva	62.19949	21.58472	218455.937	6908185.748	10	9.5734	10.9513	13.2144	0.9044	20.0246	0.7814	2.7097	3.4482	5	2021	9	248	0	1
other_agaricoid	Lentinus ciliatus	62.983181	21.584767	225787.066	6995271.782	1	12.4749	13.1107	12.2642	5.7904	18.4448	4.0554	2.6655	2.3357	7	2025	6	174	0	1
boletus_edulis	Boletus edulis	61.408727	21.58538	211149.679	6820311.878	1000	16.2748	16.3295	16.3354	10.7744	22.1133	0.6361	0.8377	2.1941	6	2017	8	234	1	1
boletus_edulis	Boletus edulis	61.11363	21.58653	208486.218	6787515.343	100	13.6258	12.3209	14.6484	6.9821	19.9476	2.3818	2.2988	2.2675	11	2025	9	245	1	1
other_agaricoid	Lactarius mammosus	63.040472	21.589459	226561.563	7001618.192	10	14.4029	14.4836	15.079	7.7666	21.7315	0.9732	4.5974	3.2138	9	2023	9	252	0	1
other_agaricoid	Lepista nuda	60.251605	21.589928	200759.195	6691711.885	1	7.6044	7.3971	9.1805	3.3226	11.0566	1.9955	2.7029	2.4126	10	2019	10	285	0	1
boletus_edulis	Boletus edulis	61.11159	21.59006	208657.208	6787272.914	100	12.8188	14.173	15.5123	6.4293	17.3397	5.311	8.39	4.7783	12	2021	8	239	1	1
other_agaricoid	Baeospora myosura	60.250838	21.590239	200769.363	6691625.244	1	7.6044	7.3971	9.1805	3.3226	11.0566	1.9955	2.7029	2.4126	10	2019	10	285	0	1
other_agaricoid	Pseudolaccaria pachyphylla	60.250757	21.590509	200783.535	6691615.017	1	7.6044	7.3971	9.1805	3.3226	11.0566	1.9955	2.7029	2.4126	10	2019	10	285	0	1
other_agaricoid	Macrotyphula fistulosa	63.057689	21.592203	226861.443	7003519.745	1	6.249	7.8774	10.7726	-0.5826	12.379	0.3291	1.3243	1.022	7	2024	10	281	0	1
other_agaricoid	Panellus ringens	63.054144	21.592253	226830.72	7003125.594	1	-4.6293	-6.3359	-6.3306	-15.5051	4.9194	0.8867	0.456	1.2186	5	2023	12	352	0	1
boletus_edulis	Boletus edulis	63.042672	21.596258	226925.182	7001833.729	1	18.4676	17.8752	17.1904	10.0412	30.6911	2.5656	3.9881	3.1179	11	2023	8	223	1	1
other_agaricoid	Gomphidius glutinosus	63.049383	21.607908	227575.625	7002530.001	1	13.1953	13.4957	13.7358	7.3005	16.3849	3.3782	2.8309	2.9567	9	2023	10	274	0	1
boletus_edulis	Boletus edulis	63.051892	21.609986	227703.878	7002800.002	1	17.0117	17.9829	17.218	11.0736	22.9226	1.8295	3.6123	3.4716	9	2023	8	228	1	1
boletus_edulis	Boletus edulis	63.038242	21.610269	227590.584	7001281.921	1	17.2085	16.5496	16.6272	11.7835	23.4536	4.4671	4.8906	2.595	10	2023	8	217	1	1
boletus_edulis	Boletus edulis	63.051975	21.610356	227723.313	7002807.656	1	17.0117	17.9829	17.218	11.0736	22.9226	1.8295	3.6123	3.4716	9	2023	8	228	1	1
boletus_edulis	Boletus edulis	63.052044	21.610472	227729.808	7002814.832	1	17.0117	17.9829	17.218	11.0736	22.9226	1.8295	3.6123	3.4716	9	2023	8	228	1	1
boletus_edulis	Boletus edulis	63.037947	21.611103	227629.907	7001245.6	1	18.6834	17.7289	17.1116	9.963	30.5835	5.7223	5.818	3.08	11	2023	8	220	1	1
boletus_edulis	Boletus edulis	63.274524	21.617422	230158.903	7027509.085	1000	16.0758	16.5002	17.2621	12.3043	21.3413	4.0383	2.7187	2.4535	10	2024	8	244	1	1
other_agaricoid	Tricholomopsis rutilans	63.274524	21.617422	230158.903	7027509.085	1000	16.0758	16.5002	17.2621	12.3043	21.3413	4.0383	2.7187	2.4535	10	2024	8	244	0	1
other_agaricoid	Tricholoma virgatum	63.274524	21.617422	230158.903	7027509.085	1000	16.0758	16.5002	17.2621	12.3043	21.3413	4.0383	2.7187	2.4535	10	2024	8	244	0	1
other_agaricoid	Xeromphalina campanella	62.982247	21.617983	227457.399	6995026.628	1	18.0976	18.2425	15.8605	11.4903	26.3598	1.5455	1.0825	0.6402	6	2023	7	183	0	1
boletus_edulis	Boletus edulis	63.054458	21.619497	228207.466	7003044.85	1	17.0117	17.9829	17.218	11.0736	22.9226	1.8295	3.6123	3.4716	9	2023	8	228	1	1
other_agaricoid	Inocybe mixtilis	60.924548	21.621242	208621.903	6766349.476	1000	4.2251	5.4426	7.0036	-2.9282	10.5496	0.6007	3.6508	3.0567	9	2019	10	284	0	1
other_agaricoid	Pseudosperma rimosum	60.924548	21.621242	208621.903	6766349.476	1000	4.2251	5.4426	7.0036	-2.9282	10.5496	0.6007	3.6508	3.0567	9	2019	10	284	0	1
boletus_edulis	Boletus edulis	63.08199	21.62251	228616.17	7006091.677	100	14.2826	14.8342	15.3232	6.3092	20.8951	0.6121	3.7316	3.0837	9	2026	8	236	1	1
boletus_edulis	Boletus edulis	60.921216	21.62557	208825.551	6765959.956	1000	4.3907	5.6188	7.1712	-2.9531	10.737	0.6153	3.6201	3.0334	9	2019	10	284	1	1
other_agaricoid	Amanita submembranacea	60.921216	21.62557	208825.551	6765959.956	1000	4.3907	5.6188	7.1712	-2.9531	10.737	0.6153	3.6201	3.0334	9	2019	10	284	0	1
other_agaricoid	Lentinus ciliatus	63.034911	21.626964	228401.893	7000841.027	1	11.7532	13.5244	14.9553	6.0767	18.311	6.6318	3.9376	2.0342	8	2024	6	167	0	1
other_agaricoid	Psathyrella candolleana	63.081976	21.627353	228860.025	7006069.652	10	16.715	15.9186	15.2994	11.817	26.2261	0.4969	2.5794	1.2744	5	2021	6	175	0	1
boletus_edulis	Boletus edulis	63.083248	21.627447	228876.614	7006210.611	10	14.8984	15.086	16.19	10.2807	20.0981	5.7856	5.4807	3.1627	12	2023	9	248	1	1
other_agaricoid	Sarcomyxa serotina	63.025039	21.630497	228488.271	6999729.023	1	-3.0137	-1.6986	-1.0206	-8.4087	1.7433	0.1661	0.6049	1.3161	7	2023	2	38	0	1
other_agaricoid	Sarcomyxa serotina	61.18509	21.63382	211682.103	6795246.318	10	8.6243	7.2124	7.0339	5.1273	12.2521	1.9954	2.9246	1.9184	10	2025	11	312	0	1
boletus_edulis	Boletus edulis	62.480789	21.636938	223765.531	6939219.82	1	15.7542	15.6745	16.1118	8.2284	22.9202	1.4508	1.3157	2.9069	7	2024	8	238	1	1
boletus_edulis	Boletus edulis	60.876073	21.637275	209047.257	6760891.433	1000	7.9989	7.2648	10.2258	-0.5048	15.2883	6.1393	4.2464	3.9338	10	2019	10	275	1	1
boletus_edulis	Boletus edulis	63.11921	21.64055	229871.068	7010151.789	10	16.349	16.2025	16.275	11.6286	22.9471	8.1647	5.5011	4.4101	8	2022	8	219	1	1
other_agaricoid	Amanita rubescens	63.096982	21.645546	229915.956	7007660.55	10	16.6338	16.0868	15.1404	9.0262	26.4645	0.4658	2.5723	1.2715	5	2021	6	174	0	1
other_agaricoid	Rhodocollybia butyracea	61.552847	21.646399	215718.365	6836058.591	1000	11.6593	12.958	14.5267	4.4205	17.6948	3.4518	4.544	2.8946	12	2025	9	269	0	1
other_agaricoid	Clitocybe phyllophila	60.880551	21.656202	210113.222	6761305.13	1000	8.1285	7.4016	10.3652	-0.4535	15.3658	6.0381	4.1844	3.8924	10	2019	10	275	0	1
other_agaricoid	Strobilurus esculentus	60.880551	21.656202	210113.222	6761305.13	1000	8.1285	7.4016	10.3652	-0.4535	15.3658	6.0381	4.1844	3.8924	10	2019	10	275	0	1
other_agaricoid	Russula foetens	63.07663	21.65858	230383.711	7005344.001	100	15.0593	14.7756	14.8068	7.4828	20.9667	2.1763	1.1231	2.9725	7	2026	9	246	0	1
boletus_edulis	Boletus edulis	60.878706	21.66023	210314.654	6761082.279	1000	8.1285	7.4016	10.3652	-0.4535	15.3658	6.0381	4.1844	3.8924	10	2019	10	275	1	1
other_agaricoid	Crucibulum laeve	63.089076	21.670999	231124.549	7006675.06	10	13.0295	8.6745	5.4294	0.8763	24.0532	0.0954	0.1808	0.6784	3	2024	5	138	0	1
boletus_edulis	Boletus edulis	63.08392	21.672952	231175.277	7006093.874	10	14.9416	14.9841	16.4488	10.4054	20.1419	4.7471	3.1245	3.4978	8	2023	8	242	1	1
boletus_edulis	Boletus edulis	63.088746	21.674348	231290.186	7006624.359	1	11.4915	11.0688	11.8023	4.6964	18.2951	1.0884	3.4385	3.7799	6	2020	9	270	1	1
boletus_edulis	Boletus edulis	63.088053	21.675257	231329.571	7006543.538	1	11.4915	11.0688	11.8023	4.6964	18.2951	1.0884	3.4385	3.7799	6	2020	9	270	1	1
other_agaricoid	Russula aeruginea	63.0872	21.6794	231530.386	7006431.403	1	5.597	8.0709	12.0499	-1.633	11.1753	0.741	3.3969	3.1061	11	2019	9	267	0	1
boletus_edulis	Boletus edulis	63.088271	21.680592	231600.312	7006545.443	1	11.1959	9.7898	12.4371	5.4277	15.7511	2.2819	1.3697	2.4042	6	2022	9	259	1	1
boletus_edulis	Boletus edulis	60.897047	21.681076	211609.628	6763028.481	1000	7.3821	7.6353	11.4698	-2.6275	15.429	2.3229	2.3097	3.4189	10	2019	9	272	1	1
other_agaricoid	Mycena pura	60.897047	21.681076	211609.628	6763028.481	1000	7.3821	7.6353	11.4698	-2.6275	15.429	2.3229	2.3097	3.4189	10	2019	9	272	0	1
boletus_edulis	Boletus edulis	63.08189	21.682474	231636.255	7005828.423	10	11.4915	11.0688	11.8023	4.6964	18.2951	1.0884	3.4385	3.7799	6	2020	9	270	1	1
other_agaricoid	Cortinarius bolaris	63.079404	21.687919	231887.681	7005529.386	10	15.9786	18.2423	17.1437	7.0805	23.5915	3.7913	3.1853	3.4674	7	2022	8	239	0	1
boletus_edulis	Boletus edulis	61.551097	21.69528	218294.034	6835651.556	1	7.0539	7.9372	11.8441	-0.1889	14.7212	2.2434	2.2037	3.4983	7	2019	9	271	1	1
boletus_edulis	Boletus edulis	63.05838	21.696365	232119.867	7003157.608	1000	16.2015	14.8018	13.9912	11.3763	23.8449	2.9575	1.524	2.6988	8	2025	9	252	1	1
other_agaricoid	Lactarius flexuosus	63.12652	21.700061	232932.683	7010715.034	1	19.2187	17.651	17.1558	10.6591	30.0963	1.2801	4.1107	3.8783	7	2022	8	229	0	1
boletus_edulis	Boletus edulis	60.62528	21.70071	210228.131	6732740.481	10	11.2014	12.9824	14.9509	4.486	18.9961	1.7321	4.6961	3.4363	11	2025	9	270	1	1
boletus_edulis	Boletus edulis	63.0794	21.719	233453.732	7005399.488	1	12.4843	13.242	14.0327	5.6769	17.9851	1.3552	2.0349	2.2197	9	2018	9	264	1	1
other_agaricoid	Lycoperdon umbrinum	61.22581	21.72611	216999.211	6799367.756	10	14.5611	15.8461	16.4898	9.3139	19.7941	8.9115	6.7402	4.5242	13	2021	8	233	0	1
other_agaricoid	Laccaria laccata	61.22391	21.72879	217125.727	6799144.985	831	13.6945	13.3625	15.4825	4.2488	20.4323	2.63	1.5433	1.1882	6	2020	9	249	0	1
other_agaricoid	Inocybe geophylla	63.092852	21.729567	234109.162	7006850.7	10	9.9571	8.7274	9.2355	2.8822	14.8315	1.9155	2.4013	1.946	4	2021	10	277	0	1
boletus_edulis	Boletus edulis	63.0709	21.7304	233950.473	7004407.509	1	15.063	14.6723	15.9444	8.5666	22.7708	0.0049	3.9689	2.2147	5	2018	9	247	1	1
other_agaricoid	Tricholoma portentosum	63.092472	21.730765	234166.026	7006803.504	10	9.9571	8.7274	9.2355	2.8822	14.8315	1.9155	2.4013	1.946	4	2021	10	277	0	1
other_agaricoid	Strobilurus stephanocystis	60.624952	21.734121	212049.471	6732557.042	1	7.6648	5.8971	5.3799	0.73	15.6058	0.334	0.5793	1.2005	6	2020	5	129	0	1
boletus_edulis	Boletus edulis	60.8607	21.73787	214359.371	6758740.293	100	12.4856	12.7133	14.9247	0.0573	19.8293	1.7331	1.2185	2.6297	6	2024	9	270	1	1
other_agaricoid	Crepidotus calolepis	63.051087	21.745217	234516.756	7002144.142	10	3.1515	6.2166	9.1572	-2.2392	9.7062	1.7675	4.5999	2.8005	13	2020	10	294	0	1
boletus_edulis	Boletus edulis	61.21372	21.74808	218068.102	6797929.072	134	11.3538	11.8335	13.2749	1.5525	16.1536	1.678	2.1985	2.1953	10	2020	9	262	1	1
other_agaricoid	Amanita muscaria	60.745404	21.755966	214313.576	6745847.972	1	19.9255	22.4003	21.6474	11.6815	31.4349	1.9656	1.4187	1.0778	4	2018	8	220	0	1
boletus_edulis	Boletus edulis	60.74542	21.75615	214323.727	6745848.949	488	15.9998	16.1765	16.706	10.4588	25.4978	2.9811	2.3958	2.5721	6	2024	9	258	1	1
boletus_edulis	Boletus edulis	60.74542	21.75615	214323.727	6745848.949	488	17.7065	16.6511	17.0614	10.2197	26.1411	4.632	4.2615	3.7737	7	2026	7	200	1	1
boletus_edulis	Boletus edulis	60.74542	21.75615	214323.727	6745848.949	488	17.0053	16.9717	16.7645	9.1793	23.6165	0.2573	1.2504	2.0819	8	2026	8	219	1	1
boletus_edulis	Boletus edulis	60.74542	21.75615	214323.727	6745848.949	488	15.7374	16.8659	15.7326	8.8296	22.4583	3.3004	3.3687	3.4447	9	2020	7	212	1	1
boletus_edulis	Boletus edulis	60.74542	21.75615	214323.727	6745848.949	488	15.7374	16.8659	15.7326	8.8296	22.4583	3.3004	3.3687	3.4447	9	2020	7	212	1	1
boletus_edulis	Boletus edulis	60.74542	21.75615	214323.727	6745848.949	488	16.0547	17.6352	18.6067	6.6376	23.8907	2.6754	2.9698	1.3905	8	2021	8	220	1	1
other_agaricoid	Russula paludosa	60.74542	21.75615	214323.727	6745848.949	488	17.6627	17.1361	17.1874	12.565	24.6017	5.5342	3.3745	2.1204	10	2023	8	216	0	1
other_agaricoid	Mycena pura	60.74542	21.75615	214323.727	6745848.949	488	17.2539	18.6367	18.5325	11.7273	22.4427	1.9925	1.6882	1.9007	9	2024	8	217	0	1
other_agaricoid	Cortinarius mucosus	60.74542	21.75615	214323.727	6745848.949	488	13.8653	15.9079	16.2812	3.1378	20.9741	3.1132	1.5566	2.5381	5	2024	9	260	0	1
other_agaricoid	Russula vinosa	60.74435	21.75785	214406.686	6745722.629	10	16.7878	17.449	19.8114	9.9975	25.0795	3.2332	2.5995	2.1363	7	2025	8	228	0	1
other_agaricoid	Chlorophyllum rhacodes	59.88464	21.77013	207477.076	6650124.439	49	10.8294	12.7183	14.6244	8.1256	13.8789	0.1339	1.8374	1.3783	6	2024	10	279	0	1
boletus_edulis	Boletus edulis	63.28846	21.77168	238005.8	7028417.653	188	12.0187	12.8527	15.8008	6.8189	17.4453	3.4927	3.4905	3.3075	10	2025	8	240	1	1
other_agaricoid	Russula vesca	63.0889	21.771796	236200.237	7006237.202	10	6.5912	7.6638	9.5899	-2.2724	11.2958	2.7823	2.3806	1.9952	5	2021	9	268	0	1
other_agaricoid	Russula farinipes	60.498719	21.773504	213082.294	6718355.807	100	15.4591	15.1151	15.6328	10.5386	20.334	1.41	2.3185	1.658	6	2023	9	271	0	1
boletus_edulis	Boletus edulis	59.95598	21.77714	208495.759	6658021.866	10	14.9067	14.1342	16.1456	11.7405	16.6312	2.1494	2.3891	1.7809	9	2025	9	244	1	1
other_agaricoid	Clitopilus prunulus	61.49258	21.77753	222132.7	6828794.698	10	7.8463	10.0651	13.4827	-1.4897	17.0478	0.0276	2.0582	2.6374	7	2025	10	274	0	1
other_agaricoid	Lentinus brumalis	63.0539	21.8167	238147.654	7002163.221	1	6.3249	4.1207	3.6001	-4.3333	17.9699	0.0	0.3781	0.5614	4	2021	4	111	0	1
other_agaricoid	Clitocybe fragrans	61.29328	21.82755	223029.707	6806431.143	10	6.1194	8.6384	8.2396	-1.1558	10.8448	4.6394	4.1187	2.6063	12	2021	10	290	0	1
boletus_edulis	Boletus edulis	63.0331	21.8304	238652.206	6999795.495	1	11.4016	13.0255	13.8095	5.1783	18.0964	1.1071	1.9029	2.7148	8	2018	9	262	1	1
other_agaricoid	Strobilurus stephanocystis	61.10055	21.83468	221714.118	6784979.968	10	4.9416	6.1586	5.0759	-1.6813	11.0224	2.1811	1.4132	0.7328	9	2023	5	122	0	1
boletus_edulis	Boletus edulis	60.58494	21.84237	217610.641	6727640.129	703	12.7	13.1214	14.3233	4.8	19.8	1.1526	1.4701	2.6969	11	2012	9	258	1	1
other_agaricoid	Pleurotus ostreatus	61.466126	21.847982	225642.686	6825555.822	1	9.9286	8.7234	9.6743	3.2379	16.8968	0.0231	1.3434	0.9023	3	2021	10	276	0	1
other_agaricoid	Amanita muscaria	60.40508	21.84961	216438.345	6707618.697	603	14.1146	14.7212	16.1891	8.4056	20.4639	3.3094	5.1564	3.8842	12	2021	8	241	0	1
other_agaricoid	Armillaria mellea	60.62859	21.85306	218575.855	6732445.68	10	10.2495	11.8827	12.8134	4.9288	16.0902	1.3046	1.3256	1.9179	2	2021	9	261	0	1
other_agaricoid	Chondrostereum purpureum	61.59283	21.8684	227840.163	6839553.021	246	3.1622	3.4609	3.0517	-1.3437	11.3449	0.1689	0.957	1.009	6	2026	4	92	0	1
other_agaricoid	Coprinellus disseminatus	61.463491	21.868706	226721.571	6825175.831	1	13.1482	13.4302	12.7147	6.4346	23.3274	0.0	1.9993	2.4848	2	2020	10	277	0	1
boletus_edulis	Boletus edulis	61.592361	21.900355	229528.372	6839367.633	1	12.3879	14.3844	14.8674	4.0862	20.6099	6.9058	3.6234	2.6017	8	2018	9	259	1	1
boletus_edulis	Boletus edulis	60.1975	21.90515	217705.168	6684308.534	10	14.6335	14.2738	15.8706	10.1194	21.2253	0.3729	2.2883	3.544	14	2021	9	246	1	1
other_agaricoid	Macrolepiota procera	60.37226	21.93126	220646.309	6703621.685	10	10.6721	12.1448	13.061	7.0275	15.2176	1.2967	1.3866	1.7031	2	2021	9	261	0	1
boletus_edulis	Boletus edulis	60.4784	21.94568	222347.472	6715358.271	10	17.8602	18.1151	18.6101	13.3605	23.3932	0.1862	2.2179	1.4734	7	2024	8	232	1	1
boletus_edulis	Boletus edulis	60.528014	21.960771	223598.628	6720809.436	1	15.1857	14.4714	15.9867	6.8	21.7	0.0	1.5399	3.106	5	2014	9	250	1	1
boletus_edulis	Boletus edulis	60.30333	21.96947	222163.331	6695798.309	27	16.2339	16.7325	17.3076	13.7353	19.3849	5.6956	4.7573	3.0392	11	2023	9	245	1	1
boletus_edulis	Boletus edulis	60.537333	21.983822	224940.457	6721748.588	1000	15.0	14.2714	15.7633	6.3	21.9	0.0	1.5318	3.1392	5	2014	9	250	1	1
boletus_edulis	Boletus edulis	60.14875	22.00154	222627.826	6678480.946	10	16.9094	17.1658	17.5879	13.6788	21.6842	5.7987	3.4458	2.5943	10	2023	8	243	1	1
boletus_edulis	Boletus edulis	60.607868	22.005663	226733.299	6729497.916	1	14.7857	16.2929	19.8333	8.3	21.3	7.5235	4.9685	3.252	12	2014	8	235	1	1
boletus_edulis	Boletus edulis	60.69422	22.00682	227527.517	6739091.86	100	13.0214	15.5856	16.244	2.7728	18.9202	1.2856	1.5855	2.5705	5	2024	9	262	1	1
other_agaricoid	Russula vinosa	60.69388	22.00864	227623.823	6739046.511	100	15.7689	13.9447	14.6645	11.6717	23.8826	0.5404	1.9985	1.8135	7	2025	9	248	0	1
boletus_edulis	Boletus edulis	60.69396	22.00874	227629.95	6739054.988	100	13.0214	15.5856	16.244	2.7728	18.9202	1.2856	1.5855	2.5705	5	2024	9	262	1	1
boletus_edulis	Boletus edulis	60.69425	22.00876	227633.495	6739087.141	100	13.0214	15.5856	16.244	2.7728	18.9202	1.2856	1.5855	2.5705	5	2024	9	262	1	1
other_agaricoid	Panellus ringens	62.999819	22.062744	250095.895	6995171.16	1	0.6699	-0.4222	-1.0339	-10.5708	10.6453	0.8445	0.7343	0.8227	9	2024	3	91	0	1
boletus_edulis	Boletus edulis	61.402509	22.062919	236536.267	6817597.31	1000	15.4581	15.4784	16.32	7.1712	22.5656	1.0564	1.7233	1.2509	5	2018	9	248	1	1
other_agaricoid	Chroogomphus rutilus	63.083028	22.06528	250935.989	7004411.969	1000	9.5231	10.1766	11.0843	1.6298	16.1677	3.4626	4.8298	3.6122	9	2020	9	266	0	1
boletus_edulis	Boletus edulis	62.90743	22.07124	249736.416	6984866.869	100	15.0704	14.783	14.9759	4.0889	25.1709	10.3789	5.6876	4.2186	11	2026	8	231	1	1
boletus_edulis	Boletus edulis	63.073633	22.077741	251483.796	7003319.189	1	11.5004	11.346	11.1742	6.16	19.5827	0.0214	1.0514	3.4112	8	2020	10	277	1	1
boletus_edulis	Boletus edulis	63.073798	22.07804	251500.278	7003336.376	1	14.5513	15.7159	15.5272	4.5071	21.9611	0.1731	0.1858	2.0494	4	2020	8	231	1	1
boletus_edulis	Boletus edulis	63.073671	22.078255	251510.033	7003321.424	100	11.6296	10.5507	11.2418	4.255	18.2962	2.05	3.4887	3.732	9	2020	9	271	1	1
boletus_edulis	Boletus edulis	62.86389	22.08072	249846.243	6979989.452	10	15.4191	15.7407	15.7365	4.1071	22.1787	10.4696	6.4036	4.6587	11	2022	8	223	1	1
boletus_edulis	Boletus edulis	60.61193	22.08201	230939.126	6729634.251	100	13.146	13.61	12.8947	7.0347	23.1444	0.0121	0.6992	1.4195	3	2020	10	277	1	1
boletus_edulis	Boletus edulis	60.459097	22.084766	229817.607	6712633.314	10	8.5517	11.4493	13.7456	1.3789	13.0985	2.3013	1.3827	2.565	10	2018	9	273	1	1
boletus_edulis	Boletus edulis	60.459323	22.087038	229944.217	6712649.107	100	12.6501	14.6767	16.0871	7.4497	17.4829	0.0743	0.4246	2.4653	6	2017	8	241	1	1
boletus_edulis	Boletus edulis	60.457541	22.091234	230159.77	6712433.791	100	12.6501	14.6767	16.0871	7.4497	17.4829	0.0743	0.4246	2.4653	6	2017	8	241	1	1
other_agaricoid	Russula claroflava	63.01644	22.09419	251826.595	6996897.085	100	14.9877	15.7333	16.1491	5.8461	20.5131	4.1673	2.8206	2.2734	9	2026	7	209	0	1
boletus_edulis	Boletus edulis	63.01332	22.10213	252201.195	6996519.558	100	13.972	14.5333	15.0832	4.4453	21.8355	0.5239	5.8857	3.998	10	2026	8	235	1	1
boletus_edulis	Boletus edulis	60.473811	22.10499	231049.775	6714186.115	100	14.7759	13.7562	15.654	8.0079	20.7485	1.9896	1.0408	2.1538	6	2017	9	247	1	1
other_agaricoid	Pholiota gummosa	60.473799	22.105007	231050.608	6714184.712	100	10.4193	11.8963	12.7376	3.8185	15.4701	1.1347	2.2839	1.5515	11	2017	9	263	0	1
boletus_edulis	Boletus edulis	60.310666	22.11327	230156.004	6696016.011	1000	13.9249	14.7204	16.2738	11.6257	16.7531	3.6264	3.2486	2.053	7	2020	9	257	1	1
other_agaricoid	Russula aeruginea	60.42119	22.11335	231073.468	6708302.247	128	17.0529	17.9216	17.256	12.674	23.6485	0.9121	2.0781	2.2708	7	2022	8	215	0	1
boletus_edulis	Boletus edulis	60.509	22.118	232054.485	6718044.856	1	15.5454	17.5781	17.4414	6.9254	20.21	0.6695	4.2915	4.2757	6	2026	7	206	1	1
other_agaricoid	Lactarius flexuosus	60.362005	22.118949	230892.715	6701699.955	1	8.8	11.2143	13.1767	3.2	15.2	5.3831	2.9881	1.8923	11	2009	10	276	0	1
other_agaricoid	Lactarius glyciosmus	60.362979	22.118994	230903.23	6701808.047	1	12.7306	12.4156	13.5491	7.8771	18.3506	2.932	1.5438	2.9893	4	2021	9	258	0	1
boletus_edulis	Boletus edulis	60.556719	22.121269	232627.904	6723336.361	1	15.3784	15.3372	16.0741	8.9973	21.319	2.68	3.9748	3.054	14	2015	7	209	1	1
boletus_edulis	Boletus edulis	60.532809	22.121405	232437.8	6720677.78	1000	21.1143	19.1143	18.4333	13.5	30.6	5.8476	3.5221	3.6416	6	2011	7	187	1	1
other_agaricoid	Calocybe gambosa	60.478955	22.122367	232045.803	6714687.029	100	10.602	11.2589	9.3398	4.6144	17.8993	3.984	3.0597	2.3548	9	2021	5	147	0	1
other_agaricoid	Amanita muscaria	60.466688	22.123546	232009.256	6713318.53	1	7.5143	6.8286	8.66	0.2	12.7	3.6038	3.0161	4.2719	11	2012	10	297	0	1
boletus_edulis	Boletus edulis	60.611001	22.123607	233204.331	6729361.292	1000	8.6587	7.965	10.2548	-1.7219	16.0955	3.411	1.7055	1.5424	2	2021	9	271	1	1
other_agaricoid	Hypholoma lateritium	61.32609	22.13448	239715.307	6808814.434	19	7.6845	8.2091	9.0031	0.6274	14.1193	0.6017	0.3417	0.96	6	2022	10	275	0	1
other_agaricoid	Mycena rosella	60.36623	22.14213	232203.878	6702075.124	17	7.5878	7.8438	8.3274	2.9507	11.576	3.254	3.3655	2.3587	11	2025	11	308	0	1
other_agaricoid	Atheniella flavoalba	60.364586	22.147267	232473.227	6701871.479	100	10.2772	10.7843	10.354	7.0281	12.3272	3.9119	2.6347	1.868	12	2022	10	290	0	1
boletus_edulis	Boletus edulis	60.27652	22.148552	231822.032	6692076.028	1000	9.9231	12.279	14.4694	5.7946	20.642	2.1343	2.0678	2.2357	11	2018	9	271	1	1
other_agaricoid	Fistulina hepatica	60.429312	22.14999	233154.019	6709055.99	1	12.0714	12.9643	13.9	1.0	19.2	2.5998	1.2999	1.2773	2	2014	9	266	0	1
other_agaricoid	Tapinella atrotomentosa	63.19584	22.15121	256216.052	7016624.222	327	18.8675	18.7411	17.3447	12.7082	27.2251	4.5328	4.4602	3.7368	11	2024	7	211	0	1
other_agaricoid	Cortinarius obtusus	60.357315	22.154062	232787.809	6701035.573	100	1.5721	2.8069	2.2989	-1.676	4.7309	2.5917	3.0122	2.4128	12	2021	1	1	0	1
other_agaricoid	Lycoperdon echinatum	60.37615	22.15455	232968.971	6703127.479	25	6.26	6.1599	8.1401	1.1331	9.4171	0.1423	1.158	1.0524	7	2024	11	315	0	1
other_agaricoid	Gymnopus aquosus	60.35683	22.15594	232887.266	6700974.035	100	17.9195	17.7842	17.2706	12.6547	25.5124	3.9117	4.2122	3.4645	6	2026	7	202	0	1
other_agaricoid	Coprinellus micaceus	61.03593	22.15797	238576.103	6776462.619	10	5.4938	7.9884	8.9435	-2.7154	11.6242	0.0342	1.6224	1.663	7	2025	10	291	0	1
other_agaricoid	Lactarius pallidus	60.429621	22.159574	233683.212	6709051.513	1	15.5158	16.402	17.0906	9.7018	23.6452	5.6245	4.3449	3.3197	11	2019	9	255	0	1
other_agaricoid	Lactarius pallidus	60.429659	22.159945	233703.91	6709054.236	10	7.1945	5.5823	7.211	-0.2348	11.479	2.7244	1.8655	1.7901	8	2019	10	289	0	1
other_agaricoid	Amanita citrina	60.431269	22.159992	233719.675	6709233.031	1000	15.4488	13.6819	13.8204	10.7268	22.282	0.6717	0.3477	1.8148	4	2020	9	273	0	1
other_agaricoid	Tubaria conspersa	60.432906	22.162862	233890.774	6709403.406	1	9.9828	10.8625	11.4639	5.0395	14.7565	0.3757	1.8256	1.2913	7	2022	9	268	0	1
boletus_edulis	Boletus edulis	62.99006	22.1659	255228.099	6993689.015	55	14.3299	14.2022	14.6245	4.9667	21.2434	0.5567	5.8629	3.5718	5	2026	8	241	1	1
boletus_edulis	Boletus edulis	60.62905	22.16722	235735.347	6731191.481	100	12.5098	14.0221	15.6273	5.3965	17.4741	5.2543	7.0786	4.8829	13	2021	8	239	1	1
other_agaricoid	Amanita regalis	60.61627	22.16735	235637.772	6729770.175	162	17.4524	17.2165	17.249	11.056	24.8508	0.5498	0.4582	2.2081	4	2024	8	242	0	1
boletus_edulis	Boletus edulis	60.94636	22.16949	238461.334	6766458.752	22	16.6221	16.6235	17.0481	9.6315	23.6825	6.5993	5.4407	3.2851	9	2021	8	229	1	1
boletus_edulis	Boletus edulis	60.47289	22.1726	234752.431	6713809.16	10	13.07	13.0727	15.0344	0.153	19.5511	2.7643	2.1097	3.1219	5	2024	9	271	1	1
other_agaricoid	Apioperdon pyriforme	60.43	22.175	234533.999	6709031.312	1	12.6711	13.1028	14.654	5.2616	17.5132	1.4902	1.9294	2.1545	9	2020	9	262	0	1
other_agaricoid	Amanita virosa	60.63344	22.17824	236373.077	6731635.237	100	12.7391	15.1561	17.4861	2.7216	24.8443	3.4224	4.2883	2.9498	9	2022	9	245	0	1
other_agaricoid	Cantharellula umbonata	60.595721	22.178432	236075.355	6727441.124	1000	9.4693	11.08	11.5707	2.133	18.0658	0.6434	1.0592	1.7097	9	2017	9	266	0	1
other_agaricoid	Gomphidius glutinosus	60.595721	22.178432	236075.355	6727441.124	1000	9.4693	11.08	11.5707	2.133	18.0658	0.6434	1.0592	1.7097	9	2017	9	266	0	1
other_agaricoid	Cuphophyllus pratensis	60.369851	22.185034	234595.622	6702303.945	1	14.7696	15.0243	15.366	9.6086	18.9388	0.7669	2.1992	2.0062	6	2016	9	250	0	1
other_agaricoid	Panaeolus acuminatus	62.743324	22.185201	254147.564	6966182.328	1000	5.1445	8.6976	11.8814	-2.9992	11.2652	2.5953	3.1048	2.7292	13	2019	9	264	0	1
other_agaricoid	Cortinarius armillatus	62.744783	22.185282	254163.841	6966344.237	1	5.1445	8.6976	11.8814	-2.9992	11.2652	2.5953	3.1048	2.7292	13	2019	9	264	0	1
boletus_edulis	Boletus edulis	61.51748	22.19145	244330.981	6829866.876	104	13.5821	14.9075	16.433	6.7648	19.2585	5.8882	5.207	3.9985	11	2021	8	235	1	1
other_agaricoid	Cortinarius caperatus	62.87418	22.19247	255606.657	6980703.85	100	14.9354	14.6088	14.7997	3.7528	25.1195	10.9685	5.9172	4.3374	10	2026	8	231	0	1
other_agaricoid	Langermannia gigantea	60.45121	22.19669	235898.271	6711302.0	10	2.5486	1.8786	-0.7979	-1.4393	7.3797	0.5902	0.9575	0.6891	8	2025	3	64	0	1
other_agaricoid	Russula pseudointegra	60.441976	22.197693	235878.327	6710271.393	1	17.9219	17.7701	17.5946	8.9575	26.1569	3.0311	2.0369	2.3983	6	2022	8	223	0	1
boletus_edulis	Boletus edulis	60.499674	22.199315	236436.172	6716679.415	1000	8.2429	8.6643	10.7133	-1.0	13.1	0.0	0.0	3.8694	0	2010	10	280	1	1
boletus_edulis	Boletus edulis	61.49553	22.19981	244594.8	6827393.689	32	16.4949	16.0814	16.2694	9.2891	23.6124	6.4832	3.8188	2.8985	9	2023	8	214	1	1
other_agaricoid	Chondrostereum purpureum	60.45295	22.2	236094.177	6711482.16	100	2.8898	3.1516	1.1654	-2.8944	8.9714	0.0875	0.8594	1.6021	7	2026	3	81	0	1
boletus_edulis	Boletus edulis	60.49793	22.20263	236603.788	6716472.244	100	12.5397	15.1122	18.1038	3.9807	21.6999	1.9266	1.1483	1.9532	7	2025	8	234	1	1
other_agaricoid	Tricholoma saponaceum	62.726197	22.204582	254993.841	6964204.192	100	5.0112	8.5785	11.7754	-3.2404	11.1039	2.5458	3.0705	2.7075	13	2019	9	264	0	1
other_agaricoid	Phlegmacium triumphans	60.426474	22.204831	236144.688	6708519.332	1000	12.5681	14.0094	15.7219	2.2104	19.8869	0.028	1.6235	2.3442	4	2024	9	266	0	1
other_agaricoid	Lactarius mammosus	60.656678	22.204878	238016.613	6734112.094	1000	12.3571	13.7143	13.4633	3.7	20.4	0.0	0.2729	2.8171	1	2014	9	259	0	1
boletus_edulis	Boletus edulis	62.725722	22.205179	255020.364	6964149.108	1	5.0112	8.5785	11.7754	-3.2404	11.1039	2.5458	3.0705	2.7075	13	2019	9	264	1	1
boletus_edulis	Boletus edulis	60.426763	22.206345	236230.239	6708545.391	1000	17.6665	17.6118	17.3793	11.8164	24.9162	1.2143	1.0075	2.982	8	2019	9	247	1	1
other_agaricoid	Lactarius rufus	60.497916	22.20841	236920.639	6716447.549	1000	11.9113	13.0281	13.7215	4.5707	17.7097	3.3422	2.6715	1.6793	7	2017	9	254	0	1
boletus_edulis	Boletus edulis	60.484715	22.210618	236934.706	6714971.092	1000	14.228	13.0591	15.0692	6.6853	20.4906	1.9769	1.0544	2.2783	6	2017	9	247	1	1
other_agaricoid	Russula vesca	60.484715	22.210618	236934.706	6714971.092	1000	14.228	13.0591	15.0692	6.6853	20.4906	1.9769	1.0544	2.2783	6	2017	9	247	0	1
boletus_edulis	Boletus edulis	60.48103	22.21242	237003.706	6714554.204	100	15.0759	16.5983	17.27	9.7434	20.1459	9.7319	7.3857	4.6379	10	2021	8	233	1	1
other_agaricoid	Hygrophoropsis aurantiaca	60.484203	22.214201	237127.125	6714899.843	1	5.5143	6.1929	5.5433	2.2	8.0	4.0971	4.6813	3.5079	12	2013	11	314	0	1
boletus_edulis	Boletus edulis	60.483379	22.215221	237176.411	6714804.158	1000	14.228	13.0591	15.0692	6.6853	20.4906	1.9769	1.0544	2.2783	6	2017	9	247	1	1
boletus_edulis	Boletus edulis	60.483323	22.216428	237242.178	6714793.109	1000	12.6386	14.2426	15.7514	4.7182	20.4906	0.8713	0.8136	2.8168	7	2017	8	242	1	1
boletus_edulis	Boletus edulis	60.491383	22.218768	237435.784	6715679.841	1000	8.2	8.6429	10.6933	-0.8	13.1	0.0	0.0	3.8484	0	2010	10	280	1	1
boletus_edulis	Boletus edulis	60.491383	22.218768	237435.784	6715679.841	1000	2.7571	3.1071	5.5933	-5.0	8.1	3.5394	2.1787	1.0707	9	2010	10	298	1	1
other_agaricoid	Chlorophyllum rhacodes	60.53831	22.21947	237854.092	6720894.203	100	17.6217	16.8387	17.0002	11.6821	24.1074	5.814	3.8967	2.4553	9	2023	8	217	0	1
boletus_edulis	Boletus edulis	60.482439	22.220087	237435.772	6714680.216	1000	15.8571	15.1714	16.4033	6.6	21.8	1.7946	3.7457	2.7792	9	2009	8	240	1	1
boletus_edulis	Boletus edulis	60.482439	22.220087	237435.772	6714680.216	1000	3.8286	3.7929	6.45	-4.9	8.9	1.9901	1.4973	0.6988	8	2010	10	296	1	1
boletus_edulis	Boletus edulis	60.482439	22.220087	237435.772	6714680.216	1000	10.7429	10.2571	11.0167	6.0	14.1	8.2094	7.2059	4.1312	10	2012	10	280	1	1
other_agaricoid	Schizophyllum commune	60.45436	22.22088	237252.194	6711555.338	10	10.2747	6.2815	5.373	-2.2642	21.531	2.0263	1.2666	0.6613	8	2025	4	109	0	1
other_agaricoid	Tricholoma batschii	60.35481	22.22123	236466.885	6700486.394	11	17.221	17.0446	15.2111	13.6733	22.9642	5.0008	2.5615	2.6504	6	2025	9	257	0	1
boletus_edulis	Boletus edulis	60.3525	22.22156	236466.404	6700228.258	21	13.9021	16.2203	16.65	8.1864	17.907	1.5338	1.5765	2.2248	4	2024	9	262	1	1
other_agaricoid	Lentinus brumalis	60.35607	22.22319	236585.018	6700618.633	10	4.3358	4.0145	2.5694	-4.1857	14.4121	0.0299	0.1584	0.2634	5	2025	4	96	0	1
boletus_edulis	Boletus edulis	60.484091	22.224598	237696.62	6714845.879	1000	6.1233	6.973	10.7776	-1.0818	13.2676	0.47	1.4117	2.5851	9	2018	10	280	1	1
other_agaricoid	Hygrophorus hypothejus	60.485308	22.225444	237752.868	6714977.807	1	1.9275	3.3228	2.9535	-3.8912	7.3532	2.043	2.023	3.4967	10	2015	12	353	0	1
other_agaricoid	Amanita fulva	62.89017	22.22583	257432.388	6982355.431	10	7.6852	9.1624	9.1416	-2.3423	14.4589	0.1272	2.2039	1.3721	8	2022	9	268	0	1
boletus_edulis	Boletus edulis	60.485038	22.225921	237776.855	6714945.887	1	-1.1143	2.6429	5.2767	-14.0	6.1	2.6228	3.0382	3.9005	11	2012	10	305	1	1
other_agaricoid	Laccaria laccata	60.34838	22.22771	236771.944	6699745.616	45	8.5507	11.0711	13.5821	2.4757	14.3333	0.1399	1.9651	1.6718	6	2024	10	279	0	1
boletus_edulis	Boletus edulis	60.54137	22.22806	238349.298	6721200.178	100	18.9879	17.8021	17.4359	11.06	32.4345	4.3652	4.5318	2.8284	10	2023	8	221	1	1
other_agaricoid	Lactarius aurantiacus	60.486138	22.228407	237922.123	6715058.272	1000	6.0958	8.3074	11.7695	-2.2845	12.5396	0.7668	1.4921	2.5616	10	2018	10	277	0	1
boletus_edulis	Boletus edulis	60.486173	22.228493	237927.123	6715061.821	1000	13.9429	14.0214	15.45	8.9	20.0	0.6512	5.0513	3.2656	8	2012	9	246	1	1
boletus_edulis	Boletus edulis	60.486145	22.228644	237935.181	6715058.106	1000	14.4	14.3714	14.3433	7.8	22.9	0.3288	0.1644	3.1195	2	2014	9	256	1	1
other_agaricoid	Armillaria borealis	60.486145	22.228644	237935.181	6715058.106	1000	14.4	14.3714	14.3433	7.8	22.9	0.3288	0.1644	3.1195	2	2014	9	256	0	1
boletus_edulis	Boletus edulis	60.483678	22.22911	237940.825	6714781.976	1	14.9975	15.8724	16.8614	6.2782	20.8742	0.6873	1.2713	3.0123	6	2017	8	236	1	1
boletus_edulis	Boletus edulis	60.482019	22.229268	237936.098	6714596.904	1000	11.4843	11.7525	12.6743	2.2207	17.4502	0.8628	2.1118	1.4708	9	2017	9	261	1	1
boletus_edulis	Boletus edulis	60.482182	22.230769	238019.767	6714609.046	1	6.739	6.8556	8.7601	-3.2189	15.248	2.1008	3.9233	2.8298	10	2017	10	293	1	1
other_agaricoid	Tricholoma batschii	60.282	22.231	236418.313	6692352.601	1	16.3224	16.7101	16.6702	11.5836	21.4885	1.1333	0.6568	1.8143	5	2026	8	227	0	1
boletus_edulis	Boletus edulis	60.478902	22.231535	238035.324	6714241.334	1000	11.8575	10.7179	11.9782	6.8945	18.9736	0.2709	0.6638	1.6447	5	2017	9	271	1	1
boletus_edulis	Boletus edulis	60.478932	22.231549	238036.334	6714244.614	1000	7.3404	8.4677	9.9728	3.3272	11.7192	3.607	3.7877	2.1735	9	2017	10	284	1	1
boletus_edulis	Boletus edulis	60.47784	22.233	238107.143	6714117.43	10	14.1428	15.7704	17.0092	7.2182	20.2156	7.6632	6.474	4.6715	10	2021	8	235	1	1
boletus_edulis	Boletus edulis	60.40847	22.23608	237717.058	6706392.807	100	17.8886	17.3656	17.5086	13.376	22.6425	5.8013	3.4606	2.0828	8	2023	8	217	1	1
other_agaricoid	Infundibulicybe gibba	60.40934	22.23762	237808.751	6706483.395	100	15.1451	16.3538	15.3793	10.5144	18.6981	10.0528	6.2494	4.0403	10	2025	9	263	0	1
boletus_edulis	Boletus edulis	60.40407	22.23899	237841.654	6705892.034	47	15.8074	16.1717	17.0358	11.3306	20.0308	1.7925	4.958	3.5448	10	2023	9	248	1	1
other_agaricoid	Lactarius flexuosus	60.486518	22.241198	238626.889	6715049.616	100	13.623	13.4809	15.2516	4.4621	20.4208	1.9703	1.0551	2.8201	6	2017	9	245	0	1
boletus_edulis	Boletus edulis	63.42678	22.24612	262889.277	7041945.847	10	15.3511	15.876	16.6638	10.9625	19.0304	2.4051	1.7303	2.4581	8	2023	8	239	1	1
other_agaricoid	Amanita fulva	60.487826	22.247054	238958.666	6715171.778	1000	13.1764	13.6204	15.2226	4.701	20.1648	2.0047	1.3272	2.9834	6	2017	9	244	0	1
other_agaricoid	Pleurotus ostreatus	60.44255	22.24827	238661.32	6710133.241	100	8.5943	7.1468	8.7459	-1.0097	13.3471	0.5571	0.7204	1.828	10	2022	11	305	0	1
boletus_edulis	Boletus edulis	61.20684	22.24876	244854.831	6795105.274	10	14.1637	15.3941	16.3701	8.4257	19.689	4.4218	3.9112	3.2279	12	2021	8	234	1	1
boletus_edulis	Boletus edulis	60.43679	22.2492	238666.115	6709489.161	10	7.7048	10.9292	13.2134	0.5807	14.3587	6.1959	3.5817	2.8704	8	2023	10	282	1	1
other_agaricoid	Hygrophoropsis aurantiaca	63.31279	22.25017	262149.553	7029255.898	10	11.6784	13.2212	15.0084	5.0556	17.7144	2.7195	4.3796	3.1671	10	2021	8	240	0	1
other_agaricoid	Chlorophyllum olivieri	63.31685	22.25211	262280.068	7029700.142	10	11.7909	11.7078	11.8775	7.2686	18.1801	0.0455	1.3154	3.2614	8	2020	10	277	0	1
boletus_edulis	Boletus edulis	60.492915	22.252828	239316.301	6715714.662	1000	6.9361	6.8592	9.7428	-3.4896	15.0882	1.5489	1.0775	2.3126	7	2018	10	283	1	1
boletus_edulis	Boletus edulis	60.23618	22.25604	237433.584	6687158.538	10	16.82	17.2532	17.3075	11.9908	21.1414	3.9483	2.3877	2.9599	10	2023	8	239	1	1
boletus_edulis	Boletus edulis	60.507813	22.257918	239715.07	6717350.845	1	16.9637	16.8554	16.7495	6.8164	24.0609	1.5403	1.6509	2.202	5	2016	7	196	1	1
other_agaricoid	Pholiota squarrosa	60.19986	22.259424	237330.028	6683107.083	10	11.7909	13.4266	15.0131	7.1841	18.5476	1.0185	4.5741	3.2229	11	2025	9	270	0	1
other_agaricoid	Lactarius helvus	60.60603	22.25963	240597.49	6728263.813	10	14.8897	12.9169	14.1949	10.1524	19.8042	3.5489	2.2217	1.7443	8	2025	9	247	0	1
boletus_edulis	Boletus edulis	60.44751	22.25976	239332.289	6710639.106	699	15.6114	15.5833	16.3459	5.7239	22.8109	0.0	3.2218	3.0007	6	2023	9	252	1	1
other_agaricoid	Amanita muscaria	60.614718	22.261185	240752.25	6729223.607	100	14.1	13.6214	14.5167	6.7	21.9	0.0	0.0446	0.9286	1	2013	9	258	0	1
other_agaricoid	Tricholoma album	60.468097	22.262791	239663.785	6712915.953	1	7.2674	7.7399	11.6942	-1.8462	15.1237	0.6037	1.4552	3.3947	8	2019	9	271	0	1
other_agaricoid	Lycoperdon perlatum	60.60629	22.26346	240808.914	6728277.601	340	14.9127	12.9412	14.2196	10.1208	19.8694	3.5133	2.2068	1.7401	8	2025	9	247	0	1
other_agaricoid	Entoloma lividoalbum	60.42454	22.26478	239424.017	6708065.433	29	16.9226	17.236	17.1414	10.7255	22.5872	1.0861	0.6987	1.8192	5	2026	8	223	0	1
other_agaricoid	Galerina pseudocerina	60.286313	22.266916	238435.553	6692688.998	1000	10.2	11.8429	13.44	4.3	16.0	2.1116	1.3379	1.5434	9	2009	9	273	0	1
boletus_edulis	Boletus edulis	60.42294	22.26898	239642.066	6707870.922	10	13.3005	12.8003	15.3835	6.8555	19.0743	3.9399	2.6275	2.0786	8	2025	8	243	1	1
other_agaricoid	Russula firmula	60.410843	22.269956	239598.937	6706522.118	1000	10.032	10.9317	11.54	4.0442	15.2839	0.2929	2.0557	1.4936	7	2022	9	268	0	1
other_agaricoid	Cortinarius violaceus	60.41022	22.27015	239604.621	6706452.085	10	15.4085	15.7845	15.902	4.0139	21.2512	4.4476	2.4725	3.4835	6	2023	9	265	0	1
other_agaricoid	Pleuroflammula tuberculosa	60.408858	22.270283	239601.04	6706300.132	1	9.5128	9.431	8.1534	3.4668	13.918	2.4992	1.9278	2.617	9	2020	11	312	0	1
other_agaricoid	Hygrocybe punicea	60.466131	22.271234	240111.499	6712663.987	1	7.7555	7.5659	9.1208	0.4358	15.5102	2.3453	3.9308	2.8892	11	2017	10	292	0	1
boletus_edulis	Boletus edulis	60.5066	22.271314	240439.779	6717163.029	1	18.9857	17.0714	15.5933	9.4	26.2	2.4239	1.5562	2.0651	7	2012	7	192	1	1
other_agaricoid	Pholiota squarrosa	60.56973	22.27164	240963.13	6724180.578	641	4.5667	7.4834	8.2686	-4.8363	11.8698	0.1458	2.0731	1.7041	9	2025	10	291	0	1
boletus_edulis	Boletus edulis	60.502269	22.271852	240434.611	6716679.383	1000	20.8857	18.8643	19.6267	12.4	31.9	7.1536	5.0265	3.8179	13	2011	7	205	1	1
boletus_edulis	Boletus edulis	60.504206	22.278098	240792.585	6716870.101	1	16.4658	17.3038	19.6716	8.6502	25.0271	1.541	2.0022	1.789	10	2025	8	228	1	1
other_agaricoid	Inocybe geophylla	60.428801	22.279604	240272.843	6708480.567	1	13.7149	13.9137	13.5477	7.1962	20.1981	1.2992	1.2628	1.9086	8	2025	6	180	0	1
other_agaricoid	Tricholoma cingulatum	60.427257	22.279979	240281.125	6708307.424	1	6.451	8.4695	9.2775	-0.5158	11.9963	0.3043	2.7918	1.8588	9	2025	10	290	0	1
boletus_edulis	Boletus edulis	62.79377	22.28167	259478.559	6971426.942	100	14.6537	14.1044	14.5176	3.6332	24.9264	10.1316	5.371	4.1338	10	2026	8	232	1	1
other_agaricoid	Chlorophyllum rhacodes	60.45756	22.28245	240658.782	6711666.793	10	15.5548	13.5619	13.5258	9.2952	22.876	0.5393	0.3234	1.7268	4	2020	9	272	0	1
other_agaricoid	Russula velenovskyi	60.431692	22.283608	240515.961	6708786.194	1	5.5112	8.9482	11.3488	-1.2635	11.1969	1.6698	2.1776	1.1925	11	2020	10	292	0	1
boletus_edulis	Boletus edulis	60.404097	22.284527	240346.378	6705714.529	1	12.6343	14.6733	17.6167	5.6127	21.5761	1.4361	1.3428	1.7822	8	2025	8	236	1	1
other_agaricoid	Lepiota oreadiformis	60.432151	22.284791	240584.632	6708832.562	100	7.8548	11.0105	13.9776	0.1331	13.7125	0.8622	4.1568	3.3132	11	2019	9	265	0	1
boletus_edulis	Boletus edulis	60.43351	22.28705	240719.605	6708974.754	10	10.9976	10.472	12.7208	4.3204	17.5795	3.9456	1.9728	2.9037	5	2022	9	261	1	1
other_agaricoid	Lactarius turpis	60.85547	22.28799	244141.703	6755885.666	19	16.621	14.6821	14.377	11.5475	23.8926	0.131	1.6007	1.6414	6	2025	9	250	0	1
other_agaricoid	Coprinus comatus	60.45447	22.29027	241063.554	6711292.439	14	14.0056	15.9914	16.372	3.9496	20.6704	3.4713	1.7357	2.5735	4	2024	9	260	0	1
other_agaricoid	Lactarius camphoratus	60.491	22.297	241723.868	6715327.462	1	15.7453	17.8284	17.3888	6.0001	23.2519	4.5306	4.5368	4.004	7	2026	7	205	0	1
other_agaricoid	Hygrophorus agathosmus	60.604714	22.299034	242740.747	6727962.539	1	9.4143	7.6857	9.12	-0.4	13.8	1.3437	0.9636	1.3528	5	2013	10	285	0	1
boletus_edulis	Boletus edulis	60.4	22.3	241164.839	6705198.076	100	16.5829	16.7219	16.8027	8.5079	20.5821	0.9617	3.4748	2.798	8	2019	8	237	1	1
other_agaricoid	Phyllotopsis nidulans	60.3933	22.30053	241140.75	6704451.071	10	4.2314	2.9145	-0.2806	-1.8722	11.2964	0.6753	0.8218	0.5566	6	2025	3	68	0	1
other_agaricoid	Kuehneromyces mutabilis	60.3979	22.30311	241319.234	6704952.367	10	8.5076	8.7108	9.3056	0.6428	13.0735	0.1935	2.959	2.3606	7	2024	10	294	0	1
other_agaricoid	Amanita pantherina	60.45279	22.30541	241881.631	6711046.157	10	9.2414	12.0157	14.4493	2.464	16.9862	0.7111	4.3089	3.3449	10	2025	9	271	0	1
other_agaricoid	Russula pelargonia	60.4504	22.3072	241960.959	6710773.408	99	15.8143	16.0786	15.6767	10.7	20.0	4.0632	3.0131	3.1848	9	2009	9	251	0	1
other_agaricoid	Xeromphalina campanella	60.48194	22.30917	242319.51	6714272.406	100	15.1882	16.6836	17.3332	9.4816	20.3945	9.5621	7.4545	4.772	11	2021	8	233	0	1
other_agaricoid	Leucocybe connata	60.431512	22.309857	241957.023	6708662.96	100	8.7486	9.1511	9.6541	3.1241	14.9319	1.8193	1.0935	1.4039	7	2022	9	273	0	1
other_agaricoid	Pholiota heteroclita	60.46093	22.31057	242229.599	6711930.956	10	9.4262	7.1577	8.3757	3.8729	12.3723	1.5092	2.8015	2.3772	12	2020	11	306	0	1
other_agaricoid	Lactarius torminosus	60.40166	22.31066	241764.389	6705340.77	16	16.0606	15.7413	16.3547	6.4878	22.3948	0.3657	1.0286	3.0121	5	2023	9	255	0	1
other_agaricoid	Psathyrella candolleana	60.53806	22.31125	242879.096	6720503.893	10	18.7733	17.5531	17.1409	10.6283	32.1243	4.104	4.4262	2.7943	10	2023	8	221	0	1
other_agaricoid	Hypholoma fasciculare	60.428408	22.311599	242028.137	6708311.017	1	10.6362	11.6709	12.4566	5.1924	14.5435	2.5034	1.8257	1.0585	10	2020	10	287	0	1
boletus_edulis	Boletus edulis	60.40226	22.31179	241831.302	6705403.047	490	16.0606	15.7413	16.3547	6.4878	22.3948	0.3657	1.0286	3.0121	5	2023	9	255	1	1
other_agaricoid	Inocybe geophylla	60.429102	22.312286	242071.398	6708385.485	100	7.595	6.971	6.5894	1.3414	11.9706	1.6343	2.6921	2.6495	11	2019	10	300	0	1
boletus_edulis	Boletus edulis	60.40225	22.31275	241884.027	6705398.17	24	14.0222	12.8687	13.2044	4.5168	21.8162	0.4729	0.4204	1.7988	5	2020	9	270	1	1
boletus_edulis	Boletus edulis	60.40061	22.31335	241904.032	6705213.477	10	14.2781	13.7527	15.2842	7.8472	21.5564	0.6383	2.7871	4.4547	8	2021	9	244	1	1
other_agaricoid	Lactarius semisanguifluus	60.428837	22.313986	242162.728	6708349.359	100	11.2853	9.3274	9.7373	3.219	16.1154	0.0332	0.8184	1.0286	4	2018	10	290	0	1
boletus_edulis	Boletus edulis	60.30667	22.31498	241249.791	6694762.535	10	13.3391	14.6054	16.0973	6.836	17.3849	4.0273	6.5829	4.9972	13	2021	8	239	1	1
boletus_edulis	Boletus edulis	60.46432	22.31596	242552.407	6712286.762	721	12.4797	12.2539	14.2018	2.9825	19.9086	4.0328	2.0317	2.7701	7	2024	9	273	1	1
other_agaricoid	Pleuroflammula tuberculosa	60.46514	22.31666	242597.335	6712375.193	12	14.3455	12.7254	15.0031	4.8469	20.1692	3.5822	2.5669	1.9942	8	2025	9	245	0	1
other_agaricoid	Calathella eruciformis	60.29861	22.31729	241313.463	6693857.329	10	-0.4962	1.1074	0.8907	-5.5856	3.167	0.7431	1.7974	1.3248	10	2025	2	37	0	1
other_agaricoid	Neolentinus lepideus	60.41761	22.31835	242313.669	6707084.007	100	18.6915	16.7664	14.2288	9.2094	26.643	0.5504	1.1058	0.7112	6	2020	6	169	0	1
other_agaricoid	Russula aeruginea	60.4659	22.31898	242730.719	6712450.617	100	13.0537	14.7769	15.1375	1.1754	18.8194	3.3291	1.8365	3.4074	5	2023	9	263	0	1
boletus_edulis	Boletus edulis	60.40138	22.32019	242286.377	6705272.288	10	15.1283	15.4601	16.2301	9.2901	19.7593	1.136	5.0538	3.5563	10	2023	9	249	1	1
other_agaricoid	Calonarius sulfurinus	60.294142	22.322838	241584.301	6693338.793	100	8.177	10.1901	12.9559	2.1625	12.4455	0.8748	1.5488	2.2904	11	2018	10	276	0	1
other_agaricoid	Hygrocybe conica	60.45985	22.323371	242923.897	6711760.786	1	10.9378	10.6077	12.2309	5.5902	16.1874	4.2197	2.1099	2.8958	6	2022	9	262	0	1
other_agaricoid	Pluteus leoninus	60.40578	22.32742	242718.842	6705733.214	100	16.0283	15.3759	16.0295	8.9231	22.3335	0.5943	1.0178	0.9832	6	2026	8	242	0	1
boletus_edulis	Boletus edulis	63.01133	22.32851	263623.035	6995445.126	10	18.1525	17.6956	16.6772	9.0316	31.0385	1.2772	4.0802	4.1826	11	2023	8	224	1	1
boletus_edulis	Boletus edulis	63.01132	22.32853	263623.965	6995443.94	10	18.1525	17.6956	16.6772	9.0316	31.0385	1.2772	4.0802	4.1826	11	2023	8	224	1	1
boletus_edulis	Boletus edulis	60.46846	22.33016	243364.7	6712691.579	12	14.2581	12.6001	14.8696	4.7163	20.0099	3.4774	2.5462	1.9789	8	2025	9	245	1	1
other_agaricoid	Amanita muscaria	60.471356	22.330169	243388.079	6713013.536	1	15.2882	15.5767	16.5416	10.0552	20.2494	1.7846	5.3234	3.7354	10	2023	9	248	0	1
boletus_edulis	Boletus edulis	60.46964	22.33048	243391.59	6712821.529	10	17.0997	17.0872	17.4146	9.4201	23.032	0.218	1.5007	2.78	7	2026	8	219	1	1
other_agaricoid	Xeromphalina cornui	60.471033	22.331106	243436.958	6712973.968	1	15.2882	15.5767	16.5416	10.0552	20.2494	1.7846	5.3234	3.7354	10	2023	9	248	0	1
boletus_edulis	Boletus edulis	60.365676	22.33113	242606.304	6701259.767	1	13.6187	14.5924	16.119	6.4274	19.8427	3.4204	6.1258	4.9888	13	2021	8	240	1	1
other_agaricoid	Mycena galericulata	60.365491	22.331136	242605.174	6701239.174	1	13.6187	14.5924	16.119	6.4274	19.8427	3.4204	6.1258	4.9888	13	2021	8	240	0	1
other_agaricoid	Tricholoma portentosum	60.468072	22.331564	243438.705	6712642.962	1	7.5296	5.9847	7.2165	0.7408	11.1524	3.3998	1.758	2.0965	8	2025	10	301	0	1
boletus_edulis	Boletus edulis	60.42108	22.33307	243150.352	6707412.274	10	12.7636	14.9839	15.9732	4.6291	19.5167	1.8994	1.7768	2.4983	6	2024	9	263	1	1
boletus_edulis	Boletus edulis	60.45107	22.33354	243412.93	6710744.884	100	11.1332	9.9718	13.801	2.2357	18.0713	3.5294	1.7721	3.1032	4	2022	9	258	1	1
boletus_edulis	Boletus edulis	60.40409	22.33394	243064.102	6705519.844	11	17.5381	16.8544	17.6761	10.9673	23.6938	4.3522	3.9053	3.153	9	2021	8	227	1	1
boletus_edulis	Boletus edulis	60.47067	22.33534	243666.492	6712917.101	10	14.7692	12.8702	14.6247	4.5462	20.0209	3.5017	2.3293	1.8938	7	2025	9	246	1	1
boletus_edulis	Boletus edulis	60.423398	22.336205	243340.979	6707657.77	100	5.9647	6.4746	7.1671	0.9367	10.6029	3.5499	2.6641	2.573	7	2025	11	305	1	1
boletus_edulis	Boletus edulis	60.45351	22.33734	243640.886	6711001.362	208	15.3924	15.6316	16.6617	9.9663	20.4941	1.9779	5.4368	3.7117	11	2023	9	247	1	1
other_agaricoid	Amanita rubescens	60.452693	22.338361	243690.514	6710906.546	1	14.2772	15.3688	15.0354	8.4871	19.6679	6.1795	6.7829	4.134	12	2025	9	265	0	1
other_agaricoid	Gomphidius roseus	60.452386	22.338381	243689.191	6710872.334	1	13.635	14.7319	15.2123	1.2169	18.7686	1.2123	0.6062	3.2578	4	2023	9	261	0	1
other_agaricoid	Amanita muscaria	60.452619	22.338728	243710.086	6710896.888	1	13.4736	14.572	15.0801	1.2744	18.5711	1.2145	0.6073	3.2676	4	2023	9	261	0	1
boletus_edulis	Boletus edulis	60.380996	22.341081	243274.945	6702924.271	1	17.1114	16.6276	17.4739	11.1408	23.4271	5.8766	4.6545	3.5463	10	2021	8	228	1	1
boletus_edulis	Boletus edulis	60.42791	22.34932	244097.404	6708108.366	100	14.7777	15.8252	15.0545	8.9216	19.6019	7.8276	6.6734	4.1143	12	2025	9	264	1	1
other_agaricoid	Lycoperdon perlatum	60.51901	22.35269	244999.084	6718224.399	10	8.1268	11.2112	14.0588	0.9628	16.247	0.4999	3.3869	3.2483	9	2025	9	272	0	1
boletus_edulis	Boletus edulis	60.47782	22.35505	244804.577	6713635.443	10	16.526	14.4625	14.675	12.4809	23.9121	0.0	2.0563	1.5669	4	2025	9	249	1	1
boletus_edulis	Boletus edulis	60.52148	22.3562	245210.881	6718485.424	100	12.7855	13.8489	15.4828	4.8261	20.3816	3.7304	6.5603	5.1228	12	2021	8	240	1	1
boletus_edulis	Boletus edulis	60.53249	22.35696	245339.087	6719706.655	100	12.7815	12.1137	14.8517	3.6563	19.7862	3.6539	2.5138	2.1362	9	2025	8	243	1	1
boletus_edulis	Boletus edulis	60.51597	22.35767	245248.137	6717867.085	10	13.9121	15.5117	16.7714	6.372	20.2837	6.9573	6.2889	4.8339	11	2021	8	235	1	1
boletus_edulis	Boletus edulis	60.518933	22.358965	245342.402	6718191.517	1	8.1268	11.2112	14.0588	0.9628	16.247	0.4999	3.3869	3.2483	9	2025	9	272	1	1
other_agaricoid	Lactarius helvus	60.523349	22.359977	245432.56	6718678.603	1000	11.0571	11.0357	12.07	0.6	20.8	2.8244	2.253	3.4695	9	2011	10	278	0	1
boletus_edulis	Boletus edulis	60.35041	22.36218	244196.484	6699441.414	10	16.0256	16.7755	17.2464	11.3741	22.8337	11.1051	6.9997	4.776	10	2021	8	231	1	1
boletus_edulis	Boletus edulis	60.687332	22.363245	246900.045	6736898.996	1	12.7429	13.3786	16.9733	6.0	18.4	3.9509	6.3163	4.0186	12	2014	8	242	1	1
boletus_edulis	Boletus edulis	60.42833	22.36513	244969.66	6708093.689	100	16.9742	16.3641	15.7369	10.3037	22.8419	1.8148	2.497	3.4437	10	2020	8	214	1	1
boletus_edulis	Boletus edulis	60.42768	22.3663	245028.872	6708016.883	100	15.754	16.0867	16.0305	7.5237	26.0608	3.1793	1.7801	4.0992	7	2020	7	207	1	1
other_agaricoid	Cheimonophyllum candidissimum	60.428318	22.366326	245035.302	6708087.72	1	13.8281	15.3597	18.2822	6.3111	23.4725	1.8626	1.0712	1.5949	5	2025	8	233	0	1
boletus_edulis	Boletus edulis	60.43528	22.36977	245279.122	6708848.473	13	15.3626	16.5907	16.9546	6.9951	20.428	2.7408	3.3871	4.1119	9	2026	7	209	1	1
boletus_edulis	Boletus edulis	60.43179	22.37128	245334.771	6708454.582	10	17.2261	16.4797	16.9061	9.8341	23.7115	0.3811	1.545	2.4932	6	2026	8	217	1	1
other_agaricoid	Cortinarius traganus	60.68715	22.37255	247405.959	6736842.917	10	17.5681	17.3789	18.343	10.3935	24.7191	7.4971	4.4923	3.8156	9	2024	8	223	0	1
boletus_edulis	Boletus edulis	60.48727	22.3795	246220.261	6714591.569	150	17.2596	17.3922	16.9151	8.1644	32.3202	2.904	4.1878	2.9996	10	2023	8	225	1	1
boletus_edulis	Boletus edulis	62.7858	22.3802	264431.111	6970176.297	1	4.9414	8.3991	11.905	-2.6569	10.5508	1.2363	2.8407	2.3912	13	2019	9	265	1	1
boletus_edulis	Boletus edulis	62.7848	22.3805	264438.399	6970063.996	1	4.9414	8.3991	11.905	-2.6569	10.5508	1.2363	2.8407	2.3912	13	2019	9	265	1	1
boletus_edulis	Boletus edulis	63.39014	22.38194	269360.349	7037375.279	10	15.9353	15.3675	15.3774	9.492	21.6014	5.2471	4.0092	3.3837	12	2020	8	217	1	1
other_agaricoid	Neolentinus lepideus	60.46341	22.38326	246240.132	6711924.085	10	13.5924	15.0198	14.0772	9.1378	20.2757	5.3363	3.5947	1.8357	9	2026	6	167	0	1
boletus_edulis	Boletus edulis	60.48555	22.38505	246511.318	6714378.92	10	16.4578	14.3723	14.5671	12.2882	23.9138	0.0244	2.0504	1.5744	6	2025	9	249	1	1
other_agaricoid	Russula vesca	60.093148	22.386912	243555.811	6670741.098	100	13.8421	13.1326	13.7194	7.9445	19.4835	0.44	0.3176	2.4184	5	2020	9	270	0	1
boletus_edulis	Boletus edulis	60.47623	22.38715	246553.78	6713334.539	10	17.035	17.0916	17.7463	6.6002	23.5892	0.2416	2.5999	2.0778	6	2024	8	235	1	1
boletus_edulis	Boletus edulis	60.44437	22.38741	246319.393	6709791.033	10	12.5777	14.5391	15.6919	3.8555	20.2681	1.9819	1.8432	2.5109	6	2024	9	264	1	1
boletus_edulis	Boletus edulis	60.297601	22.388159	245216.263	6693469.012	100	8.6802	10.7154	13.1075	1.3823	12.4059	2.6462	1.5684	2.3127	10	2018	10	275	1	1
other_agaricoid	Russula queletii	60.297601	22.388159	245216.263	6693469.012	100	8.6802	10.7154	13.1075	1.3823	12.4059	2.6462	1.5684	2.3127	10	2018	10	275	0	1
other_agaricoid	Rhizocybe pruinosa	60.46038	22.389316	246548.992	6711563.835	1	3.4275	2.8525	2.8021	-2.8716	8.7902	1.5748	0.8925	0.8533	6	2026	4	98	0	1
boletus_edulis	Boletus edulis	60.40273	22.39078	246179.898	6705148.103	10	13.2088	14.1883	15.7274	5.745	19.7023	3.4108	6.1894	5.1273	12	2021	8	240	1	1
boletus_edulis	Boletus edulis	60.678922	22.390911	248342.772	6735857.519	1000	13.8143	15.1286	18.8867	10.3	18.6	8.3185	5.4593	3.7531	12	2014	8	236	1	1
boletus_edulis	Boletus edulis	60.79336	22.39199	249296.318	6748577.944	10	16.2263	16.1941	16.6646	8.6697	23.6581	7.3171	6.1083	3.6159	10	2021	8	229	1	1
boletus_edulis	Boletus edulis	60.394565	22.402383	246754.667	6704195.547	1	16.3822	16.6806	17.2083	10.5218	23.573	10.2647	6.8355	4.7684	10	2021	8	230	1	1
boletus_edulis	Boletus edulis	60.66251	22.403569	248905.219	6733984.173	1	13.8429	15.15	18.9133	10.2	18.7	8.6501	5.7026	3.8296	11	2014	8	236	1	1
other_agaricoid	Amanita fulva	60.452847	22.40552	247380.187	6710663.914	1	15.1701	15.7952	17.0914	3.0649	23.2313	2.8991	1.5352	1.4102	8	2019	8	222	0	1
other_agaricoid	Gomphidius glutinosus	62.595577	22.409307	264404.236	6948916.406	1	6.1949	9.7598	12.7344	-3.1741	13.1374	3.0444	3.0015	2.5183	13	2019	9	263	0	1
boletus_edulis	Boletus edulis	62.591539	22.414624	264644.797	6948447.945	1000	6.1225	9.6956	12.6754	-3.0861	13.0351	3.0336	2.9755	2.5161	13	2019	9	263	1	1
boletus_edulis	Boletus edulis	62.589887	22.414661	264633.614	6948264.1	1000	5.7601	9.2928	12.3953	-3.0861	12.4129	2.222	2.637	2.4114	13	2019	9	264	1	1
other_agaricoid	Amanita muscaria	62.589887	22.414661	264633.614	6948264.1	1000	5.7601	9.2928	12.3953	-3.0861	12.4129	2.222	2.637	2.4114	13	2019	9	264	0	1
boletus_edulis	Boletus edulis	60.73809	22.41538	250137.404	6742343.062	100	21.6259	19.423	16.6218	11.4863	32.15	0.0	0.5236	1.7767	1	2019	7	210	1	1
other_agaricoid	Lycoperdon nigrescens	60.669195	22.415788	249623.936	6734680.833	1	13.8429	15.15	18.9133	10.2	18.7	8.6501	5.7026	3.8296	11	2014	8	236	0	1
boletus_edulis	Boletus edulis	60.44737	22.42364	248332.986	6709985.475	25	16.8037	17.7248	17.0536	7.054	26.3837	3.9814	3.4754	3.5787	7	2026	7	203	1	1
other_agaricoid	Apioperdon pyriforme	61.03793	22.42563	253025.954	6775644.905	33	14.7386	14.636	14.8466	2.6192	22.8514	1.543	0.8226	4.2106	6	2023	9	259	0	1
boletus_edulis	Boletus edulis	60.58333	22.42616	249524.19	6725093.662	10	12.4727	14.408	15.5876	2.0717	20.8341	2.2492	1.9096	2.6142	6	2024	9	264	1	1
other_agaricoid	Cortinarius acutus	60.742077	22.437242	251358.431	6742703.339	1	9.7014	11.79	14.0736	1.785	19.0435	2.0549	5.1941	3.5622	11	2025	9	270	0	1
other_agaricoid	Lepiota clypeolaria	60.50629	22.44902	250180.966	6716440.263	15	12.1646	11.876	13.9113	2.2476	20.1299	4.6645	2.3481	2.9094	7	2024	9	273	0	1
other_agaricoid	Apioperdon pyriforme	60.50648	22.45013	250243.294	6716457.173	18	6.3029	9.2338	11.7199	-3.1271	14.5729	0.0	2.3323	1.9858	6	2024	10	280	0	1
boletus_edulis	Boletus edulis	60.50458	22.45018	250231.403	6716245.713	49	17.1275	17.1388	17.8915	5.8527	24.0389	0.2168	2.6517	2.3507	7	2024	8	234	1	1
boletus_edulis	Boletus edulis	60.44979	22.45133	249872.708	6710148.974	100	15.4321	16.3342	16.5477	5.1684	21.1493	1.4184	0.9428	2.0547	5	2026	8	225	1	1
boletus_edulis	Boletus edulis	60.55979	22.45437	250886.106	6722368.912	23	10.4751	10.0157	11.7259	4.0981	16.1009	4.5144	2.2572	2.7641	7	2022	9	262	1	1
other_agaricoid	Hypholoma capnoides	60.512857	22.454928	250555.451	6717148.053	100	9.1645	8.0497	9.6001	0.8792	16.2373	0.0948	1.6161	1.541	4	2021	10	274	0	1
boletus_edulis	Boletus edulis	60.35575	22.45533	249369.709	6699677.016	100	13.6596	14.382	15.7603	6.0278	21.4663	3.4405	5.2344	4.9741	12	2021	8	241	1	1
boletus_edulis	Boletus edulis	60.40344	22.45619	249783.44	6704976.62	100	11.1528	10.2549	13.1876	3.1419	18.287	4.9805	2.4903	3.2631	5	2022	9	260	1	1
other_agaricoid	Amanita muscaria	60.50109	22.45667	250560.454	6715833.008	10	11.5873	13.3798	15.2676	-2.2816	21.2413	0.0316	1.9231	2.5022	6	2024	9	266	0	1
other_agaricoid	Phlegmacium triumphans	60.50237	22.45758	250620.203	6715971.887	49	12.2653	12.2774	14.3678	-2.2816	20.1299	4.5736	2.3026	3.5282	6	2024	9	272	0	1
other_agaricoid	Russula aeruginea	60.404843	22.461887	250107.589	6705110.985	1000	17.1175	16.5353	15.945	10.0169	23.2819	1.6074	2.2904	3.2318	10	2020	8	214	0	1
other_agaricoid	Marasmius wettsteinii	62.68836	22.462414	267853.684	6959041.815	1	5.8214	9.329	12.4541	-2.8438	12.3828	2.3297	2.6789	2.3413	13	2019	9	264	0	1
boletus_edulis	Boletus edulis	60.50215	22.46681	251124.697	6715912.458	69	17.1062	17.3875	18.2161	8.2434	24.6489	0.5498	3.2883	2.5774	7	2024	8	231	1	1
boletus_edulis	Boletus edulis	61.24458	22.47648	257360.593	6798433.727	10	14.1712	13.369	14.9166	6.7029	21.6263	0.5412	2.9657	3.5142	7	2021	8	243	1	1
boletus_edulis	Boletus edulis	61.24462	22.47649	257361.438	6798438.137	10	14.1712	13.369	14.9166	6.7029	21.6263	0.5412	2.9657	3.5142	7	2021	8	243	1	1
boletus_edulis	Boletus edulis	61.24461	22.47659	257366.719	6798436.654	13	14.1712	13.369	14.9166	6.7029	21.6263	0.5412	2.9657	3.5142	7	2021	8	243	1	1
boletus_edulis	Boletus edulis	60.088685	22.486299	249041.005	6669862.98	1	11.974	12.824	14.7514	3.0831	21.3484	0.2925	2.3236	4.2805	11	2021	9	248	1	1
boletus_edulis	Boletus edulis	61.03151	22.50767	257401.41	6774624.043	16	15.9508	16.8706	16.4575	6.3184	25.6385	0.1385	0.2385	1.4678	2	2020	8	229	1	1
boletus_edulis	Boletus edulis	60.43176	22.51399	253177.849	6707907.48	105	12.0751	11.699	13.7709	3.0786	19.8184	5.5732	2.7961	2.983	7	2024	9	273	1	1
boletus_edulis	Boletus edulis	60.429616	22.515348	253236.224	6707663.975	100	10.7076	10.299	11.7659	4.6313	16.1837	4.9782	2.6436	2.4869	6	2022	9	263	1	1
boletus_edulis	Boletus edulis	60.43752	22.51631	253349.048	6708539.291	10	10.5582	8.582	10.7049	5.6948	14.4804	4.8198	2.8425	4.5377	7	2025	10	284	1	1
other_agaricoid	Entoloma pallescens	63.10063	22.525355	274264.028	7004667.795	1	16.3742	15.2473	14.6269	9.3846	25.3039	0.8318	1.2527	2.2354	3	2018	7	190	0	1
boletus_edulis	Boletus edulis	60.40309	22.52815	253739.29	6704666.333	100	18.4182	15.7386	16.5762	8.485	26.0346	1.0314	1.9073	3.8956	8	2020	7	203	1	1
boletus_edulis	Boletus edulis	60.4501	22.54606	255078.702	6709827.077	23	15.2155	17.3559	17.2118	6.7347	20.7341	1.0767	2.8674	3.3914	7	2026	7	206	1	1
boletus_edulis	Boletus edulis	60.52851	22.55065	255921.299	6718529.416	100	12.7892	14.2196	14.527	4.5411	19.6857	3.8615	6.785	3.8891	13	2025	9	266	1	1
boletus_edulis	Boletus edulis	63.38172	22.55487	277921.298	7035827.533	10	10.8322	12.1989	14.0104	3.1374	18.348	3.0984	4.6	3.2687	9	2021	8	241	1	1
boletus_edulis	Boletus edulis	63.58709	22.55982	279755.438	7058652.295	10	11.0074	12.8941	14.8461	4.6816	15.7691	4.6513	5.4516	3.7058	11	2021	8	239	1	1
boletus_edulis	Boletus edulis	60.02676	22.57398	253449.211	6662646.819	10	13.1673	13.4921	14.8599	7.0388	18.1502	2.94	4.0811	3.7074	11	2020	9	262	1	1
other_agaricoid	Amanita fulva	60.182768	22.578072	254839.989	6679980.012	100	13.7319	12.7586	12.9891	3.9002	20.8108	0.2323	0.195	2.4229	5	2020	9	270	0	1
other_agaricoid	Kuehneromyces mutabilis	60.44064	22.58401	257092.756	6708634.417	10	16.9872	17.0579	17.9494	7.9395	23.7548	0.1484	2.4152	2.2461	6	2024	8	232	0	1
other_agaricoid	Cortinarius trivialis	60.972401	22.590017	261400.263	6767748.025	1	12.1294	12.6037	14.9418	4.843	24.2718	4.6543	3.4729	2.6893	13	2019	9	259	0	1
other_agaricoid	Lactarius rufus	61.24967	22.5925	263615.404	6798574.172	43	15.7489	13.9262	14.0881	9.4183	24.1878	0.2026	1.8729	1.7405	8	2025	9	249	0	1
boletus_edulis	Boletus edulis	61.39708	22.61821	266094.969	6814875.408	10	17.1378	15.7438	16.1616	10.8387	25.912	3.0878	2.8848	4.3702	8	2020	7	205	1	1
other_agaricoid	Amanita rubescens	61.4161	22.62809	266763.816	6816955.319	13	16.7022	15.9361	15.2728	7.7184	22.7328	1.4202	2.783	3.2341	10	2020	8	214	0	1
boletus_edulis	Boletus edulis	61.41528	22.62889	266800.329	6816861.26	100	10.1261	10.7636	12.4742	1.7941	16.0255	0.645	2.411	2.2713	9	2020	9	263	1	1
other_agaricoid	Lepiota magnispora	62.75275	22.64267	277550.201	6965567.034	71	9.7351	10.8753	12.3472	2.6245	15.7439	6.0609	4.8042	3.014	11	2020	9	261	0	1
boletus_edulis	Boletus edulis	60.47844	22.6839	262857.959	6712473.714	10	16.229	16.1698	16.8462	8.8143	24.114	8.7685	6.2619	4.492	11	2021	8	229	1	1
other_agaricoid	Lactarius mammosus	60.40874	22.68641	262487.127	6704713.125	10	14.3121	15.3933	14.6033	7.3525	19.9303	7.4963	6.5838	3.9156	12	2025	9	264	0	1
other_agaricoid	Lycoperdon pratense	60.454075	22.695004	263289.981	6709724.013	100	12.3637	13.7174	15.264	5.2801	17.8298	4.3006	7.473	5.5091	13	2021	8	239	0	1
other_agaricoid	Mycetinis scorodonius	61.372374	22.695074	270012.247	6811854.272	5	5.0571	6.5357	10.3	-5.1	12.4	0.0667	0.3114	0.3971	5	2013	10	276	0	1
other_agaricoid	Hebeloma mesophaeum	60.449738	22.698246	263436.507	6709230.02	100	14.0577	14.098	14.5206	3.8982	18.8949	0.6114	2.3097	1.3592	6	2023	9	273	0	1
other_agaricoid	Cortinarius armeniacus	60.013475	22.70109	260426.884	6660701.91	1000	11.3286	12.4071	13.8233	3.9	16.1	1.7173	1.194	1.2242	9	2009	9	272	0	1
other_agaricoid	Amanita fulva	63.487344	22.717691	286833.481	7047022.514	1000	15.3677	16.3289	15.5473	5.0452	24.96	1.927	1.0305	1.6829	6	2026	7	203	0	1
other_agaricoid	Coprinus comatus	61.1811	22.71833	269856.669	6790498.695	10	11.7812	14.0358	14.4931	0.383	18.6392	5.2305	2.6833	5.1222	7	2023	9	263	0	1
other_agaricoid	Cortinarius anisatus	60.05857	22.728221	262261.99	6665619.02	1	14.6286	14.6	15.2867	10.7	18.9	1.0911	4.0242	3.4573	6	2012	9	247	0	1
boletus_edulis	Boletus edulis	60.060555	22.733432	262566.0	6665821.037	1	14.6143	14.5714	15.2567	10.5	18.9	1.069	3.994	3.4662	6	2012	9	247	1	1
other_agaricoid	Amanita fulva	60.4625	22.74377	266029.492	6710486.582	10	14.8539	12.7137	13.8451	9.9947	19.8879	1.9978	1.8366	1.6376	7	2025	9	247	0	1
other_agaricoid	Russula vinosa	63.670381	22.750136	289801.758	7067276.019	100	14.4873	14.6507	15.3035	7.4994	22.3468	0.3914	3.692	2.7338	9	2023	9	252	0	1
boletus_edulis	Boletus edulis	62.78331	22.75654	283581.477	6968578.174	10	13.9667	15.2211	15.9342	7.8841	20.4274	7.1718	5.3431	3.6987	13	2021	8	233	1	1
boletus_edulis	Boletus edulis	60.772366	22.75731	269000.861	6744901.677	100	12.0876	14.0425	14.5127	1.1206	19.8027	5.4175	2.7613	2.0941	7	2018	9	259	1	1
boletus_edulis	Boletus edulis	60.06646	22.761	264140.926	6666378.997	105	16.9038	16.7463	17.5246	11.5336	23.1279	8.1625	5.7983	4.4451	9	2021	8	229	1	1
boletus_edulis	Boletus edulis	60.03919	22.77465	264705.568	6663297.462	10	15.7689	15.8871	16.5949	6.559	21.7612	0.0	3.6089	2.9756	6	2023	9	252	1	1
boletus_edulis	Boletus edulis	60.264332	22.795615	267468.549	6688263.01	1	16.2545	16.6161	17.3815	5.9661	23.073	0.4899	0.676	1.9156	6	2024	8	237	1	1
boletus_edulis	Boletus edulis	60.094612	22.818256	267522.217	6669306.999	1	13.0107	12.3744	12.9925	8.5703	17.6067	2.6659	2.8964	2.9263	7	2017	9	259	1	1
boletus_edulis	Boletus edulis	60.53359	22.82853	271186.492	6718095.086	10	12.2896	13.2774	14.8419	5.214	19.3108	4.4693	6.8684	5.5028	12	2021	8	240	1	1
other_agaricoid	Amanita fulva	63.95007	22.84532	296532.689	7098081.956	10	17.2775	17.4372	17.8612	13.7197	22.0218	0.8664	1.1342	1.7027	8	2024	8	236	0	1
boletus_edulis	Boletus edulis	61.32845	22.84964	277950.728	6806433.239	58	16.5049	16.2508	17.0645	10.7573	23.7238	4.9137	4.3537	3.2069	11	2021	8	228	1	1
boletus_edulis	Boletus edulis	61.32845	22.84964	277950.728	6806433.239	58	16.5049	16.2508	17.0645	10.7573	23.7238	4.9137	4.3537	3.2069	11	2021	8	228	1	1
boletus_edulis	Boletus edulis	62.76515	22.85514	288474.772	6966230.387	10	14.8037	14.4639	14.8177	2.8247	24.7834	7.9938	5.185	3.4893	10	2026	8	230	1	1
other_agaricoid	Amanita virosa	60.639701	22.859432	273624.271	6729790.345	100	16.8099	16.3626	15.657	7.1907	25.31	0.4967	1.6611	2.3904	7	2020	8	220	0	1
boletus_edulis	Boletus edulis	59.96075	22.86081	268952.493	6654269.498	10	17.275	17.7666	17.1176	12.0468	22.3685	0.9125	1.9116	1.9428	10	2023	8	228	1	1
other_agaricoid	Phlegmacium triumphans	60.899359	22.860941	275530.593	6758666.509	1	6.7905	9.8358	12.3948	-3.7821	13.6915	2.1703	2.0011	2.3334	7	2018	9	272	0	1
other_agaricoid	Lycoperdon excipuliforme	62.7421	22.86127	288622.33	6963646.088	100	16.9197	14.7879	13.3645	11.8314	23.9124	1.8302	1.3179	1.5372	7	2025	9	253	0	1
other_agaricoid	Inocybe tenuiorparietalis	60.095453	22.865963	270177.944	6669233.551	10	13.7151	15.954	16.4136	6.0128	18.4349	3.5243	2.7153	2.0491	7	2024	9	262	0	1
other_agaricoid	Gymnopus confluens	60.094943	22.868057	270290.701	6669169.542	1	14.756	16.4253	16.604	6.0128	20.8958	5.4248	2.7153	2.0478	7	2024	9	260	0	1
other_agaricoid	Russula queletii	60.094847	22.868209	270298.475	6669158.336	1	13.9701	14.9803	15.5706	2.9229	19.0511	0.7868	0.3951	3.1481	5	2023	9	261	0	1
boletus_edulis	Boletus edulis	60.094944	22.870806	270443.401	6669160.094	1	14.756	16.4253	16.604	6.0128	20.8958	5.4248	2.7153	2.0478	7	2024	9	260	1	1
other_agaricoid	Laccaria laccata	62.77716	22.87083	289360.438	6967514.997	100	19.2419	18.5963	17.3534	10.5154	27.2887	3.8095	3.6354	2.9447	12	2024	7	210	0	1
other_agaricoid	Lactarius citriolens	60.095331	22.871704	270495.974	6669200.017	1	16.4494	16.2112	16.4008	10.581	21.3831	5.1989	3.003	3.0503	6	2016	7	198	0	1
other_agaricoid	Omphalina mutila	60.096791	22.871949	270519.742	6669361.552	1	10.9286	12.8838	14.2089	0.1843	16.3216	6.8171	3.698	2.4613	7	2023	10	279	0	1
boletus_edulis	Boletus edulis	61.31191	22.87939	279424.616	6804492.546	73	14.3887	15.823	16.5958	9.7252	19.5088	8.2381	6.983	4.669	12	2021	8	233	1	1
other_agaricoid	Coprinellus disseminatus	60.099277	22.88046	271009.725	6669608.511	10	13.5093	13.9457	15.7288	5.9723	22.4496	7.605	5.0578	3.6042	12	2019	9	259	0	1
boletus_edulis	Boletus edulis	60.424448	22.894528	274045.156	6705727.529	1	15.0789	14.2481	15.0478	5.5249	23.3453	2.2219	2.2898	1.8166	8	2019	7	199	1	1
boletus_edulis	Boletus edulis	59.81355	22.8978	269999.752	6637768.68	10	11.9358	11.0817	13.1019	7.7154	15.4731	4.7914	2.5861	3.1361	9	2024	10	286	1	1
boletus_edulis	Boletus edulis	63.65343	22.89981	297075.66	7064906.33	10	14.7034	15.7505	16.2479	8.1002	22.4564	5.7518	3.6751	2.566	10	2021	8	231	1	1
other_agaricoid	Hygrocybe acutoconica	59.893003	22.900108	270676.803	6646597.728	1	15.4571	16.5857	17.4333	9.3	19.4	1.2622	2.7614	1.8759	8	2009	8	235	0	1
other_agaricoid	Chondrostereum purpureum	59.81754	22.90195	270259.72	6638198.057	10	7.4973	6.3899	5.7201	4.4132	9.4716	3.848	3.5787	2.7291	13	2023	11	315	0	1
other_agaricoid	Hygrocybe conica	59.8134	22.90233	270252.49	6637736.273	100	14.7472	14.8374	16.1197	8.4088	19.149	5.1367	2.5683	2.5516	4	2024	9	272	0	1
other_agaricoid	Lactarius trivialis	60.422962	22.902999	274500.673	6705533.195	1	11.3591	11.2436	11.7386	0.4572	20.3435	0.1578	1.0102	1.6629	6	2020	9	268	0	1
other_agaricoid	Hygrophoropsis fuscosquamula	60.411384	22.908879	274743.922	6704225.256	1	5.9693	6.3651	10.5539	-3.6079	14.9421	0.8282	1.5334	2.8631	6	2019	9	271	0	1
boletus_edulis	Boletus edulis	59.819103	22.909158	270674.214	6638346.917	1000	15.346	16.2736	16.7568	10.0692	19.0811	1.4275	0.9008	3.5703	7	2023	9	263	1	1
other_agaricoid	Russula decolorans	59.819103	22.909158	270674.214	6638346.917	1000	15.346	16.2736	16.7568	10.0692	19.0811	1.4275	0.9008	3.5703	7	2023	9	263	0	1
other_agaricoid	Amanita rubescens	59.819103	22.909158	270674.214	6638346.917	1000	15.346	16.2736	16.7568	10.0692	19.0811	1.4275	0.9008	3.5703	7	2023	9	263	0	1
boletus_edulis	Boletus edulis	63.83356	22.91037	298882.787	7084913.352	24	10.4076	10.635	11.9804	3.3105	17.2288	0.8626	1.0003	2.9428	4	2021	9	253	1	1
boletus_edulis	Boletus edulis	60.412128	22.91144	274889.951	6704299.25	1	6.7277	6.4261	10.2924	-3.6079	14.9421	1.0598	0.8421	2.9171	6	2019	9	272	1	1
other_agaricoid	Tricholoma pessundatum	60.104478	22.914311	272925.587	6670070.102	1	3.7818	6.0018	7.5901	-2.1903	11.2097	0.1251	2.5216	3.2429	9	2019	10	283	0	1
other_agaricoid	Russula vesca	60.416432	22.915207	275126.907	6704765.107	1	13.9655	15.1825	15.6381	5.1067	23.5553	5.8503	3.3885	2.9737	11	2019	9	254	0	1
boletus_edulis	Boletus edulis	62.03484	22.91901	286594.124	6884778.121	101	14.918	15.3382	15.8229	7.6481	23.6567	9.2941	6.0017	3.7326	12	2021	8	230	1	1
other_agaricoid	Lycoperdon perlatum	61.448776	22.925172	282825.156	6819563.399	1	15.3718	15.5212	18.6693	4.429	24.7785	2.8862	2.2832	1.4733	7	2018	8	237	0	1
other_agaricoid	Gymnopilus picreus	61.081098	22.927918	280418.255	6778654.679	1000	4.8143	8.4929	10.8933	-1.5	10.8	0.3413	0.8597	0.5111	7	2013	9	273	0	1
boletus_edulis	Boletus edulis	60.107048	22.929326	273777.018	6670304.42	1	16.0511	16.3023	19.3355	6.8683	22.0908	1.7792	2.1582	1.2977	8	2018	8	237	1	1
boletus_edulis	Boletus edulis	60.107109	22.929902	273809.42	6670309.232	1	17.8365	16.7012	17.0004	9.0394	24.6967	2.1937	1.6123	1.6092	8	2024	7	197	1	1
boletus_edulis	Boletus edulis	61.85035	22.93017	285888.508	6864218.172	30	14.2443	16.2636	14.826	6.8594	23.2562	3.0815	2.1624	4.707	7	2020	7	210	1	1
boletus_edulis	Boletus edulis	68.33453	22.93476	332612.236	7585683.854	100	14.0969	13.007	11.3547	4.8892	24.7485	0.1841	1.109	1.0641	8	2025	7	193	1	1
boletus_edulis	Boletus edulis	61.37791	22.93749	282989.434	6811639.325	10	13.2407	15.694	15.8997	3.0626	18.9709	3.4332	2.0222	2.4905	7	2024	9	261	1	1
other_agaricoid	Russula aeruginea	61.3779	22.93772	283001.639	6811637.447	100	17.4628	16.232	15.1993	7.9389	27.834	1.6916	3.1315	3.5709	10	2025	7	194	0	1
boletus_edulis	Boletus edulis	60.203487	22.941671	275122.631	6680989.022	1000	15.2666	17.327	18.9038	5.5788	21.9922	4.2561	3.7476	1.9256	9	2021	8	217	1	1
other_agaricoid	Hygrocybe ceracea	61.353611	22.942016	283062.675	6808921.269	1	16.8877	16.4759	16.9631	10.9986	24.1329	0.9487	1.9765	1.8351	8	2024	9	257	0	1
other_agaricoid	Tricholoma apium	60.20801	22.944357	275302.296	6681482.962	1	13.7745	14.6368	15.6619	4.7415	21.1747	2.2186	1.4957	1.7285	9	2026	8	236	0	1
boletus_edulis	Boletus edulis	61.33755	22.94761	283250.384	6807116.06	10	15.6519	16.6903	15.3636	8.8444	22.3327	2.2799	1.9935	3.0911	11	2020	7	212	1	1
boletus_edulis	Boletus edulis	61.81583	22.95056	286720.555	6860310.968	100	10.0302	11.2378	13.3611	0.9391	20.5461	0.6734	3.1104	4.7762	7	2021	9	248	1	1
boletus_edulis	Boletus edulis	60.27779	22.95146	276172.414	6689220.461	526	13.607	13.2187	15.3924	4.5924	19.5853	3.1359	1.9892	1.7564	10	2020	9	251	1	1
boletus_edulis	Boletus edulis	61.3081	22.95295	283332.393	6803822.319	56	12.0306	13.9157	15.5199	6.0254	16.9047	5.3295	7.4761	5.7388	12	2021	8	237	1	1
boletus_edulis	Boletus edulis	60.208165	22.953144	275789.776	6681470.305	1	10.2107	9.6617	11.642	3.2272	15.4794	3.7499	1.8749	2.6889	7	2022	9	262	1	1
boletus_edulis	Boletus edulis	60.2086	22.96142	276250.874	6681490.59	100	15.1937	14.3949	16.5756	6.5022	24.9461	0.5743	3.3142	2.7064	7	2020	7	199	1	1
boletus_edulis	Boletus edulis	61.33909	22.9657	284227.696	6807227.41	459	12.4916	13.6143	12.4641	6.2546	17.5804	0.6499	0.5616	1.2307	7	2020	10	281	1	1
boletus_edulis	Boletus edulis	62.958411	22.966387	295495.774	6987370.818	1	13.6157	13.2174	13.5072	3.3753	22.1551	1.717	1.2812	1.1422	6	2019	7	200	1	1
boletus_edulis	Boletus edulis	60.252728	22.967983	276914.507	6686376.778	1	17.3688	16.7623	16.8003	10.6532	23.8558	1.1643	1.4897	2.6105	10	2023	8	233	1	1
other_agaricoid	Hygrocybe ceracea	62.0182	22.96884	289082.225	6882763.926	534	8.0564	7.5675	6.5324	0.7167	12.4872	2.0052	1.093	2.3374	8	2024	10	301	0	1
other_agaricoid	Cortinarius anomalus	62.95882	22.96933	295647.695	6987406.962	1	15.441	14.4379	15.5199	8.5874	21.8482	1.7889	1.8133	0.8577	11	2019	8	229	0	1
other_agaricoid	Lactarius tabidus	61.795247	22.974305	287828.004	6857943.465	1000	14.128	14.3924	15.3991	7.0835	19.277	5.3161	7.3502	4.2192	11	2023	9	249	0	1
other_agaricoid	Lactarius tabidus	60.86964	22.97528	281522.751	6754974.322	10	16.4019	16.9864	17.7352	8.6264	23.9821	3.7097	5.3907	4.0089	9	2024	8	229	0	1
boletus_edulis	Boletus edulis	59.82445	22.98276	274832.946	6638689.077	16	14.4924	13.877	12.719	10.019	20.0691	1.1437	2.7186	1.9092	8	2025	6	172	1	1
boletus_edulis	Boletus edulis	61.406005	22.989317	285947.834	6814593.358	1	14.6073	15.1589	15.8918	5.9974	22.3328	1.7294	7.3789	4.0	9	2023	9	251	1	1
other_agaricoid	Amanita muscaria	61.59104	22.99163	287338.761	6835169.832	100	16.4049	15.3448	15.0298	8.9065	22.8277	1.5267	2.5217	3.1145	11	2020	8	215	0	1
boletus_edulis	Boletus edulis	60.37026	23.00096	279531.564	6699339.297	10	14.9161	15.1111	15.9093	2.7143	22.5358	0.0191	4.3669	3.4364	7	2023	9	252	1	1
other_agaricoid	Lactarius musteus	61.782701	23.001575	289177.986	6856458.998	1000	14.4158	14.6595	15.8047	10.5194	19.1797	5.9655	7.6107	4.2015	13	2023	9	248	0	1
boletus_edulis	Boletus edulis	60.267834	23.003099	278957.757	6687938.796	1000	15.6431	17.352	18.5943	5.779	22.7051	3.4959	5.072	2.4024	10	2021	8	220	1	1
other_agaricoid	Russula sanguinea	59.826196	23.004954	276087.647	6638808.031	1	14.9857	15.1786	14.7167	10.3	18.5	0.0	0.2914	1.459	2	2014	9	264	0	1
other_agaricoid	Cortinarius stillatitius	61.790339	23.010722	289712.059	6857279.066	1000	14.7532	15.0232	16.1682	10.7391	19.1879	6.0468	7.589	4.1648	13	2023	9	248	0	1
other_agaricoid	Tricholoma fulvum	61.418197	23.012564	287270.465	6815873.565	100	14.4984	15.0726	15.8058	6.0299	22.2382	1.7561	7.3653	3.9928	9	2023	9	251	0	1
boletus_edulis	Boletus edulis	59.95097	23.01259	277352.168	6652661.065	100	18.2773	17.386	17.129	12.6541	25.8264	4.3698	3.427	1.7451	12	2023	8	219	1	1
boletus_edulis	Boletus edulis	60.41506	23.01608	280666.197	6704272.171	10	10.8559	11.3398	12.0175	0.3789	18.4683	0.1597	1.033	1.6666	6	2020	9	267	1	1
boletus_edulis	Boletus edulis	59.859371	23.017273	276999.69	6642456.551	100	13.3774	13.5523	15.1625	4.9485	19.2041	5.4137	2.709	2.5266	6	2024	9	274	1	1
other_agaricoid	Gymnopus androsaceus	61.96529	23.01765	291271.943	6876719.844	100	10.6737	9.2649	12.0379	2.4983	16.5759	4.0163	2.0082	1.9801	5	2022	9	260	0	1
boletus_edulis	Boletus edulis	61.96459	23.01784	291277.108	6876641.358	19	16.5959	16.4532	15.7004	7.046	27.3539	1.3096	1.8187	2.4005	8	2020	8	221	1	1
boletus_edulis	Boletus edulis	60.431868	23.018466	280910.627	6706133.893	1	17.2074	16.2182	16.3943	10.9851	23.7691	5.0672	3.9921	2.4675	10	2023	8	217	1	1
other_agaricoid	Hygrocybe conica	61.96501	23.01886	291333.393	6876684.801	100	16.3861	15.4972	16.38	9.1446	24.7845	2.8024	2.4139	3.8922	9	2026	8	214	0	1
boletus_edulis	Boletus edulis	60.431799	23.019753	280980.923	6706121.934	1	15.8674	17.3218	19.7074	6.7957	25.0063	1.7512	2.0212	1.4337	10	2025	8	226	1	1
boletus_edulis	Boletus edulis	60.07832	23.02025	278633.156	6666800.872	100	17.5621	15.8711	17.2252	6.9077	25.198	0.0	1.5071	2.7615	5	2020	7	201	1	1
boletus_edulis	Boletus edulis	60.842089	23.020787	283804.737	6751758.691	1	12.0037	13.3901	15.0183	6.0451	17.3053	4.9251	8.3109	5.6194	12	2021	8	239	1	1
boletus_edulis	Boletus edulis	60.844271	23.026425	284125.522	6751982.839	1	5.4718	8.7251	12.4594	-3.1938	11.9436	0.1621	2.9577	2.2794	9	2019	9	266	1	1
boletus_edulis	Boletus edulis	60.842149	23.02918	284260.758	6751737.717	1	5.4359	8.6974	12.4341	-3.2524	11.9372	0.1663	2.9844	2.3025	9	2019	9	266	1	1
other_agaricoid	Panellus mitis	59.829159	23.032329	277640.49	6639045.368	1000	3.7637	6.3778	7.1123	-1.4138	7.4741	0.8732	2.2228	3.64	9	2019	11	307	0	1
other_agaricoid	Hygrophorus olivaceoalbus	59.828936	23.032948	277673.666	6639018.485	1000	9.4689	7.5296	10.0631	3.3134	11.9965	3.2488	3.0021	2.403	11	2020	10	302	0	1
other_agaricoid	Cystoderma carcharias	59.828936	23.032948	277673.666	6639018.485	1000	9.4689	7.5296	10.0631	3.3134	11.9965	3.2488	3.0021	2.403	11	2020	10	302	0	1
boletus_edulis	Boletus edulis	61.427472	23.03309	288427.408	6816838.577	1000	14.4351	15.0132	15.7459	6.3069	22.2459	1.7795	7.3596	3.9917	9	2023	9	251	1	1
other_agaricoid	Calocybe carnea	61.427472	23.03309	288427.408	6816838.577	1000	14.4351	15.0132	15.7459	6.3069	22.2459	1.7795	7.3596	3.9917	9	2023	9	251	0	1
other_agaricoid	Pholiota lenta	59.829619	23.033478	277707.9	6639092.678	1000	14.2267	14.1082	15.5026	6.5281	19.2284	5.449	2.7266	2.5231	6	2024	9	273	0	1
boletus_edulis	Boletus edulis	59.830302	23.033883	277735.133	6639167.29	1000	8.6111	8.3679	9.8292	0.862	12.3521	2.9508	1.952	1.563	12	2022	10	303	1	1
other_agaricoid	Tricholoma pessundatum	59.830302	23.033883	277735.133	6639167.29	1000	8.6111	8.3679	9.8292	0.862	12.3521	2.9508	1.952	1.563	12	2022	10	303	0	1
other_agaricoid	Russula claroflava	59.829721	23.035364	277814.191	6639097.694	1	14.7288	13.8661	16.0059	9.6766	18.9785	2.3989	1.9523	1.7567	11	2025	9	244	0	1
boletus_edulis	Boletus edulis	62.75622	23.03538	297603.022	6964657.654	24	14.549	14.3022	15.8292	8.1056	20.5513	9.3337	6.4235	4.2372	11	2023	9	244	1	1
boletus_edulis	Boletus edulis	59.830071	23.036738	277893.464	6639132.016	100	16.8998	17.4954	17.2697	11.969	21.7138	0.2026	0.7038	0.9413	7	2022	8	215	1	1
boletus_edulis	Boletus edulis	63.10949	23.03809	300165.288	7003953.888	14	14.875	16.3828	14.8821	5.1989	24.1829	5.25	2.9359	3.7369	6	2020	7	211	1	1
boletus_edulis	Boletus edulis	60.845042	23.03848	284785.077	6752028.972	1	14.7241	16.4566	14.9688	7.6131	22.1401	4.3068	2.5938	4.0449	9	2020	7	211	1	1
other_agaricoid	Entoloma araneosum	60.43971	23.040378	282167.896	6706933.492	100	10.8488	11.8494	13.3727	4.4107	16.5289	4.116	3.1086	2.2769	10	2020	9	258	0	1
boletus_edulis	Boletus edulis	60.43809	23.04057	282167.6	6706752.65	10	10.5797	10.9046	12.5906	2.5108	17.0676	0.3098	2.1795	2.3314	9	2020	9	263	1	1
other_agaricoid	Pholiota lenta	61.395988	23.040708	288620.494	6813311.377	1	7.2043	7.3773	9.6346	1.7939	14.7005	6.2997	3.2527	2.3636	7	2024	10	288	0	1
boletus_edulis	Boletus edulis	62.04422	23.04162	293063.696	6885424.083	10	7.6405	8.917	9.1324	-1.6447	14.2479	0.3974	2.5588	1.5048	7	2022	9	268	1	1
other_agaricoid	Hypholoma capnoides	61.387457	23.042116	288637.954	6812357.766	1000	3.8719	3.6608	6.4786	-0.4175	7.5174	0.0	0.0086	1.2796	1	2016	10	295	0	1
other_agaricoid	Russula foetens	60.84755	23.042884	285040.984	6752293.518	1	11.3109	11.2694	13.2066	0.2198	20.5043	0.3269	1.4558	1.9127	9	2018	9	268	0	1
boletus_edulis	Boletus edulis	61.446848	23.045146	289200.738	6818955.045	100	14.9623	15.0279	16.1743	10.2686	19.8646	5.0184	7.6931	4.1018	11	2023	9	247	1	1
other_agaricoid	Amanita muscaria	60.84683	23.04751	285287.236	6752198.264	10	17.3888	15.638	13.9378	11.1312	23.9467	0.0	1.1095	1.4639	4	2025	9	253	0	1
other_agaricoid	Russula decolorans	60.84677	23.04761	285292.261	6752191.262	10	16.496	16.4344	17.2475	5.7963	23.4006	0.1082	2.8715	3.2596	7	2024	8	234	0	1
boletus_edulis	Boletus edulis	60.8468	23.04813	285320.687	6752192.896	10	16.496	16.4344	17.2475	5.7963	23.4006	0.1082	2.8715	3.2596	7	2024	8	234	1	1
boletus_edulis	Boletus edulis	60.84714	23.04867	285352.278	6752228.95	10	16.496	16.4344	17.2475	5.7963	23.4006	0.1082	2.8715	3.2596	7	2024	8	234	1	1
other_agaricoid	Amanita virosa	60.84613	23.04907	285367.213	6752115.285	10	16.496	16.4344	17.2475	5.7963	23.4006	0.1082	2.8715	3.2596	7	2024	8	234	0	1
other_agaricoid	Cortinarius uliginosus	63.076707	23.051489	300615.976	7000264.743	1	11.5049	10.4994	11.5196	5.8293	17.5817	4.2877	2.4055	2.957	7	2017	9	258	0	1
other_agaricoid	Cortinarius cinnamomeus	60.556476	23.052974	283640.292	6719880.908	1000	12.1272	13.1098	14.6776	5.5674	18.9638	4.7695	7.0287	5.4842	13	2021	8	240	0	1
other_agaricoid	Cortinarius glandicolor	60.438895	23.057969	283129.415	6706784.742	1000	8.3206	7.1997	8.7815	-0.0417	15.137	0.0984	1.1251	1.2039	4	2021	10	274	0	1
boletus_edulis	Boletus edulis	61.77124	23.060305	292194.504	6854994.787	1	14.9579	15.2576	16.4042	11.1298	19.1252	6.055	7.5758	4.1418	13	2023	9	248	1	1
other_agaricoid	Bolbitius titubans	61.770916	23.060796	292218.193	6854957.171	1	14.9579	15.2576	16.4042	11.1298	19.1252	6.055	7.5758	4.1418	13	2023	9	248	0	1
other_agaricoid	Hypholoma elongatum	60.240109	23.06129	281988.952	6684661.038	1	12.1025	12.6739	13.0376	5.1677	17.4514	5.4052	3.6264	2.5279	9	2017	9	255	0	1
boletus_edulis	Boletus edulis	61.770656	23.06152	292254.594	6854925.931	1	14.9579	15.2576	16.4042	11.1298	19.1252	6.055	7.5758	4.1418	13	2023	9	248	1	1
boletus_edulis	Boletus edulis	60.428938	23.062149	283292.874	6705663.36	1	16.3096	17.5576	16.5407	8.2939	24.7625	1.2029	2.3332	2.7142	9	2023	8	227	1	1
other_agaricoid	Phaeocollybia christinae	60.4287	23.0625	283310.59	6705635.73	9	14.2143	13.3714	14.2633	5.8	22.8	0.216	2.0954	2.4386	7	2013	9	255	0	1
other_agaricoid	Stropharia caerulea	61.382702	23.063164	289729.056	6811760.748	1000	6.7555	6.4983	10.2915	-2.6954	13.8267	4.7862	4.7637	3.7741	12	2023	10	289	0	1
boletus_edulis	Boletus edulis	60.45783	23.063638	283567.126	6708872.41	1	16.5566	15.6408	16.2623	8.0069	24.429	4.1182	2.5017	3.6747	8	2026	8	213	1	1
other_agaricoid	Volvopluteus gloiocephalus	61.382847	23.064792	289816.909	6811771.631	1	17.118	16.8056	16.7596	8.1668	22.0919	0.1553	2.4536	2.0211	8	2016	7	205	0	1
other_agaricoid	Russula aeruginea	59.854581	23.066254	279708.389	6641759.753	1000	10.6066	11.5456	12.1329	4.3694	15.558	2.1877	2.8292	1.534	9	2022	9	269	0	1
other_agaricoid	Russula velenovskyi	61.360181	23.06901	289889.915	6809236.482	100	15.945	17.4298	16.461	8.2442	24.5433	0.9972	2.5973	2.9176	11	2022	8	215	0	1
boletus_edulis	Boletus edulis	59.85519	23.071058	279981.229	6641811.52	1000	10.4896	10.0766	11.7425	5.2634	14.8679	3.0778	2.8065	2.7083	8	2025	10	286	1	1
boletus_edulis	Boletus edulis	60.447203	23.071085	283905.622	6707665.785	1000	17.0027	16.0294	16.2159	10.7206	23.6741	5.1166	4.0468	2.4956	10	2023	8	217	1	1
other_agaricoid	Lactarius rufus	60.447203	23.071085	283905.622	6707665.785	1000	17.0027	16.0294	16.2159	10.7206	23.6741	5.1166	4.0468	2.4956	10	2023	8	217	0	1
other_agaricoid	Gomphidius glutinosus	59.854871	23.071391	279997.756	6641774.93	1000	17.0286	16.4902	16.4969	12.5295	23.5417	1.6574	1.8391	1.9713	8	2020	8	217	0	1
other_agaricoid	Russula azurea	60.445196	23.075652	284143.286	6707427.538	1	17.8636	16.7152	15.9944	9.6629	26.0589	0.4668	1.0196	2.9791	5	2019	9	245	0	1
other_agaricoid	Cystoderma amianthinum	60.432105	23.076868	284123.249	6705967.294	1	17.566	17.4579	16.6731	8.2816	24.7138	0.5061	1.184	2.4629	8	2023	8	231	0	1
other_agaricoid	Hygrophorus erubescens	60.444896	23.078322	284288.04	6707385.412	1000	9.0562	10.5423	11.2784	1.2989	15.5403	1.1263	1.196	1.9284	3	2021	9	261	0	1
boletus_edulis	Boletus edulis	63.87406	23.07896	307442.781	7088899.294	488	7.6553	10.2796	13.0769	2.7778	11.8073	1.0354	1.6217	1.7866	12	2019	9	265	1	1
boletus_edulis	Boletus edulis	59.94642	23.0809	281133.432	6651926.951	100	18.4519	17.5002	17.1163	12.3969	26.0175	3.4003	3.5142	1.8339	12	2023	8	220	1	1
boletus_edulis	Boletus edulis	63.866964	23.08128	307508.045	7088102.712	1000	7.7033	7.5503	10.7495	-0.8445	12.9106	0.4564	0.7483	1.6457	10	2019	9	272	1	1
other_agaricoid	Rickenella swartzii	63.09862	23.083911	302400.473	7002602.638	1	14.548	15.7278	16.1978	6.962	20.2219	5.3279	3.3369	2.2648	10	2021	8	232	0	1
boletus_edulis	Boletus edulis	60.451541	23.083952	284641.489	6708106.173	1	7.9406	8.6396	9.2039	0.2371	13.7913	0.0704	2.557	2.281	7	2022	9	268	1	1
other_agaricoid	Infundibulicybe gibba	59.95805	23.08574	281480.139	6653204.634	100	17.6046	16.8348	16.8887	12.9055	22.4859	5.0359	3.2913	1.7864	10	2023	8	217	0	1
boletus_edulis	Boletus edulis	60.473268	23.085766	284885.049	6710517.189	100	15.3981	15.4927	15.3183	4.9886	23.5545	1.7371	2.7746	2.8689	10	2019	8	238	1	1
other_agaricoid	Tricholomopsis rutilans	60.474321	23.085793	284893.506	6710634.239	1	9.0869	7.7735	8.8897	1.787	13.3113	0.8101	1.429	1.2368	6	2021	10	277	0	1
boletus_edulis	Boletus edulis	60.473312	23.088325	285025.863	6710513.721	100	14.6423	14.457	14.786	1.9147	21.5609	0.7404	0.3891	3.6184	4	2023	9	259	1	1
boletus_edulis	Boletus edulis	60.4738	23.088829	285056.769	6710566.36	1	15.8784	15.5249	15.8614	6.6232	23.475	5.9677	3.5483	2.2715	11	2023	8	215	1	1
other_agaricoid	Cystoderma amianthinum	60.473364	23.089364	285083.262	6710516.111	1	8.0177	8.6686	9.6132	0.2012	13.7103	0.6186	2.5589	2.2579	7	2022	9	266	0	1
boletus_edulis	Boletus edulis	60.870197	23.090774	287790.704	6754656.821	1000	15.3315	16.3653	15.3579	7.009	21.4631	6.3892	4.6912	2.7111	11	2017	8	220	1	1
other_agaricoid	Cystoderma carcharias	60.014443	23.096749	282464.877	6659441.368	1000	13.6833	13.9028	14.8476	7.183	20.0711	1.166	2.6176	1.4262	11	2018	9	266	0	1
other_agaricoid	Cortinarius armeniacus	60.014443	23.096749	282464.877	6659441.368	1000	13.6833	13.9028	14.8476	7.183	20.0711	1.166	2.6176	1.4262	11	2018	9	266	0	1
other_agaricoid	Lactarius rufus	60.014443	23.096749	282464.877	6659441.368	1000	13.6833	13.9028	14.8476	7.183	20.0711	1.166	2.6176	1.4262	11	2018	9	266	0	1
other_agaricoid	Amanita coryli	60.01138	23.097543	282488.962	6659098.032	1	11.6665	13.9429	16.7633	5.2613	18.6085	1.7451	1.7161	1.8505	9	2025	8	238	0	1
other_agaricoid	Strobilurus stephanocystis	59.873829	23.097923	281606.805	6643795.894	1	4.9539	6.0952	5.0648	1.369	10.3089	3.4009	2.1565	1.1277	7	2023	5	123	0	1
other_agaricoid	Mycena pura	63.845002	23.098706	308213.613	7085606.473	100	11.3412	13.3299	13.7353	3.2652	16.5716	2.865	3.401	2.3672	10	2025	9	265	0	1
other_agaricoid	Stropharia hornemannii	63.084221	23.105182	303375.526	7000935.229	1	11.5718	10.5472	11.5655	5.7992	17.6444	4.3196	2.4255	2.9836	7	2017	9	258	0	1
boletus_edulis	Boletus edulis	63.089593	23.105513	303428.505	7001531.938	1	16.7367	16.5391	15.7779	8.9313	28.5407	1.6141	3.5674	2.5873	8	2020	8	221	1	1
boletus_edulis	Boletus edulis	63.090072	23.106964	303504.91	7001580.794	1	13.922	16.8226	17.6004	2.9385	23.1909	1.1267	1.5429	1.2402	5	2021	8	218	1	1
other_agaricoid	Cortinarius camphoratus	61.749401	23.10744	294532.939	6852415.264	100	14.3387	14.6101	15.6176	7.3034	19.2565	5.2136	7.413	4.1566	12	2023	9	249	0	1
boletus_edulis	Boletus edulis	63.85155	23.1111	308866.784	7086297.889	10	14.9243	15.4699	16.5437	6.6811	22.0537	2.452	2.0888	3.5994	8	2023	8	238	1	1
boletus_edulis	Boletus edulis	60.60548	23.1148	287349.116	6725130.48	10	11.859	13.203	14.8132	5.7874	17.3393	4.9896	7.8299	5.454	13	2021	8	239	1	1
boletus_edulis	Boletus edulis	59.84466	23.11907	282599.111	6640481.594	10	18.7397	16.9067	17.2807	13.0379	24.1471	1.0348	1.7865	3.2529	5	2020	7	204	1	1
other_agaricoid	Hygrocybe cantharellus	60.459089	23.119132	286624.198	6708831.24	1000	15.2431	15.0419	16.2334	9.6244	20.597	11.34	7.0656	4.3778	11	2023	9	244	0	1
boletus_edulis	Boletus edulis	60.448746	23.120342	286622.79	6707676.719	1	9.6601	9.1178	10.8005	3.6336	14.6479	4.8222	2.5407	2.4777	7	2022	9	263	1	1
boletus_edulis	Boletus edulis	60.448709	23.120882	286652.224	6707670.852	1	13.0215	11.7403	14.1371	2.5715	19.0122	1.7724	1.9548	2.0205	9	2025	9	244	1	1
boletus_edulis	Boletus edulis	63.836934	23.122381	309321.759	7084637.754	1	16.6977	16.1766	16.2019	6.5948	26.9346	4.1143	2.2286	3.3934	4	2020	8	235	1	1
other_agaricoid	Xeromphalina campanella	60.930318	23.123877	289982.19	6761238.465	1	15.9936	15.3471	16.7904	7.2086	22.496	4.7153	3.1688	1.546	7	2019	8	229	0	1
boletus_edulis	Boletus edulis	61.790228	23.127381	295855.534	6856894.659	1000	14.3831	14.9812	15.7263	8.0388	22.2841	2.4599	7.1486	4.1612	10	2023	9	251	1	1
other_agaricoid	Hygrocybe coccinea	60.20561	23.12936	285528.375	6680600.204	100	9.1452	7.0229	8.1717	4.7093	12.1778	2.0367	3.2041	2.6507	10	2020	11	306	0	1
other_agaricoid	Hygrocybe conica	63.861048	23.133729	310042.045	7087287.176	1	12.5605	12.1974	13.5355	0.8988	22.4446	3.8415	3.987	3.4583	8	2023	9	267	0	1
boletus_edulis	Boletus edulis	63.138304	23.139927	305490.144	7006847.094	1	15.2605	14.241	16.3623	4.1411	24.9631	2.2694	3.9747	2.5788	9	2020	7	200	1	1
boletus_edulis	Boletus edulis	60.908973	23.144672	290968.159	6758797.341	1	10.2687	12.0193	14.5131	0.2226	17.708	5.3974	4.1394	2.4816	14	2019	9	260	1	1
other_agaricoid	Mycena pura	63.846097	23.148478	310665.48	7085579.643	1	11.7356	13.7483	17.0099	2.2332	18.7961	2.0135	3.7036	3.4198	7	2025	8	235	0	1
other_agaricoid	Gymnopus confluens	60.396319	23.14994	287908.033	6701748.841	1	16.2679	18.575	20.425	7.8935	23.9318	2.3059	2.1506	1.684	11	2025	8	224	0	1
other_agaricoid	Pleurotus ostreatus	60.396093	23.150346	287928.91	6701722.392	1	11.6989	13.4399	14.1623	1.7589	18.0569	3.8601	2.2202	1.7562	8	2023	10	278	0	1
other_agaricoid	Tricholoma colossus	68.255886	23.155786	341156.305	7576345.715	1000	11.4708	11.1673	11.8806	6.0995	19.325	0.6791	2.0773	3.1008	8	2026	8	236	0	1
other_agaricoid	Cortinarius hinnuleus	60.383653	23.160718	288419.104	6700305.131	1	8.7004	8.2032	11.9593	-0.6294	14.6829	2.2441	1.122	3.2798	4	2025	10	280	0	1
other_agaricoid	Tricholoma fulvum	60.378349	23.161169	288409.52	6699713.632	1	10.219	8.2869	8.6164	5.5347	14.2165	0.6159	0.3865	2.3775	5	2024	10	299	0	1
boletus_edulis	Boletus edulis	60.383475	23.166405	288731.118	6700267.072	1	16.5778	16.6744	17.6425	5.1184	24.3616	0.0327	2.0202	2.5432	7	2024	8	233	1	1
boletus_edulis	Boletus edulis	60.379522	23.170481	288929.984	6699814.245	1	5.8155	7.3331	7.9914	-0.9968	11.8726	0.619	2.2493	1.9384	10	2022	10	296	1	1
boletus_edulis	Boletus edulis	61.64787	23.170945	297216.564	6840919.916	1000	14.6288	16.1238	16.015	6.0996	24.1879	2.1561	1.6931	2.564	6	2019	9	249	1	1
other_agaricoid	Lepiota clypeolaria	61.64787	23.170945	297216.564	6840919.916	1000	14.6288	16.1238	16.015	6.0996	24.1879	2.1561	1.6931	2.564	6	2019	9	249	0	1
other_agaricoid	Mycena galericulata	60.983284	23.185168	293643.984	6766936.152	1	13.869	14.2545	15.4744	5.7439	23.5307	3.4047	2.5692	2.2451	12	2019	9	256	0	1
boletus_edulis	Boletus edulis	59.89385	23.187573	286749.033	6645730.706	1000	16.6751	16.4077	17.2185	11.8076	23.3833	6.5869	4.6613	3.1362	9	2021	8	229	1	1
boletus_edulis	Boletus edulis	59.936815	23.188014	287049.245	6650508.864	1000	17.0162	16.4985	17.5846	11.8639	23.8724	3.8821	3.4604	2.6196	9	2021	8	228	1	1
other_agaricoid	Marasmius wettsteinii	60.370749	23.191099	290009.035	6698772.366	1	15.8071	14.5437	16.8561	8.7571	22.9974	4.3589	3.7171	2.3059	7	2019	8	224	0	1
boletus_edulis	Boletus edulis	61.636017	23.193709	298343.938	6839530.411	1	14.1264	14.6979	15.4399	5.9068	22.5519	2.2321	7.3124	4.0885	9	2023	9	251	1	1
boletus_edulis	Boletus edulis	59.988744	23.202667	288199.147	6656238.624	100	11.4705	13.4759	16.2851	4.858	18.6984	1.396	1.6452	1.8655	9	2025	8	239	1	1
boletus_edulis	Boletus edulis	60.516893	23.202933	291599.61	6714993.152	1	16.3777	16.3071	16.6532	8.1345	23.8269	1.4566	1.1741	2.6258	8	2023	8	234	1	1
boletus_edulis	Boletus edulis	59.920905	23.203063	287787.667	6648690.613	100	16.68	16.1775	16.097	10.9284	23.8946	3.1764	2.044	2.236	9	2020	8	216	1	1
boletus_edulis	Boletus edulis	59.909601	23.204578	287800.095	6647428.246	1	9.5848	8.4985	9.8974	-1.0956	15.0332	1.1144	2.0141	2.0115	7	2018	10	286	1	1
other_agaricoid	Mycena laevigata	60.404658	23.206762	291089.36	6702494.886	1	14.0646	14.8183	16.7076	5.33	24.2885	1.2979	2.0623	1.5597	8	2018	8	242	0	1
other_agaricoid	Lactarius torminosus	60.335881	23.207506	290689.428	6694841.142	100	15.3964	16.135	15.9938	6.5414	23.2053	0.9217	0.7832	2.3676	6	2019	9	248	0	1
boletus_edulis	Boletus edulis	61.37145	23.208225	297397.851	6810049.82	100	17.9796	17.3276	19.453	10.8978	30.7393	5.9385	3.0098	1.9625	7	2021	8	214	1	1
boletus_edulis	Boletus edulis	59.910774	23.208481	288025.633	6647546.226	1000	16.6336	16.1309	16.0456	11.3088	23.7136	3.1755	2.0254	2.2096	9	2020	8	216	1	1
other_agaricoid	Cortinarius collinitus	59.910774	23.208481	288025.633	6647546.226	1000	16.6336	16.1309	16.0456	11.3088	23.7136	3.1755	2.0254	2.2096	9	2020	8	216	0	1
boletus_edulis	Boletus edulis	60.335727	23.208726	290755.724	6694820.135	1	14.6807	13.9341	15.208	5.9473	22.9719	2.4428	3.65	1.9139	9	2019	7	198	1	1
other_agaricoid	Russula decolorans	59.909821	23.209261	288063.132	6647437.711	1000	14.1265	13.0579	15.3323	7.3463	19.7953	2.2661	1.9579	1.8454	11	2025	9	244	0	1
boletus_edulis	Boletus edulis	61.81877	23.21063	300425.785	6859811.573	849	15.8713	16.5593	17.2481	9.7384	23.765	2.5454	4.1082	3.3201	10	2024	8	230	1	1
other_agaricoid	Cystoderma carcharias	59.88851	23.212328	288098.694	6645057.151	1	9.3997	9.663	11.1239	4.1573	14.4392	2.7446	2.677	2.4565	8	2025	10	287	0	1
other_agaricoid	Amanita muscaria	63.12187	23.21267	309044.498	7004800.036	88	15.0627	14.6432	14.5403	6.654	22.1078	0.0479	0.0731	1.5178	2	2018	9	253	0	1
other_agaricoid	Inocybe pseudoteraturgus	60.334808	23.212687	290968.292	6694705.325	1	15.2926	16.412	16.6906	9.0194	21.3441	2.4046	1.4769	2.8032	8	2023	8	237	0	1
boletus_edulis	Boletus edulis	59.89136	23.213064	288157.994	6645371.843	1000	13.8792	13.3193	15.6588	7.9891	19.641	2.3459	1.9697	1.8325	11	2025	8	243	1	1
other_agaricoid	Lactarius hysginus	60.3348	23.213235	290998.464	6694702.696	100	14.0276	15.0108	14.6438	7.6656	20.402	5.5286	5.7025	3.4181	13	2025	9	265	0	1
other_agaricoid	Lactarius flexuosus	60.338211	23.213285	291023.046	6695082.009	100	16.8401	16.2886	16.6839	8.0693	24.395	0.3457	2.4793	2.0315	6	2026	8	217	0	1
boletus_edulis	Boletus edulis	61.06013	23.21345	295667.662	6775396.903	100	15.8223	19.003	19.9373	6.3271	24.573	0.1049	0.0895	0.7161	2	2021	7	205	1	1
other_agaricoid	Entoloma vernum	60.33794	23.214494	291087.984	6695048.026	1	9.5663	8.1733	7.3213	1.6539	17.0908	0.476	2.3501	3.0376	8	2015	5	145	0	1
boletus_edulis	Boletus edulis	60.333922	23.215962	291143.249	6694596.373	1	17.3428	18.5764	18.1856	11.8671	24.9768	3.8476	3.0418	2.9259	10	2024	8	217	1	1
boletus_edulis	Boletus edulis	60.334332	23.216414	291170.799	6694640.552	1	18.1073	17.1646	16.641	9.4064	30.3731	2.9276	4.4608	2.7655	12	2023	8	222	1	1
other_agaricoid	Cortinarius alboviolaceus	60.333385	23.218456	291277.369	6694528.729	1	16.1262	16.4461	16.762	9.4272	23.6373	1.2124	1.2758	2.7296	9	2023	8	235	0	1
boletus_edulis	Boletus edulis	60.44686	23.2191	292038.208	6707150.795	35	14.1802	14.7865	15.6051	2.5148	20.7368	0.6716	6.2283	3.8306	8	2023	9	250	1	1
boletus_edulis	Boletus edulis	59.892484	23.220066	288556.551	6645474.491	1000	9.6913	11.9659	14.3969	4.0629	16.5537	0.0	1.2507	1.8221	6	2025	9	273	1	1
other_agaricoid	Tricholoma fulvum	59.892484	23.220066	288556.551	6645474.491	1000	9.6913	11.9659	14.3969	4.0629	16.5537	0.0	1.2507	1.8221	6	2025	9	273	0	1
other_agaricoid	Xeromphalina campanella	61.402353	23.243925	299502.045	6813377.77	100	11.9128	15.1804	16.5189	5.9352	18.624	5.0581	3.342	1.7889	8	2024	6	165	0	1
boletus_edulis	Boletus edulis	59.84482	23.24423	289606.234	6640095.075	10	12.3137	13.9397	15.3607	6.0719	19.3133	0.4619	3.0241	2.2017	9	2025	9	270	1	1
boletus_edulis	Boletus edulis	59.84475	23.24429	289609.151	6640087.098	10	12.3137	13.9397	15.3607	6.0719	19.3133	0.4619	3.0241	2.2017	9	2025	9	270	1	1
boletus_edulis	Boletus edulis	61.70007	23.251145	301795.511	6846480.575	1000	15.601	16.4477	19.578	9.7796	25.1726	3.7572	2.4564	2.0645	7	2025	8	229	1	1
boletus_edulis	Boletus edulis	62.16993	23.25745	305146.268	6898741.464	10	13.7492	14.8963	15.7821	9.3817	19.451	7.2393	5.5727	3.8599	12	2021	8	233	1	1
boletus_edulis	Boletus edulis	61.609201	23.262411	301809.394	6836335.743	1000	17.9067	16.6652	15.8743	7.5569	26.2499	1.087	2.8596	2.0944	7	2019	8	243	1	1
other_agaricoid	Mycetinis scorodonius	61.64416	23.26243	302033.974	6840225.392	100	17.3692	19.5841	20.8167	10.2095	28.179	2.3364	2.8722	1.5515	13	2025	8	220	0	1
other_agaricoid	Amanita citrina	60.17707	23.2766	293501.694	6676955.525	100	15.1276	14.9944	15.8218	2.4458	22.4008	0.0053	4.6784	3.6294	7	2023	9	253	0	1
boletus_edulis	Boletus edulis	60.17696	23.27681	293512.642	6676942.63	100	15.1276	14.9944	15.8218	2.4458	22.4008	0.0053	4.6784	3.6294	7	2023	9	253	1	1
other_agaricoid	Russula vesca	63.876837	23.29278	317951.941	7088580.379	100	13.1857	13.5214	16.9767	6.1	18.1	5.6956	3.5019	3.1576	8	2014	8	240	0	1
other_agaricoid	Russula azurea	61.491514	23.296678	302879.852	6823137.263	1	13.0433	14.6018	17.9587	4.79	24.1042	3.4353	2.4648	2.3854	7	2025	8	233	0	1
other_agaricoid	Macrolepiota procera	60.81064	23.29764	298637.361	6747378.496	100	17.9293	16.86	16.5615	9.8502	30.3182	3.7581	4.6966	2.6704	10	2023	8	222	0	1
boletus_edulis	Boletus edulis	61.668543	23.297813	304061.15	6842831.284	1	14.7767	15.1257	16.9529	4.9705	24.9165	1.4791	1.7729	1.5892	8	2018	8	241	1	1
other_agaricoid	Marasmius oreades	61.668543	23.297813	304061.15	6842831.284	1	14.7767	15.1257	16.9529	4.9705	24.9165	1.4791	1.7729	1.5892	8	2018	8	241	0	1
other_agaricoid	Gymnopus dryophilus	62.05952	23.30295	306811.668	6886319.796	10	17.409	17.0022	16.2057	7.6758	27.1692	5.1878	3.1616	3.7883	5	2026	7	201	0	1
boletus_edulis	Boletus edulis	59.93072	23.33582	295262.89	6649364.207	10	16.8839	16.3679	16.2591	10.3847	24.0843	1.1842	1.8753	1.8957	6	2020	8	219	1	1
other_agaricoid	Laccaria laccata	60.57919	23.338627	299427.992	6721502.021	1	9.5714	9.4786	10.6	4.0	14.3	5.8024	5.6214	3.5174	14	2012	10	275	0	1
boletus_edulis	Boletus edulis	60.77386	23.34086	300757.879	6743154.361	40	15.8627	16.4067	16.3537	8.6051	23.3783	1.2778	0.7783	2.2715	4	2026	8	223	1	1
other_agaricoid	Cortinarius evernius	60.29212	23.3433	297908.389	6689548.764	1	14.2804	14.485	15.7011	6.341	21.8415	1.3296	2.4214	1.3271	9	2019	7	194	0	1
boletus_edulis	Boletus edulis	61.47514	23.34478	305336.048	6821170.772	64	13.9093	13.6434	15.8345	5.5062	19.4442	0.9699	0.766	0.839	5	2020	9	249	1	1
boletus_edulis	Boletus edulis	60.596648	23.346299	299956.019	6723421.02	1	10.3286	11.7	13.2933	2.6	18.7	1.1069	1.2521	2.4617	11	2012	9	254	1	1
other_agaricoid	Pholiota squarrosa	60.65214	23.34708	300342.235	6729592.724	15	15.444	13.524	13.5889	9.0505	23.289	0.1278	1.3691	1.8924	5	2025	9	249	0	1
boletus_edulis	Boletus edulis	62.06575	23.35075	309346.595	6886871.491	10	17.9422	17.0274	16.5697	9.3619	26.8669	5.4126	5.0576	3.7733	7	2026	7	200	1	1
other_agaricoid	Russula recondita	62.0657	23.35137	309378.649	6886864.104	75	17.9422	17.0274	16.5697	9.3619	26.8669	5.4126	5.0576	3.7733	7	2026	7	200	0	1
boletus_edulis	Boletus edulis	62.06565	23.3535	309489.532	6886852.277	100	17.9422	17.0274	16.5697	9.3619	26.8669	5.4126	5.0576	3.7733	7	2026	7	200	1	1
boletus_edulis	Boletus edulis	60.573097	23.356065	300344.982	6720771.029	1	11.2	10.8071	12.0933	3.0	16.4	2.3755	1.8872	2.8438	12	2012	9	264	1	1
other_agaricoid	Infundibulicybe gibba	61.4169	23.3593	305746.585	6814647.14	1	16.944	16.0179	15.1781	10.9457	22.8538	4.3145	2.2087	2.1291	7	2017	8	215	0	1
other_agaricoid	Cystoderma carcharias	59.97734	23.361783	296998.082	6654470.851	1	11.1779	10.3612	9.7995	8.048	13.4579	3.0478	1.5798	2.0114	7	2021	10	282	0	1
boletus_edulis	Boletus edulis	61.480158	23.363846	306381.866	6821672.326	1000	14.8113	15.4807	16.0845	6.9472	22.2897	1.8012	1.3462	3.4566	10	2026	8	226	1	1
boletus_edulis	Boletus edulis	61.44946	23.36489	306246.773	6818253.45	100	12.2369	13.23	14.8602	7.0346	19.9377	4.4215	6.3054	5.3432	10	2021	8	240	1	1
other_agaricoid	Hygrophorus camarophyllus	61.707192	23.36633	307925.16	6846927.393	1	11.9633	11.6789	13.7018	4.8804	20.1032	0.7928	3.2807	4.5913	8	2021	9	246	0	1
boletus_edulis	Boletus edulis	61.37238	23.37186	306140.484	6809656.046	20	17.2631	16.4299	17.6347	11.0397	23.5634	4.9436	3.6698	2.7474	10	2021	8	225	1	2
other_agaricoid	Pholiota lenta	61.470096	23.372648	306787.853	6820526.599	1	5.0537	4.7949	5.6221	2.113	10.4591	3.1466	1.6084	2.6945	6	2020	11	323	0	2
boletus_edulis	Boletus edulis	61.467874	23.372975	306791.489	6820278.385	1	17.4633	16.9977	16.8499	8.9833	27.68	0.5436	0.7912	1.1429	5	2020	8	226	1	2
other_agaricoid	Lentinus conchatus	61.29404	23.37476	305810.746	6800930.569	100	14.5789	15.9434	13.7688	11.1348	23.5501	6.1939	3.1257	2.9565	7	2025	9	260	0	2
boletus_edulis	Boletus edulis	61.468215	23.380359	307186.652	6820294.462	1000	16.5321	16.017	15.8038	8.4683	22.4669	1.0389	1.6172	1.7226	10	2020	8	219	1	2
other_agaricoid	Infundibulicybe gibba	61.468215	23.380359	307186.652	6820294.462	1000	16.5321	16.017	15.8038	8.4683	22.4669	1.0389	1.6172	1.7226	10	2020	8	219	0	2
boletus_edulis	Boletus edulis	64.026345	23.394466	323883.264	7104933.814	100	13.0376	15.2212	15.0914	7.974	17.1432	2.1343	1.8843	2.3895	9	2019	9	252	1	2
boletus_edulis	Boletus edulis	60.12024	23.3948	299707.05	6670268.712	10	16.0852	16.9983	17.0921	9.7804	21.4181	5.5678	3.2181	3.4494	9	2023	8	238	1	2
other_agaricoid	Cortinarius caperatus	61.313176	23.396025	307066.652	6802996.779	1	16.9307	18.2835	17.7509	13.1396	23.3973	1.675	2.416	3.0487	8	2024	8	216	0	2
boletus_edulis	Boletus edulis	60.177373	23.397327	300194.467	6676617.615	100	17.0305	16.1545	17.3686	10.1319	23.8486	4.6019	3.3353	2.7948	9	2021	8	226	1	2
boletus_edulis	Boletus edulis	64.010012	23.398313	323968.166	7103105.365	1	16.1469	15.7055	15.2994	10.2045	20.0068	5.725	5.3885	3.8117	11	2020	8	216	1	2
other_agaricoid	Tapinella atrotomentosa	64.010012	23.398313	323968.166	7103105.365	1	16.1469	15.7055	15.2994	10.2045	20.0068	5.725	5.3885	3.8117	11	2020	8	216	0	2
boletus_edulis	Boletus edulis	60.270994	23.39844	300825.216	6687030.512	100	13.1403	14.446	14.7249	0.1502	20.9031	2.2962	1.3908	4.1085	5	2023	9	264	1	2
boletus_edulis	Boletus edulis	64.09021	23.4058	324837.931	7112010.589	10	11.3579	12.3132	14.2482	6.4701	17.2172	0.8302	2.3104	2.4089	8	2021	8	243	1	2
boletus_edulis	Boletus edulis	64.09013	23.40593	324843.758	7112001.327	10	11.3579	12.3132	14.2482	6.4701	17.2172	0.8302	2.3104	2.4089	8	2021	8	243	1	2
other_agaricoid	Phyllotopsis nidulans	61.915091	23.406613	311333.457	6869943.347	1	-10.7403	-11.8967	-8.0743	-19.7489	-2.9681	0.4677	0.377	1.8041	9	2021	2	45	0	2
other_agaricoid	Mycena epipterygia	61.460019	23.407062	308557.757	6819303.763	1000	13.9429	14.7786	14.35	2.9	23.1	0.3174	1.291	1.4882	9	2009	9	254	0	2
other_agaricoid	Inocybe impexa	64.077225	23.40784	324855.666	7110559.765	1	10.6736	11.5126	12.9812	6.7115	14.4896	6.9839	5.7566	3.6421	9	2020	9	264	0	2
other_agaricoid	Amanita muscaria	64.09134	23.40793	324948.753	7112130.498	10	11.3579	12.3132	14.2482	6.4701	17.2172	0.8302	2.3104	2.4089	8	2021	8	243	0	2
other_agaricoid	Amanita muscaria	64.09126	23.40826	324964.319	7112120.687	10	11.3579	12.3132	14.2482	6.4701	17.2172	0.8302	2.3104	2.4089	8	2021	8	243	0	2
other_agaricoid	Schizophyllum commune	60.123758	23.416959	300958.57	6670593.121	100	1.2982	-5.1794	-4.1386	-1.905	4.4488	1.903	1.0656	0.9398	7	2021	12	351	0	2
other_agaricoid	Hypholoma lateritium	60.35	23.417	302329.112	6695764.956	1	9.0345	8.0734	9.3478	1.4228	13.5303	0.0807	1.1809	1.0837	6	2021	10	276	0	2
other_agaricoid	Clitopilus prunulus	61.002776	23.420736	306496.151	6768385.506	1	14.2336	12.0638	12.0637	6.0427	21.6432	0.2883	0.3963	1.4329	4	2020	9	271	0	2
other_agaricoid	Marasmiellus perforans	61.904547	23.421916	312071.613	6868725.638	100	11.0741	11.2166	10.8299	5.3766	16.9842	2.9417	1.5541	1.8714	9	2020	10	284	0	2
boletus_edulis	Boletus edulis	64.035311	23.427638	325558.299	7105840.436	1	15.4571	15.4	15.36	10.2	21.0	1.5805	3.229	2.8172	8	2011	8	238	1	2
other_agaricoid	Kuehneromyces mutabilis	61.582	23.429	310470.422	6832812.976	1	14.6108	15.6283	16.3134	6.3447	20.9392	1.3881	1.0328	3.1029	5	2023	8	235	0	2
other_agaricoid	Mycena pura	61.581627	23.429281	310483.048	6832770.652	1000	12.053	12.3545	13.5802	4.4028	18.7652	2.5109	4.4199	2.3631	11	2018	9	265	0	2
boletus_edulis	Boletus edulis	59.96691	23.43002	300740.339	6653102.913	956	15.4564	15.948	16.7138	4.8231	21.182	1.11	6.715	3.9094	9	2023	9	250	1	2
other_agaricoid	Lactarius helvus	59.96556	23.43194	300839.327	6652946.93	100	17.0564	17.2862	17.6993	9.4712	26.1333	2.9834	1.8254	1.5536	7	2024	9	249	0	2
other_agaricoid	Lactarius aurantiacus	61.645	23.433	311067.03	6839811.746	1	9.0902	10.4119	10.6249	3.5286	14.9131	0.675	2.9931	2.8163	11	2017	9	266	0	2
other_agaricoid	Neolentinus lepideus	59.96622	23.43347	300928.636	6653015.755	10	17.4824	18.3291	17.909	11.9003	28.0369	5.5618	3.4658	1.7066	11	2023	7	186	0	2
other_agaricoid	Clitocybe odora	61.682985	23.433965	311349.96	6844035.796	1	14.2266	12.72	13.3409	7.2567	23.2504	1.7161	2.5786	2.465	7	2025	9	248	0	2
boletus_edulis	Boletus edulis	61.683376	23.436657	311494.656	6844071.501	100	10.1547	12.4238	15.7298	4.3767	17.3529	2.5272	3.1661	2.7639	8	2025	8	237	1	2
other_agaricoid	Inocybe cincinnata	60.999694	23.437313	307373.056	6767993.687	1000	13.3942	11.7869	11.944	1.582	21.3521	0.2941	0.4013	1.4464	4	2020	9	270	0	2
boletus_edulis	Boletus edulis	60.86301	23.43743	306551.766	6752784.562	10	14.6605	14.7652	15.4749	2.8194	21.9234	0.0962	6.3461	3.8807	8	2023	9	252	1	2
other_agaricoid	Inocybe geophylla	61.000902	23.438129	307424.463	6768125.701	1000	13.3942	11.7869	11.944	1.582	21.3521	0.2941	0.4013	1.4464	4	2020	9	270	0	2
other_agaricoid	Phlegmacium triumphans	60.994	23.444	307699.926	6767340.455	1	13.4212	11.8169	11.9676	1.3938	21.3566	0.2953	0.4037	1.4535	4	2020	9	270	0	2
other_agaricoid	Galerina marginata	61.0498	23.44474	308077.386	6773547.206	313	7.3954	10.499	12.5701	-0.204	14.5258	6.147	3.4461	2.6811	7	2023	10	281	0	2
boletus_edulis	Boletus edulis	60.992846	23.446407	307823.028	6767204.981	100	8.0143	8.0786	8.6	0.3	12.9	0.9736	0.9905	1.4033	7	2014	10	288	1	2
other_agaricoid	Cystoderma carcharias	60.992846	23.446407	307823.028	6767204.981	100	8.0143	8.0786	8.6	0.3	12.9	0.9736	0.9905	1.4033	7	2014	10	288	0	2
other_agaricoid	Amanita battarrae	61.301887	23.446645	309706.201	6801592.034	1	16.4206	15.831	15.1485	7.5686	23.0044	1.9242	1.9155	2.7512	10	2020	8	214	0	2
boletus_edulis	Boletus edulis	60.993143	23.446761	307843.954	6767236.99	10	8.0143	8.0786	8.6	0.3	12.9	0.9736	0.9905	1.4033	7	2014	10	288	1	2
other_agaricoid	Macrolepiota procera	60.992	23.45	308012.097	6767100.305	1	13.4212	11.8169	11.9676	1.3938	21.3566	0.2953	0.4037	1.4535	4	2020	9	270	0	2
boletus_edulis	Boletus edulis	60.928569	23.452798	307780.793	6760034.078	1	18.1566	16.75	15.8919	9.5189	26.5297	1.1387	1.4544	2.4505	6	2019	9	244	1	2
boletus_edulis	Boletus edulis	60.98958	23.456157	308330.264	6766812.99	1000	13.4212	11.8169	11.9676	1.3938	21.3566	0.2953	0.4037	1.4535	4	2020	9	270	1	2
boletus_edulis	Boletus edulis	61.658626	23.460769	312619.371	6841247.712	1000	16.5398	16.9782	16.8178	7.5969	24.5986	1.1964	0.8746	3.0972	7	2023	7	202	1	2
boletus_edulis	Boletus edulis	61.659066	23.460997	312634.099	6841296.018	1	17.2017	16.6881	16.6984	11.0577	22.319	5.5203	5.5457	3.2583	11	2023	8	218	1	2
boletus_edulis	Boletus edulis	61.04446	23.46113	308929.408	6772905.053	100	12.0559	13.3945	15.0789	7.2819	17.1512	5.2569	8.287	5.5364	11	2021	8	239	1	2
other_agaricoid	Psathyrella candolleana	61.466811	23.46125	311484.1	6819901.603	1000	13.8907	15.2321	15.7049	6.0249	22.614	2.4174	1.8785	2.2263	9	2019	9	254	0	2
boletus_edulis	Boletus edulis	61.658951	23.462506	312713.238	6841278.876	1	15.3907	17.3697	18.7165	6.6485	22.0213	2.9607	2.9282	1.7548	8	2021	8	217	1	2
boletus_edulis	Boletus edulis	61.661237	23.463932	312802.518	6841529.155	1000	18.1697	18.4338	17.6324	12.6677	25.0423	0.9692	2.9576	2.5026	11	2024	7	213	1	2
boletus_edulis	Boletus edulis	61.661237	23.463932	312802.518	6841529.155	1000	16.0538	15.688	14.8722	8.4472	27.3749	1.248	2.7297	3.4758	9	2025	7	193	1	2
other_agaricoid	Lactarius spinosulus	61.467	23.465	311684.873	6819911.794	1	11.9285	13.818	15.0745	3.185	19.6	0.2975	2.5668	2.6896	5	2024	9	265	0	2
other_agaricoid	Cuphophyllus virgineus	61.467	23.467	311791.343	6819906.017	1	12.0974	13.974	15.2185	3.3337	19.715	0.2927	2.6028	2.6862	6	2024	9	265	0	2
other_agaricoid	Mycena pura	61.04166	23.46742	309251.959	6772575.141	91	16.4117	16.0485	16.9681	10.8631	24.0018	7.3886	5.4555	3.5932	11	2021	8	228	0	2
other_agaricoid	Strobilurus esculentus	61.659585	23.468297	313023.452	6841332.77	1000	-2.281	-0.1998	-0.5359	-11.6628	5.0204	2.8972	2.9543	2.529	9	2020	2	59	0	2
boletus_edulis	Boletus edulis	61.660967	23.469181	313078.572	6841484.018	100	15.4331	16.2772	19.2075	7.8058	25.0903	3.9505	2.8284	2.2138	10	2025	8	228	1	2
boletus_edulis	Boletus edulis	61.660967	23.469181	313078.572	6841484.018	100	14.8253	14.6594	14.274	6.9006	23.6218	4.9958	3.39	4.0565	9	2025	7	189	1	2
other_agaricoid	Gomphidius glutinosus	61.660967	23.469181	313078.572	6841484.018	100	11.3569	11.4436	14.6194	4.0889	19.1487	3.6955	3.0845	2.7754	9	2025	8	241	0	2
boletus_edulis	Boletus edulis	61.662724	23.469452	313103.526	6841678.757	1000	13.4531	13.6481	17.1726	6.7677	22.2988	2.8742	4.1704	3.1598	13	2020	7	197	1	2
boletus_edulis	Boletus edulis	61.4951	23.46947	312092.346	6823025.781	100	15.21	15.852	16.6021	7.9853	22.676	1.0193	2.026	3.2057	9	2026	8	220	1	2
other_agaricoid	Tricholoma stans	61.663	23.47	313134.183	6841707.896	1	6.3168	6.2103	10.1344	-1.0735	13.3224	0.9981	0.8193	1.9417	9	2019	9	272	0	2
other_agaricoid	Lycoperdon perlatum	61.661066	23.470947	313172.597	6841489.962	1	10.3368	11.4687	12.8939	1.6856	16.8265	3.2841	2.8238	2.3668	8	2017	9	253	0	2
boletus_edulis	Boletus edulis	61.44267	23.4719	311905.562	6817184.502	100	13.9241	13.3974	15.7018	6.7916	19.3183	1.1229	0.7658	0.8333	5	2020	9	250	1	2
other_agaricoid	Pluteus leoninus	61.661281	23.472493	313255.683	6841509.449	1000	17.8617	17.3549	16.4316	7.2587	27.0053	0.6592	0.39	1.9207	6	2026	7	182	0	2
boletus_edulis	Boletus edulis	61.661651	23.473176	313294.049	6841548.662	1000	18.3093	16.8148	16.0837	10.3766	26.5606	0.9503	1.4682	1.9954	6	2019	9	244	1	2
other_agaricoid	Meottomyces dissimulans	61.661651	23.473176	313294.049	6841548.662	1000	1.8277	0.7264	0.1225	-4.4308	7.4981	2.4511	2.2461	2.2754	10	2020	2	50	0	2
boletus_edulis	Boletus edulis	61.658704	23.473751	313306.681	6841219.071	1	15.4201	17.3922	18.4888	6.6485	22.6972	2.3897	2.9282	1.6284	8	2021	8	218	1	2
other_agaricoid	Cortinarius spilomeus	61.569707	23.474676	312818.858	6831312.914	1000	14.5137	14.5044	15.6149	9.2784	19.4818	5.0508	7.6474	4.001	10	2023	9	247	0	2
boletus_edulis	Boletus edulis	61.657627	23.475205	313377.111	6841095.052	1	16.0153	15.2077	15.4086	8.6751	22.7825	2.516	2.3795	2.2673	11	2020	8	217	1	2
other_agaricoid	Lycoperdon umbrinum	60.247465	23.475678	304953.89	6684181.749	1	19.0682	17.6424	17.045	13.3021	26.0334	0.0265	2.0822	2.5966	6	2016	7	209	0	2
boletus_edulis	Boletus edulis	61.65818	23.476641	313456.423	6841152.471	1	15.4201	17.3922	18.4888	6.6485	22.6972	2.3897	2.9282	1.6284	8	2021	8	218	1	2
other_agaricoid	Coprinellus micaceus	60.24691	23.476658	305004.791	6684117.099	1000	10.0931	11.4363	11.9239	1.4733	17.1211	0.2891	1.3955	1.6421	9	2015	9	273	0	2
other_agaricoid	Cystodermella adnatifolia	60.24691	23.476658	305004.791	6684117.099	1000	10.0931	11.4363	11.9239	1.4733	17.1211	0.2891	1.3955	1.6421	9	2015	9	273	0	2
other_agaricoid	Cyathus striatus	60.245936	23.477066	305021.564	6684007.521	1	9.1194	8.1774	9.4295	1.8049	13.3538	0.0925	1.4346	1.2092	6	2021	10	276	0	2
boletus_edulis	Boletus edulis	61.659401	23.477275	313497.329	6841286.526	1000	15.5648	16.728	16.5297	7.5245	21.614	2.106	1.2521	3.1209	8	2023	7	204	1	2
boletus_edulis	Boletus edulis	61.659401	23.477275	313497.329	6841286.526	1000	15.5648	16.728	16.5297	7.5245	21.614	2.106	1.2521	3.1209	8	2023	7	204	1	2
other_agaricoid	Chondrostereum purpureum	60.247286	23.479201	305147.675	6684151.42	1	9.1194	8.1774	9.4295	1.8049	13.3538	0.0925	1.4346	1.2092	6	2021	10	276	0	2
boletus_edulis	Boletus edulis	61.44577	23.481	312409.013	6817503.243	100	15.1251	16.9117	15.348	9.1473	22.8236	2.0263	1.3844	2.7943	8	2020	7	211	1	2
boletus_edulis	Boletus edulis	61.44577	23.481	312409.013	6817503.243	100	15.1251	16.9117	15.348	9.1473	22.8236	2.0263	1.3844	2.7943	8	2020	7	211	1	2
boletus_edulis	Boletus edulis	60.808046	23.482787	308684.766	6746535.643	1	14.7372	15.8896	15.361	7.297	24.9051	2.3486	1.3558	4.5463	6	2020	7	208	1	2
boletus_edulis	Boletus edulis	61.46834	23.48383	312695.34	6820006.648	10	15.3637	16.2316	16.7829	11.4044	23.1255	9.1328	6.5855	4.639	11	2021	8	231	1	2
other_agaricoid	Psathyrella spintrigeroides	60.103639	23.485763	304659.067	6668149.201	100	14.0665	12.8071	14.1578	8.3939	17.8727	3.2087	1.8333	2.4969	9	2015	9	262	0	2
boletus_edulis	Boletus edulis	59.906439	23.498849	304223.369	6646169.362	1	9.7516	12.0866	14.4868	4.563	16.4776	0.0	1.2639	1.9415	6	2025	9	273	1	2
boletus_edulis	Boletus edulis	61.48031	23.5012	313691.558	6821288.869	187	15.5975	15.6023	15.8108	6.39	24.1217	4.8637	3.4525	2.5307	9	2026	8	230	1	2
other_agaricoid	Thaxterogaster talus	59.943998	23.509586	305043.967	6650316.595	1000	8.6852	10.5957	13.7026	2.8762	16.5941	0.0296	0.4408	2.0642	5	2025	10	275	0	2
other_agaricoid	Tricholomopsis decora	64.027031	23.510011	329527.009	7104695.836	1	16.6095	17.2191	17.3503	10.5142	23.4055	0.9677	1.8792	1.4005	8	2022	7	196	0	2
boletus_edulis	Boletus edulis	61.561141	23.510213	314653.334	6830258.044	1000	17.7483	16.5045	15.7046	7.1285	26.5676	0.8613	2.7193	1.9056	6	2019	8	243	1	2
other_agaricoid	Cortinarius trivialis	61.561141	23.510213	314653.334	6830258.044	1000	17.7483	16.5045	15.7046	7.1285	26.5676	0.8613	2.7193	1.9056	6	2019	8	243	0	2
boletus_edulis	Boletus edulis	61.337894	23.511977	313416.852	6805410.145	10	17.1271	16.6196	16.9669	13.2163	24.2457	7.0017	5.0358	2.8521	9	2023	8	216	1	2
boletus_edulis	Boletus edulis	64.027853	23.51366	329710.125	7104777.57	1	16.1338	15.7129	15.3154	8.9113	20.6558	5.1614	5.0931	3.9015	11	2020	8	216	1	2
other_agaricoid	Entoloma vernum	61.560118	23.5148	314890.694	6830131.156	1000	9.4756	5.983	4.774	1.3005	20.3686	1.8658	1.2089	0.6724	6	2025	4	111	0	2
other_agaricoid	Gomphidius roseus	61.56	23.516	314953.683	6830114.615	1	17.5696	16.8213	15.9823	9.161	27.5445	0.0765	1.7121	1.8814	8	2020	8	222	0	2
boletus_edulis	Boletus edulis	61.022979	23.516204	311773.682	6770355.192	1	15.9528	16.354	16.5827	8.5645	23.434	1.012	0.9394	2.384	8	2026	8	222	1	2
other_agaricoid	Coprinus comatus	61.480829	23.517025	314536.749	6821301.486	1	9.4997	11.7553	13.2022	-0.6909	15.0557	7.0461	3.7604	2.9633	7	2023	10	279	0	2
boletus_edulis	Boletus edulis	60.126202	23.517112	306533.012	6670567.395	1	16.0233	16.1135	15.8802	7.1091	24.136	3.0482	2.7487	2.6745	9	2019	8	239	1	2
boletus_edulis	Boletus edulis	61.559	23.519	315106.963	6829994.813	1	16.073	16.5297	16.2628	8.0554	25.0229	0.4703	1.2089	1.4671	4	2020	8	228	1	2
boletus_edulis	Boletus edulis	61.560247	23.519499	315140.871	6830132.164	1000	15.9345	15.6498	16.0092	10.4291	24.5961	8.7749	4.914	3.0776	9	2023	8	215	1	2
other_agaricoid	Hygrophorus hypothejus	63.969076	23.519705	329647.558	7098219.186	1	2.9303	4.1356	5.4763	-3.2645	8.1229	1.6729	2.0854	1.7801	10	2019	10	286	0	2
boletus_edulis	Boletus edulis	60.124007	23.520115	306686.84	6670314.371	100	15.486	16.5602	15.3688	9.2694	22.5851	3.4428	2.2944	3.4776	10	2020	7	212	1	2
boletus_edulis	Boletus edulis	60.114482	23.527388	307034.854	6669233.288	1	16.632	16.8412	17.4038	9.4821	21.834	1.9273	2.6932	1.9621	12	2019	8	233	1	2
boletus_edulis	Boletus edulis	61.46591	23.53069	315175.474	6819602.47	100	18.934	15.9355	17.3624	8.6132	25.6224	0.0	1.6245	2.4684	7	2020	7	202	1	2
boletus_edulis	Boletus edulis	61.46612	23.53144	315216.648	6819623.713	100	16.669	16.6226	17.2136	11.9472	23.4218	5.4832	4.6217	3.7454	10	2021	8	229	1	2
boletus_edulis	Boletus edulis	61.46612	23.53144	315216.648	6819623.713	100	16.669	16.6226	17.2136	11.9472	23.4218	5.4832	4.6217	3.7454	10	2021	8	229	1	2
other_agaricoid	Amanita muscaria	61.46591	23.53167	315227.648	6819599.692	100	10.8885	11.3895	13.053	4.2132	16.0775	0.4473	2.2988	1.6533	9	2020	9	263	0	2
other_agaricoid	Chondrostereum purpureum	61.46646	23.53216	315256.994	6819659.508	100	-1.1369	0.2893	3.5547	-9.6685	4.2744	2.346	1.9893	1.9763	9	2025	11	329	0	2
boletus_edulis	Boletus edulis	61.46479	23.53217	315247.632	6819473.64	182	14.6022	15.1631	16.0541	7.057	19.5047	1.8942	7.3057	3.7305	9	2023	9	250	1	2
boletus_edulis	Boletus edulis	63.51462	23.532477	327523.521	7047602.116	1	13.8132	14.8834	15.6268	6.5627	18.6959	6.5872	5.0791	3.1823	11	2021	8	233	1	2
boletus_edulis	Boletus edulis	60.325176	23.53335	308598.566	6692659.404	1	18.2553	16.8914	15.5238	6.9658	28.6021	1.271	3.3227	3.3905	11	2025	7	195	1	2
other_agaricoid	Lactarius pyrogalus	60.12401	23.53473	307498.244	6670272.012	10	8.4938	7.2374	10.0624	0.9267	14.135	3.4958	2.303	3.2558	9	2019	10	275	0	2
boletus_edulis	Boletus edulis	63.960818	23.537577	330471.723	7097252.365	1000	14.9359	16.3419	14.8165	8.9021	24.5894	3.4776	3.3742	3.6539	8	2020	7	210	1	2
other_agaricoid	Cortinarius cinnamomeus	63.960818	23.537577	330471.723	7097252.365	1000	14.4103	17.4196	16.4015	5.4988	23.3468	0.7281	4.0457	4.1982	8	2022	8	240	0	2
boletus_edulis	Boletus edulis	60.1451	23.54006	307917.191	6672603.119	10	17.5924	16.6948	17.1784	9.3403	24.7302	3.7955	2.2731	3.1075	9	2026	8	213	1	2
boletus_edulis	Boletus edulis	61.54517	23.540952	316190.37	6828393.645	1000	13.5728	14.2173	17.6352	5.3698	24.3708	2.9511	2.5268	2.3591	12	2025	8	232	1	2
boletus_edulis	Boletus edulis	61.548178	23.542522	316291.524	6828723.954	1000	16.0397	15.1584	14.8574	9.4739	22.845	3.4598	2.9131	3.1026	11	2020	8	215	1	2
other_agaricoid	Inocybe lilacina	61.546879	23.545322	316432.527	6828571.503	1000	12.5798	15.2666	15.4263	5.9685	17.876	1.5484	1.4705	2.2419	8	2019	9	252	0	2
boletus_edulis	Boletus edulis	60.111293	23.547046	308107.973	6668821.181	1	10.8635	13.3205	16.3387	3.8604	18.3673	1.6505	1.4797	2.045	8	2025	8	238	1	2
other_agaricoid	Lactarius rufus	61.545642	23.551938	316776.549	6828415.217	1000	12.0358	11.8948	13.3295	5.4697	19.0187	1.9128	4.2171	2.2271	11	2018	9	266	0	2
other_agaricoid	Russula delica	61.48375	23.554529	316549.66	6821520.391	100	7.4722	8.3401	9.4682	0.9231	13.1878	0.7759	1.7009	2.4878	6	2025	10	288	0	2
boletus_edulis	Boletus edulis	61.334622	23.55774	315844.01	6804916.051	1	15.0978	15.2022	15.7264	8.7036	20.7549	1.9602	3.0696	3.0067	12	2015	7	210	1	2
boletus_edulis	Boletus edulis	60.354848	23.563236	310419.924	6695874.621	1	17.5046	17.8026	16.7362	9.0585	25.2793	0.5238	1.6091	2.5926	8	2023	8	229	1	2
other_agaricoid	Hygrophorus agathosmus	60.30992	23.563406	310168.439	6690874.944	1	6.7489	8.8648	11.3525	-2.1982	14.0546	0.1244	2.6495	2.4447	8	2024	10	281	0	2
other_agaricoid	Tricholomopsis rutilans	60.354804	23.564167	310470.993	6695867.047	100	12.1068	14.1965	15.6822	5.2362	18.75	1.3956	2.4883	1.3209	7	2020	9	246	0	2
boletus_edulis	Boletus edulis	60.313952	23.567693	310428.477	6691311.251	1000	5.7322	7.6575	11.0309	-3.1301	12.0719	1.4568	1.7294	2.1998	9	2018	10	277	1	2
boletus_edulis	Boletus edulis	61.54675	23.56933	317706.621	6828489.718	100	14.1103	15.1904	15.7336	6.6453	21.1273	1.3144	1.3628	3.5974	9	2026	8	225	1	2
boletus_edulis	Boletus edulis	60.72995	23.57014	312978.711	6737593.795	10	16.0473	16.5367	17.4605	8.6544	23.5774	4.4658	4.5181	4.2808	8	2024	8	228	1	2
other_agaricoid	Rimbachia bryophila	61.82492	23.57899	319848.737	6859419.305	383	0.6871	-0.8322	1.9132	-8.1368	6.847	1.8745	2.1045	2.0674	11	2025	11	334	0	2
other_agaricoid	Cortinarius traganus	61.54543	23.58316	318433.309	6828304.192	10	14.7435	14.8142	15.1347	8.2792	22.2111	2.1455	3.9682	2.5875	9	2026	8	240	0	2
other_agaricoid	Lycoperdon perlatum	60.73545	23.58504	313822.524	6738163.459	261	16.2889	16.6406	17.4033	8.6814	23.6074	1.0752	2.254	3.0964	6	2024	8	231	0	2
other_agaricoid	Leucocybe connata	61.480408	23.585326	318168.851	6821062.173	1	9.0492	8.0003	7.9106	5.0931	12.8082	0.2042	0.1021	1.9543	2	2024	10	300	0	2
other_agaricoid	Russula aeruginea	61.49664	23.594199	318735.499	6822843.835	1000	16.7419	15.9122	16.6527	10.9959	24.7218	2.7206	1.974	4.4647	10	2026	8	214	0	2
boletus_edulis	Boletus edulis	61.469666	23.594659	318603.015	6819840.743	1000	15.6982	16.1731	18.2958	7.7045	24.7893	0.3353	1.3	1.6614	6	2018	8	240	1	2
boletus_edulis	Boletus edulis	61.51989	23.59782	319063.282	6825421.165	100	15.1119	16.2439	14.9217	7.7761	23.0006	1.9971	1.7833	2.9417	9	2020	7	212	1	2
other_agaricoid	Mycena zephirus	61.49493	23.60218	319150.065	6822631.362	34	8.9562	8.4029	9.2491	1.0783	13.4171	2.7559	1.7745	1.4296	9	2022	10	281	0	2
other_agaricoid	Flammulina velutipes	60.662138	23.604172	314442.782	6729951.369	1	0.9429	4.35	5.1667	-6.3	8.6	2.6729	2.1601	1.2155	6	2013	10	294	0	2
other_agaricoid	Cuphophyllus pratensis	60.676482	23.605168	314579.72	6731544.717	1	17.2417	15.5828	14.7208	8.3138	25.4114	0.2663	1.3739	2.3499	5	2015	8	222	0	2
boletus_edulis	Boletus edulis	60.66695	23.605477	314541.736	6730483.149	1	12.9	14.4071	18.0567	8.6	17.4	11.2656	10.5878	5.8148	14	2014	8	236	1	2
boletus_edulis	Boletus edulis	60.659951	23.607166	314593.705	6729699.551	1	16.2355	17.5507	16.4838	9.7338	23.8876	2.0343	1.0544	1.9945	8	2016	8	216	1	2
boletus_edulis	Boletus edulis	63.18991	23.6078	329352.713	7011259.151	100	16.6848	16.3028	16.0674	10.1899	24.0366	6.4244	4.0508	3.2334	11	2022	8	219	1	2
other_agaricoid	Mycena plumipes	60.672319	23.608171	314719.702	6731072.994	1	14.7622	13.0918	13.6119	6.182	21.6751	1.9642	2.1392	3.1286	10	2017	7	186	0	2
other_agaricoid	Sphagnurus paluster	60.7308	23.60892	315096.874	6737578.521	100	7.0247	7.3644	7.6734	-0.7511	12.155	3.2365	2.6394	1.8211	8	2022	10	294	0	2
boletus_edulis	Boletus edulis	60.66342	23.608998	314713.696	6730080.403	1	14.0	14.6857	16.1667	5.4	22.4	0.2503	2.5492	3.4487	9	2013	8	239	1	2
boletus_edulis	Boletus edulis	60.664285	23.60946	314743.896	6730175.355	1000	18.7728	16.589	15.1457	9.4188	27.2087	0.1448	0.9794	2.2173	6	2019	7	205	1	2
boletus_edulis	Boletus edulis	60.662751	23.609544	314739.667	6730004.419	1	8.4571	9.8857	10.9033	3.3	15.1	5.6465	4.0072	2.8286	14	2012	9	269	1	2
boletus_edulis	Boletus edulis	60.662751	23.609544	314739.667	6730004.419	1	8.4571	9.8857	10.9033	3.3	15.1	5.6465	4.0072	2.8286	14	2012	9	269	1	2
boletus_edulis	Boletus edulis	60.662654	23.609609	314742.659	6729993.442	1	15.8143	15.8	17.0433	9.2	21.9	1.9428	4.5904	3.6802	13	2013	8	233	1	2
other_agaricoid	Cyathus striatus	61.726152	23.609995	320906.71	6848341.872	20	12.6595	8.9732	7.1844	3.4315	21.8557	0.3468	0.5303	0.95	5	2020	5	149	0	2
other_agaricoid	Cystoderma carcharias	61.968529	23.610096	322320.807	6875315.797	1	10.6668	9.3272	8.2879	7.9582	13.0391	2.096	1.0527	1.2607	7	2021	10	283	0	2
other_agaricoid	Inocybe geophylla	60.66166	23.611933	314863.861	6729876.28	100	8.4571	9.8857	10.9033	3.3	15.1	5.6465	4.0072	2.8286	14	2012	9	269	0	2
other_agaricoid	Tricholomopsis rutilans	60.663224	23.612277	314891.628	6730049.348	1	8.3429	9.0857	10.5167	0.4	19.1	0.0368	2.7699	2.4297	7	2010	9	273	0	2
other_agaricoid	Cortinarius collinitus	60.670912	23.613629	315009.59	6730901.042	1	11.5286	13.7214	16.7333	5.8	20.4	2.0724	1.4028	2.1477	11	2010	8	241	0	2
boletus_edulis	Boletus edulis	60.666135	23.613691	314985.553	6730369.294	1	16.3354	16.0488	16.255	8.246	21.7215	0.2815	2.9872	2.8273	9	2016	7	204	1	2
other_agaricoid	Atheniella flavoalba	60.665222	23.613824	314987.575	6730267.323	1	8.9429	9.4929	10.4533	5.5	14.1	6.2485	6.2068	3.8867	14	2012	9	274	0	2
other_agaricoid	Panellus mitis	60.663573	23.614363	315007.543	6730082.308	1	10.5857	9.2643	10.1967	4.8	14.4	5.6849	5.9241	3.7098	14	2012	10	277	0	2
boletus_edulis	Boletus edulis	61.34584	23.62338	319418.071	6805981.0	53	15.4453	16.7849	17.1106	7.4138	20.3161	3.2167	5.8547	4.6736	9	2026	7	209	1	2
boletus_edulis	Boletus edulis	60.45688	23.62825	314585.767	6707043.009	10	13.869	15.4747	14.236	8.1634	18.8161	6.9255	5.0569	3.1569	9	2025	9	263	1	2
boletus_edulis	Boletus edulis	60.45685	23.62837	314592.191	6707039.332	10	13.869	15.4747	14.236	8.1634	18.8161	6.9255	5.0569	3.1569	9	2025	9	263	1	2
boletus_edulis	Boletus edulis	61.777806	23.628681	322191.57	6854039.144	1000	11.7286	10.3357	12.8567	4.3	19.5	0.0695	0.7584	0.7711	7	2010	9	253	1	2
other_agaricoid	Lactarius turpis	61.49853	23.63214	320764.408	6822949.218	32	14.7033	15.0142	15.7745	7.738	21.6422	0.2631	7.2402	3.6893	8	2023	9	252	0	2
other_agaricoid	Phyllotopsis nidulans	60.79437	23.63323	316784.752	6744584.36	188	8.0452	7.7839	8.1706	-0.4345	13.9951	1.9575	1.8427	1.9897	8	2022	10	286	0	2
other_agaricoid	Lentinellus ursinus	61.510348	23.63703	321092.41	6824250.982	1	16.7154	16.7539	16.9455	8.8034	25.1165	0.9872	0.6432	1.92	6	2024	8	239	0	2
boletus_edulis	Boletus edulis	61.51012	23.63807	321146.393	6824222.753	161	17.1674	17.4247	16.9203	7.9389	24.5584	0.1947	0.2419	2.4306	4	2023	8	232	1	2
boletus_edulis	Boletus edulis	61.79766	23.6428	323049.974	6856210.183	19	15.9283	15.5534	16.4424	10.6438	23.6088	4.4992	3.6733	2.8915	10	2021	8	227	1	2
other_agaricoid	Russula adusta	64.059837	23.644387	336278.574	7107994.975	1	16.6727	16.6464	15.9656	8.9569	27.375	0.7139	2.6177	3.0349	9	2020	8	221	0	2
boletus_edulis	Boletus edulis	64.059945	23.645192	336318.456	7108004.928	1	15.7881	15.6406	15.1256	9.5655	25.0467	6.4915	3.8457	3.4163	8	2020	7	207	1	2
other_agaricoid	Lentinus brumalis	64.057775	23.645575	336324.398	7107762.388	1	-0.0206	-3.2052	-4.0088	-16.047	10.8354	0.0	0.0749	0.9294	2	2023	4	100	0	2
boletus_edulis	Boletus edulis	64.051469	23.646216	336318.663	7107058.784	1	16.3546	15.6938	14.1956	7.01	26.243	0.9705	2.3702	1.8341	10	2019	8	242	1	2
other_agaricoid	Laccaria laccata	64.059572	23.646813	336395.301	7107959.242	1	16.3591	15.7111	14.2158	6.9409	26.1945	0.6668	2.2168	1.7599	9	2019	8	242	0	2
other_agaricoid	Lycoperdon perlatum	64.059572	23.646813	336395.301	7107959.242	1	16.3591	15.7111	14.2158	6.9409	26.1945	0.6668	2.2168	1.7599	9	2019	8	242	0	2
boletus_edulis	Boletus edulis	61.995926	23.65359	324756.448	6878246.58	1	14.4283	15.1196	15.5965	9.3031	23.4063	8.1811	5.6814	3.9146	12	2021	8	231	1	2
other_agaricoid	Clitocybe odora	61.99613	23.653606	324758.458	6878269.24	1	14.4283	15.1196	15.5965	9.3031	23.4063	8.1811	5.6814	3.9146	12	2021	8	231	0	2
other_agaricoid	Russula subfoetens	60.595546	23.656046	316898.302	6722395.606	100	15.9851	15.8506	16.0526	9.1265	23.5288	5.2948	2.9096	1.8046	9	2023	8	215	0	2
other_agaricoid	Russula graveolens	60.595504	23.656648	316931.008	6722389.256	1	19.401	18.8718	17.6134	14.2941	26.1822	4.2967	4.1322	3.0406	11	2024	7	211	0	2
boletus_edulis	Boletus edulis	60.2036	23.66322	315079.856	6678760.787	100	15.866	14.8454	15.3363	8.9051	24.3768	2.1061	1.9136	1.8425	9	2019	7	200	1	2
other_agaricoid	Cortinarius anomalus	60.197891	23.664211	315102.613	6678122.738	1000	6.095	6.7415	11.1264	-2.0464	13.9449	0.5445	1.8844	2.6063	7	2019	9	270	0	2
other_agaricoid	Cuphophyllus virgineus	60.076303	23.665045	314465.098	6664590.711	1	14.0195	12.8197	14.1874	8.4584	17.7841	3.0252	1.7131	2.4621	8	2015	9	262	0	2
other_agaricoid	Russula integra	61.57396	23.66539	322962.854	6831252.848	100	16.2174	18.7424	20.8878	11.3018	22.3377	0.9566	1.3298	1.0324	9	2025	8	223	0	2
other_agaricoid	Coprinus comatus	61.50594	23.66654	322636.237	6823679.741	50	16.341	14.7062	14.4769	10.0438	22.996	0.198	2.8195	3.0176	7	2025	9	250	0	2
other_agaricoid	Amanita muscaria	61.56854	23.66796	323068.33	6830642.667	16	7.6397	8.1316	9.0361	2.5949	11.7446	0.769	0.515	0.8039	6	2022	10	274	0	2
boletus_edulis	Boletus edulis	66.30565	23.67012	350736.07	7357952.6	100	12.5153	12.288	13.1489	1.554	18.1533	8.2986	7.5878	5.3873	12	2026	8	230	1	2
other_agaricoid	Amanita muscaria	61.55202	23.67333	323259.331	6828789.558	100	16.8743	17.8271	16.8771	10.7899	24.3491	0.3415	1.458	2.7175	7	2023	8	227	0	2
boletus_edulis	Boletus edulis	60.19518	23.67445	315654.61	6677792.425	10	15.7882	16.0368	15.7665	9.7192	25.6164	2.173	1.2478	4.1852	8	2020	7	207	1	2
other_agaricoid	Hemimycena gracilis	60.511	23.675132	317466.8	6712934.303	1	15.8007	14.9889	13.1137	8.7043	22.9275	0.0	0.4687	1.9083	3	2022	6	167	0	2
boletus_edulis	Boletus edulis	61.86222	23.67694	325216.068	6863302.85	100	14.1898	15.2743	15.9645	10.537	19.6005	8.2031	5.9632	4.0608	13	2021	8	232	1	2
boletus_edulis	Boletus edulis	59.89835	23.67695	314131.461	6644755.821	100	16.1036	14.9675	15.5786	13.1456	20.4303	0.2113	1.7415	1.7947	10	2025	9	249	1	2
boletus_edulis	Boletus edulis	60.066434	23.678288	315146.197	6663455.426	1000	14.6121	15.2326	15.6124	2.32	20.0893	1.0817	0.5441	3.9865	5	2023	9	260	1	2
other_agaricoid	Cuphophyllus pratensis	60.070664	23.684062	315490.975	6663909.981	1	4.7432	5.0321	6.4195	-4.483	11.5234	5.9216	4.6973	3.2003	11	2020	11	329	0	2
other_agaricoid	Tricholoma equestre	60.07184	23.68747	315687.064	6664031.329	24	5.7367	9.7012	12.3411	-4.0081	14.7794	4.7839	4.9767	3.1436	10	2023	10	283	0	2
other_agaricoid	Agaricus arvensis	61.47054	23.69114	323744.186	6819673.309	15	18.952	17.6676	17.3294	11.3284	30.5677	2.1083	4.7234	2.6223	10	2023	8	220	0	2
other_agaricoid	Aspropaxillus giganteus	61.52812	23.69693	324377.439	6826065.856	42	15.4147	16.5829	16.9708	10.1679	20.9786	1.2266	0.701	2.5696	5	2023	8	238	0	2
boletus_edulis	Boletus edulis	60.205652	23.70159	317216.496	6678882.221	1000	7.609	10.89	13.6708	-1.0975	14.304	3.1486	4.4828	3.2491	10	2019	9	263	1	2
other_agaricoid	Agaricus sylvaticus	60.205652	23.70159	317216.496	6678882.221	1000	7.609	10.89	13.6708	-1.0975	14.304	3.1486	4.4828	3.2491	10	2019	9	263	0	2
boletus_edulis	Boletus edulis	61.33961	23.70798	323904.764	6805056.484	10	14.1074	15.3756	16.4916	9.3913	19.541	6.119	5.3929	4.6092	11	2021	8	234	1	2
boletus_edulis	Boletus edulis	60.041719	23.708709	316701.149	6660620.516	1000	16.9782	16.9407	17.0409	11.8329	23.8346	5.9719	3.7215	2.4049	8	2024	9	258	1	2
other_agaricoid	Armillaria borealis	61.33952	23.70871	323943.284	6805044.498	10	14.1074	15.3756	16.4916	9.3913	19.541	6.119	5.3929	4.6092	11	2021	8	234	0	2
boletus_edulis	Boletus edulis	61.34097	23.70903	323968.534	6805205.007	10	14.1074	15.3756	16.4916	9.3913	19.541	6.119	5.3929	4.6092	11	2021	8	234	1	2
boletus_edulis	Boletus edulis	60.041482	23.709086	316720.819	6660593.098	1000	17.2398	17.4076	18.0905	7.0218	23.4308	0.0182	1.5757	2.0561	5	2024	8	235	1	2
other_agaricoid	Tapinella atrotomentosa	60.042217	23.709728	316760.628	6660673.106	1000	17.6598	17.6069	18.5679	8.6912	25.6419	3.1499	3.6531	2.7275	12	2024	8	226	0	2
boletus_edulis	Boletus edulis	60.04034	23.7177	317193.976	6660442.165	10	15.8004	16.8435	15.7104	9.0965	23.1927	3.0181	1.9743	3.4564	10	2020	7	212	1	2
boletus_edulis	Boletus edulis	61.85861	23.72194	327561.208	6862780.775	100	14.2055	15.286	15.9841	10.6949	19.5853	8.0225	5.8481	3.9563	13	2021	8	232	1	2
other_agaricoid	Lactarius torminosus	60.038236	23.72329	317493.525	6660192.591	1000	14.353	14.6858	14.8004	6.231	19.1651	1.3026	1.8722	1.4131	7	2023	10	274	0	2
other_agaricoid	Amanita citrina	59.90451	23.7256	316885.05	6645305.665	16	14.1383	13.1247	13.9244	10.2306	18.9919	0.0627	0.107	3.2391	5	2020	9	271	0	2
other_agaricoid	Armillaria borealis	59.90434	23.72778	317005.961	6645280.719	24	14.1383	13.1247	13.9244	10.2306	18.9919	0.0627	0.107	3.2391	5	2020	9	271	0	2
other_agaricoid	Cantharellula umbonata	59.95128	23.72831	317293.978	6650502.552	11	0.8021	3.8568	3.0332	-5.1753	8.0913	2.1404	3.0457	2.1644	11	2023	11	321	0	2
other_agaricoid	Amanita crocea	61.42782	23.73033	325591.927	6814813.51	100	16.0391	16.1285	17.7086	8.6898	24.3849	1.6766	5.4996	3.022	8	2023	7	192	0	2
other_agaricoid	Coprinellus micaceus	64.020626	23.731185	340286.451	7103409.702	1	5.5097	8.4848	11.8118	-0.4141	12.0228	1.0637	1.9097	1.7419	12	2019	9	266	0	2
boletus_edulis	Boletus edulis	60.67189	23.73154	321452.538	6730683.577	474	16.9316	14.7243	16.4611	5.9927	25.4656	0.0	3.4621	3.7955	7	2020	7	201	1	2
other_agaricoid	Infundibulicybe gibba	61.494261	23.731929	326048.093	6822203.695	1	14.9577	15.35	15.8865	9.1592	20.6009	3.5375	4.8207	3.3258	6	2026	8	237	0	2
boletus_edulis	Boletus edulis	59.959276	23.737605	317856.676	6651366.688	1000	16.3213	15.6117	16.7528	11.5702	21.7136	0.2312	0.4446	1.4807	7	2018	9	250	1	2
boletus_edulis	Boletus edulis	61.41	23.7378	325890.885	6812810.303	10	18.0045	17.2018	16.3437	8.7504	28.163	0.0535	2.1721	2.129	6	2020	8	222	1	2
boletus_edulis	Boletus edulis	61.46609	23.73924	326280.063	6819048.93	10	16.0247	14.4079	14.1117	7.0819	23.7738	0.0526	3.0175	3.1461	5	2025	9	250	1	2
other_agaricoid	Clitocybe odora	61.449445	23.741517	326308.651	6817190.372	1	12.2334	13.2376	14.8626	7.3641	20.0633	4.7562	5.689	4.8438	10	2021	8	240	0	2
other_agaricoid	Infundibulicybe gibba	61.45193	23.74179	326337.025	6817466.211	10	15.254	16.0929	16.6871	9.8423	23.6309	8.1558	5.6041	4.276	11	2021	8	231	0	2
boletus_edulis	Boletus edulis	59.98622	23.74212	318256.38	6654352.522	51	12.5085	12.8666	14.6596	4.3598	21.0079	0.0602	2.9411	4.579	6	2021	9	247	1	2
boletus_edulis	Boletus edulis	61.44961	23.74264	326369.395	6817205.745	11	15.254	16.0929	16.6871	9.8423	23.6309	8.1558	5.6041	4.276	11	2021	8	231	1	2
other_agaricoid	Tricholomopsis decora	61.41529	23.7432	326208.341	6813384.643	10	-0.5438	1.6385	5.2566	-5.8045	2.9724	0.1567	1.1998	3.0454	6	2023	10	299	0	2
boletus_edulis	Boletus edulis	61.45548	23.74467	326510.179	6817853.638	100	16.6445	16.5384	16.7756	8.97	26.2066	4.2478	2.6269	2.6901	7	2024	8	244	1	2
other_agaricoid	Inocybe fraudans	61.497207	23.748564	326949.385	6822487.28	100	16.667	15.6033	15.5787	12.2822	23.0099	0.5616	0.9547	1.5243	7	2017	7	211	0	2
boletus_edulis	Boletus edulis	60.25496	23.75093	320219.587	6684233.606	12	10.6467	11.5343	14.208	0.931	17.5738	5.7328	2.9197	2.95	9	2024	10	275	1	2
boletus_edulis	Boletus edulis	60.87537	23.75256	323721.444	6753271.325	99	12.4374	11.711	14.0633	4.664	18.5926	2.2222	1.6382	2.2912	9	2025	8	243	1	2
boletus_edulis	Boletus edulis	61.45109	23.75346	326954.016	6817341.693	100	15.729	15.0365	15.2128	4.2092	22.1416	0.0	2.2989	3.6572	3	2023	9	256	1	2
other_agaricoid	Armillaria borealis	61.47645	23.75792	327332.06	6820152.31	10	15.9764	14.3738	14.0703	7.0539	23.705	0.0573	2.9821	3.1087	5	2025	9	250	0	2
boletus_edulis	Boletus edulis	63.987864	23.762212	341615.975	7099685.118	1	16.3365	16.3056	15.6083	8.069	28.3366	0.7854	2.6786	3.0097	9	2020	8	221	1	2
boletus_edulis	Boletus edulis	61.40578	23.76604	327373.928	6812265.575	346	10.5548	12.0774	14.5203	3.0891	18.1855	3.6219	2.5713	1.8357	13	2019	9	260	1	2
boletus_edulis	Boletus edulis	60.21357	23.77091	321098.967	6679573.353	22	15.8236	16.021	17.042	10.9593	21.2736	4.183	8.1789	4.3483	11	2023	9	247	1	2
boletus_edulis	Boletus edulis	63.464388	23.776286	339360.873	7041376.242	100	14.1078	13.9361	15.8122	2.9983	20.417	6.2811	4.2333	3.2645	9	2023	8	243	1	2
boletus_edulis	Boletus edulis	61.509845	23.784578	328934.495	6823798.748	100	17.1858	17.8063	17.1128	11.5799	24.9915	0.0884	1.4805	2.5298	5	2023	8	226	1	2
boletus_edulis	Boletus edulis	60.018451	23.786548	320907.921	6657817.93	1000	15.1711	15.1977	15.6459	3.6358	21.9296	0.9422	0.4963	4.0091	5	2023	9	259	1	2
other_agaricoid	Amanita muscaria	60.018451	23.786548	320907.921	6657817.93	1000	15.1711	15.1977	15.6459	3.6358	21.9296	0.9422	0.4963	4.0091	5	2023	9	259	0	2
other_agaricoid	Apioperdon pyriforme	61.50799	23.78711	329058.939	6823585.647	100	13.478	13.4868	15.0956	8.3219	19.754	4.6244	4.6385	4.1686	7	2021	8	242	0	2
other_agaricoid	Volvopluteus gloiocephalus	61.504119	23.788961	329136.122	6823149.959	100	13.7723	14.2955	14.7069	5.7175	22.2759	3.6292	2.271	4.4377	6	2023	9	266	0	2
other_agaricoid	Cortinarius croceus	60.715839	23.792183	325002.525	6735411.281	1	5.3143	7.6071	8.76	1.9	10.9	0.899	3.0251	4.6395	11	2012	10	287	0	2
other_agaricoid	Cortinarius caperatus	60.715905	23.792305	325009.536	6735418.301	1	5.3143	7.6071	8.76	1.9	10.9	0.899	3.0251	4.6395	11	2012	10	287	0	2
other_agaricoid	Collybia tuberosa	60.716305	23.794776	325146.438	6735456.233	1	9.8525	11.0647	11.3667	2.7334	16.698	0.4472	1.7509	1.7614	8	2015	9	273	0	2
boletus_edulis	Boletus edulis	61.49227	23.79665	329480.169	6821811.053	10	14.6864	15.7184	16.2065	8.0719	21.1452	1.3525	1.2266	3.6677	10	2026	8	225	1	2
boletus_edulis	Boletus edulis	60.11516	23.79766	322048.699	6668549.802	10	16.5306	16.3301	15.6612	9.5389	23.3778	1.9518	2.0127	3.1798	10	2020	8	214	1	2
boletus_edulis	Boletus edulis	60.241293	23.798119	322755.432	6682585.001	1000	14.8768	15.6725	16.3791	9.6323	21.924	4.9831	2.9396	2.8314	10	2019	9	255	1	2
boletus_edulis	Boletus edulis	61.35107	23.80195	328991.039	6806082.008	12	15.739	16.0902	16.7074	10.3474	23.9875	8.127	5.7244	4.1765	10	2021	8	230	1	2
other_agaricoid	Lepiota clypeolaria	61.35101	23.80224	329006.21	6806074.57	10	14.7451	15.9144	16.6448	10.9937	20.196	9.0945	6.3564	4.4382	11	2021	8	232	0	2
boletus_edulis	Boletus edulis	61.37888	23.80228	329160.448	6809176.306	10	16.3654	15.7296	16.1288	9.6276	26.36	2.2385	2.3515	3.2862	7	2020	7	206	1	2
boletus_edulis	Boletus edulis	61.35114	23.80271	329032.038	6806087.807	10	15.739	16.0902	16.7074	10.3474	23.9875	8.127	5.7244	4.1765	10	2021	8	230	1	2
other_agaricoid	Cortinarius semisanguineus	61.351	23.80281	329036.618	6806071.964	12	2.6092	5.1406	4.9364	-4.7451	7.2239	0.1365	0.6918	1.8633	6	2020	11	319	0	2
other_agaricoid	Lactarius camphoratus	61.461	23.803	329647.198	6818314.164	1	15.6457	14.9832	15.2024	9.2212	21.689	0.5037	0.8087	1.1473	7	2018	9	253	0	2
boletus_edulis	Boletus edulis	61.35087	23.80312	329052.476	6806056.683	30	14.7611	14.8071	15.4026	3.7662	21.9153	0.1724	6.7991	3.5657	6	2023	9	253	1	2
boletus_edulis	Boletus edulis	61.472553	23.804857	329809.154	6819595.139	1	16.9052	17.2355	16.8287	5.0439	25.0352	0.0349	0.1996	2.4083	4	2023	8	232	1	2
boletus_edulis	Boletus edulis	61.50766	23.80544	330031.828	6823500.969	10	16.6052	17.1354	17.9435	11.1863	23.2743	3.1816	2.871	3.6046	8	2024	8	228	1	2
boletus_edulis	Boletus edulis	61.54581	23.8058	330259.268	6827746.079	10	16.2143	15.9143	16.228	10.8352	21.9111	1.2868	4.3111	2.7101	6	2026	8	241	1	2
boletus_edulis	Boletus edulis	61.472342	23.806064	329872.258	6819568.504	1	6.604	6.1355	8.7895	-1.8494	14.1962	6.1549	3.2739	3.2948	4	2024	10	287	1	2
boletus_edulis	Boletus edulis	60.24044	23.80651	323215.085	6682467.559	10	13.0413	13.8905	15.424	8.1687	18.8491	6.4347	7.1053	5.1325	10	2021	8	240	1	2
other_agaricoid	Agaricus bernardii	61.50264	23.80691	330082.602	6822938.416	1	8.0601	7.3749	8.0912	1.5095	12.5687	0.1655	3.0318	2.1924	4	2024	10	295	0	2
other_agaricoid	Russula chloroides	60.240429	23.807377	323262.996	6682464.012	1	7.6121	9.5634	11.2429	1.5609	11.1193	2.3937	2.6019	2.26	6	2021	9	266	0	2
boletus_edulis	Boletus edulis	61.54736	23.80823	330396.784	6827912.262	10	15.0322	17.3107	15.6368	10.3931	22.5574	1.7642	1.5743	3.2373	7	2020	7	210	1	2
other_agaricoid	Cortinarius alboviolaceus	61.459	23.809	329955.827	6818075.903	1	17.5883	16.8514	16.6292	11.0242	28.3343	0.2036	1.8286	1.7252	4	2020	8	225	0	2
other_agaricoid	Gomphidius glutinosus	60.37439	23.809095	324080.028	6697367.251	1000	10.0609	9.2537	12.5587	2.2454	17.5693	3.9297	1.9648	2.4402	5	2022	9	260	0	2
other_agaricoid	Cortinarius bolaris	61.457117	23.809772	329986.682	6817864.315	1	14.4049	14.5541	15.1546	4.4774	21.7392	0.2222	7.1886	3.649	6	2023	9	253	0	2
other_agaricoid	Hygrophorus erubescens	60.24122	23.810229	323425.052	6682544.4	1	9.3936	8.5712	9.9893	4.9183	14.6442	0.0836	1.4703	1.3579	4	2021	10	275	0	2
other_agaricoid	Amanita battarrae	60.244874	23.810234	323445.002	6682951.019	1	8.9624	8.3317	10.3356	4.9119	14.651	2.8173	1.4155	1.3467	5	2021	9	272	0	2
other_agaricoid	Tephrocybe rancida	61.457728	23.810681	330038.425	6817929.948	1	7.1171	6.7171	8.8932	-2.4419	16.2275	1.1818	0.5909	1.2231	2	2021	9	271	0	2
boletus_edulis	Boletus edulis	61.462	23.811	330078.688	6818404.583	1	17.5883	16.8514	16.6292	11.0242	28.3343	0.2036	1.8286	1.7252	4	2020	8	225	1	2
other_agaricoid	Russula chloroides	61.466088	23.811104	330106.496	6818859.3	1	16.3524	16.2136	16.4698	8.6016	26.215	4.3884	2.7007	2.7319	7	2024	8	244	0	2
other_agaricoid	Lycoperdon excipuliforme	61.465432	23.811159	330105.851	6818786.145	1	13.4514	13.9643	14.2903	1.6602	23.2689	3.6047	2.3329	4.486	6	2023	9	266	0	2
boletus_edulis	Boletus edulis	61.466211	23.81125	330114.94	6818872.609	1	14.1407	14.5191	15.2587	4.263	21.8458	0.2291	7.2282	3.658	7	2023	9	252	1	2
other_agaricoid	Clitopilus prunulus	61.466126	23.811368	330120.76	6818862.841	1	16.8992	16.9869	17.0555	8.9583	25.1982	1.6779	0.9745	3.3941	8	2023	7	201	0	2
boletus_edulis	Boletus edulis	61.468453	23.811403	330135.299	6819121.741	1	16.9052	17.2355	16.8287	5.0439	25.0352	0.0349	0.1996	2.4083	4	2023	8	232	1	2
other_agaricoid	Lycoperdon perlatum	61.465892	23.811597	330131.679	6818836.201	1	10.4989	9.238	12.8772	-0.1615	16.9907	2.192	1.102	3.3279	4	2022	9	259	0	2
boletus_edulis	Boletus edulis	61.464082	23.811781	330131.618	6818634.271	1	13.9655	14.3749	15.1107	4.4774	21.7392	0.2222	7.2133	3.649	7	2023	9	252	1	2
boletus_edulis	Boletus edulis	61.465922	23.811964	330151.384	6818838.583	1	14.8163	15.6406	15.8407	8.4128	23.8849	5.9	3.3133	2.9783	7	2024	9	259	1	2
boletus_edulis	Boletus edulis	61.464384	23.812087	330149.557	6818667.086	1	15.3302	16.2148	19.0055	8.1153	24.9407	4.4326	2.9736	2.1448	12	2025	8	228	1	2
other_agaricoid	Agaricus sylvicola	61.465965	23.812127	330160.297	6818842.944	1	14.9695	13.3421	13.5473	6.0408	23.5739	0.1891	3.726	3.0869	8	2025	9	249	0	2
boletus_edulis	Boletus edulis	64.23403	23.81258	345451.252	7126966.015	118	16.5449	16.5644	15.8798	9.4804	25.6757	0.402	1.7741	2.8017	5	2020	8	221	1	2
boletus_edulis	Boletus edulis	60.24538	23.813348	323619.995	6682998.999	1	7.6323	9.2192	11.1744	1.604	11.1866	2.8242	2.7542	1.5709	6	2021	9	267	1	2
boletus_edulis	Boletus edulis	61.468587	23.814413	330296.289	6819128.815	1	11.4034	13.4434	16.764	2.7693	20.4191	1.2409	2.8343	2.4067	10	2025	8	235	1	2
boletus_edulis	Boletus edulis	61.468413	23.814528	330301.465	6819109.15	1	16.8992	16.9869	17.0555	8.9583	25.1982	1.6779	0.9745	3.3941	8	2023	7	201	1	2
boletus_edulis	Boletus edulis	61.468664	23.814591	330306.185	6819136.922	1	9.7915	7.7127	9.8759	4.6892	13.2999	3.6601	1.83	3.2874	7	2025	10	284	1	2
other_agaricoid	Cystoderma amianthinum	61.468141	23.814725	330310.474	6819078.364	1	16.3524	16.2136	16.4698	8.6016	26.215	4.3884	2.7007	2.7319	7	2024	8	244	0	2
boletus_edulis	Boletus edulis	61.468642	23.815046	330330.291	6819133.289	1	16.9052	17.2355	16.8287	5.0439	25.0352	0.0349	0.1996	2.4083	4	2023	8	232	1	2
boletus_edulis	Boletus edulis	60.244683	23.815368	323727.996	6682916.034	1	7.5916	9.5457	11.231	1.5762	11.1403	2.3669	2.6031	2.2705	6	2021	9	266	1	2
other_agaricoid	Russula clavipes	61.468389	23.815407	330348.135	6819104.191	1	13.0922	14.1617	14.5894	3.9794	20.4761	1.0198	0.8791	2.9917	7	2026	9	249	0	2
other_agaricoid	Armillaria lutea	60.244526	23.815564	323737.995	6682898.038	1	7.5916	9.5457	11.231	1.5762	11.1403	2.3669	2.6031	2.2705	6	2021	9	266	0	2
boletus_edulis	Boletus edulis	61.46813	23.815958	330376.063	6819073.931	1	16.6656	15.8175	13.7944	9.8374	23.8341	1.5701	0.8796	2.9682	6	2025	9	256	1	2
other_agaricoid	Lactarius tabidus	60.245295	23.816158	323774.989	6682982.029	1	7.5089	9.1137	11.0724	1.5762	11.0986	2.8462	2.7846	1.5821	6	2021	9	267	0	2
boletus_edulis	Boletus edulis	61.46789	23.816201	330387.696	6819046.587	1	14.9695	13.3421	13.5473	6.0408	23.5739	0.1891	3.726	3.0869	8	2025	9	249	1	2
boletus_edulis	Boletus edulis	60.247179	23.816426	323799.939	6683190.973	1	8.4469	8.1266	10.4099	1.5762	14.5827	2.8382	1.4265	1.3594	5	2021	9	271	1	2
other_agaricoid	Lactarius pubescens	61.466978	23.818961	330529.692	6818937.904	1	5.1965	8.0953	11.3363	-3.0024	12.4976	0.0048	1.544	2.1491	5	2024	10	279	0	2
other_agaricoid	Lactarius flexuosus	61.456325	23.819124	330480.485	6817751.813	1	16.9573	16.0982	16.1149	7.3957	26.8419	0.0083	2.84	1.8437	5	2024	9	253	0	2
boletus_edulis	Boletus edulis	60.246752	23.820355	324014.991	6683132.966	1	7.5089	9.1137	11.0724	1.5762	11.0986	2.8462	2.7846	1.5821	6	2021	9	267	1	2
boletus_edulis	Boletus edulis	60.92811	23.8208	327708.52	6758959.322	48	16.257	16.5814	17.7403	9.3367	24.2345	4.797	4.2508	3.8626	9	2024	8	227	1	2
other_agaricoid	Mycena epipterygia	61.44525	23.82428	330695.037	6816505.781	592	16.8896	15.1167	13.6726	10.6556	23.2865	0.0538	2.3541	2.9499	5	2025	9	253	0	2
boletus_edulis	Boletus edulis	61.50857	23.82571	331114.636	6823549.546	15	12.6747	13.4295	15.0494	7.9172	19.9299	4.7029	5.0418	4.4097	9	2021	8	241	1	2
other_agaricoid	Lycoperdon molle	60.687956	23.825974	326694.882	6732218.58	10	18.7286	18.4357	15.9167	12.2	27.0	1.9663	1.1122	1.5775	6	2014	7	203	0	2
boletus_edulis	Boletus edulis	60.27908	23.82697	324554.1	6686712.97	10	15.6197	16.1441	17.2143	11.6883	21.1469	11.0033	8.2647	4.3004	12	2023	9	246	1	2
other_agaricoid	Pholiota squarrosa	61.450844	23.827421	330892.711	6817120.236	1	12.1487	11.3227	13.8518	5.6158	19.085	5.7066	4.2166	3.4496	10	2025	8	243	0	2
boletus_edulis	Boletus edulis	61.49566	23.82796	331164.296	6822106.836	10	15.1879	15.0486	15.5068	8.4891	22.2507	1.383	4.5177	2.8293	9	2026	8	241	1	2
boletus_edulis	Boletus edulis	61.46337	23.82815	330999.415	6818512.481	899	11.5463	13.0382	14.7521	7.4804	16.5501	5.349	6.6299	4.7962	11	2021	8	239	1	2
boletus_edulis	Boletus edulis	61.44007	23.82837	330884.903	6815918.637	10	14.7542	16.0347	15.4638	7.7061	24.5912	2.4293	1.5767	3.2734	6	2020	7	208	1	2
other_agaricoid	Lycoperdon echinatum	61.44422	23.829	330940.953	6816378.895	372	14.6511	15.518	15.7116	8.6036	23.5116	6.2496	3.4741	3.0084	7	2024	9	259	0	2
other_agaricoid	Phyllotopsis nidulans	60.27864	23.82943	324687.694	6686657.462	22	2.8157	1.4068	0.83	-3.3313	9.1068	0.3047	3.735	1.8779	9	2022	4	106	0	2
boletus_edulis	Boletus edulis	60.261112	23.829801	324614.38	6684705.861	1000	7.3317	8.6039	12.6594	0.3965	12.7407	1.0239	2.0738	2.4972	8	2019	9	269	1	2
other_agaricoid	Russula vinosa	60.261112	23.829801	324614.38	6684705.861	1000	7.3317	8.6039	12.6594	0.3965	12.7407	1.0239	2.0738	2.4972	8	2019	9	269	0	2
boletus_edulis	Boletus edulis	61.44279	23.83214	331100.529	6816211.599	13	15.3255	16.024	16.4644	9.6505	22.5735	3.2775	6.3986	4.8367	9	2026	7	210	1	2
boletus_edulis	Boletus edulis	62.05171	23.83418	334511.274	6883980.929	100	17.5366	16.931	16.3341	8.3254	30.1358	0.9637	3.8982	3.695	10	2023	8	223	1	2
boletus_edulis	Boletus edulis	61.44286	23.83788	331406.776	6816204.535	10	14.7542	16.0347	15.4638	7.7061	24.5912	2.4293	1.5767	3.2734	6	2020	7	208	1	2
boletus_edulis	Boletus edulis	60.77811	23.83999	327942.986	6742215.062	10	15.3453	15.5065	16.6702	11.0382	19.8794	11.5611	7.1173	3.9685	12	2023	9	245	1	2
boletus_edulis	Boletus edulis	61.43163	23.84254	331594.536	6814942.596	292	14.7859	16.6501	15.0933	7.8266	23.8368	2.2382	1.9021	3.3936	8	2020	7	211	1	2
boletus_edulis	Boletus edulis	62.85093	23.84318	339331.645	6972920.362	10	13.7813	13.7076	14.1526	1.7145	23.9217	4.4587	3.4103	2.9117	10	2026	8	229	1	2
boletus_edulis	Boletus edulis	62.85087	23.84341	339343.016	6972913.109	33	10.882	10.3631	13.2174	4.4046	19.2588	0.9764	1.0586	1.9694	9	2025	8	242	1	2
boletus_edulis	Boletus edulis	62.85086	23.84363	339354.152	6972911.447	10	14.6404	15.0715	15.4366	7.2945	23.4402	4.0048	2.7904	2.3796	11	2021	8	230	1	2
other_agaricoid	Mycena pura	61.413534	23.844334	331592.654	6812923.882	100	14.0143	13.1714	13.7	5.5	22.0	1.4294	0.9879	3.5499	3	2014	9	253	0	2
boletus_edulis	Boletus edulis	62.85067	23.84474	339409.576	6972887.527	14	15.1207	14.6806	15.2486	5.2653	24.6909	3.6296	4.6935	3.593	11	2026	7	211	1	2
other_agaricoid	Inocybe castanea	60.776472	23.846145	328269.171	6742016.641	1	16.8679	15.7121	14.5656	8.5151	24.7796	0.8654	3.6134	1.7982	7	2016	6	178	0	2
boletus_edulis	Boletus edulis	60.68618	23.847359	327852.416	6731964.687	1	17.3286	17.0857	16.9367	10.0	25.5	0.9311	2.1233	1.8547	7	2009	8	220	1	2
other_agaricoid	Mallocybe malenconii	62.193772	23.848815	336045.389	6899756.315	100	7.2571	8.2857	9.53	-1.8	13.2	2.569	1.9474	4.1727	9	2011	10	282	0	2
boletus_edulis	Boletus edulis	61.45482	23.84993	332113.238	6817504.59	249	10.7257	12.6285	14.3864	-1.2253	19.719	0.2076	3.2438	2.8574	6	2024	9	266	1	2
boletus_edulis	Boletus edulis	60.774012	23.851829	328565.366	6741727.999	1000	15.1959	14.8715	15.8827	9.5076	21.9519	0.44	0.8508	1.3451	4	2018	9	249	1	2
boletus_edulis	Boletus edulis	61.450003	23.857357	332482.995	6816949.35	1	16.1944	17.1065	20.1806	8.0167	24.3041	0.631	0.6519	2.0068	4	2018	8	231	1	2
other_agaricoid	Lactarius deterrimus	60.07033	23.857508	325135.278	6663401.156	1000	3.6596	5.9688	7.4104	-2.2752	10.5535	1.6211	2.9917	3.3313	11	2019	10	283	0	2
other_agaricoid	Lycoperdon excipuliforme	60.07033	23.857508	325135.278	6663401.156	1000	3.6596	5.9688	7.4104	-2.2752	10.5535	1.6211	2.9917	3.3313	11	2019	10	283	0	2
other_agaricoid	Pholiota lubrica	62.046602	23.858302	335743.938	6883351.03	1	4.4143	6.9929	9.2867	-2.1	12.1	0.0	1.5714	2.6082	3	2010	10	276	0	2
boletus_edulis	Boletus edulis	60.070232	23.858483	325188.986	6663387.67	1000	16.0721	15.4519	16.0283	6.2931	22.3108	0.9973	1.1989	4.4063	5	2023	9	257	1	2
other_agaricoid	Phyllotopsis nidulans	60.070232	23.858483	325188.986	6663387.67	1000	16.0721	15.4519	16.0283	6.2931	22.3108	0.9973	1.1989	4.4063	5	2023	9	257	0	2
other_agaricoid	Gymnopus androsaceus	60.227799	23.859102	326057.964	6680921.001	1	13.6057	12.2837	13.1569	5.9592	20.012	2.937	1.5307	4.4465	6	2021	9	255	0	2
other_agaricoid	Strobilurus esculentus	60.227795	23.860818	326152.926	6680916.033	1	13.6057	12.2837	13.1569	5.9592	20.012	2.937	1.5307	4.4465	6	2021	9	255	0	2
boletus_edulis	Boletus edulis	60.227834	23.861339	326181.971	6680919.001	1	13.6057	12.2837	13.1569	5.9592	20.012	2.937	1.5307	4.4465	6	2021	9	255	1	2
other_agaricoid	Cortinarius semisanguineus	68.111	23.86158	369474.893	7558558.045	48	11.2396	10.9659	13.2262	1.3945	18.8828	3.8651	3.4625	3.1697	6	2023	8	241	0	2
other_agaricoid	Cortinarius sanguineus	60.228814	23.862492	326250.981	6681025.025	1	13.6057	12.2837	13.1569	5.9592	20.012	2.937	1.5307	4.4465	6	2021	9	255	0	2
boletus_edulis	Boletus edulis	61.51591	23.86311	333142.731	6824270.14	400	16.402	17.2343	16.5657	9.0923	24.5605	0.192	0.096	1.6134	1	2020	8	231	1	2
other_agaricoid	Hygrophorus olivaceoalbus	61.5011	23.86337	333077.164	6822621.092	800	18.9454	18.7542	18.1406	14.2865	26.6627	5.284	4.7397	3.8768	9	2024	7	207	0	2
other_agaricoid	Cystoderma amianthinum	60.227311	23.864425	326350.019	6680852.671	1000	7.6587	7.9118	9.0783	1.8263	14.3219	3.573	5.6353	4.0212	12	2017	10	290	0	2
other_agaricoid	Laccaria laccata	64.28325	23.86538	348280.083	7132318.569	10	15.6432	16.06	16.6656	10.1611	22.2186	3.9994	2.8866	2.0333	8	2024	9	245	0	2
other_agaricoid	Kuehneromyces mutabilis	61.333	23.867	332370.957	6803902.082	1	15.2617	16.4385	15.1046	7.1496	23.7054	2.6912	2.1672	3.1811	8	2020	7	212	0	2
other_agaricoid	Pleurotus ostreatus	61.332	23.867	332365.612	6803790.782	1	13.8466	15.8481	15.9292	4.9724	24.0006	1.8458	1.292	2.0885	7	2019	9	250	0	2
other_agaricoid	Tapinella atrotomentosa	62.7107	23.86817	339843.262	6957248.28	10	9.9839	8.5088	10.6819	4.3685	15.3663	4.1701	2.0851	1.9833	6	2022	9	261	0	2
other_agaricoid	Tricholoma stans	61.432591	23.868354	332975.737	6814983.163	1000	6.0108	5.1952	9.3151	-0.6099	13.0422	3.365	4.3373	3.6367	9	2023	10	290	0	2
other_agaricoid	Xeromphalina campanella	61.38097	23.86888	332727.813	6809236.341	38	5.9633	7.6631	4.338	-4.4885	19.7517	0.1573	0.302	0.8195	4	2024	5	131	0	2
other_agaricoid	Amanita muscaria	61.52144	23.8701	333543.924	6824867.762	14	14.9692	16.1741	17.0229	11.4407	20.0038	7.1786	5.1086	3.9373	11	2021	8	232	0	2
other_agaricoid	Gymnopus confluens	63.49456	23.87048	344216.075	7044502.214	100	18.316	18.5161	17.0055	11.0499	26.6027	4.076	3.655	3.2546	12	2024	7	212	0	2
boletus_edulis	Boletus edulis	60.77076	23.87066	329573.011	6741317.024	10	18.7546	15.7384	16.7671	9.6792	25.509	1.1019	3.6606	4.0355	7	2020	7	203	1	2
other_agaricoid	Strobilurus esculentus	61.43232	23.87145	333139.323	6814945.074	16	14.3354	14.1872	14.4514	2.7531	22.0003	0.9958	0.6081	3.8302	3	2023	9	259	0	2
boletus_edulis	Boletus edulis	61.507462	23.871677	333553.012	6823307.948	1	17.9192	17.0469	17.6171	9.6659	25.1372	0.8523	1.2261	3.0544	7	2023	7	199	1	2
boletus_edulis	Boletus edulis	68.11308	23.87191	369915.951	7558767.893	100	11.2261	10.9479	13.2141	1.426	18.8606	3.8997	3.4864	3.1905	6	2023	8	241	1	2
other_agaricoid	Cortinarius anomalus	61.329	23.873	332670.471	6803441.485	1	7.4845	8.0965	9.4043	2.4401	11.9332	4.6234	2.329	3.112	10	2017	10	280	0	2
other_agaricoid	Lactarius rufus	60.6166	23.87396	328935.553	6724151.522	10	10.85	11.9683	13.7351	6.2876	15.7693	3.1855	2.6248	2.2663	9	2020	9	257	0	2
boletus_edulis	Boletus edulis	60.76202	23.874	329708.459	6740335.646	24	11.1459	11.7412	12.855	0.942	20.7904	0.0667	0.3098	3.8855	4	2021	9	253	1	2
boletus_edulis	Boletus edulis	60.228838	23.877283	327069.791	6680988.835	1000	8.0648	10.7945	13.2769	0.4075	13.4398	1.6165	1.585	1.6745	8	2018	9	272	1	2
boletus_edulis	Boletus edulis	61.5203	23.87752	333932.241	6824721.942	10	19.2428	16.1391	17.3122	11.6285	25.9361	1.4155	2.189	3.0033	7	2020	7	203	1	2
other_agaricoid	Lactarius rufus	61.45876	23.87752	333603.9	6817872.383	100	14.143	15.6011	16.5328	8.392	19.7744	6.3929	5.1427	4.2532	11	2021	8	233	0	2
boletus_edulis	Boletus edulis	60.7639	23.87756	329912.252	6740535.647	100	12.8625	15.1591	15.6958	4.1517	17.6951	6.6499	3.9991	2.6917	6	2024	9	262	1	2
boletus_edulis	Boletus edulis	61.519995	23.877674	333938.799	6824687.602	1	15.955	17.6444	18.7446	8.9965	22.5315	3.8826	4.2702	2.1147	9	2021	8	220	1	2
other_agaricoid	Thaxterogaster talimultiformis	62.035667	23.886234	337145.0	6882063.411	100	13.0286	12.4143	13.2733	4.0	22.0	0.2266	1.1543	2.1374	4	2013	9	253	0	2
boletus_edulis	Boletus edulis	60.200152	23.889525	327596.829	6677764.396	1	16.5429	18.1071	19.3467	10.2	21.3	1.3742	1.6242	3.0841	7	2010	8	235	1	2
boletus_edulis	Boletus edulis	61.46835	23.89112	334379.183	6818905.142	21	16.2166	16.2553	16.9051	10.8149	23.7215	4.7298	3.8561	3.3657	9	2021	8	229	1	2
boletus_edulis	Boletus edulis	61.1538	23.8932	332822.975	6783890.01	150	16.6785	16.2098	16.461	11.3726	24.7047	6.2976	4.7854	2.6426	10	2023	8	216	1	2
other_agaricoid	Sarcomyxa serotina	61.468768	23.893484	334507.273	6818945.663	1	6.3562	5.5121	9.5684	-0.0089	13.4266	3.3938	4.4046	3.6804	9	2023	10	290	0	2
other_agaricoid	Cortinarius privignatus	62.036735	23.893775	337544.888	6882163.373	100	13.0286	12.4143	13.2733	4.0	22.0	0.2266	1.1543	2.1374	4	2013	9	253	0	2
boletus_edulis	Boletus edulis	61.86869	23.89433	336678.207	6863457.079	10	16.4478	15.8099	16.7111	11.7385	23.6252	4.2927	3.3395	2.6347	9	2021	8	226	1	2
boletus_edulis	Boletus edulis	61.175548	23.895031	333036.472	6786305.877	1	12.6517	14.1408	13.6543	6.4143	20.1117	6.6735	4.4847	3.4054	10	2025	6	178	1	2
other_agaricoid	Kuehneromyces mutabilis	61.564769	23.895591	335128.832	6829625.603	1	10.7225	11.7765	14.8268	4.0853	18.7274	2.6869	2.869	2.2767	8	2025	8	240	0	2
other_agaricoid	Cortinarius bolaris	61.15826	23.89573	332982.624	6784379.94	10	9.6919	11.4969	13.7033	2.8561	19.7124	1.2875	3.3713	2.6766	10	2025	9	270	0	2
other_agaricoid	Russula aeruginea	62.71225	23.89848	341400.693	6957345.861	10	8.9082	9.5805	11.1866	-0.5552	18.6299	0.7862	1.3072	3.383	6	2021	9	253	0	2
other_agaricoid	Phyllotopsis nidulans	60.76146	23.90198	331228.969	6740201.045	10	-0.2032	-0.7141	-6.2429	-10.7729	7.587	0.4255	0.8392	0.6618	9	2021	3	65	0	2
other_agaricoid	Cortinarius venustus	62.038869	23.908856	338344.522	6882363.218	100	12.9857	12.3857	13.25	4.1	22.0	0.2275	1.157	2.1566	4	2013	9	253	0	2
other_agaricoid	Cortinarius bolaris	62.038869	23.908856	338344.522	6882363.218	100	12.9857	12.3857	13.25	4.1	22.0	0.2275	1.157	2.1566	4	2013	9	253	0	2
boletus_edulis	Boletus edulis	64.25	23.91406	350455.044	7128501.363	10	10.4119	10.3806	11.3324	2.9159	15.014	0.0516	5.0103	3.7745	5	2020	9	268	1	2
other_agaricoid	Hygrophoropsis aurantiaca	64.25028	23.91631	350565.526	7128527.248	12	17.1921	16.3069	16.1927	9.7414	24.0097	0.3463	2.6178	1.6562	7	2024	9	254	0	2
boletus_edulis	Boletus edulis	62.130095	23.924056	339621.177	6892479.979	1	14.343	14.6082	16.1962	4.4422	21.6147	0.6562	0.9767	0.7867	10	2018	9	245	1	2
boletus_edulis	Boletus edulis	59.9758	23.92492	328395.052	6652704.646	12	17.4355	16.6141	15.1748	14.0718	21.0353	2.3865	1.331	1.8529	6	2025	9	256	1	2
other_agaricoid	Clitocybula platyphylla	61.37286	23.92587	335728.209	6808188.877	100	16.8457	15.8927	17.7252	9.1559	24.8549	0.4355	5.1733	2.8355	10	2023	7	194	0	2
other_agaricoid	Cortinarius flabellus	60.701216	23.928228	332344.284	6733428.889	1	11.6961	11.5306	13.3406	1.5259	19.4106	0.6372	3.8201	2.0078	10	2018	9	267	0	2
other_agaricoid	Lactarius hysginus	61.946837	23.929614	338944.359	6872067.425	100	13.1286	12.3143	13.2133	4.5	22.1	0.6707	1.3868	2.0782	4	2013	9	255	0	2
other_agaricoid	Pyrrhulomyces astragalinus	61.946837	23.929614	338944.359	6872067.425	100	13.1286	12.3143	13.2133	4.5	22.1	0.6707	1.3868	2.0782	4	2013	9	255	0	2
other_agaricoid	Paralepista gilva	60.697466	23.931944	332527.492	6733002.047	1	11.8488	13.4168	14.1137	4.2397	19.4106	2.9327	3.5371	2.1172	9	2018	9	263	0	2
other_agaricoid	Calocybe gambosa	60.41433	23.93286	331107.081	6701488.196	189	12.8393	9.1281	7.7555	2.4065	23.2261	0.2498	1.3983	1.2698	9	2020	5	148	0	2
boletus_edulis	Boletus edulis	62.046904	23.936175	339814.724	6883189.804	1000	15.5606	15.3116	16.8286	5.9494	22.5874	3.1238	3.3475	2.1177	9	2021	8	223	1	2
other_agaricoid	Hypsizygus tessulatus	66.351103	23.937381	362956.171	7362402.032	1	0.6664	2.925	4.6469	-5.4689	7.3626	0.0237	1.6428	1.5024	9	2022	10	296	0	2
boletus_edulis	Boletus edulis	60.629968	23.93911	332568.268	6725471.519	1	13.6516	14.2845	15.9466	8.4219	20.0107	0.8741	1.6345	1.6541	6	2018	9	244	1	2
other_agaricoid	Parasola plicatilis	62.05454	23.93927	340016.601	6884032.145	100	15.4183	16.4766	16.1492	8.2869	22.1899	1.6046	0.9097	2.5687	6	2023	7	204	0	2
boletus_edulis	Boletus edulis	61.52842	23.93972	337281.062	6825468.794	70	16.6987	16.0054	16.6187	9.5846	25.475	3.102	6.1239	4.6203	9	2026	7	212	1	2
other_agaricoid	Pholiota scamba	61.944403	23.941297	339544.084	6871767.554	100	13.3143	12.5286	13.44	4.9	22.1	0.7021	1.388	2.0747	5	2013	9	255	0	2
boletus_edulis	Boletus edulis	62.05457	23.942841	340203.314	6884026.677	1	14.0963	15.303	16.0425	4.4374	21.3054	4.0568	2.6342	4.3871	7	2023	8	238	1	2
boletus_edulis	Boletus edulis	62.053846	23.943222	340219.416	6883945.148	100	15.9598	15.3334	16.7331	5.1747	23.6005	3.1462	2.5668	2.1189	9	2021	8	224	1	2
boletus_edulis	Boletus edulis	61.52152	23.94368	337455.465	6824690.893	43	15.4672	16.1477	16.5641	9.0455	22.4875	3.1965	5.991	4.5938	9	2026	7	210	1	2
boletus_edulis	Boletus edulis	60.60374	23.94511	332760.562	6722537.175	64	17.343	16.4799	16.2787	9.8068	27.1825	0.0606	1.6063	1.6009	6	2020	8	224	1	2
other_agaricoid	Lactarius lignyotus	62.053845	23.94524	340324.838	6883940.065	1000	10.1227	10.755	13.0566	3.1658	20.4442	1.2596	3.2882	4.269	8	2021	9	247	0	2
other_agaricoid	Amanita muscaria	60.60334	23.94544	332776.549	6722491.817	100	4.041	5.3239	7.6535	-1.6094	12.8806	2.5189	1.8999	2.8645	10	2019	10	279	0	2
boletus_edulis	Boletus edulis	61.526	23.94648	337627.682	6825182.566	115	16.6987	16.0054	16.6187	9.5846	25.475	3.102	6.1239	4.6203	9	2026	7	212	1	2
boletus_edulis	Boletus edulis	60.36729	23.94741	331665.162	6696215.728	100	13.0183	13.244	14.6747	8.2823	20.0664	6.5287	6.4349	4.9622	10	2021	8	242	1	2
other_agaricoid	Hygrophoropsis aurantiaca	63.41586	23.94765	347637.339	7035555.076	10	14.3114	14.92	14.9064	3.7857	24.1305	3.3264	2.4381	2.5711	8	2019	9	248	0	2
boletus_edulis	Boletus edulis	61.5265	23.95238	337943.861	6825223.53	10	15.3169	15.9976	16.4185	9.218	22.4327	3.2113	5.9023	4.5687	9	2026	7	210	1	2
boletus_edulis	Boletus edulis	61.51775	23.95332	337948.254	6824247.254	24	15.3834	16.0587	16.4803	8.5503	22.5052	3.2055	5.9054	4.5686	9	2026	7	210	1	2
other_agaricoid	Stropharia aeruginosa	61.259516	23.955532	336723.8	6795498.809	10	14.5163	13.6363	14.535	6.9725	22.0629	0.3352	1.8014	1.9954	7	2023	9	271	0	2
other_agaricoid	Lactarius lacunarum	62.178211	23.956106	341543.198	6897757.078	100	14.2429	15.825	15.1457	1.7883	24.0194	0.5027	0.4637	1.5661	3	2015	8	230	0	2
boletus_edulis	Boletus edulis	61.46334	23.95858	337945.124	6818177.958	100	11.551	13.0529	14.7752	7.6419	16.7404	5.4509	6.6735	4.7863	12	2021	8	239	1	2
boletus_edulis	Boletus edulis	61.999727	23.960812	340855.899	6877877.738	1000	10.7786	12.7452	16.0887	3.0163	20.6196	0.636	1.8177	2.1185	6	2025	8	235	1	2
other_agaricoid	Amanita muscaria	61.593345	23.961474	338774.47	6832641.339	1000	11.9162	13.6842	14.2248	5.6104	18.1713	6.055	3.1807	2.2727	8	2018	9	259	0	2
other_agaricoid	Tricholomopsis rutilans	60.88112	23.96432	335240.053	6753360.45	605	9.4935	11.2009	13.2601	0.4281	20.4545	0.6581	2.9751	4.7243	7	2021	9	249	0	2
boletus_edulis	Boletus edulis	60.572943	23.964978	333689.392	6719059.185	1000	11.3706	12.0323	13.3391	6.6986	16.9879	2.163	2.9175	2.6274	10	2020	9	260	1	2
other_agaricoid	Hygrocybe miniata	60.572943	23.964978	333689.392	6719059.185	1000	11.3706	12.0323	13.3391	6.6986	16.9879	2.163	2.9175	2.6274	10	2020	9	260	0	2
boletus_edulis	Boletus edulis	60.38581	23.96809	332899.916	6698224.242	10	15.3394	16.1067	16.8244	11.1324	23.9862	10.24	6.8766	4.6129	11	2021	8	231	1	2
other_agaricoid	Amanita fulva	61.57509	23.97076	339172.364	6830586.435	10	9.2594	11.003	13.0426	1.7726	19.4446	0.7866	2.8856	3.8244	6	2021	9	249	0	2
other_agaricoid	Cortinarius camphoratus	61.589634	23.973858	339412.028	6832197.668	100	8.2626	8.1989	7.7727	-0.4635	13.3672	3.8714	3.4417	1.9662	10	2022	10	289	0	2
other_agaricoid	Rhodocollybia butyracea	61.59793	23.97437	339482.117	6833119.828	10	9.185	9.3134	7.9678	3.4717	12.9629	0.685	1.054	0.7727	7	2021	10	286	0	2
boletus_edulis	Boletus edulis	62.03739	23.978273	341965.191	6882027.461	1000	13.7546	14.8807	15.7406	10.0703	19.495	6.3977	5.4119	3.9171	13	2021	8	233	1	2
boletus_edulis	Boletus edulis	61.03893	23.98198	337007.71	6770880.786	16	11.5417	13.3628	16.646	2.7738	20.4404	0.4558	2.3332	2.4958	8	2025	8	235	1	2
other_agaricoid	Cortinarius collinitus	60.577357	23.982506	334671.972	6719506.247	1000	11.391	12.052	13.3573	6.7036	17.0213	2.1619	2.9408	2.6435	10	2020	9	260	0	2
boletus_edulis	Boletus edulis	60.577754	23.982868	334693.824	6719549.522	1000	11.3889	12.0498	13.3556	6.6056	17.017	2.1599	2.9644	2.6599	10	2020	9	260	1	2
other_agaricoid	Hypholoma capnoides	60.155654	23.987323	332788.749	6672560.617	1	6.7563	6.4264	8.9207	0.7479	13.8518	5.1281	2.7231	3.6627	8	2019	10	277	0	2
boletus_edulis	Boletus edulis	62.036885	23.990209	342586.504	6881942.214	1000	15.295	15.5378	18.4831	4.9916	23.5245	2.0134	1.1316	1.1479	6	2018	8	235	1	2
other_agaricoid	Macrolepiota procera	60.18558	23.99918	333598.002	6675861.215	10	16.8943	16.8463	16.8915	10.1687	27.3657	0.2676	0.6039	1.0784	3	2020	8	227	0	2
other_agaricoid	Cortinarius quarciticus	63.112353	24.011349	349239.693	7001615.38	100	12.3143	12.8357	13.5033	2.9	18.8	2.8604	1.729	3.6687	10	2012	8	242	0	2
other_agaricoid	Russula nigricans	60.147859	24.015961	334338.277	6671620.898	1	6.8583	6.4995	8.9931	0.4982	14.0158	4.993	2.6497	3.6644	8	2019	10	277	0	2
other_agaricoid	Psathyrella candolleana	61.46882	24.02255	341379.8	6818630.593	65	8.3852	7.5885	8.6504	0.7647	16.1954	0.0	0.5557	1.0152	2	2021	10	276	0	2
boletus_edulis	Boletus edulis	61.514469	24.023301	341651.976	6823709.993	1	14.971	15.5169	17.7029	5.3278	25.4079	0.9154	1.4398	1.7537	7	2018	8	240	1	2
other_agaricoid	Lepiota magnispora	60.311885	24.035118	336222.04	6689828.43	1000	12.3844	11.843	12.1392	5.104	19.8199	0.0	1.6042	2.7734	3	2020	9	269	0	2
boletus_edulis	Boletus edulis	60.318988	24.03823	336429.4	6690611.247	1000	12.3844	11.843	12.1392	5.104	19.8199	0.0	1.6042	2.7734	3	2020	9	269	1	2
other_agaricoid	Tricholoma portentosum	60.31751	24.03927	336479.419	6690444.169	10	7.6931	7.4284	9.5605	1.1791	14.3882	6.6556	3.3785	3.047	7	2024	10	288	0	2
other_agaricoid	Infundibulicybe squamulosa	62.649556	24.043235	348478.688	6950018.448	1	13.3612	13.2356	13.9115	4.4843	20.5227	2.0452	1.4876	1.0761	5	2019	7	199	0	2
boletus_edulis	Boletus edulis	60.02314	24.04375	335258.995	6657670.948	10	13.1102	12.802	13.4716	5.3642	19.4065	0.0343	2.4774	3.518	5	2020	9	269	1	2
boletus_edulis	Boletus edulis	60.02872	24.0448	335345.253	6658289.353	10	13.2804	14.1172	15.384	7.9276	19.0504	5.9194	6.3909	4.6636	11	2021	8	241	1	2
other_agaricoid	Lycoperdon perlatum	61.45992	24.0463	342599.535	6817582.36	337	17.0125	16.0201	16.7433	10.1129	25.6221	2.7856	1.7834	4.1234	9	2026	8	213	0	2
other_agaricoid	Clitocybe nebularis	61.20857	24.04794	341420.941	6789600.57	30	8.8382	10.5523	11.705	3.0139	14.4793	2.7163	1.9856	1.178	10	2020	10	288	0	2
other_agaricoid	Kuehneromyces mutabilis	62.653954	24.05362	349032.986	6950483.702	1	13.5627	13.411	14.0744	4.6333	20.3959	2.0193	1.4998	1.0778	5	2019	7	199	0	2
boletus_edulis	Boletus edulis	61.20624	24.05439	341755.564	6789325.586	10	8.5621	10.3042	11.4323	2.7062	14.3944	2.6978	1.993	1.1928	10	2020	10	288	1	2
boletus_edulis	Boletus edulis	62.655824	24.060259	349382.479	6950676.357	1	13.5627	13.411	14.0744	4.6333	20.3959	2.0193	1.4998	1.0778	5	2019	7	199	1	2
other_agaricoid	Lactarius torminosus	62.655824	24.060259	349382.479	6950676.357	1	13.5627	13.411	14.0744	4.6333	20.3959	2.0193	1.4998	1.0778	5	2019	7	199	0	2
boletus_edulis	Boletus edulis	68.057221	24.06401	377603.311	7552153.557	1000	11.3025	12.0676	12.6931	2.3719	21.0202	0.6824	2.2995	3.2447	9	2022	8	215	1	2
other_agaricoid	Hygrophorus olivaceoalbus	60.765364	24.065911	340174.684	6740225.182	1	12.3219	13.2226	14.1363	4.0332	19.5416	3.1727	3.5954	2.1454	10	2018	9	264	0	2
other_agaricoid	Kuehneromyces mutabilis	60.266846	24.066007	337704.418	6684739.326	1	6.8742	7.5063	11.4091	-0.2414	13.7328	1.0347	1.4783	2.4741	5	2019	9	271	0	2
other_agaricoid	Tulostoma brumale	60.257	24.067	337710.571	6683641.043	1	9.0731	10.634	11.6077	3.6244	13.9792	2.3464	2.013	1.1017	9	2020	10	288	0	2
other_agaricoid	Galerina pseudocerina	63.166586	24.067388	352341.007	7007522.969	1	8.5571	10.1286	12.0433	-1.9	14.9	7.2785	6.7857	3.7854	13	2011	9	267	0	2
boletus_edulis	Boletus edulis	60.73465	24.07361	340441.397	6736787.854	10	17.2851	17.5895	16.5866	9.3243	24.9254	0.3817	1.1842	2.0824	7	2023	8	229	1	2
other_agaricoid	Lactarius rufus	61.03991	24.08633	342645.504	6770734.521	10	6.6262	6.6811	5.9351	0.9306	12.402	1.4709	1.5068	2.681	6	2020	11	311	0	2
other_agaricoid	Russula vinosa	61.03072	24.08695	342633.43	6769710.104	10	16.0752	15.9861	17.0351	6.7541	24.0601	0.1918	2.6669	2.518	7	2024	8	234	0	2
other_agaricoid	Lentinellus vulpinus	68.093142	24.088682	378819.972	7556106.043	10	11.3143	11.4286	13.9267	0.2	18.9	2.5071	1.7655	1.3338	10	2013	8	235	0	2
other_agaricoid	Apioperdon pyriforme	60.961231	24.09742	342855.785	6761950.248	1	0.5012	3.1995	6.7293	-4.1911	6.5525	0.2112	1.9043	2.5905	10	2023	10	296	0	2
other_agaricoid	Hypholoma capnoides	67.760786	24.101977	377636.289	7519059.624	1	7.8831	8.999	11.078	-2.0984	17.5499	0.0334	2.968	2.5406	6	2021	8	240	0	2
other_agaricoid	Cortinarius violaceus	61.06688	24.10927	344016.483	6773681.624	10	13.2971	12.6841	14.3808	6.1894	20.906	0.2412	3.5819	4.5381	9	2021	9	244	0	2
other_agaricoid	Lactarius turpis	61.06634	24.10986	344045.649	6773620.111	10	8.6324	10.046	11.0358	4.2806	14.9759	1.4835	1.3124	2.0953	7	2021	9	261	0	2
boletus_edulis	Boletus edulis	62.04087	24.11153	348948.343	6882097.251	20	11.8013	13.0171	14.5685	6.8451	19.4801	5.2326	5.5475	4.1184	12	2021	8	240	1	2
boletus_edulis	Boletus edulis	61.0692	24.11168	344157.871	6773934.122	10	14.7809	16.8144	15.2984	8.1242	23.448	2.7139	1.9769	4.2039	6	2020	7	210	1	2
boletus_edulis	Boletus edulis	61.06781	24.11366	344257.828	6773774.687	27	15.5247	17.3149	18.6394	6.3526	23.1668	2.5665	2.8167	1.4828	8	2021	8	220	1	2
other_agaricoid	Chondrostereum purpureum	61.45029	24.12188	346577.928	6816330.252	100	0.9742	-1.3974	-3.0282	-0.7895	2.9561	1.3801	0.8355	0.52	8	2025	3	61	0	2
boletus_edulis	Boletus edulis	61.45862	24.13234	347176.061	6817232.948	100	17.8076	17.5783	17.0464	9.7257	30.3101	0.0859	1.6599	2.3996	7	2023	8	225	1	2
boletus_edulis	Boletus edulis	61.009253	24.133501	345042.383	6767209.584	100	15.1392	15.1183	16.2206	10.292	20.7423	4.2614	7.0493	3.589	11	2023	9	247	1	2
boletus_edulis	Boletus edulis	62.51766	24.13741	352650.605	6935116.657	10	15.2899	15.1419	15.9172	9.3622	23.9238	2.8347	2.0633	1.7671	10	2021	8	228	1	2
boletus_edulis	Boletus edulis	60.93521	24.13922	344991.286	6758954.292	88	14.6851	13.0692	13.6713	8.6601	22.1968	0.4715	1.8446	1.9733	7	2025	9	248	1	2
boletus_edulis	Boletus edulis	60.93317	24.14428	345255.437	6758715.259	43	12.5878	11.9348	14.2485	5.4079	18.9234	2.9961	1.9283	2.1532	8	2025	8	243	1	2
boletus_edulis	Boletus edulis	65.829586	24.154412	370022.821	7303860.926	1000	16.3321	16.3898	15.8485	5.584	25.5393	2.5984	1.405	1.7199	5	2022	8	238	1	2
other_agaricoid	Protostropharia semiglobata	65.829095	24.15479	370037.598	7303805.461	1	10.5854	9.6358	10.8782	6.8261	14.9514	4.2047	2.1511	1.6632	9	2022	9	262	0	2
boletus_edulis	Boletus edulis	63.25136	24.15718	357278.247	7016758.216	10	6.6316	9.0003	12.0182	-1.5889	15.6383	1.5931	2.9186	1.7924	9	2025	9	271	1	2
boletus_edulis	Boletus edulis	61.75989	24.15902	350061.378	6850707.948	100	11.9286	12.45	15.72	5.0	18.0	7.0337	6.0715	3.8179	13	2014	8	242	1	2
boletus_edulis	Boletus edulis	60.53388	24.15951	344156.658	6714234.967	39	12.5303	13.2481	14.6824	8.0424	19.7048	6.2091	6.129	4.9354	11	2021	8	241	1	2
other_agaricoid	Russula medullata	61.408536	24.160642	348440.811	6811591.71	100	16.1584	17.3643	16.1839	9.4787	23.0526	0.0981	0.2733	1.4975	3	2015	8	230	0	2
other_agaricoid	Phlegmacium triumphans	60.757074	24.164887	345523.874	6739065.47	1000	15.319	15.2684	15.8133	6.0666	21.9419	0.255	2.5152	3.5529	6	2023	9	255	0	2
boletus_edulis	Boletus edulis	60.53246	24.16747	344586.39	6714058.081	59	12.5303	13.2481	14.6824	8.0424	19.7048	6.2091	6.129	4.9354	11	2021	8	241	1	2
other_agaricoid	Gymnopilus penetrans	61.82961	24.169149	350933.931	6858446.027	10	9.8714	11.9857	15.5267	5.0	17.8	1.7238	1.6851	3.2663	7	2010	8	242	0	2
boletus_edulis	Boletus edulis	67.61983	24.17239	379890.157	7503220.974	100	11.797	10.2057	11.0851	-1.8514	19.8947	0.7133	0.9488	1.3838	8	2025	9	248	1	2
boletus_edulis	Boletus edulis	66.791917	24.173803	375753.27	7411001.008	1000	15.6674	15.3673	15.3361	4.9001	25.3554	0.5029	0.3062	2.6181	2	2020	8	223	1	2
other_agaricoid	Inocybe curvipes	61.070508	24.180878	347896.168	6773916.903	1	15.1949	14.7536	16.522	9.4983	23.0198	3.6816	3.0952	2.4997	12	2016	8	234	0	2
boletus_edulis	Boletus edulis	60.53291	24.18096	345328.39	6714076.375	19	13.5091	14.0939	14.394	2.7783	21.1938	1.8948	1.3684	3.8414	6	2023	9	265	1	2
other_agaricoid	Amanita muscaria	60.53283	24.18258	345416.855	6714063.662	10	13.5091	14.0939	14.394	2.7783	21.1938	1.8948	1.3684	3.8414	6	2023	9	265	0	2
other_agaricoid	Russula claroflava	62.53916	24.18554	355231.307	6937401.377	10	17.9147	17.473	17.1354	14.2015	23.4647	2.7227	2.6579	2.6273	9	2024	7	202	0	2
boletus_edulis	Boletus edulis	60.782474	24.196042	347341.538	6741819.849	100	13.4	10.7071	12.2667	6.2	21.8	2.9626	4.1358	2.5042	9	2009	6	167	1	2
other_agaricoid	Armillaria borealis	60.14151	24.2026	344665.475	6670460.639	10	13.9512	12.4641	14.5108	5.306	19.9019	2.3633	1.8662	2.3987	6	2025	9	245	0	2
other_agaricoid	Lycoperdon excipuliforme	60.53019	24.20392	346574.739	6713719.852	400	14.5183	14.4092	14.8057	4.4224	21.8958	0.8544	0.4272	3.8629	3	2023	9	259	0	2
other_agaricoid	Pholiota squarrosa	61.302165	24.204697	350283.965	6799649.053	10	15.2429	15.4429	15.1433	10.3	22.7	2.1694	1.3607	2.1546	9	2009	9	252	0	2
other_agaricoid	Bovista plumbea	60.16487	24.20872	345115.124	6673046.312	10	17.4492	17.0747	17.7932	9.8549	25.7746	1.4089	1.19	1.5389	5	2023	7	201	0	2
boletus_edulis	Boletus edulis	60.93639	24.21327	349007.512	6758912.734	10	18.1373	17.0959	16.781	10.516	30.4487	3.5213	4.0319	2.2153	10	2023	8	219	1	2
boletus_edulis	Boletus edulis	60.06594	24.21569	345037.417	6662018.73	74	17.4895	16.7562	16.7339	13.4028	22.8471	4.3893	2.7006	2.0746	8	2023	8	217	1	2
other_agaricoid	Lactarius mammosus	60.88292	24.22101	349174.245	6752942.967	100	16.7419	16.4046	16.4925	9.5513	24.5532	1.7229	2.1283	1.1816	8	2024	9	256	0	2
boletus_edulis	Boletus edulis	60.31051	24.22761	346844.345	6689212.699	10	12.2201	14.4092	15.5947	6.5174	20.5463	0.0381	3.5302	2.8179	7	2024	9	265	1	2
boletus_edulis	Boletus edulis	60.31042	24.2278	346854.415	6689202.24	10	12.2201	14.4092	15.5947	6.5174	20.5463	0.0381	3.5302	2.8179	7	2024	9	265	1	2
boletus_edulis	Boletus edulis	60.31038	24.22792	346860.855	6689197.509	10	12.2201	14.4092	15.5947	6.5174	20.5463	0.0381	3.5302	2.8179	7	2024	9	265	1	2
boletus_edulis	Boletus edulis	60.31047	24.22796	346863.485	6689207.433	10	12.2201	14.4092	15.5947	6.5174	20.5463	0.0381	3.5302	2.8179	7	2024	9	265	1	2
boletus_edulis	Boletus edulis	60.6399	24.23319	348694.269	6725863.807	10	12.2765	13.227	14.7991	7.832	19.0608	5.894	6.497	5.1519	12	2021	8	240	1	2
boletus_edulis	Boletus edulis	60.05973	24.23931	346322.607	6661272.386	74	17.8163	18.2624	18.7887	11.1762	24.6751	1.2143	2.7369	1.9864	6	2024	8	230	1	2
other_agaricoid	Panellus mitis	61.861128	24.239675	354795.21	6861795.028	1	7.6203	6.9405	7.7931	-1.6475	12.6123	3.3408	2.1306	1.7245	7	2022	10	282	0	2
other_agaricoid	Lentinellus castoreus	60.204572	24.241462	347115.965	6677389.008	1	12.4143	11.7929	13.6533	6.0	18.6	0.5597	0.9307	2.3542	10	2009	9	267	0	2
boletus_edulis	Boletus edulis	60.5396	24.25786	349577.011	6714642.702	10	13.4341	13.7532	16.8971	6.7029	22.3824	4.5266	5.4095	4.2201	11	2020	7	197	1	2
other_agaricoid	Cortinarius obtusus	60.173152	24.260791	348041.622	6673847.138	100	6.7429	7.5857	9.96	0.1	13.5	0.0	0.0	2.5004	0	2010	10	280	0	2
other_agaricoid	Tapinella atrotomentosa	62.01153	24.26095	356620.774	6878491.755	100	14.9195	16.0808	16.5053	6.4391	19.7411	3.4036	5.5319	4.4489	8	2026	7	209	0	2
other_agaricoid	Cortinarius traganus	61.62714	24.28288	355978.075	6835649.854	100	12.0638	10.6131	11.9071	5.6935	18.4851	3.0074	1.9831	3.632	9	2021	9	256	0	2
other_agaricoid	Ampulloclitocybe clavipes	60.059154	24.283054	348754.114	6661107.369	1000	12.986	13.604	15.3132	8.567	18.3104	10.0354	6.9948	4.851	11	2020	9	256	0	2
other_agaricoid	Mycena galericulata	61.62544	24.28614	356142.908	6835453.391	198	12.0638	10.6131	11.9071	5.6935	18.4851	3.0074	1.9831	3.632	9	2021	9	256	0	2
boletus_edulis	Boletus edulis	60.06488	24.28711	349005.987	6661735.433	10	17.9414	17.8937	18.7521	11.4267	24.9022	2.4836	3.3079	2.2992	9	2024	8	227	1	2
boletus_edulis	Boletus edulis	61.83086	24.28742	357164.984	6858319.503	10	15.2947	15.0742	15.9392	9.6842	23.7942	4.7081	3.6906	3.2905	9	2021	8	228	1	2
boletus_edulis	Boletus edulis	60.05798	24.29085	349182.578	6660958.882	100	16.8754	17.2156	17.5659	11.206	24.7712	1.1905	1.823	1.6296	4	2024	9	250	1	2
boletus_edulis	Boletus edulis	60.08054	24.2953	349533.02	6663459.813	10	17.133	17.2159	17.4046	10.895	25.2848	1.1812	1.9183	1.6778	4	2024	9	251	1	2
other_agaricoid	Amanita rubescens	60.744556	24.298949	352768.221	6737363.976	1000	14.446	12.9195	14.0143	6.3617	21.6049	0.7249	1.5472	1.91	6	2023	9	270	0	2
other_agaricoid	Lactarius pyrogalus	61.170191	24.311485	355396.441	6784717.187	1	18.0213	16.8077	15.4019	13.099	23.2007	0.9419	0.8394	1.7346	6	2025	9	255	0	2
boletus_edulis	Boletus edulis	60.4369	24.31486	352236.033	6703081.865	1000	14.0764	13.9835	14.4994	3.2168	21.3896	2.6279	1.9335	4.3657	7	2023	9	267	1	2
other_agaricoid	Lactarius fennoscandicus	66.800218	24.315589	382023.156	7411650.089	100	10.8143	12.65	16.27	1.1	17.1	5.9211	4.9541	4.669	9	2014	8	234	0	2
other_agaricoid	Russula foetens	60.34174	24.31802	351978.475	6692482.341	106	15.5287	16.0815	16.7534	11.0627	21.051	12.0826	6.9364	4.6801	12	2023	8	241	0	2
other_agaricoid	Amanita muscaria	61.99483	24.32176	359725.847	6876499.566	100	14.6646	16.2716	16.5849	5.2337	20.0053	3.1292	5.259	4.3404	7	2026	7	208	0	2
boletus_edulis	Boletus edulis	61.99539	24.32424	359858.258	6876556.552	100	18.0211	16.4851	16.5083	6.9111	26.6776	1.164	3.9513	2.4234	10	2026	7	195	1	2
boletus_edulis	Boletus edulis	61.99632	24.32527	359916.453	6876657.868	100	14.8465	15.0785	18.3567	7.507	24.918	2.5487	1.5884	1.644	5	2025	8	231	1	2
other_agaricoid	Hygrocybe chlorophana	61.176543	24.328072	356317.147	6785387.735	1000	17.8295	16.5897	15.1376	12.6687	23.3486	0.8842	0.8399	1.7139	5	2025	9	255	0	2
boletus_edulis	Boletus edulis	60.13413	24.3407	352297.977	6669322.363	10	16.4365	16.7586	16.9709	10.4288	26.072	1.5074	2.133	1.7735	4	2024	9	250	1	2
other_agaricoid	Mycena rosella	61.500796	24.342949	358586.789	6821452.749	1000	4.2112	4.2081	4.8672	-1.7849	11.7082	4.6328	3.2005	2.1875	10	2019	10	294	0	2
boletus_edulis	Boletus edulis	61.713261	24.353747	360122.986	6845082.986	1	9.8888	9.6191	10.5583	2.2623	18.1112	0.3192	1.1561	2.5827	9	2017	9	269	1	2
boletus_edulis	Boletus edulis	61.692985	24.354955	360094.991	6842823.046	1	9.8914	9.5986	10.5383	2.5679	18.0256	0.3031	1.1644	2.5686	9	2017	9	269	1	2
other_agaricoid	Gymnopilus picreus	60.363271	24.357126	354232.14	6694791.841	1	13.6085	14.8676	15.1073	7.7326	20.9914	4.539	2.2729	2.2531	6	2018	9	258	0	2
other_agaricoid	Xeromphalina campanella	60.85199	24.36491	356842.816	6749177.346	10	17.26	15.9484	14.1319	10.5917	24.2912	1.0775	0.8397	1.7798	6	2025	9	255	0	2
boletus_edulis	Boletus edulis	60.15303	24.36648	353813.253	6671368.765	10	13.2189	15.1537	16.0244	7.2146	20.6207	2.0265	3.4211	2.7865	5	2024	9	264	1	2
other_agaricoid	Amanita fulva	60.744575	24.366488	356448.421	6737216.515	1000	5.3032	6.0203	10.488	-1.3379	13.3074	1.149	1.8441	2.6707	8	2019	9	270	0	2
boletus_edulis	Boletus edulis	60.140585	24.367302	353803.622	6669981.681	1	12.339	14.2848	14.7147	5.5053	17.289	6.2304	3.2277	3.1035	7	2018	9	260	1	2
boletus_edulis	Boletus edulis	60.86718	24.3702	357197.937	6750856.768	11	16.9223	15.9367	14.0062	10.7634	24.2798	1.8073	1.0241	1.9871	6	2025	9	256	1	2
boletus_edulis	Boletus edulis	59.95392	24.37677	353504.398	6649183.08	155	7.1659	9.5104	10.6715	3.1105	11.6895	0.1401	1.6822	0.9178	9	2025	10	291	1	2
other_agaricoid	Cortinarius bolaris	60.141943	24.381079	354574.4	6670102.425	1000	13.04	15.4041	16.2866	6.1279	20.3097	2.9345	3.76	2.0789	7	2020	8	243	0	2
boletus_edulis	Boletus edulis	60.06692	24.38533	354479.76	6661742.176	100	16.6357	17.1753	17.1257	10.1782	22.9633	6.5568	3.2784	2.6099	4	2024	9	259	1	2
boletus_edulis	Boletus edulis	60.78928	24.38562	357689.214	6742151.394	24	14.8135	16.5499	15.1159	7.8034	23.7164	3.5397	2.4752	4.8139	9	2020	7	211	1	2
other_agaricoid	Hygrophoropsis rufa	60.530853	24.387402	356641.885	6713379.781	1	14.6642	14.7016	15.4004	4.8221	21.7706	0.0	2.3776	3.8114	4	2023	9	254	0	2
other_agaricoid	Radulomyces confluens	59.932211	24.391116	354209.982	6646734.993	1	10.2539	10.4447	11.5283	4.7124	13.4099	0.0	3.2836	3.0795	5	2024	10	295	0	2
other_agaricoid	Laccaria bicolor	59.96653	24.39292	354461.318	6650551.047	100	10.1205	11.9075	12.5586	3.8866	14.1786	2.0915	1.8072	0.911	10	2020	10	289	0	2
boletus_edulis	Boletus edulis	60.672015	24.396221	357748.209	6729074.509	1000	15.4635	16.5868	16.7416	10.0634	21.0389	3.486	2.0001	2.6153	9	2023	8	238	1	2
other_agaricoid	Phlegmacium triumphans	60.672015	24.396221	357748.209	6729074.509	1000	15.4635	16.5868	16.7416	10.0634	21.0389	3.486	2.0001	2.6153	9	2023	8	238	0	2
other_agaricoid	Lactarius flexuosus	60.529896	24.39733	357182.243	6713251.658	1	15.0798	16.2377	15.0328	8.9528	23.5932	4.1626	2.198	3.8248	7	2020	7	212	0	2
boletus_edulis	Boletus edulis	60.30521	24.39797	356228.878	6688239.141	10	14.1317	14.9292	15.7522	5.399	20.6538	2.7156	8.3949	5.0454	9	2023	9	250	1	2
other_agaricoid	Kuehneromyces mutabilis	60.1743	24.39823	355668.407	6673666.519	100	16.6712	16.2058	17.5082	11.9111	24.7688	4.6446	4.1233	2.9358	9	2021	8	227	0	2
boletus_edulis	Boletus edulis	60.536992	24.398655	357286.171	6714038.691	1000	16.3943	16.1765	17.9688	6.5997	22.6944	2.6224	2.8495	1.8624	8	2021	8	223	1	2
other_agaricoid	Lactarius scrobiculatus	60.536992	24.398655	357286.171	6714038.691	1000	16.3943	16.1765	17.9688	6.5997	22.6944	2.6224	2.8495	1.8624	8	2021	8	223	0	2
other_agaricoid	Russula versicolor	60.168109	24.400202	355750.619	6672973.072	1000	16.5964	16.968	17.39	11.4098	24.9784	4.1743	2.6253	2.6805	7	2024	9	245	0	2
boletus_edulis	Boletus edulis	60.83403	24.4172	359603.805	6747064.983	100	14.8012	16.5718	15.512	7.9001	23.745	2.91	1.7596	4.5523	7	2020	7	209	1	2
other_agaricoid	Russula aurea	60.991464	24.418448	360362.161	6764588.411	100	14.43	14.7814	16.1325	6.7616	22.655	0.324	1.053	1.3348	7	2018	9	246	0	2
boletus_edulis	Boletus edulis	60.02359	24.41879	356152.961	6656845.834	274	17.5931	16.0564	17.3395	8.8283	24.6649	0.3533	2.5054	3.4166	7	2020	7	201	1	2
boletus_edulis	Boletus edulis	60.10201	24.41889	356499.531	6665574.709	23	13.4272	14.4473	15.1931	3.5674	19.8308	2.3771	1.1886	4.7389	4	2023	9	261	1	2
other_agaricoid	Cyathus striatus	60.677594	24.422202	359191.501	6729639.591	1	9.8608	13.595	16.7284	3.0558	17.6733	0.581	1.8315	1.2543	5	2022	9	247	0	2
boletus_edulis	Boletus edulis	60.678081	24.42233	359200.619	6729693.53	1	10.7506	11.1263	12.1105	4.1706	16.2917	0.1909	1.3208	2.1785	6	2020	9	266	1	2
boletus_edulis	Boletus edulis	60.677968	24.422468	359207.66	6729680.655	1	14.4581	13.4062	14.4059	7.2662	20.8784	0.5856	1.3928	3.1702	6	2023	9	269	1	2
boletus_edulis	Boletus edulis	60.02276	24.42286	356376.098	6656744.598	63	17.5587	16.0491	17.3122	9.056	24.4833	0.3216	2.4486	3.3508	7	2020	7	201	1	2
boletus_edulis	Boletus edulis	60.48404	24.42562	358534.303	6708085.963	10	8.2779	10.1093	13.1468	-0.7264	16.4067	4.9342	3.4228	3.8402	6	2024	10	276	1	2
other_agaricoid	Lactarius rufus	60.29227	24.43067	357978.9	6686727.861	10	6.9015	6.4903	8.9986	0.8764	13.6764	4.0431	2.2956	3.3511	10	2019	10	277	0	2
other_agaricoid	Echinoderma echinaceum	60.710747	24.43149	359843.038	6733310.349	1	16.8928	15.1349	14.1348	11.5995	23.9599	0.9086	1.4848	1.5351	5	2025	9	252	0	2
boletus_edulis	Boletus edulis	59.989571	24.436611	356998.94	6653020.472	1000	15.8267	15.6702	16.3498	9.4654	20.446	2.4013	1.8677	4.409	3	2023	9	258	1	2
boletus_edulis	Boletus edulis	59.993774	24.437295	357055.217	6653486.838	1000	15.3069	15.6633	16.1627	9.4654	18.7503	2.7678	1.3839	4.3432	3	2023	9	260	1	2
boletus_edulis	Boletus edulis	60.35991	24.43752	358650.187	6694242.573	56	13.3571	13.2214	14.7633	6.0	21.7	0.0	1.6345	4.8863	6	2014	9	249	1	2
boletus_edulis	Boletus edulis	60.25484	24.44362	358532.932	6682533.483	10	20.5324	19.6307	18.328	14.1286	27.6032	0.4609	1.3491	1.5946	9	2024	7	211	1	2
boletus_edulis	Boletus edulis	60.967466	24.446998	361801.74	6761856.283	100	16.0924	16.0538	19.27	6.2171	24.6679	3.0616	2.1114	1.2639	10	2018	8	236	1	2
other_agaricoid	Hygrocybe conica	60.13934	24.44741	358245.234	6669668.462	10	14.4861	14.8132	15.1218	3.1988	21.3139	1.8925	1.9478	4.7432	7	2023	9	265	0	2
other_agaricoid	Inocybe geophylla	61.024925	24.448004	362105.524	6768250.839	1000	6.0611	7.3132	6.8523	0.2673	10.6259	1.9317	1.1011	1.1374	7	2024	10	305	0	2
other_agaricoid	Armillaria mellea	61.0003	24.44935	362071.406	6765506.596	100	16.5038	14.8749	14.2109	8.9366	24.3588	0.0626	2.0642	2.026	4	2025	9	251	0	2
boletus_edulis	Boletus edulis	60.28713	24.44967	359006.646	6686114.926	10	11.3067	12.6549	15.307	5.1789	19.3916	0.9916	0.9678	1.6752	4	2025	8	240	1	2
boletus_edulis	Boletus edulis	60.2779	24.45051	359013.337	6685085.68	12	14.4146	15.2865	15.7234	6.9921	22.4265	4.9059	3.2244	3.086	9	2019	9	254	1	2
boletus_edulis	Boletus edulis	60.31322	24.45124	359205.709	6689015.824	10	16.4762	16.7971	17.1178	7.4729	24.6893	0.0	1.2073	1.2359	4	2026	8	221	1	2
boletus_edulis	Boletus edulis	60.27633	24.45188	359082.319	6684907.985	10	14.4146	15.2865	15.7234	6.9921	22.4265	4.9059	3.2244	3.086	9	2019	9	254	1	2
other_agaricoid	Amanita pantherina	60.993713	24.453005	362240.455	6764765.598	10	13.9672	14.9196	15.0355	6.3015	21.4817	0.9066	1.2415	2.2501	7	2016	9	246	0	2
boletus_edulis	Boletus edulis	60.33095	24.46221	359887.494	6690966.107	10	15.3257	15.7675	15.9612	9.2539	21.7522	4.3227	3.0011	2.147	10	2019	8	237	1	2
boletus_edulis	Boletus edulis	60.33108	24.46225	359890.259	6690980.493	12	18.6302	16.3009	16.9974	11.1023	26.2684	0.4221	2.6703	4.2721	7	2020	7	204	1	2
boletus_edulis	Boletus edulis	60.33046	24.46246	359899.192	6690911.03	10	20.5273	18.279	16.196	12.0263	28.2623	0.0892	0.617	1.8263	5	2019	7	207	1	2
boletus_edulis	Boletus edulis	60.36752	24.46288	360081.235	6695035.578	10	12.9891	12.4373	14.5171	5.6314	19.1199	2.012	1.5674	1.7323	5	2025	8	243	1	2
other_agaricoid	Mycena cinerella	60.316391	24.464675	359961.194	6689340.197	1	4.5219	5.5528	6.4225	-0.9498	9.0576	1.1787	1.8304	1.8805	11	2022	11	309	0	2
other_agaricoid	Paralepista flaccida	60.11966	24.46522	359149.867	6667439.69	10	7.0249	7.9459	9.4416	-1.7499	14.9103	0.7649	4.3317	3.9034	7	2024	10	291	0	2
boletus_edulis	Boletus edulis	60.27078	24.46674	359880.106	6684258.519	10	17.5698	16.7884	16.8281	9.2253	27.6101	0.8233	1.1293	1.4688	5	2020	8	225	1	2
boletus_edulis	Boletus edulis	60.0233	24.46962	358983.475	6656704.061	32	9.6156	11.0548	13.7758	6.1851	14.9826	0.0	0.3002	2.2967	2	2025	10	275	1	2
other_agaricoid	Hypholoma capnoides	60.524614	24.469699	361129.415	6712508.745	1000	5.5313	6.2	10.6409	-0.9766	12.9217	0.8904	1.693	2.6752	7	2019	9	270	0	2
boletus_edulis	Boletus edulis	60.524894	24.470431	361170.774	6712538.37	1000	14.6435	16.595	15.1329	8.9237	23.5702	1.524	0.8298	4.3767	5	2020	7	210	1	2
boletus_edulis	Boletus edulis	60.525878	24.47157	361237.476	6712645.507	1000	16.7139	15.9303	17.7786	9.2532	22.6743	2.8743	2.9293	1.875	8	2021	8	224	1	2
other_agaricoid	Clitocybula platyphylla	60.525357	24.473615	361347.442	6712583.197	1	15.7322	16.5779	16.5264	8.8699	22.7734	0.1226	0.1395	1.7947	3	2023	7	204	0	2
other_agaricoid	Hygrophoropsis aurantiaca	60.01389	24.475	359243.192	6655645.136	100	9.3248	11.2139	13.4391	4.1098	14.2409	0.4004	3.5609	3.1553	9	2024	10	281	0	2
boletus_edulis	Boletus edulis	60.525122	24.476847	361523.757	6712550.23	1000	14.0101	15.4691	16.3849	9.1748	19.8816	7.7852	6.3141	4.4169	12	2021	8	233	1	2
other_agaricoid	Lentinellus micheneri	60.525122	24.476847	361523.757	6712550.23	1000	14.0101	15.4691	16.3849	9.1748	19.8816	7.7852	6.3141	4.4169	12	2021	8	233	0	2
other_agaricoid	Tricholoma stiparophyllum	60.148305	24.482236	360216.676	6670592.172	1000	6.6323	7.1528	11.2212	-1.2625	13.8546	0.7583	1.0628	2.883	8	2019	9	271	0	2
boletus_edulis	Boletus edulis	60.544134	24.482722	361927.093	6714654.319	1000	10.0848	11.6862	13.7398	1.0667	20.7647	3.6959	5.7279	3.8583	10	2025	9	269	1	2
other_agaricoid	Amanita battarrae	60.36291	24.483474	361196.987	6694478.847	1000	16.529	16.2864	15.6691	10.1647	23.3023	3.0497	2.3357	3.5455	8	2020	8	214	0	2
other_agaricoid	Pluteus umbrosus	60.542397	24.483546	361964.875	6714459.225	1000	18.8018	17.9829	17.3997	9.0689	27.7789	0.0	0.5281	0.5035	4	2022	8	227	0	2
boletus_edulis	Boletus edulis	60.542275	24.483829	361979.874	6714445.05	1000	14.8172	14.8463	15.5534	4.8161	21.8863	0.0	2.3605	3.761	4	2023	9	254	1	2
boletus_edulis	Boletus edulis	60.542288	24.486213	362110.656	6714441.497	1000	14.6378	15.7895	16.63	10.2031	20.0159	10.5034	6.9843	4.3986	12	2021	8	232	1	2
other_agaricoid	Hypholoma capnoides	60.529355	24.486225	362056.282	6713001.752	1000	8.4217	7.9015	8.5877	0.9034	14.2341	1.3373	1.1542	1.3869	7	2022	10	282	0	2
boletus_edulis	Boletus edulis	60.10733	24.487	360307.496	6666020.928	10	9.7788	8.2733	8.715	5.9539	13.2358	0.227	0.2427	3.5691	5	2024	10	299	1	2
boletus_edulis	Boletus edulis	60.42799	24.48818	361732.789	6701713.625	646	5.4486	6.74	11.2975	-0.9024	11.5274	1.1255	2.1445	2.7474	9	2019	9	269	1	2
other_agaricoid	Russula aeruginea	61.18306	24.48895	364993.174	6785770.344	10	16.5252	17.0551	17.0063	10.5362	22.9277	2.0889	1.5175	2.7795	5	2023	7	209	0	2
boletus_edulis	Boletus edulis	61.49839	24.49092	366448.942	6820872.758	100	9.1905	7.8903	10.4368	2.269	13.3031	2.8893	1.4447	2.5499	4	2025	10	282	1	2
other_agaricoid	Mycena pura	60.323001	24.494065	361611.999	6690013.949	1	9.0144	9.7301	10.4695	3.0572	14.416	1.9405	1.137	2.3714	6	2017	10	275	0	2
boletus_edulis	Boletus edulis	60.30152	24.49415	361525.78	6687622.533	69	12.2215	14.4372	15.5795	7.007	20.0	0.0054	3.5342	2.9024	6	2024	9	265	1	2
other_agaricoid	Pseudosperma rimosum	60.326668	24.494385	361645.185	6690421.484	100	11.6326	12.1546	14.8909	5.4197	19.1465	2.5271	1.5252	2.013	4	2025	8	241	0	2
other_agaricoid	Phlegmacium claricolor	60.332147	24.495067	361706.015	6691029.97	1	13.4273	14.4267	14.7206	6.2037	20.9868	6.6434	4.1391	3.6862	6	2016	9	248	0	2
other_agaricoid	Panaeolus alcis	60.283825	24.495486	361524.75	6685649.946	1000	12.0906	11.7884	12.8306	0.8798	21.9023	1.0896	0.614	5.101	5	2021	9	254	0	2
other_agaricoid	Hygrophorus erubescens	60.331194	24.495518	361726.875	6690922.937	1000	8.1523	6.8298	9.6504	1.9095	13.4478	3.2568	2.1341	3.2092	10	2019	10	275	0	2
other_agaricoid	Tricholoma pessundatum	60.238354	24.495739	361346.512	6680587.669	1000	12.2441	13.0451	12.192	8.8835	16.7549	0.6448	0.3307	2.7523	4	2020	10	278	0	2
other_agaricoid	Mycena aurantiomarginata	60.3338	24.495991	361764.004	6691212.042	1	7.8116	8.9053	10.1082	4.5595	11.9539	11.3963	5.7303	4.5361	8	2017	10	280	0	2
other_agaricoid	Hygrocybe chlorophana	60.156161	24.49818	361134.724	6671433.035	100	6.5333	7.0453	11.1254	-1.2594	13.8081	0.7636	1.0768	2.8638	8	2019	9	271	0	2
boletus_edulis	Boletus edulis	60.28681	24.49826	361690.684	6685976.411	29	8.6707	11.3597	13.8465	2.075	17.5702	0.1364	2.918	2.5885	7	2025	9	271	1	2
other_agaricoid	Tricholoma equestre	64.0655	24.49836	377949.818	7106709.71	12	12.7967	13.3961	14.1339	2.6367	21.0618	2.9359	3.5388	4.1325	9	2026	8	237	0	2
boletus_edulis	Boletus edulis	60.523964	24.500795	362832.746	6712371.155	1000	14.5702	15.7277	16.5836	10.0565	19.9847	10.7113	6.9955	4.379	12	2021	8	232	1	2
other_agaricoid	Lactarius camphoratus	60.522631	24.50253	362922.305	6712219.147	1	16.7847	16.7367	17.2987	10.3544	24.7763	0.4963	0.8279	2.2316	8	2022	7	210	0	2
boletus_edulis	Boletus edulis	60.521485	24.50256	362919.107	6712091.509	1000	14.5702	15.7277	16.5836	10.0565	19.9847	10.7113	6.9955	4.379	12	2021	8	232	1	2
boletus_edulis	Boletus edulis	64.06579	24.50257	378156.402	7106733.947	83	12.7967	13.3961	14.1339	2.6367	21.0618	2.9359	3.5388	4.1325	9	2026	8	237	1	2
boletus_edulis	Boletus edulis	60.25691	24.50414	361889.67	6682635.667	10	13.6429	13.9425	15.3473	5.6455	22.4683	7.9079	4.7647	3.9036	11	2019	9	257	1	2
boletus_edulis	Boletus edulis	60.282897	24.50457	362022.934	6685527.604	1000	11.8663	14.9449	17.4274	2.8608	27.3742	0.2752	0.7136	0.5453	3	2022	9	246	1	2
other_agaricoid	Phlegmacium percome	60.293538	24.504677	362073.684	6686711.924	1	13.6468	15.3456	14.3442	8.9481	17.5555	6.6436	4.8483	3.0783	9	2025	9	263	0	2
boletus_edulis	Boletus edulis	60.329904	24.504769	362232.022	6690759.966	1	14.6464	15.6025	16.1449	8.6059	20.9232	1.5832	1.794	3.112	8	2017	8	236	1	2
other_agaricoid	Cortinarius caperatus	60.30448	24.50497	362135.976	6687929.364	10	6.9151	5.6824	6.6585	1.7374	10.7034	5.365	3.2679	2.336	10	2025	10	304	0	2
boletus_edulis	Boletus edulis	60.420305	24.505547	362656.06	6700821.789	100	14.1954	14.8336	16.4984	8.7983	20.9743	1.174	2.1601	1.9049	7	2018	9	244	1	2
other_agaricoid	Cortinarius bolaris	60.28313	24.50628	362118.434	6685549.965	100	15.6197	15.4374	18.6438	8.9189	24.2098	0.7324	1.7868	1.9188	8	2025	8	231	0	2
other_agaricoid	Tricholoma stans	60.315613	24.507236	362308.015	6689163.946	1	8.7286	8.1214	9.21	4.2	12.8	2.1811	1.2922	1.9855	7	2014	10	286	0	2
other_agaricoid	Entoloma nitidum	60.290857	24.509434	362325.262	6686403.538	1000	7.1771	10.371	13.2219	-0.4403	12.605	1.5886	4.6269	2.8715	13	2019	9	264	0	2
boletus_edulis	Boletus edulis	60.98576	24.51365	365485.84	6763754.157	10	14.6254	15.1948	15.8357	6.2	21.8703	2.7261	5.5669	3.7489	8	2023	9	251	1	2
boletus_edulis	Boletus edulis	60.29611	24.51437	362620.078	6686978.004	10	15.1023	15.4427	17.0096	5.1577	23.7727	2.4259	1.2513	0.874	5	2019	8	222	1	2
other_agaricoid	Russula atrorubens	60.289622	24.514494	362599.699	6686255.505	1	8.6707	11.3597	13.8465	2.075	17.5702	0.1364	2.918	2.5885	7	2025	9	271	0	2
other_agaricoid	Hygrocybe citrinovirens	60.314214	24.518537	362926.182	6688984.662	1	17.9248	17.017	16.9287	9.6058	27.7407	0.2119	1.607	1.5854	6	2020	8	224	0	2
other_agaricoid	Amanita battarrae	60.316299	24.5194	362982.573	6689214.97	1000	17.9248	17.017	16.9287	9.6058	27.7407	0.2119	1.607	1.5854	6	2020	8	224	0	2
other_agaricoid	Cortinarius mucosus	60.294388	24.519806	362913.216	6686774.999	1	8.7522	11.428	13.9093	2.2895	17.6386	0.1367	2.8652	2.5648	7	2025	9	271	0	2
boletus_edulis	Boletus edulis	60.296346	24.520487	362959.043	6686991.547	1000	17.8	17.1034	16.6593	11.1209	29.8418	2.3479	3.8792	2.7477	11	2023	8	223	1	2
other_agaricoid	Amanita battarrae	60.31869	24.520916	363076.295	6689477.986	1000	14.2238	14.0508	14.4	6.1159	18.755	2.7956	2.558	2.7637	7	2023	9	272	0	2
other_agaricoid	Amanita muscaria	63.94644	24.52176	378575.191	7093405.532	10	12.4615	13.3766	13.8103	1.2885	21.1171	0.1045	2.859	3.1675	8	2026	8	239	0	2
boletus_edulis	Boletus edulis	60.322313	24.522986	363205.747	6689877.002	100	16.7695	16.7283	16.6428	10.292	26.4646	1.6866	2.1173	2.1016	4	2024	9	251	1	2
other_agaricoid	Tricholoma columbetta	60.310837	24.523226	363170.989	6688598.995	100	11.4514	12.6745	13.8152	4.8663	19.1434	0.0	0.0	2.045	0	2016	9	262	0	2
boletus_edulis	Boletus edulis	60.317297	24.523639	363220.817	6689317.265	1000	17.6811	17.6168	16.9266	10.829	25.5061	1.8901	2.1338	2.6947	8	2023	8	231	1	2
boletus_edulis	Boletus edulis	60.317297	24.523639	363220.817	6689317.265	1000	15.6739	15.5292	16.7631	11.0953	20.8553	14.2974	7.8053	4.9753	12	2023	9	244	1	2
other_agaricoid	Mycena haematopus	60.31049	24.52369	363195.164	6688559.404	100	14.3322	15.3906	16.5698	9.8629	20.5219	8.3872	7.1818	5.2449	11	2021	8	234	0	2
other_agaricoid	Russula chloroides	60.318719	24.524362	363266.684	6689474.063	1	15.3736	15.2379	16.0487	8.1389	24.2386	2.2735	1.7746	1.6669	9	2026	8	233	0	2
other_agaricoid	Bovista aestivalis	65.819294	24.5246	386879.067	7301997.966	1	15.5028	15.2663	15.4219	9.0569	22.8717	2.2052	1.8941	1.5676	8	2023	7	211	0	2
boletus_edulis	Boletus edulis	60.15825	24.52522	362643.843	6671609.023	699	13.8503	15.6339	16.4321	7.5692	18.9444	4.8352	3.5169	2.8802	5	2024	9	263	1	2
boletus_edulis	Boletus edulis	60.318559	24.525797	363345.248	6689453.276	1000	17.994	17.3306	16.915	10.5056	30.0662	2.3776	3.9187	2.7164	11	2023	8	223	1	2
other_agaricoid	Cortinarius sanguineus	60.31976	24.53051	363610.483	6689577.212	10	14.5319	15.0631	16.0427	8.1389	21.473	5.2434	3.458	2.3141	11	2026	8	235	0	2
boletus_edulis	Boletus edulis	64.715615	24.534424	382520.069	7179047.095	1	16.7542	14.914	14.4319	9.898	24.6171	4.9525	2.5746	2.0392	7	2025	9	252	1	2
boletus_edulis	Boletus edulis	60.99216	24.53467	366649.499	6764423.682	10	15.6285	16.0013	19.2611	8.5712	25.1417	3.5594	2.0664	1.878	7	2025	8	230	1	2
boletus_edulis	Boletus edulis	60.115656	24.544207	363520.987	6666828.181	1	14.1221	14.9575	17.741	8.3403	19.9968	4.9359	7.8367	4.2718	12	2020	7	194	1	2
boletus_edulis	Boletus edulis	60.3114	24.54854	364571.351	6688609.404	196	16.6095	16.2508	17.4556	11.3436	25.1824	5.9875	4.4188	3.3487	10	2021	8	227	1	2
other_agaricoid	Panaeolina foenisecii	65.811502	24.549706	387992.012	7301084.998	10	10.5644	11.2848	13.0616	-0.0169	16.1284	2.9309	2.3775	1.9892	12	2017	9	244	0	2
boletus_edulis	Boletus edulis	60.528011	24.550848	365595.777	6712718.379	1000	17.3339	17.2715	18.417	10.6343	25.1513	3.3632	2.7651	2.2757	9	2024	8	224	1	2
other_agaricoid	Aureonarius limonius	60.302973	24.553246	364796.428	6687661.643	1	17.4739	17.2272	16.6514	9.5838	29.9081	2.3845	3.4477	2.7986	10	2023	8	224	0	2
other_agaricoid	Psathyrella candolleana	60.543006	24.554306	365847.562	6714380.629	100	14.782	15.3695	17.981	7.5135	22.4588	5.6371	5.0122	2.339	11	2022	7	199	0	2
boletus_edulis	Boletus edulis	60.542938	24.554379	365851.283	6714372.91	100	10.1498	11.7339	13.8082	1.9918	20.7472	3.8229	5.5495	3.6729	10	2025	9	269	1	2
other_agaricoid	Mycena galopus	60.30273	24.555056	364895.411	6687630.882	1	16.3431	17.6255	20.2947	9.0471	24.5106	1.0386	0.8449	0.9292	6	2018	8	231	0	2
other_agaricoid	Clitopilus hobsonii	60.161297	24.555293	364325.012	6671886.039	1	7.1857	6.75	8.5233	1.3	13.4	3.0193	3.5701	3.8876	11	2012	10	298	0	2
boletus_edulis	Boletus edulis	60.544104	24.555926	365940.938	6714499.561	1000	10.1498	11.7339	13.8082	1.9918	20.7472	3.8229	5.5495	3.6729	10	2025	9	269	1	2
other_agaricoid	Lactarius scrobiculatus	60.544104	24.555926	365940.938	6714499.561	1000	10.1498	11.7339	13.8082	1.9918	20.7472	3.8229	5.5495	3.6729	10	2025	9	269	0	2
boletus_edulis	Boletus edulis	60.1562	24.55727	364413.702	6671314.584	72	17.8039	16.8215	17.3864	11.5417	25.54	0.9724	1.2844	2.1322	8	2026	8	215	1	2
boletus_edulis	Boletus edulis	60.530381	24.557633	365977.804	6712968.376	1000	15.4198	16.5712	15.3893	9.1179	23.6136	4.7252	2.583	3.9864	8	2020	7	212	1	2
boletus_edulis	Boletus edulis	61.17588	24.55916	368736.926	6784828.005	100	17.4139	16.302	18.2097	10.3316	25.8363	0.571	4.2056	2.2866	7	2023	7	195	1	2
boletus_edulis	Boletus edulis	60.529166	24.560095	366107.843	6712828.104	1000	11.5007	12.0313	14.0979	4.7811	20.1581	0.4411	4.016	5.2251	5	2021	9	247	1	2
other_agaricoid	Galerina marginata	60.529166	24.560095	366107.843	6712828.104	1000	11.5007	12.0313	14.0979	4.7811	20.1581	0.4411	4.016	5.2251	5	2021	9	247	0	2
other_agaricoid	Clitocybe odora	60.529166	24.560095	366107.843	6712828.104	1000	11.5007	12.0313	14.0979	4.7811	20.1581	0.4411	4.016	5.2251	5	2021	9	247	0	2
other_agaricoid	Lycoperdon utriforme	65.03993	24.56115	385186.008	7215120.525	10	4.7832	6.4106	9.458	-0.5374	13.9796	5.181	2.6736	2.0767	6	2024	10	286	0	2
other_agaricoid	Tricholoma stans	60.539272	24.561205	366210.455	6713950.893	1	7.6416	10.5235	13.2832	1.9918	14.8859	0.3282	4.0892	3.3652	7	2025	9	272	0	2
boletus_edulis	Boletus edulis	60.29285	24.56193	365234.466	6686516.962	10	17.4912	17.3083	17.1904	13.0935	23.4637	2.0494	3.2012	1.8357	6	2024	9	256	1	2
other_agaricoid	Gomphidius glutinosus	60.29282	24.56219	365248.71	6686513.091	10	14.8028	15.2353	16.0458	8.1169	20.6327	4.7297	9.0889	5.3613	10	2023	9	249	0	2
other_agaricoid	Russula ochroleuca	60.29359	24.56237	365261.826	6686598.441	10	15.7565	16.3945	14.6059	11.6328	22.424	8.0466	4.3148	2.8022	7	2025	9	259	0	2
other_agaricoid	Entoloma vernum	60.529117	24.562576	366243.746	6712817.603	100	11.239	7.8524	6.2241	-2.2369	25.8263	1.5958	1.3193	1.0552	6	2021	5	133	0	2
boletus_edulis	Boletus edulis	60.296	24.56265	365287.217	6686866.153	10	15.07	15.3095	16.2555	9.3527	20.303	6.5011	9.0897	5.3295	11	2023	9	248	1	2
other_agaricoid	Cortinarius bolaris	60.29303	24.56329	365310.358	6686534.221	135	15.3119	15.5348	16.4761	9.1943	20.6327	6.5607	9.141	5.3613	11	2023	9	248	0	2
boletus_edulis	Boletus edulis	60.15571	24.56404	364787.35	6671246.156	192	16.366	17.1818	19.601	9.4521	24.2178	2.8479	3.2085	2.1152	9	2025	8	227	1	2
other_agaricoid	Russula cessans	64.692344	24.568172	384027.957	7176393.021	1	7.573	10.5549	13.0363	0.2898	14.4298	1.6821	1.5382	2.2851	8	2019	9	262	0	2
boletus_edulis	Boletus edulis	61.25583	24.57145	369728.512	6793704.583	21	15.8883	15.5114	16.9584	11.0624	20.951	9.2826	5.8671	3.4128	10	2023	9	244	1	2
other_agaricoid	Pholiota limonella	60.17904	24.571869	365317.317	6673827.248	1000	9.2241	8.6617	12.2121	2.2117	14.7594	1.9501	0.9751	2.8587	3	2025	10	280	0	2
boletus_edulis	Boletus edulis	60.29003	24.5719	365773.833	6686182.702	100	8.8486	11.5112	13.9885	2.5496	17.7292	0.1451	2.7722	2.5162	8	2025	9	271	1	2
boletus_edulis	Boletus edulis	65.04219	24.57191	385702.039	7215352.745	61	16.0918	17.599	16.8225	8.0916	19.1241	2.3441	1.413	4.4947	7	2023	8	230	1	2
other_agaricoid	Hygrocybe reidii	60.292403	24.572999	365844.292	6686444.632	1000	15.9743	16.4325	17.0202	10.2259	24.9353	2.3552	1.5027	2.3059	7	2026	7	210	0	2
boletus_edulis	Boletus edulis	60.22846	24.57646	365773.954	6679319.363	100	14.7136	16.3121	16.3987	6.9297	20.0036	5.8435	3.5107	2.9791	5	2024	9	261	1	2
other_agaricoid	Hygrocybe conica	65.016976	24.57703	385835.233	7212535.048	100	12.0547	12.2382	13.2653	8.5872	17.6661	0.9956	2.5818	1.4035	9	2018	9	267	0	2
boletus_edulis	Boletus edulis	63.50336	24.57874	379495.049	7043953.346	10	9.7841	12.0995	13.3497	-0.1379	19.0433	0.1607	1.4916	0.8723	7	2020	9	246	1	2
other_agaricoid	Armillaria lutea	60.198171	24.582185	365967.372	6675935.926	100	9.6713	10.1083	11.1158	2.4812	16.9651	0.0285	0.191	2.2729	5	2017	10	274	0	2
boletus_edulis	Boletus edulis	60.829008	24.582976	368591.569	6746162.451	1	13.3283	13.4528	15.0081	6.06	22.7911	4.0176	3.5324	2.89	13	2019	9	257	1	2
other_agaricoid	Hygrocybe cantharellus	60.827003	24.585645	368728.414	6745933.891	1	17.4968	16.2726	15.7201	10.7238	25.7976	0.5073	2.2174	2.151	5	2019	9	244	0	2
boletus_edulis	Boletus edulis	60.286175	24.587261	366607.033	6685722.388	1000	11.2832	11.5235	14.1544	0.2488	18.9702	9.4409	4.7204	4.2583	4	2024	9	274	1	2
boletus_edulis	Boletus edulis	60.33369	24.59162	367041.221	6691003.085	100	16.1787	15.9087	17.0651	10.155	24.9482	6.2381	4.7765	3.501	11	2021	8	228	1	2
boletus_edulis	Boletus edulis	61.25116	24.59173	370796.847	6793144.374	643	16.63	16.3029	15.6459	9.6118	23.2691	2.5172	2.6492	2.9841	8	2020	8	214	1	2
other_agaricoid	Entoloma cetratum	60.082348	24.59225	366054.991	6663022.055	1	10.6571	10.6143	12.49	1.1	16.7	2.0417	3.1736	1.8346	4	2014	10	274	0	2
boletus_edulis	Boletus edulis	60.19338	24.59235	366511.247	6675381.989	10	17.4164	17.4067	18.2245	7.9568	24.8179	0.2212	1.5914	1.8479	6	2024	8	234	1	2
other_agaricoid	Homophron spadiceum	60.083805	24.596334	366288.021	6663175.977	1	10.6571	10.6143	12.49	1.1	16.7	2.0417	3.1736	1.8346	4	2014	10	274	0	2
boletus_edulis	Boletus edulis	60.31248	24.59739	367273.593	6688630.294	100	16.2482	15.3884	15.9552	11.0847	24.0327	0.0	0.9833	1.627	3	2018	9	251	1	2
other_agaricoid	Panaeolus papilionaceus	60.083677	24.598026	366381.598	6663158.306	1000	13.9797	15.2396	16.0185	8.8855	19.7029	7.4571	4.0482	2.1516	10	2019	7	189	0	2
other_agaricoid	Russula consobrina	60.289647	24.598303	367231.408	6686086.618	1	15.4311	13.9442	14.1761	10.1994	22.2159	0.3627	1.6779	1.3597	6	2025	9	249	0	2
boletus_edulis	Boletus edulis	60.254647	24.60232	367311.733	6682182.241	1	16.6547	14.9237	14.6815	8.8856	28.0461	2.5056	2.9198	2.9573	9	2025	7	184	1	2
other_agaricoid	Mycena cinerella	60.258194	24.604019	367420.074	6682573.686	100	10.5451	7.779	8.8639	2.87	16.0097	0.1737	1.6102	1.5588	6	2018	10	288	0	2
boletus_edulis	Boletus edulis	60.251047	24.605245	367459.004	6681775.6	1000	14.8004	13.11	14.0998	9.4764	20.1952	2.4817	1.6659	1.738	6	2025	9	247	1	2
boletus_edulis	Boletus edulis	60.31989	24.6054	367745.924	6689439.104	100	6.3622	6.8035	10.8489	-0.5058	13.4075	0.9269	1.2836	2.6999	10	2019	9	271	1	2
boletus_edulis	Boletus edulis	60.24793	24.60632	367505.891	6681426.448	231	16.0632	16.8438	19.5565	9.1215	24.2652	1.9053	2.6474	2.0569	9	2025	8	227	1	2
boletus_edulis	Boletus edulis	60.254716	24.606991	367570.43	6682180.537	1000	9.5155	11.3802	12.8931	4.4043	15.9813	0.0	0.0002	2.147	1	2016	9	266	1	2
boletus_edulis	Boletus edulis	60.257131	24.610688	367784.702	6682441.966	1000	16.6083	16.7145	16.0484	9.2991	24.8605	4.4539	5.8759	3.5025	11	2017	8	224	1	2
other_agaricoid	Pholiota squarrosa	60.255031	24.61184	367839.965	6682205.879	1000	8.9445	10.6272	12.4456	3.8211	16.0138	0.0	0.0009	1.9508	1	2016	9	268	0	2
boletus_edulis	Boletus edulis	60.29059	24.61385	368094.41	6686160.399	10	16.1588	15.2984	15.8732	11.3747	24.0189	0.0	1.044	1.6357	4	2018	9	251	1	2
boletus_edulis	Boletus edulis	60.358225	24.614146	368383.336	6693689.205	1	18.0429	17.3429	17.2933	11.4	25.9	0.4176	1.741	2.1885	4	2009	8	222	1	2
boletus_edulis	Boletus edulis	60.339346	24.614322	368316.947	6691587.161	1	12.4686	13.3859	14.8968	8.2876	19.725	7.9645	8.5926	6.3888	11	2021	8	240	1	2
boletus_edulis	Boletus edulis	60.24427	24.61448	367942.691	6681002.647	23	12.388	13.2119	12.3641	9.1273	16.8817	0.5829	0.3118	2.5901	4	2020	10	278	1	2
boletus_edulis	Boletus edulis	60.29721	24.61706	368298.444	6686890.945	10	16.4065	16.6948	16.8639	10.3475	26.115	1.1155	0.7116	2.0264	4	2024	8	242	1	2
boletus_edulis	Boletus edulis	60.25919	24.61869	368235.648	6682655.17	10	17.0851	15.7716	14.464	11.9121	23.2419	0.2691	1.3588	1.0868	8	2025	9	253	1	2
boletus_edulis	Boletus edulis	60.32089	24.622433	368690.398	6689516.382	1000	17.167	16.4631	17.7551	11.0334	25.178	5.8449	3.8774	3.0803	10	2021	8	226	1	2
other_agaricoid	Infundibulicybe gibba	60.32089	24.622433	368690.398	6689516.382	1000	17.167	16.4631	17.7551	11.0334	25.178	5.8449	3.8774	3.0803	10	2021	8	226	0	2
boletus_edulis	Boletus edulis	60.79581	24.62786	370897.41	6742377.397	100	16.1969	16.2206	16.823	11.4388	24.0457	7.5523	5.0468	3.5001	10	2021	8	229	1	2
boletus_edulis	Boletus edulis	65.02287	24.62853	388285.538	7213099.517	715	14.775	15.3287	13.5287	8.4764	23.3845	3.4033	5.4463	2.8817	9	2025	9	259	1	2
other_agaricoid	Gomphidius glutinosus	61.99185	24.628664	375782.5	6875542.172	100	11.9995	12.2934	11.6841	5.8231	20.6573	0.0	0.0735	1.9427	2	2020	10	277	0	2
boletus_edulis	Boletus edulis	60.2579	24.62896	368798.587	6682491.094	15	16.3161	15.5536	16.2157	10.7318	24.2136	0.0	1.1335	1.6633	4	2018	9	251	1	2
other_agaricoid	Amanita rubescens	60.17932	24.631532	368626.836	6673738.202	1	17.0738	16.6993	16.8651	10.9767	25.8052	0.0	2.1104	1.5891	3	2024	9	252	0	2
boletus_edulis	Boletus edulis	60.47797	24.63327	369917.163	6706981.909	100	17.0917	16.5386	16.5997	8.8041	27.7166	1.1444	1.2608	2.1039	5	2020	8	226	1	2
boletus_edulis	Boletus edulis	64.9732	24.63525	388394.921	7207555.063	100	10.0889	10.8088	13.2091	5.2312	16.9714	2.5884	1.6113	1.1071	7	2024	9	274	1	2
boletus_edulis	Boletus edulis	60.26618	24.63578	369208.908	6683399.312	188	11.0714	11.3429	15.1333	6.3	18.3	0.6373	2.0935	1.9353	9	2010	9	250	1	2
other_agaricoid	Panellus mitis	60.235949	24.636714	369139.974	6680032.028	1	3.4413	4.6156	7.5789	-0.9235	8.7184	0.0246	0.037	0.4189	3	2016	10	290	0	2
other_agaricoid	Inocybe lacera	60.34985	24.63721	369621.866	6692711.017	100	16.7313	18.4223	18.4976	12.747	23.4656	4.1226	2.1445	2.0666	9	2024	8	219	0	2
other_agaricoid	Lactarius turpis	60.263475	24.637799	369309.782	6683094.179	100	15.2	17.55	20.51	9.9	23.2	10.9454	7.6708	3.742	12	2014	8	232	0	2
boletus_edulis	Boletus edulis	66.314461	24.638536	394162.916	7356959.185	1	6.6349	7.2335	8.9625	-4.2746	16.543	0.6965	0.5107	2.5203	7	2021	9	254	1	2
boletus_edulis	Boletus edulis	65.02015	24.63924	388778.555	7212777.652	24	14.7066	15.2808	13.4187	8.0903	23.3353	3.4302	5.4998	2.9054	8	2025	9	259	1	2
boletus_edulis	Boletus edulis	65.02034	24.6395	388791.591	7212798.358	10	14.7066	15.2808	13.4187	8.0903	23.3353	3.4302	5.4998	2.9054	8	2025	9	259	1	3
boletus_edulis	Boletus edulis	60.267551	24.640023	369449.029	6683543.533	1000	14.419	12.6362	12.738	7.9606	20.6771	0.2711	0.1714	2.7841	4	2020	9	273	1	3
other_agaricoid	Mycena pura	60.267551	24.640023	369449.029	6683543.533	1000	14.419	12.6362	12.738	7.9606	20.6771	0.2711	0.1714	2.7841	4	2020	9	273	0	3
other_agaricoid	Cortinarius trivialis	66.313762	24.64115	394277.089	7356876.894	1	6.6349	7.2335	8.9625	-4.2746	16.543	0.6965	0.5107	2.5203	7	2021	9	254	0	3
other_agaricoid	Lepiota magnispora	60.224794	24.644024	369500.279	6678775.735	1	15.9943	16.7553	17.0455	10.3682	21.2772	4.4945	3.3288	3.3536	12	2023	8	239	0	3
boletus_edulis	Boletus edulis	61.2564	24.64429	373636.858	6793624.977	10	17.3812	16.5313	16.8996	10.4232	25.9381	0.8206	1.5742	2.0311	10	2026	8	216	1	3
boletus_edulis	Boletus edulis	60.269847	24.64515	369741.695	6683788.998	1	11.6795	13.3025	15.3836	1.0855	20.8226	0.0159	2.9756	2.6334	5	2024	9	268	1	3
other_agaricoid	Hypholoma capnoides	60.3385	24.64526	370020.783	6691431.575	10	8.7889	9.6235	10.2423	3.0242	14.5853	0.0843	3.2906	1.6626	8	2022	9	268	0	3
other_agaricoid	Phaeocollybia lugubris	60.267124	24.646005	369778.154	6683484.173	100	15.8857	16.3357	16.4233	9.0	23.3	2.2528	2.9002	2.74	9	2012	7	204	0	3
other_agaricoid	Cortinarius sanguineus	60.545303	24.647091	370944.694	6714450.723	1000	11.1178	12.1614	12.9368	4.2214	18.1231	5.0829	3.5004	1.9225	8	2017	9	254	0	3
other_agaricoid	Amanita fulva	60.545303	24.647091	370944.694	6714450.723	1000	11.1178	12.1614	12.9368	4.2214	18.1231	5.0829	3.5004	1.9225	8	2017	9	254	0	3
boletus_edulis	Boletus edulis	60.16084	24.65433	369817.922	6671635.798	65	12.9857	13.7608	15.0428	8.1523	19.8794	7.2534	8.5327	5.9574	10	2021	8	241	1	3
other_agaricoid	Hygrophoropsis aurantiaca	60.1848	24.65635	370024.702	6674299.131	100	17.1336	16.8529	17.0357	10.3056	24.922	2.3369	1.7854	2.4662	9	2023	8	233	0	3
boletus_edulis	Boletus edulis	60.32823	24.657203	370639.192	6690264.768	1000	16.8387	16.9312	18.3267	10.3207	24.8739	4.9315	3.6785	2.4552	11	2024	8	225	1	3
boletus_edulis	Boletus edulis	60.31381	24.659	370681.37	6688655.926	13	14.4516	14.7753	15.0297	6.7169	19.8248	1.763	1.1805	2.1243	6	2026	9	248	1	3
boletus_edulis	Boletus edulis	60.182486	24.661817	370318.683	6674030.777	1000	7.457	7.2495	11.005	-1.2695	14.3895	1.3138	0.9465	2.8413	8	2019	9	272	1	3
other_agaricoid	Lycoperdon excipuliforme	60.17065	24.66184	370273.283	6672713.102	100	15.1311	14.8525	15.5808	5.0614	21.8087	2.3428	1.9603	4.673	3	2023	9	258	0	3
boletus_edulis	Boletus edulis	60.17983	24.66233	370336.655	6673734.093	100	11.4551	13.1945	15.0715	3.8117	19.8046	6.3975	4.4096	4.2669	12	2019	9	260	1	3
boletus_edulis	Boletus edulis	64.99217	24.66346	389803.952	7209618.594	10	9.7751	10.4511	12.8967	4.7233	16.7738	2.7428	1.6777	1.1802	7	2024	9	274	1	3
boletus_edulis	Boletus edulis	63.52748	24.66355	383812.667	7046482.698	10	14.4551	14.9311	14.8624	5.9342	23.3921	3.3749	2.3069	2.22	9	2019	9	248	1	3
other_agaricoid	Lactarius mammosus	60.33327	24.666972	371198.311	6690806.723	1	5.2486	7.8626	7.9514	-0.9619	9.9235	1.8325	2.599	2.102	10	2021	10	291	0	3
boletus_edulis	Boletus edulis	60.317366	24.667769	371179.647	6689034.634	1000	17.8307	16.6945	16.1877	11.3587	25.2011	0.4406	2.8378	2.5487	6	2019	9	244	1	3
boletus_edulis	Boletus edulis	60.32868	24.670195	371358.132	6690289.442	1000	10.83	11.9974	13.2013	0.9616	22.1091	0.0222	0.167	5.1442	5	2021	9	252	1	3
boletus_edulis	Boletus edulis	61.32245	24.67029	375293.518	6800928.957	100	12.8095	14.7217	16.3461	8.1265	17.8666	4.5033	4.6318	3.7849	12	2021	8	236	1	3
boletus_edulis	Boletus edulis	60.102784	24.670313	370476.702	6665141.395	1000	11.9238	13.9933	16.6093	7.4365	17.3249	1.1218	0.9041	2.2843	8	2025	8	238	1	3
other_agaricoid	Collybia cirrhata	65.01383	24.67071	390234.702	7212018.657	10	14.8007	15.3782	13.4714	7.6758	23.4123	3.3984	5.5322	2.9218	8	2025	9	259	0	3
boletus_edulis	Boletus edulis	60.20994	24.67154	370965.631	6677068.021	100	15.5354	15.8067	16.7837	8.1667	21.2761	5.4719	8.4182	4.8021	13	2023	9	247	1	3
other_agaricoid	Inocybe mixtilis	60.232619	24.673624	371170.11	6679588.688	1	16.6043	16.2157	14.4566	11.483	23.163	4.2811	2.3207	1.7851	8	2025	9	257	0	3
other_agaricoid	Lycoperdon echinatum	60.13306	24.67434	370819.213	6668503.939	10	15.8104	14.7615	14.7069	10.504	20.3667	0.3024	1.1696	1.3595	6	2025	9	250	0	3
boletus_edulis	Boletus edulis	60.291991	24.67468	371461.622	6686196.249	1	16.7249	16.5891	16.5185	8.6288	25.2907	2.2116	2.4446	3.1272	9	2017	8	230	1	3
boletus_edulis	Boletus edulis	60.329126	24.675022	371626.335	6690329.684	1000	15.2286	15.6357	17.2767	7.7	23.6	0.0571	2.3063	3.0519	6	2013	8	239	1	3
other_agaricoid	Russula emetica	60.13522	24.67779	371019.25	6668737.657	11	15.8104	14.7615	14.7069	10.504	20.3667	0.3024	1.1696	1.3595	6	2025	9	250	0	3
other_agaricoid	Cortinarius caperatus	60.51672	24.67835	372546.418	6711207.673	263	11.102	12.1873	13.9674	5.8216	16.1996	5.4457	5.0641	4.063	9	2020	9	257	0	3
other_agaricoid	Lactarius camphoratus	60.1824	24.678389	371237.214	6673988.766	100	16.1358	15.3442	15.7676	8.7342	21.9954	1.9629	3.2568	1.9646	7	2026	9	245	0	3
other_agaricoid	Amanita muscaria	60.214606	24.678421	371365.12	6677574.031	100	14.1227	13.6753	15.8594	6.0105	19.3254	4.4378	3.6614	3.1818	11	2020	9	251	0	3
other_agaricoid	Russula atrorubens	60.212015	24.679925	371438.289	6677282.658	1	14.648	15.2545	16.427	7.67	21.6716	4.8176	2.7681	2.0922	10	2026	8	236	0	3
other_agaricoid	Clitocybula platyphylla	60.27387	24.68	371684.636	6684168.552	10	17.0051	16.57	17.8371	11.1002	25.6934	4.9436	3.9596	3.0625	10	2021	8	227	0	3
boletus_edulis	Boletus edulis	60.210959	24.6801	371443.85	6677164.757	1	15.6471	17.2749	17.5449	8.754	21.2868	1.9676	1.3972	2.5663	7	2026	7	208	1	3
other_agaricoid	Amanita muscaria	60.32477	24.68016	371892.881	6689834.751	1000	16.543	16.9057	16.9156	9.35	27.8615	1.42	1.3134	1.7818	5	2020	8	228	0	3
other_agaricoid	Agaricus sylvicola	60.210761	24.68036	371457.479	6677142.209	1	17.3729	17.1615	17.4066	10.2097	26.6851	2.6692	1.9234	2.4808	5	2024	8	244	0	3
boletus_edulis	Boletus edulis	60.213593	24.682613	371593.367	6677453.096	1000	17.1163	16.9715	16.4044	9.7143	23.4157	2.805	2.2223	3.2927	8	2020	8	214	1	3
boletus_edulis	Boletus edulis	60.213593	24.682613	371593.367	6677453.096	1000	13.5973	15.1562	16.532	8.0172	19.3885	8.4657	7.3041	5.4218	11	2021	8	236	1	3
boletus_edulis	Boletus edulis	60.213593	24.682613	371593.367	6677453.096	1000	17.5333	16.8911	16.9066	12.4555	24.2474	5.2369	3.5506	2.3287	9	2023	8	217	1	3
boletus_edulis	Boletus edulis	60.213593	24.682613	371593.367	6677453.096	1000	17.7429	17.6507	17.3014	12.1573	25.3882	2.1231	1.756	2.512	7	2023	8	232	1	3
boletus_edulis	Boletus edulis	60.213593	24.682613	371593.367	6677453.096	1000	16.2391	16.991	17.2764	9.6105	21.4163	4.355	3.2391	3.3141	11	2023	8	239	1	3
other_agaricoid	Lactarius aurantiacus	60.213593	24.682613	371593.367	6677453.096	1000	11.1503	10.0498	9.7757	7.7954	14.1648	1.2674	0.6831	1.8618	7	2021	10	281	0	3
boletus_edulis	Boletus edulis	60.212966	24.682636	371592.189	6677383.25	1000	8.7815	7.3906	10.334	1.3019	14.7599	2.7513	1.8379	2.9411	10	2019	10	275	1	3
other_agaricoid	Russula cyanoxantha	60.212966	24.682636	371592.189	6677383.25	1000	12.5312	13.9883	14.7772	3.1386	20.635	1.6867	5.2434	3.0085	11	2025	9	267	0	3
boletus_edulis	Boletus edulis	60.60132	24.68296	373131.305	6720617.28	232	12.5474	13.529	15.0617	8.2289	19.9537	7.1974	7.4397	5.9488	12	2021	8	240	1	3
boletus_edulis	Boletus edulis	60.187636	24.683469	371539.346	6674561.766	1	15.4627	15.4658	16.5661	10.0802	20.9597	0.2452	2.1119	1.7911	5	2018	9	247	1	3
other_agaricoid	Hygrocybe miniata	60.19167	24.68588	371688.755	6675006.162	100	2.7223	4.7855	8.9211	-2.0209	9.8234	0.2099	3.8167	4.5929	9	2023	10	294	0	3
other_agaricoid	Russula foetens	60.212538	24.686845	371823.68	6677327.422	1	13.8823	15.2303	16.1241	6.8009	21.299	1.2805	1.7827	3.2772	9	2017	8	237	0	3
other_agaricoid	Amanita virosa	60.213157	24.686905	371829.42	6677396.215	1000	12.5924	14.7113	16.0955	6.9075	18.9694	2.7468	4.15	2.1601	10	2020	9	246	0	3
other_agaricoid	Lepiota setulosa	60.318892	24.686909	372242.509	6689167.276	1	9.7317	10.5001	13.5813	-0.8893	17.9478	9.0682	4.5412	3.7409	6	2024	10	275	0	3
boletus_edulis	Boletus edulis	60.13111	24.68833	371588.487	6668259.579	100	7.1695	10.0633	12.9764	1.9742	13.597	0.281	3.7299	3.3637	7	2024	10	279	1	3
other_agaricoid	Cortinarius caperatus	60.53902	24.68908	373222.53	6713669.595	10	9.76	11.4148	13.473	1.1045	20.1624	0.7565	4.3145	5.4492	7	2021	9	249	0	3
boletus_edulis	Boletus edulis	60.21232	24.69134	372071.839	6677294.432	17	12.48	12.5749	14.9268	5.4619	18.1165	2.6519	1.3259	2.5232	3	2025	8	242	1	3
other_agaricoid	Amanita rubescens	60.4079	24.69145	372840.461	6699067.54	22	15.9241	17.6769	16.896	7.8927	24.2847	0.7038	0.6824	2.4673	9	2022	8	215	0	3
boletus_edulis	Boletus edulis	60.2136	24.69164	372093.444	6677436.347	108	12.48	12.5749	14.9268	5.4619	18.1165	2.6519	1.3259	2.5232	3	2025	8	242	1	3
boletus_edulis	Boletus edulis	60.21224	24.69178	372095.902	6677284.673	71	12.48	12.5749	14.9268	5.4619	18.1165	2.6519	1.3259	2.5232	3	2025	8	242	1	3
other_agaricoid	Amanita muscaria	60.13417	24.69306	371863.064	6668591.046	100	12.7131	14.2235	15.8703	2.9358	20.6307	0.0	2.9545	2.4836	4	2024	9	268	0	3
boletus_edulis	Boletus edulis	60.32692	24.69322	372622.264	6690048.798	12	18.0871	16.5715	16.968	10.9068	26.6575	0.6529	2.6035	4.5985	8	2020	7	205	1	3
other_agaricoid	Armillaria borealis	60.319388	24.693384	372601.972	6689209.965	1	10.0668	11.0499	11.5192	4.1698	16.9059	0.4142	2.4922	2.2896	10	2017	9	267	0	3
other_agaricoid	Mycena stipata	60.505549	24.693867	373354.434	6709934.053	1000	7.3711	7.8042	8.7077	2.8315	13.5459	1.0034	0.5056	1.023	4	2022	10	276	0	3
other_agaricoid	Infundibulicybe catinus	60.330339	24.694273	372693.71	6690427.392	1	17.1215	16.5045	16.6117	12.1736	24.2469	5.445	3.9515	2.4549	10	2023	8	217	0	3
boletus_edulis	Boletus edulis	60.994869	24.694489	375302.223	6764410.446	1	16.3933	16.214	16.4224	9.5369	24.6464	3.7282	2.229	2.0045	9	2023	7	212	1	3
boletus_edulis	Boletus edulis	60.4991	24.694557	373367.158	6709214.759	1000	9.5487	11.4349	13.7565	1.5363	20.8882	3.4466	4.884	3.0992	9	2025	9	270	1	3
other_agaricoid	Hypholoma marginatum	60.339678	24.694991	372769.706	6691465.693	1000	9.8943	11.1324	11.7941	4.0897	14.5806	2.6665	2.0939	1.1123	11	2020	10	287	0	3
boletus_edulis	Boletus edulis	60.506187	24.695073	373423.133	6710002.761	1000	12.1579	12.4299	14.3293	6.6328	17.6019	7.2376	5.37	3.6992	9	2020	9	254	1	3
other_agaricoid	Cortinarius lepidopus	60.331903	24.697006	372850.65	6690596.234	1	16.813	16.8478	17.2431	7.7618	26.6118	1.3545	0.8243	2.1157	5	2024	8	238	0	3
other_agaricoid	Lactarius turpis	60.430616	24.697123	373241.299	6701585.545	1000	8.8	8.0643	9.17	4.6	12.9	2.0981	1.2865	1.7105	7	2014	10	286	0	3
other_agaricoid	Lactarius rufus	60.506918	24.697889	373580.581	6710078.73	1000	8.9692	7.97	9.0956	3.7374	13.4658	0.1443	1.1241	0.9678	5	2021	10	277	0	3
other_agaricoid	Lepiota audreae	60.322738	24.698709	372909.021	6689572.634	100	11.7743	14.1042	15.6151	4.4782	18.9888	0.9702	0.8198	2.9534	8	2017	8	239	0	3
boletus_edulis	Boletus edulis	60.21472	24.69891	372500.514	6677546.965	10	12.48	12.5749	14.9268	5.4619	18.1165	2.6519	1.3259	2.5232	3	2025	8	242	1	3
boletus_edulis	Boletus edulis	60.17914	24.69915	372375.709	6673585.535	100	15.9512	17.0068	17.2424	10.1773	21.1173	1.2819	1.6748	2.5116	10	2023	8	237	1	3
other_agaricoid	Marasmiellus ramealis	60.230179	24.701183	372686.387	6679263.566	1000	16.7067	16.0595	16.6452	11.7481	23.4187	4.5966	3.5827	3.8814	11	2016	7	198	0	3
boletus_edulis	Boletus edulis	60.21516	24.70215	372681.694	6677589.694	258	18.8969	17.6871	17.8005	12.3412	27.5465	0.8464	2.0848	2.4605	7	2026	7	200	1	3
boletus_edulis	Boletus edulis	65.903	24.70244	395344.415	7311014.045	100	16.5654	14.8355	15.2516	5.0516	23.8414	1.4931	2.8085	2.9902	7	2020	7	202	1	3
boletus_edulis	Boletus edulis	60.187431	24.703209	372632.913	6674500.697	1000	17.6206	16.7978	16.3868	10.9806	24.167	0.5665	3.982	2.752	4	2019	9	244	1	3
other_agaricoid	Inocybe geophylla	60.1425	24.7046	372536.106	6669496.052	732	7.1328	8.993	12.2226	-0.6539	13.8223	3.1515	2.0415	2.6418	8	2018	10	277	0	3
other_agaricoid	Russula intermedia	60.233416	24.707664	373057.744	6679611.444	100	12.1714	11.7929	15.0333	6.4	19.7	0.078	1.4431	1.7993	8	2010	9	252	0	3
other_agaricoid	Inocybe geophylla	66.12869	24.70847	396538.228	7336146.63	1	7.1999	8.107	9.9489	-4.1389	17.7173	0.5788	0.3976	2.5871	5	2021	9	253	0	3
other_agaricoid	Clitopilus prunulus	60.11043	24.70899	372655.963	6665917.395	100	19.6795	19.2333	18.1433	15.481	25.1122	1.141	1.5152	1.6511	11	2024	7	207	0	3
other_agaricoid	Phloeomana alba	60.236255	24.710828	373243.876	6679921.417	100	5.0578	6.6585	6.1116	-0.8671	11.2905	0.3652	1.1021	2.0397	8	2020	11	315	0	3
boletus_edulis	Boletus edulis	60.231126	24.712998	373344.206	6679346.256	1	13.4286	13.8286	17.4333	8.6	19.1	5.1691	8.3857	4.8004	12	2014	8	242	1	3
other_agaricoid	Russula paludosa	60.2333	24.71415	373416.374	6679586.07	23	15.4933	15.736	16.6503	8.2252	20.5979	5.574	8.1303	4.7136	12	2023	9	248	0	3
other_agaricoid	Cortinarius trivialis	60.256684	24.714255	373512.396	6682189.137	1	16.3877	16.0172	16.1025	10.0031	24.4415	4.5633	2.3916	2.6242	6	2018	9	255	0	3
boletus_edulis	Boletus edulis	60.10938	24.7159	373035.906	6665787.205	13	15.8149	15.6892	16.1759	8.2442	20.8224	2.5962	1.2981	4.531	2	2023	9	259	1	3
boletus_edulis	Boletus edulis	60.19888	24.71646	373411.644	6675749.78	91	12.842	14.3406	15.6304	8.0172	18.8448	8.8286	10.1778	6.6448	11	2021	8	238	1	3
boletus_edulis	Boletus edulis	66.129186	24.716545	396904.696	7336188.574	1	7.3231	8.2276	10.0705	-4.0906	17.8448	0.5816	0.3977	2.582	5	2021	9	253	1	3
boletus_edulis	Boletus edulis	60.18239	24.72322	373722.955	6673901.061	10	14.1549	14.8125	15.1193	6.8196	20.4761	1.1166	1.2646	2.0075	6	2026	9	249	1	3
other_agaricoid	Lactarius turpis	60.581145	24.724144	375307.937	6718292.388	1	14.3795	14.7826	15.4458	7.6937	22.4226	3.1342	3.1469	1.9698	8	2026	8	240	0	3
other_agaricoid	Russula azurea	60.58295	24.724567	375338.062	6718492.541	1000	7.8317	10.7774	13.3914	0.1838	16.7604	0.4873	4.2505	2.789	8	2025	9	271	0	3
other_agaricoid	Henningsomyces candidus	66.060505	24.725168	397016.003	7328522.989	1	7.329	8.1987	10.0214	-3.6269	17.8028	0.5538	0.3825	2.5866	5	2021	9	253	0	3
boletus_edulis	Boletus edulis	66.0594	24.72544	397023.844	7328399.439	1	7.329	8.1987	10.0214	-3.6269	17.8028	0.5538	0.3825	2.5866	5	2021	9	253	1	3
other_agaricoid	Crucibulum laeve	60.168944	24.726734	373866.249	6672397.45	1	2.3754	1.2326	2.0272	-6.1494	6.4704	0.8313	0.9835	3.0428	7	2020	1	5	0	3
other_agaricoid	Clitocybe odora	66.0592	24.72685	397086.848	7328374.843	1	7.329	8.1987	10.0214	-3.6269	17.8028	0.5538	0.3825	2.5866	5	2021	9	253	0	3
boletus_edulis	Boletus edulis	66.058306	24.727411	397108.625	7328274.326	1	7.329	8.1987	10.0214	-3.6269	17.8028	0.5538	0.3825	2.5866	5	2021	9	253	1	3
boletus_edulis	Boletus edulis	60.32588	24.72824	374551.517	6689865.867	100	15.5793	14.8366	15.5183	9.0308	21.8	2.1465	2.2644	4.8356	5	2023	9	257	1	3
boletus_edulis	Boletus edulis	60.326028	24.729606	374627.496	6689879.745	1000	13.3664	13.0437	14.6732	4.9689	20.779	0.354	4.3672	5.8704	8	2021	9	245	1	3
other_agaricoid	Tapinella atrotomentosa	60.326028	24.729606	374627.496	6689879.745	1000	13.3664	13.0437	14.6732	4.9689	20.779	0.354	4.3672	5.8704	8	2021	9	245	0	3
boletus_edulis	Boletus edulis	60.18397	24.73014	374112.707	6674063.742	100	16.1933	16.9914	17.1223	10.2175	21.0118	2.0253	2.0424	2.6957	10	2023	8	238	1	3
other_agaricoid	Pholiota cerifera	60.21639	24.73078	374272.299	6677671.741	40	12.689	14.2369	14.8851	2.226	18.5022	1.5453	1.9635	4.7246	5	2023	9	263	0	3
boletus_edulis	Boletus edulis	60.18007	24.73191	374195.926	6673626.194	100	14.2111	15.7091	14.3984	11.0276	18.4611	8.0052	5.1164	3.04	8	2025	9	262	1	3
other_agaricoid	Asterophora parasitica	60.241519	24.734797	374590.859	6680461.643	1	16.3322	15.3842	16.8752	11.191	23.9038	3.581	4.086	3.1614	12	2016	8	235	0	3
other_agaricoid	Mycena corticola	60.16147	24.73516	374305.102	6671549.33	22	-0.9107	-0.0837	1.421	-6.6727	2.9769	2.3665	2.1078	3.5984	8	2024	12	349	0	3
other_agaricoid	Clitocybe agrestis	60.239731	24.735426	374618.84	6680261.394	1	10.2119	10.1552	11.4042	2.1063	17.1145	0.0312	0.1961	2.302	5	2017	9	273	0	3
other_agaricoid	Laccaria bicolor	64.395	24.73582	390837.861	7142976.734	10	12.7678	13.8231	14.4472	2.9632	20.6758	3.5884	4.1398	3.3257	13	2026	8	225	0	3
other_agaricoid	Gymnopus androsaceus	60.20059	24.73588	374494.44	6675903.066	175	14.1042	15.5659	14.5313	9.0429	18.3327	7.7618	5.218	3.0953	11	2025	9	263	0	3
other_agaricoid	Amanita rubescens	65.01724	24.73588	393318.338	7212286.9	100	9.6753	10.2948	12.6969	4.3617	16.5098	2.8506	1.7224	1.2365	7	2024	9	274	0	3
other_agaricoid	Cystoderma carcharias	65.01719	24.73751	393394.916	7212278.58	100	9.6753	10.2948	12.6969	4.3617	16.5098	2.8506	1.7224	1.2365	7	2024	9	274	0	3
other_agaricoid	Agrocybe dura	60.240295	24.73773	374748.524	6680319.807	1	13.9498	14.8068	16.3584	6.4626	22.1752	2.449	4.1294	2.3259	8	2019	7	193	0	3
other_agaricoid	Mycena galericulata	61.573567	24.738074	379890.968	6828761.947	10	14.5857	13.5857	14.8567	6.8	20.4	2.5012	1.435	1.8487	8	2009	8	242	0	3
boletus_edulis	Boletus edulis	60.19988	24.73868	374646.902	6675818.703	100	14.4927	12.9026	14.4253	5.8423	18.6072	2.1494	1.4147	2.2198	5	2025	9	246	1	3
other_agaricoid	Phlegmacium balteatocumatile	60.244458	24.738817	374824.577	6680781.202	1	16.7833	16.7872	16.8403	7.5881	24.4347	2.0923	3.883	3.2232	6	2019	9	247	0	3
boletus_edulis	Boletus edulis	60.563483	24.740057	376111.973	6716295.965	1000	10.5887	11.7383	12.9305	4.1538	15.8131	3.3928	2.611	1.8353	7	2017	9	253	1	3
boletus_edulis	Boletus edulis	60.728013	24.740179	376748.7	6734613.457	1	5.3727	8.5015	12.053	-2.1705	11.1457	0.5461	3.0405	2.4057	11	2019	9	266	1	3
boletus_edulis	Boletus edulis	60.246528	24.740604	374931.37	6681008.262	100	17.2885	16.8995	16.5394	8.3097	25.5349	2.0608	4.6733	3.3606	9	2017	8	227	1	3
other_agaricoid	Russula nigricans	60.197666	24.742534	374852.055	6675564.912	100	16.7729	15.6332	14.4963	11.0421	22.4846	0.0436	1.0739	0.8758	6	2025	9	253	0	3
other_agaricoid	Phlegmacium triumphans	60.8341	24.74319	377319.122	6746419.077	248	14.1202	14.713	15.4128	4.6152	21.9145	2.2578	5.7206	3.7362	9	2023	9	250	0	3
boletus_edulis	Boletus edulis	60.37326	24.7444	375624.209	6695110.022	10	18.4736	17.5154	17.2929	10.279	30.2432	2.439	4.3866	2.63	12	2023	8	222	1	3
boletus_edulis	Boletus edulis	60.39412	24.7463	375808.404	6697428.784	1000	12.1785	12.7801	14.0158	6.2855	18.4073	3.5356	5.5401	4.4386	11	2020	9	260	1	3
other_agaricoid	Russula vesca	60.38797	24.74676	375810.323	6696743.236	10	15.1203	15.3549	16.4525	8.3158	20.9059	5.5492	7.9699	4.6337	11	2023	9	247	0	3
other_agaricoid	Russula decolorans	60.17927	24.74726	375044.082	6673507.982	65	16.5361	16.3059	16.4503	10.8481	22.9002	1.3037	2.7976	2.4168	9	2020	8	218	0	3
other_agaricoid	Phlegmacium triumphans	60.16169	24.74955	375104.35	6671546.518	10	15.0282	15.3852	15.8076	6.1493	19.1935	2.8493	1.4246	4.3241	3	2023	9	260	0	3
boletus_edulis	Boletus edulis	60.14965	24.74959	375060.882	6670206.065	14	13.2579	13.0059	15.0338	5.0604	18.7015	7.0451	3.5225	3.6878	4	2024	9	273	1	3
boletus_edulis	Boletus edulis	60.16172	24.74971	375113.341	6671549.555	27	9.9933	9.6514	10.1358	1.4365	15.2197	1.0267	2.1109	2.271	8	2022	10	282	1	3
boletus_edulis	Boletus edulis	60.80671	24.7502	377595.484	6743356.48	52	16.4634	16.0783	16.9823	11.2889	24.2654	5.8437	4.2602	3.1216	9	2021	8	228	1	3
boletus_edulis	Boletus edulis	60.555589	24.751814	376726.263	6715395.015	1	15.6076	16.657	19.2575	8.5514	24.689	3.5524	3.0744	1.8608	7	2018	8	233	1	3
boletus_edulis	Boletus edulis	60.325551	24.752486	375888.8	6689783.349	1	16.1657	16.432	16.2411	8.2619	24.0407	5.3451	4.3267	2.6802	10	2019	8	238	1	3
other_agaricoid	Amanita fulva	60.21927	24.752798	375502.823	6677950.625	1	14.7177	15.4933	15.4306	6.4125	21.0406	2.9242	2.3082	3.2783	9	2016	8	244	0	3
boletus_edulis	Boletus edulis	60.72272	24.7528	377416.697	6734000.537	20	16.1381	17.2738	16.7953	7.0391	27.0436	0.922	2.6296	2.213	7	2023	8	226	1	3
boletus_edulis	Boletus edulis	60.38692	24.75372	376189.844	6696613.24	87	16.8062	16.5924	16.0419	9.6489	23.6341	3.4151	2.6061	3.7525	9	2020	8	214	1	3
boletus_edulis	Boletus edulis	65.91053	24.75498	397766.847	7311766.301	10	14.2722	14.8083	15.5331	7.3516	20.24	5.3688	5.1946	3.4619	9	2024	9	246	1	3
other_agaricoid	Schizophyllum commune	60.38675	24.75584	376306.019	6696590.332	10	5.1254	5.184	4.3881	-3.0857	13.547	0.0467	0.1745	0.8422	5	2022	5	125	0	3
other_agaricoid	Russula subfoetens	60.328831	24.756634	376130.228	6690140.709	100	17.5429	17.3786	17.4533	10.2	26.1	0.5517	1.7673	2.6268	5	2009	8	220	0	3
boletus_edulis	Boletus edulis	60.38954	24.75803	376437.268	6696896.836	16	16.4731	16.8081	16.6337	9.9081	26.1358	1.852	1.3906	4.9858	8	2020	7	207	1	3
other_agaricoid	Amanita rubescens	60.15974	24.76128	375747.813	6671307.302	15	15.2444	15.7195	16.4429	7.6514	20.2725	0.0	6.8639	4.0811	7	2023	9	252	0	3
boletus_edulis	Boletus edulis	60.2905	24.76212	376288.196	6685863.035	10	13.3976	12.348	14.5174	5.3919	18.8538	1.9376	1.3408	2.1006	4	2025	9	244	1	3
boletus_edulis	Boletus edulis	60.15804	24.76452	375921.184	6671111.953	10	17.9385	17.8743	17.2219	10.8734	24.0052	1.9602	1.4175	2.5219	6	2023	8	231	1	3
boletus_edulis	Boletus edulis	60.197291	24.765064	376099.323	6675480.663	1	16.0571	15.5357	16.3167	11.0	21.6	2.2054	1.5356	1.676	7	2009	9	245	1	3
other_agaricoid	Lycoperdon perlatum	60.232169	24.765553	376257.915	6679362.66	1000	9.4429	10.3357	11.4167	2.0	14.5	5.116	3.1464	3.5244	12	2011	10	282	0	3
boletus_edulis	Boletus edulis	60.24084	24.76567	376297.088	6680327.773	52	19.0446	17.8455	17.9948	11.6976	27.581	0.7486	2.0121	2.4654	8	2026	7	200	1	3
other_agaricoid	Schizophyllum commune	60.765436	24.767926	378403.314	6738728.231	1000	2.9705	5.8186	5.544	-5.1172	10.1989	3.4393	2.4802	2.5432	10	2025	11	320	0	3
other_agaricoid	Cantharellula umbonata	60.35248	24.76933	376920.189	6692749.775	10	6.4046	8.0764	12.0826	-0.2979	14.4522	0.1097	0.7821	2.631	3	2025	10	277	0	3
other_agaricoid	Amanita muscaria	60.74301	24.76945	378401.46	6736228.581	11	7.2957	7.979	8.2352	2.1757	13.4897	0.8559	0.5414	0.8328	6	2022	9	273	0	3
boletus_edulis	Boletus edulis	60.37204	24.77343	377219.943	6694919.758	20	15.4865	17.3626	15.955	9.4882	23.6175	2.4844	1.4677	5.3108	8	2020	7	210	1	3
other_agaricoid	Clitopilus prunulus	60.321033	24.773463	377029.893	6689241.053	100	10.9	10.8143	12.1333	-0.1	22.1	2.3918	2.3557	3.4223	10	2011	10	278	0	3
other_agaricoid	Pleurotus pulmonarius	64.94539	24.77373	394819.237	7204219.905	10	15.6386	15.4743	14.6894	7.0118	22.8702	0.7313	0.8046	1.1434	7	2026	7	189	0	3
other_agaricoid	Leucocybe connata	60.7576	24.77475	378745.386	6737843.176	10	8.0981	9.0605	9.4743	1.0451	14.4358	0.0562	1.3922	1.225	7	2022	9	268	0	3
other_agaricoid	Agaricus sylvicola	60.548212	24.776359	378044.005	6714527.958	1	6.8677	7.2385	8.7477	-0.6681	10.0746	10.5093	8.3465	4.2469	14	2017	10	285	0	3
boletus_edulis	Boletus edulis	62.195511	24.779952	384482.056	6897940.541	1	16.2728	17.108	19.8983	8.2531	23.2992	0.7295	0.6592	1.4768	7	2018	8	231	1	3
boletus_edulis	Boletus edulis	66.445082	24.782167	401114.359	7371276.265	1000	4.8098	5.7103	7.8792	-3.3764	13.5796	5.5507	3.2187	2.6678	8	2021	9	258	1	3
other_agaricoid	Chondrostereum purpureum	60.26067	24.78247	377301.198	6682504.062	100	8.4962	7.7212	9.4874	1.8361	14.9753	0.6726	1.8827	1.5782	6	2021	9	273	0	3
other_agaricoid	Lycoperdon perlatum	60.213928	24.782716	377139.903	6677299.843	1	16.1857	15.9071	16.1833	10.9	21.8	3.3359	2.2376	1.9709	9	2009	9	247	0	3
boletus_edulis	Boletus edulis	62.194854	24.78302	384639.146	6897861.91	1	19.074	17.345	19.5249	5.9543	29.5589	2.9975	1.9527	1.3368	6	2021	7	211	1	3
boletus_edulis	Boletus edulis	62.194826	24.783106	384643.513	6897858.639	100	15.8369	15.8839	16.1545	6.1417	27.5319	0.0513	0.5406	1.2603	6	2020	8	227	1	3
boletus_edulis	Boletus edulis	62.194779	24.783623	384670.228	6897852.484	1	15.3783	15.5142	14.6345	6.0934	24.8141	1.0966	1.6947	2.5304	11	2019	8	240	1	3
other_agaricoid	Lycoperdon perlatum	62.195006	24.783957	384688.469	6897877.168	100	14.4347	14.0443	14.4923	1.9255	21.2336	1.6296	2.1208	4.6325	4	2023	9	258	0	3
boletus_edulis	Boletus edulis	60.739605	24.784204	379192.768	6735822.245	1000	15.593	15.4338	18.5427	5.2308	24.5879	3.4545	2.7186	1.6886	8	2018	8	237	1	3
boletus_edulis	Boletus edulis	60.214967	24.785226	377282.83	6677410.844	1	18.7714	17.9929	17.8533	11.6	26.2	0.6588	1.6571	2.4942	6	2009	8	223	1	3
boletus_edulis	Boletus edulis	61.10345	24.7853	380621.692	6776330.489	292	15.3914	15.6309	15.5432	9.4257	26.2167	3.2357	2.1843	4.3126	7	2020	7	207	1	3
boletus_edulis	Boletus edulis	60.253384	24.787594	377557.435	6681683.393	1	16.7497	16.7667	15.7394	8.4994	28.7384	5.3404	4.3543	3.8656	8	2025	7	193	1	3
boletus_edulis	Boletus edulis	60.597005	24.787715	378849.447	6719939.301	1	16.5644	16.6955	16.8517	6.2011	26.9484	0.9643	0.4821	2.1657	3	2024	8	239	1	3
other_agaricoid	Chondrostereum purpureum	60.20359	24.78817	377403.456	6676138.781	31	7.4235	6.2016	7.2656	0.8837	11.1612	7.8246	4.7393	3.1423	11	2025	10	304	0	3
boletus_edulis	Boletus edulis	60.22387	24.789536	377554.785	6678394.004	1000	14.5571	15.3714	15.9667	9.1	20.9	2.6993	5.1662	4.4144	9	2011	9	251	1	3
other_agaricoid	Crucibulum laeve	60.1575	24.79028	377348.603	6671003.714	10	0.7595	-0.2835	1.0071	-8.6695	5.3725	4.3772	3.8133	2.7674	9	2024	12	357	0	3
boletus_edulis	Boletus edulis	60.25677	24.79072	377743.022	6682054.559	357	14.9148	15.2889	16.1162	7.7333	20.7221	2.8702	7.9818	4.6099	10	2023	9	249	1	3
boletus_edulis	Boletus edulis	60.25623	24.7912	377767.564	6681993.551	357	19.089	17.8295	17.404	11.6273	30.079	2.1315	3.9993	2.4851	10	2023	8	221	1	3
boletus_edulis	Boletus edulis	62.407453	24.791595	385893.57	6921521.453	1	14.232	14.5879	14.1952	6.1015	20.5826	1.2845	2.4776	2.593	13	2019	8	238	1	3
boletus_edulis	Boletus edulis	60.24966	24.79328	377858.169	6681258.261	12	16.6645	16.4408	17.4086	10.3274	25.5508	6.2147	4.8304	3.4956	11	2021	8	229	1	3
other_agaricoid	Lactarius flexuosus	60.214518	24.793322	377729.632	6677345.832	1	18.7857	18.0071	17.8667	11.9	26.2	0.6526	1.6657	2.5351	6	2009	8	223	0	3
boletus_edulis	Boletus edulis	60.24985	24.79382	377888.758	6681278.414	12	16.6645	16.4408	17.4086	10.3274	25.5508	6.2147	4.8304	3.4956	11	2021	8	229	1	3
boletus_edulis	Boletus edulis	60.216047	24.793997	377772.715	6677514.804	100	18.1429	17.6786	17.5267	10.7	24.8	5.3988	3.4003	2.9824	7	2011	8	240	1	3
boletus_edulis	Boletus edulis	60.230801	24.79414	377835.552	6679157.098	1	14.2286	12.3	14.2633	8.1	19.9	0.2787	0.506	1.9015	9	2010	9	255	1	3
boletus_edulis	Boletus edulis	61.145592	24.795466	381327.694	6781004.184	100	14.2143	16.2786	18.6233	3.4	21.9	3.5101	1.9649	2.2214	6	2010	8	237	1	3
other_agaricoid	Cortinarius caperatus	63.48782	24.79738	390313.697	7041829.52	970	16.7696	18.5059	17.4812	13.4019	23.8165	5.8272	3.4985	3.4994	11	2024	8	216	0	3
other_agaricoid	Tricholoma portentosum	60.297449	24.799198	378363.204	6686567.698	1000	5.8918	5.5715	6.0142	-3.2351	12.4094	3.4242	3.9586	2.9379	12	2019	10	292	0	3
other_agaricoid	Cortinarius rubellus	63.48871	24.79974	390434.594	7041924.602	970	16.7696	18.5059	17.4812	13.4019	23.8165	5.8272	3.4985	3.4994	11	2024	8	216	0	3
other_agaricoid	Lactarius fuliginosus	60.299321	24.799758	378401.103	6686775.077	1	14.5296	14.9842	15.8919	4.4638	20.8133	0.0	7.5139	4.3069	7	2023	9	252	0	3
boletus_edulis	Boletus edulis	60.24302	24.80236	378335.993	6680502.253	25	16.716	16.477	17.4471	10.2922	25.5228	6.034	4.7832	3.4577	11	2021	8	229	1	3
boletus_edulis	Boletus edulis	60.25867	24.80399	378484.216	6682241.57	119	15.2244	15.2994	15.995	4.9164	22.1121	0.1994	2.927	4.3301	6	2023	9	255	1	3
boletus_edulis	Boletus edulis	60.27893	24.80605	378673.214	6684493.339	151	13.296	14.1303	15.5105	7.9899	21.0992	7.7073	8.5682	5.9163	10	2021	8	241	1	3
other_agaricoid	Clitocybe nebularis	60.172559	24.807855	378379.539	6672647.711	1	8.4317	8.9375	10.417	4.4329	10.93	9.8208	8.2992	4.8532	10	2017	10	284	0	3
boletus_edulis	Boletus edulis	60.18939	24.81033	378578.978	6674516.945	145	17.4662	16.2873	15.0437	11.1618	22.5808	0.0835	1.0596	0.739	5	2025	9	254	1	3
other_agaricoid	Lactarius lilacinus	60.621972	24.810646	380197.483	6722676.991	1	10.3253	11.322	13.3556	3.0325	16.6317	0.9009	1.5052	1.3093	5	2017	9	251	0	3
other_agaricoid	Cortinarius rubellus	60.21091	24.81136	378715.534	6676910.873	100	2.9613	5.0166	9.2024	-1.935	10.3993	0.1841	3.8372	4.5381	9	2023	10	294	0	3
other_agaricoid	Russula claroflava	64.430301	24.81146	394619.068	7146781.032	1000	15.3891	15.5909	15.5556	6.3416	23.62	3.7303	3.0811	4.2138	7	2016	7	203	0	3
other_agaricoid	Ampulloclitocybe clavipes	60.72286	24.812046	380648.216	6733906.991	1000	13.085	13.1194	15.0818	3.2876	18.9008	3.1873	2.7354	2.1307	9	2020	9	249	0	3
other_agaricoid	Amanita citrina	60.287278	24.814242	379156.932	6685407.693	1	15.4423	14.0141	14.3193	8.4918	22.6822	0.5072	1.4565	1.2373	7	2025	9	249	0	3
other_agaricoid	Hygrocybe conica	60.171832	24.814933	378769.451	6672553.758	1	6.9268	9.0322	13.0649	0.0348	12.4901	0.9258	2.5973	2.5466	10	2019	9	268	0	3
other_agaricoid	Amanita muscaria	60.226444	24.816205	379041.193	6678631.387	10	12.7	12.1	13.4567	4.7	17.7	6.9266	4.1059	3.792	12	2012	9	263	0	3
other_agaricoid	Macrolepiota procera	60.226444	24.816205	379041.193	6678631.387	10	12.7	12.1	13.4567	4.7	17.7	6.9266	4.1059	3.792	12	2012	9	263	0	3
other_agaricoid	Amanita muscaria	60.23778	24.81738	379148.012	6679891.279	100	10.9806	11.5852	12.8603	3.1497	17.8506	0.1458	3.2756	3.9367	6	2020	9	265	0	3
other_agaricoid	Russula aeruginea	60.75697	24.81926	381167.801	6737691.644	10	11.071	10.3503	11.7636	3.4277	19.4474	1.7977	1.3017	3.2427	8	2021	9	258	0	3
boletus_edulis	Boletus edulis	60.174582	24.822344	379190.624	6672846.332	1	15.6904	15.7732	16.7638	10.9495	20.6066	0.359	2.0652	1.83	4	2018	9	248	1	3
boletus_edulis	Boletus edulis	60.20022	24.822834	379311.951	6675699.721	1	18.9035	18.9099	18.6952	13.442	24.4579	2.0156	2.0151	1.825	8	2024	7	203	1	3
other_agaricoid	Marasmius rotula	60.2026	24.823267	379344.688	6675963.896	1000	13.8738	14.6894	14.2549	7.694	19.841	3.827	3.7042	3.1232	10	2025	6	179	0	3
other_agaricoid	Lepista nuda	60.17674	24.82356	379265.988	6673084.358	1	8.1151	8.1936	9.399	0.3837	14.5276	4.2866	7.0708	4.9469	12	2017	10	291	0	3
other_agaricoid	Gymnopus confluens	60.200383	24.824168	379386.48	6675715.429	1	18.9035	18.9099	18.6952	13.442	24.4579	2.0156	2.0151	1.825	8	2024	7	203	0	3
boletus_edulis	Boletus edulis	60.176257	24.824307	379305.644	6673029.22	1	15.8561	16.2278	18.2707	10.4745	21.8327	3.7714	3.4658	1.7955	5	2018	8	241	1	3
boletus_edulis	Boletus edulis	61.25931	24.82467	383320.849	6793613.462	24	19.0543	16.0795	17.1579	10.091	25.81	1.1443	2.769	3.5556	7	2020	7	203	1	3
other_agaricoid	Kuehneromyces mutabilis	60.20294	24.82557	379473.558	6675997.541	10	13.4377	14.85	14.2497	7.694	19.841	4.341	3.5099	3.0325	9	2025	6	178	0	3
boletus_edulis	Boletus edulis	60.32766	24.82563	379934.665	6689882.694	100	15.1133	15.4676	16.6777	9.5953	21.0003	12.3135	8.2175	4.5894	13	2023	9	246	1	3
boletus_edulis	Boletus edulis	60.23753	24.82601	379624.823	6679847.671	10	15.3598	15.6267	16.6739	7.6571	21.0838	5.6757	8.1615	4.462	12	2023	9	247	1	3
boletus_edulis	Boletus edulis	60.16805	24.826215	379381.376	6672112.047	1000	14.4674	15.5981	15.925	6.7187	19.2654	6.2753	3.1733	3.1736	7	2018	9	259	1	3
other_agaricoid	Coprinellus micaceus	60.18787	24.82766	379534.153	6674315.975	10	12.4511	11.2597	9.5069	3.1919	22.2507	0.67	0.7846	0.5476	4	2026	5	140	0	3
boletus_edulis	Boletus edulis	60.298374	24.831743	380164.89	6686611.096	1000	15.7101	16.4365	19.3616	9.1019	24.5562	1.1172	3.4548	2.5299	9	2025	8	229	1	3
other_agaricoid	Tapinella atrotomentosa	60.22418	24.83275	379949.107	6678349.123	10	17.659	17.1445	17.3392	9.405	27.4475	1.0698	1.2014	1.6336	6	2020	8	226	0	3
boletus_edulis	Boletus edulis	60.32362	24.83302	380327.843	6689419.475	100	11.867	12.8467	14.6116	5.9559	17.5634	6.6778	5.7746	4.5352	10	2020	9	257	1	3
boletus_edulis	Boletus edulis	61.85651	24.83631	386154.179	6860091.172	10	14.32	14.5121	15.5	6.8016	19.4881	3.6167	6.3507	3.33	11	2023	9	249	1	3
boletus_edulis	Boletus edulis	64.26461	24.83746	395242.39	7128282.075	899	15.9681	16.1503	14.6361	9.3421	24.7991	5.144	5.0638	4.4027	11	2020	7	213	1	3
other_agaricoid	Clitocybe odora	60.723722	24.840404	382197.903	6733951.761	1000	14.3905	12.8616	13.9824	5.7201	21.6952	1.3403	1.8648	2.0338	6	2023	9	270	0	3
other_agaricoid	Agaricus sylvaticus	60.723722	24.840404	382197.903	6733951.761	1000	14.3905	12.8616	13.9824	5.7201	21.6952	1.3403	1.8648	2.0338	6	2023	9	270	0	3
other_agaricoid	Echinoderma asperum	60.21209	24.84044	380330.925	6676989.163	21	17.7865	16.5063	15.2362	11.2278	23.6271	0.3004	1.1977	0.7857	9	2025	9	254	0	3
boletus_edulis	Boletus edulis	60.26022	24.84295	380645.182	6682343.01	10	17.0701	17.3659	17.5364	9.0533	25.0106	0.2	1.1976	0.985	8	2026	8	220	1	3
boletus_edulis	Boletus edulis	60.750351	24.843182	382446.811	6736911.626	1000	14.8595	15.2529	17.6921	5.2958	24.4395	1.5263	2.2116	1.728	7	2018	8	239	1	3
boletus_edulis	Boletus edulis	60.448519	24.845024	381445.511	6703303.246	1	15.0934	15.1831	16.3464	9.361	22.21	0.2626	1.5202	2.0885	6	2018	9	246	1	3
other_agaricoid	Lacrymaria lacrymabunda	60.21219	24.84659	380672.001	6676989.161	168	14.1422	13.267	15.4761	6.3323	18.7905	1.8822	1.2137	2.4816	4	2025	9	244	0	3
other_agaricoid	Thaxterogaster variegatus	62.044518	24.848276	387477.839	6881006.15	1000	15.0547	14.1664	14.4533	6.8799	21.4049	0.1269	1.3407	3.9224	5	2023	9	257	0	3
other_agaricoid	Gomphidius roseus	60.722028	24.848468	382631.491	6733748.714	1	12.9137	11.5431	11.7564	2.2043	21.643	0.0515	0.3225	2.3238	5	2020	9	270	0	3
other_agaricoid	Typhula micans	60.723266	24.848684	382647.788	6733886.166	1	14.499	14.6788	15.3072	4.2651	22.05	0.0	5.1071	3.6988	6	2023	9	253	0	3
boletus_edulis	Boletus edulis	60.723129	24.848901	382659.122	6733870.524	1	14.9969	14.3917	16.7893	7.1132	25.4914	3.4231	4.5911	3.8318	10	2020	7	199	1	3
other_agaricoid	Mycena plumipes	60.72294	24.849022	382665.031	6733849.265	1	3.3491	3.586	2.4577	-1.6675	12.4129	2.2438	1.9165	1.1341	8	2020	4	111	0	3
boletus_edulis	Boletus edulis	60.21582	24.85607	381210.327	6677376.195	15	15.693	14.4565	14.8898	9.2748	21.963	0.6213	1.4239	1.2738	7	2025	9	249	1	3
other_agaricoid	Amanita fulva	60.21606	24.85637	381227.814	6677402.375	15	13.9749	14.3457	15.7138	8.4157	21.261	7.2099	7.659	5.3648	8	2021	8	242	0	3
boletus_edulis	Boletus edulis	60.31607	24.86153	381874.672	6688527.497	100	13.2532	14.1275	15.5094	8.0317	20.936	7.6448	8.3108	5.8097	10	2021	8	241	1	3
other_agaricoid	Coprinellus micaceus	60.19888	24.86363	381568.054	6675476.647	10	15.5271	15.6375	15.924	7.5991	20.8172	1.8746	1.3966	1.9659	6	2026	9	248	0	3
boletus_edulis	Boletus edulis	60.263025	24.863882	381813.24	6682617.612	1	15.9735	16.42	18.7051	6.9112	24.3619	3.7103	3.4308	1.9432	7	2018	8	240	1	3
boletus_edulis	Boletus edulis	60.733816	24.866093	383635.381	6735029.816	100	16.3775	16.5985	17.6929	7.0912	25.0396	0.4913	2.3726	2.7755	6	2024	8	231	1	3
other_agaricoid	Clitocybe nebularis	60.156577	24.867527	381631.893	6670759.995	1000	2.5805	4.5525	3.3932	-4.8889	8.055	3.5717	3.0398	2.1793	8	2023	11	320	0	3
boletus_edulis	Boletus edulis	60.23654	24.87112	382118.446	6679656.014	20	15.5473	15.9511	17.0777	9.9457	21.1724	12.3309	8.1651	4.3708	13	2023	9	246	1	3
other_agaricoid	Schizophyllum commune	60.25328	24.87671	382487.894	6681509.757	10	5.2738	3.1707	1.0222	-1.4428	15.8637	4.9964	2.9561	2.1752	6	2024	4	93	0	3
boletus_edulis	Boletus edulis	60.64809	24.87747	383947.17	6725465.011	137	14.5806	16.5068	15.2096	7.2991	23.8391	2.4808	1.4769	4.5812	7	2020	7	210	1	3
boletus_edulis	Boletus edulis	60.14673	24.87763	382157.316	6669645.646	12	10.142	9.9944	13.0787	5.0652	14.2758	2.009	1.0045	2.9155	2	2025	10	280	1	3
boletus_edulis	Boletus edulis	60.23394	24.8787	382528.765	6679353.032	10	12.5625	14.3395	17.5167	4.4945	22.0242	0.5456	0.9733	2.6221	4	2025	8	236	1	3
boletus_edulis	Boletus edulis	60.1803	24.88211	382525.9	6673375.079	100	17.9335	18.5957	17.6802	10.3884	24.2159	1.6457	1.652	2.738	5	2023	8	228	1	3
boletus_edulis	Boletus edulis	60.22005	24.88233	382680.103	6677800.159	10	15.5776	14.2734	14.6809	9.1555	22.0184	0.6567	1.4346	1.2644	7	2025	9	249	1	3
other_agaricoid	Lactarius aurantiacus	60.23572	24.88242	382741.081	6679544.588	20	17.5198	17.0103	17.0309	12.4543	24.114	7.1836	4.7703	3.0226	10	2023	8	217	0	3
other_agaricoid	Agaricus arvensis	60.15889	24.88267	382480.506	6670990.46	44	18.0255	16.7945	15.4636	12.5229	24.0943	0.1222	0.3253	1.276	2	2019	6	174	0	3
boletus_edulis	Boletus edulis	60.14612	24.88441	382531.507	6669565.655	10	12.2067	12.8284	15.2401	4.2742	18.7895	6.0362	3.0181	2.9017	4	2024	10	275	1	3
boletus_edulis	Boletus edulis	64.26523	24.88496	397545.021	7128273.749	596	17.247	15.9593	17.3245	7.0423	28.1215	3.0687	2.325	1.858	13	2022	7	208	1	3
other_agaricoid	Amanita muscaria	60.16319	24.88497	382623.471	6671465.098	19	17.5308	16.9796	17.1507	11.0052	24.3436	1.433	1.729	3.2163	5	2020	7	206	0	3
boletus_edulis	Boletus edulis	60.89462	24.88701	385352.456	6752897.126	21	15.1798	14.5846	15.0459	9.3238	22.0704	0.4718	1.336	3.5531	5	2023	9	257	1	3
boletus_edulis	Boletus edulis	60.21629	24.88796	382978.537	6677371.552	48	15.6758	18.4282	18.6626	12.6728	19.7694	5.4685	5.3286	3.333	8	2020	7	189	1	3
other_agaricoid	Coprinellus micaceus	60.21668	24.88876	383024.242	6677413.554	10	15.6758	18.4282	18.6626	12.6728	19.7694	5.4685	5.3286	3.333	8	2020	7	189	0	3
boletus_edulis	Boletus edulis	60.26288	24.89027	383272.377	6682554.487	300	15.6797	16.7534	16.8453	6.5484	23.8839	6.4534	3.2267	2.6263	6	2024	9	260	1	3
boletus_edulis	Boletus edulis	60.68348	24.89193	384864.052	6729379.878	11	17.5867	16.8339	16.5663	5.7962	27.9268	0.7937	0.7033	1.9829	7	2022	8	218	1	3
boletus_edulis	Boletus edulis	60.192749	24.892964	383172.05	6674741.799	1000	12.1509	12.8927	14.0228	3.2158	19.632	0.0401	0.1528	4.3431	4	2021	9	253	1	3
other_agaricoid	Xeromphalina campanella	60.64243	24.89668	384977.09	6724801.06	100	13.6698	14.9655	16.2411	7.3365	21.0717	4.992	5.7425	4.5461	12	2021	8	235	0	3
boletus_edulis	Boletus edulis	60.27367	24.89966	383830.048	6683739.206	540	15.2819	16.481	17.3271	9.1063	21.38	9.7734	6.644	4.7738	13	2021	8	233	1	3
boletus_edulis	Boletus edulis	60.27235	24.90238	383975.783	6683587.457	100	17.6801	16.8545	18.2315	10.0706	25.6632	3.5145	2.8364	2.5696	10	2021	8	226	1	3
boletus_edulis	Boletus edulis	61.3175	24.90306	387732.534	6799955.392	100	16.0462	17.1016	19.9214	7.3334	24.3589	0.6369	0.8981	1.0707	9	2018	8	231	1	3
boletus_edulis	Boletus edulis	60.767679	24.905083	385881.389	6738731.71	1	15.5376	15.8214	18.7669	5.393	24.6231	2.8541	2.2639	1.3911	8	2018	8	235	1	3
other_agaricoid	Tricholoma imbricatum	60.77697	24.905167	385918.985	6739766.04	1	8.4977	8.6632	10.035	1.8667	18.2274	0.1252	0.1666	1.5809	7	2017	9	273	0	3
boletus_edulis	Boletus edulis	60.34809	24.90522	384400.78	6692014.984	10	12.4086	13.0098	14.2182	6.3827	18.5631	3.898	5.6522	4.5875	11	2020	9	260	1	3
other_agaricoid	Chlorophyllum olivieri	60.26582	24.90577	384140.163	6682854.485	100	14.1833	14.5118	14.6312	4.5545	19.3267	1.2619	2.5167	2.1503	9	2023	10	274	0	3
other_agaricoid	Amanita rubescens	60.26756	24.90593	384155.164	6683047.926	100	17.4351	17.2053	17.6757	9.1602	25.9211	1.4642	1.6604	1.9881	8	2023	7	202	0	3
boletus_edulis	Boletus edulis	60.21103	24.90669	383997.495	6676752.876	32	17.3943	16.4815	14.949	12.6392	23.2388	2.967	1.8989	1.4691	8	2025	9	256	1	3
boletus_edulis	Boletus edulis	60.21134	24.90689	384009.67	6676787.038	10	16.4375	15.6855	17.7772	8.0009	26.1717	3.246	4.2964	3.5443	10	2020	7	199	1	3
boletus_edulis	Boletus edulis	60.21136	24.90728	384031.348	6676788.579	16	16.4375	15.6855	17.7772	8.0009	26.1717	3.246	4.2964	3.5443	10	2020	7	199	1	3
boletus_edulis	Boletus edulis	60.21118	24.90734	384034.037	6676768.434	10	14.6107	15.3846	18.0955	10.1973	19.9179	3.1144	6.2677	3.7312	12	2020	7	194	1	3
boletus_edulis	Boletus edulis	60.21123	24.90739	384036.983	6676773.912	10	14.6107	15.3846	18.0955	10.1973	19.9179	3.1144	6.2677	3.7312	12	2020	7	194	1	3
other_agaricoid	Lactarius pubescens	60.24729	24.91182	384409.483	6680780.846	10	15.4393	15.8316	17.0008	9.8103	21.0481	12.2164	8.1133	4.3206	13	2023	9	246	0	3
boletus_edulis	Boletus edulis	60.15888	24.91298	384162.407	6670935.795	16	15.3299	15.6086	16.7753	10.639	21.2105	3.7474	2.4619	1.6921	7	2026	8	235	1	3
other_agaricoid	Lycoperdon pratense	60.16797	24.91398	384249.875	6671946.06	10	16.8936	17.1608	17.6353	13.3194	20.6793	9.53	5.4413	4.37	10	2023	8	241	0	3
other_agaricoid	Tapinella atrotomentosa	60.21624	24.91429	384436.895	6677319.593	10	23.2786	22.5924	20.3743	15.9682	29.6795	0.3126	0.5495	2.2501	5	2025	7	211	0	3
boletus_edulis	Boletus edulis	60.670231	24.914988	386076.29	6727864.535	1	15.0	14.781	14.8251	8.5496	24.6077	2.8942	1.5876	2.0288	5	2018	9	256	1	3
boletus_edulis	Boletus edulis	60.500653	24.915092	385483.233	6708983.633	1000	15.2752	15.6995	18.1248	6.1049	24.3361	2.7638	3.0639	2.2098	8	2018	8	239	1	3
boletus_edulis	Boletus edulis	60.21303	24.915299	384481.497	6676960.445	1	17.0948	17.676	17.4467	8.9334	26.9106	0.8071	1.0318	1.6844	5	2020	8	229	1	3
boletus_edulis	Boletus edulis	60.195072	24.915433	384425.769	6674960.876	1	12.995	13.2248	14.7701	4.033	19.557	0.6049	3.7493	2.6774	11	2018	9	267	1	3
boletus_edulis	Boletus edulis	60.22647	24.91617	384577.006	6678455.251	29	16.4001	17.3192	17.5524	9.261	21.6292	1.0068	1.0975	2.7929	10	2023	8	238	1	3
other_agaricoid	Stropharia aeruginosa	60.2608	24.9167	384727.058	6682276.438	10	9.9162	8.7587	9.778	1.5919	14.3962	0.1136	1.8218	1.4313	5	2021	10	277	0	3
other_agaricoid	Pholiota flammans	60.196163	24.916793	384504.988	6675079.961	1	16.6203	17.2877	16.4694	10.986	22.1695	5.7695	4.993	3.0109	9	2017	8	222	0	3
boletus_edulis	Boletus edulis	60.19611	24.91683	384506.852	6675073.996	25	16.4863	16.8325	17.4408	12.4345	20.9826	9.7476	5.547	4.4868	11	2023	8	241	1	3
other_agaricoid	Armillaria borealis	60.18134	24.91705	384467.154	6673429.212	10	10.1717	11.5748	12.5447	4.8856	15.4918	1.9922	1.2153	2.8124	7	2021	9	261	0	3
boletus_edulis	Boletus edulis	60.2175	24.9181	384652.374	6677453.209	32	16.6462	18.1524	20.5536	9.5961	23.2295	2.0625	5.0971	2.6351	9	2025	8	226	1	3
boletus_edulis	Boletus edulis	60.27011	24.91812	384838.33	6683310.486	100	16.3668	16.8125	17.5383	11.6375	25.6862	11.2569	7.022	4.5416	12	2021	8	231	1	3
boletus_edulis	Boletus edulis	60.22169	24.91881	384706.417	6677918.459	275	18.9551	16.6705	17.6974	8.3464	26.2111	0.0002	2.7074	3.6777	7	2020	7	202	1	3
other_agaricoid	Amanita muscaria	60.22411	24.91917	384734.852	6678187.259	100	7.4217	8.5349	10.7574	0.0146	13.1546	3.283	2.6905	1.4527	6	2021	9	268	0	3
other_agaricoid	Lactarius rufus	60.19875	24.92043	384715.657	6675361.625	39	14.3616	14.9734	15.2477	7.9795	20.0544	1.0477	1.498	1.9204	5	2026	9	249	0	3
boletus_edulis	Boletus edulis	60.19171	24.92205	384780.768	6674575.005	10	15.8062	15.6785	16.1417	6.1881	21.2932	2.9557	1.4855	4.7038	4	2023	9	259	1	3
boletus_edulis	Boletus edulis	60.22445	24.92233	384911.05	6678219.598	20	16.7268	17.2229	17.2725	10.4443	22.5642	1.2235	1.1877	2.0603	7	2023	7	208	1	3
other_agaricoid	Psathyrella candolleana	60.226137	24.922437	384922.889	6678407.233	1	15.526	14.6341	14.6572	9.0854	25.8595	2.7825	4.58	3.654	9	2025	7	182	0	3
other_agaricoid	Laccaria bicolor	61.29592	24.92341	388745.358	6797517.635	90	16.2453	15.9955	15.3875	8.4803	22.9137	2.4403	2.9764	3.1099	8	2020	8	214	0	3
other_agaricoid	Pleurotus pulmonarius	60.223718	24.923519	384974.333	6678136.028	1000	16.8711	17.1333	17.129	10.8952	22.8715	0.4081	1.0323	2.7577	6	2017	8	234	0	3
other_agaricoid	Agaricus sylvaticus	60.223189	24.923637	384979.015	6678076.927	1	5.6082	6.0081	7.0099	-0.9368	12.2093	4.895	3.6868	2.878	11	2019	10	285	0	3
other_agaricoid	Bolbitius titubans	60.22443	24.92385	384995.159	6678214.722	20	15.6464	17.39	18.4619	7.5968	22.5602	2.5768	3.2273	1.5863	7	2023	7	191	0	3
other_agaricoid	Panellus mitis	60.262111	24.924949	385187.982	6682408.014	1	3.5925	3.4916	2.8529	-1.5714	8.1185	4.6885	2.5386	2.6474	13	2017	11	318	0	3
boletus_edulis	Boletus edulis	60.22299	24.924968	385052.033	6678052.452	10	16.0855	17.1648	17.5338	9.7422	21.4984	0.9036	0.8331	2.7131	8	2023	8	236	1	3
other_agaricoid	Pleuroflammula tuberculosa	60.264237	24.925513	385226.625	6682643.731	100	11.8857	13.3571	12.7967	4.9	16.4	5.5889	2.899	2.6956	9	2010	9	263	0	3
other_agaricoid	Kuehneromyces mutabilis	60.2327	24.92714	385206.289	6679129.731	10	17.818	17.8012	17.835	11.1499	26.934	0.8702	0.4351	1.865	2	2024	8	240	0	3
boletus_edulis	Boletus edulis	60.2512	24.9272	385274.327	6681189.321	100	16.2735	17.815	16.4403	9.5647	23.2768	4.4928	2.2488	4.9211	7	2020	7	211	1	3
other_agaricoid	Amanita muscaria	60.25823	24.92758	385319.946	6681971.346	10	15.9406	16.1698	17.3105	10.024	21.4224	13.0459	7.0097	5.1236	12	2023	8	242	0	3
other_agaricoid	Amanita fulva	60.25787	24.92773	385326.985	6681931.005	22	14.716	15.4785	18.281	8.4039	20.548	4.1012	8.2049	4.5214	13	2020	7	194	0	3
other_agaricoid	Xeromphalina campanella	60.25773	24.92845	385366.329	6681914.167	10	20.1406	18.2007	16.5083	8.3344	29.3592	0.7414	4.2095	4.2996	10	2025	7	196	0	3
other_agaricoid	Mycena plumipes	60.266033	24.929546	385455.983	6682836.679	1000	3.9196	5.7704	4.9626	-0.2886	13.5907	3.0796	1.5398	1.8003	5	2021	4	117	0	3
boletus_edulis	Boletus edulis	60.28782	24.93041	385579.895	6685260.846	100	17.0203	17.1348	16.3868	8.0142	25.4711	5.486	4.0018	3.0368	9	2019	8	240	1	3
other_agaricoid	Agaricus sylvicola	60.270446	24.933725	385702.521	6683320.754	1000	8.7143	7.95	10.5233	4.3	13.1	0.0	0.0	1.8097	0	2010	10	282	0	3
other_agaricoid	Hygrophoropsis aurantiaca	60.27254	24.93397	385723.374	6683553.466	13	12.7849	12.342	14.8399	2.4427	19.8737	8.6115	4.3611	3.9204	6	2024	9	273	0	3
other_agaricoid	Coprinellus disseminatus	60.18345	24.935774	385512.817	6673631.511	1	17.6849	17.7903	18.0579	12.4468	25.2227	0.5527	1.6248	1.3921	4	2024	9	251	0	3
other_agaricoid	Russula roseipes	66.212531	24.936041	407117.771	7345130.724	1000	16.1408	15.9456	15.7044	4.6735	25.7708	1.1171	1.1141	2.5126	7	2020	8	222	0	3
other_agaricoid	Cuphophyllus virgineus	60.182199	24.93746	385601.954	6673489.309	1	9.4755	8.6571	10.2793	4.0368	15.3468	0.7033	1.4723	1.2821	5	2021	9	273	0	3
other_agaricoid	Aspropaxillus giganteus	60.17834	24.93791	385613.487	6673058.89	18	12.2935	14.1759	17.0368	6.6208	18.5506	0.3868	0.4445	2.2501	3	2025	8	239	0	3
other_agaricoid	Langermannia gigantea	60.20766	24.93944	385800.249	6676320.57	100	8.1799	11.5692	14.3984	0.1298	13.5754	1.9618	2.909	2.3137	12	2019	9	264	0	3
other_agaricoid	Mycena galericulata	60.190444	24.939624	385750.607	6674403.514	1	9.8076	11.2288	12.1953	4.8874	15.2082	2.0155	1.2029	2.7256	8	2021	9	261	0	3
other_agaricoid	Amanita rubescens	60.21677	24.941063	385921.824	6677332.024	1000	16.6408	17.3099	16.4674	10.8396	22.3602	5.6606	4.7573	2.8461	9	2017	8	222	0	3
other_agaricoid	Cystoderma amianthinum	61.32046	24.9449	389982.446	6800213.771	132	8.1688	7.6864	6.9624	-1.057	18.2235	0.869	0.7648	1.081	6	2018	10	293	0	3
other_agaricoid	Lactarius torminosus	61.709	24.945	391352.304	6843479.089	1	13.9631	15.3122	16.2398	9.4092	19.9153	7.5779	5.3951	3.7948	13	2021	8	233	0	3
other_agaricoid	Neolentinus lepideus	60.17514	24.94511	386001.702	6672690.168	10	20.9825	22.2294	21.3039	16.1731	27.8522	6.7995	3.3997	1.8411	4	2025	8	218	0	3
other_agaricoid	Panaeolus cinctulus	61.32094	24.94667	390078.86	6800264.239	50	12.7641	13.6545	17.3898	7.313	19.696	4.5496	6.8981	4.0267	13	2020	7	195	0	3
other_agaricoid	Cortinarius brunneus	62.20857	24.947094	393223.046	6899107.922	1000	14.4903	14.3775	15.6003	9.0444	19.68	12.5808	8.5993	4.3321	13	2023	9	246	0	3
other_agaricoid	Agaricus sylvaticus	60.174748	24.948628	386195.47	6672640.456	1	16.9662	16.4915	16.7938	12.2342	22.7194	0.0231	0.3092	1.7778	4	2018	9	252	0	3
boletus_edulis	Boletus edulis	63.86377	24.95089	399299.043	7083450.657	16	15.5809	14.5119	15.7359	2.6174	23.0191	3.1885	5.6201	3.1334	9	2021	8	224	1	3
other_agaricoid	Mycena haematopus	60.19911	24.95105	386414.002	6675348.625	10	16.5756	16.6543	17.5718	12.5498	21.061	13.7692	7.1917	5.2412	10	2023	8	242	0	3
other_agaricoid	Lactarius deterrimus	60.56168	24.95117	387676.061	6715716.146	24	17.0719	16.677	16.629	10.4587	23.8029	5.1994	4.0104	2.5836	11	2023	8	218	0	3
boletus_edulis	Boletus edulis	60.21594	24.95118	386479.38	6677222.173	24	17.3528	17.054	17.2993	9.4581	27.0311	0.8945	1.1147	1.695	5	2020	8	227	1	3
boletus_edulis	Boletus edulis	60.16862	24.95207	386365.218	6671952.27	301	15.7879	15.6788	16.43	10.3873	21.3878	0.9643	2.3294	1.5824	6	2026	8	241	1	3
other_agaricoid	Cyathus striatus	60.276701	24.952119	386741.402	6683985.433	1	8.542	7.242	8.0856	3.8104	11.977	3.7093	3.6758	2.7471	13	2020	11	307	0	3
other_agaricoid	Schizophyllum commune	60.15804	24.95411	386441.887	6670770.84	14	6.8618	5.1713	4.0271	0.5751	15.5986	0.0598	0.3437	0.3103	4	2026	4	107	0	3
other_agaricoid	Amanita rubescens	60.22791	24.95495	386729.526	6678548.381	10	19.5613	17.2235	17.6764	11.8557	28.6521	0.1747	3.5251	2.5445	9	2026	7	197	0	3
boletus_edulis	Boletus edulis	64.27791	24.9564	401050.131	7129573.057	549	13.8194	14.9687	15.0277	7.621	20.6245	5.1459	4.6974	3.0952	11	2026	8	222	1	3
boletus_edulis	Boletus edulis	60.20774	24.9564	386740.274	6676300.255	10	17.809	17.2823	17.4676	9.9453	26.9212	0.7112	1.0297	1.6895	5	2020	8	226	1	3
boletus_edulis	Boletus edulis	61.108013	24.956539	389865.635	6776538.218	1	17.3921	15.9989	14.4001	10.0031	23.3549	0.4879	1.3822	1.8181	5	2025	9	255	1	3
other_agaricoid	Volvariella bombycina	60.155122	24.958579	386679.844	6670438.289	1	16.3717	16.519	17.1239	8.861	20.4759	0.0217	6.2608	4.1293	7	2023	9	253	0	3
boletus_edulis	Boletus edulis	60.2121	24.95906	386902.677	6676781.117	10	15.3021	15.702	16.6697	8.3017	22.1393	2.9448	2.3861	3.0548	9	2019	9	256	1	3
boletus_edulis	Boletus edulis	60.23931	24.95925	387006.901	6679810.237	98	16.129	16.7355	19.7731	9.2887	24.54	0.4937	3.7798	2.8428	8	2025	8	230	1	3
other_agaricoid	Panellus mitis	60.276728	24.960104	387183.012	6683974.756	1	8.0636	5.7298	8.8461	-2.0088	11.977	4.667	3.1592	2.4233	12	2020	10	302	0	3
other_agaricoid	Pleurotus pulmonarius	60.23756	24.96074	387083.36	6679612.849	100	17.5511	17.6131	18.0229	7.6979	26.7793	0.8333	0.7259	1.8627	3	2024	8	238	0	3
other_agaricoid	Inocybe grammata	61.772585	24.962097	392477.935	6850531.346	10	13.5143	12.9714	13.64	7.2	22.0	1.9288	1.3308	1.5914	4	2013	9	256	0	3
boletus_edulis	Boletus edulis	61.71211	24.96389	392361.627	6843794.008	10	17.3221	17.5982	16.7534	8.868	25.5199	5.1704	3.2814	2.9	5	2026	7	202	1	3
other_agaricoid	Pholiota squarrosa	60.276109	24.964479	387422.794	6683898.364	1000	15.5386	16.6915	17.4795	8.9947	21.3961	9.6133	6.5315	4.7056	13	2021	8	233	0	3
other_agaricoid	Tricholoma frondosae	60.25661	24.964552	387359.832	6681727.288	1	13.1358	13.4219	12.9941	8.9156	21.1604	0.1336	0.141	2.4909	3	2020	10	277	0	3
other_agaricoid	Tricholoma album	60.277352	24.965347	387475.059	6684035.274	1	11.5101	13.189	14.6586	-0.7666	20.6021	1.5114	5.4785	3.1305	11	2025	9	268	0	3
other_agaricoid	Pholiota squarrosa	60.22234	24.9661	387327.851	6677909.154	316	14.5259	12.8217	13.1511	10.9584	20.8249	0.1297	0.0649	2.3698	1	2020	9	274	0	3
other_agaricoid	Mycena cyanorhiza	60.276567	24.96674	387549.387	6683945.499	1	8.2788	9.0853	8.8856	-3.5551	13.0691	2.9667	1.9761	1.5109	8	2022	10	292	0	3
other_agaricoid	Agaricus arvensis	62.44086	24.96748	395096.166	6924943.777	10	14.5912	12.7131	15.5141	4.7335	24.394	1.6172	3.1167	1.9929	10	2024	6	172	0	3
other_agaricoid	Calocybe gambosa	60.18715	24.9682	387323.54	6673987.666	12	6.3786	7.4328	6.4367	0.4874	14.8693	3.8919	2.4922	1.4522	7	2020	5	136	0	3
other_agaricoid	Coprinellus micaceus	60.22527	24.96873	387483.556	6678230.882	10	4.5795	4.7734	6.228	-4.2721	10.8852	4.7068	4.0427	2.7107	7	2020	11	329	0	3
other_agaricoid	Agaricus bernardii	60.197681	24.970227	387471.983	6675156.684	10	17.3554	17.5252	16.9009	9.6239	24.8112	7.4233	4.1389	2.3006	6	2019	8	240	0	3
other_agaricoid	Delicatula integrella	60.240856	24.970501	387635.013	6679963.151	1	13.4156	14.8434	15.384	4.9954	20.0467	2.7274	3.8519	2.7929	10	2018	9	263	0	3
other_agaricoid	Amanita rubescens	60.245041	24.971335	387695.507	6680427.674	100	13.0485	14.9675	15.3908	4.9489	18.3129	3.2916	3.7326	3.3651	8	2018	9	261	0	3
other_agaricoid	Pleurotus ostreatus	60.210015	24.971956	387610.014	6676526.954	1	12.6477	12.7872	12.9143	8.5424	17.2553	2.7976	1.5562	1.4459	9	2020	10	285	0	3
other_agaricoid	Coprinellus disseminatus	60.24463	24.97241	387753.599	6680380.085	20	14.5239	12.9759	13.2529	7.2007	21.1826	0.1424	0.1028	2.9825	2	2020	9	271	0	3
boletus_edulis	Boletus edulis	60.22491	24.97298	387717.692	6678183.563	212	13.3122	14.9898	18.2302	5.7632	21.9488	0.0	0.6198	2.6553	3	2025	8	235	1	3
other_agaricoid	Aphanobasidium pseudotsugae	60.22095	24.97306	387708.579	6677742.535	1	12.8227	13.5533	15.4293	6.8948	20.0599	0.5528	2.4205	1.8104	6	2015	9	255	0	3
other_agaricoid	Tricholoma sulphureum	60.212328	24.97458	387763.304	6676780.01	1	5.5712	6.9264	9.3477	-1.0264	14.3466	2.1147	1.5945	2.2057	9	2019	10	279	0	3
other_agaricoid	Russula vitellina	60.212269	24.974742	387772.078	6676773.166	100	8.0567	11.3828	14.4403	0.4427	13.9762	0.6424	2.818	1.9672	11	2019	9	265	0	3
other_agaricoid	Tricholoma columbetta	60.213481	24.975324	387808.462	6676907.115	1000	11.4018	11.5544	12.8287	3.776	17.494	2.3572	1.2989	3.3934	5	2021	9	259	0	3
other_agaricoid	Apioperdon pyriforme	60.22178	24.9759	387868.715	6677830.116	10	3.3943	4.6782	5.9062	-4.0764	8.4993	3.3623	4.0529	2.4783	8	2020	11	331	0	3
other_agaricoid	Lactarius quietus	60.211972	24.975968	387838.987	6676738.015	1	17.3472	17.0432	16.7959	10.834	23.2466	4.2496	2.6511	3.1707	7	2020	8	215	0	3
other_agaricoid	Gymnopus confluens	60.238424	24.979273	388112.287	6679677.475	100	6.72	10.043	13.5994	-1.8584	12.8254	0.5948	2.6553	2.1254	10	2019	9	266	0	3
other_agaricoid	Mycena maculata	60.449721	24.979353	388838.008	6703202.769	1	5.0025	5.7784	5.0693	1.7243	7.7155	2.5984	1.6574	1.4149	13	2018	11	318	0	3
other_agaricoid	Agrocybe praecox	60.447185	24.97981	388854.48	6702919.64	1	14.5367	15.2875	15.187	7.9625	21.4458	5.9762	3.3411	2.6978	8	2018	7	187	0	3
other_agaricoid	Lactarius torminosus	60.447188	24.980422	388888.153	6702918.941	1	9.4961	11.2658	11.6174	3.4798	16.244	0.4763	3.7443	2.1688	11	2017	9	264	0	3
other_agaricoid	Lepiota clypeolaria	60.447236	24.980437	388889.142	6702924.26	1	11.8192	12.7376	14.5029	4.9364	17.3593	6.6939	5.582	4.2502	11	2020	9	256	0	3
other_agaricoid	Hygrophoropsis rufa	60.447972	24.980511	388895.726	6703006.081	1	14.8622	15.2284	16.683	9.1566	21.477	0.3876	2.8734	2.2159	7	2018	9	245	0	3
boletus_edulis	Boletus edulis	60.448374	24.980731	388909.2	6703050.469	1	18.8252	16.5686	17.2792	10.583	26.5198	0.4651	2.7452	4.7053	8	2020	7	204	1	3
other_agaricoid	Hygrophoropsis aurantiaca	60.449004	24.980891	388920.152	6703120.343	1	16.3996	16.4327	16.4967	7.1449	24.016	2.1114	2.5031	2.9401	7	2019	9	247	0	3
other_agaricoid	Panaeolina foenisecii	60.18361	24.98106	388024.506	6673571.658	10	18.309	17.8939	16.0559	11.5643	26.8056	1.2477	1.5326	2.7348	6	2026	6	181	0	3
other_agaricoid	Clitocybula platyphylla	60.44864	24.98135	388944.155	6703079.041	1	16.531	16.7464	16.657	8.0243	21.8454	0.5891	1.897	2.7042	8	2017	8	231	0	3
other_agaricoid	Hygrocybe conica	60.180077	24.981867	388057.229	6673176.94	1	13.2435	13.9058	13.3216	9.843	16.9946	0.9806	0.5128	1.8049	5	2020	10	279	0	3
other_agaricoid	Inocybe napipes	60.447576	24.98228	388991.678	6702959.007	1	14.5313	14.8749	14.9159	7.6409	22.5291	0.7175	1.0196	1.4176	8	2017	7	206	0	3
other_agaricoid	Lactarius glyciosmus	60.448945	24.982286	388996.679	6703111.421	1	13.1828	13.0035	14.9553	4.3562	19.0849	1.1466	0.8206	1.8482	6	2017	9	245	0	3
boletus_edulis	Boletus edulis	62.205235	24.982882	395072.463	6898678.02	1000	14.4743	14.203	15.7716	7.4383	19.6361	11.015	7.7626	4.4082	11	2023	9	244	1	3
other_agaricoid	Cortinarius lepidopus	62.205235	24.982882	395072.463	6898678.02	1000	14.4743	14.203	15.7716	7.4383	19.6361	11.015	7.7626	4.4082	11	2023	9	244	0	3
other_agaricoid	Russula claroflava	60.2289	24.984203	388352.807	6678608.755	100	13.1865	14.9615	15.3783	5.9617	19.4756	2.5461	3.8301	2.8247	9	2018	9	262	0	3
other_agaricoid	Hygrocybe conica	64.30151	24.98446	402491.785	7132158.596	10	13.6324	14.9972	15.1631	7.6196	20.5252	3.2944	4.1913	2.691	11	2026	8	221	0	3
other_agaricoid	Phyllotopsis nidulans	64.30138	24.98526	402530.019	7132142.888	17	13.6573	14.9623	12.6738	6.6007	22.9697	3.2336	3.5595	2.3588	9	2025	9	260	0	3
other_agaricoid	Pholiota squarrosa	60.26788	24.98618	388594.768	6682945.329	60	7.7455	8.2821	10.715	-0.2625	15.4429	3.5199	1.7985	1.5548	5	2021	9	269	0	3
boletus_edulis	Boletus edulis	60.24016	24.98648	388517.154	6679858.558	10	12.6496	13.5473	14.9168	5.8243	18.9927	6.3829	5.1133	4.379	9	2020	9	258	1	3
other_agaricoid	Chondrostereum purpureum	60.17404	24.98662	388300.317	6672496.756	10	3.7452	6.4948	8.2252	0.1355	8.5771	5.1901	3.0244	3.0271	6	2024	11	311	0	3
other_agaricoid	Paxillus rubicundulus	60.178893	24.987814	388383.013	6673035.051	1	15.4322	15.5404	15.7514	8.0275	22.0984	5.3734	4.0503	2.9266	5	2016	9	251	0	3
boletus_edulis	Boletus edulis	60.18164	24.98906	388461.432	6673338.785	10	16.3043	17.5766	16.7308	11.1446	22.496	2.6068	1.3034	3.5175	5	2020	7	209	1	3
boletus_edulis	Boletus edulis	60.21295	24.98965	388600.329	6676823.731	10	14.8101	13.1336	13.4481	8.2488	20.8675	0.121	0.0906	2.3645	2	2020	9	273	1	3
other_agaricoid	Mycena polygramma	60.21874	24.990445	388664.004	6677467.029	1	7.983	8.1797	10.1312	-1.161	15.407	0.6544	3.8509	3.7797	7	2024	10	290	0	3
boletus_edulis	Boletus edulis	60.17962	24.9906	388539.986	6673111.286	10	17.1592	17.0905	17.6635	13.3157	23.5607	6.5915	4.6844	3.4523	9	2021	8	230	1	3
boletus_edulis	Boletus edulis	60.21809	24.99062	388671.494	6677394.365	10	17.5568	18.5306	17.7121	9.8719	24.2602	1.1709	2.4055	2.8029	5	2023	8	227	1	3
other_agaricoid	Inocybe mixtilis	61.103775	24.991736	391747.707	6776007.582	1000	16.6523	14.9106	14.0365	10.2998	23.1715	0.3918	2.7284	1.8019	6	2025	9	252	0	3
other_agaricoid	Cortinarius decipiens	61.103775	24.991736	391747.707	6776007.582	1000	16.6523	14.9106	14.0365	10.2998	23.1715	0.3918	2.7284	1.8019	6	2025	9	252	0	3
boletus_edulis	Boletus edulis	60.21561	24.99282	388784.96	6677114.541	10	17.8618	16.8951	15.4945	12.1452	23.493	2.9658	1.9236	1.4919	8	2025	9	256	1	3
other_agaricoid	Pholiota squarrosa	60.13701	24.99612	388702.136	6668357.952	100	12.2077	11.669	12.5312	7.0708	15.2099	0.0	0.5564	2.3112	5	2017	9	272	0	3
boletus_edulis	Boletus edulis	61.64573	24.99617	393840.042	6836349.057	15	12.6566	14.608	15.6624	3.7035	19.9629	5.9059	5.8344	4.6394	7	2024	9	264	1	3
boletus_edulis	Boletus edulis	61.64607	24.99718	393894.704	6836385.272	19	16.7903	17.9345	17.0031	9.3027	24.6784	0.3173	1.5901	2.6087	6	2023	8	227	1	3
boletus_edulis	Boletus edulis	60.499085	24.997319	389993.397	6708668.801	1	11.8952	13.7797	17.0165	3.2119	21.0893	0.8506	0.6111	2.1924	3	2025	8	236	1	3
boletus_edulis	Boletus edulis	60.20628	24.99883	389086.397	6676065.656	10	13.488	14.189	15.1671	7.9405	19.1113	3.0233	4.7335	4.2056	10	2020	9	260	1	3
boletus_edulis	Boletus edulis	60.18112	24.99896	389008.676	6673264.207	10	18.3112	18.0031	17.4466	11.7319	27.2299	1.0141	4.1771	3.0331	6	2023	8	225	1	3
boletus_edulis	Boletus edulis	66.161581	24.999997	409813.753	7339360.471	1	7.5363	8.4553	10.5013	-3.597	17.509	0.6499	0.4047	2.4556	5	2021	9	252	1	3
boletus_edulis	Boletus edulis	60.19082	25.00029	389115.149	6674341.937	10	12.152	12.8747	14.3576	6.1647	18.3305	0.0869	3.459	4.0706	7	2020	9	263	1	3
boletus_edulis	Boletus edulis	60.13829	25.00058	388954.113	6668492.955	13	15.3827	16.2856	15.4571	12.9662	18.4261	6.5263	4.9824	3.1702	9	2025	9	264	1	3
boletus_edulis	Boletus edulis	60.36998	25.00075	389745.373	6694288.482	100	17.0738	17.2221	18.2389	7.7759	24.7228	0.4184	2.3347	2.3989	7	2024	8	231	1	3
boletus_edulis	Boletus edulis	60.191713	25.0008	389146.434	6674440.504	1	8.6587	8.289	11.9491	-1.2694	14.3899	6.976	7.8833	5.1751	10	2023	10	289	1	3
other_agaricoid	Lactarius mammosus	61.702222	25.002571	394372.211	6842629.497	1000	11.8029	13.8711	15.1975	3.4948	19.8257	0.2287	6.0883	4.8158	7	2024	9	265	0	3
boletus_edulis	Boletus edulis	64.241871	25.002667	403163.667	7125487.326	1	14.3613	14.6245	17.7278	3.0679	24.3138	3.3483	2.3987	1.7654	9	2018	8	235	1	3
boletus_edulis	Boletus edulis	61.64698	25.00304	394208.195	6836477.07	26	15.0465	15.3417	15.6859	6.9655	22.9552	4.0579	2.6258	2.9948	11	2026	8	228	1	3
other_agaricoid	Tephrocybe rancida	60.219698	25.003417	389385.776	6677551.879	100	14.782	14.1904	15.9404	7.3988	19.639	6.5205	4.4462	3.7031	10	2020	9	253	0	3
other_agaricoid	Gymnopilus penetrans	61.08937	25.004105	392365.36	6774383.182	1	16.8223	15.3036	14.1061	9.6551	23.3502	0.072	2.6915	1.8072	5	2025	9	253	0	3
boletus_edulis	Boletus edulis	61.090339	25.004514	392390.702	6774490.407	1000	16.7154	14.9604	14.0925	9.9131	23.3502	0.3791	2.7684	1.8072	6	2025	9	252	1	3
other_agaricoid	Russula gracillima	61.089742	25.004751	392401.453	6774423.542	1000	16.7154	14.9604	14.0925	9.9131	23.3502	0.3791	2.7684	1.8072	6	2025	9	252	0	3
boletus_edulis	Boletus edulis	61.64988	25.00511	394327.731	6836796.646	10	16.7714	17.0014	17.8565	9.5924	24.0529	0.9678	1.5113	2.095	6	2024	8	231	1	3
other_agaricoid	Schizophyllum commune	60.27109	25.00669	389739.956	6683268.264	12	13.8537	14.8893	15.2357	0.7313	20.5979	2.7149	2.6779	4.7583	7	2023	9	264	0	3
other_agaricoid	Pleurotus pulmonarius	61.64933	25.00878	394520.219	6836729.447	10	15.5866	15.9562	16.3873	8.6638	22.1457	2.7166	3.5926	3.334	9	2026	7	210	0	3
other_agaricoid	Amanita citrina	60.30336	25.00941	389998.84	6686856.612	19	11.687	12.4352	13.7195	0.4089	21.0706	0.0455	0.4359	4.8268	5	2021	9	253	0	3
other_agaricoid	Inocybe subdecipiens	60.409697	25.009857	390381.097	6698695.37	1	14.2635	12.5916	12.7181	7.3802	21.064	0.1742	0.2214	2.7706	5	2020	9	272	0	3
boletus_edulis	Boletus edulis	60.3202	25.01185	390190.191	6688727.49	100	16.636	17.3995	17.0359	8.7715	29.0586	3.5989	4.3983	3.7554	10	2026	7	193	1	3
other_agaricoid	Coprinopsis atramentaria	60.22646	25.01191	389878.89	6678290.539	100	16.7834	16.701	15.0619	11.6773	22.0731	6.142	3.4346	2.1842	9	2025	9	258	0	3
boletus_edulis	Boletus edulis	60.194828	25.012357	389797.571	6674767.97	1	15.8342	16.2954	16.9835	8.0337	20.5387	0.0249	7.6926	3.9292	8	2023	9	252	1	3
other_agaricoid	Amanita virosa	60.17178	25.01309	389760.965	6672200.652	10	16.7074	16.6383	18.7149	9.5035	21.4478	2.7226	2.2827	1.9053	7	2021	8	223	0	3
boletus_edulis	Boletus edulis	66.13444	25.01337	410320.682	7336317.231	10	15.556	15.1031	15.8475	10.7317	21.3899	1.8493	3.5185	3.0249	9	2024	9	251	1	3
other_agaricoid	Gomphidius glutinosus	60.19827	25.01349	389871.911	6675149.302	195	13.8601	13.4962	15.711	5.6699	19.8154	7.5089	3.8197	3.3814	6	2024	9	273	0	3
other_agaricoid	Amanita muscaria	60.194774	25.01354	389862.967	6674759.983	1	15.8342	16.2954	16.9835	8.0337	20.5387	0.0249	7.6926	3.9292	8	2023	9	252	0	3
boletus_edulis	Boletus edulis	60.23854	25.01389	390029.027	6679632.197	100	17.7645	17.9906	18.854	9.6262	24.8865	0.6214	2.4455	1.8938	6	2024	8	231	1	3
boletus_edulis	Boletus edulis	60.2261	25.01408	389997.857	6678246.839	100	11.07	9.4175	11.6977	4.2299	14.5784	3.0632	1.5316	3.2178	6	2025	10	283	1	3
other_agaricoid	Marasmius oreades	60.22822	25.01416	390009.391	6678482.741	100	13.3371	13.3354	15.7551	0.2619	19.8799	8.1262	4.133	4.0183	6	2024	9	272	0	3
boletus_edulis	Boletus edulis	60.24569	25.01468	390096.717	6680426.947	10	15.5403	15.8575	16.6261	8.2439	20.5368	2.2541	7.5317	4.0979	10	2023	9	249	1	3
boletus_edulis	Boletus edulis	60.47088	25.01584	390915.862	6705497.599	10	15.9254	15.254	17.4408	7.7344	26.6028	3.7904	5.0511	4.5373	11	2020	7	199	1	3
other_agaricoid	Aspropaxillus giganteus	60.405213	25.016886	390753.149	6698184.443	1	16.0301	16.1974	18.1292	9.3131	24.1726	2.844	3.0642	2.1195	5	2018	8	241	0	3
other_agaricoid	Coprinopsis lagopides	60.225155	25.017128	390163.493	6678136.548	1	8.3047	9.0404	10.1849	3.2844	14.0919	0.4472	1.574	1.8124	8	2025	10	288	0	3
other_agaricoid	Lactarius turpis	60.22277	25.01864	390239.256	6677868.492	100	14.7271	15.1069	15.2688	6.4369	19.0022	1.1565	2.753	2.2777	9	2023	10	274	0	3
boletus_edulis	Boletus edulis	60.19751	25.01884	390165.904	6675055.772	255	15.578	16.5727	17.2622	11.4894	20.504	8.2619	5.0969	4.2171	9	2021	8	234	1	3
other_agaricoid	Stropharia hornemannii	60.357699	25.020483	390792.309	6692888.266	1	7.9973	6.8592	9.6463	-0.7796	14.7851	6.5987	3.4064	4.077	7	2024	10	287	0	3
other_agaricoid	Stropharia aeruginosa	60.211302	25.022289	390403.091	6676585.607	1000	5.4169	6.9756	8.0772	-0.6139	12.5944	4.7587	3.6581	2.858	11	2019	10	284	0	3
other_agaricoid	Lycoperdon excipuliforme	60.21145	25.02256	390418.599	6676601.635	374	9.6705	8.6031	7.798	3.5598	11.7896	2.0069	4.16	2.5952	11	2025	11	312	0	3
other_agaricoid	Clitocybe nebularis	60.212164	25.022593	390422.81	6676681.076	1000	12.2857	12.8071	12.7833	6.4	18.0	2.1846	3.4859	2.2203	9	2010	9	269	0	3
boletus_edulis	Boletus edulis	60.233707	25.023899	390566.997	6679077.462	1	12.5391	13.4656	14.7774	6.2551	18.4343	6.202	4.9592	4.2972	9	2020	9	258	1	3
boletus_edulis	Boletus edulis	60.210377	25.024037	390496.855	6676479.719	1	18.649	18.5969	19.2478	9.7587	23.9394	0.138	1.2086	1.5176	5	2024	8	234	1	3
boletus_edulis	Boletus edulis	60.201252	25.026133	390582.601	6675460.286	1	13.7063	15.655	16.7785	7.4368	19.1379	2.5128	4.2689	2.1959	9	2020	9	246	1	3
boletus_edulis	Boletus edulis	60.32185	25.02631	390994.186	6688887.206	10	16.0789	17.6386	16.2756	8.3258	23.1674	3.7565	1.8892	5.5868	8	2020	7	211	1	3
boletus_edulis	Boletus edulis	60.45359	25.02719	391482.036	6703553.751	10	12.9895	12.8596	14.7818	5.5261	20.6044	0.8082	4.4159	5.4495	8	2021	9	246	1	3
boletus_edulis	Boletus edulis	60.45353	25.02825	391540.132	6703545.324	10	13.3305	12.0736	13.3408	3.3569	21.6429	2.1434	1.4963	5.0359	6	2021	9	255	1	3
other_agaricoid	Russula brevipes	60.20647	25.02851	390731.694	6676037.31	10	16.5547	16.7357	16.5854	10.9196	24.0486	1.1644	1.644	3.6741	5	2020	7	207	0	3
other_agaricoid	Pholiota spumosa	60.22835	25.02878	390819.425	6678472.939	10	15.7187	14.5342	15.0747	10.0328	21.6737	0.8554	1.5852	1.2208	8	2025	9	249	0	3
boletus_edulis	Boletus edulis	60.22384	25.02895	390813.84	6677970.522	100	15.4051	14.1045	15.0549	10.0328	19.3525	0.5517	1.3748	1.1226	7	2025	9	248	1	3
boletus_edulis	Boletus edulis	60.45353	25.02896	391579.179	6703544.154	10	12.4894	12.1619	13.4665	0.8126	21.6429	0.3067	0.5574	4.782	5	2021	9	254	1	3
boletus_edulis	Boletus edulis	60.45362	25.02916	391590.478	6703553.846	10	12.9661	14.6009	15.9325	8.3726	18.9204	7.9759	9.6659	6.3779	11	2021	8	238	1	3
boletus_edulis	Boletus edulis	60.17582	25.02969	390695.217	6672622.857	10	15.2312	14.0245	14.9548	11.57	17.9912	0.5247	1.3717	1.1096	7	2025	9	248	1	3
boletus_edulis	Boletus edulis	60.210805	25.03211	390945.573	6676514.006	1000	17.1775	17.0503	17.1427	10.7567	22.3433	1.695	4.4113	2.7419	6	2019	9	247	1	3
boletus_edulis	Boletus edulis	60.354361	25.032381	391437.479	6692496.958	1	17.053	17.3124	18.3223	8.9726	24.7666	0.7781	3.3195	2.6117	8	2024	8	230	1	3
other_agaricoid	Lactarius trivialis	60.556409	25.032797	392132.652	6714992.642	1000	14.8458	15.0014	15.5797	3.8404	22.6236	0.1835	2.287	4.0555	6	2023	9	255	0	3
boletus_edulis	Boletus edulis	60.160656	25.033811	390873.509	6670927.721	1	13.3614	13.2722	13.253	9.878	17.8944	0.0993	0.0724	1.9025	3	2020	10	277	1	3
boletus_edulis	Boletus edulis	60.699692	25.034037	392677.864	6730944.357	1	16.2172	16.3414	17.9099	9.178	24.7835	4.338	5.6367	4.134	11	2024	8	225	1	3
boletus_edulis	Boletus edulis	60.21325	25.03421	391070.035	6676782.76	287	13.5743	15.2132	18.4091	6.16	21.9549	0.0	0.583	2.5368	3	2025	8	235	1	3
other_agaricoid	Aspropaxillus giganteus	60.18006	25.03462	390982.714	6673086.778	10	10.4676	9.2962	12.103	4.7336	15.3525	6.7706	3.5595	4.0694	6	2024	10	286	0	3
boletus_edulis	Boletus edulis	60.33919	25.03473	391516.688	6690803.949	1000	17.9199	17.3273	16.6265	7.3586	24.9545	0.5173	4.0593	3.207	8	2019	8	243	1	3
other_agaricoid	Kuehneromyces mutabilis	60.33919	25.03473	391516.688	6690803.949	1000	17.9199	17.3273	16.6265	7.3586	24.9545	0.5173	4.0593	3.207	8	2019	8	243	0	3
boletus_edulis	Boletus edulis	60.21032	25.03494	391100.764	6676455.335	266	13.4134	15.0814	18.2902	6.8266	21.5886	0.0	0.5912	2.5108	3	2025	8	235	1	3
boletus_edulis	Boletus edulis	60.209927	25.03622	391170.383	6676409.468	100	15.7508	16.1468	16.7803	9.5961	19.9538	2.2524	7.6284	4.078	10	2023	9	249	1	3
other_agaricoid	Hygrophoropsis rufa	60.209927	25.03622	391170.383	6676409.468	100	15.7508	16.1468	16.7803	9.5961	19.9538	2.2524	7.6284	4.078	10	2023	9	249	0	3
boletus_edulis	Boletus edulis	60.432	25.0368	391938.869	6701134.085	357	17.4052	16.929	16.9974	11.5111	23.9662	6.6337	4.4627	2.6551	10	2023	8	217	1	3
boletus_edulis	Boletus edulis	60.17101	25.04109	391311.628	6672068.506	16	15.442	16.2872	16.7601	8.9031	19.8656	0.9723	7.7027	4.118	9	2023	9	251	1	3
other_agaricoid	Russula nitida	60.22204	25.0422	391541.731	6677748.266	106	13.9441	13.0344	13.2651	8.9865	20.0929	0.1478	0.0739	2.2564	2	2020	10	275	0	3
other_agaricoid	Pholiota squarrosa	61.05277	25.04291	394335.713	6770244.525	170	6.4406	9.4666	12.6591	-1.2623	15.0413	0.0	2.0986	1.932	5	2025	9	273	0	3
other_agaricoid	Lactarius tabidus	60.16136	25.04372	391425.687	6670989.77	10	13.4196	14.4662	15.5952	9.1588	19.2801	5.9726	7.2245	4.8758	9	2021	8	240	0	3
boletus_edulis	Boletus edulis	60.22443	25.04505	391707.468	6678009.685	10	16.0644	15.7642	16.2749	6.1966	20.5323	2.9626	2.5881	4.5025	7	2023	9	256	1	3
boletus_edulis	Boletus edulis	61.05953	25.0459	394519.586	6770992.435	100	6.9946	7.3657	8.0434	0.1952	12.8628	0.9938	0.746	1.1697	7	2022	10	275	1	3
other_agaricoid	Amanita crocea	61.054551	25.045998	394508.322	6770437.86	100	16.5767	14.793	13.8719	9.2685	23.4597	0.3554	2.8455	1.7952	5	2025	9	252	0	3
other_agaricoid	Amanita porphyria	60.49439	25.04632	392668.942	6708065.149	10	16.3783	16.7224	16.7232	9.1754	26.5061	3.6677	2.2306	2.1005	6	2024	9	248	0	3
boletus_edulis	Boletus edulis	60.1957	25.049495	391859.105	6674803.642	1000	12.5948	12.3842	13.1613	4.9015	19.323	0.087	1.276	2.7155	3	2020	9	269	1	3
boletus_edulis	Boletus edulis	60.34458	25.0517	392470.99	6691376.27	100	17.0498	15.7274	17.4942	8.4858	26.6664	1.5076	4.0064	4.957	10	2020	7	200	1	3
other_agaricoid	Tricholoma virgatum	61.230824	25.052727	395456.016	6790055.485	1000	7.8278	10.9643	15.3381	1.6298	15.2091	0.1496	0.5895	1.0289	7	2022	9	250	0	3
boletus_edulis	Boletus edulis	60.32052	25.05401	392519.369	6688693.649	10	16.2686	17.1095	16.6874	8.1266	25.4667	1.1042	1.3718	5.1262	6	2020	7	208	1	3
boletus_edulis	Boletus edulis	60.101402	25.054803	391844.071	6664296.02	1000	16.2658	15.882	16.503	13.4026	19.2553	3.7764	3.8199	5.0153	7	2023	9	268	1	3
boletus_edulis	Boletus edulis	60.393553	25.057653	392960.217	6696819.29	1	17.0066	16.7314	16.8787	10.5499	23.6296	6.7071	3.9333	2.6978	6	2024	9	258	1	3
other_agaricoid	Russula foetens	60.18852	25.06008	392422.356	6673986.938	600	16.8067	17.8209	20.3794	10.697	23.3243	1.2157	4.0453	2.5784	9	2025	8	229	0	3
other_agaricoid	Russula adusta	60.39329	25.060721	393128.394	6696785.027	1	16.9592	17.3074	17.4083	9.0154	24.7	0.0537	0.9607	1.1025	5	2026	8	221	0	3
boletus_edulis	Boletus edulis	60.250306	25.063485	392813.021	6680860.6	1	11.8483	12.3931	14.4375	4.4847	20.1087	0.5791	3.7905	4.9073	6	2021	9	247	1	3
boletus_edulis	Boletus edulis	61.46799	25.06362	396824.279	6816447.959	10	12.11	12.1446	14.8334	5.7707	18.4911	4.1014	2.2373	1.964	8	2025	8	242	1	3
other_agaricoid	Russula claroflava	60.24413	25.06369	392804.182	6680172.633	24	17.2177	19.3394	18.8219	10.395	27.4297	0.9493	0.7539	0.8795	5	2022	8	242	0	3
boletus_edulis	Boletus edulis	60.477393	25.064532	393613.619	6706143.089	1000	15.4714	17.1857	16.79	5.1	23.1	1.4021	3.3284	2.6947	7	2012	8	223	1	3
other_agaricoid	Lactifluus piperatus	60.477393	25.064532	393613.619	6706143.089	1000	15.4714	17.1857	16.79	5.1	23.1	1.4021	3.3284	2.6947	7	2012	8	223	0	3
boletus_edulis	Boletus edulis	60.17948	25.06611	392727.197	6672970.625	100	9.119	8.9783	11.1506	2.6718	15.1559	6.8893	3.6248	3.3113	8	2024	10	289	1	3
other_agaricoid	Hygrocybe ceracea	60.169984	25.06634	392708.985	6671912.98	1	15.993	15.5762	16.1048	10.2197	20.5292	1.9655	2.3911	3.3857	7	2023	9	271	0	3
other_agaricoid	Aspropaxillus giganteus	60.20046	25.06678	392832.767	6675305.427	17	16.0338	15.0827	15.2698	11.0412	20.2732	0.8387	1.3493	1.0802	8	2025	9	250	0	3
other_agaricoid	Russula farinipes	60.255689	25.067297	393041.535	6681453.756	1	11.8483	12.3931	14.4375	4.4847	20.1087	0.5791	3.7905	4.9073	6	2021	9	247	0	3
other_agaricoid	Russula decolorans	60.367968	25.067582	393423.728	6693954.522	1	16.44	16.7008	16.7458	10.508	23.6639	6.664	3.332	2.6895	5	2024	9	259	0	3
other_agaricoid	Lycoperdon excipuliforme	60.24077	25.06867	393068.875	6679790.452	56	2.3287	1.4947	2.6247	-2.9042	10.2356	3.6	2.443	3.0172	9	2024	4	119	0	3
boletus_edulis	Boletus edulis	60.35198	25.06873	393434.858	6692172.538	128	16.0306	16.9066	16.455	8.5522	25.4508	1.1669	1.3033	5.1902	6	2020	7	208	1	3
other_agaricoid	Kuehneromyces mutabilis	60.165738	25.06976	392884.89	6671434.684	1	15.9725	16.5028	17.0506	9.7407	19.7076	0.0308	7.3176	3.7671	8	2023	9	252	0	3
other_agaricoid	Apioperdon pyriforme	60.22888	25.07215	393222.833	6678460.988	16	15.5164	16.8256	16.9174	8.0448	19.7172	5.7254	2.9538	2.33	6	2024	9	261	0	3
other_agaricoid	Mycena galericulata	60.2267	25.07324	393276.105	6678216.505	10	15.9726	16.7344	16.7379	9.7562	21.4291	1.2117	1.1382	2.0118	8	2023	7	207	0	3
other_agaricoid	Lactarius torminosus	60.42278	25.07327	393915.873	6700048.225	10	12.2689	12.896	14.0105	6.4968	18.4002	3.3008	5.2113	4.2468	11	2020	9	260	0	3
boletus_edulis	Boletus edulis	60.42169	25.07347	393923.332	6699926.539	20	17.1921	17.4238	18.4218	9.9029	24.63	0.7612	3.6086	3.0018	7	2024	8	230	1	3
boletus_edulis	Boletus edulis	60.64543	25.07486	394728.899	6724836.476	11	16.3233	16.6154	17.7043	9.1409	24.9097	1.1753	4.9579	4.0613	8	2024	8	230	1	3
boletus_edulis	Boletus edulis	62.42076	25.076149	400636.97	6922533.495	100	10.9571	11.5	13.75	2.0	19.4	0.1334	2.8978	2.95	8	2014	9	247	1	3
other_agaricoid	Lactarius deliciosus	62.349275	25.077388	400464.141	6914570.201	1	6.7207	8.9709	11.543	-3.2937	17.5062	2.3644	3.2616	2.6124	9	2018	9	271	0	3
other_agaricoid	Lactifluus piperatus	60.22999	25.08018	393671.099	6678571.61	100	17.1049	17.733	16.9959	9.835	25.6913	0.9037	3.6982	2.9046	5	2023	8	226	0	3
boletus_edulis	Boletus edulis	62.420229	25.081331	400902.797	6922466.4	1000	12.3284	12.421	13.841	3.5888	19.316	2.5734	3.1224	2.3076	11	2019	9	257	1	3
other_agaricoid	Phaeolepiota aurea	60.16024	25.08185	393537.892	6670802.993	10	9.5133	12.26	14.1785	2.94	14.9845	9.4533	5.3407	4.3213	9	2023	10	281	0	3
boletus_edulis	Boletus edulis	60.159634	25.082903	393594.366	6670733.825	1	7.5372	8.1092	10.5909	0.4973	13.9258	2.1671	1.5027	2.2051	9	2019	10	278	1	3
boletus_edulis	Boletus edulis	60.23217	25.08334	393853.132	6678809.245	100	17.5926	17.6492	18.3511	8.2516	22.0638	0.1433	1.2907	1.6755	5	2024	8	235	1	3
boletus_edulis	Boletus edulis	60.23217	25.08334	393853.132	6678809.245	100	17.5926	17.6492	18.3511	8.2516	22.0638	0.1433	1.2907	1.6755	5	2024	8	235	1	3
boletus_edulis	Boletus edulis	60.343676	25.08562	394339.793	6691220.768	1	12.2676	11.9865	13.3429	0.5236	20.571	0.2411	0.532	4.8227	6	2021	9	254	1	3
other_agaricoid	Coprinus comatus	60.343752	25.085778	394348.758	6691228.976	1	9.9122	8.7575	9.3276	-0.2538	15.6356	1.3636	1.3975	2.1314	7	2022	10	284	0	3
other_agaricoid	Amanita muscaria	61.21226	25.08583	397172.317	6787935.788	19	16.1201	16.1726	16.8485	6.8993	22.1881	0.9243	0.9191	1.6074	7	2024	8	237	0	3
other_agaricoid	Lactarius lacunarum	60.338704	25.087301	394416.49	6690664.483	100	16.9225	16.3411	17.4691	9.4448	25.3262	5.5674	4.0538	3.208	10	2021	8	228	0	3
other_agaricoid	Mycetinis scorodonius	60.343653	25.088321	394488.767	6691213.881	1	15.3728	16.6795	17.0725	8.0092	20.8226	1.6272	1.46	3.0174	9	2023	8	237	0	3
other_agaricoid	Mycena galopus	62.542754	25.08881	401692.832	6936100.965	1	11.4857	11.9643	12.5967	5.8	16.4	2.2052	1.8426	1.9833	12	2012	9	249	0	3
boletus_edulis	Boletus edulis	60.625864	25.095259	395781.005	6722625.37	1	14.1974	15.369	15.54	4.6765	23.3681	3.2223	1.7395	2.7316	5	2019	9	249	1	3
other_agaricoid	Stropharia aeruginosa	60.19203	25.09568	394407.446	6674320.266	31	12.2	12.5269	13.5503	5.5094	18.9472	0.0	1.2079	2.6524	3	2020	9	268	0	3
boletus_edulis	Boletus edulis	60.193295	25.097041	394486.958	6674458.935	1	17.8511	17.7422	17.504	12.298	22.9282	0.9614	0.928	2.7496	5	2023	8	233	1	3
other_agaricoid	Lactarius lacunarum	60.193262	25.097284	394500.324	6674454.872	1	17.8511	17.7422	17.504	12.298	22.9282	0.9614	0.928	2.7496	5	2023	8	233	0	3
boletus_edulis	Boletus edulis	60.192733	25.097416	394505.944	6674395.762	1	16.8121	16.5955	17.0388	8.5932	19.9585	3.1516	2.6909	4.4623	7	2023	9	256	1	3
boletus_edulis	Boletus edulis	61.201554	25.098702	397828.971	6786723.439	100	16.4893	14.9195	13.7045	9.4448	22.7561	0.2382	2.4118	1.771	6	2025	9	253	1	3
other_agaricoid	Amanita muscaria	60.19237	25.099293	394608.836	6674352.348	1	7.5515	9.6368	12.7245	-0.4595	14.2958	6.131	7.805	4.9281	10	2023	10	286	0	3
other_agaricoid	Pyrrhulomyces astragalinus	60.194308	25.099916	394649.585	6674567.131	1	16.7393	17.6135	17.6086	12.298	21.0163	0.7409	0.6644	2.6116	7	2023	8	236	0	3
other_agaricoid	Mycena viscosa	60.278649	25.100525	394953.693	6683956.745	1	3.4255	4.2835	2.7385	-1.7612	7.5124	4.5529	3.1567	2.3082	11	2023	11	318	0	3
boletus_edulis	Boletus edulis	60.35478	25.10067	395205.922	6692433.086	52	17.1218	17.1712	18.455	9.2279	24.8199	2.9162	4.1155	2.9402	9	2024	8	228	1	3
boletus_edulis	Boletus edulis	60.19842	25.10474	394930.149	6675017.273	703	15.8545	15.5187	16.0862	10.5391	21.358	1.7595	2.8314	1.6497	7	2026	8	242	1	3
other_agaricoid	Russula pyrenaica	61.744517	25.104905	399919.958	6847177.705	100	13.5143	12.9143	13.7767	6.4	21.6	1.621	1.1906	2.6377	5	2013	9	255	0	3
boletus_edulis	Boletus edulis	60.196556	25.107373	395070.14	6674805.547	1	15.413	15.7137	17.4875	11.8904	19.6619	3.0164	3.4718	2.1065	8	2018	9	244	1	3
other_agaricoid	Gomphidius glutinosus	60.48001	25.10879	396054.25	6706363.775	10	15.2915	16.1841	16.3094	5.2692	23.1572	6.743	3.3715	2.6649	6	2024	9	260	0	3
boletus_edulis	Boletus edulis	60.16104	25.1093	395063.705	6670848.13	100	16.5898	16.852	17.0074	13.5669	21.8465	7.5947	5.0804	3.5895	10	2021	8	231	1	3
boletus_edulis	Boletus edulis	60.4802	25.10961	396099.919	6706383.636	10	16.767	16.7714	17.7741	6.4955	24.467	0.214	1.7912	2.7254	5	2024	8	234	1	3
boletus_edulis	Boletus edulis	60.20357	25.1104	395260.288	6675581.682	10	15.4711	16.4236	16.7625	12.0198	19.1431	8.1214	5.3686	4.1619	11	2021	8	233	1	3
other_agaricoid	Amanita fulva	60.49388	25.11059	396197.5	6707905.286	10	16.5678	16.9342	18.0633	8.9823	24.541	2.6541	4.6623	3.6506	8	2024	8	229	0	3
boletus_edulis	Boletus edulis	60.54222	25.11114	396382.231	6713286.85	20	13.156	14.7096	15.7519	4.5757	19.0235	4.2137	3.2624	2.5646	5	2024	9	263	1	3
other_agaricoid	Amanita fulva	60.49417	25.1116	396253.904	6707935.984	10	20.2876	19.6317	18.5681	13.7014	27.5525	2.005	2.4545	2.2673	7	2024	7	208	0	3
other_agaricoid	Tricholomopsis decora	60.49435	25.11184	396267.662	6707955.648	10	20.2876	19.6317	18.5681	13.7014	27.5525	2.005	2.4545	2.2673	7	2024	7	208	0	3
other_agaricoid	Russula claroflava	60.47827	25.11258	396256.964	6706164.056	10	20.792	19.7297	18.4544	13.9574	27.4746	0.0685	2.0901	2.2462	7	2024	7	210	0	3
other_agaricoid	Russula sanguinea	60.30843	25.11607	395907.951	6687247.969	10	17.7876	17.1786	16.7197	10.6577	27.5545	1.3499	2.559	2.4048	9	2020	8	222	0	3
boletus_edulis	Boletus edulis	60.526659	25.116205	396610.416	6711546.233	1	16.1813	16.7831	18.4894	4.6569	23.4195	2.6531	3.7332	2.033	9	2021	8	222	1	3
boletus_edulis	Boletus edulis	60.48014	25.1164	396472.852	6706366.258	10	9.744	10.4324	13.4125	-1.695	17.8454	8.2809	4.1462	3.5083	5	2024	10	275	1	3
boletus_edulis	Boletus edulis	60.35638	25.1174	396133.905	6692584.753	25	10.6403	11.8895	14.1291	0.2991	20.5544	0.846	4.2908	5.3792	8	2021	9	248	1	3
other_agaricoid	Armillaria ostoyae	61.20358	25.11908	398930.315	6786917.367	100	15.3488	14.8306	15.1445	7.9644	22.3069	2.0802	3.4975	2.4207	10	2026	8	243	0	3
other_agaricoid	Cyathus striatus	60.242157	25.123022	396081.999	6679858.046	1	16.259	16.967	16.017	9.239	21.2704	6.3576	4.2579	2.771	11	2017	8	220	0	3
other_agaricoid	Pleurotus dryinus	60.27419	25.1241	396243.098	6683422.961	100	13.1432	12.3147	12.8435	2.1806	19.9861	0.1775	0.1785	2.9765	5	2020	9	270	0	3
other_agaricoid	Aspropaxillus giganteus	60.281795	25.125322	396334.744	6684267.796	1	17.0641	17.0372	16.4036	8.4371	24.3154	2.7825	4.7916	2.6946	11	2017	8	225	0	3
boletus_edulis	Boletus edulis	60.4855	25.12584	397008.596	6706948.26	10	11.027	11.0196	13.5759	-1.1626	19.9939	8.3079	4.1592	3.7814	5	2024	9	274	1	3
boletus_edulis	Boletus edulis	60.27302	25.12629	396360.505	6683289.248	100	15.3437	16.3496	16.8945	9.6231	20.2137	8.6283	5.9611	4.4054	13	2021	8	233	1	3
other_agaricoid	Neofavolus suavissumus	60.216133	25.127181	396229.977	6676953.954	1	14.5828	15.4777	15.8966	4.9112	19.1982	2.7607	2.8954	4.688	7	2023	9	264	0	3
other_agaricoid	Neofavolus suavissumus	60.215345	25.127353	396237.016	6676865.946	1	14.5828	15.4777	15.8966	4.9112	19.1982	2.7607	2.8954	4.688	7	2023	9	264	0	3
boletus_edulis	Boletus edulis	66.89547	25.12799	418035.582	7420959.213	100	10.4079	10.0798	12.3352	-0.1304	19.2239	0.2312	0.7632	1.9581	5	2021	9	244	1	3
boletus_edulis	Boletus edulis	66.309054	25.129006	416120.996	7355613.041	1	12.1346	12.647	15.0423	4.7252	20.6383	1.7344	3.1347	3.2326	9	2016	8	232	1	3
other_agaricoid	Lactarius torminosus	60.26661	25.13188	396649.431	6682566.775	100	13.0595	12.0323	13.3426	3.24	18.7558	2.4086	1.5405	4.7506	7	2021	9	255	0	3
boletus_edulis	Boletus edulis	61.403	25.13242	400282.155	6809103.765	10	10.6275	9.3935	12.5161	4.4805	16.2079	2.8995	1.4498	1.6223	5	2022	9	260	1	3
boletus_edulis	Boletus edulis	60.27067	25.13394	396776.166	6683015.599	100	15.6797	17.2103	16.0077	8.3885	21.8148	4.4693	2.2529	4.9793	8	2020	7	211	1	3
boletus_edulis	Boletus edulis	60.23472	25.13472	396706.126	6679011.632	100	17.6971	17.3458	16.8251	9.1205	22.5005	0.4303	4.1207	2.6268	8	2019	8	243	1	3
boletus_edulis	Boletus edulis	60.27211	25.13506	396842.643	6683174.18	100	15.6797	17.2103	16.0077	8.3885	21.8148	4.4693	2.2529	4.9793	8	2020	7	211	1	3
other_agaricoid	Homophron cernuum	66.275182	25.135796	416312.85	7351829.693	1000	5.4851	5.2963	6.5052	-0.4197	10.3843	2.9233	1.5602	1.5652	9	2022	10	280	0	3
boletus_edulis	Boletus edulis	60.21992	25.135978	396729.228	6677361.806	1	12.5073	12.5166	13.7563	3.3322	17.3392	0.2619	0.352	4.0479	5	2021	9	254	1	3
other_agaricoid	Calonarius metarius	66.173328	25.136616	416011.757	7340479.381	100	11.6429	12.5	13.65	1.6	19.3	0.0506	0.1258	0.8111	3	2013	9	248	0	3
boletus_edulis	Boletus edulis	60.189941	25.137066	396695.279	6674022.2	1	17.6191	16.4055	18.0526	13.8003	22.3456	1.1138	0.6893	0.5088	5	2019	8	225	1	3
boletus_edulis	Boletus edulis	60.23516	25.13851	396917.351	6679054.696	10	16.8019	16.9773	16.9216	8.6847	25.4801	1.1103	1.2382	1.664	7	2020	8	228	1	3
boletus_edulis	Boletus edulis	60.2337	25.13901	396940.449	6678891.356	10	14.6668	16.2918	16.935	8.6104	19.769	3.8575	3.0758	2.3964	7	2024	9	263	1	3
boletus_edulis	Boletus edulis	60.191666	25.140209	396874.947	6674209.35	1000	16.281	16.6494	15.2468	13.6099	19.9746	8.4539	4.5277	2.88	8	2025	9	260	1	3
other_agaricoid	Tricholoma ulvinenii	60.188802	25.14048	396880.988	6673890.046	1	10.8699	11.1563	12.0672	4.9221	15.9103	0.0196	0.2649	2.2401	6	2017	10	274	0	3
other_agaricoid	Russula postiana	60.234863	25.140725	397039.056	6679018.17	1	6.74	6.1444	7.3066	0.8289	12.3566	4.9524	3.5339	2.7242	11	2019	10	286	0	3
other_agaricoid	Amanita porphyria	61.227466	25.141655	400218.772	6789542.539	1000	8.2813	11.9514	15.7492	1.7406	15.3063	0.1768	0.5917	0.9988	8	2022	9	249	0	3
other_agaricoid	Armillaria borealis	60.23598	25.14184	397104.292	6679140.8	14	15.4663	14.3449	14.9435	10.4024	20.4239	0.7888	1.716	1.2055	8	2025	9	249	0	3
other_agaricoid	Rhodocollybia asema	60.23034	25.14187	397088.269	6678512.784	102	11.0344	12.6588	14.1061	3.0644	16.3469	0.5255	0.6182	4.0735	6	2021	9	251	0	3
other_agaricoid	Hypholoma capnoides	61.19962	25.14245	400173.313	6786440.487	10	5.3035	6.7726	6.4661	-0.5642	9.6803	1.4683	0.8435	1.0367	7	2024	10	305	0	3
boletus_edulis	Boletus edulis	60.23781	25.14281	397163.732	6679343.044	10	14.6668	16.2918	16.935	8.6104	19.769	3.8575	3.0758	2.3964	7	2024	9	263	1	3
other_agaricoid	Cortinarius evernius	60.233805	25.142897	397155.997	6678896.983	1	18.3244	16.9692	16.225	11.3866	24.7167	2.548	3.467	2.6342	5	2015	8	223	0	3
other_agaricoid	Marasmiellus perforans	60.234091	25.143423	397186.017	6678928.007	1	16.4777	16.9392	16.1977	9.9237	20.9465	1.9531	4.1117	2.5023	10	2017	8	223	0	3
boletus_edulis	Boletus edulis	60.31453	25.1441	397475.523	6687883.247	10	16.492	16.0578	14.2805	10.8943	22.9837	3.2826	1.9179	1.5475	9	2025	9	257	1	3
boletus_edulis	Boletus edulis	60.188001	25.144205	397085.013	6673795.049	1	10.8699	11.1563	12.0672	4.9221	15.9103	0.0196	0.2649	2.2401	6	2017	10	274	1	3
boletus_edulis	Boletus edulis	60.31521	25.14433	397490.357	6687958.603	10	16.492	16.0578	14.2805	10.8943	22.9837	3.2826	1.9179	1.5475	9	2025	9	257	1	3
other_agaricoid	Lactarius vietus	60.372794	25.144727	397692.765	6694369.605	1	12.387	12.0736	14.365	3.7237	18.5601	0.5501	0.5947	0.9639	5	2017	9	249	0	3
boletus_edulis	Boletus edulis	60.33385	25.14478	397573.62	6690033.346	20	16.6189	16.5075	16.0417	8.4944	22.6239	3.3896	2.3459	3.4159	8	2020	8	214	1	3
boletus_edulis	Boletus edulis	60.374383	25.14508	397717.208	6694545.983	1	15.5516	16.1112	18.5586	6.3701	23.7176	3.0269	3.3467	2.1585	6	2018	8	239	1	3
boletus_edulis	Boletus edulis	60.18736	25.14509	397132.077	6673722.3	10	14.71	15.0721	16.6706	5.3942	19.3406	6.5392	4.4133	3.5397	6	2024	9	271	1	3
boletus_edulis	Boletus edulis	60.24094	25.14554	397324.666	6679687.294	10	14.4566	15.3787	15.7893	4.0436	19.3708	2.7335	2.8296	4.5966	7	2023	9	264	1	3
other_agaricoid	Lactarius quieticolor	60.188598	25.145868	397179.087	6673858.929	1	15.4459	15.8423	16.6961	9.4416	20.8239	3.9627	3.3737	3.4878	10	2019	9	257	0	3
boletus_edulis	Boletus edulis	60.29252	25.14627	397526.479	6685429.211	10	16.8653	17.0357	17.0455	11.3625	23.1468	6.4989	3.2495	2.588	5	2024	9	259	1	3
other_agaricoid	Russula depallens	60.18753	25.146936	397234.964	6673738.353	1	9.6215	8.9551	10.9355	1.2757	16.5988	1.2211	1.9162	1.661	8	2018	10	285	0	3
boletus_edulis	Boletus edulis	60.29299	25.14699	397567.744	6685480.424	10	14.8276	15.4081	16.1794	4.7606	20.4157	0.0257	6.5975	3.6629	8	2023	9	252	1	3
boletus_edulis	Boletus edulis	60.29286	25.14716	397576.733	6685465.686	10	14.8276	15.4081	16.1794	4.7606	20.4157	0.0257	6.5975	3.6629	8	2023	9	252	1	3
boletus_edulis	Boletus edulis	60.23615	25.14756	397421.513	6679150.823	168	13.5543	15.783	16.5963	8.573	22.406	0.1099	3.0758	2.3588	7	2024	9	265	1	3
boletus_edulis	Boletus edulis	60.47406	25.148074	398194.369	6705639.883	1000	12.1074	14.2506	14.7372	4.0926	17.9888	2.8519	2.9843	2.8401	9	2018	9	261	1	3
boletus_edulis	Boletus edulis	61.220636	25.149249	400604.904	6788770.4	100	16.8367	15.2846	13.7869	9.7476	22.5227	0.2816	2.3629	1.6824	6	2025	9	254	1	3
boletus_edulis	Boletus edulis	60.305284	25.1497	397755.934	6686845.072	1000	7.9033	10.9827	12.9551	-1.1265	14.3775	9.0044	5.2071	4.1299	12	2023	10	281	1	3
other_agaricoid	Cortinarius umbrinolens	60.228501	25.150212	397544.465	6678295.047	1	13.3045	14.3981	15.462	9.0681	20.0919	6.6812	7.4008	5.0336	10	2021	8	240	0	3
boletus_edulis	Boletus edulis	60.47627	25.15024	398320.334	6705882.61	100	16.1756	16.5561	16.7765	9.0215	26.0217	3.7271	2.3539	3.2399	7	2024	9	245	1	3
other_agaricoid	Phlegmacium argutum	60.295407	25.151445	397821.512	6685742.63	100	9.8	11.2786	12.62	-1.2	18.3	4.3393	2.171	1.9326	4	2014	9	267	0	3
boletus_edulis	Boletus edulis	60.2411	25.15272	397722.628	6679693.958	100	17.8412	17.4823	16.9425	11.1526	26.6152	0.7999	4.1084	2.7817	6	2023	8	225	1	3
boletus_edulis	Boletus edulis	60.33133	25.15393	398070.843	6689738.578	100	11.1238	13.5155	16.6814	4.1444	17.8305	1.3372	0.8105	2.7547	4	2025	8	238	1	3
other_agaricoid	Strobilurus stephanocystis	60.206078	25.15558	397771.957	6675790.1	1	3.736	3.949	2.8767	-0.3125	9.7189	3.0319	2.0845	1.1436	13	2020	4	106	0	3
other_agaricoid	Hygrophorus camarophyllus	60.26802	25.15668	398025.594	6682685.175	887	14.9097	16.0943	14.4802	11.4919	18.8483	9.1256	4.7988	2.953	10	2025	9	261	0	3
boletus_edulis	Boletus edulis	60.2948	25.15706	398129.936	6685666.359	15	15.9804	15.7619	15.9815	9.9708	22.0858	1.639	3.0226	2.7431	11	2020	8	218	1	3
boletus_edulis	Boletus edulis	60.29725	25.1572	398145.297	6685938.934	10	15.9664	15.7586	15.9818	9.7759	22.1112	1.6525	3.0063	2.7504	11	2020	8	218	1	3
other_agaricoid	Phlegmacium gentianeum	66.173937	25.158243	416988.319	7340518.404	1	9.3328	9.6006	11.3674	-1.9555	17.6216	2.2589	3.2218	3.5217	10	2016	9	252	0	3
boletus_edulis	Boletus edulis	61.00912	25.15981	400509.388	6765200.848	10	14.2242	15.3777	16.3482	8.6628	21.075	4.908	3.969	3.6861	12	2021	8	234	1	3
boletus_edulis	Boletus edulis	60.20551	25.1607	398053.924	6675718.939	552	15.8302	15.8557	15.0495	11.8557	25.3867	6.6955	4.8933	4.3035	9	2025	7	193	1	3
boletus_edulis	Boletus edulis	60.275456	25.161291	398303.716	6683506.004	1000	14.9485	15.2551	16.1817	7.6383	21.8029	4.0496	3.31	3.4708	11	2019	9	256	1	3
other_agaricoid	Cortinarius angelesianus	60.275456	25.161291	398303.716	6683506.004	1000	14.9485	15.2551	16.1817	7.6383	21.8029	4.0496	3.31	3.4708	11	2019	9	256	0	3
boletus_edulis	Boletus edulis	60.483201	25.162848	399034.802	6706634.945	1	16.4665	15.1206	15.4992	6.3677	25.8134	0.4845	0.9542	1.8809	7	2019	7	201	1	3
other_agaricoid	Lactifluus bertillonii	60.290633	25.163318	398462.87	6685192.74	1000	12.9062	14.3794	15.0604	1.752	18.3992	2.7556	2.6716	4.5246	8	2023	9	263	0	3
other_agaricoid	Lycoperdon perlatum	60.30513	25.1642	398556.559	6686805.532	221	10.6242	11.8413	14.0298	0.5479	20.1302	0.7701	4.1319	5.1866	8	2021	9	248	0	3
boletus_edulis	Boletus edulis	60.19955	25.16432	398236.077	6675049.754	100	17.3482	17.3869	17.8439	13.0334	22.2132	0.5448	1.5107	1.3883	4	2024	9	251	1	3
other_agaricoid	Amanita regalis	60.234755	25.165337	398401.421	6678967.999	1	14.541	14.8587	17.2185	9.8598	20.5502	4.3896	4.1866	4.5756	9	2020	7	197	0	3
boletus_edulis	Boletus edulis	60.281734	25.165658	398564.648	6684198.294	1000	8.6599	11.9079	14.3472	-0.5114	15.3946	3.3227	3.5798	3.9188	12	2019	9	262	1	3
boletus_edulis	Boletus edulis	60.20069	25.16603	398334.384	6675174.05	100	17.3482	17.3869	17.8439	13.0334	22.2132	0.5448	1.5107	1.3883	4	2024	9	251	1	3
other_agaricoid	Pleurotus pulmonarius	60.206094	25.170941	398623.251	6675768.191	1	15.5591	17.818	17.6748	12.7862	18.0642	4.2126	5.0773	3.2379	7	2020	7	189	0	3
boletus_edulis	Boletus edulis	60.31178	25.17199	399007.477	6687534.013	10	17.8121	17.3049	16.8056	8.8306	28.4962	0.7401	4.2718	2.8989	7	2023	8	224	1	3
boletus_edulis	Boletus edulis	60.206698	25.172193	398694.495	6675833.52	1	16.2052	15.4779	17.2562	10.4832	24.1805	2.9036	3.6851	3.4502	8	2020	7	199	1	3
boletus_edulis	Boletus edulis	60.277802	25.173823	399003.956	6683747.963	10	12.0857	11.7214	15.0633	5.9	19.9	0.1288	1.3371	1.9161	6	2010	9	252	1	3
boletus_edulis	Boletus edulis	60.20484	25.17542	398867.6	6675621.698	193	16.7402	16.3658	16.914	12.1293	19.0727	3.1193	2.0684	4.1521	6	2023	9	257	1	3
other_agaricoid	Inocybe lacera	63.76893	25.17871	410191.053	7072546.366	100	14.3899	14.8586	14.9175	7.3271	22.2087	8.6943	6.7845	4.613	10	2023	7	210	0	3
other_agaricoid	Russula grisescens	60.31755	25.179426	399435.966	6688165.105	1	18.1872	16.9871	18.1734	12.5218	26.6447	0.8825	0.9886	1.1247	8	2022	7	209	0	3
other_agaricoid	Calonarius flavipallens	61.742851	25.18073	403918.331	6846877.821	100	9.2985	8.891	10.0674	3.8	16.9158	0.0311	0.177	2.2428	8	2017	9	272	0	3
boletus_edulis	Boletus edulis	60.346421	25.181279	399626.998	6691376.914	1	14.9829	15.2529	16.7933	8.9739	21.3403	0.473	3.2647	2.2269	7	2018	9	245	1	3
other_agaricoid	Cystodermella granulosa	62.250755	25.183478	405647.353	6903438.852	100	14.6221	15.1294	16.4217	6.7076	18.6103	11.3074	6.2685	4.1384	9	2023	8	240	0	3
other_agaricoid	Cortinarius bolaris	60.35065	25.18789	400004.735	6691837.745	40	13.9543	14.2001	14.3488	4.7562	18.9853	1.4542	2.8183	2.2201	11	2023	10	274	0	3
other_agaricoid	Lentinellus castoreus	60.253738	25.187977	399712.999	6681046.995	1	14.0042	15.2702	15.9012	4.2029	18.6491	2.701	2.7598	4.4852	8	2023	9	263	0	3
boletus_edulis	Boletus edulis	60.460447	25.188062	400350.521	6704062.948	1	9.0575	7.7311	7.2617	3.6299	12.5534	1.1428	0.6215	1.661	6	2024	10	301	1	3
boletus_edulis	Boletus edulis	60.28783	25.18814	399826.293	6684842.688	100	17.629	17.2685	16.7773	9.4982	27.9427	0.7341	4.1048	2.8302	6	2023	8	225	1	3
other_agaricoid	Amanita muscaria	60.342665	25.18877	400028.854	6690947.319	1	15.5865	15.095	16.1296	9.2061	21.225	0.2562	1.2266	2.1304	5	2018	9	250	0	3
boletus_edulis	Boletus edulis	60.288705	25.191159	399995.851	6684935.533	1000	17.1986	16.8448	17.0785	10.4294	22.4524	4.08	3.0195	2.0187	6	2024	9	257	1	3
boletus_edulis	Boletus edulis	60.26906	25.19133	399945.318	6682747.916	10	17.8809	17.2103	17.3797	11.3107	24.3608	0.0	1.7741	1.1743	4	2024	9	253	1	3
boletus_edulis	Boletus edulis	60.27755	25.19198	400007.182	6683692.242	100	6.9028	9.9599	12.5821	-0.0649	13.6074	0.3212	4.0666	3.4318	6	2024	10	280	1	3
other_agaricoid	Russula paludosa	61.02677	25.19313	402364.766	6767116.113	200	15.6389	17.4006	16.5734	8.6011	24.3897	0.4379	0.985	1.7565	8	2022	8	214	0	3
other_agaricoid	Russula emetica	60.345373	25.194328	400343.837	6691240.426	1	9.8114	7.811	9.1378	-4.068	16.9521	1.2151	1.8188	1.6146	7	2018	10	287	0	3
boletus_edulis	Boletus edulis	60.346532	25.194503	400357.029	6691369.211	1	14.8286	15.0887	16.6157	8.9593	21.1689	0.4681	3.2818	2.2327	7	2018	9	245	1	3
other_agaricoid	Amanita muscaria	60.298488	25.19522	400250.143	6686018.667	1000	15.3166	15.9999	18.4627	6.9617	22.6153	3.1486	3.4897	2.1335	6	2018	8	239	0	3
other_agaricoid	Deconica montana	60.346417	25.195469	400409.982	6691354.947	1	13.8857	14.3143	14.28	8.4	18.7	1.3473	1.378	0.9081	6	2013	9	263	0	3
other_agaricoid	Kuehneromyces mutabilis	60.28202	25.19581	400232.581	6684184.152	165	15.0941	16.2798	16.6528	7.9759	21.7094	1.6163	0.8429	1.2683	3	2026	8	226	0	3
other_agaricoid	Coprinellus micaceus	60.28202	25.19581	400232.581	6684184.152	165	15.0941	16.2798	16.6528	7.9759	21.7094	1.6163	0.8429	1.2683	3	2026	8	226	0	3
other_agaricoid	Clitocybe odora	60.348901	25.196456	400472.012	6691630.038	1	10.7857	10.2214	11.2733	4.6	14.2	5.2739	6.5924	4.4664	12	2012	10	276	0	3
other_agaricoid	Gymnopus dryophilus	60.348901	25.196456	400472.012	6691630.038	1	10.7857	10.2214	11.2733	4.6	14.2	5.2739	6.5924	4.4664	12	2012	10	276	0	3
boletus_edulis	Boletus edulis	60.280309	25.19778	400336.293	6683990.664	1	13.4572	13.2701	15.0027	5.2186	18.8005	0.6548	0.6141	1.7747	7	2017	9	245	1	3
boletus_edulis	Boletus edulis	60.346058	25.198081	400553.018	6691311.03	1	16.3	16.7143	18.08	11.2	23.2	1.5461	5.6974	3.4535	11	2013	8	233	1	3
boletus_edulis	Boletus edulis	60.35336	25.19994	400677.804	6692121.273	100	17.1061	16.77	16.4466	11.1811	27.6898	1.1843	2.2442	2.4433	8	2020	8	221	1	3
other_agaricoid	Armillaria borealis	60.547851	25.202007	401383.222	6713774.186	1	14.3463	14.8615	16.2513	6.5455	21.5018	0.5348	3.0607	2.2479	9	2018	9	245	0	3
boletus_edulis	Boletus edulis	60.30269	25.20209	400642.54	6686476.167	10	8.3112	7.3037	10.0958	0.2282	14.6883	6.9662	3.6329	4.1958	7	2024	10	287	1	3
boletus_edulis	Boletus edulis	60.24462	25.20278	400504.482	6680009.351	10	18.8295	17.6401	17.2896	13.36	26.7233	2.3502	4.4897	2.5949	7	2023	8	221	1	3
other_agaricoid	Strobilurus stephanocystis	60.24307	25.20309	400516.941	6679836.301	180	4.8009	4.9719	3.7092	-0.0541	12.8743	2.7416	1.7999	1.1413	10	2020	4	111	0	3
other_agaricoid	Pholiota squarrosa	66.398584	25.203465	419744.975	7365491.598	100	4.0523	3.4663	7.7547	-6.9243	11.8957	0.0794	0.0597	1.4891	4	2019	9	271	0	3
boletus_edulis	Boletus edulis	64.972678	25.2037	415214.897	7206614.011	1	13.3136	13.428	13.5211	7.1988	18.5666	0.9218	1.0835	1.1963	3	2019	7	191	1	3
boletus_edulis	Boletus edulis	60.243116	25.20407	400571.327	6679839.945	1	17.5507	16.5604	15.2219	12.6252	21.1566	2.5039	1.6213	1.498	6	2025	9	256	1	3
boletus_edulis	Boletus edulis	60.243116	25.20407	400571.327	6679839.945	1	17.5507	16.5604	15.2219	12.6252	21.1566	2.5039	1.6213	1.498	6	2025	9	256	1	3
boletus_edulis	Boletus edulis	60.30439	25.20421	400764.833	6686662.262	10	16.7222	16.3114	16.3879	10.8769	22.6783	7.8313	5.0536	3.1264	11	2023	8	217	1	3
boletus_edulis	Boletus edulis	63.80898	25.20431	411578.639	7076972.034	10	15.9542	16.1552	14.8606	9.1571	24.1793	6.844	5.2369	4.2894	10	2020	7	213	1	3
boletus_edulis	Boletus edulis	60.305561	25.20518	400821.975	6686791.187	1	17.3697	17.5155	18.4303	9.3754	24.6146	0.426	2.1677	2.383	7	2024	8	231	1	3
boletus_edulis	Boletus edulis	60.70178	25.2066	402102.766	6730907.301	10	16.5282	16.6953	17.7648	7.6947	25.1006	0.2215	1.7255	3.699	6	2024	8	231	1	3
other_agaricoid	Amanita citrina	60.350575	25.206906	401053.667	6691800.698	1000	8.101	6.8602	9.6348	2.0246	13.726	2.9349	2.0799	2.9789	11	2019	10	276	0	3
other_agaricoid	Lactarius tabidus	60.242668	25.207655	400768.417	6679784.667	1	16.4391	16.6172	17.3674	11.47	19.5633	10.3386	6.8787	3.603	13	2023	9	246	0	3
boletus_edulis	Boletus edulis	60.30556	25.20876	401019.763	6686785.697	100	16.7287	17.038	17.7291	7.6313	21.9989	0.8733	0.789	2.2289	6	2024	8	237	1	3
boletus_edulis	Boletus edulis	60.27579	25.20881	400932.491	6683470.883	100	12.799	12.9415	15.595	6.7092	18.1181	2.8759	1.438	2.9772	5	2025	8	242	1	3
boletus_edulis	Boletus edulis	60.285743	25.209523	401002.005	6684578.027	1	13.0286	13.3071	15.9067	6.9	19.8	0.2896	2.9281	3.8162	9	2014	9	247	1	3
boletus_edulis	Boletus edulis	60.348526	25.209924	401213.982	6691568.024	1	16.5574	16.9273	16.1172	7.5345	22.629	1.6006	3.7404	2.3109	9	2017	8	223	1	3
other_agaricoid	Panellus mitis	60.26908	25.21046	401003.464	6682721.283	10	7.9867	7.939	7.5526	3.2854	11.2353	2.8721	4.9593	2.7351	12	2025	11	309	0	3
other_agaricoid	Russula vitellina	60.347836	25.210705	401254.988	6691490.025	1	16.4143	16.8143	18.1633	10.8	23.2	1.5519	5.7534	3.4798	11	2013	8	233	0	3
other_agaricoid	Lactifluus volemus	60.347252	25.210737	401254.989	6691424.951	1	16.4143	16.8143	18.1633	10.8	23.2	1.5519	5.7534	3.4798	11	2013	8	233	0	3
other_agaricoid	Cortinarius trivialis	60.291139	25.210884	401093.545	6685176.803	1	17.7735	16.9695	16.5377	10.9551	23.2353	0.4089	3.8297	2.7536	8	2019	9	244	0	3
boletus_edulis	Boletus edulis	61.003516	25.211222	403271.467	6764499.8	1	8.2305	12.082	16.0453	1.1911	15.9389	0.1195	0.7618	0.8159	6	2022	9	249	1	3
other_agaricoid	Tapinella atrotomentosa	64.970405	25.211604	415580.722	7206350.194	1	12.4264	13.7117	15.1008	5.1014	19.4297	0.3015	0.3573	0.2229	5	2020	9	247	0	3
boletus_edulis	Boletus edulis	60.347176	25.212391	401346.024	6691414.013	1	19.1857	18.1714	17.8433	11.5	28.5	4.6362	2.6529	2.6033	10	2012	8	216	1	3
other_agaricoid	Schizophyllum commune	60.24139	25.21253	401034.417	6679635.048	11	5.3923	5.4786	4.6219	-1.2802	12.1268	0.0308	0.1335	0.5481	2	2022	5	125	0	3
other_agaricoid	Porotheleum fimbriatum	60.267195	25.212742	401123.995	6682507.976	1	16.439	16.7575	17.227	12.9997	20.0813	7.7115	4.4403	4.0639	11	2023	8	241	0	3
other_agaricoid	Gomphidius glutinosus	60.419061	25.213269	401611.535	6699416.843	1	15.2546	15.4408	15.6468	7.6356	24.4197	3.9702	2.1234	2.607	5	2018	9	257	0	3
other_agaricoid	Cortinarius infractus	60.420139	25.213696	401638.299	6699536.238	1000	14.8411	14.604	15.278	3.1652	21.6791	2.1033	1.6104	3.8344	6	2023	9	258	0	3
other_agaricoid	Strobilurus esculentus	60.288277	25.214813	401302.086	6684852.248	1	7.4706	10.4339	13.0072	-2.1254	12.3169	0.9044	1.1305	1.9007	9	2018	9	273	0	3
boletus_edulis	Boletus edulis	60.24504	25.21542	401205.392	6680037.124	46	16.107	16.5903	16.9057	13.1717	19.8194	8.2227	5.8117	3.9026	12	2021	8	232	1	3
boletus_edulis	Boletus edulis	60.344817	25.215663	401519.458	6691146.455	1	16.0277	16.5421	16.6668	7.0887	22.3391	2.6814	2.7263	3.3182	6	2019	9	248	1	3
boletus_edulis	Boletus edulis	60.24031	25.21575	401209.416	6679509.971	10	17.283	16.9031	17.6743	13.2516	19.9116	12.0266	6.4381	3.9347	12	2023	9	244	1	3
boletus_edulis	Boletus edulis	60.24034	25.2158	401212.274	6679513.237	100	17.283	16.9031	17.6743	13.2516	19.9116	12.0266	6.4381	3.9347	12	2023	9	244	1	3
boletus_edulis	Boletus edulis	66.25997	25.21615	419870.938	7350029.473	15	13.4286	12.5286	15.18	1.8	22.5	0.9293	2.8547	3.0449	7	2011	8	230	1	3
other_agaricoid	Hygrocybe citrinovirens	60.345193	25.21654	401568.986	6691187.011	1	19.1857	18.1714	17.8433	11.5	28.5	4.6362	2.6529	2.6033	10	2012	8	216	0	3
boletus_edulis	Boletus edulis	60.24368	25.21662	401267.72	6679883.9	10	16.5225	16.3785	16.4501	12.207	21.6895	8.9266	4.8564	3.1151	9	2023	8	216	1	3
other_agaricoid	Tricholoma saponaceum	60.283846	25.216753	401395.985	6684355.976	1	5.7458	6.5172	8.2899	-2.7354	14.0443	0.981	5.9525	4.4725	9	2017	10	294	0	3
other_agaricoid	Lactarius helvus	60.274646	25.217509	401410.096	6683330.472	1	7.8549	11.2699	13.9553	0.1486	12.9806	1.9036	3.5198	2.991	13	2019	9	264	0	3
boletus_edulis	Boletus edulis	60.24311	25.21757	401318.591	6679819.012	10	18.4737	18.4287	19.204	13.8713	23.3752	3.6342	3.1684	2.389	11	2024	8	224	1	3
other_agaricoid	Mycena viridimarginata	61.002443	25.217815	403624.672	6764370.596	1	17.6323	16.8198	17.4086	9.3267	25.3644	2.2351	1.85	1.1872	9	2024	7	195	0	3
other_agaricoid	Lentinellus castoreus	60.28388	25.217963	401462.983	6684357.954	1	8.9307	8.8222	9.3913	-1.5617	15.0589	0.5764	0.7912	2.1616	8	2022	10	286	0	3
boletus_edulis	Boletus edulis	60.3091	25.21894	401592.843	6687164.625	100	16.7287	17.038	17.7291	7.6313	21.9989	0.8733	0.789	2.2289	6	2024	8	237	1	3
other_agaricoid	Hygrophorus piceae	60.343895	25.219565	401732.007	6691037.971	1	5.1286	6.4	5.5333	1.2	8.5	6.5457	6.1169	3.9767	13	2013	11	312	0	3
boletus_edulis	Boletus edulis	60.276541	25.22026	401567.923	6683537.362	1	14.0914	14.3321	15.612	6.8302	20.8092	1.9448	4.1982	2.1604	8	2019	7	194	1	3
boletus_edulis	Boletus edulis	60.266951	25.220695	401563.172	6682468.914	1000	14.3197	15.4407	15.6642	6.4466	18.5085	5.7292	2.8711	3.0999	7	2018	9	259	1	3
boletus_edulis	Boletus edulis	60.61344	25.2208	402611.422	6721049.482	15	16.6413	15.0675	16.5661	6.178	26.6733	0.5868	2.3733	3.8862	8	2020	7	201	1	3
boletus_edulis	Boletus edulis	60.27156	25.22823	401993.75	6682970.885	100	17.6996	17.2843	16.7709	10.5148	27.173	0.701	4.0769	2.7708	6	2023	8	225	1	3
boletus_edulis	Boletus edulis	65.171817	25.230621	417106.839	7228765.221	100	13.6376	14.5307	16.8403	9.4965	19.2236	4.5255	3.1691	2.7354	7	2018	8	240	1	3
other_agaricoid	Gymnopus peronatus	60.270802	25.230633	402124.387	6682882.918	1	6.4904	6.3577	6.4189	-1.6639	11.7616	4.6369	4.646	3.0339	13	2019	10	293	0	3
other_agaricoid	Pholiota limonella	60.271105	25.231354	402165.169	6682915.586	1	6.4904	6.3577	6.4189	-1.6639	11.7616	4.6369	4.646	3.0339	13	2019	10	293	0	3
other_agaricoid	Hygrophorus pustulatus	60.271568	25.232461	402227.776	6682965.498	1	6.4904	6.3577	6.4189	-1.6639	11.7616	4.6369	4.646	3.0339	13	2019	10	293	0	3
other_agaricoid	Cortinarius sanguineus	66.265749	25.232667	420630.897	7350652.383	1	7.4562	8.0022	9.7159	-3.7741	16.967	0.7454	0.4757	2.4286	6	2021	9	254	0	3
boletus_edulis	Boletus edulis	60.409076	25.235169	402787.497	6698272.527	1	10.7429	12.9286	16.81	4.6	17.4	2.5753	2.9966	2.2665	10	2010	9	245	1	3
other_agaricoid	Rhodocollybia asema	60.473888	25.237167	403090.737	6705486.276	1	1.2086	4.0292	7.4285	-2.9174	7.7672	0.3871	2.7376	3.6019	10	2023	10	296	0	3
other_agaricoid	Tapinella atrotomentosa	64.81312	25.239	416385.805	7188790.349	100	13.3844	13.6068	13.899	5.1517	19.2588	2.3197	1.1598	5.0441	5	2026	9	248	0	3
boletus_edulis	Boletus edulis	60.904357	25.243076	404697.59	6753411.216	1	16.3593	16.4408	16.4536	9.7803	24.3854	3.2227	1.9501	2.5541	9	2023	7	211	1	3
other_agaricoid	Neofavolus suavissumus	60.27396	25.24456	402904.019	6683213.967	1	15.3804	14.6248	15.2745	7.3212	20.7447	4.3395	3.7643	4.6072	9	2023	9	268	0	3
other_agaricoid	Stropharia hornemannii	64.75702	25.24693	416589.187	7182529.711	110	8.7033	9.1221	9.2242	-2.2405	13.5324	2.4919	1.6408	0.836	7	2022	9	265	0	3
other_agaricoid	Lycoperdon excipuliforme	63.80087	25.24794	413701.808	7076008.904	10	8.4083	8.9334	11.9973	-2.142	19.9646	0.6301	1.8394	3.3856	7	2021	9	248	0	3
boletus_edulis	Boletus edulis	60.605579	25.250571	404217.447	6720130.421	100	13.1793	15.1622	15.4251	2.4611	23.3393	2.7499	1.5035	1.8014	8	2019	9	251	1	3
other_agaricoid	Leucocybe connata	61.35069	25.25138	406476.711	6803102.361	100	8.8729	9.0222	14.3432	0.8711	16.1979	0.0009	0.1215	1.0878	6	2022	9	255	0	3
other_agaricoid	Hygrophorus pustulatus	66.859557	25.256825	423563.252	7416793.369	100	5.3013	6.1138	6.7924	1.4861	8.5562	1.0606	0.5814	1.251	11	2017	10	281	0	3
boletus_edulis	Boletus edulis	66.094032	25.265053	421554.803	7331477.085	1000	16.779	15.9484	14.6525	9.2576	25.3772	5.5615	4.0817	4.461	9	2020	7	207	1	3
other_agaricoid	Clitocybe nebularis	60.3899	25.26913	404601.78	6696087.678	100	8.8921	7.2262	10.325	1.8727	15.0421	6.1078	3.1855	4.4934	6	2024	10	286	0	3
boletus_edulis	Boletus edulis	60.21223	25.27086	404178.349	6676302.15	18	16.8627	17.6688	17.5038	13.8071	21.2828	0.9542	0.7624	2.4852	7	2023	8	236	1	3
other_agaricoid	Cortinarius biformis	61.909485	25.270863	409171.593	6865306.002	1000	14.4604	14.4464	16.2291	8.6576	19.9606	7.995	4.6336	3.2336	9	2023	8	242	0	3
boletus_edulis	Boletus edulis	60.21235	25.2715	404214.159	6676314.583	19	16.8627	17.6688	17.5038	13.8071	21.2828	0.9542	0.7624	2.4852	7	2023	8	236	1	3
boletus_edulis	Boletus edulis	60.21269	25.27249	404270.003	6676351.004	40	16.8627	17.6688	17.5038	13.8071	21.2828	0.9542	0.7624	2.4852	7	2023	8	236	1	3
boletus_edulis	Boletus edulis	60.21266	25.27283	404288.754	6676347.171	36	16.8627	17.6688	17.5038	13.8071	21.2828	0.9542	0.7624	2.4852	7	2023	8	236	1	3
other_agaricoid	Cortinarius caperatus	64.79016	25.27326	417942.413	7186187.503	144	13.8282	14.6248	16.4278	2.4551	22.6421	0.1636	0.7759	2.8296	6	2023	8	237	0	4
other_agaricoid	Lycoperdon subumbrinum	65.209456	25.281807	419618.554	7232892.654	1	17.289	16.6872	16.7678	11.4308	26.9189	6.2593	6.5346	4.1597	9	2022	8	230	0	4
other_agaricoid	Infundibulicybe squamulosa	60.262697	25.281899	404936.311	6681905.494	1	17.0841	16.5252	17.6845	11.4433	20.7588	2.1524	1.5405	0.7288	8	2019	8	229	0	4
other_agaricoid	Inocybe geophylla	65.210974	25.282884	419673.532	7233060.416	1000	19.7183	17.9176	16.9877	13.9289	26.9189	8.9312	4.611	4.8059	10	2022	8	234	0	4
boletus_edulis	Boletus edulis	65.135531	25.290507	419802.38	7224644.988	1	13.7992	14.1152	14.3358	7.2464	18.7965	0.0668	0.0334	1.7039	3	2018	9	253	1	4
boletus_edulis	Boletus edulis	61.707329	25.290841	409628.713	6842764.017	1000	14.2276	14.7483	15.37	5.5856	19.453	0.6262	4.3617	2.5662	7	2023	9	253	1	4
boletus_edulis	Boletus edulis	61.000144	25.292518	407657.068	6764006.968	1	17.543	19.6726	18.2646	9.4318	25.0675	1.5606	1.0036	0.687	4	2022	8	239	1	4
boletus_edulis	Boletus edulis	60.57717	25.3024	406973.013	6716892.628	10	14.1952	15.1333	16.7154	6.3016	21.4335	2.1766	3.1861	2.14	7	2018	8	243	1	4
boletus_edulis	Boletus edulis	61.739548	25.303171	410374.166	6846335.168	1000	7.1473	8.0149	11.8867	2.6449	10.6377	0.3723	0.305	2.2211	3	2025	10	278	1	4
other_agaricoid	Pholiota squarrosoides	61.740795	25.305462	410498.775	6846470.892	1	12.4983	12.7246	13.7723	5.2193	19.5452	0.1895	1.1477	1.4193	5	2016	9	259	0	4
boletus_edulis	Boletus edulis	62.66385	25.30901	413370.926	6949272.982	10	11.3156	13.3883	15.1095	5.1697	16.8473	7.9931	6.4068	5.2351	13	2021	8	237	1	4
boletus_edulis	Boletus edulis	61.34706	25.30968	409583.866	6802615.978	31	12.4879	13.6938	14.5471	4.9818	18.3012	3.1066	1.6569	3.1173	5	2023	9	262	1	4
boletus_edulis	Boletus edulis	60.26116	25.31392	406703.418	6681688.644	131	15.6076	17.0114	17.2377	9.9505	19.7394	6.5333	3.36	2.5662	7	2024	9	262	1	4
boletus_edulis	Boletus edulis	62.66718	25.31699	413789.353	6949633.197	10	11.8337	12.5093	14.1511	5.4343	19.1971	4.8152	4.8492	4.5447	9	2021	8	242	1	4
other_agaricoid	Hypsizygus tessulatus	61.356183	25.321749	410255.467	6803615.301	1000	13.981	16.1299	16.59	7.5459	19.5545	9.8814	5.0355	3.5669	8	2024	9	262	0	4
boletus_edulis	Boletus edulis	64.78012	25.32415	420330.736	7185003.926	23	9.9126	9.4521	12.5095	2.4363	20.1829	0.5725	1.4295	3.3971	7	2021	9	247	1	4
other_agaricoid	Coprinus comatus	65.16488	25.32554	421532.325	7227871.0	1	9.9975	9.9489	11.1609	2.5891	15.3772	2.1043	4.3775	2.7922	10	2020	9	269	0	4
boletus_edulis	Boletus edulis	63.73895	25.35329	418712.066	7068972.834	400	14.707	15.4159	14.7514	9.3232	25.5628	7.8647	4.4339	5.1927	8	2020	7	208	1	4
boletus_edulis	Boletus edulis	66.48091	25.36307	427113.809	7374470.082	1	14.7143	14.1933	15.1304	9.9065	22.6128	3.6017	4.1774	2.7102	8	2024	9	249	1	4
boletus_edulis	Boletus edulis	64.80674	25.36494	422346.137	7187919.127	100	19.6213	18.5781	17.3602	6.8039	30.9525	2.7757	5.2199	3.6269	12	2023	8	221	1	4
boletus_edulis	Boletus edulis	62.33667	25.37024	415587.511	6912749.854	10	14.1312	16.4032	14.9195	7.1066	23.158	1.8018	1.0646	3.875	9	2020	7	210	1	4
boletus_edulis	Boletus edulis	62.33433	25.37447	415800.017	6912483.709	10	14.094	16.371	14.8849	7.5632	23.1612	1.8265	1.0833	3.9017	9	2020	7	210	1	4
other_agaricoid	Mycena megaspora	65.103918	25.380694	423942.25	7221011.11	1000	8.9615	11.7605	13.1192	2.2616	15.6577	5.774	4.5583	3.6599	10	2025	9	267	0	4
boletus_edulis	Boletus edulis	64.908191	25.381755	423433.675	7199202.022	1	13.6813	14.4977	16.5126	3.6555	22.414	4.1134	3.3242	2.7681	7	2018	8	241	1	4
boletus_edulis	Boletus edulis	61.239252	25.385055	413318.235	6790507.811	100	10.0627	11.3548	12.7346	1.1263	18.6326	1.4349	1.1713	3.8832	6	2021	9	252	1	4
boletus_edulis	Boletus edulis	65.326741	25.385803	424817.381	7245832.476	100	12.7143	13.1	16.2933	5.8	17.9	1.7177	3.373	2.9899	11	2014	8	242	1	4
other_agaricoid	Stropharia aeruginosa	62.22705	25.3906	416338.205	6900513.904	100	14.2039	15.3672	15.2897	6.7047	23.1168	12.6509	6.4329	5.3313	6	2024	9	259	0	4
other_agaricoid	Coprinopsis atramentaria	64.81567	25.39321	423713.793	7188879.709	10	16.7466	16.2403	16.3458	8.3466	24.7762	0.9576	2.1855	2.4326	5	2024	9	252	0	4
boletus_edulis	Boletus edulis	65.15495	25.39343	424685.038	7226681.902	1	15.8911	16.7563	17.1002	9.6023	23.8343	2.275	2.8475	2.0663	7	2021	8	221	1	4
other_agaricoid	Lactarius aquizonatus	60.258001	25.395033	411182.509	6681224.949	1	12.2753	14.0527	15.6809	6.7777	19.8061	5.0692	3.9495	4.0028	12	2019	9	260	0	4
other_agaricoid	Mycena galericulata	62.48362	25.399314	417498.533	6929079.955	1	15.7082	14.0203	13.3038	6.3367	22.0809	6.3368	3.4629	2.2879	9	2025	9	251	0	4
other_agaricoid	Cortinarius semisanguineus	64.77268	25.40002	423916.009	7184081.694	100	14.8124	14.1369	14.9708	6.0838	22.7759	14.9702	9.8024	6.5901	12	2026	8	232	0	4
other_agaricoid	Amanita muscaria	64.77166	25.40057	423939.288	7183967.388	100	16.6443	15.7499	13.4934	10.4309	24.4124	4.2162	2.5288	1.9707	8	2025	9	256	0	4
other_agaricoid	Conocybe apala	64.77207	25.40061	423942.344	7184013.021	59	16.4169	17.2787	15.6218	7.4931	25.6479	2.3642	1.4125	2.3305	7	2024	7	187	0	4
boletus_edulis	Boletus edulis	64.77187	25.40069	423945.585	7183990.641	100	15.6656	15.9135	16.2237	8.3548	26.1605	4.2814	4.3193	2.2265	13	2026	8	218	1	4
boletus_edulis	Boletus edulis	64.77186	25.4007	423946.032	7183989.515	14	14.1691	14.1036	14.9226	6.0376	20.0789	12.4099	9.2756	6.5991	11	2026	8	234	1	4
boletus_edulis	Boletus edulis	64.77197	25.40081	423951.572	7184001.639	100	11.1178	10.9482	14.3523	3.5723	18.6249	0.932	1.1059	1.9734	11	2025	8	242	1	4
boletus_edulis	Boletus edulis	64.77202	25.40084	423953.139	7184007.174	100	13.3505	14.1714	15.1672	2.5063	21.5429	5.7436	4.3072	3.5647	11	2026	8	226	1	4
other_agaricoid	Cortinarius armeniacus	64.77184	25.40098	423959.289	7183986.95	100	4.5576	4.5885	6.2395	-6.5369	8.1048	1.2535	0.7853	1.4974	8	2025	10	297	0	4
boletus_edulis	Boletus edulis	64.77252	25.40438	424122.857	7184058.636	10	14.9922	16.0092	16.2685	8.3548	22.5163	2.8708	4.2772	2.2533	13	2026	8	219	1	4
other_agaricoid	Pseudosperma rimosum	65.071635	25.410631	425257.616	7217378.366	100	19.2055	18.5375	17.3057	11.7589	29.6281	4.287	5.9968	4.1196	12	2023	8	222	0	4
other_agaricoid	Amanita virosa	60.283333	25.416666	412447.212	6684016.76	1	17.6039	17.0792	16.6883	12.3777	25.4332	1.39	2.2829	2.1819	7	2020	8	222	0	4
other_agaricoid	Russula alnetorum	60.283333	25.416666	412447.212	6684016.76	1	16.0704	16.1738	16.1142	9.9402	22.0399	4.3534	2.3224	2.841	6	2018	9	257	0	4
other_agaricoid	Clitocybe nebularis	65.070856	25.419207	425658.677	7217281.45	1	4.3653	7.9102	10.051	-3.5022	11.7967	5.4824	4.32	3.3119	10	2023	10	282	0	4
boletus_edulis	Boletus edulis	60.293477	25.419222	412615.605	6685142.916	100	13.8774	13.5287	15.0053	6.4265	20.4483	0.3282	4.3957	4.8465	7	2021	9	245	1	4
boletus_edulis	Boletus edulis	60.293477	25.419222	412615.605	6685142.916	100	15.9353	16.2469	16.8338	9.3949	19.3482	1.7129	5.4221	3.0778	11	2023	9	249	1	4
other_agaricoid	Lactarius deterrimus	60.293477	25.419222	412615.605	6685142.916	100	15.9353	16.2469	16.8338	9.3949	19.3482	1.7129	5.4221	3.0778	11	2023	9	249	0	4
other_agaricoid	Panellus mitis	60.293477	25.419222	412615.605	6685142.916	100	9.6076	9.4464	10.1466	2.1822	15.2218	1.0857	1.3635	1.9159	9	2022	10	280	0	4
boletus_edulis	Boletus edulis	60.293498	25.421029	412715.538	6685142.861	100	17.7575	17.0827	17.0358	9.5963	22.5244	4.5861	2.567	2.2513	5	2020	8	237	1	4
boletus_edulis	Boletus edulis	65.141841	25.422163	425995.292	7225187.289	100	13.3888	13.6681	15.3539	6.936	21.2086	1.2457	2.2029	2.6264	7	2018	9	244	1	4
other_agaricoid	Clitocybe nebularis	65.0283	25.42298	425717.724	7212535.359	10	4.7368	5.3129	6.1217	-0.1259	8.3608	0.7784	1.728	2.0531	11	2025	11	306	0	4
boletus_edulis	Boletus edulis	60.316985	25.42825	413176.997	6687748.642	1	7.1214	10.5818	13.5909	0.7923	12.4706	0.5766	3.7035	2.6808	12	2019	9	265	1	4
other_agaricoid	Amanita rubescens	60.17039	25.4297	412868.601	6671423.286	10	19.473	19.7044	16.8234	11.6435	30.8342	0.0	0.0277	1.8942	2	2019	7	212	0	4
other_agaricoid	Hygrophoropsis aurantiaca	60.16963	25.43036	412903.206	6671337.79	10	15.9331	16.7643	18.6532	12.8413	19.7515	2.6626	3.8573	1.9058	9	2021	8	221	0	4
other_agaricoid	Bovista nigrescens	65.072101	25.430588	426197.261	7217406.827	1000	12.9956	14.4358	18.3537	4.3018	24.5781	2.2279	1.2438	2.3079	8	2025	8	233	0	4
boletus_edulis	Boletus edulis	60.16976	25.43118	412949.045	6671351.184	10	21.7415	22.5763	20.5925	17.5139	25.8159	5.9871	2.9935	3.1354	6	2025	8	217	1	4
boletus_edulis	Boletus edulis	61.839752	25.433966	417550.587	6857322.057	1	14.819	16.119	14.8596	8.5983	22.6538	5.9089	3.5828	3.5205	10	2020	7	212	1	4
other_agaricoid	Gomphidius glutinosus	60.316045	25.434784	413535.403	6687635.386	1	6.5977	7.1163	10.968	-0.9755	12.8455	2.2585	1.4974	2.181	7	2018	10	280	0	4
other_agaricoid	Kuehneromyces mutabilis	62.24694	25.43575	418738.446	6902671.758	100	16.2234	15.2457	13.436	8.354	22.5939	3.6659	2.0714	1.8637	7	2025	9	256	0	4
boletus_edulis	Boletus edulis	65.022884	25.436751	426351.346	7211915.784	100	8.5552	9.7089	10.4559	4.5465	14.2328	0.3717	2.1864	3.4619	10	2017	9	266	1	4
boletus_edulis	Boletus edulis	60.899499	25.439862	415357.677	6752600.186	1000	13.0419	13.3769	14.8709	7.4678	20.8181	7.1148	5.7844	4.6179	11	2021	8	242	1	4
boletus_edulis	Boletus edulis	65.01152	25.4408	426510.833	7210644.875	256	16.1529	16.4045	16.1738	11.1041	20.0667	1.8256	4.19	4.1255	11	2020	8	217	1	4
boletus_edulis	Boletus edulis	65.011	25.44234	426581.978	7210585.146	363	16.1529	16.4045	16.1738	11.1041	20.0667	1.8256	4.19	4.1255	11	2020	8	217	1	4
other_agaricoid	Russula decolorans	65.09572	25.44553	426964.578	7220021.15	15	13.2465	13.4632	13.7842	6.0272	19.2614	3.2681	1.6565	4.6606	8	2026	9	248	0	4
other_agaricoid	Stropharia hornemannii	65.09577	25.44643	427006.994	7220025.681	31	12.1163	13.0151	13.5463	5.2618	19.2614	2.22	1.6565	4.5216	8	2026	9	249	0	4
boletus_edulis	Boletus edulis	60.16001	25.44753	413830.64	6670244.083	10	20.0325	17.741	16.0106	14.8386	26.4066	0.0592	0.0582	1.9969	3	2019	7	205	1	4
boletus_edulis	Boletus edulis	65.02072	25.45004	426971.412	7211659.247	31	16.0049	14.0236	13.9043	5.3333	24.7822	4.0305	2.2533	1.7981	6	2025	9	250	1	4
boletus_edulis	Boletus edulis	65.02067	25.4595	427416.928	7211642.778	731	13.8765	14.6372	15.616	3.829	21.2492	5.2863	4.0774	3.424	12	2026	8	226	1	4
boletus_edulis	Boletus edulis	65.06771	25.45989	427563.064	7216883.657	10	14.8839	15.6552	13.3974	7.4901	23.8599	3.182	4.6681	2.5962	9	2025	9	259	1	4
boletus_edulis	Boletus edulis	65.06652	25.45989	427559.832	7216751.063	157	14.832	15.5998	16.1979	11.3363	19.3817	5.0721	5.7239	3.6636	11	2021	8	233	1	4
boletus_edulis	Boletus edulis	65.00354	25.46002	427394.915	7209733.517	10	16.8118	16.3611	16.1676	9.8865	24.4075	0.3519	2.0987	2.1171	7	2024	9	256	1	4
other_agaricoid	Panellus mitis	65.06873	25.46053	427595.931	7216996.575	10	14.026	15.2977	15.6695	7.8441	20.7582	6.1534	5.131	3.1869	14	2026	8	223	0	4
other_agaricoid	Infundibulicybe gibba	65.05897	25.46063	427574.133	7215908.971	10	12.5664	11.5137	13.5145	4.8092	20.5792	1.0036	1.0599	2.0275	9	2025	9	246	0	4
boletus_edulis	Boletus edulis	65.05718	25.46066	427570.684	7215709.489	100	15.2266	15.5901	16.2102	8.9681	22.5596	3.3874	3.9023	2.2986	9	2024	9	246	1	4
boletus_edulis	Boletus edulis	65.06625	25.46075	427599.543	7216719.993	100	12.5664	11.5137	13.5145	4.8092	20.5792	1.0036	1.0599	2.0275	9	2025	9	246	1	4
other_agaricoid	Lactarius rufus	65.05894	25.46084	427583.93	7215905.388	10	12.8312	13.0445	14.7599	5.8632	19.2415	0.7238	0.6591	0.3769	6	2020	9	248	0	4
other_agaricoid	Stropharia caerulea	65.064436	25.460929	427603.037	7216517.667	100	11.1079	12.1852	13.121	6.0102	15.5678	1.9699	2.6099	2.2408	9	2018	9	262	0	4
other_agaricoid	Hygrocybe conica	65.06332	25.46225	427662.139	7216391.805	91	15.6711	15.5309	16.0867	8.9778	22.5884	3.9871	4.2007	2.405	10	2024	9	248	0	4
boletus_edulis	Boletus edulis	65.06511	25.46256	427681.574	7216590.898	10	14.4566	15.7606	16.0607	7.9112	20.7553	2.9409	4.219	2.42	14	2026	8	221	1	4
other_agaricoid	Gymnopus confluens	65.06234	25.46287	427688.643	7216281.901	74	12.0045	11.1857	13.7176	4.8092	20.5792	0.2305	0.68	1.8782	9	2025	9	245	0	4
other_agaricoid	Amanita fulva	65.06509	25.46336	427719.144	7216587.754	100	16.9748	15.8326	16.2197	11.9978	24.2376	7.1453	5.4928	3.6474	12	2023	8	213	0	4
other_agaricoid	Amanita fulva	65.07095	25.4639	427760.419	7217240.076	10	14.0443	15.3171	15.6901	7.6951	20.8701	6.1815	5.14	3.2037	14	2026	8	223	0	4
other_agaricoid	Lactarius tabidus	65.0639	25.46406	427748.842	7216454.36	10	11.965	11.1337	13.6775	4.6418	20.6457	0.2535	0.6835	1.8693	9	2025	9	245	0	4
other_agaricoid	Coprinus comatus	65.06458	25.46432	427762.913	7216529.83	10	11.965	11.1337	13.6775	4.6418	20.6457	0.2535	0.6835	1.8693	9	2025	9	245	0	4
boletus_edulis	Boletus edulis	65.06199	25.46499	427787.412	7216240.478	10	15.6646	15.5215	16.0591	8.8863	22.6796	4.0373	4.2315	2.4221	10	2024	9	248	1	4
other_agaricoid	Russula aeruginea	65.06325	25.46514	427797.878	7216380.7	14	11.965	11.1337	13.6775	4.6418	20.6457	0.2535	0.6835	1.8693	9	2025	9	245	0	4
boletus_edulis	Boletus edulis	65.07132	25.46523	427823.958	7217279.783	100	17.4953	16.7785	16.6121	10.4412	27.4649	7.3636	7.7061	4.8654	9	2022	8	229	1	4
other_agaricoid	Russula decolorans	65.06382	25.46529	427806.476	7216444.04	259	11.965	11.1337	13.6775	4.6418	20.6457	0.2535	0.6835	1.8693	9	2025	9	245	0	4
other_agaricoid	Amanita rubescens	60.72561	25.46662	416356.651	6733201.572	12	16.8628	16.7825	17.0788	7.8677	26.1079	3.3765	1.7848	2.9888	6	2023	8	233	0	4
boletus_edulis	Boletus edulis	65.07182	25.46702	427909.476	7217333.451	100	17.4953	16.7785	16.6121	10.4412	27.4649	7.3636	7.7061	4.8654	9	2022	8	229	1	4
boletus_edulis	Boletus edulis	65.06263	25.46786	427924.136	7216308.512	958	14.3731	15.5681	13.3609	7.4836	23.905	3.2419	4.2327	2.5514	9	2025	9	260	1	4
boletus_edulis	Boletus edulis	65.06361	25.46813	427939.483	7216417.399	144	12.5371	11.4676	13.4744	4.6418	20.6457	1.0215	1.0619	2.0191	9	2025	9	246	1	4
boletus_edulis	Boletus edulis	65.06471	25.46819	427945.277	7216539.896	10	15.6017	15.8736	16.3221	9.0556	25.713	3.7941	4.0918	2.2017	14	2026	8	218	1	4
boletus_edulis	Boletus edulis	65.06354	25.46882	427971.747	7216408.812	24	12.5371	11.4676	13.4744	4.6418	20.6457	1.0215	1.0619	2.0191	9	2025	9	246	1	4
boletus_edulis	Boletus edulis	65.06342	25.46891	427975.656	7216395.339	10	12.5371	11.4676	13.4744	4.6418	20.6457	1.0215	1.0619	2.0191	9	2025	9	246	1	4
boletus_edulis	Boletus edulis	65.06092	25.46968	428005.125	7216115.903	30	15.6646	15.5215	16.0591	8.8863	22.6796	4.0373	4.2315	2.4221	10	2024	9	248	1	4
other_agaricoid	Hebeloma incarnatulum	66.31607	25.47038	431441.603	7355978.966	1	7.3578	7.8646	9.5329	-3.5953	16.1534	0.7646	0.4893	2.3194	5	2021	9	254	0	4
boletus_edulis	Boletus edulis	60.9708	25.47123	417244.5	6760500.359	100	12.4024	14.3385	15.9858	7.2589	18.2061	3.5998	4.419	3.9033	13	2021	8	236	1	4
boletus_edulis	Boletus edulis	65.05832	25.47133	428075.728	7215824.323	10	19.6861	18.3305	17.2356	11.3921	29.7215	4.4663	5.8058	3.9522	11	2023	8	220	1	4
boletus_edulis	Boletus edulis	65.02666	25.47171	428008.275	7212296.234	100	4.875	5.4827	5.6834	-0.2352	9.0642	1.4354	1.6813	2.2174	10	2025	11	309	1	4
other_agaricoid	Lycoperdon perlatum	65.06455	25.47217	428132.033	7216517.535	10	15.6017	15.8736	16.3221	9.0556	25.713	3.7941	4.0918	2.2017	14	2026	8	218	0	4
other_agaricoid	Lactarius rufus	65.163162	25.472642	428420.003	7227504.757	100	14.0378	13.9714	15.2409	8.4986	17.5992	4.1828	3.253	2.392	7	2023	9	249	0	4
other_agaricoid	Coprinopsis lagopus	65.01044	25.47281	428016.408	7210487.704	316	9.833	9.0036	12.9137	1.6802	15.2553	0.3729	0.2076	3.0212	6	2022	9	257	0	4
boletus_edulis	Boletus edulis	61.042554	25.473924	417576.52	6768487.751	1	11.3446	13.5777	16.5659	4.5379	17.5718	1.9765	1.4431	1.6068	5	2025	8	238	1	4
boletus_edulis	Boletus edulis	65.0564	25.47902	428432.339	7215601.658	24	15.7028	15.4727	16.0335	8.8891	22.6203	4.0019	4.1165	2.4045	9	2024	9	249	1	4
boletus_edulis	Boletus edulis	60.99079	25.48023	417783.276	6762715.181	100	10.6983	12.9803	16.0883	4.102	17.1794	2.2598	1.5485	1.7184	5	2025	8	238	1	4
boletus_edulis	Boletus edulis	65.05646	25.48032	428493.66	7215606.872	10	16.9347	15.6749	16.4765	8.7865	26.2266	5.4588	3.3181	1.9718	10	2026	7	212	1	4
boletus_edulis	Boletus edulis	65.05656	25.48036	428495.81	7215617.969	26	14.0168	15.2989	15.6682	7.8931	20.8251	6.153	5.1212	3.1897	14	2026	8	223	1	4
boletus_edulis	Boletus edulis	60.996172	25.481031	417840.503	6763313.535	100	11.9571	10.7214	12.3133	4.6	21.4	2.6539	4.0194	3.6957	13	2014	7	184	1	4
boletus_edulis	Boletus edulis	65.02078	25.48278	428513.93	7211628.502	10	14.952	14.4113	15.1952	5.8596	21.8825	11.995	8.334	5.8083	12	2026	8	232	1	4
boletus_edulis	Boletus edulis	64.996041	25.483941	428502.5	7208870.694	1	17.0518	15.547	14.9142	11.0133	25.4379	1.8616	2.1429	2.4617	5	2019	9	246	1	4
other_agaricoid	Flammula alnicola	64.86597	25.48549	428228.457	7194376.169	10	16.8657	14.5202	13.6384	7.8811	25.7551	5.1638	2.7624	2.0343	8	2025	9	252	0	4
other_agaricoid	Hypholoma capnoides	64.86678	25.48625	428266.627	7194465.558	137	12.4247	11.4118	13.9022	-0.4293	21.0016	1.052	0.8763	0.5172	6	2020	9	250	0	4
boletus_edulis	Boletus edulis	60.35456	25.48838	416594.103	6691855.098	11	16.3537	17.9844	17.3783	10.9112	24.7233	1.0181	1.0327	3.4581	5	2026	7	204	1	4
boletus_edulis	Boletus edulis	60.35374	25.48891	416621.25	6691763.118	162	15.9114	17.9066	17.4394	10.4259	24.6371	1.0126	1.0082	3.2037	5	2026	7	205	1	4
other_agaricoid	Russula paludosa	65.06483	25.48917	428932.326	7216529.504	10	14.4559	14.0463	14.1043	6.179	21.0745	2.4183	1.3497	4.8275	8	2026	9	246	0	4
other_agaricoid	Lepiota pseudolilacea	65.014349	25.489729	428824.169	7210904.096	100	18.063	16.7899	16.7197	10.4455	27.6255	10.9584	6.4585	5.6363	8	2022	8	231	0	4
boletus_edulis	Boletus edulis	65.007418	25.489756	428806.986	7210131.791	100	18.0785	16.8053	16.7382	10.1132	27.7942	11.0989	6.5254	5.6888	8	2022	8	231	1	4
boletus_edulis	Boletus edulis	61.217307	25.490113	418900.005	6787929.033	100	11.115	11.8636	13.096	3.2997	18.4804	1.3996	1.2245	3.6633	6	2021	9	253	1	4
other_agaricoid	Rickenella swartzii	65.013716	25.491521	428906.926	7210831.548	100	18.063	16.7899	16.7197	10.4455	27.6255	10.9584	6.4585	5.6363	8	2022	8	231	0	4
boletus_edulis	Boletus edulis	62.35924	25.49195	421949.174	6915110.903	87	16.9175	15.2369	15.9978	7.3263	25.1549	3.6594	2.9193	4.2663	7	2026	8	213	1	4
other_agaricoid	Hebeloma mesophaeum	64.999903	25.492145	428899.61	7209291.756	1	10.9773	10.225	10.7894	4.2012	16.6811	1.9927	2.0236	3.3538	8	2020	10	275	0	4
boletus_edulis	Boletus edulis	61.0026	25.49439	418579.446	6764012.702	100	12.7563	12.9961	14.542	7.396	20.4001	6.7235	5.6172	4.5169	10	2021	8	242	1	4
other_agaricoid	Amanita fulva	60.99181	25.49585	418630.794	6762809.269	100	19.735	18.1108	20.6107	8.6078	30.4842	2.9561	1.894	1.1245	4	2021	7	211	0	4
other_agaricoid	Cortinarius traganus	60.98731	25.49657	418658.236	6762307.236	100	13.0985	11.8984	14.0432	5.7887	19.5133	2.6177	2.4388	1.6557	7	2025	9	245	0	4
other_agaricoid	Amanita porphyria	65.07582	25.496912	429325.585	7217745.371	1000	15.1504	14.915	14.6527	10.8819	20.754	2.8638	3.0961	1.4663	9	2019	8	234	0	4
boletus_edulis	Boletus edulis	62.35749	25.49843	422279.983	6914908.175	100	12.1979	10.9885	13.4876	4.7073	20.2514	0.6212	0.7261	1.0533	10	2025	9	244	1	4
boletus_edulis	Boletus edulis	65.000138	25.498815	429214.698	7209310.455	1	14.3607	15.1283	14.9381	6.9317	23.8565	3.1827	2.4083	2.8904	5	2019	9	249	1	4
other_agaricoid	Kuehneromyces mutabilis	60.98533	25.49901	418785.182	6762083.708	32	14.8465	15.7779	15.2778	8.1237	25.1574	4.373	2.3669	5.2672	7	2020	7	208	0	4
other_agaricoid	Cortinarius agathosmus	62.220346	25.500009	422007.575	6899630.629	1000	8.3286	9.9571	13.9833	0.1	14.9	1.2765	2.375	1.9712	10	2010	9	247	0	4
boletus_edulis	Boletus edulis	60.98545	25.50037	418859.065	6762095.387	34	14.8465	15.7779	15.2778	8.1237	25.1574	4.373	2.3669	5.2672	7	2020	7	208	1	4
other_agaricoid	Amanita rubescens	60.98813	25.50049	418872.389	6762393.694	100	11.5557	13.4297	15.113	7.4493	17.9231	7.5061	6.9863	5.2315	14	2021	8	238	0	4
other_agaricoid	Russula decolorans	60.988	25.50101	418900.188	6762378.573	40	15.777	14.5223	16.5485	7.3436	26.2674	0.8405	3.5914	4.2468	9	2020	7	200	0	4
boletus_edulis	Boletus edulis	60.98828	25.50172	418939.31	6762408.876	29	15.777	14.5223	16.5485	7.3436	26.2674	0.8405	3.5914	4.2468	9	2020	7	200	1	4
other_agaricoid	Lactarius lignyotus	61.009142	25.502346	419026.3	6764731.385	1	6.3613	9.8312	12.6588	-0.8286	10.8285	1.9493	2.8008	2.4366	13	2019	9	264	0	4
boletus_edulis	Boletus edulis	65.01202	25.5024	429415.088	7210630.381	10	5.9738	7.2012	7.8761	0.4809	9.8783	1.3491	2.6251	2.6547	8	2025	10	289	1	4
boletus_edulis	Boletus edulis	60.98801	25.50339	419028.963	6762376.742	100	15.3037	16.1315	16.7297	11.9496	24.1287	6.4665	5.1595	3.4801	12	2021	8	231	1	4
other_agaricoid	Mycena pura	64.99655	25.50448	429472.321	7208904.336	1	16.9951	15.4774	14.8366	10.7342	25.4625	1.8573	2.143	2.4749	5	2019	9	246	0	4
boletus_edulis	Boletus edulis	65.01594	25.50567	429579.515	7211063.515	10	15.286	16.1958	17.0582	7.7227	21.3672	0.4489	1.2035	3.3165	5	2023	8	234	1	4
boletus_edulis	Boletus edulis	60.996107	25.510523	419435.339	6763269.665	1	5.1364	8.2284	11.5371	-1.6143	11.7633	0.1757	3.4591	3.6201	7	2024	10	279	1	4
boletus_edulis	Boletus edulis	65.01806	25.51067	429820.674	7211294.173	100	16.8503	16.8505	18.1165	6.169	26.1128	1.2709	1.5568	2.036	9	2024	8	224	1	4
other_agaricoid	Pluteus leoninus	61.019643	25.512032	419576.502	6765888.891	1	16.8622	17.7872	17.6615	10.3028	25.0815	0.6619	1.453	1.2462	6	2022	7	212	0	4
boletus_edulis	Boletus edulis	65.01697	25.51254	429905.919	7211170.645	10	15.175	15.5118	16.0753	8.2659	23.0035	3.3862	3.9159	2.2976	7	2024	9	246	1	4
other_agaricoid	Mycena plumipes	65.100919	25.514205	430204.364	7220522.797	1000	9.4764	9.0684	7.719	4.4385	12.1877	2.3315	2.2369	2.6129	8	2021	10	284	0	4
boletus_edulis	Boletus edulis	65.10114	25.517449	430357.308	7220543.841	1	6.0723	8.121	9.188	-0.0178	11.2508	2.8297	3.1002	2.1504	8	2021	9	262	1	4
other_agaricoid	Coprinopsis atramentaria	65.07161	25.517702	430291.97	7217253.174	1	15.1204	14.8828	14.6249	10.624	20.8566	2.8928	3.2369	1.5353	10	2019	8	234	0	4
boletus_edulis	Boletus edulis	61.020208	25.518365	419920.179	6765944.052	1	16.2653	16.8777	20.0821	9.7442	24.9284	0.894	0.925	1.0847	5	2025	8	229	1	4
other_agaricoid	Gymnopus impudicus	62.256289	25.524273	423360.294	6903605.113	1000	8.4429	10.0357	14.04	-0.2	14.8	1.3037	2.2896	1.9692	10	2010	9	247	0	4
other_agaricoid	Cortinarius trivialis	65.06175	25.52611	430661.683	7216145.271	10	14.4407	14.1205	14.1636	5.2607	21.1048	1.5918	1.324	4.6704	8	2026	9	245	0	4
other_agaricoid	Lycoperdon perlatum	64.979768	25.526156	430450.801	7207010.408	1	8.5182	9.5181	10.6792	0.6188	14.3228	6.9468	4.9349	2.801	9	2020	9	266	0	4
other_agaricoid	Cortinarius nigrellus	66.534451	25.5272	434561.426	7380255.099	1	9.7908	10.5963	12.6765	0.5448	21.2099	1.3574	2.455	2.3756	10	2019	9	258	0	4
other_agaricoid	Amanita submembranacea	62.23758	25.52747	423478.899	6901517.446	100	12.1247	14.578	15.2132	0.3604	19.8385	12.4144	6.3869	5.0937	6	2024	9	262	0	4
boletus_edulis	Boletus edulis	61.3987	25.52753	421365.056	6808084.891	100	17.2384	17.0588	16.6271	13.4214	23.1844	0.0	2.5356	3.1024	4	2016	7	206	1	4
other_agaricoid	Russula claroflava	65.069727	25.528752	430806.658	7217031.214	100	13.2082	13.2497	13.9243	6.8146	18.8301	0.1407	0.5764	1.044	3	2019	7	198	0	4
boletus_edulis	Boletus edulis	65.06151	25.52971	430830.397	7216114.583	13	14.3063	13.9744	14.0236	5.18	21.0931	1.6076	1.3348	4.7098	8	2026	9	245	1	4
other_agaricoid	Phyllotopsis nidulans	61.424657	25.534651	421810.231	6810967.204	100	5.5935	5.5815	7.0789	-0.6666	11.5397	1.1741	0.728	1.5446	8	2022	10	303	0	4
boletus_edulis	Boletus edulis	61.29574	25.53557	421537.123	6796608.507	100	17.8371	17.401	17.6961	14.8733	22.616	4.5346	3.8986	1.8985	9	2023	8	217	1	4
boletus_edulis	Boletus edulis	62.20213	25.53712	423891.092	6897557.514	165	12.226	14.6655	15.2793	0.6757	19.8258	12.2947	6.3433	5.129	6	2024	9	262	1	4
other_agaricoid	Phlegmacium balteatocumatile	61.178128	25.537289	421336.02	6783508.113	1000	11.4916	12.2376	13.3929	4.6143	18.319	1.5179	1.264	3.5642	8	2021	9	253	0	4
other_agaricoid	Marasmius epiphyllus	66.53815	25.53842	435069.521	7380655.626	1	7.9222	9.8593	11.7711	-1.6189	16.3453	2.8172	1.4982	2.5004	9	2023	9	261	0	4
other_agaricoid	Marasmiellus perforans	60.467821	25.540552	419751.876	6704402.536	1000	9.755	11.5789	11.8142	1.9789	16.3166	0.7194	3.8771	2.8553	9	2017	9	266	0	4
other_agaricoid	Hygrophorus olivaceoalbus	61.011389	25.54068	421104.241	6764934.837	1	13.9394	15.6502	14.0944	10.9717	18.944	4.1043	2.0926	2.1959	8	2025	9	261	0	4
other_agaricoid	Chlorophyllum olivieri	60.955954	25.543956	421144.108	6758757.364	1	12.6692	11.3447	11.6547	2.3267	21.0989	0.1679	0.6231	2.142	5	2020	9	270	0	4
other_agaricoid	Coprinus comatus	60.99247	25.54414	421244.444	6762823.75	241	12.7635	12.7803	14.6876	3.9441	18.0868	2.8241	2.0661	1.6846	8	2020	9	249	0	4
other_agaricoid	Tricholoma inamoenum	60.955879	25.544162	421155.078	6758748.763	1	12.6692	11.3447	11.6547	2.3267	21.0989	0.1679	0.6231	2.142	5	2020	9	270	0	4
boletus_edulis	Boletus edulis	64.94656	25.54418	431216.015	7203290.521	100	15.7939	15.7329	15.9556	5.8479	25.3014	0.3269	5.5316	3.5754	8	2022	8	227	1	4
other_agaricoid	Gymnopilus penetrans	60.99818	25.54753	421441.908	6763455.576	10	11.7327	10.4399	11.9267	5.4563	18.0213	3.0402	1.9878	3.7166	9	2021	9	257	0	4
other_agaricoid	Entoloma cetratum	65.058238	25.548498	431705.776	7215729.56	100	9.2529	9.1772	9.6271	1.3889	15.9533	2.8555	1.495	1.2609	8	2016	10	277	0	4
other_agaricoid	Laccaria bicolor	65.074771	25.549728	431805.934	7217570.437	1000	12.7242	12.2002	14.2602	4.2111	19.3742	1.1455	0.7549	0.4989	5	2020	9	249	0	4
boletus_edulis	Boletus edulis	60.99859	25.55099	421630.034	6763497.092	100	17.6093	15.6997	16.3085	9.5949	26.2682	2.0952	3.3515	4.7574	8	2020	7	205	1	4
boletus_edulis	Boletus edulis	60.37131	25.55407	420259.167	6693638.996	100	8.6904	7.8109	10.6553	0.4872	15.4111	7.2854	3.8208	4.515	7	2024	10	287	1	4
boletus_edulis	Boletus edulis	65.06	25.556666	432094.52	7215917.089	72	15.6854	15.529	15.2797	10.2775	24.2048	2.0631	2.3862	2.3459	8	2015	8	226	1	4
boletus_edulis	Boletus edulis	65.060114	25.556896	432105.629	7215929.545	100	15.146	14.6569	14.2966	9.9656	20.67	3.2222	2.2267	1.8437	9	2015	7	209	1	4
boletus_edulis	Boletus edulis	65.060114	25.556896	432105.629	7215929.545	100	15.6854	15.529	15.2797	10.2775	24.2048	2.0631	2.3862	2.3459	8	2015	8	226	1	4
other_agaricoid	Cortinarius brunneifolius	65.060114	25.556896	432105.629	7215929.545	100	10.9641	11.6007	12.8003	4.569	16.8135	2.606	2.954	2.3436	10	2018	9	264	0	4
other_agaricoid	Hygrophorus olivaceoalbus	65.087033	25.557565	432205.593	7218928.312	100	14.629	14.0652	15.4227	6.5722	20.9243	3.8386	3.6087	3.5265	10	2016	8	238	0	4
other_agaricoid	Radulomyces confluens	64.953641	25.560113	431986.676	7204062.285	1	3.864	3.6851	4.4305	-5.5516	9.4642	3.0199	4.8795	4.2045	10	2020	11	309	0	4
boletus_edulis	Boletus edulis	60.976123	25.561591	422148.384	6760982.4	1	15.7142	17.6362	19.2041	6.7244	22.9637	3.2046	3.861	2.0251	6	2021	8	220	1	4
other_agaricoid	Pholiota squarrosa	60.98272	25.56196	422184.481	6761716.641	10	3.0904	3.1201	4.6353	-0.0874	8.7586	1.0803	1.031	1.4283	7	2024	11	321	0	4
boletus_edulis	Boletus edulis	60.975954	25.562473	422195.703	6760962.532	1000	15.82	14.6576	15.6976	6.9229	23.4878	0.7344	1.8283	1.667	9	2016	8	237	1	4
boletus_edulis	Boletus edulis	66.52998	25.56483	436221.687	7379717.898	1	15.888	14.5218	13.3686	9.764	25.1577	0.3356	2.1534	2.3275	7	2019	9	244	1	4
other_agaricoid	Lycoperdon excipuliforme	60.99625	25.56606	422439.302	6763218.559	556	14.0077	14.6613	15.6374	6.0523	20.5966	0.0338	3.2955	2.1469	8	2023	9	252	0	4
boletus_edulis	Boletus edulis	63.36979	25.56696	428337.029	7027592.397	68	10.8078	9.8338	10.6791	2.1716	17.9442	0.2838	2.0224	2.5768	9	2020	9	270	1	4
other_agaricoid	Lentinus brumalis	65.062605	25.568498	432657.69	7216194.691	1000	8.4583	9.2468	12.4413	-0.8144	16.6594	3.434	1.8095	1.6846	8	2024	9	273	0	4
boletus_edulis	Boletus edulis	64.90217	25.56941	432296.03	7198317.179	10	13.1119	13.3301	13.6823	5.1076	19.3308	2.5493	1.2747	4.8209	6	2026	9	248	1	4
other_agaricoid	Cystoderma carcharias	60.36715	25.57324	421306.222	6693152.713	100	6.9393	8.1735	9.4321	-0.5883	12.3989	1.0454	3.7986	3.5279	8	2024	10	292	0	4
boletus_edulis	Boletus edulis	66.52803	25.574278	436636.531	7379490.961	1	17.3847	15.6948	16.1232	11.7132	24.3261	5.2465	3.1393	2.5547	10	2023	8	215	1	4
boletus_edulis	Boletus edulis	63.37076	25.57462	428722.444	7027691.915	39	11.5341	9.9533	10.7174	3.4164	19.1892	0.2787	1.9354	2.616	8	2020	9	271	1	4
boletus_edulis	Boletus edulis	60.97969	25.57516	422891.344	6761363.595	52	11.4846	12.6334	15.6494	4.9805	19.267	2.252	1.7496	1.5825	6	2025	8	240	1	4
boletus_edulis	Boletus edulis	61.00626	25.57559	422978.961	6764322.089	300	14.1142	14.386	15.0395	6.2532	22.2579	2.2755	1.1471	2.565	5	2023	9	260	1	4
other_agaricoid	Cortinarius semisanguineus	61.01376	25.57701	423073.884	6765155.669	10	15.895	15.9128	16.3107	12.6994	22.7302	0.3616	2.1274	1.8672	5	2026	8	241	0	4
other_agaricoid	Amanita muscaria	60.99299	25.57709	423027.954	6762842.495	68	17.0702	18.0801	17.166	11.1472	25.9888	0.5371	0.4914	2.225	6	2026	7	203	0	4
other_agaricoid	Xeromphalina campanella	63.61511	25.578	429496.15	7054909.78	100	13.5038	9.8765	6.1938	-3.6836	25.8981	0.0279	0.1483	0.6955	5	2024	5	142	0	4
other_agaricoid	Mallocybe dulcamara	61.063034	25.579258	423314.475	6770640.528	1000	16.2058	15.2468	16.6912	9.9259	22.4993	1.7671	1.8602	1.5941	11	2016	8	235	0	4
other_agaricoid	Amanita muscaria	63.36898	25.57943	428958.548	7027488.278	54	10.7845	9.7858	10.5976	1.2431	18.1415	0.2787	2.0485	2.616	9	2020	9	270	0	4
boletus_edulis	Boletus edulis	63.35	25.58051	428965.718	7025372.665	263	11.4781	9.9096	10.6954	3.7754	19.0847	0.2814	1.9616	2.5905	8	2020	9	271	1	4
other_agaricoid	Gomphidius glutinosus	63.35	25.58051	428965.718	7025372.665	263	11.4781	9.9096	10.6954	3.7754	19.0847	0.2814	1.9616	2.5905	8	2020	9	271	0	4
other_agaricoid	Cortinarius uliginosus	63.384583	25.58105	429078.044	7029224.698	1	14.073	15.3202	15.4809	7.1132	21.5988	3.708	2.991	4.0102	9	2026	8	223	0	4
boletus_edulis	Boletus edulis	61.483359	25.586778	424733.056	6817443.694	100	3.6848	5.0529	6.5012	-0.1286	10.1581	1.3917	3.9506	2.6894	11	2019	10	284	1	4
other_agaricoid	Gomphidius glutinosus	61.483359	25.586778	424733.056	6817443.694	100	3.6848	5.0529	6.5012	-0.1286	10.1581	1.3917	3.9506	2.6894	11	2019	10	284	0	4
boletus_edulis	Boletus edulis	61.2892	25.58741	424298.603	6795818.968	10	17.5227	17.9714	18.6341	12.6691	24.352	0.8141	1.3225	2.0135	6	2024	8	230	1	4
boletus_edulis	Boletus edulis	65.061792	25.589648	433650.499	7216081.725	100	12.7853	14.418	14.5343	6.1753	21.4359	2.1421	2.5254	2.9176	7	2019	9	254	1	4
boletus_edulis	Boletus edulis	60.58071	25.58968	422722.346	6716914.896	10	16.6718	16.1849	17.2449	9.3276	25.3115	4.8353	4.0714	3.0607	11	2021	8	228	1	4
boletus_edulis	Boletus edulis	63.36725	25.58996	429480.839	7027283.923	125	11.5341	9.9533	10.7174	3.4164	19.1892	0.2787	1.9354	2.616	8	2020	9	271	1	4
boletus_edulis	Boletus edulis	65.061623	25.590006	433666.918	7216062.518	10	14.9006	15.5207	18.2075	7.2129	23.918	2.4732	2.6179	1.7415	6	2018	8	234	1	4
other_agaricoid	Russula atrorubens	61.01526	25.590581	423811.041	6765306.856	1	16.178	16.7141	17.0682	10.8992	24.6387	2.1531	1.3645	1.7811	8	2026	8	227	0	4
boletus_edulis	Boletus edulis	61.012426	25.590921	423822.628	6764990.846	1	16.2153	16.3547	15.4946	8.4287	23.6429	3.9253	4.4742	2.7954	9	2017	8	223	1	4
other_agaricoid	Russula decolorans	64.88852	25.59206	433333.972	7196772.182	10	16.4621	16.5045	17.8992	5.2571	26.303	1.4553	1.4648	2.2579	12	2024	8	226	0	4
other_agaricoid	Inocybe napipes	61.208573	25.592469	424376.254	6786833.637	1000	10.2092	11.763	13.7783	4.621	18.5098	1.0531	3.2332	3.4064	9	2021	9	249	0	4
other_agaricoid	Cuphophyllus virgineus	61.29087	25.593151	424610.239	6795998.318	100	10.5286	9.85	10.55	5.3	14.2	2.4838	5.921	3.9894	11	2012	10	280	0	4
other_agaricoid	Coprinopsis acuminata	60.85926	25.59333	423586.732	6747930.6	100	16.8072	16.9276	18.461	10.726	25.2792	1.8534	3.3779	2.81	9	2024	8	226	0	4
boletus_edulis	Boletus edulis	60.8591	25.59357	423599.385	6747912.502	10	6.5899	8.3688	12.1671	0.2628	15.4542	0.0	1.6541	2.0388	3	2025	10	276	1	4
other_agaricoid	Tubaria furfuracea	60.577931	25.595361	423026.991	6716598.765	1	1.0368	1.1897	0.9834	-9.0565	7.1119	1.3274	0.9893	1.9635	9	2020	1	12	0	4
other_agaricoid	Pleurotus viscidus	60.529761	25.597162	423011.28	6711232.455	100	12.1143	12.7714	14.1433	5.9	16.6	3.8065	4.8005	4.2538	11	2011	9	264	0	4
boletus_edulis	Boletus edulis	65.05835	25.60105	434178.34	7215686.266	104	14.1815	15.6047	15.9319	7.0389	21.4188	3.2573	4.3479	2.5591	14	2026	8	221	1	4
other_agaricoid	Coprinopsis lagopus	66.51978	25.61009	438207.448	7378535.641	61	17.3915	17.0247	18.0722	8.8999	25.4097	1.5596	0.9968	1.7962	6	2024	8	227	0	4
other_agaricoid	Lactarius lignyotus	62.207143	25.610329	427711.469	6898032.011	1	12.6401	13.7348	14.1238	4.5566	19.2218	2.9299	1.4737	1.5164	6	2018	9	257	0	4
other_agaricoid	Stropharia aeruginosa	62.20735	25.61588	428000.684	6898048.884	100	4.1278	6.2556	6.816	-3.7848	7.9691	0.1604	1.54	1.6	8	2025	10	290	0	4
boletus_edulis	Boletus edulis	65.119137	25.616541	435055.474	7222443.616	1000	4.1138	7.2091	8.5998	-2.7795	9.6312	1.6257	2.5871	2.1356	8	2020	10	291	1	4
boletus_edulis	Boletus edulis	64.89413	25.6206	434698.804	7197367.514	924	15.5541	15.3138	15.6512	7.6226	23.4501	4.2909	4.3638	2.4573	9	2024	9	248	1	4
boletus_edulis	Boletus edulis	62.099776	25.623492	428142.021	6886058.274	1000	18.8366	17.7263	17.4963	12.1109	29.1407	3.8518	8.6718	4.2901	11	2023	8	221	1	4
other_agaricoid	Amanita vaginata	60.96931	25.624691	425547.289	6760150.322	1	3.326	5.3676	7.6579	-0.2657	11.2099	0.9803	3.0308	2.7238	10	2019	10	280	0	4
boletus_edulis	Boletus edulis	60.969972	25.624732	425551.056	6760224.001	1	15.6126	15.2764	15.7585	5.4618	23.3847	1.1407	1.2272	2.3396	7	2023	9	256	1	4
boletus_edulis	Boletus edulis	65.026	25.62631	435288.325	7212055.493	10	18.2124	16.8471	16.5505	9.5219	24.769	3.7519	5.1534	3.6744	11	2023	8	218	1	4
other_agaricoid	Hygrophoropsis aurantiaca	65.003782	25.626548	435245.733	7209579.55	1	11.9706	12.8978	13.5155	5.7333	19.2067	3.4048	1.7403	2.3164	5	2018	9	257	0	4
boletus_edulis	Boletus edulis	65.0225	25.63005	435456.033	7211661.671	100	14.3184	15.1731	15.1746	7.5628	24.2695	2.0692	1.5411	2.54	8	2024	9	259	1	4
other_agaricoid	Neolentinus lepideus	60.97972	25.63118	425922.76	6761302.3	100	23.6052	22.2521	21.233	15.8724	32.4847	0.9012	0.4506	0.8924	2	2021	7	191	0	4
boletus_edulis	Boletus edulis	63.21179	25.63153	431190.031	7009920.191	16	8.5121	9.3295	11.118	0.8655	14.8459	4.2139	4.7437	2.8605	12	2020	9	264	1	4
other_agaricoid	Lactarius lilacinus	62.301973	25.634234	429177.716	6908568.405	1	15.9225	15.9162	16.1612	6.8398	24.5098	1.5364	1.0843	2.1743	6	2024	8	241	0	4
other_agaricoid	Lactarius rufus	62.283726	25.634632	429155.463	6906535.477	1	2.9611	3.2677	4.4364	-5.5412	9.0668	1.3121	3.5565	2.4012	13	2019	10	286	0	4
boletus_edulis	Boletus edulis	61.232029	25.635304	426731.999	6789397.162	1	13.4199	14.2018	17.6215	9.4975	19.3395	4.7579	4.2072	4.5032	11	2020	7	196	1	4
other_agaricoid	Kuehneromyces mutabilis	61.231478	25.635696	426751.762	6789335.357	1	13.1429	12.6258	9.717	5.5096	24.0309	1.3448	1.1317	1.3004	7	2023	5	147	0	4
boletus_edulis	Boletus edulis	61.231412	25.635767	426755.42	6789327.927	1	16.2412	16.2297	15.7173	11.1912	22.7087	2.555	3.7076	3.3995	9	2020	8	214	1	4
other_agaricoid	Thaxterogaster vespertinus	61.231391	25.63612	426774.321	6789325.193	1	10.1731	11.728	13.8135	3.9139	19.0599	1.0696	3.2128	3.5626	7	2021	9	249	0	4
boletus_edulis	Boletus edulis	61.231112	25.63621	426778.505	6789294.019	1	14.8689	15.3266	15.5928	8.6987	19.6457	2.1562	1.2969	2.063	8	2026	9	248	1	4
other_agaricoid	Parasola conopilus	61.230863	25.63636	426785.979	6789266.12	1	11.6175	11.877	11.9665	7.1989	17.051	2.5844	1.4648	1.3266	9	2020	10	285	0	4
other_agaricoid	Cuphophyllus pratensis	61.858964	25.636995	428283.459	6859221.003	1	11.8	11.1071	12.25	6.0	16.6	1.7851	1.2169	2.0043	8	2012	9	262	0	4
boletus_edulis	Boletus edulis	61.63928	25.63846	427848.249	6834751.082	12	16.476	15.1625	17.1105	10.4061	25.2645	0.3201	2.1618	3.5508	8	2020	7	200	1	4
other_agaricoid	Tricholoma imbricatum	63.16654	25.64029	431523.667	7004869.912	286	12.2513	10.6494	11.2834	4.741	19.5375	0.2397	2.2807	2.5394	8	2020	9	272	0	4
other_agaricoid	Lactarius rufus	63.395089	25.643329	432215.299	7030327.7	1	10.1039	9.3949	10.9438	-0.1539	17.6582	2.8005	1.8974	4.123	9	2021	9	255	0	4
boletus_edulis	Boletus edulis	65.02467	25.64343	436091.534	7211889.873	100	14.3001	15.1504	15.1496	7.5835	24.3087	2.1711	1.5937	2.5767	8	2024	9	259	1	4
other_agaricoid	Gomphidius roseus	60.3666	25.6438	425196.359	6693009.305	10	12.5418	15.0246	16.3581	0.7237	22.1848	0.0126	4.319	3.0411	5	2024	9	266	0	4
other_agaricoid	Cuphophyllus pratensis	60.980068	25.644605	426650.019	6761325.951	1	6.1775	6.5236	7.673	1.8777	13.1896	1.7137	3.9912	2.9077	13	2017	10	292	0	4
other_agaricoid	Lepiota clypeolaria	65.09424	25.64468	436316.72	7219640.713	100	15.4996	15.2218	15.6293	7.8459	23.3264	4.5395	4.3976	2.6033	9	2024	9	249	0	4
other_agaricoid	Panaeolina foenisecii	60.384971	25.646144	425367.663	6695052.408	1	16.6661	16.6791	18.3488	6.5411	25.6065	0.8881	3.1929	1.912	8	2023	7	194	0	4
boletus_edulis	Boletus edulis	60.393085	25.646909	425428.385	6695955.104	1000	18.3008	17.4676	16.1203	8.7846	30.1565	5.9416	4.0867	5.0412	8	2025	7	194	1	4
boletus_edulis	Boletus edulis	62.07387	25.64752	429336.025	6883146.333	261	13.0041	14.2577	15.7709	7.0783	20.3894	7.701	6.2305	4.7029	12	2021	8	235	1	4
boletus_edulis	Boletus edulis	65.02444	25.64778	436295.891	7211859.853	100	15.4909	15.408	15.6364	10.1979	21.1473	6.5864	5.4294	3.6806	13	2023	7	211	1	4
other_agaricoid	Simocybe sumptuosa	66.59254	25.64811	440073.094	7386607.623	1	16.1205	14.7318	14.5654	8.6965	22.1926	0.9321	1.8598	2.101	9	2026	7	183	0	4
other_agaricoid	Lycoperdon echinatum	61.013386	25.648754	426951.077	6765031.875	1	7.812	10.7369	12.7313	1.4225	14.123	7.1917	3.8912	2.8707	9	2023	10	281	0	4
boletus_edulis	Boletus edulis	61.00122	25.648966	426934.587	6763676.732	1	16.5285	15.957	16.1487	10.6686	23.0557	1.6198	2.534	1.9539	6	2026	9	244	1	4
other_agaricoid	Hypholoma capnoides	61.531371	25.649001	428157.492	6822720.834	1000	1.5146	1.3187	2.3401	-1.4383	3.6765	0.8778	1.2133	2.0567	11	2020	12	342	0	4
boletus_edulis	Boletus edulis	62.23538	25.64914	429795.763	6901134.531	10	15.1872	15.7954	14.8511	6.8433	23.3044	2.993	2.3878	2.9221	9	2020	7	213	1	4
boletus_edulis	Boletus edulis	62.266033	25.649719	429897.076	6904548.266	1000	10.6662	11.371	10.6494	2.6428	17.404	0.1615	0.3459	2.3129	2	2020	10	278	1	4
other_agaricoid	Cortinarius raphanoides	62.164172	25.650665	429709.746	6893201.248	1	11.9143	12.35	12.9233	3.5	19.6	0.3063	0.1531	0.7953	3	2013	9	259	0	4
other_agaricoid	Hebeloma mesophaeum	66.509063	25.651216	440009.799	7377301.158	100	17.8107	16.1637	14.9491	11.3611	24.8466	3.4056	3.2739	4.5246	9	2020	7	206	0	4
boletus_edulis	Boletus edulis	65.01924	25.65194	436479.488	7211276.238	100	14.3045	15.1632	15.1593	7.6272	24.2833	2.1613	1.5881	2.5679	8	2024	9	259	1	4
boletus_edulis	Boletus edulis	61.011399	25.652626	427155.826	6764806.274	1	15.8746	17.2784	18.5176	10.6804	22.7815	0.5075	3.3824	1.8469	10	2023	7	191	1	4
boletus_edulis	Boletus edulis	66.519684	25.653323	440129.023	7378482.839	1000	12.0093	10.7229	12.7738	1.6635	18.4893	1.2546	0.9818	1.0717	5	2020	9	251	1	4
other_agaricoid	Mycena picta	62.21798	25.65354	429984.101	6899191.629	100	6.0278	8.7352	11.8932	-1.6538	14.6152	0.2529	3.1873	2.8698	9	2025	9	272	0	4
boletus_edulis	Boletus edulis	60.98826	25.653564	427153.558	6762228.281	1	8.3885	7.2651	7.5276	1.8393	12.2774	0.2566	0.1283	1.0914	2	2024	10	300	1	4
boletus_edulis	Boletus edulis	66.508125	25.654454	440151.547	7377193.513	10	14.9074	14.7404	15.1192	4.7717	23.8675	0.336	1.9985	2.5092	8	2022	8	227	1	4
boletus_edulis	Boletus edulis	65.01921	25.65449	436599.559	7211270.335	42	14.1633	14.3143	16.064	5.9207	19.2794	4.6956	2.3478	2.4695	4	2023	9	244	1	4
other_agaricoid	Hypholoma fasciculare	60.380428	25.654922	425841.184	6694536.597	1	14.9444	12.0689	9.8536	1.9766	26.0215	0.0299	1.5177	1.3549	3	2019	5	141	0	4
boletus_edulis	Boletus edulis	62.24804	25.65536	430148.275	6902537.969	63	16.0735	16.1439	16.4387	5.4191	25.3404	2.4527	2.9286	3.3837	8	2026	8	218	1	4
other_agaricoid	Crepidotus kubickae	60.380914	25.655395	425868.364	6694590.185	1	5.7821	5.3215	6.4448	3.31	10.5264	3.1773	1.7287	2.2197	6	2020	11	323	0	4
other_agaricoid	Rhodocollybia asema	60.381544	25.655671	425885.011	6694660.031	100	9.4408	9.9402	11.1967	1.946	17.6647	0.0	0.3529	2.8542	4	2017	10	274	0	4
other_agaricoid	Gymnopus confluens	66.578766	25.65631	440403.497	7385064.659	1	12.2446	11.0037	12.7409	6.3013	18.0816	3.6181	1.811	1.6365	5	2020	9	253	0	4
boletus_edulis	Boletus edulis	60.37795	25.65677	425937.436	6694258.573	100	16.8665	18.3644	20.7178	9.7369	23.4867	0.2648	4.1191	3.0919	6	2025	8	226	1	4
other_agaricoid	Panaeolus papilionaceus	65.09382	25.65859	436969.246	7219579.96	100	16.29	16.3165	17.7624	5.1753	25.9634	1.5923	1.6091	2.1667	10	2024	8	226	0	4
boletus_edulis	Boletus edulis	66.5786	25.65922	440532.15	7385043.384	1	14.0582	14.1727	16.034	5.7449	21.0353	0.8595	1.8122	2.6096	3	2023	8	240	1	4
other_agaricoid	Russula gracillima	66.57875	25.65948	440544.039	7385059.854	1	13.6405	15.0194	18.4074	5.2156	22.2282	1.0333	0.8577	3.1339	10	2018	8	230	0	4
boletus_edulis	Boletus edulis	66.58311	25.65976	440566.889	7385545.511	1	17.2123	14.6778	13.5719	6.0635	28.3409	0.0887	0.0444	0.7904	2	2019	7	204	1	4
other_agaricoid	Tubaria confragosa	66.5829	25.6606	440603.632	7385521.307	1	16.2512	15.6281	15.7093	4.9255	27.4201	3.8322	3.4374	3.202	8	2022	8	230	0	4
boletus_edulis	Boletus edulis	61.95016	25.66068	429739.053	6869352.726	60	17.0422	16.2542	16.3769	9.9828	25.3303	2.3042	2.309	4.5428	8	2020	7	206	1	4
other_agaricoid	Tapinella atrotomentosa	61.5563	25.6618	428895.065	6825483.308	10	17.5478	16.7941	16.9096	11.8663	23.5252	4.8035	5.0801	2.4622	9	2023	8	217	0	4
boletus_edulis	Boletus edulis	62.244972	25.663981	430589.021	6902186.959	1	15.33	15.2165	16.1124	8.2936	24.0003	4.6716	4.2561	3.6358	10	2021	8	228	1	4
boletus_edulis	Boletus edulis	61.497026	25.666124	428989.671	6818876.849	1	17.0878	17.2252	18.0796	10.0403	24.6417	0.7811	1.4445	2.0553	6	2024	8	231	1	4
other_agaricoid	Clitocybula platyphylla	61.497026	25.666124	428989.671	6818876.849	1	17.0878	17.2252	18.0796	10.0403	24.6417	0.7811	1.4445	2.0553	6	2024	8	231	0	4
other_agaricoid	Russula vinosa	61.497026	25.666124	428989.671	6818876.849	1	17.0878	17.2252	18.0796	10.0403	24.6417	0.7811	1.4445	2.0553	6	2024	8	231	0	4
other_agaricoid	Amanita fulva	62.285111	25.667253	430851.064	6906654.466	1	18.4814	18.1137	17.8611	12.9772	24.8242	2.6912	2.5676	2.4085	7	2024	7	203	0	4
boletus_edulis	Boletus edulis	62.30402	25.6677	430917.623	6908760.237	19	15.3353	16.0307	16.065	6.2133	25.9667	0.0283	0.4444	1.2277	4	2020	8	228	1	4
other_agaricoid	Amanita fulva	65.08629	25.66784	437386.141	7218731.695	100	16.1895	16.2362	17.7461	5.2586	25.9957	1.5779	1.8492	2.1761	11	2024	8	225	0	4
boletus_edulis	Boletus edulis	66.582068	25.669023	440975.131	7385420.592	1	12.6127	14.2165	14.7886	7.9034	17.0453	5.5262	3.9906	2.0896	12	2021	8	233	1	4
other_agaricoid	Hygrophorus camarophyllus	62.2556	25.669086	430878.558	6903365.328	1000	3.2234	6.4629	10.7998	-2.5045	9.3067	0.1884	2.6839	2.3275	11	2019	9	267	0	4
boletus_edulis	Boletus edulis	61.538663	25.669308	429253.842	6823510.778	100	17.5537	17.5489	18.5368	11.061	24.1406	1.2834	2.6697	2.7327	9	2024	8	222	1	4
other_agaricoid	Lactarius deterrimus	60.85857	25.66946	427720.312	6747767.468	36	13.3162	15.0854	16.1912	5.8716	21.7904	3.3852	3.7005	2.6098	4	2024	9	264	0	4
other_agaricoid	Lactarius tabidus	60.85918	25.67001	427751.565	6747834.796	34	14.1209	15.7919	16.4052	5.7591	21.8679	7.3748	3.7254	2.6363	4	2024	9	262	0	4
boletus_edulis	Boletus edulis	61.533615	25.670302	429295.21	6822947.468	1000	16.6916	17.0933	17.9198	11.1027	24.6983	1.5932	1.7419	2.5925	7	2024	8	230	1	4
other_agaricoid	Cortinarius camphoratus	61.533615	25.670302	429295.21	6822947.468	1000	16.6916	17.0933	17.9198	11.1027	24.6983	1.5932	1.7419	2.5925	7	2024	8	230	0	4
other_agaricoid	Crepidotus calolepis	61.004522	25.670808	428123.176	6764020.305	1	20.2138	20.9264	19.0946	13.5848	30.1592	1.8924	1.0026	0.737	4	2022	8	237	0	4
boletus_edulis	Boletus edulis	60.353109	25.671062	426669.612	6691476.338	1	11.4699	12.2291	13.5088	4.7795	17.6898	0.1366	2.4633	3.1709	6	2020	9	265	1	4
other_agaricoid	Tricholoma stiparophyllum	62.12849	25.67113	430694.195	6889204.72	28	12.4453	14.2523	15.8874	6.7882	17.68	6.2894	5.4155	4.8731	11	2021	8	236	0	4
boletus_edulis	Boletus edulis	61.188141	25.671451	428573.129	6784469.283	1	9.7871	11.7294	13.5427	3.273	15.3723	1.0345	2.8575	3.5335	6	2021	9	250	1	4
boletus_edulis	Boletus edulis	66.58549	25.67405	441206.137	7385797.233	1	15.023	17.1351	19.5519	5.352	24.3245	0.8396	1.8016	3.1319	10	2018	8	225	1	4
boletus_edulis	Boletus edulis	66.58336	25.67406	441201.538	7385559.833	1	17.0113	16.09	14.5462	9.5006	24.7948	3.3963	3.3136	4.5618	10	2020	7	207	1	4
boletus_edulis	Boletus edulis	62.256178	25.675846	431230.922	6903422.51	1000	3.2234	6.4629	10.7998	-2.5045	9.3067	0.1884	2.6839	2.3275	11	2019	9	267	1	4
other_agaricoid	Sphagnurus paluster	66.561877	25.676145	441243.215	7383163.574	1000	13.3543	14.378	13.1155	6.973	21.3105	4.4572	3.0486	2.9799	8	2019	6	176	0	4
other_agaricoid	Phaeolepiota aurea	62.12993	25.67749	431029.134	6889358.331	100	10.7981	9.8881	11.6776	6.7812	13.7252	2.5751	1.2876	1.6793	7	2022	9	262	0	4
boletus_edulis	Boletus edulis	62.252481	25.677897	431329.018	6903008.53	1	15.7641	15.3529	14.4365	5.4602	25.0437	0.2035	1.2161	2.3373	9	2019	8	242	1	4
other_agaricoid	Marasmius epiphyllus	61.49674	25.6781	429626.518	6818832.009	10	7.5551	6.6761	9.7202	3.1153	14.4245	2.9265	1.5158	3.6184	8	2024	10	286	0	4
other_agaricoid	Lactarius trivialis	66.51049	25.67826	441215.86	7377434.487	100	13.7639	12.8463	13.6492	6.3577	18.0631	7.6897	6.3266	4.7345	12	2026	8	232	0	4
boletus_edulis	Boletus edulis	60.98594	25.68068	428615.277	6761940.057	100	17.5796	16.1495	14.6226	12.4941	24.3805	0.6839	0.9199	1.4925	6	2025	9	255	1	4
other_agaricoid	Lepiota clypeolaria	62.12838	25.68122	431220.126	6889181.718	31	12.4453	14.2523	15.8874	6.7882	17.68	6.2894	5.4155	4.8731	11	2021	8	236	0	4
other_agaricoid	Cortinarius croceus	62.248405	25.68122	431492.35	6902550.991	1000	11.7867	12.3858	14.0112	5.03	19.5727	5.5707	6.1843	5.132	10	2021	8	242	0	4
boletus_edulis	Boletus edulis	62.253022	25.682648	431576.99	6903063.761	1000	5.5055	9.3143	12.0944	-2.5045	12.9935	2.6933	3.4209	2.5501	11	2019	9	263	1	4
boletus_edulis	Boletus edulis	66.51002	25.68322	441435.325	7377377.447	100	13.7639	12.8463	13.6492	6.3577	18.0631	7.6897	6.3266	4.7345	12	2026	8	232	1	4
other_agaricoid	Panaeolina foenisecii	62.24221	25.68331	431586.874	6901858.73	100	14.4459	16.4678	14.9609	7.0627	23.3336	4.0533	2.3558	4.6636	9	2020	7	211	0	4
boletus_edulis	Boletus edulis	60.383055	25.68346	427420.285	6694797.365	1	16.1396	15.5267	17.5647	8.8632	26.2285	3.4687	4.2923	4.6903	7	2020	7	199	1	4
boletus_edulis	Boletus edulis	60.343202	25.683784	427349.516	6690359.024	1	21.6434	20.6888	18.1034	10.9677	30.7614	2.2878	3.2104	2.0741	4	2020	6	181	1	4
other_agaricoid	Mycena erubescens	60.343185	25.683841	427352.624	6690357.068	1	8.9258	7.0104	8.6305	1.9034	12.0312	1.9197	2.562	2.7936	11	2020	11	306	0	4
boletus_edulis	Boletus edulis	61.495947	25.684131	429945.775	6818737.192	1	14.9323	14.9941	16.0302	8.5503	20.9488	3.4106	2.9692	2.354	11	2026	8	236	1	4
boletus_edulis	Boletus edulis	60.98589	25.6848	428838.066	6761930.006	100	12.985	12.4923	14.8844	6.2562	19.3052	2.186	2.4009	1.5192	7	2025	8	243	1	4
other_agaricoid	Lactarius pubescens	61.193758	25.686971	429420.017	6785078.005	1000	10.4381	12.1174	13.531	3.9296	18.5342	1.0094	0.5628	3.4583	6	2021	9	251	0	4
boletus_edulis	Boletus edulis	61.67	25.68789	430536.398	6838118.869	10	14.5252	14.4483	17.1567	8.8721	22.2605	2.1945	2.6819	4.2563	10	2020	7	198	1	4
boletus_edulis	Boletus edulis	61.191259	25.688106	429475.437	6784798.462	1000	9.9037	11.8276	13.618	3.9296	15.4024	1.037	2.8201	3.4748	6	2021	9	250	1	4
boletus_edulis	Boletus edulis	64.83328	25.68814	437755.232	7190519.16	10	16.4004	15.8646	15.9098	7.3951	24.8471	0.976	2.2535	2.4187	6	2024	9	252	1	4
boletus_edulis	Boletus edulis	62.22898	25.68866	431834.973	6900379.421	100	16.3502	15.6425	17.0548	5.594	22.6351	4.2074	4.2813	2.9347	10	2021	8	224	1	4
boletus_edulis	Boletus edulis	62.13723	25.6887	431630.149	6890159.575	10	15.3415	15.9688	16.4397	11.1481	24.1048	7.4924	5.7168	4.1359	10	2021	8	231	1	4
other_agaricoid	Russula decolorans	65.08852	25.68967	438417.228	7218958.725	100	16.1756	16.2156	17.7273	5.0754	25.9322	1.5851	1.855	2.1638	11	2024	8	225	0	4
boletus_edulis	Boletus edulis	62.152762	25.689763	431720.552	6891888.516	1	15.9002	16.8082	19.6454	9.2145	23.1725	0.6543	0.7704	0.9812	7	2018	8	231	1	4
boletus_edulis	Boletus edulis	66.51373	25.6906	441772.184	7377784.028	100	13.6666	13.0411	13.9689	3.66	18.2879	7.0148	6.6959	4.5238	12	2026	8	231	1	4
boletus_edulis	Boletus edulis	62.21176	25.69082	431908.459	6898459.045	59	15.1078	14.9968	15.8814	8.8129	23.6603	4.6603	4.1229	3.5289	10	2021	8	228	1	4
other_agaricoid	Lactarius glyciosmus	62.251961	25.691368	432027.471	6902936.391	100	15.3736	15.7432	16.2031	9.2537	23.9337	5.724	4.9601	4.046	9	2021	8	230	0	4
boletus_edulis	Boletus edulis	62.251751	25.691888	432054.005	6902912.454	100	16.281	15.8229	16.1194	6.5896	27.8723	0.0	0.5427	1.3315	5	2020	8	226	1	4
other_agaricoid	Mycena sanguinolenta	66.58582	25.69202	442003.619	7385817.205	1	16.8941	15.3531	15.2831	8.122	28.7549	0.3923	1.5594	1.7275	9	2024	6	180	0	4
other_agaricoid	Mycena pura	61.28158	25.69227	429900.565	6794853.288	100	5.6093	7.0884	6.8717	-0.0929	9.7792	1.3074	0.7842	1.0161	6	2024	10	305	0	4
other_agaricoid	Gymnopilus penetrans	66.59335	25.6924	442038.045	7386656.081	1	12.9296	13.9586	18.062	7.1951	22.0332	2.9337	1.9795	2.793	7	2025	8	231	0	4
other_agaricoid	Armillaria borealis	61.017697	25.692883	429346.069	6765463.574	1	15.8421	15.6012	15.8008	10.4957	21.3296	1.6734	2.2823	1.8771	7	2026	9	246	0	4
boletus_edulis	Boletus edulis	62.2124	25.6936	432054.473	6898527.414	343	15.1078	14.9968	15.8814	8.8129	23.6603	4.6603	4.1229	3.5289	10	2021	8	228	1	4
other_agaricoid	Marasmiellus perforans	62.2124	25.6936	432054.473	6898527.414	343	15.1078	14.9968	15.8814	8.8129	23.6603	4.6603	4.1229	3.5289	10	2021	8	228	0	4
boletus_edulis	Boletus edulis	66.58327	25.69369	442071.711	7385531.453	1	14.071	15.0191	16.4202	9.7431	20.8521	5.2846	3.0512	2.4931	6	2022	7	211	1	4
other_agaricoid	Schizophyllum commune	60.392589	25.693725	428007.183	6695847.805	1	6.0187	5.4312	4.9175	-4.1217	17.2556	0.7909	0.4735	1.0079	5	2020	5	126	0	4
boletus_edulis	Boletus edulis	60.85788	25.69402	429052.847	6747663.811	100	17.0505	17.4304	18.4341	10.5577	25.6782	0.6539	2.1576	2.4888	6	2024	8	230	1	4
boletus_edulis	Boletus edulis	66.50653	25.69452	441929.711	7376977.936	56	13.5293	12.8855	13.8257	4.4332	18.1235	6.9982	6.6964	4.5288	12	2026	8	231	1	4
other_agaricoid	Lepiota grangei	61.199391	25.695753	429904.553	6785695.917	1	13.2234	13.5253	15.1351	7.9661	20.4201	5.4936	5.5976	4.3219	10	2021	8	242	0	4
other_agaricoid	Gomphidius glutinosus	62.253375	25.696613	432303.05	6903088.399	1	8.8883	10.6552	12.2178	0.4259	18.5768	1.4257	0.8126	4.233	6	2021	9	251	0	4
boletus_edulis	Boletus edulis	60.3604	25.69678	428104.651	6692259.925	1	13.4826	13.7787	15.3883	6.4642	19.2012	5.8878	4.5368	3.0664	11	2020	9	255	1	4
other_agaricoid	Lactarius aurantiacus	60.35857	25.69695	428109.999	6692055.952	100	9.9857	10.7429	11.4533	5.4	13.9	3.7141	4.7367	5.0526	11	2012	10	283	0	4
boletus_edulis	Boletus edulis	66.49157	25.69718	442013.246	7375308.168	105	14.5445	13.4212	14.0934	10.5429	18.3379	6.1701	6.1803	4.712	12	2026	8	233	1	4
other_agaricoid	Lactarius vietus	62.252512	25.697665	432355.751	6902991.17	1	8.8883	10.6552	12.2178	0.4259	18.5768	1.4257	0.8126	4.233	6	2021	9	251	0	4
boletus_edulis	Boletus edulis	60.381404	25.697916	428213.528	6694597.677	1	17.3149	16.6649	17.8401	10.7169	25.1634	3.341	3.7713	2.6586	11	2021	8	227	1	4
boletus_edulis	Boletus edulis	60.39069	25.699024	428295.026	6695630.555	1	13.5614	13.3484	14.9531	5.6527	19.0095	5.7643	4.4503	3.0497	10	2020	9	254	1	4
other_agaricoid	Gymnopus peronatus	66.59331	25.70091	442415.131	7386643.748	1	14.3031	15.8989	14.6345	9.8882	21.5283	6.2462	3.6733	3.031	9	2024	7	190	0	4
other_agaricoid	Tricholomopsis rutilans	66.522659	25.702382	442316.732	7378768.24	100	13.672	15.5872	18.1774	4.0467	23.893	0.4418	1.2245	1.0447	8	2021	7	207	0	4
boletus_edulis	Boletus edulis	63.090015	25.703287	434523.795	6996279.224	100	19.5035	18.2495	17.6786	14.3509	27.916	3.6586	7.0097	4.2336	9	2023	8	220	1	4
boletus_edulis	Boletus edulis	61.78672	25.70375	431635.031	6851102.418	16	18.461	16.9983	18.1224	12.9956	28.1715	1.9706	2.3234	2.7225	10	2022	7	209	1	4
other_agaricoid	Pluteus elaphinus	66.5867	25.7047	442567.824	7385903.56	1	12.8347	14.3406	14.5136	7.5506	20.5006	6.9145	3.8981	2.0629	11	2021	8	232	0	4
other_agaricoid	Agaricus sylvicola	66.504579	25.705102	442395.856	7376750.699	1	11.9421	14.5201	14.612	1.8966	20.2924	0.5217	0.3496	2.5419	7	2024	9	261	0	4
other_agaricoid	Lactarius tabidus	60.366033	25.70521	428581.995	6692878.047	10	8.2714	7.7286	10.2067	3.3	12.1	0.1454	0.0727	1.3222	2	2010	10	284	0	4
boletus_edulis	Boletus edulis	61.42379	25.705909	430945.598	6810677.374	1	2.2567	4.6569	6.2343	-0.6506	6.7318	0.7296	3.6857	2.7458	11	2019	10	283	1	4
boletus_edulis	Boletus edulis	62.255271	25.707033	432848.423	6903288.739	1	17.1806	17.0929	18.0251	8.9948	25.1269	0.529	1.0915	1.9506	5	2024	8	231	1	4
other_agaricoid	Mycetinis scorodonius	62.25732	25.7074	432872.04	6903516.595	31	15.8329	16.0196	16.5534	9.2834	24.2968	4.3476	4.2792	3.72	9	2021	8	229	0	4
boletus_edulis	Boletus edulis	62.258148	25.707455	432876.738	6903608.768	1	4.6465	5.366	9.3425	-3.3639	12.024	1.1698	1.5302	2.2542	7	2018	10	279	1	4
other_agaricoid	Lycoperdon perlatum	60.95858	25.70768	430015.935	6758863.88	100	11.0074	10.5086	8.0654	1.1174	20.4244	0.6933	0.4008	0.2862	4	2026	5	134	0	4
other_agaricoid	Panellus mitis	63.03533	25.70796	434637.238	6990182.487	100	-1.3233	-1.1548	-0.4213	-12.2231	5.8181	0.3548	1.7221	2.2447	9	2025	12	360	0	4
other_agaricoid	Phyllotopsis nidulans	62.251432	25.707983	432889.222	6902860.131	1	-2.5854	-2.7318	-4.9754	-14.3757	3.9057	2.1514	1.8588	1.7737	9	2023	1	1	0	4
other_agaricoid	Stropharia aeruginosa	62.258775	25.708518	432933.329	6903677.507	1	4.1174	5.1785	7.3614	-1.8337	12.1463	5.508	2.958	2.9839	10	2019	10	279	0	4
other_agaricoid	Henningsomyces candidus	64.989739	25.709045	439102.832	7207932.77	100	11.8786	14.4768	13.0132	0.9917	18.9422	3.5145	4.2957	2.4859	12	2025	9	262	0	4
boletus_edulis	Boletus edulis	62.25799	25.70991	433003.865	6903588.625	61	16.6885	16.0382	17.4635	6.4066	22.9355	4.1846	4.3997	2.964	9	2021	8	224	1	4
other_agaricoid	Lactarius vietus	62.25111	25.71148	433070.134	6902820.644	154	14.4355	14.6862	16.3196	3.9175	22.0876	0.4667	1.5244	1.1194	8	2018	9	245	0	4
other_agaricoid	Hypholoma elongatum	66.54485	25.71495	442926.247	7381229.909	1	15.1602	16.1567	16.7933	6.4659	21.9283	2.0473	1.6024	2.0528	8	2024	8	237	0	4
boletus_edulis	Boletus edulis	60.37302	25.71519	429147.593	6693645.345	100	16.6132	16.8566	19.9527	9.0771	24.0473	0.2518	0.9126	2.446	5	2025	8	231	1	4
boletus_edulis	Boletus edulis	62.2541	25.7159	433306.309	6903149.136	100	16.7008	16.0315	16.9626	9.2834	24.2968	4.9624	4.1388	3.2944	9	2021	8	226	1	4
boletus_edulis	Boletus edulis	60.265489	25.715933	428955.37	6681670.014	1	12.8857	12.7366	13.6541	6.3685	18.1936	0.1475	0.9452	2.4425	4	2020	9	269	1	4
boletus_edulis	Boletus edulis	61.185256	25.717097	431020.67	6784098.966	1000	9.6529	11.5971	13.419	3.3468	15.2232	1.0298	2.8493	3.5772	6	2021	9	250	1	4
other_agaricoid	Mycena haematopus	60.356	25.717987	429264.956	6691747.0	10	11.1714	12.4357	13.04	7.0	16.7	8.5427	5.9032	4.033	11	2012	9	268	0	4
other_agaricoid	Hygrocybe cantharellus	60.35611	25.718146	429273.967	6691759.079	100	11.8571	10.8429	11.84	4.2	15.0	5.5766	5.5397	4.259	11	2012	10	277	0	4
other_agaricoid	Russula roseicolor	61.899315	25.72043	432761.637	6863626.164	10	12.8571	15.0571	15.8967	4.7	19.6	1.395	1.2706	2.1048	4	2012	8	226	0	4
boletus_edulis	Boletus edulis	66.49899	25.72099	443089.807	7376113.239	10	15.9803	15.2314	15.8418	12.1077	22.5163	0.6855	2.892	2.8618	6	2024	9	252	1	4
boletus_edulis	Boletus edulis	62.25014	25.72282	433656.983	6902700.923	95	14.7834	14.9411	15.1175	9.3595	19.8762	2.0788	1.2457	1.3805	6	2018	9	254	1	4
boletus_edulis	Boletus edulis	62.249625	25.723287	433680.108	6902643.079	1	16.8179	15.543	15.3055	7.9881	25.0514	1.951	1.8633	2.6736	8	2019	9	245	1	4
boletus_edulis	Boletus edulis	60.355639	25.723464	429566.346	6691700.934	1	16.5662	16.3436	16.5723	9.7108	22.5578	1.0773	2.9143	2.4308	8	2020	8	219	1	4
other_agaricoid	Phloeomana speirea	66.509356	25.7252	443300.689	7377264.714	100	3.4107	3.9022	4.2624	0.4646	6.4226	2.3505	2.3318	2.6243	12	2025	11	308	0	4
other_agaricoid	Tricholoma columbetta	60.362284	25.726189	429730.987	6692438.011	1	7.6429	8.5857	10.8133	-1.3	12.8	1.2816	2.2263	2.0959	6	2014	10	279	0	4
other_agaricoid	Cortinarius cinnamomeus	62.16307	25.72623	433643.327	6892998.811	10	10.2244	12.4453	14.3639	-0.4666	20.0915	0.7018	5.9305	4.4356	7	2024	9	266	0	4
boletus_edulis	Boletus edulis	66.505753	25.728119	443422.327	7376860.509	1	18.7557	16.3171	15.5467	11.329	24.9217	1.667	2.8125	4.0992	9	2020	7	205	1	4
boletus_edulis	Boletus edulis	62.187711	25.730131	433900.337	6895739.544	1000	2.4349	4.0884	5.2982	-4.4423	8.9718	1.2336	3.3287	2.4852	12	2019	10	284	1	4
other_agaricoid	Tricholoma viridilutescens	60.377211	25.730763	430015.302	6694095.415	1000	13.7225	13.5456	15.3484	5.2447	19.6256	0.7591	0.7691	1.8917	6	2017	9	245	0	4
other_agaricoid	Ampulloclitocybe clavipes	62.161675	25.730874	433882.188	6892838.677	1	15.0908	15.0548	16.3231	6.9722	19.5599	8.1974	5.3531	3.0975	9	2023	9	245	0	4
boletus_edulis	Boletus edulis	61.21043	25.731503	431849.588	6786887.563	1	10.1129	11.7896	13.2418	3.4514	18.4831	1.0098	0.5723	3.6013	6	2021	9	251	1	4
other_agaricoid	Melanophyllum haematospermum	60.374822	25.731838	430069.452	6693828.235	1	7.0463	10.6138	13.6274	-0.7404	12.4686	0.5184	3.9764	2.847	12	2019	9	265	0	4
other_agaricoid	Strobilurus esculentus	60.378083	25.733678	430177.885	6694189.429	1	9.2726	6.3545	4.6154	-1.397	20.119	0.0	0.0	0.3977	0	2019	4	114	0	4
boletus_edulis	Boletus edulis	61.230115	25.737333	432205.134	6789073.89	1	10.1274	11.7889	13.2631	2.8072	18.6545	1.0305	0.5831	3.6501	6	2021	9	251	1	4
boletus_edulis	Boletus edulis	64.911777	25.738087	440299.297	7199217.809	1000	6.6505	5.8894	7.4953	-3.5483	16.7886	0.9722	0.4942	1.7125	3	2021	9	271	1	4
boletus_edulis	Boletus edulis	64.928669	25.739747	440415.327	7201098.512	1000	16.6862	16.7171	17.79	7.3474	25.3811	1.5353	1.1079	2.2355	10	2024	8	229	1	4
other_agaricoid	Marasmiellus perforans	62.22685	25.73976	434486.347	6900089.414	23	16.7141	15.0293	13.9427	8.3183	23.1264	4.1519	2.4655	1.9037	7	2025	9	253	0	4
boletus_edulis	Boletus edulis	62.22804	25.7398	434491.007	6900221.927	10	18.7931	17.6544	17.3713	10.446	29.4053	4.4842	9.8101	4.9107	11	2023	8	221	1	4
boletus_edulis	Boletus edulis	65.07841	25.74136	440823.845	7217782.75	100	13.6364	13.8309	14.6633	1.7751	21.9683	7.0897	6.6258	4.7082	12	2026	8	229	1	4
other_agaricoid	Lentinus brumalis	60.37409	25.74139	430594.58	6693736.622	100	1.3491	0.4375	1.1541	-7.2315	8.0432	0.0895	0.4494	0.4854	4	2025	3	81	0	4
other_agaricoid	Hygrocybe punicea	60.40359	25.742211	430702.558	6697020.895	1	14.8665	14.8539	15.368	3.1248	21.2032	3.9813	3.5061	3.4275	9	2023	9	267	0	4
other_agaricoid	Russula medullata	62.253	25.7427	434695.741	6902999.284	100	11.1994	12.9776	14.7367	5.5741	16.4546	7.6157	7.232	5.85	13	2021	8	239	0	4
boletus_edulis	Boletus edulis	61.208295	25.742807	432452.274	6786638.048	100	10.2725	11.9395	13.3859	3.3193	18.592	1.0012	0.5675	3.5809	6	2021	9	251	1	4
other_agaricoid	Hygrophorus pustulatus	60.402866	25.744157	430808.227	6696938.224	100	2.7143	2.8929	5.1767	-4.8	7.0	2.8438	2.0282	0.9801	7	2010	10	299	0	4
boletus_edulis	Boletus edulis	66.49869	25.74422	444122.651	7376058.834	10	15.7551	15.0771	15.9972	10.8748	22.4648	0.6781	4.3068	2.9061	7	2024	9	251	1	4
other_agaricoid	Mycena galericulata	62.30828	25.74429	434897.803	6909155.341	14	1.383	1.1467	3.1933	-5.9239	4.5528	0.9662	1.0236	1.5943	11	2021	11	324	0	4
other_agaricoid	Clitocybe nebularis	66.499337	25.744296	444127.482	7376130.876	1	2.4683	5.4463	7.9546	-5.0839	8.9126	0.9412	2.2085	2.4473	10	2018	10	276	0	4
other_agaricoid	Chondrostereum purpureum	62.230573	25.744757	434754.133	6900499.072	100	7.9214	7.3236	8.2452	-0.6033	12.748	2.7463	1.9251	1.5546	8	2022	10	282	0	4
boletus_edulis	Boletus edulis	64.97709	25.74487	440764.615	7206489.255	61	13.1	13.5744	14.4788	4.7253	19.5646	1.2716	2.9389	1.8408	8	2023	9	251	1	4
other_agaricoid	Coprinus comatus	62.24999	25.7451	434813.886	6902661.581	10	12.3736	10.9452	11.3261	4.9837	19.8218	0.5147	1.4302	2.4317	5	2020	9	273	0	4
boletus_edulis	Boletus edulis	66.498156	25.745408	444174.312	7375998.257	1	18.7934	16.358	15.5702	11.274	24.9034	1.6577	2.8193	4.1347	9	2020	7	205	1	4
other_agaricoid	Entoloma sericeum	62.24979	25.74567	434843.061	6902638.73	10	10.7713	11.8799	13.377	4.7117	17.619	5.92	3.3943	2.1428	10	2020	9	257	0	4
other_agaricoid	Cyathus striatus	62.25003	25.74584	434852.409	6902665.292	10	19.0613	17.4312	19.9319	11.7977	29.9178	4.7922	2.4252	1.4658	5	2021	8	213	0	4
boletus_edulis	Boletus edulis	66.500089	25.746352	444220.636	7376212.85	1	12.7517	12.9109	14.1052	3.4656	18.2692	8.8457	6.2773	4.1424	12	2026	8	228	1	4
other_agaricoid	Galerina paludosa	64.98679	25.74647	440861.551	7207568.634	10	14.1629	15.473	15.6761	7.5648	21.4185	5.9586	5.4867	3.2369	14	2026	8	222	0	4
boletus_edulis	Boletus edulis	62.18439	25.74676	434758.68	6895352.763	851	16.655	16.6639	17.0851	9.9676	24.2769	4.5975	2.8992	2.8718	6	2024	8	243	1	4
boletus_edulis	Boletus edulis	60.402903	25.747026	430966.362	6696939.335	1	15.3996	16.5904	16.9382	7.7722	22.8036	2.7584	1.3877	1.6234	5	2026	8	226	1	4
other_agaricoid	Clitopilus prunulus	60.276878	25.747156	430706.815	6682905.068	100	18.2876	18.2899	18.9214	10.7026	23.3867	0.2355	1.288	1.5658	6	2024	8	234	0	4
other_agaricoid	Russula paludosa	64.98588	25.74869	440964.267	7207465.157	10	14.1629	15.473	15.6761	7.5648	21.4185	5.9586	5.4867	3.2369	14	2026	8	222	0	4
boletus_edulis	Boletus edulis	66.497343	25.750578	444402.524	7375903.036	1000	10.5901	11.4137	13.3383	1.4394	21.7687	0.8971	2.1041	2.1452	9	2019	9	258	1	4
other_agaricoid	Macrotyphula fistulosa	62.488304	25.750828	435624.243	6929202.075	1	5.6084	5.1677	5.9493	-1.2389	11.5308	0.095	2.4045	1.8036	6	2024	10	294	0	4
other_agaricoid	Russula postiana	60.421346	25.751106	431230.071	6698988.901	1000	12.3546	12.1565	13.4928	2.3093	19.1427	0.3326	0.4201	4.0922	5	2021	9	254	0	4
other_agaricoid	Russula aquosa	62.487792	25.751753	435670.806	6929144.119	1000	11.8716	11.1063	13.7019	5.8521	18.9369	0.6283	0.4939	1.1933	7	2025	8	243	0	4
other_agaricoid	Lactarius deliciosus	62.487792	25.751753	435670.806	6929144.119	1000	11.8716	11.1063	13.7019	5.8521	18.9369	0.6283	0.4939	1.1933	7	2025	8	243	0	4
boletus_edulis	Boletus edulis	60.32438	25.75183	431065.422	6688189.96	10	13.3046	15.0172	16.0987	8.4468	18.7782	8.4166	7.9209	5.4281	13	2021	8	238	1	4
boletus_edulis	Boletus edulis	62.29885	25.75207	435280.86	6908097.121	10	14.0289	15.1993	16.0703	10.682	20.3324	6.3597	5.88	4.7087	12	2021	8	233	1	4
boletus_edulis	Boletus edulis	60.975072	25.752581	432482.258	6760653.475	1000	5.1787	5.553	8.1758	0.0201	13.3162	5.5635	2.8351	2.7514	8	2019	10	278	1	4
other_agaricoid	Amanita muscaria	60.975072	25.752581	432482.258	6760653.475	1000	5.1787	5.553	8.1758	0.0201	13.3162	5.5635	2.8351	2.7514	8	2019	10	278	0	4
other_agaricoid	Pholiota limonella	62.251759	25.753731	435265.979	6902849.97	1	11.2196	13.1062	14.0734	4.4047	16.7349	5.5308	2.8301	2.0304	9	2018	9	260	0	4
other_agaricoid	Sarcomyxa serotina	62.251075	25.754024	435279.731	6902773.486	1000	1.5709	-1.7561	-3.6719	-12.8796	7.6743	2.2455	1.8388	1.8104	6	2018	4	99	0	4
other_agaricoid	Amanita muscaria	62.25362	25.7554	435356.649	6903055.599	74	14.7193	13.5479	13.938	6.275	22.7395	0.2574	0.593	0.9576	6	2025	9	249	0	4
boletus_edulis	Boletus edulis	62.25375	25.75547	435360.563	6903070.01	36	13.4786	12.2899	14.0406	6.275	20.5388	0.748	0.898	1.1419	9	2025	9	246	1	4
other_agaricoid	Phaeolepiota aurea	62.247432	25.755739	435361.006	6902365.978	1	-1.4605	1.986	5.4329	-8.5438	2.7723	0.0836	2.008	2.8339	8	2023	10	297	0	4
other_agaricoid	Amanita rubescens	62.23051	25.75587	435331.586	6900480.906	18	17.6394	16.8103	16.3206	9.3725	27.938	0.9785	1.5747	1.8228	7	2020	8	222	0	4
other_agaricoid	Atractosporocybe polaris	66.497057	25.757281	444700.132	7375865.212	100	4.977	6.3513	7.6201	0.5421	8.6844	2.1427	3.0783	1.4803	7	2021	9	263	0	4
boletus_edulis	Boletus edulis	62.256	25.7575	435470.8	6903318.613	100	15.1683	16.4084	16.846	7.8473	22.8796	1.7498	2.362	2.848	9	2026	8	220	1	4
other_agaricoid	Tricholoma virgatum	66.499834	25.757769	444728.0	7376174.283	100	12.7286	12.4786	12.1367	4.1	19.2	0.9095	0.508	1.2073	5	2014	9	256	0	4
other_agaricoid	Tricholoma psammopus	66.49651	25.759406	444793.472	7375802.368	100	14.4683	14.3201	13.5053	10.5473	20.2203	1.707	3.5076	2.1735	12	2015	8	219	0	4
boletus_edulis	Boletus edulis	64.23583	25.75975	439851.404	7123880.096	10	15.2383	15.1255	14.9694	5.275	23.8984	3.9741	5.7538	4.3742	11	2020	8	216	1	4
other_agaricoid	Hygrocybe conica	66.496979	25.760405	444838.96	7375853.757	10	12.2503	11.9731	12.8715	7.7911	19.1953	1.1743	1.3444	2.3144	11	2019	7	189	0	4
boletus_edulis	Boletus edulis	61.459012	25.761002	433959.701	6814543.246	1	17.8157	17.5787	18.7075	11.4518	24.2251	1.8748	3.0031	2.7223	10	2024	8	223	1	4
other_agaricoid	Typhula erythropus	64.774311	25.763825	441217.648	7183876.057	1	9.6993	8.4186	7.6967	4.0079	14.7122	2.5337	1.7634	2.1321	6	2021	10	279	0	4
other_agaricoid	Russula roseipes	61.220108	25.76501	433669.977	6787930.973	100	10.4206	11.6682	13.0134	3.4347	18.4717	1.5468	1.2587	3.9491	6	2021	9	252	0	4
other_agaricoid	Cantharellula umbonata	62.22348	25.76524	435803.651	6899688.51	100	8.8383	11.2399	12.5539	-1.2595	15.4936	5.2206	3.4788	2.976	11	2023	10	279	0	4
boletus_edulis	Boletus edulis	66.487744	25.765267	445034.949	7374820.211	1	13.7913	14.1133	15.3636	8.0033	19.9624	6.9531	3.4766	2.6809	7	2023	9	246	1	4
other_agaricoid	Tricholoma frondosae	61.221677	25.766699	433763.981	6788104.007	100	10.6414	11.8773	13.2085	3.7297	18.5639	1.5497	1.262	3.9092	6	2021	9	252	0	4
boletus_edulis	Boletus edulis	66.509916	25.767281	445173.358	7377289.565	1	16.6506	17.6885	15.265	10.1505	23.1645	2.2494	1.927	3.9266	7	2020	7	212	1	4
other_agaricoid	Collybia cirrhata	62.15867	25.768	435809.81	6892466.62	31	8.5061	6.756	9.7264	2.5785	12.5161	4.7568	2.4916	2.8493	8	2019	10	275	0	4
boletus_edulis	Boletus edulis	62.22357	25.76838	435967.079	6899695.426	17	17.7426	16.2859	16.8444	10.4669	24.741	2.9496	2.0255	3.224	10	2026	8	214	1	4
other_agaricoid	Russula queletii	61.756571	25.768874	435005.824	6847677.571	100	14.1714	14.9357	15.9567	7.4	22.5	0.0	1.1785	3.9431	3	2013	8	241	0	4
boletus_edulis	Boletus edulis	62.12117	25.76901	435783.075	6888288.54	340	14.8391	14.8978	15.8846	9.3026	20.8291	1.9343	2.2525	2.5802	7	2026	8	236	1	4
other_agaricoid	Pholiota spumosa	66.498771	25.770409	445288.015	7376044.683	100	9.9857	9.2	10.2667	2.9	14.8	4.2061	2.6575	2.5047	9	2012	9	262	0	4
other_agaricoid	Stropharia aeruginosa	64.767978	25.771192	441554.234	7183163.564	1	9.693	8.412	7.6897	4.0073	14.6984	2.5203	1.7572	2.1217	6	2021	10	279	0	4
boletus_edulis	Boletus edulis	66.650062	25.773796	445769.881	7392903.661	100	17.2244	16.234	14.5931	9.6999	24.7368	3.0223	3.1673	4.3187	9	2020	7	207	1	4
boletus_edulis	Boletus edulis	62.1465	25.77517	436157.725	6891103.931	13	17.4237	17.9476	17.037	8.9095	25.0127	6.2223	4.0495	3.0056	5	2026	7	202	1	4
other_agaricoid	Lycoperdon perlatum	62.2101	25.77566	436317.169	6898187.824	10	10.2359	10.9467	12.4057	1.6496	18.8178	0.5939	1.0469	3.8683	7	2021	9	253	0	4
boletus_edulis	Boletus edulis	60.390505	25.777258	432606.266	6695527.383	1000	15.9076	16.3848	18.4187	7.8856	23.348	2.6495	3.8128	2.2811	8	2018	8	240	1	4
other_agaricoid	Russula adusta	62.27101	25.77814	436574.209	6904970.187	100	14.2155	15.3928	13.5712	10.2256	22.8065	4.3538	4.9129	2.7082	9	2025	9	260	0	4
boletus_edulis	Boletus edulis	66.498131	25.779694	445699.725	7375965.253	100	16.1926	17.217	14.6503	9.9895	22.9463	2.7123	1.8119	4.4355	7	2020	7	211	1	4
other_agaricoid	Rhodocollybia maculata	65.030923	25.780271	442550.946	7212455.267	100	11.7913	12.415	13.262	-0.8134	20.0858	1.8428	1.1937	1.9085	5	2023	9	259	0	4
other_agaricoid	Chlorophyllum olivieri	65.030923	25.780271	442550.946	7212455.267	100	11.7913	12.415	13.262	-0.8134	20.0858	1.8428	1.1937	1.9085	5	2023	9	259	0	4
boletus_edulis	Boletus edulis	64.896642	25.782189	442353.076	7197490.417	1	14.3334	14.6263	17.6577	4.4218	24.6862	3.3198	2.9656	1.9795	7	2018	8	235	1	4
boletus_edulis	Boletus edulis	66.498498	25.784312	445905.988	7376002.15	1	8.2433	8.8387	9.8159	2.7016	13.8398	4.4856	2.2968	2.6051	6	2017	9	259	1	4
boletus_edulis	Boletus edulis	61.06313	25.78623	434485.165	6770426.428	10	15.4851	15.2613	15.5022	9.7971	21.5617	2.3007	3.9584	3.6767	8	2020	8	219	1	4
boletus_edulis	Boletus edulis	61.06594	25.78731	434549.253	6770738.304	10	15.4851	15.2613	15.5022	9.7971	21.5617	2.3007	3.9584	3.6767	8	2020	8	219	1	4
other_agaricoid	Inocybe nitidiuscula	66.92123	25.79091	447112.933	7423112.48	1	13.5393	13.6491	12.1402	2.9238	24.0501	2.1779	2.106	1.7051	13	2019	8	241	0	4
boletus_edulis	Boletus edulis	60.837747	25.792714	434372.681	6745318.905	1000	15.7857	15.8203	18.83	5.3249	24.5827	4.0699	3.128	1.8165	8	2018	8	237	1	4
other_agaricoid	Tricholomopsis rutilans	60.27618	25.793143	433248.68	6682779.922	1	14.2592	14.8619	16.6398	2.7875	21.0556	2.7385	3.6195	3.0126	5	2024	9	270	0	4
boletus_edulis	Boletus edulis	62.60594	25.79382	438084.47	6942264.106	100	19.4377	17.0957	16.6612	12.0212	27.2586	0.0196	1.6816	1.0508	7	2026	7	197	1	4
other_agaricoid	Lactarius deterrimus	60.824005	25.794252	434428.153	6743786.938	1000	15.6262	15.1685	15.6157	8.1252	23.9783	0.1209	0.266	2.0071	6	2018	9	252	0	4
boletus_edulis	Boletus edulis	60.275707	25.795135	433357.888	6682725.235	1000	14.2132	14.8279	16.5853	3.3083	20.7228	2.6955	3.5604	2.9598	5	2024	9	270	1	4
other_agaricoid	Tricholoma stans	66.500959	25.797531	446499.409	7376265.053	100	7.1832	8.762	10.6123	2.9263	13.6525	1.3058	2.2013	1.725	8	2020	9	262	0	4
boletus_edulis	Boletus edulis	66.502346	25.797563	446503.809	7376419.612	1	8.3567	11.6844	13.8486	3.5444	17.4667	0.0434	0.2317	1.7512	4	2022	9	246	1	4
boletus_edulis	Boletus edulis	62.60895	25.79832	438321.689	6942595.1	160	19.5321	19.0944	18.3603	13.6946	26.8484	1.6202	2.0231	2.1734	6	2024	7	205	1	4
other_agaricoid	Strobilurus stephanocystis	60.277115	25.802837	433786.706	6682874.275	1000	14.3467	14.718	13.9178	9.4249	20.5039	5.7126	5.0318	2.7273	10	2026	6	169	0	4
other_agaricoid	Amanita muscaria	62.218474	25.803807	437798.317	6899093.25	1	9.8516	10.8832	13.4742	1.5235	19.5766	1.5102	3.7163	4.6089	8	2021	9	248	0	4
boletus_edulis	Boletus edulis	66.461538	25.805602	446774.478	7371864.564	1000	16.2293	15.1767	15.4549	11.0749	22.5852	0.5349	2.0401	2.8342	5	2024	9	253	1	4
other_agaricoid	Phyllotopsis nidulans	64.766201	25.806049	443208.249	7182933.845	1	7.7931	6.2213	7.557	0.6454	13.3279	3.4332	2.4828	2.0332	8	2022	10	285	0	4
other_agaricoid	Amanita muscaria	62.776831	25.806369	439081.023	6961289.071	1000	10.0586	10.4714	13.2397	3.1535	19.8673	1.137	3.4411	4.5413	9	2021	9	247	0	4
boletus_edulis	Boletus edulis	60.277159	25.807582	434049.214	6682874.422	100	8.9561	8.8909	10.9651	1.3425	15.5639	0.9114	3.491	3.1083	8	2024	10	290	1	4
other_agaricoid	Schizophyllum commune	62.22685	25.80792	438029.352	6900022.317	100	1.0284	-1.5734	0.3095	-4.4139	5.394	2.7491	2.6538	2.4198	9	2023	11	311	0	4
boletus_edulis	Boletus edulis	62.27676	25.80797	438134.33	6905581.815	20	15.3495	15.2399	16.1395	8.259	24.0481	4.8382	4.3653	3.6975	11	2021	8	228	1	4
boletus_edulis	Boletus edulis	62.220259	25.808099	438025.141	6899287.967	1	9.8516	10.8832	13.4742	1.5235	19.5766	1.5102	3.7163	4.6089	8	2021	9	248	1	4
other_agaricoid	Cortinarius mucosus	64.765502	25.811574	443469.567	7182851.013	1	14.3815	16.1715	16.6954	2.2196	23.1236	0.9781	1.0592	2.9101	8	2023	8	233	0	4
other_agaricoid	Russula emetica	65.01038	25.81634	444206.759	7210133.796	10	15.5429	15.1954	15.5427	7.5209	23.1037	4.376	4.2834	2.5042	9	2024	9	249	0	4
boletus_edulis	Boletus edulis	62.25143	25.81904	438657.328	6902749.726	13	15.3652	15.733	16.1833	9.2513	23.937	5.7123	4.9597	4.0024	10	2021	8	230	1	4
other_agaricoid	Inocybe lacera	66.639895	25.819986	447791.051	7391731.105	1000	14.3689	13.3814	14.7996	7.5989	23.878	3.4263	5.4655	3.7488	12	2020	7	199	0	4
other_agaricoid	Asterophora lycoperdoides	62.20631	25.82081	438657.723	6897722.072	1	17.3855	16.8288	16.43	10.197	27.2256	1.2835	1.7544	1.9474	7	2020	8	221	0	4
boletus_edulis	Boletus edulis	62.2062	25.8218	438708.996	6897708.882	1	15.759	15.2706	15.4223	10.8042	20.3702	2.4807	2.5214	2.3884	9	2020	8	216	1	4
other_agaricoid	Russula decolorans	65.09768	25.82272	444688.726	7219856.34	100	16.2568	16.2715	17.7121	4.6804	25.7421	1.5508	1.5809	2.1274	10	2024	8	226	0	4
other_agaricoid	Sarcomyxa serotina	65.09754	25.82302	444702.529	7219840.476	10	6.1165	6.6548	10.252	-0.5011	13.601	0.0627	0.4174	3.3784	3	2025	10	278	0	4
other_agaricoid	Fayodia bisphaerigera	66.415327	25.823858	447491.011	7366698.769	1000	9.3441	12.5436	13.6329	2.0242	18.4218	0.0	0.0094	0.0616	2	2019	8	219	0	4
boletus_edulis	Boletus edulis	60.26791	25.82421	434950.459	6681827.942	100	15.1169	16.2325	15.4155	10.7191	19.15	6.2048	4.1641	3.2397	9	2025	9	264	1	4
other_agaricoid	Hygrophoropsis aurantiaca	60.2691	25.82552	435025.288	6681959.17	100	15.1169	16.2325	15.4155	10.7191	19.15	6.2048	4.1641	3.2397	9	2025	9	264	0	4
boletus_edulis	Boletus edulis	66.534794	25.827554	447905.859	7380010.724	100	4.7351	5.3342	7.2673	-0.9392	8.9909	0.0266	2.7709	1.5117	5	2021	9	265	1	4
other_agaricoid	Entoloma sericatum	66.413502	25.827817	447663.93	7366492.048	1	13.8613	13.9013	12.4764	4.8137	24.9259	3.1998	2.3634	2.409	9	2019	8	241	0	4
boletus_edulis	Boletus edulis	62.25279	25.82853	439152.97	6902892.263	100	16.3174	15.3548	13.6186	8.0635	22.9175	5.9224	3.1251	2.3002	7	2025	9	256	1	4
boletus_edulis	Boletus edulis	63.09018	25.83131	440987.963	6996173.578	10	14.3706	14.7763	15.1541	7.7065	21.4394	0.4683	2.8091	2.5671	4	2026	8	239	1	4
other_agaricoid	Lycoperdon perlatum	60.98815	25.83501	436969.37	6762027.863	10	11.7733	12.6139	11.7607	5.5698	17.5819	0.6116	0.4253	1.74	4	2020	10	278	0	4
boletus_edulis	Boletus edulis	63.08916	25.83581	441213.109	6996055.82	56	17.2924	16.8655	16.5494	11.1172	27.2108	1.5322	2.7906	2.3008	8	2020	8	222	1	4
other_agaricoid	Mycena galopus	63.09145	25.83767	441311.639	6996309.237	15	14.615	15.8963	14.0626	10.5937	22.8345	2.4586	1.6681	0.9986	8	2025	9	260	0	4
boletus_edulis	Boletus edulis	63.08894	25.83777	441311.629	6996029.519	10	17.2924	16.8655	16.5494	11.1172	27.2108	1.5322	2.7906	2.3008	8	2020	8	222	1	4
boletus_edulis	Boletus edulis	63.08372	25.83854	441339.995	6995447.282	17	17.3503	16.9258	16.6137	10.6395	27.203	1.5002	2.7927	2.3069	8	2020	8	222	1	4
boletus_edulis	Boletus edulis	60.26605	25.838706	435748.735	6681606.607	1	11.6406	12.5432	13.8313	6.0874	16.6219	0.1217	1.6225	2.4466	5	2020	9	266	1	4
other_agaricoid	Amanita fulva	63.08654	25.83897	441367.388	6995761.051	194	17.3503	16.9258	16.6137	10.6395	27.203	1.5002	2.7927	2.3069	8	2020	8	222	0	4
boletus_edulis	Boletus edulis	62.40743	25.83918	440015.224	6920108.166	10	13.7743	14.9526	15.8331	10.2156	20.1171	5.4971	5.7441	4.7983	12	2021	8	233	1	4
other_agaricoid	Amanita rubescens	63.08439	25.83928	441378.715	6995521.248	10	17.3503	16.9258	16.6137	10.6395	27.203	1.5002	2.7927	2.3069	8	2020	8	222	0	4
boletus_edulis	Boletus edulis	63.0848	25.8404	441436.099	6995565.903	10	17.3503	16.9258	16.6137	10.6395	27.203	1.5002	2.7927	2.3069	8	2020	8	222	1	4
other_agaricoid	Amanita rubescens	63.08516	25.84146	441490.352	6995605.043	10	17.3503	16.9258	16.6137	10.6395	27.203	1.5002	2.7927	2.3069	8	2020	8	222	0	4
boletus_edulis	Boletus edulis	63.08096	25.84157	441487.471	6995137.042	10	13.1143	11.4857	11.6433	6.4	19.1	3.0682	2.0356	2.3712	7	2010	9	257	1	4
other_agaricoid	Lactarius torminosus	63.08096	25.84157	441487.471	6995137.042	10	13.1143	11.4857	11.6433	6.4	19.1	3.0682	2.0356	2.3712	7	2010	9	257	0	4
boletus_edulis	Boletus edulis	62.22108	25.84259	439820.053	6899346.887	10	19.0766	18.7515	18.4253	14.0793	26.9151	2.6532	2.4248	2.3032	7	2024	7	204	1	4
boletus_edulis	Boletus edulis	66.8706	25.8498	449584.393	7417420.458	1	11.4752	14.1754	14.3186	2.5042	22.4214	0.0282	1.9232	2.2057	6	2022	8	242	1	4
other_agaricoid	Tricholoma stiparophyllum	63.08177	25.84992	441910.812	6995219.703	29	11.1661	11.9157	14.6509	4.3068	20.8662	1.4846	7.999	4.8569	8	2024	9	269	0	4
other_agaricoid	Mycena galericulata	62.258697	25.857715	440680.357	6903523.169	1000	4.5412	5.1467	9.9273	-2.5935	12.7069	0.0854	1.4874	2.2991	11	2019	9	270	0	4
other_agaricoid	Bovista plumbea	63.07511	25.8578	442295.601	6994470.645	100	15.0725	16.4789	16.9644	9.6936	22.5769	1.8366	2.6898	4.2738	7	2026	8	220	0	4
other_agaricoid	Cortinarius armeniacus	64.241768	25.858528	444653.317	7124452.049	1000	7.6464	8.9629	10.7926	-2.7893	16.8113	0.4422	0.2718	2.4291	4	2021	9	252	0	4
boletus_edulis	Boletus edulis	62.16876	25.862195	440736.959	6893500.805	100	4.4225	7.8887	11.6361	-0.812	9.5432	0.4674	2.5408	2.2132	11	2019	9	266	1	4
other_agaricoid	Tricholoma fulvum	62.16876	25.862195	440736.959	6893500.805	100	4.4225	7.8887	11.6361	-0.812	9.5432	0.4674	2.5408	2.2132	11	2019	9	266	0	4
other_agaricoid	Cortinarius cinnamomeus	65.00077	25.86246	446361.221	7209023.0	10	13.8779	13.3462	13.4803	4.5532	20.8495	2.212	1.1921	5.0544	7	2026	9	246	0	4
other_agaricoid	Cortinarius caperatus	61.121949	25.862723	438727.522	6776903.22	10	9.4062	11.02	13.2199	3.205	19.7802	0.959	3.2989	3.9546	6	2021	9	249	0	4
other_agaricoid	Lactarius camphoratus	65.00198	25.86384	446428.71	7209156.665	10	13.8779	13.3462	13.4803	4.5532	20.8495	2.212	1.1921	5.0544	7	2026	9	246	0	4
other_agaricoid	Amanita regalis	61.17435	25.86445	438921.884	6782737.782	100	17.9515	16.6884	18.4268	9.1066	25.4541	0.0212	2.0205	2.2298	7	2023	7	196	0	4
boletus_edulis	Boletus edulis	62.26707	25.8647	441059.426	6904449.481	14	14.6967	16.0193	16.4018	6.865	22.6665	1.6016	2.1709	2.6235	9	2026	8	221	1	4
boletus_edulis	Boletus edulis	62.2666	25.8651	441079.273	6904396.762	20	14.6967	16.0193	16.4018	6.865	22.6665	1.6016	2.1709	2.6235	9	2026	8	221	1	4
boletus_edulis	Boletus edulis	62.26633	25.86524	441086.013	6904366.558	14	14.6967	16.0193	16.4018	6.865	22.6665	1.6016	2.1709	2.6235	9	2026	8	221	1	4
boletus_edulis	Boletus edulis	62.2615	25.86529	441079.177	6903828.485	10	14.6967	16.0193	16.4018	6.865	22.6665	1.6016	2.1709	2.6235	9	2026	8	221	1	4
boletus_edulis	Boletus edulis	64.870907	25.865378	446239.185	7194549.498	1	11.3479	13.0536	13.8968	0.6946	18.3146	1.9646	2.9436	3.4008	11	2016	9	245	1	4
other_agaricoid	Hygrocybe conica	61.16924	25.86575	438981.93	6782167.438	100	15.6196	15.3297	16.9268	9.9078	21.0783	5.3965	3.9162	2.3809	8	2023	9	244	0	4
boletus_edulis	Boletus edulis	61.16897	25.86591	438990.016	6782137.218	100	17.9515	16.6884	18.4268	9.1066	25.4541	0.0212	2.0205	2.2298	7	2023	7	196	1	4
boletus_edulis	Boletus edulis	61.169428	25.868662	439138.936	6782185.663	1000	13.774	15.6593	15.7143	4.8935	23.1416	3.1815	1.6624	3.135	8	2019	9	251	1	4
other_agaricoid	Gomphidius glutinosus	61.169428	25.868662	439138.936	6782185.663	1000	5.3067	5.5726	8.2233	0.105	13.3937	5.8595	2.9577	2.682	9	2019	10	278	0	4
other_agaricoid	Crucibulum laeve	60.9896	25.87047	438890.549	6762155.756	10	9.8543	8.235	10.2936	2.8523	13.8524	2.1589	1.0795	2.3101	5	2025	10	284	0	4
boletus_edulis	Boletus edulis	61.173664	25.872514	439354.277	6782653.873	1000	13.2	15.2	15.41	7.5	18.9	2.2554	1.8697	3.2779	8	2011	9	247	1	4
boletus_edulis	Boletus edulis	61.173664	25.872514	439354.277	6782653.873	1000	12.0714	12.6929	13.9933	5.3	17.7	4.8043	3.23	2.3799	9	2011	9	261	1	4
boletus_edulis	Boletus edulis	62.55283	25.8762	442209.85	6936271.412	10	14.8121	16.7653	15.2528	7.2628	23.5457	4.8849	2.9543	4.6778	8	2020	7	211	1	4
other_agaricoid	Hygrophorus erubescens	62.188373	25.877311	441562.09	6895671.798	1000	2.2922	5.1638	6.5494	-0.8832	5.8445	1.0497	2.932	2.5609	12	2019	10	282	0	4
boletus_edulis	Boletus edulis	62.186281	25.878745	441632.693	6895437.473	1	2.2922	5.1638	6.5494	-0.8832	5.8445	1.0497	2.932	2.5609	12	2019	10	282	1	4
boletus_edulis	Boletus edulis	64.756258	25.886907	447034.568	7181755.839	1	14.0529	15.53	15.7055	8.5042	21.1795	3.1721	4.3797	2.6043	13	2026	8	221	1	4
boletus_edulis	Boletus edulis	63.06805	25.88787	443801.022	6993657.472	100	15.9712	17.2729	15.8597	10.5245	23.4704	6.4417	3.5076	3.0218	9	2020	7	212	1	4
boletus_edulis	Boletus edulis	62.24012	25.89376	442516.702	6901421.307	11	11.0841	13.3601	14.1823	2.9026	15.8743	5.3302	2.6651	3.707	5	2023	9	263	1	4
boletus_edulis	Boletus edulis	62.79907	25.89736	443766.962	6963683.778	10	16.2558	16.2143	15.5654	10.5128	23.281	3.6741	3.6862	3.1098	9	2020	8	214	1	4
boletus_edulis	Boletus edulis	62.20784	25.90662	443124.178	6897814.184	10	9.589	11.3073	12.8702	1.5967	18.7604	1.3196	0.781	4.1109	5	2021	9	251	1	4
boletus_edulis	Boletus edulis	62.42316	25.90886	443645.227	6921797.712	899	15.6939	15.9465	16.4715	8.9799	24.1914	4.0883	4.2402	3.8891	11	2021	8	229	1	4
boletus_edulis	Boletus edulis	64.92766	25.91226	448569.118	7200834.687	100	15.0455	17.0321	15.7707	6.0914	24.7589	1.473	5.2997	5.0564	8	2022	8	239	1	4
boletus_edulis	Boletus edulis	62.4167	25.91736	444072.147	6921070.708	10	15.7847	16.0289	16.5533	9.4048	24.2263	4.0348	4.1818	3.8464	10	2021	8	229	1	4
boletus_edulis	Boletus edulis	62.41729	25.91739	444074.798	6921136.406	10	15.7847	16.0289	16.5533	9.4048	24.2263	4.0348	4.1818	3.8464	10	2021	8	229	1	4
boletus_edulis	Boletus edulis	63.62276	25.92555	446740.846	7055425.779	98	16.3188	16.1927	16.0294	6.2298	24.9366	0.0148	0.8868	1.3738	7	2022	8	227	1	4
other_agaricoid	Tricholoma frondosae	62.233857	25.92914	444343.482	6900692.737	100	2.4428	5.3076	6.69	-1.0192	5.969	0.9937	2.8333	2.5785	11	2019	10	282	0	4
other_agaricoid	Crucibulum laeve	62.233857	25.92914	444343.482	6900692.737	100	2.4428	5.3076	6.69	-1.0192	5.969	0.9937	2.8333	2.5785	11	2019	10	282	0	4
boletus_edulis	Boletus edulis	60.35771	25.92964	440945.237	6691729.064	24	18.8563	16.8113	17.8887	8.7386	26.2173	0.0	1.9464	4.071	5	2020	7	202	1	4
boletus_edulis	Boletus edulis	62.39673	25.93223	444803.516	6918833.342	153	12.4457	14.1116	13.7872	5.139	16.9568	5.4976	7.143	3.6324	12	2025	9	264	1	4
boletus_edulis	Boletus edulis	62.39622	25.93318	444851.683	6918775.719	137	12.4457	14.1116	13.7872	5.139	16.9568	5.4976	7.143	3.6324	12	2025	9	264	1	4
other_agaricoid	Mycena epipterygia	62.232799	25.933709	444578.993	6900570.964	1000	5.9466	6.1186	10.4271	-0.8149	12.6047	0.0457	1.4623	2.2864	10	2019	9	271	0	4
other_agaricoid	Leucocybe connata	62.39613	25.93995	445201.465	6918759.937	10	13.2738	13.4942	14.1733	1.6761	20.5483	3.3694	2.2698	3.1974	5	2023	9	260	0	4
other_agaricoid	Russula vesca	60.421346	25.953543	442376.5	6698794.701	1000	14.0529	13.7914	15.6915	5.3783	19.5984	2.988	3.0101	2.3204	9	2020	9	250	0	4
boletus_edulis	Boletus edulis	64.804981	25.966833	450926.077	7187120.764	1	14.8283	15.9294	16.1577	8.8632	22.5944	3.383	4.2658	2.4381	13	2026	8	219	1	4
boletus_edulis	Boletus edulis	65.47921	25.96691	452159.093	7262255.724	10	17.423	15.9706	14.9263	10.3443	24.4248	4.9047	3.2903	4.4841	8	2020	7	206	1	4
other_agaricoid	Desarmillaria ectypa	65.112287	25.971032	451682.76	7221362.425	10	14.0857	15.9571	16.4133	6.9	20.0	1.8739	1.8131	1.7643	10	2013	8	228	0	4
boletus_edulis	Boletus edulis	60.93385	25.98401	444936.62	6755846.033	39	19.4954	18.4724	15.9266	8.32	26.9116	1.4006	0.7062	1.0242	4	2020	6	174	1	4
boletus_edulis	Boletus edulis	61.95993	25.98543	446791.35	6870132.139	100	16.3759	16.722	17.7312	9.2815	24.866	3.5396	1.9495	3.5047	6	2024	8	229	1	4
other_agaricoid	Hypholoma fasciculare	62.324614	25.995423	447945.177	6910747.475	100	13.5305	13.2314	11.1927	5.9569	21.0451	0.7756	1.0559	0.9601	8	2025	6	159	0	4
other_agaricoid	Lycoperdon excipuliforme	61.518839	26.000626	446833.348	6820987.798	1	10.0041	11.1956	12.6894	1.9406	18.7277	1.0307	1.2174	3.9757	4	2021	9	252	0	4
other_agaricoid	Gymnopus dryophilus	61.890508	26.007095	447809.245	6862381.621	1	15.2569	13.7832	15.7897	8.2053	24.1356	3.3455	1.7414	0.9795	6	2019	8	226	0	4
other_agaricoid	Mycena galericulata	65.49557	26.00762	454072.924	7264048.635	10	13.814	13.069	13.1158	4.6461	20.1046	2.5967	1.5851	5.4443	8	2026	9	246	0	4
boletus_edulis	Boletus edulis	60.386811	26.008361	445337.027	6694901.982	1000	13.1485	13.2405	14.7475	4.297	19.6273	0.565	3.1095	2.1475	11	2018	9	267	1	4
boletus_edulis	Boletus edulis	60.378935	26.009355	445378.632	6694024.042	1000	17.0376	16.8167	16.7633	9.4352	24.2348	3.4667	2.3313	2.5178	5	2017	8	230	1	4
other_agaricoid	Tricholoma imbricatum	61.12362	26.01425	446893.605	6776956.883	100	13.0727	14.9151	13.9576	6.5245	17.7925	5.1251	3.0163	2.4404	10	2025	9	263	0	4
other_agaricoid	Cortinarius phoeniceus	61.12377	26.0146	446912.711	6776973.306	100	13.0727	14.9151	13.9576	6.5245	17.7925	5.1251	3.0163	2.4404	10	2025	9	263	0	4
boletus_edulis	Boletus edulis	60.67666	26.01941	446427.091	6727172.857	10	21.7397	19.9121	17.1545	11.6031	30.5314	2.0156	3.4751	3.9755	9	2025	7	201	1	4
boletus_edulis	Boletus edulis	61.22678	26.02114	447436.769	6788441.143	10	15.8505	16.4332	19.7194	9.5429	24.9174	0.8243	0.4884	0.8596	4	2025	8	232	1	4
boletus_edulis	Boletus edulis	60.350113	26.039362	446986.272	6690789.761	1000	17.9287	17.9535	18.7208	9.7435	23.6911	0.2207	1.3042	1.7036	6	2024	8	234	1	4
other_agaricoid	Desarmillaria ectypa	65.173281	26.039828	455016.376	7228108.728	1	13.0714	13.2857	15.8467	6.1	23.7	1.4891	2.1587	2.9534	9	2013	7	204	0	4
boletus_edulis	Boletus edulis	63.08823	26.04663	451856.486	6995776.781	31	14.4104	13.7336	14.7049	8.7701	22.3172	5.1646	3.9759	3.2718	11	2026	8	232	1	4
other_agaricoid	Mycena metata	63.77315	26.06102	453701.735	7072076.371	1	7.4037	6.1677	7.7801	-0.7226	11.4754	5.5519	2.7759	2.4145	7	2025	10	285	0	4
boletus_edulis	Boletus edulis	61.215184	26.062435	449635.611	6787117.07	1000	12.668	14.7388	16.3931	7.6528	18.4471	5.6865	5.3625	4.737	12	2021	8	236	1	4
boletus_edulis	Boletus edulis	61.220411	26.063357	449693.479	6787698.544	1000	16.3546	16.5758	17.1831	12.4868	24.8514	6.4695	4.3974	3.765	9	2021	8	230	1	4
other_agaricoid	Mycena vulgaris	63.77125	26.06368	453829.781	7071862.747	1	3.5947	2.6754	3.2441	-0.7703	9.838	1.6598	2.6459	3.1171	12	2019	10	299	0	4
other_agaricoid	Cortinarius trivialis	61.228151	26.063897	449734.827	6788560.212	1000	15.9387	16.5893	17.1579	12.5881	24.785	8.6722	5.4746	4.2223	10	2021	8	231	0	4
other_agaricoid	Stropharia hornemannii	61.217442	26.063933	449719.679	6787367.413	1000	7.1847	7.9752	8.6737	1.4752	13.2371	1.1813	0.7016	1.1803	7	2022	10	274	0	4
boletus_edulis	Boletus edulis	63.772452	26.064434	453868.921	7071996.129	1	7.4037	6.1677	7.7801	-0.7226	11.4754	5.5519	2.7759	2.4145	7	2025	10	285	1	4
other_agaricoid	Tubaria furfuracea	63.77224	26.06455	453874.294	7071972.424	1	7.3347	7.3729	9.3296	-2.0179	15.9245	3.0502	1.7983	3.62	9	2021	9	258	0	4
boletus_edulis	Boletus edulis	63.772534	26.064626	453878.521	7072005.127	1	7.1373	6.9456	12.1274	-3.2298	15.068	0.0	0.1098	2.1049	5	2022	9	255	1	4
boletus_edulis	Boletus edulis	63.77217	26.064937	453893.262	7071964.345	100	17.0005	16.2325	15.6213	5.6568	25.7176	0.0978	1.96	1.447	5	2024	9	255	1	4
boletus_edulis	Boletus edulis	63.77873	26.06583	453947.983	7072694.618	1	11.8307	14.0527	13.9423	2.4054	16.998	2.4376	1.8007	2.2125	8	2019	9	253	1	4
other_agaricoid	Tapinella atrotomentosa	60.98102	26.06671	449493.297	6761032.996	100	12.359	12.8167	15.9267	5.2619	19.1586	2.1798	1.4902	1.5621	8	2025	8	241	0	4
boletus_edulis	Boletus edulis	61.65226	26.06942	450705.316	6835794.873	10	15.6964	16.6814	17.2145	9.4774	21.4009	1.7657	1.001	3.0285	6	2023	8	238	1	4
other_agaricoid	Mycena rosella	63.77299	26.07014	454151.131	7072051.964	1	4.908	4.2861	5.3505	-1.8743	9.6785	0.2552	3.1704	2.4456	12	2024	10	293	0	4
boletus_edulis	Boletus edulis	63.78375	26.07055	454188.794	7073250.553	1	13.2588	13.1315	13.3319	6.7404	20.9965	0.0184	0.239	1.1189	5	2018	9	253	1	4
boletus_edulis	Boletus edulis	61.65121	26.0719	450835.013	6835676.041	10	15.1856	15.4048	15.9079	11.2998	20.8948	0.6259	2.5493	2.1693	5	2026	8	241	1	4
boletus_edulis	Boletus edulis	61.65385	26.0728	450886.875	6835969.424	16	9.9507	11.6117	13.1472	3.6368	18.4007	1.454	0.8199	3.6705	4	2021	9	251	1	4
other_agaricoid	Panaeolus acuminatus	61.73634	26.07535	451152.506	6845155.902	249	9.6026	10.5832	10.9481	4.8776	13.5322	2.1006	1.5174	1.1788	10	2020	10	287	0	4
boletus_edulis	Boletus edulis	63.80335	26.07635	454506.242	7075430.252	1	13.2419	13.1109	13.3102	6.6351	21.0023	0.018	0.2316	1.1092	5	2018	9	253	1	4
boletus_edulis	Boletus edulis	61.197317	26.081054	450607.772	6785112.836	1000	17.1433	17.4832	18.4282	10.7883	25.9522	0.9613	1.5785	2.6368	6	2024	8	230	1	4
other_agaricoid	Pholiota flammans	63.750055	26.082159	454707.003	7069487.967	1	8.4064	8.6727	10.3576	-2.3153	17.2007	1.3535	0.987	3.6628	8	2021	9	254	0	4
boletus_edulis	Boletus edulis	61.25018	26.08234	450759.553	6790999.778	10	18.4551	18.2643	17.8713	9.8943	31.835	0.5805	2.3349	1.8362	8	2023	8	225	1	4
boletus_edulis	Boletus edulis	64.01441	26.08353	455197.728	7098942.011	92	15.6003	14.938	15.1785	8.4157	23.7042	6.3455	5.78	4.0682	11	2023	7	212	1	4
other_agaricoid	Phlegmacium triumphans	61.14668	26.086246	450808.017	6779468.985	100	6.9143	6.7643	8.4667	1.3	12.9	5.3891	3.2534	4.8264	8	2012	10	293	0	4
boletus_edulis	Boletus edulis	61.383528	26.087271	451231.719	6805848.662	1	13.3429	12.9857	13.2533	6.4	21.3	0.0674	0.0358	2.2238	3	2014	9	256	1	4
boletus_edulis	Boletus edulis	61.201037	26.088494	451013.421	6785521.573	1000	15.2834	17.1251	18.0419	10.6284	20.9174	2.8523	4.603	2.4394	9	2023	7	190	1	4
boletus_edulis	Boletus edulis	61.20054	26.089304	451056.18	6785465.611	1000	22.1376	20.1884	18.9497	12.3463	30.9275	0.097	0.0485	0.917	2	2022	8	233	1	4
other_agaricoid	Mycena galericulata	61.145695	26.08934	450973.048	6779356.954	100	6.9143	6.7643	8.4667	1.3	12.9	5.3891	3.2534	4.8264	8	2012	10	293	0	4
other_agaricoid	Lyophyllum mephiticum	61.145695	26.08934	450973.048	6779356.954	100	6.9143	6.7643	8.4667	1.3	12.9	5.3891	3.2534	4.8264	8	2012	10	293	0	4
other_agaricoid	Hygrophorus pustulatus	61.213824	26.092971	451273.776	6786942.45	1000	5.0504	6.549	7.1545	-0.6245	11.4791	0.5093	1.1907	1.4201	8	2022	10	296	0	4
other_agaricoid	Lactarius torminosus	61.62888	26.09315	451926.008	6833172.894	10	9.6076	11.552	13.4126	4.5355	15.4005	1.632	2.766	3.4532	8	2021	9	250	0	4
boletus_edulis	Boletus edulis	61.62925	26.09882	452227.143	6833209.934	10	9.6076	11.552	13.4126	4.5355	15.4005	1.632	2.766	3.4532	8	2021	9	250	1	4
boletus_edulis	Boletus edulis	61.61511	26.10948	452770.68	6831627.141	10	12.2402	13.5164	15.2357	8.2019	19.4273	5.6694	5.9473	3.701	13	2021	8	240	1	4
other_agaricoid	Cortinarius evernius	60.74	26.11343	451658.7	6734154.23	10	10.4209	8.5499	10.6469	3.0414	14.3672	1.8678	0.9339	2.4082	6	2025	10	284	0	4
boletus_edulis	Boletus edulis	62.29072	26.13392	455070.891	6906867.97	11	17.3547	16.8061	16.4059	11.6393	26.9802	1.2516	1.8172	2.0174	8	2020	8	221	1	4
boletus_edulis	Boletus edulis	60.547722	26.136942	452659.5	6712722.761	1000	22.5724	22.7493	20.8851	13.0294	29.8009	3.8603	2.3314	3.2777	10	2025	8	215	1	4
other_agaricoid	Strobilurus esculentus	62.045401	26.138794	454960.455	6879536.886	1	5.2549	5.2062	2.7447	-2.5932	18.7143	2.7806	1.4057	0.656	7	2023	4	120	0	4
other_agaricoid	Cortinarius helvelloides	61.978355	26.139489	454897.744	6872067.87	100	11.1286	10.3357	11.4967	4.8	16.9	2.601	2.1351	2.2534	8	2012	9	263	0	4
other_agaricoid	Stropharia aeruginosa	62.046765	26.140301	455041.279	6879687.783	1	9.6362	10.3392	12.9256	3.1428	19.8823	1.6119	4.1924	5.1498	8	2021	9	247	0	4
boletus_edulis	Boletus edulis	62.043428	26.142186	455134.936	6879314.753	1	17.9953	17.1339	16.8596	11.1711	29.3795	2.8623	8.3819	4.2378	10	2023	8	222	1	4
boletus_edulis	Boletus edulis	62.16255	26.14281	455343.039	6892583.996	10	17.6582	16.0406	16.5766	10.9345	25.6215	2.645	1.8641	2.6519	10	2026	8	214	1	4
other_agaricoid	Inocybe subexilis	66.592964	26.143614	462037.12	7386266.414	1000	14.6376	14.3019	15.2877	4.9425	21.2268	2.7377	2.2422	3.2514	11	2022	8	223	0	4
other_agaricoid	Cortinarius semisanguineus	64.75293	26.14367	459246.703	7181195.042	100	16.3051	15.3957	13.1195	9.194	23.8983	4.3238	2.599	1.9923	7	2025	9	256	0	4
boletus_edulis	Boletus edulis	62.043547	26.144231	455242.064	6879326.596	100	15.881	15.5778	17.1116	6.3073	22.165	4.1798	4.2069	2.4417	12	2021	8	223	1	4
other_agaricoid	Hygrocybe reidii	62.043547	26.144231	455242.064	6879326.596	100	10.5982	9.9326	10.7135	1.1858	16.1227	0.4459	2.5069	2.6356	7	2020	9	269	0	4
boletus_edulis	Boletus edulis	62.043385	26.144327	455246.846	6879308.484	1	13.7209	16.2438	16.8665	6.564	22.6342	0.3153	2.9242	2.0411	9	2022	8	243	1	4
boletus_edulis	Boletus edulis	62.04334	26.144583	455260.169	6879303.295	100	17.5718	15.2887	16.3649	7.547	25.7577	1.0225	1.8261	4.8973	7	2020	7	202	1	4
other_agaricoid	Russula emetica	62.12675	26.16358	456373.572	6888581.854	100	16.095	16.1342	16.2989	10.569	24.7357	4.3032	2.8849	2.1891	9	2024	9	248	0	4
boletus_edulis	Boletus edulis	62.13739	26.1642	456421.195	6889766.695	100	16.2856	16.4644	16.3199	11.6126	23.7292	8.6961	4.895	3.5808	7	2024	9	258	1	4
other_agaricoid	Cystoderma amianthinum	63.81621	26.17036	459155.052	7076799.576	1	7.6248	6.7371	5.6076	-2.9453	20.1895	0.9827	1.0864	1.6576	7	2018	10	293	0	4
other_agaricoid	Cortinarius armillatus	62.15173	26.17118	456805.551	6891359.451	49	19.3658	16.9747	16.6741	12.1598	28.4147	0.0	1.8274	1.6325	6	2026	7	198	0	4
boletus_edulis	Boletus edulis	66.618004	26.177655	463582.825	7389037.178	1	17.6498	16.849	16.0037	9.3778	24.0492	4.8852	3.4238	2.4772	10	2023	8	219	1	4
other_agaricoid	Chondrostereum purpureum	61.96714	26.19558	457822.065	6870780.873	10	5.6319	4.2313	3.9405	-2.5192	15.2131	2.6301	1.3861	1.1986	6	2025	5	124	0	4
other_agaricoid	Lactarius roseozonatus	64.756355	26.197092	461793.819	7181543.418	100	15.8857	14.9479	15.8106	3.6737	23.2646	4.8545	4.3591	2.5625	9	2021	8	224	0	4
boletus_edulis	Boletus edulis	64.755416	26.201165	461986.304	7181436.327	1000	8.7737	11.8438	14.5513	0.7169	17.7837	0.1959	0.9211	3.7692	7	2022	9	246	1	4
other_agaricoid	Mycena galericulata	62.164672	26.203146	458489.147	6892780.26	1000	10.4937	9.2746	11.0558	2.1692	18.4538	3.1473	2.3534	4.1521	11	2021	9	257	0	4
boletus_edulis	Boletus edulis	61.71472	26.21556	458530.215	6842650.328	100	15.003	16.0033	16.6176	12.0734	21.4814	6.2578	4.3472	2.7712	12	2021	8	232	1	4
other_agaricoid	Amanita muscaria	61.65414	26.22292	458838.717	6835897.64	100	16.6916	16.7207	17.6133	8.8833	24.8704	0.4979	1.9251	2.1432	6	2024	8	234	0	4
boletus_edulis	Boletus edulis	62.86611	26.22639	460636.019	6970908.23	100	17.2787	16.693	16.3066	10.005	27.1464	1.5565	2.5598	3.0416	9	2020	8	222	1	4
other_agaricoid	Lactarius glyciosmus	66.29438	26.228364	465382.966	7352936.545	1000	9.8718	9.9984	11.8558	1.0684	17.3761	3.1871	2.5092	1.968	12	2017	9	245	0	4
other_agaricoid	Mycena pura	61.70081	26.231	459328.118	6841091.139	32	8.2441	9.6395	10.6248	4.0063	14.406	1.8571	1.3914	2.7622	8	2021	9	261	0	4
boletus_edulis	Boletus edulis	61.70027	26.23201	459380.825	6841030.357	65	11.8956	13.2261	14.8682	7.515	19.7451	6.2077	6.2974	3.9661	11	2021	8	240	1	4
boletus_edulis	Boletus edulis	61.095488	26.246074	459346.37	6773657.468	1000	9.4571	10.6786	15.35	3.7	16.6	2.6581	2.2499	1.7302	10	2010	9	248	1	4
boletus_edulis	Boletus edulis	61.095488	26.246074	459346.37	6773657.468	1000	11.5	10.7929	14.0933	6.6	19.9	0.2718	1.5485	1.5032	6	2010	9	252	1	4
boletus_edulis	Boletus edulis	61.095488	26.246074	459346.37	6773657.468	1000	13.3143	12.4071	12.65	7.4	20.6	2.7677	1.5197	1.8117	8	2010	9	259	1	4
boletus_edulis	Boletus edulis	61.095488	26.246074	459346.37	6773657.468	1000	11.0714	12.5214	11.8633	6.8	16.0	3.9019	2.1841	2.0885	10	2010	9	263	1	4
boletus_edulis	Boletus edulis	61.095488	26.246074	459346.37	6773657.468	1000	6.6857	7.5643	9.9533	1.4	12.6	0.0	0.0	1.3693	0	2010	10	280	1	4
other_agaricoid	Clitocybe nebularis	61.095488	26.246074	459346.37	6773657.468	1000	13.3143	12.4071	12.65	7.4	20.6	2.7677	1.5197	1.8117	8	2010	9	259	0	4
other_agaricoid	Tricholomopsis rutilans	61.095488	26.246074	459346.37	6773657.468	1000	6.6857	7.5643	9.9533	1.4	12.6	0.0	0.0	1.3693	0	2010	10	280	0	4
other_agaricoid	Hygrophoropsis aurantiaca	61.095488	26.246074	459346.37	6773657.468	1000	11.5	10.7929	14.0933	6.6	19.9	0.2718	1.5485	1.5032	6	2010	9	252	0	4
other_agaricoid	Russula intermedia	61.095488	26.246074	459346.37	6773657.468	1000	11.5	10.7929	14.0933	6.6	19.9	0.2718	1.5485	1.5032	6	2010	9	252	0	4
other_agaricoid	Tubaria furfuracea	60.454812	26.247221	458590.003	6702300.983	1	2.5965	-0.2155	-1.6812	-1.3464	4.8809	0.9943	0.6126	0.7587	11	2016	12	360	0	4
other_agaricoid	Coprinellus micaceus	61.090687	26.249302	459514.293	6773120.727	1	8.8571	9.5714	10.9067	1.5	19.5	0.0	1.785	1.9895	7	2010	9	272	0	4
boletus_edulis	Boletus edulis	61.29019	26.25656	460158.367	6795337.438	165	15.1529	17.2074	15.9028	10.0611	24.1202	6.9485	5.0195	6.3221	9	2020	7	211	1	4
boletus_edulis	Boletus edulis	61.29028	26.25669	460165.448	6795347.383	10	15.7671	15.46	16.0233	10.4134	21.6672	2.6164	4.7824	4.0205	10	2020	8	218	1	4
boletus_edulis	Boletus edulis	62.163555	26.262885	461599.64	6892618.988	1000	16.4371	16.4813	17.8728	8.2081	24.9124	2.8651	3.4946	2.8228	7	2024	8	227	1	4
boletus_edulis	Boletus edulis	61.077644	26.265026	460345.962	6771658.359	1000	12.7	12.7643	12.1733	7.5	20.7	3.8191	2.1349	2.1316	9	2010	9	261	1	4
boletus_edulis	Boletus edulis	61.077644	26.265026	460345.962	6771658.359	1000	10.7429	11.7214	11.3033	4.4	19.4	1.707	2.7631	2.1088	11	2010	9	268	1	4
boletus_edulis	Boletus edulis	62.22958	26.2673	461912.838	6899971.501	386	15.1513	16.0694	15.5569	8.2001	25.5743	4.3596	2.297	5.2761	8	2020	7	208	1	4
other_agaricoid	Cortinarius collinitus	62.67904	26.27945	463102.742	6950035.744	10	9.7105	10.222	13.0684	2.7891	20.137	1.1992	3.7239	4.6158	9	2021	9	247	0	4
boletus_edulis	Boletus edulis	65.20248	26.29302	466914.295	7231206.19	1	11.2369	10.6544	12.2409	5.2302	18.0103	2.417	1.2085	1.2987	7	2020	9	254	1	4
boletus_edulis	Boletus edulis	66.323086	26.294443	468383.37	7356101.171	1	10.6378	11.3245	12.679	2.1037	20.9826	1.7806	2.6333	2.3374	9	2019	9	257	1	4
other_agaricoid	Cortinarius semisanguineus	62.81611	26.30167	464406.0	6965293.955	100	16.2184	16.1643	16.0543	10.6633	23.3011	2.2477	5.0068	3.0857	10	2020	8	220	0	4
boletus_edulis	Boletus edulis	62.81583	26.30194	464419.424	6965262.611	100	15.7051	18.4601	17.7206	9.1595	22.7243	11.7059	5.8529	3.3901	6	2020	7	186	1	4
other_agaricoid	Psathyrella candolleana	62.637935	26.325128	465393.798	6945431.046	100	14.1983	14.4102	16.0686	4.2204	21.2899	0.3035	1.8626	1.2727	9	2018	9	245	0	4
other_agaricoid	Cuphophyllus pratensis	62.318514	26.343838	465991.765	6909836.196	1	7.4074	8.0048	9.0221	3.3943	16.603	0.1723	0.2334	1.9085	8	2017	10	274	0	4
boletus_edulis	Boletus edulis	62.318677	26.344056	466003.247	6909854.24	1	15.3603	14.8947	15.3427	9.5661	21.2617	2.8489	3.3897	2.3556	11	2020	8	217	1	4
other_agaricoid	Cuphophyllus virgineus	62.318649	26.344256	466013.581	6909851.016	1	10.0253	11.2265	12.4899	4.6746	15.7413	7.2523	4.4154	2.6753	11	2020	9	259	0	4
other_agaricoid	Mycena pearsoniana	62.318559	26.3443	466015.76	6909840.967	1	18.6917	18.2357	17.9831	13.3472	25.1435	2.2931	2.2344	2.1497	10	2024	7	203	0	4
boletus_edulis	Boletus edulis	62.89411	26.34752	466830.987	6973959.472	10	17.7787	15.8077	16.3181	9.5789	26.5783	1.8824	1.3225	4.5077	8	2020	7	205	1	4
boletus_edulis	Boletus edulis	62.318121	26.347633	466188.01	6909790.426	1	16.1188	15.3657	17.2895	8.8014	23.5396	1.3038	4.5913	3.0172	10	2023	7	194	1	4
boletus_edulis	Boletus edulis	62.318533	26.347698	466191.841	6909836.29	100	16.0528	14.7894	16.5456	8.0121	26.0029	0.3127	2.206	4.0392	9	2020	7	200	1	4
boletus_edulis	Boletus edulis	62.320228	26.348105	466214.838	6910024.904	1000	15.1804	17.0445	18.103	6.763	22.2429	3.8144	4.0926	2.181	12	2021	8	220	1	4
other_agaricoid	Hypholoma capnoides	62.225828	26.34865	466137.254	6899508.333	1000	4.5376	4.4067	3.0425	-0.0957	8.8406	1.1023	0.8028	1.1534	11	2018	11	322	0	4
boletus_edulis	Boletus edulis	62.321305	26.348828	466253.515	6910144.507	1000	15.4093	15.4787	14.4264	6.3371	24.8756	1.1609	1.3648	1.7819	8	2019	8	241	1	4
boletus_edulis	Boletus edulis	62.321305	26.348828	466253.515	6910144.507	1000	15.6671	15.6681	14.8419	7.9597	22.98	2.2376	3.3678	2.5741	10	2017	8	224	1	4
other_agaricoid	Agrocybe praecox	62.316061	26.348997	466256.395	6909560.226	1	14.3129	15.1155	14.0938	5.9028	23.7783	5.1947	2.7442	1.4478	7	2018	6	175	0	4
boletus_edulis	Boletus edulis	62.318391	26.349421	466280.981	6909819.572	100	15.3028	13.7227	14.1787	3.4976	24.0369	0.3838	0.4288	0.9453	6	2019	7	201	1	4
other_agaricoid	Amanita fulva	62.318391	26.349421	466280.981	6909819.572	100	15.3028	13.7227	14.1787	3.4976	24.0369	0.3838	0.4288	0.9453	6	2019	7	201	0	4
other_agaricoid	Cystoderma carcharias	62.318598	26.350836	466354.549	6909841.895	100	10.5174	11.5941	13.0993	4.6746	16.9059	7.1304	4.1331	2.5156	10	2020	9	256	0	4
other_agaricoid	Schizophyllum commune	62.337512	26.351074	466388.02	6911948.834	1	9.9094	11.3318	12.6217	4.7753	14.8858	5.969	5.6061	3.2261	12	2020	9	260	0	4
other_agaricoid	Pleuroflammula tuberculosa	62.318579	26.351357	466381.53	6909839.508	100	4.4556	4.7152	7.2073	-0.7676	11.6674	5.2493	2.6452	2.9152	10	2019	10	278	0	4
other_agaricoid	Pleuroflammula tuberculosa	62.318792	26.351762	466402.758	6909863.026	100	15.5325	15.8833	16.264	9.6727	23.8136	4.98	4.2835	3.6708	11	2021	8	230	0	4
boletus_edulis	Boletus edulis	62.318695	26.35392	466514.494	6909851.101	1	13.6064	14.0637	17.251	8.0065	20.6626	2.1384	8.4991	4.3517	12	2020	7	194	1	4
boletus_edulis	Boletus edulis	62.318565	26.354444	466541.507	6909836.348	1	16.7733	16.8839	17.8948	10.3836	24.7086	1.3747	1.8649	2.3745	5	2024	8	230	1	4
other_agaricoid	Strobilurus esculentus	62.321733	26.354468	466546.272	6910189.258	100	1.4774	2.7888	1.679	-5.8084	8.6964	0.086	0.1161	0.7734	4	2020	5	122	0	4
boletus_edulis	Boletus edulis	63.25316	26.35513	467619.28	7013958.799	100	15.5742	15.6233	15.561	7.9222	23.4667	2.9971	4.307	2.6567	10	2020	8	220	1	4
boletus_edulis	Boletus edulis	62.319208	26.355379	466590.68	6909907.496	1000	14.949	14.8959	15.7542	8.5085	22.0864	0.3021	1.0798	1.1948	7	2018	9	248	1	4
other_agaricoid	Hygrophoropsis aurantiaca	62.319208	26.355379	466590.68	6909907.496	1000	7.4423	5.1959	8.3716	0.1301	12.2557	4.6794	2.4627	2.9161	10	2019	10	275	0	4
other_agaricoid	Gomphidius glutinosus	62.321503	26.355615	466605.457	6910163.043	100	15.4744	15.2758	15.4293	10.0001	22.7542	1.546	3.1182	1.5417	9	2019	8	233	0	4
boletus_edulis	Boletus edulis	62.317487	26.355801	466610.641	6909715.555	100	16.4243	15.348	14.5076	9.8939	23.2666	3.325	2.1934	2.9807	10	2017	8	215	1	4
other_agaricoid	Lactarius turpis	62.320057	26.355863	466616.705	6910001.827	100	15.5321	16.9559	18.8858	8.2742	21.6675	6.4163	3.5826	1.9657	10	2021	8	216	0	4
boletus_edulis	Boletus edulis	62.314248	26.357971	466719.531	6909353.606	1000	15.7507	15.2582	14.3312	8.9833	23.1247	4.1612	2.6125	3.1885	10	2017	8	216	1	4
other_agaricoid	Lactarius camphoratus	61.41343	26.37426	466597.442	6808998.643	100	13.9806	14.6727	15.4356	5.0742	20.277	0.4265	2.3731	1.6976	6	2023	9	253	0	4
other_agaricoid	Pluteus cervinus	63.185131	26.375816	468584.239	7006368.965	1	17.1543	18.9371	18.0462	13.0499	23.9931	2.8731	1.9288	2.4267	10	2024	8	216	0	4
other_agaricoid	Gymnopus aquosus	62.920227	26.379702	468494.976	6976853.038	1	12.4454	10.7408	10.5743	0.3835	24.5792	1.6644	2.5209	2.6713	10	2019	6	156	0	4
other_agaricoid	Hygrophoropsis aurantiaca	62.3222	26.3852	468139.371	6910225.77	1	14.5291	15.2975	17.5925	5.9039	23.823	2.3908	2.32	1.561	12	2018	8	239	0	4
boletus_edulis	Boletus edulis	62.503	26.39437	468803.28	6930363.154	24	13.5636	14.9199	17.4672	6.756	20.3225	4.8894	7.9372	3.9734	12	2020	7	192	1	4
other_agaricoid	Mycena pura	62.178093	26.411913	469377.853	6894159.132	1000	8.6888	8.2924	9.6996	2.4111	16.6917	0.0095	0.4785	2.2675	7	2017	9	271	0	4
boletus_edulis	Boletus edulis	65.10289	26.41464	472502.906	7220048.956	172	14.3639	16.0096	16.445	5.931	23.1213	1.972	2.4198	1.8059	9	2021	8	220	1	4
boletus_edulis	Boletus edulis	60.7303	26.41869	468293.432	6732887.856	367	10.5857	11.85	13.3833	1.6	18.8	1.9721	2.4453	2.5196	11	2012	9	257	1	4
boletus_edulis	Boletus edulis	60.7303	26.41869	468293.432	6732887.856	367	10.5857	11.85	13.3833	1.6	18.8	1.9721	2.4453	2.5196	11	2012	9	257	1	4
boletus_edulis	Boletus edulis	60.7303	26.41869	468293.432	6732887.856	367	10.5857	11.85	13.3833	1.6	18.8	1.9721	2.4453	2.5196	11	2012	9	257	1	4
boletus_edulis	Boletus edulis	60.7303	26.41869	468293.432	6732887.856	367	10.5857	11.85	13.3833	1.6	18.8	1.9721	2.4453	2.5196	11	2012	9	257	1	4
other_agaricoid	Lactarius camphoratus	60.7303	26.41869	468293.432	6732887.856	367	10.5857	11.85	13.3833	1.6	18.8	1.9721	2.4453	2.5196	11	2012	9	257	0	4
other_agaricoid	Lactarius pyrogalus	60.729222	26.419832	468354.658	6732767.241	1000	6.6018	8.8983	10.5125	-1.2979	11.6073	0.0231	1.1347	1.846	5	2021	9	265	0	4
other_agaricoid	Armillaria borealis	60.7303	26.42337	468548.69	6732885.606	197	16.8697	16.8823	16.9357	9.1005	27.6305	1.067	1.3127	1.419	6	2024	9	251	0	4
other_agaricoid	Russula decolorans	61.29081	26.42455	469161.527	6795315.617	488	10.7714	11.75	11.3267	5.2	18.8	1.8478	2.5289	2.0152	10	2010	9	268	0	5
boletus_edulis	Boletus edulis	62.403097	26.429605	470520.0	6919216.92	100	8.6924	10.3314	12.8965	1.2595	19.1571	1.2764	2.7113	3.9137	7	2021	9	249	1	5
boletus_edulis	Boletus edulis	62.327426	26.433775	470661.708	6910784.987	100	17.2011	16.2823	17.4268	10.4112	24.0573	3.3579	3.3509	2.7137	11	2021	8	225	1	5
other_agaricoid	Flammula alnicola	62.388502	26.43404	470734.979	6917588.96	100	8.7588	10.3946	12.9526	1.1036	19.1905	1.2812	2.7029	3.8847	7	2021	9	249	0	5
boletus_edulis	Boletus edulis	61.84345	26.45377	471243.504	6856861.377	100	15.1223	14.7021	15.7907	8.909	22.5331	2.6326	2.4625	2.1355	8	2026	8	233	1	5
boletus_edulis	Boletus edulis	61.84469	26.4553	471325.208	6856998.831	152	15.1223	14.7021	15.7907	8.909	22.5331	2.6326	2.4625	2.1355	8	2026	8	233	1	5
other_agaricoid	Coprinopsis patouillardii	61.746515	26.460404	471503.127	6846060.392	1	16.3714	14.6357	16.23	9.2	23.2	0.0	1.0705	1.2883	3	2012	8	232	0	5
other_agaricoid	Mycena filopes	61.746515	26.460404	471503.127	6846060.392	1	13.4857	13.2571	14.0933	6.5	21.2	0.6956	1.3483	2.5381	4	2013	9	253	0	5
other_agaricoid	Psathyrella senex	61.746515	26.460404	471503.127	6846060.392	1	13.4857	13.2571	14.0933	6.5	21.2	0.6956	1.3483	2.5381	4	2013	9	253	0	5
other_agaricoid	Cortinarius saniosus	61.746492	26.461256	471548.1	6846057.457	1	13.4857	13.2571	14.0933	6.5	21.2	0.6956	1.3483	2.5381	4	2013	9	253	0	5
boletus_edulis	Boletus edulis	61.59173	26.46541	471625.888	6828816.255	100	16.482	15.9698	17.7211	10.476	24.8165	1.3408	5.4008	3.0013	10	2023	7	194	1	5
other_agaricoid	Cortinarius camphoratus	62.184034	26.465577	472177.591	6894796.758	1000	2.9336	3.3088	4.463	-4.5501	9.0998	1.5789	3.0591	2.3705	13	2019	10	286	0	5
boletus_edulis	Boletus edulis	62.10732	26.467174	472190.463	6886250.083	1000	16.1278	16.1013	16.4088	8.7637	23.8718	0.9695	1.1875	2.3171	6	2024	8	242	1	5
other_agaricoid	Agrocybe putaminum	63.96626	26.47093	474091.066	7093361.916	100	17.6021	15.7523	13.592	6.6872	25.0683	3.0494	2.9121	2.7725	11	2026	6	162	0	5
other_agaricoid	Russula violaceoincarnata	64.605137	26.489836	475588.031	7164547.244	1000	14.2308	14.2038	14.682	1.584	24.7681	0.7741	0.4546	1.4755	4	2020	8	235	0	5
boletus_edulis	Boletus edulis	64.58148	26.5123	476642.673	7161902.468	100	15.1203	15.8285	14.3032	7.3108	23.7697	2.9222	4.5569	3.8914	10	2020	7	213	1	5
other_agaricoid	Phyllotopsis nidulans	60.92058	26.52567	474281.594	6754034.28	10	2.3539	4.1677	4.886	-5.725	8.64	0.8304	1.3624	2.7403	9	2021	11	317	0	5
other_agaricoid	Cortinarius evernius	60.92457	26.5348	474779.775	6754475.145	10	16.9513	17.2196	17.4588	7.6612	24.7941	1.1665	0.983	2.2769	7	2024	8	238	0	5
other_agaricoid	Panellus ringens	67.426853	26.548888	480675.979	7479036.011	1	7.5914	7.1724	11.0279	-2.5844	13.8278	1.6015	1.0117	1.0849	6	2022	9	257	0	5
other_agaricoid	Clitocybula platyphylla	61.76753	26.57065	477340.769	6848357.998	100	12.9098	12.4039	14.3068	5.7146	20.2338	0.2093	4.2053	3.0375	8	2021	9	244	0	5
boletus_edulis	Boletus edulis	67.43176	26.59753	482763.151	7479568.717	100	12.4278	12.1431	12.1007	-0.7065	19.2023	2.7026	1.4199	1.8463	7	2026	9	245	1	5
other_agaricoid	Lactarius rufus	60.537508	26.601196	478117.553	6711340.985	1000	13.6261	14.4129	14.1072	6.5585	19.6933	6.3607	3.8377	3.1532	8	2023	10	276	0	5
other_agaricoid	Lentinus brumalis	64.545133	26.608133	481207.317	7157820.148	1	2.9161	3.0145	2.0133	-2.4542	10.175	2.0819	1.0763	0.6664	8	2018	5	125	0	5
other_agaricoid	Tricholoma saponaceum	62.010467	26.614928	479837.978	6875406.011	100	5.7227	6.4173	7.3404	2.0663	11.9357	2.6515	3.523	2.0908	10	2017	10	291	0	5
boletus_edulis	Boletus edulis	62.558233	26.622069	480568.212	6936427.26	100	4.3793	5.4414	9.3201	-0.9765	11.3611	0.9347	1.0283	2.2134	7	2018	10	280	1	5
other_agaricoid	Macrotyphula juncea	62.558233	26.622069	480568.212	6936427.26	100	4.3793	5.4414	9.3201	-0.9765	11.3611	0.9347	1.0283	2.2134	7	2018	10	280	0	5
other_agaricoid	Cortinarius camphoratus	60.593339	26.622286	479310.458	6717552.392	1000	16.1349	16.5434	16.1222	3.4709	25.2111	0.0	0.4835	1.3577	2	2020	8	233	0	5
other_agaricoid	Amanita muscaria	62.561964	26.625023	480722.509	6936842.041	1	5.14	5.9476	9.7863	-1.1904	11.3647	0.927	1.22	2.3016	8	2018	10	279	0	5
boletus_edulis	Boletus edulis	60.59217	26.625063	479461.827	6717421.322	1000	15.8718	15.8345	17.0423	7.8598	21.2941	5.0088	3.9873	2.2395	11	2023	9	247	1	5
other_agaricoid	Russula paludosa	62.57291	26.6347	481226.898	6938058.67	25	21.7246	20.6908	18.8703	16.7782	28.083	0.408	0.6511	1.923	5	2024	7	211	0	5
boletus_edulis	Boletus edulis	62.58826	26.63525	481264.827	6939768.639	1	8.968	10.126	14.8244	2.8733	14.4963	0.0	0.1116	1.3224	4	2022	9	253	1	5
boletus_edulis	Boletus edulis	62.585377	26.640304	481522.631	6939445.99	1	12.7524	12.9703	16.3156	6.3394	19.4887	0.6176	0.709	1.8038	10	2025	8	241	1	5
boletus_edulis	Boletus edulis	60.70695	26.6436	480546.547	6730199.594	10	17.6967	17.3259	18.405	9.1137	26.1507	0.2806	1.2791	1.9767	7	2024	8	232	1	5
boletus_edulis	Boletus edulis	63.178894	26.66898	483335.732	7005564.274	1000	15.3143	15.8786	17.0533	8.8	22.1	4.5035	3.8769	2.5328	13	2013	8	232	1	5
other_agaricoid	Flammulaster limulatus	61.963953	26.672824	482843.218	6870207.724	1000	7.0681	5.8788	9.7362	-1.0047	12.5118	0.3904	0.3274	2.1595	7	2019	9	273	0	5
boletus_edulis	Boletus edulis	61.958902	26.676664	483041.78	6869644.036	1000	14.502	16.1902	17.7295	9.3065	20.2934	3.2284	9.0687	4.668	10	2020	7	191	1	5
other_agaricoid	Neolentinus lepideus	60.863672	26.678068	482513.515	6747645.583	1	16.0853	15.8954	15.3058	5.6619	28.3607	1.1646	1.847	1.026	7	2018	6	181	0	5
other_agaricoid	Mycetinis scorodonius	62.58736	26.70451	484821.848	6939650.175	100	14.7773	16.6432	16.2313	10.3821	24.6481	7.6945	5.4465	2.7102	13	2023	7	186	0	5
boletus_edulis	Boletus edulis	62.59132	26.70768	484986.675	6940090.616	113	5.9057	7.2733	11.3209	0.5355	13.8229	0.0	1.2135	3.3039	3	2025	10	277	1	5
other_agaricoid	Armillaria borealis	61.491368	26.712042	484666.743	6817554.008	1	9.8734	10.6762	11.4702	4.9725	16.126	1.3868	3.9797	2.3996	11	2017	9	262	0	5
boletus_edulis	Boletus edulis	64.53221	26.71724	486433.289	7156352.192	19	15.0319	13.7436	14.9998	5.0841	25.1277	2.0553	3.1962	3.5408	9	2020	7	200	1	5
other_agaricoid	Amanita citrina	61.16639	26.72353	485125.2	6781352.292	12	12.8577	13.2208	12.8406	7.5553	20.4587	0.0493	0.0959	1.8984	2	2020	10	277	0	5
other_agaricoid	Marasmiellus perforans	60.8805	26.72488	485064.068	6749508.343	10	14.943	15.0485	16.2893	7.9536	21.1902	3.9812	2.7775	2.0689	9	2026	8	237	0	5
other_agaricoid	Russula queletii	62.083063	26.726473	485712.448	6883463.64	1000	15.3451	14.9352	15.166	9.7449	21.8042	2.437	2.8856	2.5584	8	2020	8	216	0	5
other_agaricoid	Asterophora lycoperdoides	63.24112	26.73078	486475.945	7012482.931	10	17.9651	16.9614	17.4653	10.1096	23.6573	4.56	3.3892	2.5622	9	2024	7	198	0	5
boletus_edulis	Boletus edulis	60.87787	26.74001	485884.293	6749212.058	10	15.0929	15.272	16.135	9.0003	21.8656	2.748	2.7589	1.9945	8	2026	8	239	1	5
boletus_edulis	Boletus edulis	60.87806	26.74229	486008.165	6749232.732	10	16.2747	17.881	17.1206	9.5834	24.8093	0.611	0.5371	3.1396	5	2026	7	203	1	5
boletus_edulis	Boletus edulis	60.87801	26.74237	486012.486	6749227.146	10	14.3092	17.1192	17.1282	8.8562	22.2327	1.0912	0.6425	3.1131	6	2026	7	206	1	5
boletus_edulis	Boletus edulis	62.59352	26.7431	486806.787	6940327.977	10	17.0979	16.6917	16.3022	11.4445	27.0438	1.7933	2.3619	2.7495	8	2020	8	221	1	5
other_agaricoid	Cortinarius ochrophyllus	62.514804	26.746954	486970.338	6931557.499	1000	10.6915	10.0287	11.3633	5.4863	15.8784	5.4397	4.0105	2.9443	9	2017	9	259	0	5
other_agaricoid	Tricholoma focale	61.992966	26.748554	486826.928	6873422.074	1000	5.5314	4.8272	7.7802	-3.4195	12.3289	1.9622	1.297	2.0909	7	2018	10	284	0	5
boletus_edulis	Boletus edulis	61.47389	26.75028	486695.386	6815598.705	100	11.0454	10.8023	12.4311	2.4093	18.6678	1.2843	1.6123	3.2743	6	2021	9	254	1	5
other_agaricoid	Cystoderma amianthinum	62.514088	26.751321	487194.892	6931476.856	1	10.6915	10.0287	11.3633	5.4863	15.8784	5.4397	4.0105	2.9443	9	2017	9	259	0	5
other_agaricoid	Lepiota clypeolaria	60.87875	26.75224	486548.668	6749307.504	13	15.0929	15.272	16.135	9.0003	21.8656	2.748	2.7589	1.9945	8	2026	8	239	0	5
boletus_edulis	Boletus edulis	60.87781	26.75267	486571.618	6749202.717	10	15.0264	15.0098	15.4164	5.2539	20.6955	2.2782	2.5131	2.1645	4	2026	9	247	1	5
boletus_edulis	Boletus edulis	61.77684	26.75984	487329.182	6849343.706	100	15.1869	15.3836	16.2245	10.7994	20.9719	2.7888	2.4909	2.0953	6	2026	8	238	1	5
boletus_edulis	Boletus edulis	62.03261	26.766596	487788.019	6877834.912	100	17.6891	16.6383	16.5781	11.8866	23.1391	3.8469	7.146	3.8475	12	2023	8	218	1	5
boletus_edulis	Boletus edulis	61.44487	26.78192	488370.292	6812360.071	14	18.415	17.2861	16.8289	12.3626	27.6287	0.7346	2.6391	3.3391	5	2020	8	222	1	5
boletus_edulis	Boletus edulis	61.44506	26.78305	488430.623	6812381.035	18	18.415	17.2861	16.8289	12.3626	27.6287	0.7346	2.6391	3.3391	5	2020	8	222	1	5
boletus_edulis	Boletus edulis	61.44491	26.78319	488438.033	6812364.301	17	18.415	17.2861	16.8289	12.3626	27.6287	0.7346	2.6391	3.3391	5	2020	8	222	1	5
other_agaricoid	Amanita muscaria	61.44479	26.78321	488439.055	6812350.931	10	18.415	17.2861	16.8289	12.3626	27.6287	0.7346	2.6391	3.3391	5	2020	8	222	0	5
boletus_edulis	Boletus edulis	60.89463	26.78471	488317.324	6751070.031	14	16.0351	15.5749	15.9021	9.1179	21.8438	2.0984	3.0321	2.1594	4	2026	9	244	1	5
boletus_edulis	Boletus edulis	60.89446	26.78485	488324.859	6751051.071	10	16.0351	15.5749	15.9021	9.1179	21.8438	2.0984	3.0321	2.1594	4	2026	9	244	1	5
other_agaricoid	Lactarius rufus	60.89461	26.78487	488325.999	6751067.775	20	16.0351	15.5749	15.9021	9.1179	21.8438	2.0984	3.0321	2.1594	4	2026	9	244	0	5
other_agaricoid	Cortinarius sanguineus	60.685076	26.805995	489403.367	6727726.155	1	14.1576	15.4822	14.7627	7.3788	20.0074	5.9365	3.8322	2.6605	9	2025	9	264	0	5
boletus_edulis	Boletus edulis	64.94303	26.81067	491052.83	7202118.804	13	14.2825	13.7161	15.152	5.2878	19.0097	6.1437	3.3382	2.8347	8	2023	9	246	1	5
boletus_edulis	Boletus edulis	60.94646	26.81359	489900.904	6756838.207	14	12.5795	13.7149	15.7505	3.6856	20.7938	3.2972	2.7605	2.0421	5	2024	9	270	1	5
boletus_edulis	Boletus edulis	61.80163	26.82213	490623.144	6852094.68	149	18.032	15.9955	17.0209	10.2428	25.7892	0.4676	1.3286	3.7919	5	2020	7	202	1	5
boletus_edulis	Boletus edulis	62.64575	26.82963	491265.928	6946132.249	32	14.6234	15.4524	19.2357	6.4223	24.0546	2.2845	1.1423	1.7582	4	2025	8	232	1	5
other_agaricoid	Infundibulicybe gibba	60.46744	26.83828	491107.192	6703481.688	10	17.5817	17.1274	17.0533	12.6111	23.0003	3.4816	2.2992	1.5822	9	2023	8	215	0	5
other_agaricoid	Cortinarius violaceus	64.95373	26.83953	492419.69	7203307.515	10	13.1342	13.2102	14.2329	6.4628	19.4195	7.9521	7.7287	5.8826	11	2026	8	235	0	5
boletus_edulis	Boletus edulis	68.892245	26.842783	493681.466	7642355.136	1000	10.7839	10.4795	11.1803	1.6102	18.3288	0.833	3.1858	4.4645	8	2018	8	243	1	5
boletus_edulis	Boletus edulis	60.52541	26.84818	491666.471	6709936.854	10	18.1817	16.3332	17.4484	6.7921	26.5502	1.6679	2.3591	3.979	5	2020	7	202	1	5
other_agaricoid	Naucoria bohemica	61.421492	26.850031	491996.504	6809745.714	1	5.0198	6.5806	11.2873	-0.4105	10.748	0.1745	1.779	1.9025	8	2019	9	269	0	5
other_agaricoid	Cantharellula umbonata	68.970311	26.851466	494051.491	7651058.886	1	10.9738	10.7493	11.6291	2.7701	18.9381	0.5671	2.7785	4.0846	9	2018	9	244	0	5
other_agaricoid	Inocybe lilacina	61.419648	26.852698	492138.372	6809539.984	1	5.0198	6.5806	11.2873	-0.4105	10.748	0.1745	1.779	1.9025	8	2019	9	269	0	5
boletus_edulis	Boletus edulis	61.17752	26.86099	492523.526	6782568.541	10	19.5779	17.1592	17.4833	12.3551	29.505	0.8893	5.0287	3.1208	8	2026	7	196	1	5
other_agaricoid	Xeromphalina campanella	61.183793	26.862028	492580.828	6783267.156	1	12.3181	11.1112	12.4495	5.9554	18.4143	3.1169	2.4149	3.3916	7	2021	9	256	0	5
other_agaricoid	Chroogomphus rutilus	61.17411	26.86676	492833.084	6782188.064	100	14.9512	15.1132	16.3859	8.7058	21.155	3.4821	2.3922	1.7716	11	2026	8	236	0	5
other_agaricoid	Amanita porphyria	61.17519	26.86728	492861.299	6782308.306	100	15.5711	15.5308	16.3266	8.1579	22.6	1.7866	1.7133	1.2088	10	2026	8	232	0	5
boletus_edulis	Boletus edulis	61.17579	26.86962	492987.295	6782374.885	10	14.9512	15.1132	16.3859	8.7058	21.155	3.4821	2.3922	1.7716	11	2026	8	236	1	5
other_agaricoid	Lactarius lacunarum	60.513081	26.873121	493032.856	6708560.796	1000	17.0919	17.5701	17.7061	9.6169	24.7035	1.6991	1.2887	1.1485	8	2024	9	247	0	5
other_agaricoid	Tubaria confragosa	61.944744	26.873632	493369.206	6868031.052	1000	8.9925	9.4337	10.2256	2.857	17.2644	0.1825	1.2717	2.093	7	2017	9	268	0	5
boletus_edulis	Boletus edulis	61.19605	26.87958	493527.166	6784630.568	82	14.7632	14.9801	16.1907	8.6129	21.0793	3.4705	2.3684	1.7469	11	2026	8	237	1	5
boletus_edulis	Boletus edulis	61.39604	26.88741	493986.441	6806906.571	100	13.7279	15.2207	15.913	6.4132	22.2797	1.4488	2.0709	1.3578	6	2020	8	242	1	5
other_agaricoid	Volvariella bombycina	60.914372	26.899772	494564.5	6753253.93	1	19.5075	18.0324	18.4761	12.0661	26.3618	0.4744	1.5485	2.7828	6	2023	7	200	0	5
other_agaricoid	Volvariella bombycina	60.914372	26.899772	494564.5	6753253.93	1	19.5075	18.0324	18.4761	12.0661	26.3618	0.4744	1.5485	2.7828	6	2023	7	200	0	5
other_agaricoid	Hypholoma capnoides	61.40922	26.91754	495597.573	6808372.302	476	16.8943	16.2259	15.1818	9.378	26.3745	2.8883	3.1885	2.5484	7	2026	6	172	0	5
boletus_edulis	Boletus edulis	61.99065	26.92444	496041.16	6873140.854	65	13.6874	14.9418	16.183	7.8868	21.2833	6.4664	4.5924	3.3553	11	2021	8	235	1	5
other_agaricoid	Cortinarius violaceus	68.890362	26.931309	497239.079	7642138.633	1	10.8571	10.4571	10.4633	2.6	18.0	0.0367	0.8991	2.3316	6	2014	9	250	0	5
boletus_edulis	Boletus edulis	60.4592	26.93454	496399.511	6702554.823	48	20.3026	18.5202	17.969	12.6721	30.6339	0.0973	2.6039	4.2229	7	2026	7	199	1	5
boletus_edulis	Boletus edulis	61.089949	26.940321	496781.343	6772807.812	1000	16.818	16.966	17.8021	8.148	22.8214	0.6507	2.1282	2.6744	9	2024	8	235	1	5
boletus_edulis	Boletus edulis	60.45692	26.94209	496814.559	6702300.499	100	13.7546	13.3599	15.9437	8.4094	18.5516	3.1633	3.3865	2.2566	11	2025	8	243	1	5
boletus_edulis	Boletus edulis	62.1783	26.9688	498375.387	6894043.595	1	15.0796	15.6514	17.5943	6.116	24.0833	2.3566	2.4376	1.6735	10	2018	8	240	1	5
boletus_edulis	Boletus edulis	68.973438	26.987822	499512.363	7651400.411	1	11.2035	10.1075	11.2108	1.9564	17.9014	0.6822	0.4908	1.8046	6	2020	9	251	1	5
boletus_edulis	Boletus edulis	61.20981	26.99945	499970.449	6786157.306	441	17.6723	17.6149	17.5255	11.3107	24.7818	1.3591	0.6797	3.316	4	2023	7	203	1	5
other_agaricoid	Russula vitellina	62.570652	27.000311	500015.984	6937753.986	10	11.9862	12.1479	14.078	5.6253	19.8535	2.9367	4.0261	4.254	9	2021	8	243	0	5
other_agaricoid	Lactarius musteus	61.859425	27.007926	500417.054	6858520.139	1000	5.876	7.7578	11.782	-2.1389	15.2319	0.0	1.7396	2.4054	5	2025	10	275	0	5
boletus_edulis	Boletus edulis	62.76407	27.02737	501397.537	6959303.324	14	13.292	11.8314	13.7491	6.608	20.4909	0.7186	0.7353	1.2327	7	2025	9	246	1	5
other_agaricoid	Lactarius musteus	69.74315	27.02759	501066.095	7737230.55	100	14.3491	14.2057	13.5819	5.5852	20.7801	0.2521	2.1489	2.2722	4	2022	8	236	0	5
other_agaricoid	Gomphidius glutinosus	62.76384	27.02861	501460.864	6959277.727	10	13.292	11.8314	13.7491	6.608	20.4909	0.7186	0.7353	1.2327	7	2025	9	246	0	5
boletus_edulis	Boletus edulis	62.63733	27.04726	502423.488	6945183.52	12	12.8502	14.8753	13.5427	8.7906	18.0591	5.8908	6.0294	3.1787	11	2025	9	262	1	5
other_agaricoid	Hypholoma marginatum	63.62405	27.05786	502868.02	7055123.414	10	5.0974	5.9795	10.1357	-2.536	12.5115	0.0	0.1918	1.9701	1	2025	10	278	0	5
other_agaricoid	Lycoperdon excipuliforme	62.63916	27.06212	503185.311	6945388.049	10	12.8377	14.8625	13.5264	8.754	18.0432	5.9419	6.0381	3.1893	11	2025	9	262	0	5
other_agaricoid	Lactarius deterrimus	63.36854	27.06845	503423.386	7026653.767	10	9.4921	9.9849	13.3655	-0.4194	19.648	2.6761	1.5909	6.0185	10	2024	9	272	0	5
boletus_edulis	Boletus edulis	62.65196	27.06922	503547.845	6946814.485	10	18.0279	15.905	17.0786	7.3556	26.5961	0.0637	1.5193	4.0142	7	2020	7	202	1	5
boletus_edulis	Boletus edulis	62.652	27.06923	503548.353	6946818.942	16	11.2994	13.4969	15.2284	6.5689	17.0483	6.386	5.5879	5.8632	13	2021	8	238	1	5
boletus_edulis	Boletus edulis	62.65202	27.06929	503551.426	6946821.173	10	18.0279	15.905	17.0786	7.3556	26.5961	0.0637	1.5193	4.0142	7	2020	7	202	1	5
boletus_edulis	Boletus edulis	62.65197	27.0693	503551.944	6946815.603	10	18.0279	15.905	17.0786	7.3556	26.5961	0.0637	1.5193	4.0142	7	2020	7	202	1	5
boletus_edulis	Boletus edulis	62.65199	27.06944	503559.118	6946817.839	10	18.7762	16.1838	17.1444	7.3556	26.5961	1.2496	1.9341	4.2909	7	2020	7	203	1	5
other_agaricoid	Lycoperdon molle	61.659914	27.07521	503983.135	6836297.473	10	12.3143	12.1786	14.2633	4.5	21.5	0.1178	2.9127	3.1835	7	2014	9	249	0	5
other_agaricoid	Russula paludosa	63.62144	27.08073	504002.013	7054833.818	10	10.3167	12.5589	16.7765	1.6504	18.9182	0.4312	1.3904	1.5727	7	2025	8	235	0	5
boletus_edulis	Boletus edulis	63.6246	27.08588	504256.84	7055186.259	10	15.6663	15.3304	16.4214	4.2278	22.1938	6.194	5.7647	2.9325	10	2021	8	223	1	5
boletus_edulis	Boletus edulis	69.649159	27.098189	503810.931	7726752.102	1	15.6902	16.6086	16.7737	7.4877	26.2596	5.1086	3.8047	2.8177	12	2025	8	223	1	5
boletus_edulis	Boletus edulis	63.60703	27.11118	505514.295	7053230.425	100	12.4851	13.9811	15.4359	5.9752	19.5268	9.6912	6.3515	5.6355	13	2021	8	236	1	5
boletus_edulis	Boletus edulis	61.42689	27.1121	505981.484	6810342.946	100	15.3535	13.6813	14.1813	6.8538	23.9372	0.3209	1.568	1.1521	7	2025	9	249	1	5
boletus_edulis	Boletus edulis	61.67536	27.11213	505935.459	6838020.901	32	15.0788	16.179	16.5219	10.9093	21.7979	5.5886	3.4081	2.4483	12	2021	8	232	1	5
other_agaricoid	Inocybe moravica	62.628812	27.11652	505976.846	6944239.029	100	11.4125	12.6234	14.3351	4.1203	17.5677	2.197	2.0051	3.1339	7	2017	9	244	0	5
other_agaricoid	Apioperdon pyriforme	62.616603	27.118833	506097.995	6942879.029	100	10.9432	10.9505	13.695	4.9218	19.8495	0.9348	3.4588	3.5055	9	2021	9	246	0	5
boletus_edulis	Boletus edulis	60.656998	27.122239	506682.565	6724589.426	1	3.2481	5.6383	6.9581	-4.8841	9.0515	0.4903	1.6987	2.0299	11	2022	10	297	1	5
other_agaricoid	Lactarius turpis	63.37904	27.12496	506247.334	7027827.97	10	6.0301	7.2075	8.4418	1.6507	12.3344	2.3516	1.8769	3.0878	11	2021	9	261	0	5
boletus_edulis	Boletus edulis	61.67322	27.12703	506724.636	6837783.963	10	15.5355	15.179	15.5074	7.0035	22.9883	1.1627	2.5944	2.2848	7	2020	8	216	1	5
other_agaricoid	Armillaria borealis	63.48616	27.12765	506358.035	7039763.946	10	12.7091	13.2299	13.9551	1.473	20.0181	0.33	2.5209	2.7784	8	2026	8	241	0	5
boletus_edulis	Boletus edulis	61.61235	27.12777	506777.116	6831003.426	10	16.526	17.6585	18.2435	10.7233	23.2107	1.9033	2.3643	2.4581	8	2024	8	220	1	5
boletus_edulis	Boletus edulis	61.59788	27.12793	506788.769	6829391.566	10	16.3566	18.0471	18.3599	9.6669	22.8512	2.4258	2.4499	2.5303	8	2024	8	219	1	5
other_agaricoid	Cantharellula umbonata	63.37857	27.13168	506583.405	7027776.274	10	6.0301	7.2075	8.4418	1.6507	12.3344	2.3516	1.8769	3.0878	11	2021	9	261	0	5
other_agaricoid	Phaeogalera stagnina	64.41554	27.141644	506825.04	7143327.869	1	10.3645	13.0955	14.2024	7.1993	14.7876	3.2693	2.549	3.4192	9	2017	8	241	0	5
other_agaricoid	Pleurotus pulmonarius	63.64902	27.14985	507421.28	7057913.147	100	16.1183	15.5903	15.7183	10.0853	24.3434	6.2221	5.7548	4.0217	11	2023	7	212	0	5
boletus_edulis	Boletus edulis	63.64937	27.15525	507688.619	7057952.785	10	16.1252	15.0231	16.4655	6.5073	25.369	2.6906	3.1163	4.2828	10	2020	7	200	1	5
boletus_edulis	Boletus edulis	63.62561	27.16531	508193.674	7055306.532	38	10.6743	12.8554	14.5869	5.4457	17.1075	9.9955	6.8039	5.825	12	2021	8	239	1	5
boletus_edulis	Boletus edulis	63.64638	27.16687	508264.957	7057621.068	100	14.0098	15.0549	15.571	5.6828	20.5387	2.9554	3.268	3.7405	10	2026	8	225	1	5
other_agaricoid	Neolentinus lepideus	62.300672	27.167738	508698.95	6907687.316	1000	15.1682	15.3161	14.9216	7.4778	21.3134	3.5356	3.367	2.9115	8	2018	7	188	0	5
other_agaricoid	Clitocybe fragrans	63.64786	27.16917	508378.438	7057786.279	100	9.5585	12.0675	13.2237	2.728	16.4018	2.9319	2.9318	2.1429	11	2025	9	267	0	5
other_agaricoid	Bolbitius titubans	63.64742	27.17119	508478.613	7057737.517	100	11.3624	12.7308	13.7209	1.2682	21.6941	4.1133	2.2014	2.4232	4	2023	9	261	0	5
boletus_edulis	Boletus edulis	63.64626	27.17151	508494.809	7057608.304	100	16.9645	16.5903	16.4908	8.3684	25.4883	5.2726	3.3703	2.9125	8	2024	9	249	1	5
boletus_edulis	Boletus edulis	63.64628	27.17151	508494.803	7057610.533	100	11.6206	13.4816	13.5903	4.6909	16.405	3.9054	3.2751	2.3251	12	2025	9	265	1	5
other_agaricoid	Amanita rubescens	63.64809	27.18342	509084.119	7057813.853	100	13.5422	13.836	16.3344	4.5221	20.4456	2.3315	1.2293	1.9678	5	2023	8	242	0	5
boletus_edulis	Boletus edulis	63.6472	27.18417	509121.55	7057714.79	252	9.8006	10.0005	13.0138	3.0099	19.4734	0.2734	3.7571	4.6485	8	2021	9	247	1	5
other_agaricoid	Russula vesca	63.55896	27.18755	509317.782	7047883.027	100	13.0743	12.2679	13.5482	4.7478	20.6782	4.1726	3.9428	3.2498	9	2023	9	268	0	5
boletus_edulis	Boletus edulis	63.64397	27.18818	509321.215	7057355.459	100	16.162	16.4158	16.6518	8.5626	22.8673	2.3788	1.7	2.0498	8	2024	8	238	1	5
other_agaricoid	Bovista plumbea	63.5562	27.18933	509407.125	7047575.753	100	17.6496	16.3063	16.6284	8.7198	25.8199	1.6351	1.5238	2.9202	12	2026	8	215	0	5
boletus_edulis	Boletus edulis	63.5634	27.1911	509492.674	7048378.278	10	17.0979	16.3024	16.4774	8.6182	26.0251	1.3458	1.4673	2.7979	11	2026	8	216	1	5
other_agaricoid	Nidularia deformis	63.65337	27.19363	509588.0	7058403.678	100	13.5367	11.8528	13.2657	7.8435	20.8392	2.293	4.7015	3.2996	13	2023	9	271	0	5
boletus_edulis	Boletus edulis	63.56485	27.19712	509791.212	7048540.752	10	6.7852	8.1505	8.5241	0.1432	12.3601	0.4181	1.1325	0.8661	8	2022	9	271	1	5
boletus_edulis	Boletus edulis	63.5649	27.19747	509808.58	7048546.377	10	16.8291	17.0933	16.692	8.3082	23.9599	13.9026	7.462	5.4696	6	2024	9	258	1	5
other_agaricoid	Lactarius turpis	61.681503	27.198751	510518.534	6838716.152	1	11.4305	13.8358	15.0262	4.004	18.9349	0.3881	1.7303	0.9602	5	2020	9	245	0	5
other_agaricoid	Kuehneromyces mutabilis	63.55721	27.20001	509937.423	7047689.907	100	14.7028	15.9593	16.0235	9.051	20.5006	4.667	3.0072	3.7294	10	2026	8	223	0	5
other_agaricoid	Lactarius rufus	63.64718	27.20011	509911.029	7057714.934	701	7.4334	7.9433	9.8238	0.1319	16.0179	3.6231	1.9412	3.5687	8	2021	9	259	0	5
boletus_edulis	Boletus edulis	61.90312	27.20562	510803.987	6863404.797	12	16.1417	16.5538	17.8786	6.4907	23.0493	1.2407	2.869	1.4824	10	2021	8	222	1	5
other_agaricoid	Cortinarius armillatus	63.6485	27.20734	510268.638	7057863.158	100	16.2413	16.2294	16.2181	9.1951	22.9718	1.7439	1.6745	2.0962	7	2024	8	240	0	5
other_agaricoid	Armillaria borealis	63.5571	27.20842	510355.31	7047678.984	100	14.7028	15.9593	16.0235	9.051	20.5006	4.667	3.0072	3.7294	10	2026	8	223	0	5
other_agaricoid	Apioperdon pyriforme	63.560833	27.210278	510446.257	7048095.237	1	14.7563	14.2817	15.4993	7.3643	19.4102	3.7314	2.9876	2.012	7	2023	9	249	0	5
other_agaricoid	Tapinella atrotomentosa	63.6449	27.21411	510605.269	7057463.126	100	14.6253	14.8129	14.593	5.3458	22.0842	0.0	2.3512	1.7256	5	2023	9	255	0	5
boletus_edulis	Boletus edulis	69.437353	27.218131	508550.38	7703145.46	1000	9.808	9.6179	10.3951	2.8342	17.3925	0.976	1.3646	1.9737	11	2020	9	249	1	5
boletus_edulis	Boletus edulis	61.039609	27.220773	511925.805	6767219.296	100	16.7712	16.922	17.8011	8.0119	22.9383	0.6667	2.2067	2.4222	9	2024	8	235	1	5
other_agaricoid	Amanita muscaria	61.039609	27.220773	511925.805	6767219.296	100	16.7712	16.922	17.8011	8.0119	22.9383	0.6667	2.2067	2.4222	9	2024	8	235	0	5
other_agaricoid	Kuehneromyces mutabilis	61.68053	27.22084	511687.919	6838611.533	100	19.4912	18.3813	17.7853	8.7918	29.7603	0.0	1.0475	1.6235	1	2022	8	229	0	5
boletus_edulis	Boletus edulis	60.652562	27.223862	512239.766	6724109.978	1	13.947	15.1265	14.8579	5.3972	19.7841	4.169	3.4051	2.7628	11	2025	9	265	1	5
boletus_edulis	Boletus edulis	60.646751	27.224672	512286.265	6723462.91	1	8.1351	8.6086	8.4472	-4.6395	13.7714	2.8744	2.8955	2.0336	10	2022	10	289	1	5
other_agaricoid	Cortinarius semisanguineus	69.155197	27.225507	508955.341	7671683.933	1000	11.3367	10.9906	11.6187	1.0974	18.8956	0.8622	3.3002	4.1192	10	2018	8	243	0	5
other_agaricoid	Clitocybe fragrans	61.66784	27.22962	512157.585	6837199.536	100	10.6109	11.775	13.2514	3.5561	17.2925	8.1815	4.78	3.028	10	2020	9	257	0	5
other_agaricoid	Laccaria laccata	69.461066	27.237762	509309.605	7705792.554	1000	9.4123	9.4135	10.1777	0.465	18.2793	0.5339	2.5007	3.8155	9	2018	9	244	0	5
boletus_edulis	Boletus edulis	69.13045	27.23954	509523.398	7668926.616	100	15.1148	16.4207	17.1791	5.8777	24.0724	4.1528	3.0609	3.6125	9	2025	8	228	1	5
other_agaricoid	Ampulloclitocybe clavipes	63.33723	27.24517	512274.994	7023186.765	10	13.7874	14.5917	14.6948	6.4655	21.4831	0.5661	2.3439	1.8037	7	2023	9	254	0	5
boletus_edulis	Boletus edulis	61.708167	27.245279	512969.741	6841694.8	1000	14.6278	15.0184	14.5711	6.4047	23.1571	1.9562	2.448	1.2249	10	2019	8	236	1	5
other_agaricoid	Mycetinis scorodonius	60.568316	27.247633	513574.788	6714731.531	100	14.3082	14.201	15.1957	4.2951	21.4513	0.1936	2.6924	2.4272	5	2016	9	256	0	5
other_agaricoid	Lactarius mammosus	60.568316	27.247633	513574.788	6714731.531	100	14.3082	14.201	15.1957	4.2951	21.4513	0.1936	2.6924	2.4272	5	2016	9	256	0	5
other_agaricoid	Sarcomyxa serotina	60.96011	27.25127	513607.164	6758370.32	110	4.142	5.4936	7.3531	-3.7888	11.8627	6.0799	4.1495	2.3612	12	2021	10	296	0	5
boletus_edulis	Boletus edulis	61.69935	27.25166	513310.95	6840713.914	10	11.5558	13.3889	15.045	6.7429	17.4697	3.406	4.473	3.2945	10	2021	8	239	1	5
boletus_edulis	Boletus edulis	61.486034	27.25355	513503.409	6816952.235	1	4.8124	7.8308	12.0339	-0.6988	10.8032	0.404	2.7038	1.8304	10	2019	9	267	1	5
boletus_edulis	Boletus edulis	61.65852	27.25706	513614.532	6836166.767	12	14.9223	16.3124	16.6193	7.7011	21.6063	1.5694	1.1288	2.7915	8	2026	7	208	1	5
other_agaricoid	Gomphidius glutinosus	61.62783	27.26025	513797.147	6832748.74	811	17.9999	17.35	17.438	7.3057	28.1185	1.9459	1.8711	1.7282	8	2022	8	220	0	5
boletus_edulis	Boletus edulis	61.687584	27.260399	513778.421	6839405.055	1	10.668	11.6362	12.8179	4.5209	16.3522	7.0681	4.8939	3.0648	11	2020	9	259	1	5
other_agaricoid	Coprinellus micaceus	61.65199	27.26155	513855.255	6835440.307	100	10.2735	11.1923	13.8488	3.2277	20.4345	1.8376	2.5125	2.6566	6	2021	9	247	0	5
other_agaricoid	Russula vesca	61.67372	27.26275	513909.053	6837861.173	32	15.0471	16.4098	16.7144	7.4157	21.9004	1.5783	1.1346	2.8005	9	2026	7	208	0	5
other_agaricoid	Bolbitius titubans	61.68086	27.26846	514208.039	6838657.767	10	2.5492	6.1156	9.1859	-3.3174	8.4932	1.7738	1.7166	1.1044	8	2020	10	294	0	5
other_agaricoid	Hohenbuehelia petaloides	63.03021	27.27001	513662.531	6988983.824	291	15.9823	16.7155	16.2883	9.5651	24.1598	10.8188	5.9757	4.8467	6	2024	9	259	0	5
other_agaricoid	Aphanobasidium pseudotsugae	63.552802	27.270658	513449.607	7047211.654	1	8.2178	7.1136	7.4845	1.5907	14.5074	0.0113	0.429	1.0839	4	2021	10	277	0	5
other_agaricoid	Cortinarius semisanguineus	62.76971	27.27855	514220.265	6959962.135	230	14.2309	14.3987	15.6426	9.766	20.3015	2.8279	2.0406	1.8848	8	2026	8	236	0	5
boletus_edulis	Boletus edulis	61.701605	27.282083	514919.006	6840971.71	1	11.1311	11.0152	12.9017	0.6314	21.0873	0.5255	1.8179	2.0672	11	2018	9	268	1	5
other_agaricoid	Lepiota cristata	61.69727	27.28394	515019.327	6840489.238	100	12.9206	12.1202	13.8034	3.5776	19.6461	3.6978	1.9965	1.6376	10	2020	9	253	0	5
boletus_edulis	Boletus edulis	61.50618	27.2846	515147.248	6819203.162	10	15.3787	17.0817	15.9505	8.7132	23.8722	4.5904	3.3874	4.2443	8	2020	7	211	1	5
other_agaricoid	Conocybe apala	61.50636	27.28494	515165.256	6819223.292	10	18.8016	17.9591	17.6498	7.9463	28.3207	2.1807	2.0238	1.958	9	2022	8	218	0	5
other_agaricoid	Cortinarius armillatus	61.50613	27.28523	515180.803	6819197.739	10	18.2976	17.1348	16.6487	12.1991	27.725	1.0808	1.8508	2.6197	5	2020	8	222	0	5
boletus_edulis	Boletus edulis	62.78803	27.28837	514712.449	6962005.421	57	14.2072	14.3768	15.6239	9.4208	20.2961	2.9006	2.1043	1.9122	8	2026	8	236	1	5
other_agaricoid	Laccaria laccata	61.49942	27.29808	515868.133	6818453.358	10	11.7243	11.7676	14.5773	2.0948	20.8715	4.6408	2.3457	2.3916	8	2024	9	273	0	5
boletus_edulis	Boletus edulis	61.68796	27.30879	516338.71	6839458.136	100	11.7147	13.542	15.2004	7.435	17.5111	3.255	4.2649	3.2388	10	2021	8	239	1	5
other_agaricoid	Psathyrella piluliformis	61.407783	27.310131	516558.193	6808248.799	10	4.4751	6.1345	11.0444	-0.9487	10.5231	0.1483	1.9338	1.8667	10	2019	9	269	0	5
other_agaricoid	Agaricus sylvicola	62.473442	27.312616	516119.283	6926962.872	1	12.1209	11.5569	12.8568	9.5663	15.9967	7.1776	3.8981	2.8097	7	2017	9	257	0	5
other_agaricoid	Coprinopsis acuminata	62.473471	27.313434	516161.445	6926966.307	1	10.2527	10.691	11.7016	6.3628	15.5338	2.3688	3.9111	2.5289	8	2017	9	261	0	5
other_agaricoid	Kuehneromyces mutabilis	63.17216	27.3143	515826.225	7004809.749	38	12.4514	13.4311	14.0127	3.2168	20.8714	5.9478	3.4959	2.9101	6	2023	9	265	0	5
boletus_edulis	Boletus edulis	61.77918	27.3149	516612.811	6849621.203	32	16.9068	18.1052	19.6415	4.0314	30.155	0.0062	0.3508	0.3962	2	2021	7	208	1	5
boletus_edulis	Boletus edulis	61.672077	27.315167	516684.695	6837690.47	1000	12.5	12.3929	14.5233	4.1	21.5	0.1188	2.8603	3.1383	7	2014	9	249	1	5
other_agaricoid	Lactarius torminosus	63.17266	27.32592	516411.051	7004868.376	100	14.5963	14.3316	14.7094	2.6774	20.2141	1.5203	1.8622	2.4265	7	2026	9	244	0	5
boletus_edulis	Boletus edulis	61.40768	27.326627	517438.983	6808241.623	1000	4.5282	7.5426	11.8263	-1.1565	10.5638	0.3324	2.7811	1.8681	11	2019	9	267	1	5
other_agaricoid	Cortinarius brunneus	61.40768	27.326627	517438.983	6808241.623	1000	4.5282	7.5426	11.8263	-1.1565	10.5638	0.3324	2.7811	1.8681	11	2019	9	267	0	5
other_agaricoid	Lactarius utilis	61.407307	27.32776	517499.683	6808200.378	1	4.5282	7.5426	11.8263	-1.1565	10.5638	0.3324	2.7811	1.8681	11	2019	9	267	0	5
other_agaricoid	Apioperdon pyriforme	63.16295	27.32811	516526.851	7003787.062	181	19.3087	19.0469	17.6713	9.3279	28.634	1.0778	1.6281	3.0062	9	2023	8	225	0	5
boletus_edulis	Boletus edulis	61.40699	27.32814	517520.15	6808165.169	1	4.5282	7.5426	11.8263	-1.1565	10.5638	0.3324	2.7811	1.8681	11	2019	9	267	1	5
other_agaricoid	Pholiota flammans	60.751896	27.334321	518222.837	6735199.301	1	12.3045	12.7751	15.232	-0.2446	19.7715	5.8136	2.9488	2.2135	6	2024	9	272	0	5
boletus_edulis	Boletus edulis	61.64251	27.3358	517793.973	6834402.335	10	13.3082	12.0199	13.9047	5.0401	21.1468	2.9839	2.3181	1.4699	10	2025	9	246	1	5
boletus_edulis	Boletus edulis	61.47326	27.34089	518162.321	6815550.524	10	15.6637	16.6374	16.2187	9.7223	25.5983	4.7669	2.416	4.2207	7	2020	7	208	1	5
boletus_edulis	Boletus edulis	63.33783	27.34354	517199.724	7023276.23	27	14.3804	14.6921	15.4889	7.1652	21.1298	0.5632	2.3643	2.4236	6	2026	8	238	1	5
boletus_edulis	Boletus edulis	63.33786	27.34598	517321.866	7023280.23	22	14.3804	14.6921	15.4889	7.1652	21.1298	0.5632	2.3643	2.4236	6	2026	8	238	1	5
boletus_edulis	Boletus edulis	60.921988	27.351951	519082.166	6754149.291	100	17.0317	17.1454	18.0282	7.6788	23.1624	0.6219	2.0065	2.1091	9	2024	8	235	1	5
boletus_edulis	Boletus edulis	64.403109	27.356763	517198.154	7141983.25	100	11.5143	11.9429	15.5267	3.8	16.8	2.5788	3.2448	2.505	13	2014	8	241	1	5
other_agaricoid	Lactarius trivialis	61.419786	27.368496	519666.784	6809602.019	100	4.344	6.0136	10.9617	-1.1183	10.3704	0.1435	1.955	1.8698	10	2019	9	269	0	5
other_agaricoid	Amanita muscaria	63.36391	27.37485	518750.29	7026190.877	10	13.7671	14.0427	15.3064	5.8465	21.1387	3.0308	2.7487	2.6679	8	2026	8	236	0	5
boletus_edulis	Boletus edulis	60.76557	27.3759	520480.449	6736734.557	10	17.4506	16.6009	16.9554	8.4063	26.796	3.3778	3.1582	3.8586	5	2020	7	206	1	5
other_agaricoid	Gymnopus acervatus	61.669213	27.378491	520038.849	6837389.299	1	4.4051	4.8479	8.1329	-4.9735	13.1817	2.1759	1.9303	2.908	9	2018	10	283	0	5
boletus_edulis	Boletus edulis	63.29941	27.38018	519059.512	7019005.802	10	18.8118	18.1705	18.1819	11.1582	26.4098	0.653	2.5059	2.601	6	2024	7	204	1	5
boletus_edulis	Boletus edulis	63.29936	27.38133	519117.198	7019000.574	50	18.8118	18.1705	18.1819	11.1582	26.4098	0.653	2.5059	2.601	6	2024	7	204	1	5
other_agaricoid	Bovista plumbea	63.36212	27.38383	519200.667	7025994.091	88	13.8891	13.8281	14.3113	2.3605	20.248	0.1305	1.5807	2.2737	4	2026	8	243	0	5
boletus_edulis	Boletus edulis	60.728732	27.3875	521136.666	6732635.251	1	18.0768	17.1502	17.5857	9.9828	25.2582	0.6894	0.854	3.4805	6	2023	7	201	1	5
other_agaricoid	Mycena rosella	60.565688	27.390645	521416.131	6714476.867	1	13.5882	13.0191	14.5947	2.4551	19.0544	3.6281	2.7585	2.7906	9	2020	9	252	0	5
boletus_edulis	Boletus edulis	63.34904	27.39251	519643.794	7024539.332	10	14.4381	14.1652	14.5104	2.4633	20.2788	1.7547	2.3245	2.6041	5	2026	9	244	1	5
boletus_edulis	Boletus edulis	63.35965	27.39582	519802.147	7025722.529	10	13.672	13.9504	15.2226	5.8305	21.0892	3.0756	2.7481	2.6649	8	2026	8	236	1	5
boletus_edulis	Boletus edulis	63.3596	27.3963	519826.195	7025717.106	110	13.672	13.9504	15.2226	5.8305	21.0892	3.0756	2.7481	2.6649	8	2026	8	236	1	5
boletus_edulis	Boletus edulis	63.36064	27.3991	519965.551	7025833.853	121	13.7476	15.8912	15.9298	1.9524	21.6677	16.0584	8.0292	5.7982	6	2024	9	261	1	5
other_agaricoid	Cortinarius caperatus	61.45572	27.3991	521275.63	6813614.326	15	17.03	16.9338	17.2494	8.5529	24.6901	0.5102	0.9757	2.247	6	2024	8	243	0	5
boletus_edulis	Boletus edulis	63.35959	27.40053	520037.819	7025717.307	230	13.672	13.9504	15.2226	5.8305	21.0892	3.0756	2.7481	2.6649	8	2026	8	236	1	5
boletus_edulis	Boletus edulis	63.36106	27.40254	520137.347	7025881.726	10	15.4563	14.4893	15.9298	8.5327	19.6789	2.9519	2.0864	1.5779	5	2023	9	247	1	5
boletus_edulis	Boletus edulis	63.36101	27.40273	520146.886	7025876.215	10	13.7476	15.8912	15.9298	1.9524	21.6677	16.0584	8.0292	5.7982	6	2024	9	261	1	5
other_agaricoid	Hygrophoropsis aurantiaca	63.36093	27.40289	520154.946	7025867.351	10	15.4563	14.4893	15.9298	8.5327	19.6789	2.9519	2.0864	1.5779	5	2023	9	247	0	5
boletus_edulis	Boletus edulis	63.35998	27.4031	520166.117	7025761.567	822	15.4806	14.5193	15.9592	8.6531	19.659	2.9918	2.1147	1.5789	5	2023	9	247	1	5
boletus_edulis	Boletus edulis	63.35977	27.40327	520174.769	7025738.222	10	15.4806	14.5193	15.9592	8.6531	19.659	2.9918	2.1147	1.5789	5	2023	9	247	1	5
boletus_edulis	Boletus edulis	61.696888	27.403492	521343.379	6840480.087	1	14.4619	15.0403	14.1097	5.7804	20.9613	1.7692	1.4953	1.2424	8	2019	8	238	1	5
other_agaricoid	Russula vinosa	61.69754	27.40431	521386.197	6840552.985	212	17.0289	16.6239	16.6319	10.3431	24.3934	8.7499	5.6252	3.6806	7	2023	8	215	0	5
boletus_edulis	Boletus edulis	61.45324	27.40432	521555.613	6813339.792	10	10.5643	12.2091	14.1589	1.8927	19.0744	3.5855	3.6733	2.443	10	2025	9	269	1	5
boletus_edulis	Boletus edulis	61.69469	27.40569	521461.171	6840235.965	12	15.7212	16.3874	16.3483	5.574	27.3957	0.0371	0.5209	1.4429	4	2020	8	228	1	5
boletus_edulis	Boletus edulis	61.45389	27.40605	521647.394	6813412.768	21	16.3014	16.5736	17.1183	8.5529	24.6901	2.3334	1.9026	2.1577	8	2024	9	245	1	5
other_agaricoid	Stropharia aeruginosa	61.693565	27.40716	521539.718	6840111.132	1	5.7407	5.6394	7.9698	-3.7854	14.4889	0.9784	0.5057	1.1857	5	2021	9	271	0	5
other_agaricoid	Lycoperdon umbrinum	61.69668	27.40981	521677.723	6840459.006	10	19.5784	18.0374	17.3908	10.8856	30.427	3.0416	5.8491	3.1082	8	2023	8	220	0	5
other_agaricoid	Lactarius turpis	61.69644	27.40986	521680.536	6840432.287	10	18.1567	16.9238	16.8199	10.3431	24.3934	2.5193	5.7936	3.334	8	2023	8	217	0	5
boletus_edulis	Boletus edulis	61.69842	27.41305	521847.878	6840653.915	10	11.2871	11.8393	13.4273	3.9344	18.3032	6.7858	3.6504	2.3674	11	2020	9	255	1	5
boletus_edulis	Boletus edulis	66.708922	27.419814	518523.411	7398994.475	1000	7.3683	8.4853	10.4799	0.928	12.2941	1.0884	1.0237	1.0048	8	2020	9	263	1	5
other_agaricoid	Strobilurus esculentus	61.69551	27.42059	522248.79	6840332.312	10	6.2488	4.324	4.0848	-2.7839	18.1474	0.6661	0.4292	0.4951	2	2022	5	127	0	5
boletus_edulis	Boletus edulis	61.22256	27.4215	522637.394	6787650.488	100	16.5154	17.0515	17.6955	8.9222	22.4924	1.7324	1.8128	2.8453	8	2024	8	237	1	5
boletus_edulis	Boletus edulis	62.92716	27.42451	521555.959	6977544.743	10	17.2287	16.521	14.7144	12.4935	22.7687	4.6973	2.6563	2.2446	6	2025	9	256	1	5
other_agaricoid	Armillaria borealis	61.69611	27.42461	522461.005	6840400.53	11	11.2871	11.8393	13.4273	3.9344	18.3032	6.7858	3.6504	2.3674	11	2020	9	255	0	5
boletus_edulis	Boletus edulis	62.237347	27.425939	522135.667	6900694.105	1000	11.4611	13.6317	15.2897	6.9025	17.769	5.0284	5.3793	4.6067	12	2021	8	238	1	5
boletus_edulis	Boletus edulis	62.237347	27.425939	522135.667	6900694.105	1000	8.2217	10.2926	12.7217	0.876	15.1001	1.1441	1.6558	2.9303	6	2021	9	250	1	5
other_agaricoid	Amanita vaginata	62.237347	27.425939	522135.667	6900694.105	1000	12.2541	13.0963	14.5975	2.2415	20.404	6.8414	4.4345	3.0256	12	2019	9	258	0	5
boletus_edulis	Boletus edulis	61.569302	27.427451	522704.017	6826275.953	1	12.0571	12.4286	14.8133	4.1	21.3	0.094	3.2584	3.1743	9	2014	9	248	1	5
other_agaricoid	Kuehneromyces mutabilis	63.00575	27.42902	521726.565	6986302.344	16	7.5657	7.5813	8.9919	4.2564	11.0932	0.5786	0.3429	0.6466	7	2022	10	275	0	5
boletus_edulis	Boletus edulis	63.01645	27.42926	521730.76	6987494.57	10	13.0407	14.735	14.4321	8.4185	16.8333	6.8052	5.505	3.1534	12	2025	9	264	1	5
boletus_edulis	Boletus edulis	63.01644	27.42927	521731.274	6987493.459	10	13.0407	14.735	14.4321	8.4185	16.8333	6.8052	5.505	3.1534	12	2025	9	264	1	5
boletus_edulis	Boletus edulis	63.37752	27.43341	521669.221	7027725.786	10	16.4679	15.4948	15.7455	9.8394	24.2453	6.7673	5.4409	3.7586	12	2023	8	213	1	5
other_agaricoid	Cortinarius semisanguineus	63.01568	27.44041	522295.797	6987412.598	10	8.0124	9.847	13.1931	2.1755	14.2254	0.0171	3.14	2.9345	7	2025	9	273	0	5
boletus_edulis	Boletus edulis	63.01507	27.44487	522522.052	6987346.189	10	10.7688	12.8727	14.1073	4.6839	16.8333	5.8575	4.8504	3.0429	11	2025	9	267	1	5
other_agaricoid	Lepiota clypeolaria	63.01794	27.45009	522784.079	6987667.79	699	10.5979	12.721	13.9435	4.3786	16.9235	5.9597	4.9305	3.0797	11	2025	9	267	0	5
other_agaricoid	Lepiota magnispora	60.74267	27.45109	524594.564	6734209.785	20	11.5247	11.3	12.8659	1.1981	17.7314	1.4161	1.1386	3.2773	7	2021	9	254	0	5
other_agaricoid	Inocybe flocculosa	61.32163	27.455194	524370.089	6798697.749	100	4.3801	6.7577	11.4886	-0.4822	10.3437	0.2634	2.1321	1.8539	10	2019	9	268	0	5
other_agaricoid	Tricholoma matsutake	63.275163	27.463617	523261.926	7016331.732	1	13.1999	14.3393	14.9382	4.1919	21.5389	2.058	1.029	1.0961	6	2020	8	241	0	5
boletus_edulis	Boletus edulis	63.671351	27.466936	523106.565	7060477.126	1000	13.9993	13.9418	15.3125	3.7289	22.7482	0.5313	2.0549	1.6281	9	2018	9	246	1	5
boletus_edulis	Boletus edulis	63.5386	27.467	523217.728	7045685.452	10	13.8618	14.9525	15.4571	6.1523	20.7999	2.6506	2.968	3.677	11	2026	8	225	1	5
boletus_edulis	Boletus edulis	60.47924	27.47363	526034.814	6704878.64	10	15.6191	15.7064	17.6333	7.34	23.3847	3.2828	3.089	2.3068	5	2020	7	198	1	5
other_agaricoid	Pholiota flammans	60.590136	27.475891	526069.778	6717230.554	100	12.2448	12.6261	14.1944	1.532	19.4411	0.286	3.2811	2.0885	5	2016	9	260	0	5
other_agaricoid	Mycena galericulata	61.19208	27.48648	526152.48	6784279.685	133	8.4044	9.4986	10.0128	3.5569	13.9778	0.3179	2.5294	2.1587	10	2022	9	268	0	5
boletus_edulis	Boletus edulis	61.48209	27.4892	526056.681	6816584.391	10	19.0172	16.814	17.5827	10.3809	26.4362	1.8071	2.5578	3.3609	7	2020	7	204	1	5
other_agaricoid	Amanita betulae	66.66175	27.490964	521704.086	7393759.134	100	14.4939	14.7913	14.9848	4.1049	19.7397	0.9807	2.8991	2.3992	10	2022	8	226	0	5
other_agaricoid	Tricholoma aestuans	60.520075	27.491251	526969.466	6709433.697	100	13.9765	13.9015	14.8086	3.5001	21.0323	0.3025	3.4949	2.7706	3	2016	9	257	0	5
other_agaricoid	Deconica crobula	66.663574	27.493608	521819.359	7393963.377	10	8.5422	10.3178	12.4862	-0.8246	17.7287	0.0	2.3239	2.4677	6	2021	8	241	0	5
boletus_edulis	Boletus edulis	62.834495	27.495702	525250.431	6967246.531	1000	16.4429	15.5071	15.3567	10.1	24.2	0.2171	2.4975	2.3418	3	2011	8	239	1	5
boletus_edulis	Boletus edulis	60.543389	27.49707	527269.309	6712032.682	100	13.7418	13.6596	14.7823	2.1445	21.4667	0.2991	3.5273	2.8825	4	2016	9	256	1	5
boletus_edulis	Boletus edulis	62.144003	27.51476	526834.186	6890328.97	1000	14.6469	14.9445	14.5045	6.8715	22.7117	3.8499	2.9495	1.5017	9	2019	8	236	1	5
other_agaricoid	Gomphidius glutinosus	62.144003	27.51476	526834.186	6890328.97	1000	14.6469	14.9445	14.5045	6.8715	22.7117	3.8499	2.9495	1.5017	9	2019	8	236	0	5
other_agaricoid	Coprinopsis acuminata	62.180566	27.518718	527007.903	6894403.772	1000	10.9225	12.1901	13.6394	5.9509	17.2357	6.9409	4.2226	2.6952	11	2020	9	257	0	5
boletus_edulis	Boletus edulis	63.21027	27.51903	526100.71	7009122.766	10	16.7453	16.4667	16.1786	7.5936	25.9121	5.8191	4.6059	3.3808	10	2024	9	249	1	5
boletus_edulis	Boletus edulis	66.65517	27.53309	523572.584	7393040.949	100	14.6403	15.1614	15.9614	10.3581	19.5122	2.0243	2.7928	1.6868	6	2024	9	246	1	5
other_agaricoid	Clitopilus prunulus	63.56188	27.54375	527011.385	7048309.504	10	5.014	6.389	10.5726	-1.5735	14.6645	0.0	0.6245	1.8734	2	2025	10	277	0	5
other_agaricoid	Strobilurus stephanocystis	63.56302	27.54447	527046.07	7048436.83	10	4.696	4.6998	5.251	1.6589	8.0609	1.9514	1.5561	1.8574	10	2025	11	305	0	5
boletus_edulis	Boletus edulis	63.56199	27.55181	527411.661	7048325.188	10	14.206	15.7223	15.4706	9.8742	20.4755	4.9414	3.3179	3.2175	11	2023	7	206	1	5
other_agaricoid	Chondrostereum purpureum	62.4031	27.55556	528713.286	6919210.578	100	19.0991	19.8321	18.7899	13.7343	28.8562	3.3211	2.0499	2.2194	7	2024	8	214	0	5
other_agaricoid	Lactarius torminosus	61.42881	27.55716	529727.133	6810678.617	279	17.7425	17.4483	17.5233	11.5063	26.177	0.365	1.2152	2.2792	6	2024	9	251	0	5
other_agaricoid	Lactarius camphoratus	61.684983	27.559767	529621.087	6839215.134	1	16.3498	17.1943	16.7096	10.7942	22.4572	2.7301	1.823	3.91	9	2023	7	208	0	5
boletus_edulis	Boletus edulis	63.41732	27.5605	527984.449	7032209.578	18	14.0742	14.9856	15.7448	9.596	19.933	6.5662	5.5954	4.6074	11	2021	8	234	1	5
boletus_edulis	Boletus edulis	62.90794	27.56245	528578.939	6975457.111	10	15.6488	16.9214	17.1148	10.4814	21.2122	1.1175	1.826	3.6548	9	2026	8	224	1	5
boletus_edulis	Boletus edulis	65.609688	27.562641	525925.749	7276521.813	1000	17.3393	15.5388	14.3385	8.8037	25.9786	3.233	3.085	4.5627	11	2020	7	206	1	5
boletus_edulis	Boletus edulis	60.527833	27.56672	531105.176	6710331.035	1	13.2741	13.0223	14.1577	3.7704	18.6568	5.4705	3.8107	3.4771	10	2020	9	254	1	5
other_agaricoid	Cortinarius biformis	60.529444	27.56854	531203.517	6710511.32	1	13.2741	13.0223	14.1577	3.7704	18.6568	5.4705	3.8107	3.4771	10	2020	9	254	0	5
other_agaricoid	Phlegmacium argutum	62.908444	27.56866	528893.976	6975516.035	1	6.6286	6.3143	10.25	0.8	12.3	0.388	0.6329	1.1122	7	2013	10	279	0	5
boletus_edulis	Boletus edulis	60.530228	27.569835	531273.834	6710599.252	1	13.2741	13.0223	14.1577	3.7704	18.6568	5.4705	3.8107	3.4771	10	2020	9	254	1	5
other_agaricoid	Hebeloma velutipes	62.91562	27.571851	529049.005	6976316.968	1	5.2	8.3	11.4567	2.0	8.8	0.8993	1.8277	1.1885	8	2013	10	274	0	5
boletus_edulis	Boletus edulis	62.99651	27.57353	529053.943	6985329.933	10	18.825	17.53	18.8031	12.1618	26.2914	3.8502	3.4515	2.574	9	2022	7	207	1	5
boletus_edulis	Boletus edulis	63.55959	27.57506	528569.006	7048067.944	100	14.026	15.1277	15.3952	7.836	20.8984	3.6819	3.0092	3.6336	12	2026	8	224	1	5
other_agaricoid	Hygrophorus erubescens	62.939058	27.577923	529333.992	6978931.012	1	15.8714	18.0429	17.4033	12.8	21.0	4.6046	2.7873	2.0115	9	2013	8	227	0	5
other_agaricoid	Strobilurus stephanocystis	62.928018	27.58001	529451.009	6977701.969	1	13.5286	12.6857	8.9167	8.3	21.0	0.2143	0.1564	1.2072	4	2013	5	144	0	5
other_agaricoid	Inocybe sambucina	64.456897	27.581303	527967.306	7148057.07	100	12.64	13.0226	16.0168	2.9574	21.7754	4.2364	3.0936	2.4262	7	2018	8	237	0	5
other_agaricoid	Hebeloma incarnatulum	62.923455	27.583169	529616.017	6977195.043	10	15.5429	15.9857	17.2067	10.1	21.9	0.0329	0.8887	1.9204	5	2013	8	240	0	5
other_agaricoid	Russula pelargonia	62.923455	27.583169	529616.017	6977195.043	10	15.5429	15.9857	17.2067	10.1	21.9	0.0329	0.8887	1.9204	5	2013	8	240	0	5
other_agaricoid	Entoloma nidorosum	62.932196	27.583343	529616.024	6978168.981	1	15.5857	16.0786	17.0833	10.5	21.8	0.0	0.6229	1.9048	5	2013	8	241	0	5
other_agaricoid	Lentinellus ursinus	62.873289	27.585656	529793.174	6971607.093	1	11.268	11.2236	14.0853	5.2274	19.1908	1.3096	3.6876	3.8733	7	2021	9	246	0	5
other_agaricoid	Mycena epipterygia	62.87991	27.59044	530029.772	6972346.973	82	5.9007	5.4744	7.797	1.8052	13.6321	0.6499	1.3095	0.9328	8	2024	10	291	0	5
other_agaricoid	Cortinarius malicorius	62.896766	27.590626	530022.0	6974225.018	1	14.9571	16.9071	17.08	12.4	19.1	4.1423	3.5837	2.1219	12	2013	8	229	0	5
other_agaricoid	Russula aquosa	62.895733	27.594914	530241.022	6974111.937	10	17.7515	17.3397	17.3713	10.9949	25.5619	1.0679	0.8168	1.5667	6	2024	9	250	0	5
other_agaricoid	Russula rhodopus	62.895867	27.595427	530266.96	6974127.107	100	17.7299	16.9537	17.3627	11.6412	28.0849	1.8783	2.5366	2.6263	11	2022	8	220	0	5
boletus_edulis	Boletus edulis	62.90047	27.59717	530350.801	6974640.757	10	9.2993	8.3386	10.4067	6.2384	12.5955	2.5096	1.2548	3.0076	5	2025	10	283	1	5
boletus_edulis	Boletus edulis	62.8748	27.59865	530452.618	6971781.516	10	15.2014	16.1521	14.2247	11.3121	21.9739	3.0225	3.5357	2.3426	9	2025	9	259	1	5
boletus_edulis	Boletus edulis	62.904	27.602	530592.599	6975036.328	1	13.5848	14.3819	15.5698	9.0821	20.5944	3.3105	2.4358	1.4086	12	2019	9	257	1	5
boletus_edulis	Boletus edulis	62.89508	27.60434	530720.842	6974043.649	10	7.8557	9.728	13.1111	2.2871	13.9481	0.0	3.8278	3.3902	6	2025	9	273	1	5
other_agaricoid	Cortinarius spilomeus	62.609601	27.607217	531166.764	6942239.954	100	12.4669	12.3402	13.8166	3.6091	19.7613	0.9383	0.8555	2.5975	11	2016	9	251	0	5
other_agaricoid	Cortinarius luteo-ornatus	62.609601	27.607217	531166.764	6942239.954	100	12.4669	12.3402	13.8166	3.6091	19.7613	0.9383	0.8555	2.5975	11	2016	9	251	0	5
boletus_edulis	Boletus edulis	62.87786	27.61854	531461.101	6972132.0	10	15.8796	15.333	16.7956	12.112	20.1819	3.1082	1.6876	1.709	7	2023	9	246	1	5
other_agaricoid	Macrolepiota procera	62.89004	27.62121	531583.807	6973490.299	10	17.3497	16.0008	14.4152	13.5762	22.2197	3.2891	2.0186	2.0492	4	2025	9	254	0	5
boletus_edulis	Boletus edulis	63.17786	27.62817	531624.303	7005560.816	10	16.7118	16.4151	16.1298	7.6465	25.9667	5.0326	4.1521	3.118	10	2024	9	249	1	5
other_agaricoid	Kuehneromyces lignicola	63.53243	27.62844	531250.584	7045066.671	10	18.553	16.5733	15.7162	7.3894	27.6238	0.0781	1.2064	1.0495	6	2026	7	197	0	5
boletus_edulis	Boletus edulis	68.363828	27.640636	526360.19	7583565.769	1000	14.0433	15.2836	17.1923	3.827	22.891	4.0671	3.7864	3.9151	14	2025	8	228	1	5
boletus_edulis	Boletus edulis	64.260042	27.645938	531299.867	7126150.809	1000	16.6553	15.2638	15.9486	6.7817	24.7459	4.4912	4.3401	5.2253	8	2020	7	201	1	5
boletus_edulis	Boletus edulis	62.92881	27.64618	532809.939	6977822.221	10	11.171	11.5382	11.0611	7.7921	16.2852	0.071	0.1619	3.082	3	2020	10	278	1	5
boletus_edulis	Boletus edulis	62.86684	27.65301	533226.776	6970921.569	100	17.7919	16.949	17.9729	12.4815	22.7041	3.8901	4.3253	3.7864	9	2021	8	225	1	5
boletus_edulis	Boletus edulis	62.86761	27.65388	533270.171	6971007.805	31	12.3983	12.7822	14.8556	7.9615	19.3078	1.6986	4.1703	4.6018	7	2021	8	243	1	5
boletus_edulis	Boletus edulis	62.92304	27.65903	533468.969	6977185.994	12	16.3154	16.0784	15.7672	12.8449	23.0839	3.0416	3.0956	2.6765	10	2020	8	215	1	5
boletus_edulis	Boletus edulis	62.925388	27.661273	533580.189	6977448.757	100	15.83	15.1965	16.8543	12.7933	20.8158	3.5491	3.2836	2.4646	10	2016	8	234	1	5
other_agaricoid	Mycena galericulata	62.925179	27.662888	533662.438	6977426.315	100	16.7487	14.8106	14.5085	10.2955	21.9498	3.0331	1.7749	1.8321	5	2025	9	251	0	5
boletus_edulis	Boletus edulis	62.38292	27.66324	534301.497	6917014.922	10	16.6677	16.5959	17.7407	8.4447	25.0665	0.9676	2.4115	2.4134	5	2024	8	233	1	5
other_agaricoid	Entoloma queletii	62.91417	27.66515	533789.981	6976200.973	10	10.2	11.2643	10.76	6.1	13.9	3.3318	3.8648	2.2394	12	2010	9	268	0	5
boletus_edulis	Boletus edulis	62.852876	27.668452	534028.636	6969373.898	100	11.6571	12.6786	16.2933	6.5	16.2	1.8909	2.8145	2.1838	10	2014	9	244	1	5
other_agaricoid	Russula aeruginea	62.91792	27.67143	534104.641	6976622.078	300	14.8526	17.3905	16.8319	9.1374	26.9431	9.6413	4.8207	2.6774	4	2026	7	205	0	5
boletus_edulis	Boletus edulis	62.854501	27.67161	534187.506	6969556.612	1000	12.8571	15.0071	15.95	6.3	19.0	1.6758	0.8673	1.6314	4	2012	8	238	1	5
other_agaricoid	Tubaria furfuracea	62.90266	27.67425	534265.689	6974923.442	19	13.7104	14.3311	17.2894	9.5723	19.8922	3.3975	3.3771	3.1058	11	2020	7	196	0	5
boletus_edulis	Boletus edulis	62.816687	27.676504	534480.88	6965346.365	1000	17.7833	17.6035	17.3175	13.2999	25.3929	0.8494	2.7171	3.6044	8	2016	7	207	1	5
other_agaricoid	Mycena clavicularis	64.07915	27.677999	533068.087	7106010.086	1000	10.4142	10.1487	12.3438	2.399	19.5084	0.0332	1.5221	1.7021	7	2015	9	257	0	5
boletus_edulis	Boletus edulis	62.98396	27.67877	534399.825	6983983.619	131	10.8434	13.0132	14.9914	6.9954	18.1998	5.276	5.1038	4.6604	11	2021	8	240	1	5
other_agaricoid	Ampulloclitocybe clavipes	62.846577	27.682688	534760.763	6968679.73	1000	17.0659	18.626	17.8074	12.944	21.8725	2.4179	1.9051	2.1049	6	2016	8	219	0	5
other_agaricoid	Entoloma nidorosum	62.845781	27.69059	535164.053	6968595.338	1	17.5957	17.6821	18.5646	12.9285	25.0762	0.9473	2.0475	2.128	6	2024	8	234	0	5
other_agaricoid	Phlegmacium largum	60.695558	27.69166	537766.024	6729076.775	1	12.3249	12.9791	14.3543	1.6686	19.6541	0.2744	3.034	2.0132	7	2016	9	259	0	5
other_agaricoid	Lactarius musteus	65.630143	27.696253	532056.997	7278863.161	1	6.0554	6.5842	11.3102	-1.9832	14.0805	0.0938	0.1072	1.3703	7	2022	9	253	0	5
boletus_edulis	Boletus edulis	62.560724	27.696883	535827.743	6936841.282	1000	15.5098	16.6243	17.2907	11.3459	20.9721	4.7562	3.3981	3.9353	11	2021	8	233	1	5
other_agaricoid	Cortinarius comptulus	62.832445	27.701041	535712.366	6967115.329	100	8.7958	9.791	10.7477	6.103	15.7749	0.6982	1.5361	2.6531	7	2017	9	267	0	5
boletus_edulis	Boletus edulis	60.675323	27.704758	538505.355	6726830.704	1	13.3292	12.5274	14.0034	2.3093	19.2301	5.2411	3.6247	3.1667	9	2020	9	253	1	5
other_agaricoid	Clitocybula platyphylla	62.832913	27.706451	535987.381	6967170.48	100	14.5785	15.2599	14.0952	9.0556	24.3619	5.6908	3.4833	4.1008	8	2015	7	191	0	5
other_agaricoid	Cortinarius collinitus	62.90391	27.72073	536626.193	6975088.304	10	6.6128	8.975	9.9239	3.5954	9.5564	0.5908	2.0434	2.4439	9	2021	9	263	0	5
other_agaricoid	Cortinarius croceus	62.90529	27.72136	536656.484	6975242.409	122	9.9379	10.6618	13.7701	4.7338	17.8357	1.2757	2.8966	3.6217	6	2021	9	248	0	5
other_agaricoid	Lacrymaria lacrymabunda	62.89679	27.72315	536758.083	6974296.443	15	8.9796	9.6204	11.2486	3.5457	15.4237	3.6622	1.9647	3.038	9	2021	9	259	0	5
boletus_edulis	Boletus edulis	62.98405	27.72361	536672.119	6984018.422	10	13.893	15.5047	13.8077	10.0166	20.9263	5.9943	4.2298	2.7452	10	2025	9	261	1	5
boletus_edulis	Boletus edulis	62.98771	27.73094	537038.952	6984430.389	100	13.7747	15.3877	13.669	9.7341	20.8626	6.021	4.2261	2.7604	10	2025	9	261	1	5
boletus_edulis	Boletus edulis	62.98746	27.73196	537090.954	6984403.124	10	13.7747	15.3877	13.669	9.7341	20.8626	6.021	4.2261	2.7604	10	2025	9	261	1	5
boletus_edulis	Boletus edulis	62.512669	27.739121	538060.473	6931511.898	1000	15.5266	16.5747	16.9414	11.6248	21.1816	5.7941	3.9039	4.0244	11	2021	8	232	1	5
other_agaricoid	Kuehneromyces mutabilis	62.512669	27.739121	538060.473	6931511.898	1000	15.5266	16.5747	16.9414	11.6248	21.1816	5.7941	3.9039	4.0244	11	2021	8	232	0	5
boletus_edulis	Boletus edulis	62.96125	27.73917	537489.858	6981487.215	10	16.5744	15.3859	17.0479	7.9981	26.2492	1.2374	2.2901	2.931	8	2020	7	200	1	5
other_agaricoid	Lycoperdon excipuliforme	63.26495	27.74385	537335.396	7015326.176	10	6.4644	5.6916	5.2791	-1.6776	10.8769	0.4914	0.3605	1.5591	8	2024	10	300	0	5
boletus_edulis	Boletus edulis	62.91617	27.76895	539060.242	6976482.548	100	18.6244	17.86	17.8669	10.9163	27.79	1.9706	2.2921	3.1001	10	2022	8	218	1	5
boletus_edulis	Boletus edulis	62.091838	27.775578	540499.645	6884653.297	1000	15.5216	15.8745	16.1832	6.654	24.1738	2.3267	2.1586	2.0076	7	2024	9	246	1	5
other_agaricoid	Cortinarius badiovinaceus	62.091838	27.775578	540499.645	6884653.297	1000	15.5216	15.8745	16.1832	6.654	24.1738	2.3267	2.1586	2.0076	7	2024	9	246	0	5
boletus_edulis	Boletus edulis	64.52247	27.7923	538027.118	7155473.896	1	15.1604	14.6299	15.3733	6.0575	25.8111	0.4437	2.6822	4.2793	8	2020	8	225	1	5
boletus_edulis	Boletus edulis	62.16454	27.80188	541772.847	6892768.785	10	5.6454	6.9454	11.1784	-0.4569	10.9351	0.1133	0.1773	2.6526	2	2025	10	278	1	5
other_agaricoid	Phlegmacium triumphans	60.657227	27.805014	544007.481	6724878.216	1	13.6279	12.8209	14.2661	2.2574	19.5391	5.1915	3.663	3.1981	10	2020	9	253	0	5
boletus_edulis	Boletus edulis	62.30333	27.80639	541815.222	6908232.706	100	11.3926	13.4344	15.2257	7.4737	18.5399	4.8274	5.3639	4.6174	12	2021	8	239	1	5
boletus_edulis	Boletus edulis	62.30377	27.80683	541837.426	6908282.006	100	15.8934	17.143	16.6717	11.5393	22.9591	5.5811	3.4173	3.523	7	2023	7	207	1	5
boletus_edulis	Boletus edulis	62.30554	27.80883	541938.666	6908480.478	100	16.776	17.5464	17.1978	7.8501	27.0001	0.0	0.9233	2.2213	3	2022	8	226	1	5
boletus_edulis	Boletus edulis	62.478546	27.815244	542028.203	6927757.678	1000	16.6673	16.5787	16.3897	7.7539	24.4784	0.2254	0.1145	1.8451	2	2020	8	234	1	5
boletus_edulis	Boletus edulis	62.89842	27.819	541627.693	6974536.408	10	13.5944	15.6402	14.5358	10.2539	17.6913	5.6949	4.4719	2.9361	11	2025	9	262	1	5
boletus_edulis	Boletus edulis	62.94621	27.86302	543793.611	6979889.854	669	11.337	13.5861	15.4423	7.005	18.7848	5.5419	5.24	5.2076	11	2021	8	239	1	5
other_agaricoid	Coprinus comatus	62.31471	27.86843	545015.146	6909542.057	100	16.3134	15.9962	15.723	11.3946	23.2833	2.9737	2.1768	1.1981	7	2019	8	234	0	5
boletus_edulis	Boletus edulis	64.167784	27.874377	542510.019	7116002.976	1	14.2453	15.1557	15.6662	9.3869	19.3368	4.6271	3.9774	3.595	12	2021	8	233	1	5
boletus_edulis	Boletus edulis	64.140666	27.882915	542967.003	7112987.03	1	14.0838	14.9183	15.1447	8.8378	20.7638	5.2916	4.2453	3.7809	12	2021	8	232	1	5
boletus_edulis	Boletus edulis	62.88288	27.88514	545013.081	6972849.64	10	12.6647	14.6324	13.8977	7.5659	16.9434	5.8832	4.8319	2.995	12	2025	9	263	1	5
boletus_edulis	Boletus edulis	64.165882	27.887604	543156.006	7115799.941	1	14.6859	15.3194	15.4499	9.5975	20.9792	4.7106	3.7701	3.6244	11	2021	8	231	1	5
other_agaricoid	Entoloma nidorosum	64.16177	27.887925	543178.004	7115341.971	1	14.3365	15.1499	15.3987	9.0241	20.892	5.0462	4.015	3.6946	12	2021	8	232	0	5
other_agaricoid	Russula favrei	64.166597	27.88812	543179.981	7115879.962	1	5.531	7.5665	8.5872	2.0341	11.2212	2.7752	2.5862	2.0726	7	2021	9	262	0	5
boletus_edulis	Boletus edulis	64.166536	27.892191	543377.997	7115875.932	1	4.9534	6.7574	7.9993	0.1723	8.5538	0.0072	2.3391	1.5473	6	2021	9	264	1	5
other_agaricoid	Russula olivina	64.18134	27.904583	543957.017	7117533.998	1	15.2167	15.4672	15.511	9.8731	21.4964	1.6861	2.1726	2.9593	10	2021	8	230	0	5
boletus_edulis	Boletus edulis	61.13027	27.90602	548800.955	6777635.458	30	19.6172	17.0659	17.8532	10.802	26.7169	1.3975	2.1601	3.1918	5	2020	7	203	1	5
boletus_edulis	Boletus edulis	61.72086	27.90762	547971.931	6843418.932	10	12.1655	11.9327	13.9873	2.3133	19.4672	0.2876	2.2602	2.6458	7	2021	9	244	1	5
other_agaricoid	Gymnopus androsaceus	64.48681	27.92525	544465.769	7151586.597	10	16.3288	16.3162	15.6407	5.6913	26.1032	6.4021	3.6119	2.5236	9	2026	7	200	0	5
other_agaricoid	Armillaria borealis	62.26195	27.94015	548817.961	6903716.701	12	10.7657	10.7283	12.5743	2.9668	17.3632	0.5763	0.7285	2.5965	6	2021	9	254	0	5
other_agaricoid	Gymnopus acervatus	62.31986	27.94172	548805.602	6910168.897	100	12.9962	13.398	13.7875	8.6298	17.3926	1.6638	2.0247	2.3159	9	2023	10	274	0	5
other_agaricoid	Entoloma vernum	68.368631	27.963372	539630.651	7584274.017	10	11.6747	8.2341	5.6053	4.984	17.8758	0.5732	0.4867	0.8588	8	2025	5	150	0	5
other_agaricoid	Pleurotus viscidus	62.925467	27.977467	549635.978	6977662.021	1	19.7906	19.1456	18.8403	13.477	27.2504	0.325	2.7424	2.3865	7	2024	7	206	0	5
other_agaricoid	Sarcomyxa serotina	63.20675	27.98862	549720.187	7009007.947	10	2.4215	4.5188	5.2849	-2.1998	9.7837	0.2216	1.7549	1.8022	8	2022	10	296	0	5
boletus_edulis	Boletus edulis	62.32509	27.99124	551362.958	6910789.84	12	15.5909	15.37	14.5192	7.8651	26.8362	5.1569	3.4127	2.5421	8	2022	6	175	1	5
other_agaricoid	Lactarius torminosus	64.348321	28.039435	550205.461	7136240.001	1	10.4715	11.8475	13.3246	3.8163	16.917	7.6311	5.4351	4.0674	11	2017	9	244	0	5
boletus_edulis	Boletus edulis	64.344128	28.050508	550747.98	7135781.584	1	9.2824	12.2846	13.4874	3.9662	14.9796	2.8	2.8555	3.6517	10	2017	8	241	1	5
other_agaricoid	Lactarius hysginus	64.336397	28.060334	551236.993	7134928.031	1	4.4719	6.6886	7.6921	0.2021	8.4828	1.4781	2.6691	1.9003	10	2021	9	263	0	5
other_agaricoid	Clitopaxillus fibulatus	64.335305	28.061864	551312.952	7134807.588	10	8.9143	9.0929	11.1733	-2.0	17.5	2.0136	1.468	1.5832	7	2012	9	255	0	5
boletus_edulis	Boletus edulis	64.335045	28.063177	551376.881	7134779.678	1000	8.515	8.5322	10.3128	-1.4764	15.0545	0.8527	0.5964	2.2477	7	2021	9	254	1	5
boletus_edulis	Boletus edulis	64.337266	28.064155	551419.995	7135027.945	1	13.5316	14.3863	14.9216	7.9343	19.2962	5.9297	4.7952	4.0989	12	2021	8	234	1	5
other_agaricoid	Pseudoclitocybe cyathiformis	61.865254	28.072774	556435.159	6859635.38	1000	3.8436	4.9056	6.2959	-1.2589	11.3449	1.8875	2.9921	2.2235	10	2017	10	294	0	5
other_agaricoid	Hygrocybe coccineocrenata	63.51694	28.08651	554057.138	7043646.053	100	15.3776	17.5792	20.3311	5.981	23.5282	0.259	1.4435	0.7994	7	2025	8	226	0	5
other_agaricoid	Russula foetens	61.05398	28.10555	559691.132	6769303.877	10	19.2334	18.8124	18.7211	12.6391	26.5354	4.6153	3.519	1.9835	9	2024	7	202	0	5
boletus_edulis	Boletus edulis	63.5304	28.11677	555536.384	7045171.577	100	15.9261	14.1176	12.8976	8.2991	23.2989	0.9797	0.8387	1.4765	5	2025	9	253	1	5
other_agaricoid	Delicatula integrella	60.90532	28.132051	561407.975	6752771.663	1000	19.4129	21.5493	21.2664	10.7322	28.083	3.5946	2.5929	1.392	10	2025	8	219	0	5
other_agaricoid	Marasmiellus perforans	60.903012	28.148311	562294.437	6752529.957	1000	14.0098	13.7456	11.8989	3.9178	20.5691	0.7016	2.8521	1.7219	9	2025	6	159	0	5
boletus_edulis	Boletus edulis	61.22597	28.16526	562573.543	6788515.098	10	17.4621	17.0578	16.9947	11.1932	26.7824	3.2414	2.7579	2.8049	6	2020	8	221	1	5
other_agaricoid	Conocybe tenera	61.10824	28.17017	563071.815	6775407.642	100	15.6775	14.1273	15.1574	10.0199	21.0136	1.1921	1.8922	1.9623	8	2025	9	248	0	5
other_agaricoid	Lepiota clypeolaria	62.75709	28.17622	560070.597	6959073.586	10	13.8099	13.1185	14.2234	6.9117	19.7358	2.8193	3.9279	2.7613	11	2023	9	268	0	5
other_agaricoid	Amanita muscaria	67.28978	28.17701	550706.476	7464165.026	10	8.7812	7.4994	9.9698	-0.9472	17.4067	3.939	5.0335	4.0883	11	2023	9	269	0	5
boletus_edulis	Boletus edulis	61.06244	28.18206	563804.764	6770318.261	31	16.2848	16.2008	16.5064	9.3977	22.8095	3.5774	3.2708	2.7607	6	2020	8	220	1	5
other_agaricoid	Volvariella bombycina	61.06013	28.18259	563838.018	6770061.506	10	16.1109	16.5892	17.0992	8.8528	23.282	2.3733	1.5315	2.9823	8	2026	7	209	0	5
boletus_edulis	Boletus edulis	67.295663	28.192643	551367.296	7464833.619	1	14.2927	13.9151	14.6664	6.8061	20.5769	4.0155	2.6277	3.8608	13	2022	8	223	1	5
boletus_edulis	Boletus edulis	62.82247	28.19516	560902.667	6966374.692	100	14.6638	14.7525	14.5862	6.7383	21.1874	2.7049	3.8707	3.0005	9	2025	7	192	1	5
boletus_edulis	Boletus edulis	61.092985	28.198156	564611.245	6773735.94	1	19.9017	18.8612	18.4175	13.379	30.5868	1.3504	2.1008	1.4253	7	2023	8	221	1	5
boletus_edulis	Boletus edulis	64.156387	28.218342	559255.699	7115008.015	1000	11.6656	13.3139	13.0034	4.7731	16.0661	3.9916	3.8482	2.5875	12	2025	9	264	1	5
other_agaricoid	Lactarius torminosus	61.0574	28.22204	565973.096	6769796.571	10	14.3383	15.0146	16.0382	8.1059	20.3535	0.3411	1.4736	1.7937	7	2023	9	250	0	5
boletus_edulis	Boletus edulis	61.09031	28.24112	566933.564	6773481.196	123	11.2857	12.9071	14.1833	5.3	17.5	0.1451	0.6924	1.878	4	2009	9	261	1	5
boletus_edulis	Boletus edulis	61.098715	28.245016	567125.848	6774421.269	1000	19.6596	17.3964	17.9216	14.0166	26.4068	0.9658	1.7259	2.8692	5	2020	7	204	1	5
boletus_edulis	Boletus edulis	64.14118	28.25565	561103.468	7113348.933	44	13.795	13.8344	14.6772	3.9395	19.8986	3.515	4.0353	4.4955	12	2026	8	228	1	5
other_agaricoid	Phlegmacium glaucopus	65.246446	28.262347	558975.978	7236510.975	1	6.724	5.5354	5.5762	-1.783	15.0679	0.188	0.42	1.7861	4	2021	10	277	0	5
other_agaricoid	Mycena aurantiomarginata	64.129628	28.271269	561889.157	7112076.917	1000	5.9294	6.5209	6.1155	-1.192	9.9255	1.9704	2.6734	1.6037	10	2022	10	291	0	5
boletus_edulis	Boletus edulis	61.0619	28.27715	568938.233	6770354.527	100	16.0986	15.988	16.2624	8.1357	23.0314	3.5754	3.3322	2.7254	6	2020	8	220	1	5
other_agaricoid	Cantharellopsis prescotii	65.248306	28.279113	559754.988	7236734.018	1	6.3152	5.2	5.49	-1.7683	15.1591	0.0017	0.3302	1.7415	4	2021	10	276	0	5
boletus_edulis	Boletus edulis	61.98113	28.2905	567631.496	6872750.432	165	17.2207	16.0054	17.1838	7.5464	26.4808	0.0403	1.8281	2.1873	5	2020	7	201	1	5
other_agaricoid	Lactarius helvus	64.136964	28.301668	563352.204	7112924.173	1000	11.4815	13.1866	14.2087	2.4816	21.3762	1.061	1.2249	1.6789	5	2020	8	242	0	5
other_agaricoid	Amanita olivaceogrisea	62.317641	28.309163	567852.095	6910252.986	100	18.1965	17.3527	17.047	10.4426	25.4064	0.0	0.8333	1.1522	4	2024	9	254	0	5
boletus_edulis	Boletus edulis	67.115611	28.313494	556995.965	7444870.113	1	10.0395	10.8626	13.7065	-0.6824	17.5748	4.5069	3.2558	3.4854	14	2018	8	239	1	5
other_agaricoid	Cortinarius trivialis	67.115611	28.313494	556995.965	7444870.113	1	10.0395	10.8626	13.7065	-0.6824	17.5748	4.5069	3.2558	3.4854	14	2018	8	239	0	5
boletus_edulis	Boletus edulis	63.05445	28.35598	568552.123	6992379.069	10	16.4526	15.8973	15.8814	11.2299	23.3697	7.044	6.5365	4.6069	11	2023	7	212	1	5
other_agaricoid	Mycena pura	65.288742	28.357641	563326.072	7241316.533	1000	5.2768	5.1582	6.5476	-1.7887	11.2353	3.8385	2.2141	2.0107	10	2022	10	280	0	5
boletus_edulis	Boletus edulis	65.284369	28.367788	563809.882	7240839.469	1000	13.6811	14.4167	14.4608	6.5066	20.4093	3.5174	4.2162	3.4393	12	2020	8	217	1	5
boletus_edulis	Boletus edulis	65.284369	28.367788	563809.882	7240839.469	1000	15.9291	18.3196	18.2278	7.5282	26.8464	1.8992	1.7496	2.2813	8	2021	7	201	1	5
boletus_edulis	Boletus edulis	65.284369	28.367788	563809.882	7240839.469	1000	12.7686	14.0053	14.9448	4.4826	21.5899	9.1132	5.8345	3.5694	11	2021	8	221	1	5
boletus_edulis	Boletus edulis	65.284369	28.367788	563809.882	7240839.469	1000	14.0376	14.2264	13.7824	5.922	21.8053	5.8508	3.9473	4.5367	11	2021	8	230	1	5
boletus_edulis	Boletus edulis	65.284369	28.367788	563809.882	7240839.469	1000	13.8815	14.2865	13.8906	5.922	21.8053	6.5849	4.1694	4.66	11	2021	8	231	1	5
other_agaricoid	Agaricus sylvicola	65.284369	28.367788	563809.882	7240839.469	1000	11.7706	11.712	12.0598	-1.7938	21.4833	4.2629	2.9272	2.2993	6	2023	9	258	0	5
other_agaricoid	Gymnopus androsaceus	61.12886	28.43501	577294.796	6777988.205	100	16.3524	17.0258	16.7413	10.7027	21.8076	3.9612	2.4522	4.1899	10	2023	7	210	0	5
other_agaricoid	Inocybe lacera	61.09743	28.43563	577404.996	6774488.649	100	16.0992	16.293	16.0891	8.3781	24.4864	4.302	2.3841	4.0066	8	2023	7	211	0	5
boletus_edulis	Boletus edulis	61.12883	28.44083	577608.321	6777991.754	100	16.3524	17.0258	16.7413	10.7027	21.8076	3.9612	2.4522	4.1899	10	2023	7	210	1	5
other_agaricoid	Lycoperdon excipuliforme	61.10265	28.44693	578001.335	6775083.404	100	9.3712	7.2694	4.6421	-4.8593	24.4776	0.1353	0.1463	1.0031	5	2024	5	136	0	5
boletus_edulis	Boletus edulis	61.12165	28.4512	578184.562	6777204.481	19	13.6746	13.6562	14.4489	5.2026	22.4704	7.028	3.7441	2.932	8	2023	9	260	1	5
other_agaricoid	Amanita rubescens	61.1219	28.45177	578214.649	6777233.004	10	13.6746	13.6562	14.4489	5.2026	22.4704	7.028	3.7441	2.932	8	2023	9	260	0	5
boletus_edulis	Boletus edulis	61.10034	28.45798	578602.684	6774839.368	963	15.2452	14.8293	16.1373	6.818	22.1252	1.942	2.3161	1.81	8	2023	9	247	1	5
boletus_edulis	Boletus edulis	62.870753	28.468026	574683.053	6972040.589	1000	14.4429	13.7143	14.1633	8.2	22.1	3.3686	1.6902	1.7354	6	2009	9	245	1	5
other_agaricoid	Hypholoma capnoides	62.870753	28.468026	574683.053	6972040.589	1000	14.4429	13.7143	14.1633	8.2	22.1	3.3686	1.6902	1.7354	6	2009	9	245	0	5
other_agaricoid	Lactarius deterrimus	63.038881	28.479977	574859.996	6990783.055	1	16.1714	15.5	15.9833	5.0	24.6	2.8322	4.0987	3.773	12	2012	7	210	0	5
boletus_edulis	Boletus edulis	63.038506	28.483122	575020.019	6990744.949	1	16.2857	15.6143	16.1	5.2	24.7	2.8726	4.1148	3.765	12	2012	7	210	1	5
other_agaricoid	Cortinarius armillatus	63.038864	28.49012	575373.024	6990793.015	1	15.5	15.2786	15.64	5.0	23.7	2.9921	4.1133	3.7738	12	2012	7	209	0	5
other_agaricoid	Russula consobrina	63.038164	28.490954	575417.013	6990716.017	1	15.6143	15.3929	15.7567	5.2	23.8	3.0245	4.1297	3.7634	12	2012	7	209	0	5
boletus_edulis	Boletus edulis	63.040225	28.491277	575428.022	6990945.982	1	16.1714	15.5	15.9833	5.0	24.6	2.8322	4.0987	3.773	12	2012	7	210	1	5
other_agaricoid	Hygrocybe conica	63.040079	28.492337	575482.006	6990930.962	1	15.5	15.2786	15.64	5.0	23.7	2.9921	4.1133	3.7738	12	2012	7	209	0	5
boletus_edulis	Boletus edulis	63.038319	28.492385	575488.987	6990734.963	1	15.6143	15.3929	15.7567	5.2	23.8	3.0245	4.1297	3.7634	12	2012	7	209	1	5
other_agaricoid	Lactarius tabidus	63.040786	28.49261	575493.984	6991010.04	1	16.1714	15.5	15.9833	5.0	24.6	2.8322	4.0987	3.773	12	2012	7	210	0	5
boletus_edulis	Boletus edulis	63.038606	28.49329	575534.015	6990767.997	1	15.6143	15.3929	15.7567	5.2	23.8	3.0245	4.1297	3.7634	12	2012	7	209	1	5
other_agaricoid	Clitopilus prunulus	63.038533	28.493405	575540.02	6990760.0	1	15.6143	15.3929	15.7567	5.2	23.8	3.0245	4.1297	3.7634	12	2012	7	209	0	5
boletus_edulis	Boletus edulis	62.628338	28.493789	576619.537	6945067.867	1000	7.2342	8.5371	9.7487	1.8987	13.507	3.8208	2.6788	2.4781	11	2021	9	261	1	5
other_agaricoid	Hygrophorus piceae	62.628338	28.493789	576619.537	6945067.867	1000	7.2342	8.5371	9.7487	1.8987	13.507	3.8208	2.6788	2.4781	11	2021	9	261	0	5
boletus_edulis	Boletus edulis	62.78916	28.52566	577830.036	6963020.012	31	16.0133	16.7746	16.1794	12.4311	23.093	5.9597	5.4087	4.7665	9	2023	7	210	1	5
other_agaricoid	Tricholomopsis rutilans	62.78938	28.52629	577861.59	6963045.28	38	16.0133	16.7746	16.1794	12.4311	23.093	5.9597	5.4087	4.7665	9	2023	7	210	0	5
boletus_edulis	Boletus edulis	63.01427	28.57053	579506.669	6988150.255	10	6.8617	9.3009	12.3393	0.486	14.2111	0.0	3.4928	2.8576	7	2025	9	272	1	5
other_agaricoid	Fayodia bisphaerigera	65.308087	28.584427	573848.528	7243718.781	100	11.4571	11.4714	12.23	3.6	20.4	0.22	0.11	1.3777	4	2013	9	251	0	5
boletus_edulis	Boletus edulis	63.77461	28.58859	578320.545	7072872.812	10	12.5601	13.037	14.0145	3.4573	20.0534	1.2062	3.9942	3.2227	10	2026	8	239	1	5
boletus_edulis	Boletus edulis	67.60787	28.60736	568324.569	7500032.538	10	8.0066	10.1055	14.2754	2.0178	14.0592	2.6299	2.7545	2.9259	12	2025	8	238	1	5
other_agaricoid	Gomphidius glutinosus	67.6082	28.60931	568406.487	7500071.469	10	8.0066	10.1055	14.2754	2.0178	14.0592	2.6299	2.7545	2.9259	12	2025	8	238	0	5
other_agaricoid	Russula laccata	64.359509	28.610382	577747.288	7138061.335	100	9.7105	11.8289	13.1032	2.2833	16.7102	7.0878	5.4243	4.8015	10	2017	8	243	0	5
boletus_edulis	Boletus edulis	62.561577	28.633693	583982.715	6937805.665	100	15.6695	15.7799	16.1748	10.9623	21.3356	5.9502	3.9879	4.5385	11	2020	8	218	1	5
boletus_edulis	Boletus edulis	62.54551	28.637977	584248.321	6936021.643	1000	16.3129	16.4152	16.3746	10.5916	23.0258	5.6145	3.5919	4.4942	9	2020	8	220	1	5
other_agaricoid	Amanita crocea	62.559916	28.644117	584523.206	6937634.262	1	15.4585	13.7831	14.7869	6.0794	23.4655	1.3086	1.309	1.1123	8	2019	7	201	0	5
boletus_edulis	Boletus edulis	62.576424	28.644416	584491.724	6939473.377	100	15.6536	15.937	16.1481	10.4185	21.355	5.602	3.6318	4.5469	10	2020	8	219	1	5
other_agaricoid	Lactarius rufus	62.576424	28.644416	584491.724	6939473.377	100	15.6536	15.937	16.1481	10.4185	21.355	5.602	3.6318	4.5469	10	2020	8	219	0	5
boletus_edulis	Boletus edulis	61.125392	28.676253	590297.072	6777910.991	1	15.5192	16.0414	16.84	3.6796	22.6721	4.8601	3.8616	3.9915	9	2024	8	237	1	5
other_agaricoid	Amanita virosa	62.68298	28.69898	586982.182	6951414.508	53	15.28	14.9566	15.3194	8.4243	19.9705	2.0346	3.5851	2.4031	7	2026	9	244	0	5
boletus_edulis	Boletus edulis	61.20556	28.72528	592702.093	6786907.181	10	11.4975	12.8754	15.9408	5.7443	18.0203	2.4044	3.3089	2.2777	9	2025	8	240	1	5
boletus_edulis	Boletus edulis	62.74039	28.73527	588667.621	6957858.476	100	19.2541	17.6443	16.9451	11.601	28.1944	1.3439	1.6831	1.0526	8	2026	7	199	1	5
boletus_edulis	Boletus edulis	61.20214	28.73641	593310.146	6786542.162	10	16.8494	16.8463	16.7228	8.5514	24.3008	1.0811	1.2295	2.1368	5	2024	9	257	1	5
other_agaricoid	Coprinus comatus	61.20913	28.74148	593561.809	6787327.819	10	7.0181	7.1022	8.5433	1.3934	12.3535	0.5159	0.8525	1.5354	8	2024	10	292	0	5
other_agaricoid	Amanita rubescens	61.20935	28.74641	593825.977	6787359.384	171	16.7088	16.7486	17.6556	6.9772	23.7045	1.2189	3.8984	2.9279	8	2024	8	235	0	5
boletus_edulis	Boletus edulis	61.20895	28.7466	593837.374	6787315.113	10	11.3254	12.73	15.7945	5.0898	18.0778	2.388	3.2729	2.2906	9	2025	8	240	1	5
other_agaricoid	Amanita rubescens	61.21318	28.74704	593848.417	6787786.799	10	21.3962	18.662	16.3679	11.7104	29.8005	0.0434	2.3896	2.5081	5	2025	7	200	0	5
other_agaricoid	Hygrocybe cantharellus	61.22686	28.75035	593985.393	6789314.965	706	14.5075	13.9898	14.6976	5.3703	21.0788	2.8716	5.0852	3.1587	9	2023	9	268	0	5
boletus_edulis	Boletus edulis	61.30818	28.75548	594017.428	6798378.218	10	15.5528	15.5263	16.0146	9.4426	21.6323	3.5909	3.8589	2.793	10	2020	8	218	1	5
other_agaricoid	Cuphophyllus pratensis	62.39477	28.75816	590885.779	6919395.026	1	10.9676	12.2854	13.503	4.7476	15.6633	5.5958	3.4314	2.2253	10	2020	9	258	0	5
boletus_edulis	Boletus edulis	61.19038	28.75907	594562.875	6785265.128	100	16.1334	15.7901	16.5814	8.8529	23.8033	3.3941	2.6128	3.0907	10	2021	8	228	1	5
other_agaricoid	Macrolepiota procera	61.1857	28.76524	594908.575	6784752.906	269	12.1205	11.821	14.4378	3.2224	18.3611	3.5527	2.2046	2.3324	10	2025	8	243	0	5
boletus_edulis	Boletus edulis	61.16699	28.77203	595330.052	6782679.254	10	15.5806	15.7635	15.7742	6.8444	23.8872	3.5585	3.3857	3.1336	12	2020	8	215	1	5
other_agaricoid	Crepidotus epibryus	62.44771	28.77994	591849.049	6925322.139	1	5.3496	7.4209	6.3726	0.4129	11.0126	1.5729	0.8695	1.8953	7	2018	10	297	0	5
boletus_edulis	Boletus edulis	62.39392	28.78981	592524.204	6919345.252	1	17.8979	17.0305	16.958	12.7174	26.8161	2.1206	4.1046	3.8257	11	2020	8	223	1	5
other_agaricoid	Clitocybula platyphylla	62.683297	28.790835	591683.011	6951577.077	100	16.5393	16.1451	15.8758	7.8649	23.1441	2.8861	2.9922	3.1658	8	2017	8	230	0	5
other_agaricoid	Gymnopus androsaceus	61.191539	28.7986	596683.98	6785452.009	1	16.228	16.0529	15.3676	8.0622	23.7638	4.6837	3.2063	2.7661	10	2017	8	217	0	5
boletus_edulis	Boletus edulis	62.44314	28.8066	593238.742	6924851.328	1	18.6574	19.1229	17.9652	12.4451	26.4698	3.5442	3.7646	4.3282	7	2023	8	226	1	5
other_agaricoid	Gomphidius glutinosus	62.44299	28.80909	593367.694	6924838.217	1	18.6574	19.1229	17.9652	12.4451	26.4698	3.5442	3.7646	4.3282	7	2023	8	226	0	5
boletus_edulis	Boletus edulis	62.43685	28.820233	593961.944	6924170.519	1	16.8778	16.9878	16.4994	8.654	21.5769	0.7777	1.9499	2.6261	8	2017	8	233	1	5
other_agaricoid	Infundibulicybe gibba	62.3928	28.82055	594116.519	6919264.885	1	15.3035	15.4751	16.4347	10.0004	21.6241	0.6118	1.1421	1.5631	10	2018	9	248	0	5
other_agaricoid	Cortinarius albovariegatus	62.44156	28.82382	594132.264	6924700.32	1	14.3796	15.3235	14.2075	7.5239	25.5962	3.6404	2.7607	2.0908	8	2018	7	185	0	5
boletus_edulis	Boletus edulis	64.462795	28.858143	589369.765	7149894.078	1	19.5001	16.7299	15.8261	8.2851	27.4686	2.8165	1.4395	2.4485	6	2022	8	233	1	5
other_agaricoid	Amanita muscaria	61.87704	28.86032	597821.43	6861883.16	272	17.0594	17.1555	17.3456	9.0727	24.0844	1.5741	2.3336	2.6836	7	2024	9	247	0	5
boletus_edulis	Boletus edulis	61.8755	28.86037	597828.972	6861711.731	100	16.8859	16.9715	17.1429	8.945	24.061	1.6019	2.3536	2.7444	7	2024	9	247	1	5
other_agaricoid	Inocybe geophylla	61.87814	28.86118	597863.132	6862006.958	44	14.1642	15.6057	14.3844	10.2604	17.2809	2.3635	2.3664	1.6899	8	2025	9	262	0	5
boletus_edulis	Boletus edulis	61.87777	28.86162	597887.444	6861966.416	27	12.6547	12.7365	15.5764	7.89	18.7056	2.189	1.2254	1.5552	8	2025	8	243	1	5
boletus_edulis	Boletus edulis	61.87781	28.86236	597926.22	6861971.986	10	12.6547	12.7365	15.5764	7.89	18.7056	2.189	1.2254	1.5552	8	2025	8	243	1	5
boletus_edulis	Boletus edulis	61.87065	28.86343	598005.35	6861176.217	10	16.8851	15.7426	14.5149	10.8652	22.9322	2.3432	1.9392	1.8172	5	2025	9	255	1	5
other_agaricoid	Amanita muscaria	61.8766	28.86354	597992.121	6861839.012	10	6.6201	8.0951	11.9719	1.0493	11.3895	0.0	0.0551	1.9539	2	2025	10	278	0	5
other_agaricoid	Amanita virosa	61.87769	28.86367	597995.472	6861960.597	96	12.6547	12.7365	15.5764	7.89	18.7056	2.189	1.2254	1.5552	8	2025	8	243	0	5
other_agaricoid	Collybia cirrhata	61.87462	28.86375	598009.489	6861618.824	10	15.1505	15.9753	14.1891	12.4775	21.8062	1.4824	1.9128	1.4707	7	2025	9	260	0	5
other_agaricoid	Amanita muscaria	61.86849	28.86379	598031.183	6860936.21	13	16.8956	15.5214	14.5252	10.8652	22.9322	2.3432	1.9392	1.8172	5	2025	9	254	0	5
boletus_edulis	Boletus edulis	61.8728	28.86389	598022.667	6861416.349	10	16.8851	15.7426	14.5149	10.8652	22.9322	2.3432	1.9392	1.8172	5	2025	9	255	1	5
boletus_edulis	Boletus edulis	61.87704	28.86788	598218.88	6861894.568	14	12.6547	12.7365	15.5764	7.89	18.7056	2.189	1.2254	1.5552	8	2025	8	243	1	5
other_agaricoid	Clitopilus prunulus	61.87649	28.86797	598225.374	6861833.453	10	5.629	5.9513	6.6046	0.531	8.3137	4.2098	2.6975	1.9435	12	2025	11	307	0	5
boletus_edulis	Boletus edulis	61.82607	28.87075	598533.238	6856222.605	100	16.6148	17.3583	16.7836	13.1294	22.8768	9.0856	5.7429	4.5972	9	2023	7	210	1	5
boletus_edulis	Boletus edulis	62.687888	28.88487	596481.266	6952225.631	1000	16.2522	15.8786	15.6161	6.3002	23.536	2.6427	3.1874	3.2323	8	2017	8	230	1	5
other_agaricoid	Pholiota squarrosa	61.87827	28.91463	600672.599	6862103.122	10	13.6069	15.7866	16.6138	5.9979	19.9057	0.5719	0.7531	1.3282	4	2024	9	265	0	5
other_agaricoid	Entoloma rubrobasis	62.090705	28.915872	600039.245	6885763.073	100	10.8355	12.1201	13.1957	3.4593	15.7362	6.2567	4.0592	2.4185	9	2020	9	258	0	5
other_agaricoid	Tricholoma portentosum	62.086081	28.917555	600142.342	6885250.709	100	10.8355	12.1201	13.1957	3.4593	15.7362	6.2567	4.0592	2.4185	9	2020	9	258	0	5
other_agaricoid	Macrolepiota procera	61.37413	28.92095	602661.579	6805971.619	10	15.4428	14.9375	16.5652	5.3714	22.3342	1.8653	2.6284	1.4175	8	2023	9	245	0	5
boletus_edulis	Boletus edulis	62.206497	28.942762	601056.283	6898700.306	1	12.2001	13.5242	14.7337	5.3505	18.2733	0.2822	1.2942	0.7809	6	2020	9	247	1	5
other_agaricoid	Cortinarius caperatus	61.39203	28.94436	603853.022	6808001.944	10	18.4217	17.2625	16.6786	10.2024	24.5947	1.9846	4.1459	2.6487	11	2023	8	218	0	5
boletus_edulis	Boletus edulis	61.85351	28.95187	602713.154	6859404.055	10	16.0733	15.4208	16.7559	6.1155	26.8873	0.1976	4.0598	3.1993	7	2020	7	200	1	5
boletus_edulis	Boletus edulis	67.97248	28.95962	582007.321	7541096.26	699	7.935	7.8427	11.5206	-1.3483	17.7937	1.2704	2.7639	2.6924	11	2025	9	244	1	5
other_agaricoid	Lactarius torminosus	63.62616	28.96606	597435.392	7056855.141	12	10.117	12.7041	13.7383	3.1756	17.6086	0.5404	1.5499	1.4994	6	2020	8	244	0	5
other_agaricoid	Cyathus striatus	61.822911	28.978959	604242.148	6856039.628	1000	16.989	16.6039	17.6797	8.8526	25.3802	2.0061	3.6927	2.3234	7	2024	8	233	0	5
other_agaricoid	Phaeolepiota aurea	61.822911	28.978959	604242.148	6856039.628	1000	9.7251	11.3855	13.3274	1.5931	17.0283	2.4685	3.0605	2.2607	9	2025	9	270	0	5
boletus_edulis	Boletus edulis	62.015	28.99222	604284.014	6877452.421	100	18.1829	16.4155	17.039	7.6082	26.98	5.4334	5.5641	3.692	7	2020	7	205	1	5
other_agaricoid	Pleurotus pulmonarius	67.997344	28.993827	583348.994	7543912.95	10	8.6	9.0857	9.8767	-1.1	16.4	1.9178	1.0019	0.616	7	2012	9	252	0	5
boletus_edulis	Boletus edulis	63.55803	29.0166	600178.79	7049344.505	32	15.1412	15.2343	15.2633	7.9858	22.54	3.5242	3.3259	3.8277	9	2021	8	230	1	5
other_agaricoid	Cortinarius raphanoides	61.916558	29.04121	607192.7	6866569.546	1	17.0687	16.9024	16.6346	6.9462	25.8817	1.5856	1.9108	2.2818	6	2024	9	249	0	5
other_agaricoid	Phaeolepiota aurea	61.91536	29.04226	607252.024	6866437.87	100	12.3067	12.9594	13.9776	2.7316	20.4544	2.7145	2.0225	2.8134	6	2026	9	249	0	5
boletus_edulis	Boletus edulis	64.264141	29.048544	599238.614	7128046.996	1000	12.9878	14.6817	14.0447	6.1053	22.8104	1.5327	0.8902	2.0894	8	2019	9	251	1	5
other_agaricoid	Lactarius deliciosus	64.264141	29.048544	599238.614	7128046.996	1000	12.9878	14.6817	14.0447	6.1053	22.8104	1.5327	0.8902	2.0894	8	2019	9	251	0	5
other_agaricoid	Hypholoma fasciculare	62.12966	29.07427	608169.338	6890355.713	15	16.6743	16.7476	16.9176	11.3676	22.775	2.7446	2.4718	3.0186	9	2021	8	230	0	5
other_agaricoid	Hypholoma fasciculare	62.13252	29.07518	608206.579	6890675.728	15	16.2862	16.8033	16.9197	11.3676	22.775	5.1232	3.4033	3.5406	9	2021	8	231	0	5
boletus_edulis	Boletus edulis	63.563336	29.076411	603130.066	7050030.537	100	15.5821	15.9254	18.2208	9.9035	22.5791	8.7614	4.8974	2.5026	9	2021	8	216	1	5
other_agaricoid	Pluteus cervinus	61.809652	29.078599	609536.699	6854726.991	1	6.0126	9.1472	11.3665	-1.6758	11.8446	3.4464	2.2868	3.8639	12	2018	10	274	0	5
boletus_edulis	Boletus edulis	62.12472	29.0837	608678.667	6889821.364	10	16.6597	16.5185	16.891	11.074	22.8516	2.6736	2.4363	3.002	8	2021	8	229	1	5
boletus_edulis	Boletus edulis	62.04221	29.10372	610020.82	6880666.77	10	11.9853	11.3726	14.1805	4.976	19.5171	2.1029	1.7647	1.8118	10	2025	9	244	1	5
other_agaricoid	Cyathus striatus	63.55075	29.11612	605148.154	7048693.332	10	1.2916	1.8295	-0.0537	-6.7186	7.0973	2.5423	1.7619	1.2499	10	2021	4	101	0	5
boletus_edulis	Boletus edulis	63.56158	29.120562	605328.821	7049906.883	1000	5.3128	8.5247	10.6689	-3.6305	12.914	2.9247	2.2238	2.9132	11	2018	9	272	1	5
other_agaricoid	Phlegmacium boreidionysae	63.180612	29.124928	606952.988	7007482.967	1	7.999	9.0125	10.6686	1.1767	13.5602	6.8017	6.7486	4.1686	10	2020	9	263	0	5
boletus_edulis	Boletus edulis	61.416109	29.156238	615078.558	6811038.7	100	15.243	13.5802	13.8558	4.2345	23.0547	0.0	1.6386	1.73	7	2025	9	250	1	5
other_agaricoid	Cortinarius traganus	61.573911	29.171047	615283.338	6828636.04	1000	9.2143	11.0214	12.72	1.7	18.0	0.8754	2.5062	2.7665	8	2009	9	262	0	5
boletus_edulis	Boletus edulis	61.413439	29.176865	616189.06	6810777.963	1000	15.9385	16.765	16.5011	8.6391	22.1975	3.3624	2.3082	3.336	10	2023	7	206	1	5
other_agaricoid	Hygrophoropsis aurantiaca	63.4692	29.1865	608954.64	7039728.182	321	6.145	8.2971	12.3348	0.0787	14.4776	0.1983	1.8915	1.218	6	2024	10	278	0	5
boletus_edulis	Boletus edulis	63.46801	29.18777	609022.436	7039597.807	38	13.7899	14.0909	15.0653	8.5935	19.8849	2.6194	4.3779	3.1002	8	2026	8	239	1	5
boletus_edulis	Boletus edulis	62.65285	29.22233	613884.791	6948873.874	10	16.6108	16.75	17.1026	9.1436	22.5983	1.708	1.3907	1.6614	8	2024	9	246	1	5
other_agaricoid	Galerina hypnorum	63.56841	29.24463	611462.759	7050877.807	15	5.1626	4.3199	5.0735	-1.2923	9.3246	0.2021	1.1513	1.7832	10	2024	10	294	0	5
other_agaricoid	Marasmiellus perforans	63.799827	29.246108	610629.978	7076654.655	1000	5.2979	6.2446	6.9722	-0.1762	11.9855	0.6298	0.5442	1.4347	10	2022	9	273	0	5
boletus_edulis	Boletus edulis	61.755194	29.275478	620121.129	6849010.678	1000	14.8371	15.0663	13.7365	8.0474	21.7084	2.1698	1.7612	1.4646	7	2019	8	239	1	5
boletus_edulis	Boletus edulis	62.645279	29.289092	617334.952	6948150.433	100	15.3166	15.8523	18.0132	8.6136	22.9045	4.2895	2.6855	2.697	11	2018	8	238	1	5
boletus_edulis	Boletus edulis	63.219331	29.296326	615422.906	7012092.094	1	15.428	16.6076	15.2783	6.6859	23.6712	3.1182	3.6761	3.9573	8	2020	7	211	1	5
other_agaricoid	Clitocybe odora	61.810538	29.303204	621365.936	6855224.636	1	17.049	16.9037	16.8248	8.8445	25.8712	1.3397	1.57	1.6633	6	2024	9	248	0	5
boletus_edulis	Boletus edulis	61.809893	29.305127	621469.785	6855156.409	1	17.049	16.9037	16.8248	8.8445	25.8712	1.3397	1.57	1.6633	6	2024	9	248	1	5
boletus_edulis	Boletus edulis	61.785615	29.30877	621757.748	6852459.925	1	16.3013	16.8094	18.2845	9.5399	24.9828	2.0546	1.5322	1.5396	4	2024	8	225	1	5
boletus_edulis	Boletus edulis	63.900915	29.310777	613406.336	7088027.005	1000	13.7539	14.7411	15.2561	7.1667	24.4737	0.7429	0.8559	3.1015	10	2020	8	228	1	5
boletus_edulis	Boletus edulis	61.786028	29.31203	621927.984	6852512.022	1	12.3699	11.7047	13.2011	7.0678	17.8884	4.6638	2.7882	2.6922	8	2017	9	257	1	5
boletus_edulis	Boletus edulis	61.79941	29.32101	622348.191	6854018.944	100	10.9786	10.2652	12.2958	3.0909	16.3295	2.1014	2.0934	2.3694	8	2021	9	255	1	5
other_agaricoid	Cortinarius evernius	61.607302	29.324188	623280.093	6832634.532	1000	9.9714	12.25	12.86	0.8	19.0	0.7387	3.4536	2.7559	8	2009	9	259	0	5
other_agaricoid	Hygrocybe conica	62.64299	29.32746	619310.212	6947965.922	10	14.7634	13.2081	14.0127	7.4327	22.2406	0.7814	1.1235	1.6073	8	2025	9	249	0	5
boletus_edulis	Boletus edulis	61.808408	29.329957	622783.746	6855037.717	1	15.6731	15.7289	14.3487	8.1622	24.7523	0.4607	1.2346	1.2641	5	2019	8	241	1	5
boletus_edulis	Boletus edulis	61.573994	29.330083	623725.415	6828937.065	100	15.6129	15.8846	16.6796	4.0151	22.5482	2.4156	3.5732	2.5402	7	2024	8	236	1	5
boletus_edulis	Boletus edulis	61.799596	29.332177	622935.918	6854060.726	1	17.3726	17.1198	17.1204	9.446	25.7539	1.2601	1.5034	1.5948	5	2024	9	249	1	5
boletus_edulis	Boletus edulis	61.572805	29.332777	623873.163	6828809.798	100	15.6129	15.8846	16.6796	4.0151	22.5482	2.4156	3.5732	2.5402	7	2024	8	236	1	5
other_agaricoid	Cortinarius violaceus	61.691358	29.358293	624749.335	6842058.663	100	11.5819	13.5096	15.0737	7.8304	17.0258	3.088	3.7797	3.6003	11	2021	8	239	0	5
boletus_edulis	Boletus edulis	61.589873	29.359994	625249.09	6830762.254	1000	15.597	15.8866	16.6897	4.5135	22.3533	2.3375	3.4627	2.4403	7	2024	8	236	1	5
other_agaricoid	Cortinarius umbrinolens	61.588725	29.360476	625279.298	6830635.36	1000	10.3571	12.5143	13.1033	2.5	19.0	0.7115	3.5554	2.744	8	2009	9	259	0	5
boletus_edulis	Boletus edulis	61.7477	29.37644	625479.705	6848366.914	10	19.697	18.4318	17.3122	12.9168	28.6215	2.36	3.6356	2.7881	7	2023	8	219	1	5
other_agaricoid	Gymnopilus picreus	62.6402	29.37841	621932.614	6947750.523	100	13.136	15.4234	19.2419	7.4256	20.8818	3.5814	2.3921	1.5655	8	2025	8	234	0	5
other_agaricoid	Aspropaxillus giganteus	61.75606	29.39438	626392.375	6849332.492	100	19.0212	17.7291	17.0439	12.6909	25.8595	2.3808	4.4944	2.8727	8	2023	8	218	0	5
other_agaricoid	Cortinarius raphanoides	61.754005	29.417053	627597.335	6849147.965	1000	17.0828	16.8439	16.7471	8.2175	26.0663	1.2071	1.5288	1.6061	5	2024	9	249	0	5
boletus_edulis	Boletus edulis	62.044617	29.472245	629277.598	6881614.73	1000	13.0286	11.3214	11.5933	3.4	17.8	1.2527	2.4865	2.4351	9	2010	9	258	1	5
other_agaricoid	Strobilurus esculentus	63.493491	29.49632	624282.129	7042997.83	1000	7.4357	4.8656	3.4918	-4.4708	16.19	1.4302	1.3564	0.792	10	2022	5	133	0	5
boletus_edulis	Boletus edulis	61.55233	29.50035	632856.031	6826860.332	126	17.3868	16.0863	16.6829	8.5048	25.4824	1.3832	1.9282	3.2213	8	2023	7	200	1	5
boletus_edulis	Boletus edulis	61.55258	29.5009	632884.176	6826889.288	243	17.4146	16.0112	16.6149	8.3497	25.4824	2.3209	1.8293	3.4401	8	2023	7	201	1	5
other_agaricoid	Laccaria amethystina	61.55019	29.5024	632974.075	6826626.256	166	5.1512	5.1036	5.5398	-0.1958	7.5449	3.3165	2.1911	1.5117	9	2025	11	306	0	5
boletus_edulis	Boletus edulis	62.61535	29.50599	628578.38	6945231.148	10	17.0337	16.6056	16.7962	9.946	23.4624	2.1982	1.2444	2.0422	9	2026	7	185	1	5
other_agaricoid	Lyophyllum decastes	63.45673	29.51807	625525.638	7038946.544	35	5.4976	6.2056	7.2019	0.6011	10.1132	0.7935	0.5271	1.2309	9	2022	10	274	0	5
boletus_edulis	Boletus edulis	63.45678	29.51809	625526.416	7038952.151	65	9.9224	11.4295	13.301	0.5518	19.0819	0.0	2.1428	3.7924	5	2021	8	243	1	5
other_agaricoid	Lactarius turpis	61.586107	29.522364	633879.652	6830665.985	1000	16.0844	16.3498	16.0586	10.0159	23.5809	0.6802	0.3401	0.9143	3	2024	9	261	0	5
boletus_edulis	Boletus edulis	62.80823	29.531	629017.424	6966758.332	10	14.7691	14.7655	16.3617	9.0365	20.7022	7.3029	4.8472	3.2266	8	2026	8	236	1	5
boletus_edulis	Boletus edulis	61.73986	29.54277	634293.252	6847826.228	16	14.5436	16.0794	15.2989	6.3705	23.5961	5.6137	3.2404	3.9274	6	2020	7	210	1	5
boletus_edulis	Boletus edulis	63.091099	29.546998	628584.763	6998288.433	1000	11.0093	13.0693	14.5898	6.7857	18.5828	2.9954	4.2969	4.4185	11	2021	8	239	1	5
other_agaricoid	Lactarius mammosus	63.091099	29.546998	628584.763	6998288.433	1000	11.0093	13.0693	14.5898	6.7857	18.5828	2.9954	4.2969	4.4185	11	2021	8	239	0	5
boletus_edulis	Boletus edulis	62.663278	29.558078	631038.168	6950672.696	1000	12.3644	12.1227	13.5376	6.7163	19.2159	1.0549	4.6416	2.6576	11	2018	9	265	1	5
other_agaricoid	Tricholoma fulvum	62.663278	29.558078	631038.168	6950672.696	1000	12.3644	12.1227	13.5376	6.7163	19.2159	1.0549	4.6416	2.6576	11	2018	9	265	0	5
other_agaricoid	Russula aeruginea	62.79554	29.56356	630732.794	6965410.965	31	18.5602	17.4656	17.2031	13.7605	25.317	4.4661	4.9422	4.3165	9	2023	8	216	0	5
other_agaricoid	Hygrophoropsis fuscosquamula	62.629449	29.56796	631694.227	6946926.067	1	10.5505	9.9633	11.4323	7.3198	14.0818	3.0253	1.5127	1.6479	5	2022	9	263	0	5
boletus_edulis	Boletus edulis	64.035438	29.585544	626277.943	7103525.367	1000	11.7714	9.6143	8.9133	2.8	18.7	2.7076	2.5489	2.251	9	2010	9	257	1	5
other_agaricoid	Gymnopus ocior	62.311453	29.587612	634120.62	6911559.549	100	15.8487	18.2682	17.6379	10.1841	21.372	4.9834	2.5205	3.2501	5	2020	7	186	0	5
other_agaricoid	Laccaria laccata	64.19314	29.59201	625878.333	7121100.516	100	11.7677	12.245	12.4095	7.0881	18.2231	2.1059	2.6252	3.6697	11	2015	7	195	0	5
boletus_edulis	Boletus edulis	61.575952	29.596886	637878.697	6829690.876	1000	15.1484	13.5674	14.0315	4.3176	23.0494	0.062	1.5108	1.5493	8	2025	9	250	1	5
boletus_edulis	Boletus edulis	62.72775	29.62344	634092.742	6957985.829	10	12.5498	12.1147	15.1601	6.0746	19.5374	1.1671	1.7148	1.7503	11	2025	9	244	1	5
boletus_edulis	Boletus edulis	62.622092	29.658309	636359.535	6946294.642	1000	18.9003	17.8639	17.672	12.4306	25.7907	0.0	0.8886	1.0944	2	2024	9	253	1	5
other_agaricoid	Infundibulicybe gibba	62.42553	29.66233	637468.583	6924417.859	100	16.133	16.1183	16.343	8.8606	21.9305	1.2994	2.0556	1.8919	7	2026	6	180	0	5
boletus_edulis	Boletus edulis	61.89013	29.67232	640444.339	6864830.267	100	17.7677	16.9095	16.5773	12.7369	24.9756	4.4054	4.8104	3.6665	7	2023	8	213	1	5
boletus_edulis	Boletus edulis	62.62027	29.67989	637474.513	6946137.586	10	16.3102	17.8659	19.0037	8.7579	21.895	4.518	6.2638	3.2234	11	2021	8	221	1	5
boletus_edulis	Boletus edulis	61.88564	29.69038	641413.817	6864369.583	100	14.9971	15.0729	16.3041	9.3533	21.3978	6.5161	3.6907	2.3473	10	2026	8	234	1	5
boletus_edulis	Boletus edulis	62.30833	29.69962	639938.323	6911449.112	61	15.1838	15.3319	16.8562	8.0927	23.9392	6.8413	4.8052	4.0638	6	2020	7	199	1	5
other_agaricoid	Hygrocybe conica	62.61933	29.70132	638577.758	6946078.783	10	15.6062	15.7752	16.2312	10.7	20.5235	9.0573	5.5456	5.281	10	2020	8	218	0	5
boletus_edulis	Boletus edulis	62.30826	29.70254	640089.947	6911447.638	32	18.5935	16.5859	17.3329	8.0927	26.2589	0.6644	3.8823	3.2313	5	2020	7	203	1	5
boletus_edulis	Boletus edulis	62.927981	29.706244	637385.831	6980454.944	1	10.0143	11.3071	16.5533	5.7	16.6	4.3738	3.5075	1.8745	7	2010	8	241	1	5
other_agaricoid	Leucocybe connata	62.6136	29.70797	638945.55	6945455.113	100	6.8198	8.4447	12.2262	-1.3946	14.6861	0.0	2.0261	2.0183	3	2025	10	275	0	5
other_agaricoid	Lactarius torminosus	62.61026	29.71319	639228.92	6945094.496	100	11.7122	12.1225	15.5605	4.2334	19.6145	1.5373	1.884	2.159	9	2025	8	242	0	5
boletus_edulis	Boletus edulis	62.613609	29.721913	639660.611	6945486.225	1000	12.4099	13.8132	14.9003	4.535	17.7645	6.8134	3.6588	2.7887	8	2018	9	257	1	5
other_agaricoid	Tricholoma focale	62.613609	29.721913	639660.611	6945486.225	1000	12.4099	13.8132	14.9003	4.535	17.7645	6.8134	3.6588	2.7887	8	2018	9	257	0	5
other_agaricoid	Tricholoma focale	62.61357	29.72401	639768.345	6945486.425	10	15.743	15.4678	13.6634	8.4625	23.5024	2.4081	1.543	1.6094	6	2025	9	258	0	5
other_agaricoid	Hygrophorus camarophyllus	62.58248	29.73077	640261.626	6942039.601	184	18.5619	18.4254	17.9532	13.4522	23.1655	0.53	0.265	1.1599	2	2024	9	258	0	5
other_agaricoid	Paralepista flaccida	62.57976	29.73238	640357.114	6941740.264	84	14.0689	15.4501	14.6015	8.5174	16.503	4.8964	2.7503	1.9452	9	2025	9	263	0	5
boletus_edulis	Boletus edulis	62.5817	29.7329	640374.662	6941957.389	628	15.7423	16.5063	16.9925	11.5256	26.2318	0.1359	4.3345	4.1566	7	2020	8	228	1	5
other_agaricoid	Cortinarius collinitus	62.6054	29.73599	640421.363	6944602.811	100	16.3737	18.5572	18.0264	8.4613	25.3875	1.4966	1.5944	1.2022	7	2022	8	241	0	5
boletus_edulis	Boletus edulis	62.60373	29.73905	640586.243	6944423.542	19	16.3737	18.5572	18.0264	8.4613	25.3875	1.4966	1.5944	1.2022	7	2022	8	241	1	5
other_agaricoid	Clitocybe albofragrans	61.654019	29.745286	645387.987	6838704.796	1	16.0291	15.993	16.0378	5.2737	25.9185	0.8933	1.5291	1.5343	6	2024	9	247	0	5
other_agaricoid	Russula vesca	62.61064	29.74832	641029.04	6945213.115	10	16.2418	14.6898	13.6418	7.8721	23.8673	0.2825	0.4418	1.8612	5	2025	9	254	0	5
boletus_edulis	Boletus edulis	62.602962	29.753246	641318.204	6944369.052	1	14.88	15.2902	13.8166	7.8904	22.902	0.547	1.4419	1.4982	6	2019	8	240	1	5
boletus_edulis	Boletus edulis	62.602745	29.754157	641365.974	6944346.888	1	16.4458	17.3038	18.8886	7.6924	23.5589	1.0678	1.2566	1.8409	6	2018	8	233	1	5
boletus_edulis	Boletus edulis	62.60041	29.75527	641434.185	6944089.357	244	14.6671	15.1063	15.6653	4.4398	23.6554	0.0	0.5097	2.6551	4	2015	8	235	1	5
boletus_edulis	Boletus edulis	62.61111	29.75611	641426.367	6945282.498	100	16.1567	16.1883	16.2032	9.3361	23.5287	8.1929	5.0156	5.3054	9	2020	8	220	1	5
other_agaricoid	Russula aeruginea	62.16339	29.77219	644389.83	6895471.9	10	15.6284	16.5884	15.8997	10.2401	24.2737	7.9721	4.1293	4.3953	7	2020	7	209	0	5
boletus_edulis	Boletus edulis	62.16329	29.77257	644410.09	6895461.614	10	15.6284	16.5884	15.8997	10.2401	24.2737	7.9721	4.1293	4.3953	7	2020	7	209	1	5
other_agaricoid	Kuehneromyces mutabilis	62.607464	29.77319	642319.87	6944914.131	100	13.6141	14.0334	14.7778	3.3892	19.847	0.1726	0.299	1.5972	5	2018	9	253	0	5
boletus_edulis	Boletus edulis	63.114006	29.777003	640081.049	7001320.142	1	17.3675	18.31	17.0205	7.7815	23.6158	0.7403	2.1947	4.6791	8	2023	8	229	1	5
other_agaricoid	Mycena pura	63.103125	29.788592	640717.992	7000133.974	1	12.1429	10.9071	10.8367	6.9	18.3	3.6679	3.7207	2.451	10	2012	9	262	0	5
other_agaricoid	Clitocybe odora	62.688461	29.790301	642807.229	6953969.807	1000	11.234	11.9727	13.2626	2.7731	17.1311	6.3363	3.7557	2.3231	8	2020	9	256	0	5
other_agaricoid	Lactarius trivialis	63.106116	29.790406	640795.012	7000470.97	1	14.4429	15.1071	14.7433	6.1	20.5	4.3634	6.3589	4.6997	11	2012	7	204	0	5
other_agaricoid	Russula chloroides	63.101917	29.80318	641459.659	7000031.522	1000	9.5539	12.1604	15.9981	2.6235	16.4957	1.7003	2.0672	1.6858	10	2025	8	237	0	5
other_agaricoid	Clitopilus prunulus	63.10996	29.807125	641619.485	7000935.723	1	15.5273	16.6956	18.9543	6.4704	24.8344	0.2387	1.225	1.9112	4	2018	8	229	0	5
boletus_edulis	Boletus edulis	63.109221	29.807408	641637.355	7000854.067	1	15.5273	16.6956	18.9543	6.4704	24.8344	0.2387	1.225	1.9112	4	2018	8	229	1	5
boletus_edulis	Boletus edulis	63.107637	29.807526	641651.019	7000677.965	10	12.9143	15.7643	15.5967	7.6	21.6	9.6334	5.8999	5.0232	10	2012	8	224	1	5
boletus_edulis	Boletus edulis	63.108107	29.807893	641667.237	7000731.104	1	15.0235	16.2044	18.5973	6.1363	24.3685	0.2387	1.2171	1.9277	4	2018	8	229	1	5
other_agaricoid	Aureonarius limonius	63.095102	29.809915	641832.585	6999287.595	1	17.5293	16.3902	16.4369	10.3373	25.5645	1.0456	1.1987	1.5666	9	2026	8	216	0	5
boletus_edulis	Boletus edulis	62.58113	29.8128	644479.598	6942070.293	100	14.4045	12.8173	13.7131	4.4698	23.2613	0.4334	0.994	1.8032	8	2025	9	249	1	5
boletus_edulis	Boletus edulis	62.62044	29.81337	644317.918	6946448.079	10	8.1193	7.1973	8.3023	2.8199	12.9136	3.9985	2.3908	1.9058	13	2022	10	282	1	5
boletus_edulis	Boletus edulis	62.61001	29.81357	644378.846	6945287.319	10	14.2676	12.6783	13.562	3.5283	23.4917	0.485	1.0569	1.8891	8	2025	9	249	1	5
boletus_edulis	Boletus edulis	63.083975	29.815467	642167.022	6998060.998	1	14.4143	15.0643	14.6933	6.4	20.4	4.4572	6.3181	4.6523	11	2012	7	204	1	5
other_agaricoid	Hygrocybe conica	63.083746	29.816613	642225.981	6998038.038	1	14.4143	15.0643	14.6933	6.4	20.4	4.4572	6.3181	4.6523	11	2012	7	204	0	5
boletus_edulis	Boletus edulis	63.08149	29.81691	642251.991	6997787.515	100	15.0561	15.4502	15.5071	7.0744	20.4645	0.9783	1.0964	1.5734	8	2024	8	240	1	5
boletus_edulis	Boletus edulis	62.58493	29.8172	644687.019	6942503.217	10	14.841	13.2346	13.677	4.4698	23.8149	0.3873	0.768	1.7753	7	2025	9	250	1	5
other_agaricoid	Amanita muscaria	62.57766	29.82052	644892.847	6941701.278	213	11.6459	13.5586	15.1566	7.2131	20.3157	2.9036	3.9854	4.1271	11	2021	8	241	0	5
boletus_edulis	Boletus edulis	62.581705	29.820889	644892.097	6942152.447	1000	18.139	17.0291	17.0287	8.4715	25.8332	0.4614	0.7655	0.9286	10	2026	8	216	1	5
other_agaricoid	Cortinarius armillatus	62.581705	29.820889	644892.097	6942152.447	1000	18.139	17.0291	17.0287	8.4715	25.8332	0.4614	0.7655	0.9286	10	2026	8	216	0	5
other_agaricoid	Marasmiellus perforans	62.581203	29.821694	644935.871	6942098.366	1000	15.5534	15.7325	16.2179	5.3361	22.3242	1.0987	2.0513	1.8408	9	2026	6	180	0	5
boletus_edulis	Boletus edulis	62.58499	29.82242	644954.693	6942521.614	10	14.2859	12.6802	13.554	3.7934	23.3519	0.4643	1.021	1.8585	8	2025	9	249	1	5
other_agaricoid	Cortinarius subtortus	63.074318	29.824119	642650.988	6997004.98	1	10.9143	11.5571	13.3033	2.1	18.0	0.0101	0.7811	2.9108	7	2012	8	244	0	5
boletus_edulis	Boletus edulis	63.07896	29.82531	642688.377	6997524.458	100	13.3192	13.1948	13.7436	2.2101	20.0964	2.328	5.3281	3.6823	8	2026	9	244	1	5
boletus_edulis	Boletus edulis	63.07896	29.82535	642690.396	6997524.547	100	13.344	13.2069	13.7223	3.0634	19.7667	2.3663	5.218	3.6062	8	2026	9	244	1	5
boletus_edulis	Boletus edulis	63.07034	29.82575	642752.824	6996565.7	699	17.7318	15.7227	16.0405	5.6282	25.7809	6.9455	6.0379	4.1813	8	2020	7	205	1	5
other_agaricoid	Stropharia hornemannii	62.949088	29.829049	643513.861	6983073.159	1000	9.8592	11.1384	12.0715	2.0871	15.5898	6.217	4.4637	2.7499	10	2020	9	259	0	5
other_agaricoid	Deconica phyllogena	63.074226	29.830052	642950.982	6997007.926	1	14.7143	15.4786	14.77	9.6	20.4	4.3022	6.9643	4.4478	11	2012	7	203	0	5
boletus_edulis	Boletus edulis	63.07429	29.8336	643129.797	6997022.952	100	13.2724	13.3868	14.6919	6.857	19.8749	2.9519	4.689	3.3393	9	2026	8	238	1	5
other_agaricoid	Strobilurus stephanocystis	61.893658	29.834179	648929.973	6865583.686	1	13.3443	13.7946	12.2914	5.1458	22.1133	5.5754	3.5705	2.2392	11	2022	6	169	0	5
other_agaricoid	Clitopilus prunulus	62.616436	29.840839	645745.978	6946064.066	1	16.614	16.1947	16.8607	10.5782	23.1751	2.5289	3.6662	3.9723	9	2021	8	228	0	5
other_agaricoid	Amanita fulva	62.615038	29.843246	645876.272	6945913.865	1000	14.8851	15.5527	16.9637	5.383	22.8593	1.8865	2.4044	2.7939	10	2018	8	241	0	5
other_agaricoid	Kuehneromyces mutabilis	62.617721	29.843381	645870.022	6946212.874	1	17.8943	19.3468	20.721	8.2173	26.6605	3.4173	2.9829	2.4271	8	2018	8	221	0	5
other_agaricoid	Amanita muscaria	62.620376	29.849804	646186.31	6946523.001	100	14.8851	15.5527	16.9637	5.383	22.8593	1.8865	2.4044	2.7939	10	2018	8	241	0	5
other_agaricoid	Amanita fulva	62.627791	29.861138	646730.794	6947374.258	1000	11.9162	13.381	14.4797	3.2786	17.9902	6.4981	3.512	2.8085	8	2018	9	257	0	5
boletus_edulis	Boletus edulis	62.640039	29.867384	646990.306	6948752.061	1000	12.0715	13.5285	14.4024	3.4304	19.407	6.1335	3.3497	2.7254	8	2018	9	256	1	5
boletus_edulis	Boletus edulis	62.629004	29.867648	647058.485	6947524.129	1	16.4642	16.6053	16.7938	10.4739	23.1491	4.4108	3.5915	4.1619	9	2021	8	230	1	5
other_agaricoid	Stropharia hornemannii	62.635329	29.868603	647076.1	6948230.473	1	11.0295	11.0377	12.507	1.5829	18.6256	0.8705	3.151	2.4927	13	2018	9	268	0	5
other_agaricoid	Tricholoma portentosum	62.63855	29.868783	647069.365	6948589.479	100	11.0295	11.0377	12.507	1.5829	18.6256	0.8705	3.151	2.4927	13	2018	9	268	0	5
boletus_edulis	Boletus edulis	62.57927	29.87174	647514.828	6941996.577	11	15.9667	16.4344	15.7341	9.9857	23.7932	4.6399	5.7379	4.7554	11	2023	7	210	1	5
boletus_edulis	Boletus edulis	62.63308	29.871763	647249.193	6947987.301	1000	14.4196	15.1993	15.4761	3.8497	21.653	0.0822	0.5636	4.2596	5	2020	8	232	1	5
other_agaricoid	Hypholoma lateritium	62.091961	29.872932	649987.31	6887748.78	1	12.8931	13.5999	14.0667	4.5165	20.7708	3.3827	4.6317	3.7616	9	2023	9	265	0	5
boletus_edulis	Boletus edulis	62.091103	29.874395	650067.891	6887656.651	1	17.4088	16.9386	16.8549	7.4072	26.0858	0.0	0.9158	1.3515	3	2024	9	252	1	5
other_agaricoid	Inocybe nematoloma	63.057572	29.884873	645802.023	6995276.927	1	12.9286	14.25	15.6333	6.1	21.0	1.1631	0.9122	3.1158	7	2012	8	237	0	5
other_agaricoid	Infundibulicybe gibba	63.05484	29.893331	646242.982	6994991.984	10	14.6429	13.6857	15.9833	6.1	23.6	1.1862	2.8455	3.3906	7	2012	8	234	0	5
other_agaricoid	Mycena pearsoniana	63.05484	29.893331	646242.982	6994991.984	10	14.6429	13.6857	15.9833	6.1	23.6	1.1862	2.8455	3.3906	7	2012	8	234	0	5
boletus_edulis	Boletus edulis	63.055918	29.89421	646281.979	6995114.004	10	14.0	13.7571	15.96	6.1	22.1	1.1862	0.7891	3.2655	6	2012	8	235	1	5
boletus_edulis	Boletus edulis	63.050254	29.904118	646811.023	6994506.007	10	14.0286	13.7714	15.99	5.5	22.1	1.1842	0.7837	3.2525	6	2012	8	235	1	5
other_agaricoid	Lactarius tabidus	63.050254	29.904118	646811.023	6994506.007	10	14.0286	13.7714	15.99	5.5	22.1	1.1842	0.7837	3.2525	6	2012	8	235	0	5
other_agaricoid	Cortinarius alboviolaceus	62.081	29.928	652916.003	6886657.253	1	9.5564	10.7907	12.3266	2.1616	14.8684	6.0075	4.575	2.732	11	2020	9	262	0	5
other_agaricoid	Leucocortinarius bulbiger	62.084509	29.930391	653023.144	6887053.519	1000	12.8429	13.8357	13.6333	4.5	21.0	0.0692	3.2189	2.6383	10	2009	9	256	0	5
other_agaricoid	Cantharellula umbonata	62.177703	29.943605	653241.241	6897459.173	1	9.6465	10.6758	12.3584	2.9161	14.8661	3.6415	4.1641	2.8009	11	2020	9	263	0	5
other_agaricoid	Lycoperdon norvegicum	62.431684	29.971178	653376.585	6925798.1	1	7.6074	7.5929	9.2844	1.5885	15.8138	0.0589	0.5132	1.9607	9	2017	9	272	0	5
other_agaricoid	Russula claroflava	62.85298	29.980425	651684.916	6972720.555	1000	16.0417	16.8893	15.7392	4.8329	26.2564	1.8713	1.2432	1.6075	6	2026	7	202	0	5
boletus_edulis	Boletus edulis	62.817215	30.001547	652945.065	6968788.96	1	15.548	16.727	19.1146	4.7049	24.9861	0.9116	1.2933	2.3559	7	2018	8	229	1	5
boletus_edulis	Boletus edulis	62.41742	30.01431	655676.072	6924313.37	10	15.9483	17.5097	17.4518	9.2834	21.629	5.3664	3.3074	2.8565	8	2020	7	189	1	5
boletus_edulis	Boletus edulis	62.60803	30.028107	655392.497	6945565.383	100	11.4983	11.3352	12.7495	6.4856	18.2867	0.8368	1.017	2.2406	8	2016	9	257	1	5
boletus_edulis	Boletus edulis	62.547246	30.060714	657386.016	6938877.955	1	7.6663	9.3023	9.9221	4.61	13.9117	0.8198	2.9865	2.0959	12	2017	9	266	1	5
boletus_edulis	Boletus edulis	62.587503	30.108024	659601.433	6943475.456	100	11.4787	11.3224	12.7443	6.5622	18.1564	0.8896	1.0194	2.1992	8	2016	9	257	1	5
other_agaricoid	Cortinarius brunneus	62.587503	30.108024	659601.433	6943475.456	100	11.4787	11.3224	12.7443	6.5622	18.1564	0.8896	1.0194	2.1992	8	2016	9	257	0	5
boletus_edulis	Boletus edulis	62.101149	30.110964	662358.533	6889345.173	1000	11.8244	10.731	12.4384	5.2353	17.6393	5.0676	2.9397	3.5164	8	2017	9	257	1	5
boletus_edulis	Boletus edulis	62.374165	30.130949	661929.998	6919784.995	1000	14.5593	14.4987	15.4166	7.1564	22.3301	0.4039	0.8623	1.7114	10	2018	9	251	1	5
boletus_edulis	Boletus edulis	62.092655	30.144607	664159.249	6888484.467	1	9.4479	10.7333	12.2404	2.3077	14.4551	5.8239	4.3404	2.6582	11	2020	9	262	1	5
other_agaricoid	Phlegmacium triumphans	62.095804	30.14856	664348.454	6888844.995	1	9.4396	10.4822	12.1613	2.2207	14.6692	3.0568	3.8904	2.666	11	2020	9	263	0	5
boletus_edulis	Boletus edulis	62.089343	30.160129	664987.076	6888155.232	1	9.7329	11.0142	12.518	2.9654	14.4995	5.7415	4.2286	2.629	11	2020	9	262	1	5
other_agaricoid	Bovista nigrescens	62.0762	30.171624	665658.503	6886721.648	100	8.9132	9.998	11.738	1.8143	14.6632	2.5533	3.7955	2.6815	11	2020	9	264	0	5
boletus_edulis	Boletus edulis	62.076321	30.171834	665668.806	6886735.653	100	8.9132	9.998	11.738	1.8143	14.6632	2.5533	3.7955	2.6815	11	2020	9	264	1	5
other_agaricoid	Hypholoma marginatum	62.56021	30.17245	663057.331	6940598.451	366	5.828	7.9493	11.5615	-2.1742	14.5542	0.0	2.444	1.7267	5	2025	10	274	0	5
boletus_edulis	Boletus edulis	62.645193	30.214441	664742.617	6950164.68	100	14.6766	14.5951	14.8859	3.1559	23.3452	0.0133	0.7485	2.5606	6	2020	8	234	1	5
other_agaricoid	Cortinarius armillatus	62.645193	30.214441	664742.617	6950164.68	100	14.6766	14.5951	14.8859	3.1559	23.3452	0.0133	0.7485	2.5606	6	2020	8	234	0	5
other_agaricoid	Mycetinis scorodonius	62.108661	30.244538	669283.649	6890523.122	1000	10.6218	9.9645	10.9604	0.5984	19.8476	0.0445	1.2641	2.0895	8	2020	9	273	0	5
boletus_edulis	Boletus edulis	62.045604	30.250822	669963.541	6883521.214	1	9.1169	10.1537	11.849	0.8533	14.9407	2.9829	3.8509	2.6646	11	2020	9	263	1	5
other_agaricoid	Leucocybe connata	62.045584	30.256279	670248.791	6883533.306	1000	9.1169	10.1537	11.849	0.8533	14.9407	2.9829	3.8509	2.6646	11	2020	9	263	0	5
other_agaricoid	Tubaria conspersa	62.045447	30.25646	670259.014	6883518.533	1000	9.1169	10.1537	11.849	0.8533	14.9407	2.9829	3.8509	2.6646	11	2020	9	263	0	5
boletus_edulis	Boletus edulis	62.045122	30.257744	670327.925	6883485.733	1000	9.1169	10.1537	11.849	0.8533	14.9407	2.9829	3.8509	2.6646	11	2020	9	263	1	5
other_agaricoid	Tricholoma fulvum	62.046108	30.259174	670397.125	6883599.233	100	9.1169	10.1537	11.849	0.8533	14.9407	2.9829	3.8509	2.6646	11	2020	9	263	0	5
boletus_edulis	Boletus edulis	62.046042	30.259298	670403.974	6883592.213	1	9.1169	10.1537	11.849	0.8533	14.9407	2.9829	3.8509	2.6646	11	2020	9	263	1	5
other_agaricoid	Amanita crocea	62.1078	30.261313	670163.18	6890471.231	1	13.8946	14.4699	16.0116	5.4921	21.0763	3.8305	4.2379	3.2644	8	2020	7	198	0	5
boletus_edulis	Boletus edulis	62.10704	30.265197	670369.974	6890396.848	100	15.8609	15.5122	15.7578	9.7683	26.3243	1.4688	4.7256	4.8003	9	2020	8	225	1	5
boletus_edulis	Boletus edulis	62.108186	30.26634	670423.143	6890527.405	1	15.922	15.7614	16.0786	8.3303	23.0651	2.9695	3.4057	4.4286	7	2021	8	229	1	5
boletus_edulis	Boletus edulis	62.122141	30.267838	670422.869	6892084.549	1000	14.2802	14.9522	12.9855	10.5546	20.4837	1.8236	1.2001	1.2487	7	2025	9	261	1	5
other_agaricoid	Hygrocybe conica	62.231504	30.279147	670395.513	6904286.545	1000	8.8596	9.932	11.5191	0.6567	14.4717	2.9599	4.2169	2.8723	9	2020	9	263	0	5
other_agaricoid	Cortinarius alboviolaceus	62.230169	30.279773	670435.556	6904139.606	1	8.8596	9.932	11.5191	0.6567	14.4717	2.9599	4.2169	2.8723	9	2020	9	263	0	5
boletus_edulis	Boletus edulis	62.200425	30.288265	671044.849	6900851.469	1	13.3974	14.2111	15.167	2.9432	20.5317	3.3989	2.7948	2.3542	6	2023	9	251	1	5
other_agaricoid	Hygrocybe conica	62.207057	30.316803	672490.528	6901665.327	100	6.2347	6.6676	7.977	2.6522	9.8719	1.8974	1.5112	2.3553	10	2022	10	278	0	5
other_agaricoid	Gliophorus psittacinus	62.207057	30.316803	672490.528	6901665.327	100	6.2347	6.6676	7.977	2.6522	9.8719	1.8974	1.5112	2.3553	10	2022	10	278	0	5
other_agaricoid	Lactarius tabidus	62.098029	30.344033	674532.635	6889603.748	1000	9.3211	10.4176	13.3247	0.7261	19.9228	0.3538	2.5246	3.0101	7	2021	9	247	0	5
boletus_edulis	Boletus edulis	62.20541	30.37782	675671.23	6901646.102	20	15.1639	16.3567	15.337	8.1879	23.5476	2.6505	5.8301	5.4518	9	2020	7	211	1	5
boletus_edulis	Boletus edulis	63.145867	30.607095	681725.239	7006947.272	100	9.8405	10.0486	11.654	-0.9987	14.6759	0.4924	0.9036	1.5247	10	2016	9	258	1	5
other_agaricoid	Russula decolorans	63.145867	30.607095	681725.239	7006947.272	100	16.3675	17.7365	16.9268	8.6256	22.5805	3.7554	2.3388	2.6316	12	2016	8	217	0	5
other_agaricoid	Coprinus comatus	62.20278	30.61337	687929.004	6902014.938	100	17.6856	17.453	16.7956	8.6336	24.9177	0.1993	0.0996	0.8606	2	2024	9	259	0	5
boletus_edulis	Boletus edulis	63.1278	30.614411	682206.83	7004957.366	1000	14.1465	15.6809	16.6669	2.72	22.1902	0.2416	1.7995	3.7996	5	2023	8	234	1	5
other_agaricoid	Neolentinus lepideus	63.15112	30.705103	686625.078	7007813.084	1	15.5712	16.1493	12.2985	4.6047	25.0361	8.3954	4.1977	2.319	5	2023	6	175	0	5
other_agaricoid	Tapinella atrotomentosa	63.13574	30.72379	687664.929	7006156.072	88	14.3629	16.2964	15.4769	4.2236	25.5177	3.0621	1.6795	2.1273	9	2026	7	204	0	5
boletus_edulis	Boletus edulis	63.12022	30.73138	688147.588	7004451.23	217	10.6142	10.3993	13.6599	2.8112	18.8345	1.6909	1.9528	2.2266	13	2025	8	243	1	5
