{"type": "FeatureCollection", "metadata": {"targetTaxonKey": "MCH9", "targetScientificName": "Boletus edulis Bull.", "minimumYear": 2009, "maximumCoordinateUncertaintyMeters": 1000.0, "recordCount": 554}, "features": [{"type": "Feature", "geometry": {"type": "Point", "coordinates": [28.468026, 62.870753]}, "properties": {"gbifID": "4169789922", "eventDate": "2009-09-02T00:00Z", "year": 2009, "countryCode": "FI", "locality": "", "stateProvince": "Pohjois-Savo", "basisOfRecord": "MACHINE_OBSERVATION", "coordinateUncertaintyInMeters": 1000.0, "recordedBy": "Joona Saraste", "catalogNumber": "http://tun.fi/JX.1620498"}}, {"type": "Feature", "geometry": {"type": "Point", "coordinates": [27.495702, 62.834495]}, "properties": {"gbifID": "3441156395", "eventDate": "2011-08-23T00:00Z/2011-08-27T00:00Z", "year": 2011, "countryCode": "FI", "locality": "Rasinmäki", "stateProvince": "Pohjois-Savo", "basisOfRecord": "HUMAN_OBSERVATION", "coordinateUncertaintyInMeters": 1000.0, "recordedBy": "Joona Saraste", "catalogNumber": "http://tun.fi/JX.997183"}}, {"type": "Feature", "geometry": {"type": "Point", "coordinates": [23.427638, 64.035311]}, "properties": {"gbifID": "3441139074", "eventDate": "2011-08-26T00:00Z", "year": 2011, "countryCode": "FI", "locality": "Vattaja", "stateProvince": "Keski-Pohjanmaa", "basisOfRecord": "MACHINE_OBSERVATION", "coordinateUncertaintyInMeters": 1.0, "recordedBy": "Alpo Huhmarniemi", "catalogNumber": "http://tun.fi/JX.139728"}}, {"type": "Feature", "geometry": {"type": "Point", "coordinates": [25.064532, 60.477393]}, "properties": {"gbifID": "3441214478", "eventDate": "2012-08-10T00:00Z", "year": 2012, "countryCode": "FI", "locality": "", "stateProvince": "Uusimaa", "basisOfRecord": "HUMAN_OBSERVATION", "coordinateUncertaintyInMeters": 1000.0, "recordedBy": "Visa Lipponen", "catalogNumber": "http://tun.fi/JX.1199797"}}, {"type": "Feature", "geometry": {"type": "Point", "coordinates": [27.67161, 62.854501]}, "properties": {"gbifID": "3441188083", "eventDate": "2012-08-25T00:00Z", "year": 2012, "countryCode": "FI", "locality": "Jynkänniemi", "stateProvince": "Pohjois-Savo", "basisOfRecord": "MACHINE_OBSERVATION", "coordinateUncertaintyInMeters": 1000.0, "recordedBy": "Joona Saraste", "catalogNumber": "http://tun.fi/JX.996582"}}, {"type": "Feature", "geometry": {"type": "Point", "coordinates": [27.356763, 64.403109]}, "properties": {"gbifID": "3441156123", "eventDate": "2014-08-29T00:00Z", "year": 2014, "countryCode": "FI", "locality": "Paltamo, Teerivaara, Hiiripuro", "stateProvince": "Kainuu", "basisOfRecord": "MACHINE_OBSERVATION", "coordinateUncertaintyInMeters": 100.0, "recordedBy": "Teppo Helo", "catalogNumber": "http://tun.fi/JX.25798"}}, {"type": "Feature", "geometry": {"type": "Point", "coordinates": [24.712998, 60.231126]}, "properties": {"gbifID": "3441127156", "eventDate": "2014-08-30T00:00Z", "year": 2014, "countryCode": "FI", "locality": "Lippajärvi, Träskända", "stateProvince": "Uusimaa", "basisOfRecord": "MACHINE_OBSERVATION", "coordinateUncertaintyInMeters": 1.0, "recordedBy": "Mikko Veräjänkorva", "catalogNumber": "http://tun.fi/JX.1101118"}}, {"type": "Feature", "geometry": {"type": "Point", "coordinates": [25.385803, 65.326741]}, "properties": {"gbifID": "3441129666", "eventDate": "2014-08-30T00:00Z", "year": 2014, "countryCode": "FI", "locality": "Illinsaari", "stateProvince": "Pohjois-Pohjanmaa", "basisOfRecord": "MACHINE_OBSERVATION", "coordinateUncertaintyInMeters": 100.0, "recordedBy": "Tapio Kekki", "catalogNumber": "http://tun.fi/JX.996478"}}, {"type": "Feature", "geometry": {"type": "Point", "coordinates": [27.668452, 62.852876]}, "properties": {"gbifID": "3441166633", "eventDate": "2014-09-01T00:00Z", "year": 2014, "countryCode": "FI", "locality": "Jynkänniemi", "stateProvince": "Pohjois-Savo", "basisOfRecord": "MACHINE_OBSERVATION", "coordinateUncertaintyInMeters": 100.0, "recordedBy": "Joona Saraste", "catalogNumber": "http://tun.fi/JX.993088"}}, {"type": "Feature", "geometry": {"type": "Point", "coordinates": [25.209523, 60.285743]}, "properties": {"gbifID": "3441205010", "eventDate": "2014-09-04T00:00Z", "year": 2014, "countryCode": "FI", "locality": "Helsinki, Långkärr", "stateProvince": "Uusimaa", "basisOfRecord": "MACHINE_OBSERVATION", "coordinateUncertaintyInMeters": 1.0, "recordedBy": "Allar Antson", "catalogNumber": "http://tun.fi/JX.13761"}}, {"type": "Feature", "geometry": {"type": "Point", "coordinates": [25.076149, 62.42076]}, "properties": {"gbifID": "3441216084", "eventDate": "2014-09-04T00:00Z", "year": 2014, "countryCode": "FI", "locality": "Karhunahdas", "stateProvince": "Keski-Suomi", "basisOfRecord": "MACHINE_OBSERVATION", "coordinateUncertaintyInMeters": 100.0, "recordedBy": "Tapio Kekki", "catalogNumber": "http://tun.fi/JX.997033"}}, {"type": "Feature", "geometry": {"type": "Point", "coordinates": [27.427451, 61.569302]}, "properties": {"gbifID": "3441143230", "eventDate": "2014-09-05T00:00Z", "year": 2014, "countryCode": "FI", "locality": "Kalmo, Elämänlähde, Ristiina", "stateProvince": "Etelä-Savo", "basisOfRecord": "MACHINE_OBSERVATION", "coordinateUncertaintyInMeters": 1.0, "recordedBy": "Mikko Veräjänkorva", "catalogNumber": "http://tun.fi/JX.9151"}}, {"type": "Feature", "geometry": {"type": "Point", "coordinates": [27.315167, 61.672077]}, "properties": {"gbifID": "3441216191", "eventDate": "2014-09-06T00:00Z", "year": 2014, "countryCode": "FI", "locality": "Salosaari, Mikkeli", "stateProvince": "Etelä-Savo", "basisOfRecord": "MACHINE_OBSERVATION", "coordinateUncertaintyInMeters": 1000.0, "recordedBy": "Mikko Veräjänkorva", "catalogNumber": "http://tun.fi/JX.9088"}}, {"type": "Feature", "geometry": {"type": "Point", "coordinates": [23.55774, 61.334622]}, "properties": {"gbifID": "3441184575", "eventDate": "2015-07-29T00:00Z", "year": 2015, "countryCode": "FI", "locality": "Hukia, Hinsala, Vesilahti", "stateProvince": "Pirkanmaa", "basisOfRecord": "MACHINE_OBSERVATION", "coordinateUncertaintyInMeters": 1.0, "recordedBy": "Mikko Veräjänkorva", "catalogNumber": "http://tun.fi/JX.8919"}}, {"type": "Feature", "geometry": {"type": "Point", "coordinates": [27.676504, 62.816687]}, "properties": {"gbifID": "3441133195", "eventDate": "2016-07-25T00:00Z", "year": 2016, "countryCode": "FI", "locality": "Pirttiniemi", "stateProvince": "Pohjois-Savo", "basisOfRecord": "HUMAN_OBSERVATION", "coordinateUncertaintyInMeters": 1000.0, "recordedBy": "Joona Saraste", "catalogNumber": "http://tun.fi/JX.987452"}}, {"type": "Feature", "geometry": {"type": "Point", "coordinates": [27.661273, 62.925388]}, "properties": {"gbifID": "3441162616", "eventDate": "2016-08-21T00:00Z", "year": 2016, "countryCode": "FI", "locality": "Puijo", "stateProvince": "Pohjois-Savo", "basisOfRecord": "HUMAN_OBSERVATION", "coordinateUncertaintyInMeters": 100.0, "recordedBy": "Joona Saraste", "catalogNumber": "http://tun.fi/JX.989386"}}, {"type": "Feature", "geometry": {"type": "Point", "coordinates": [25.562473, 60.975954]}, "properties": {"gbifID": "3441176796", "eventDate": "2016-08-24T00:00Z", "year": 2016, "countryCode": "FI", "locality": "Okeroinen, Ylä-Okeroinen, Sikoniittu, Murronojan varren maasto", "stateProvince": "Päijät-Häme", "basisOfRecord": "MACHINE_OBSERVATION", "coordinateUncertaintyInMeters": 1000.0, "recordedBy": "Jarkko Korhonen", "catalogNumber": "http://tun.fi/JX.31696"}}, {"type": "Feature", "geometry": {"type": "Point", "coordinates": [30.108024, 62.587503]}, "properties": {"gbifID": "3441154458", "eventDate": "2016-09-13T00:00Z", "year": 2016, "countryCode": "FI", "locality": "Kiihtelysvaara", "stateProvince": "Pohjois-Karjala", "basisOfRecord": "HUMAN_OBSERVATION", "coordinateUncertaintyInMeters": 100.0, "recordedBy": "Janne Koskinen", "catalogNumber": "http://tun.fi/JX.1157144"}}, {"type": "Feature", "geometry": {"type": "Point", "coordinates": [30.028107, 62.60803]}, "properties": {"gbifID": "3441212872", "eventDate": "2016-09-13T00:00Z", "year": 2016, "countryCode": "FI", "locality": "Tukhulminlammit", "stateProvince": "Pohjois-Karjala", "basisOfRecord": "HUMAN_OBSERVATION", "coordinateUncertaintyInMeters": 100.0, "recordedBy": "Janne Koskinen", "catalogNumber": "http://tun.fi/JX.1157115"}}, {"type": "Feature", "geometry": {"type": "Point", "coordinates": [30.607095, 63.145867]}, "properties": {"gbifID": "3441130690", "eventDate": "2016-09-14T00:00Z", "year": 2016, "countryCode": "FI", "locality": "150 Patvinsuo Rauvunvaara", "stateProvince": "Pohjois-Karjala", "basisOfRecord": "HUMAN_OBSERVATION", "coordinateUncertaintyInMeters": 100.0, "recordedBy": "Janne Koskinen", "catalogNumber": "http://tun.fi/JX.1165294"}}, {"type": "Feature", "geometry": {"type": "Point", "coordinates": [26.355801, 62.317487]}, "properties": {"gbifID": "3441145073", "eventDate": "2017-08-03T00:00Z", "year": 2017, "countryCode": "FI", "locality": "Niemisjärvi", "stateProvince": "Keski-Suomi", "basisOfRecord": "MACHINE_OBSERVATION", "coordinateUncertaintyInMeters": 100.0, "recordedBy": "Laura Tarvainen", "catalogNumber": "http://tun.fi/JX.36955"}}, {"type": "Feature", "geometry": {"type": "Point", "coordinates": [26.357971, 62.314248]}, "properties": {"gbifID": "3441143344", "eventDate": "2017-08-04T00:00Z", "year": 2017, "countryCode": "FI", "locality": "Niemisjärvi", "stateProvince": "Keski-Suomi", "basisOfRecord": "MACHINE_OBSERVATION", "coordinateUncertaintyInMeters": 1000.0, "recordedBy": "Laura Tarvainen", "catalogNumber": "http://tun.fi/JX.36958"}}, {"type": "Feature", "geometry": {"type": "Point", "coordinates": [23.090774, 60.870197]}, "properties": {"gbifID": "3441200302", "eventDate": "2017-08-08T00:00Z", "year": 2017, "countryCode": "FI", "locality": "Loimaa, Tampereentien metsä", "stateProvince": "Varsinais-Suomi", "basisOfRecord": "MACHINE_OBSERVATION", "coordinateUncertaintyInMeters": 1000.0, "recordedBy": "Tuuli Laine", "catalogNumber": "http://tun.fi/JX.13241"}}, {"type": "Feature", "geometry": {"type": "Point", "coordinates": [25.590921, 61.012426]}, "properties": {"gbifID": "3441186077", "eventDate": "2017-08-11T00:00Z", "year": 2017, "countryCode": "FI", "locality": "Rautakankare", "stateProvince": "Päijät-Häme", "basisOfRecord": "MACHINE_OBSERVATION", "coordinateUncertaintyInMeters": 1.0, "recordedBy": "Jarkko Korhonen", "catalogNumber": "http://tun.fi/JX.30951"}}, {"type": "Feature", "geometry": {"type": "Point", "coordinates": [25.209924, 60.348526]}, "properties": {"gbifID": "3441205681", "eventDate": "2017-08-11T00:00Z", "year": 2017, "countryCode": "FI", "locality": "Sipoo, Byabäcken", "stateProvince": "Uusimaa", "basisOfRecord": "MACHINE_OBSERVATION", "coordinateUncertaintyInMeters": 1.0, "recordedBy": "Allar Antson", "catalogNumber": "http://tun.fi/JX.13762"}}, {"type": "Feature", "geometry": {"type": "Point", "coordinates": [24.610688, 60.257131]}, "properties": {"gbifID": "3441130169", "eventDate": "2017-08-12T00:00Z", "year": 2017, "countryCode": "FI", "locality": "Sorlammen alue", "stateProvince": "Uusimaa", "basisOfRecord": "MACHINE_OBSERVATION", "coordinateUncertaintyInMeters": 1000.0, "recordedBy": "Mari Kajasvirta", "catalogNumber": "http://tun.fi/JX.1176349"}}, {"type": "Feature", "geometry": {"type": "Point", "coordinates": [26.348828, 62.321305]}, "properties": {"gbifID": "3441148061", "eventDate": "2017-08-12T00:00Z", "year": 2017, "countryCode": "FI", "locality": "Niemisjärvi, Lsv", "stateProvince": "Keski-Suomi", "basisOfRecord": "MACHINE_OBSERVATION", "coordinateUncertaintyInMeters": 1000.0, "recordedBy": "Laura Tarvainen", "catalogNumber": "http://tun.fi/JX.46791"}}, {"type": "Feature", "geometry": {"type": "Point", "coordinates": [24.740604, 60.246528]}, "properties": {"gbifID": "3441135265", "eventDate": "2017-08-15T00:00Z", "year": 2017, "countryCode": "FI", "locality": "Lähderanta", "stateProvince": "Uusimaa", "basisOfRecord": "MACHINE_OBSERVATION", "coordinateUncertaintyInMeters": 100.0, "recordedBy": "Mikko Veräjänkorva", "catalogNumber": "http://tun.fi/JX.1101115"}}, {"type": "Feature", "geometry": {"type": "Point", "coordinates": [24.67468, 60.291991]}, "properties": {"gbifID": "3441140361", "eventDate": "2017-08-18T00:00Z", "year": 2017, "countryCode": "FI", "locality": "Espoo, Nettaa", "stateProvince": "Uusimaa", "basisOfRecord": "MACHINE_OBSERVATION", "coordinateUncertaintyInMeters": 1.0, "recordedBy": "Antti Johannes Soininen", "catalogNumber": "http://tun.fi/JX.71608"}}, {"type": "Feature", "geometry": {"type": "Point", "coordinates": [26.009355, 60.378935]}, "properties": {"gbifID": "3441141228", "eventDate": "2017-08-18T00:00Z", "year": 2017, "countryCode": "FI", "locality": "Isnäs", "stateProvince": "Uusimaa", "basisOfRecord": "MACHINE_OBSERVATION", "coordinateUncertaintyInMeters": 1000.0, "recordedBy": "Saana Jukarainen", "catalogNumber": "http://tun.fi/JX.67099"}}, {"type": "Feature", "geometry": {"type": "Point", "coordinates": [28.88487, 62.687888]}, "properties": {"gbifID": "3441153472", "eventDate": "2017-08-18T00:00Z", "year": 2017, "countryCode": "FI", "locality": "Outokumpu", "stateProvince": "Pohjois-Karjala", "basisOfRecord": "MACHINE_OBSERVATION", "coordinateUncertaintyInMeters": 1000.0, "recordedBy": "Joona Saraste", "catalogNumber": "http://tun.fi/JX.325290"}}, {"type": "Feature", "geometry": {"type": "Point", "coordinates": [28.820233, 62.43685]}, "properties": {"gbifID": "3441152023", "eventDate": "2017-08-21T00:00Z", "year": 2017, "countryCode": "FI", "locality": "Kerma, Hyövynniemi", "stateProvince": "Pohjois-Karjala", "basisOfRecord": "MACHINE_OBSERVATION", "coordinateUncertaintyInMeters": 1.0, "recordedBy": "Seppo Huhmarniemi", "catalogNumber": "http://tun.fi/JX.13741"}}, {"type": "Feature", "geometry": {"type": "Point", "coordinates": [24.504769, 60.329904]}, "properties": {"gbifID": "3441134957", "eventDate": "2017-08-24T00:00Z", "year": 2017, "countryCode": "FI", "locality": "Vihti, Kattila", "stateProvince": "Uusimaa", "basisOfRecord": "MACHINE_OBSERVATION", "coordinateUncertaintyInMeters": 1.0, "recordedBy": "Allar Antson", "catalogNumber": "http://tun.fi/JX.13937"}}, {"type": "Feature", "geometry": {"type": "Point", "coordinates": [22.091234, 60.457541]}, "properties": {"gbifID": "3441131712", "eventDate": "2017-08-29T00:00Z", "year": 2017, "countryCode": "FI", "locality": "Vanto", "stateProvince": "Varsinais-Suomi", "basisOfRecord": "MACHINE_OBSERVATION", "coordinateUncertaintyInMeters": 100.0, "recordedBy": "Marika Viljanen", "catalogNumber": "http://tun.fi/JX.1155315"}}, {"type": "Feature", "geometry": {"type": "Point", "coordinates": [22.087038, 60.459323]}, "properties": {"gbifID": "3441189014", "eventDate": "2017-08-29T00:00Z", "year": 2017, "countryCode": "FI", "locality": "Vanto", "stateProvince": "Varsinais-Suomi", "basisOfRecord": "MACHINE_OBSERVATION", "coordinateUncertaintyInMeters": 100.0, "recordedBy": "Marika Viljanen", "catalogNumber": "http://tun.fi/JX.1155316"}}, {"type": "Feature", "geometry": {"type": "Point", "coordinates": [28.050508, 64.344128]}, "properties": {"gbifID": "3441202520", "eventDate": "2017-08-29T00:00Z", "year": 2017, "countryCode": "FI", "locality": "Autio, Tolola", "stateProvince": "Kainuu", "basisOfRecord": "HUMAN_OBSERVATION", "coordinateUncertaintyInMeters": 1.0, "recordedBy": "Tea von Bonsdorff", "catalogNumber": "http://tun.fi/JX.14212"}}, {"type": "Feature", "geometry": {"type": "Point", "coordinates": [25.19778, 60.280309]}, "properties": {"gbifID": "3441134009", "eventDate": "2017-09-02T00:00Z", "year": 2017, "countryCode": "FI", "locality": "Helsinki, Degermossa", "stateProvince": "Uusimaa", "basisOfRecord": "MACHINE_OBSERVATION", "coordinateUncertaintyInMeters": 1.0, "recordedBy": "Allar Antson", "catalogNumber": "http://tun.fi/JX.14384"}}, {"type": "Feature", "geometry": {"type": "Point", "coordinates": [22.10499, 60.473811]}, "properties": {"gbifID": "3441148308", "eventDate": "2017-09-04T00:00Z", "year": 2017, "countryCode": "FI", "locality": "Kaanaa", "stateProvince": "Varsinais-Suomi", "basisOfRecord": "MACHINE_OBSERVATION", "coordinateUncertaintyInMeters": 100.0, "recordedBy": "Marika Viljanen", "catalogNumber": "http://tun.fi/JX.1155435"}}, {"type": "Feature", "geometry": {"type": "Point", "coordinates": [24.740057, 60.563483]}, "properties": {"gbifID": "3441143189", "eventDate": "2017-09-10T00:00Z", "year": 2017, "countryCode": "FI", "locality": "Nurmijärvi, Herunen", "stateProvince": "Uusimaa", "basisOfRecord": "HUMAN_OBSERVATION", "coordinateUncertaintyInMeters": 1000.0, "recordedBy": "Reino Styrman", "catalogNumber": "http://tun.fi/JX.15125"}}, {"type": "Feature", "geometry": {"type": "Point", "coordinates": [29.31203, 61.786028]}, "properties": {"gbifID": "3441214553", "eventDate": "2017-09-14T00:00Z", "year": 2017, "countryCode": "FI", "locality": "Punkaharju, Kruunupuisto", "stateProvince": "Etelä-Savo", "basisOfRecord": "HUMAN_OBSERVATION", "coordinateUncertaintyInMeters": 1.0, "recordedBy": "Matleena Pulkkinen", "catalogNumber": "http://tun.fi/JX.15523"}}, {"type": "Feature", "geometry": {"type": "Point", "coordinates": [25.784312, 66.498498]}, "properties": {"gbifID": "3441162228", "eventDate": "2017-09-16T00:00Z", "year": 2017, "countryCode": "FI", "locality": "Ounasvaara", "stateProvince": "Lappi", "basisOfRecord": "MACHINE_OBSERVATION", "coordinateUncertaintyInMeters": 1.0, "recordedBy": "Seija Korpinen", "catalogNumber": "http://tun.fi/JX.25261"}}, {"type": "Feature", "geometry": {"type": "Point", "coordinates": [22.818256, 60.094612]}, "properties": {"gbifID": "3441205305", "eventDate": "2017-09-16T00:00Z", "year": 2017, "countryCode": "FI", "locality": "Vestlax, Söderstrand, Strandbergen", "stateProvince": "Varsinais-Suomi", "basisOfRecord": "MACHINE_OBSERVATION", "coordinateUncertaintyInMeters": 1.0, "recordedBy": "Tarja Siuvatti;Anders Fagerholm", "catalogNumber": "http://tun.fi/JX.569627"}}, {"type": "Feature", "geometry": {"type": "Point", "coordinates": [30.060714, 62.547246]}, "properties": {"gbifID": "3441141593", "eventDate": "2017-09-23T00:00Z", "year": 2017, "countryCode": "FI", "locality": "Orava polku Riuttalampi- Vehkasuo", "stateProvince": "Pohjois-Karjala", "basisOfRecord": "MACHINE_OBSERVATION", "coordinateUncertaintyInMeters": 1.0, "recordedBy": "Kaisa Koskinen", "catalogNumber": "http://tun.fi/JX.16100"}}, {"type": "Feature", "geometry": {"type": "Point", "coordinates": [25.436751, 65.022884]}, "properties": {"gbifID": "3441145436", "eventDate": "2017-09-23T00:00Z", "year": 2017, "countryCode": "FI", "locality": "Hietasaari", "stateProvince": "Pohjois-Pohjanmaa", "basisOfRecord": "MACHINE_OBSERVATION", "coordinateUncertaintyInMeters": 100.0, "recordedBy": "Pekka Rahko", "catalogNumber": "http://tun.fi/JX.17021"}}, {"type": "Feature", "geometry": {"type": "Point", "coordinates": [24.353747, 61.713261]}, "properties": {"gbifID": "3441173631", "eventDate": "2017-09-26T00:00Z", "year": 2017, "countryCode": "FI", "locality": "Orivesi, Onnistaipale, Arovainio", "stateProvince": "Pirkanmaa", "basisOfRecord": "MACHINE_OBSERVATION", "coordinateUncertaintyInMeters": 1.0, "recordedBy": "Eila Smolander", "catalogNumber": "http://tun.fi/JX.16524"}}, {"type": "Feature", "geometry": {"type": "Point", "coordinates": [24.354955, 61.692985]}, "properties": {"gbifID": "3441179615", "eventDate": "2017-09-26T00:00Z", "year": 2017, "countryCode": "FI", "locality": "Orivesi, Oripohja", "stateProvince": "Pirkanmaa", "basisOfRecord": "MACHINE_OBSERVATION", "coordinateUncertaintyInMeters": 1.0, "recordedBy": "Eila Smolander", "catalogNumber": "http://tun.fi/JX.16420"}}, {"type": "Feature", "geometry": {"type": "Point", "coordinates": [25.144205, 60.188001]}, "properties": {"gbifID": "3441170211", "eventDate": "2017-10-01T00:00Z", "year": 2017, "countryCode": "FI", "locality": "Helsinki, Kallahdenniemi", "stateProvince": "Uusimaa", "basisOfRecord": "MACHINE_OBSERVATION", "coordinateUncertaintyInMeters": 1.0, "recordedBy": "Allar Antson", "catalogNumber": "http://tun.fi/JX.16961"}}, {"type": "Feature", "geometry": {"type": "Point", "coordinates": [25.67405, 66.58549]}, "properties": {"gbifID": "3441213755", "eventDate": "2018-08-13T00:00Z", "year": 2018, "countryCode": "FI", "locality": "Nivankylä, Vesalanperä", "stateProvince": "Lappi", "basisOfRecord": "MACHINE_OBSERVATION", "coordinateUncertaintyInMeters": 1.0, "recordedBy": "Seppo Huhmarniemi", "catalogNumber": "http://tun.fi/JX.59425"}}, {"type": "Feature", "geometry": {"type": "Point", "coordinates": [29.807408, 63.109221]}, "properties": {"gbifID": "3441131401", "eventDate": "2018-08-17T00:00Z", "year": 2018, "countryCode": "FI", "locality": "Koli, Ylä-Koli, satama", "stateProvince": "Pohjois-Karjala", "basisOfRecord": "MACHINE_OBSERVATION", "coordinateUncertaintyInMeters": 1.0, "recordedBy": "Jarkko Korhonen", "catalogNumber": "http://tun.fi/JX.60039"}}, {"type": "Feature", "geometry": {"type": "Point", "coordinates": [29.807893, 63.108107]}, "properties": {"gbifID": "3441151793", "eventDate": "2018-08-17T00:00Z", "year": 2018, "countryCode": "FI", "locality": "Koli", "stateProvince": "Pohjois-Karjala", "basisOfRecord": "MACHINE_OBSERVATION", "coordinateUncertaintyInMeters": 1.0, "recordedBy": "Petri Roponen", "catalogNumber": "http://tun.fi/JX.60283"}}, {"type": "Feature", "geometry": {"type": "Point", "coordinates": [30.001547, 62.817215]}, "properties": {"gbifID": "3441195381", "eventDate": "2018-08-17T00:00Z", "year": 2018, "countryCode": "FI", "locality": "Turulanautio NE", "stateProvince": "Pohjois-Karjala", "basisOfRecord": "HUMAN_OBSERVATION", "coordinateUncertaintyInMeters": 1.0, "recordedBy": "Paula Thitz", "catalogNumber": "http://tun.fi/JX.62221"}}, {"type": "Feature", "geometry": {"type": "Point", "coordinates": [23.857357, 61.450003]}, "properties": {"gbifID": "3441150349", "eventDate": "2018-08-19T00:00Z", "year": 2018, "countryCode": "FI", "locality": "", "stateProvince": "Pirkanmaa", "basisOfRecord": "HUMAN_OBSERVATION", "coordinateUncertaintyInMeters": 1.0, "recordedBy": "Salla Ponkala", "catalogNumber": "http://tun.fi/JX.61169"}}, {"type": "Feature", "geometry": {"type": "Point", "coordinates": [29.754157, 62.602745]}, "properties": {"gbifID": "3441149511", "eventDate": "2018-08-21T00:00Z", "year": 2018, "countryCode": "FI", "locality": "Siltakatu", "stateProvince": "Pohjois-Karjala", "basisOfRecord": "MACHINE_OBSERVATION", "coordinateUncertaintyInMeters": 1.0, "recordedBy": "Olli Salmela", "catalogNumber": "http://tun.fi/JX.65964"}}, {"type": "Feature", "geometry": {"type": "Point", "coordinates": [24.751814, 60.555589]}, "properties": {"gbifID": "3441151005", "eventDate": "2018-08-21T00:00Z", "year": 2018, "countryCode": "FI", "locality": "Herunen", "stateProvince": "Uusimaa", "basisOfRecord": "HUMAN_OBSERVATION", "coordinateUncertaintyInMeters": 1.0, "recordedBy": "Reino Styrman", "catalogNumber": "http://tun.fi/JX.60676"}}, {"type": "Feature", "geometry": {"type": "Point", "coordinates": [25.590006, 65.061623]}, "properties": {"gbifID": "3441188596", "eventDate": "2018-08-22T00:00Z", "year": 2018, "countryCode": "FI", "locality": "Heikinharju.", "stateProvince": "Pohjois-Pohjanmaa", "basisOfRecord": "HUMAN_OBSERVATION", "coordinateUncertaintyInMeters": 10.0, "recordedBy": "Annu Ruotsalainen", "catalogNumber": "http://tun.fi/JX.61198"}}, {"type": "Feature", "geometry": {"type": "Point", "coordinates": [25.782189, 64.896642]}, "properties": {"gbifID": "3441137636", "eventDate": "2018-08-23T00:00Z", "year": 2018, "countryCode": "FI", "locality": "Hangaskangas", "stateProvince": "Pohjois-Pohjanmaa", "basisOfRecord": "HUMAN_OBSERVATION", "coordinateUncertaintyInMeters": 1.0, "recordedBy": "Esa Borén", "catalogNumber": "http://tun.fi/JX.61322"}}, {"type": "Feature", "geometry": {"type": "Point", "coordinates": [24.905083, 60.767679]}, "properties": {"gbifID": "3441187855", "eventDate": "2018-08-23T00:00Z", "year": 2018, "countryCode": "FI", "locality": "Karhi , Hikiä", "stateProvince": "Kanta-Häme", "basisOfRecord": "MACHINE_OBSERVATION", "coordinateUncertaintyInMeters": 1.0, "recordedBy": "Timo Heiskala", "catalogNumber": "http://tun.fi/JX.61209"}}, {"type": "Feature", "geometry": {"type": "Point", "coordinates": [23.990209, 62.036885]}, "properties": {"gbifID": "3441205121", "eventDate": "2018-08-23T00:00Z", "year": 2018, "countryCode": "FI", "locality": "Mustajärvi, Roskalanvuori", "stateProvince": "Pirkanmaa", "basisOfRecord": "MACHINE_OBSERVATION", "coordinateUncertaintyInMeters": 1000.0, "recordedBy": "Tyyra Juka", "catalogNumber": "http://tun.fi/JX.61288"}}, {"type": "Feature", "geometry": {"type": "Point", "coordinates": [25.002667, 64.241871]}, "properties": {"gbifID": "3441212481", "eventDate": "2018-08-23T00:00Z", "year": 2018, "countryCode": "FI", "locality": "Oulainen", "stateProvince": "Pohjois-Pohjanmaa", "basisOfRecord": "HUMAN_OBSERVATION", "coordinateUncertaintyInMeters": 1.0, "recordedBy": "", "catalogNumber": "http://tun.fi/JX.61138"}}, {"type": "Feature", "geometry": {"type": "Point", "coordinates": [24.446998, 60.967466]}, "properties": {"gbifID": "3441208958", "eventDate": "2018-08-24T00:00Z", "year": 2018, "countryCode": "FI", "locality": "Hattelmalanjärvi", "stateProvince": "Kanta-Häme", "basisOfRecord": "HUMAN_OBSERVATION", "coordinateUncertaintyInMeters": 100.0, "recordedBy": "Ari Alakoski", "catalogNumber": "http://tun.fi/JX.61339"}}, {"type": "Feature", "geometry": {"type": "Point", "coordinates": [22.929326, 60.107048]}, "properties": {"gbifID": "3441139679", "eventDate": "2018-08-25T00:00Z", "year": 2018, "countryCode": "FI", "locality": "Särkisalo, Förby", "stateProvince": "Varsinais-Suomi", "basisOfRecord": "MACHINE_OBSERVATION", "coordinateUncertaintyInMeters": 1.0, "recordedBy": "Anders Fagerholm;Tarja Siuvatti", "catalogNumber": "http://tun.fi/JX.61719"}}, {"type": "Feature", "geometry": {"type": "Point", "coordinates": [24.784204, 60.739605]}, "properties": {"gbifID": "3441177009", "eventDate": "2018-08-25T00:00Z", "year": 2018, "countryCode": "FI", "locality": "Peltosaari", "stateProvince": "Kanta-Häme", "basisOfRecord": "MACHINE_OBSERVATION", "coordinateUncertaintyInMeters": 1000.0, "recordedBy": "Timo Heiskala", "catalogNumber": "http://tun.fi/JX.61590"}}, {"type": "Feature", "geometry": {"type": "Point", "coordinates": [25.792714, 60.837747]}, "properties": {"gbifID": "3441178016", "eventDate": "2018-08-25T00:00Z", "year": 2018, "countryCode": "FI", "locality": "Orimattila, Honkamäki", "stateProvince": "Päijät-Häme", "basisOfRecord": "HUMAN_OBSERVATION", "coordinateUncertaintyInMeters": 1000.0, "recordedBy": "Rosa Yliaho", "catalogNumber": "http://tun.fi/JX.65995"}}, {"type": "Feature", "geometry": {"type": "Point", "coordinates": [29.289092, 62.645279]}, "properties": {"gbifID": "3441173219", "eventDate": "2018-08-26T00:00Z", "year": 2018, "countryCode": "FI", "locality": "Särkijärvi W, rantalehto", "stateProvince": "Pohjois-Karjala", "basisOfRecord": "MACHINE_OBSERVATION", "coordinateUncertaintyInMeters": 100.0, "recordedBy": "Paula Thitz;Sampo Tiensuu", "catalogNumber": "http://tun.fi/JX.61869"}}, {"type": "Feature", "geometry": {"type": "Point", "coordinates": [25.14508, 60.374383]}, "properties": {"gbifID": "3441150683", "eventDate": "2018-08-27T00:00Z", "year": 2018, "countryCode": "FI", "locality": "Keinukallio koukkusuo", "stateProvince": "Uusimaa", "basisOfRecord": "MACHINE_OBSERVATION", "coordinateUncertaintyInMeters": 1.0, "recordedBy": "Martti Moisander", "catalogNumber": "http://tun.fi/JX.87771"}}, {"type": "Feature", "geometry": {"type": "Point", "coordinates": [28.313494, 67.115611]}, "properties": {"gbifID": "3441171275", "eventDate": "2018-08-27T00:00Z", "year": 2018, "countryCode": "FI", "locality": "Kirvesranta", "stateProvince": "Lappi", "basisOfRecord": "MACHINE_OBSERVATION", "coordinateUncertaintyInMeters": 1.0, "recordedBy": "Terhi Joki", "catalogNumber": "http://tun.fi/JX.147718"}}, {"type": "Feature", "geometry": {"type": "Point", "coordinates": [24.843182, 60.750351]}, "properties": {"gbifID": "3441195193", "eventDate": "2018-08-27T00:00Z", "year": 2018, "countryCode": "FI", "locality": "Peltomäki", "stateProvince": "Kanta-Häme", "basisOfRecord": "MACHINE_OBSERVATION", "coordinateUncertaintyInMeters": 1000.0, "recordedBy": "Timo Heiskala", "catalogNumber": "http://tun.fi/JX.62128"}}, {"type": "Feature", "geometry": {"type": "Point", "coordinates": [24.863882, 60.263025]}, "properties": {"gbifID": "3441144444", "eventDate": "2018-08-28T00:00Z", "year": 2018, "countryCode": "FI", "locality": "Vantaa, Vaskivuori", "stateProvince": "Uusimaa", "basisOfRecord": "MACHINE_OBSERVATION", "coordinateUncertaintyInMeters": 1.0, "recordedBy": "Allar Antson", "catalogNumber": "http://tun.fi/JX.62203"}}, {"type": "Feature", "geometry": {"type": "Point", "coordinates": [26.9688, 62.1783]}, "properties": {"gbifID": "3441154102", "eventDate": "2018-08-28T00:00Z", "year": 2018, "countryCode": "FI", "locality": "Haukivuorentie", "stateProvince": "Etelä-Savo", "basisOfRecord": "MACHINE_OBSERVATION", "coordinateUncertaintyInMeters": 1.0, "recordedBy": "Laura Tarvainen", "catalogNumber": "http://tun.fi/JX.242243"}}, {"type": "Feature", "geometry": {"type": "Point", "coordinates": [23.924056, 62.130095]}, "properties": {"gbifID": "3441201136", "eventDate": "2018-08-28T00:00Z/2018-09-02T00:00Z", "year": 2018, "countryCode": "FI", "locality": "Visuvesi", "stateProvince": "Pirkanmaa", "basisOfRecord": "MACHINE_OBSERVATION", "coordinateUncertaintyInMeters": 1.0, "recordedBy": "Anna-Liisa Korte", "catalogNumber": "http://tun.fi/JX.61183"}}, {"type": "Feature", "geometry": {"type": "Point", "coordinates": [25.230621, 65.171817]}, "properties": {"gbifID": "3441132138", "eventDate": "2018-08-28T15:30Z/2018-08-28T17:00Z", "year": 2018, "countryCode": "FI", "locality": "Isoniemi, Haukipudas", "stateProvince": "Pohjois-Pohjanmaa", "basisOfRecord": "MACHINE_OBSERVATION", "coordinateUncertaintyInMeters": 100.0, "recordedBy": "Taina Romppanen", "catalogNumber": "http://tun.fi/JX.739700"}}, {"type": "Feature", "geometry": {"type": "Point", "coordinates": [25.381755, 64.908191]}, "properties": {"gbifID": "3441142020", "eventDate": "2018-08-29T00:00Z", "year": 2018, "countryCode": "FI", "locality": "Papinkari", "stateProvince": "Pohjois-Pohjanmaa", "basisOfRecord": "HUMAN_OBSERVATION", "coordinateUncertaintyInMeters": 1.0, "recordedBy": "Teppo Mutanen", "catalogNumber": "http://tun.fi/JX.62397"}}, {"type": "Feature", "geometry": {"type": "Point", "coordinates": [23.297813, 61.668543]}, "properties": {"gbifID": "3441156121", "eventDate": "2018-08-29T00:00Z", "year": 2018, "countryCode": "FI", "locality": "Lintuharju", "stateProvince": "Pirkanmaa", "basisOfRecord": "MACHINE_OBSERVATION", "coordinateUncertaintyInMeters": 1.0, "recordedBy": "Anne-Mari Enne;Piia Lamminsivu", "catalogNumber": "http://tun.fi/JX.62807"}}, {"type": "Feature", "geometry": {"type": "Point", "coordinates": [24.824307, 60.176257]}, "properties": {"gbifID": "3441178110", "eventDate": "2018-08-29T00:00Z", "year": 2018, "countryCode": "FI", "locality": "Tapiola, Itäranta", "stateProvince": "Uusimaa", "basisOfRecord": "MACHINE_OBSERVATION", "coordinateUncertaintyInMeters": 1.0, "recordedBy": "Arja Hokkanen", "catalogNumber": "http://tun.fi/JX.62278"}}, {"type": "Feature", "geometry": {"type": "Point", "coordinates": [26.842783, 68.892245]}, "properties": {"gbifID": "3441199082", "eventDate": "2018-08-31T00:00Z", "year": 2018, "countryCode": "FI", "locality": "Otsamotunturi", "stateProvince": "Lappi", "basisOfRecord": "MACHINE_OBSERVATION", "coordinateUncertaintyInMeters": 1000.0, "recordedBy": "Aune Pisilä", "catalogNumber": "http://tun.fi/JX.62819"}}, {"type": "Feature", "geometry": {"type": "Point", "coordinates": [25.422163, 65.141841]}, "properties": {"gbifID": "3441154300", "eventDate": "2018-09-01T00:00Z", "year": 2018, "countryCode": "FI", "locality": "Takkuranta", "stateProvince": "Pohjois-Pohjanmaa", "basisOfRecord": "MACHINE_OBSERVATION", "coordinateUncertaintyInMeters": 100.0, "recordedBy": "Alpo Huhmarniemi;Arja Huhmarniemi", "catalogNumber": "http://tun.fi/JX.140424"}}, {"type": "Feature", "geometry": {"type": "Point", "coordinates": [25.107373, 60.196556]}, "properties": {"gbifID": "3441179359", "eventDate": "2018-09-01T00:00Z", "year": 2018, "countryCode": "FI", "locality": "Helsinki, Meri-Rastila", "stateProvince": "Uusimaa", "basisOfRecord": "MACHINE_OBSERVATION", "coordinateUncertaintyInMeters": 1.0, "recordedBy": "Allar Antson", "catalogNumber": "http://tun.fi/JX.63210"}}, {"type": "Feature", "geometry": {"type": "Point", "coordinates": [23.93911, 60.629968]}, "properties": {"gbifID": "3441195681", "eventDate": "2018-09-01T00:00Z", "year": 2018, "countryCode": "FI", "locality": "", "stateProvince": "Uusimaa", "basisOfRecord": "HUMAN_OBSERVATION", "coordinateUncertaintyInMeters": 1.0, "recordedBy": "Outi Laakso", "catalogNumber": "http://tun.fi/JX.63198"}}, {"type": "Feature", "geometry": {"type": "Point", "coordinates": [24.505547, 60.420305]}, "properties": {"gbifID": "3441202246", "eventDate": "2018-09-01T00:00Z", "year": 2018, "countryCode": "FI", "locality": "Tuohilampi, Selintie", "stateProvince": "Uusimaa", "basisOfRecord": "MACHINE_OBSERVATION", "coordinateUncertaintyInMeters": 100.0, "recordedBy": "Laura Tarvainen", "catalogNumber": "http://tun.fi/JX.251475"}}, {"type": "Feature", "geometry": {"type": "Point", "coordinates": [25.181279, 60.346421]}, "properties": {"gbifID": "3441189125", "eventDate": "2018-09-02T00:00Z", "year": 2018, "countryCode": "FI", "locality": "Sipoo, Gillerberget", "stateProvince": "Uusimaa", "basisOfRecord": "MACHINE_OBSERVATION", "coordinateUncertaintyInMeters": 1.0, "recordedBy": "Allar Antson", "catalogNumber": "http://tun.fi/JX.63403"}}, {"type": "Feature", "geometry": {"type": "Point", "coordinates": [25.194503, 60.346532]}, "properties": {"gbifID": "3441216392", "eventDate": "2018-09-02T00:00Z", "year": 2018, "countryCode": "FI", "locality": "Sipoo, Gillerberget", "stateProvince": "Uusimaa", "basisOfRecord": "MACHINE_OBSERVATION", "coordinateUncertaintyInMeters": 1.0, "recordedBy": "Allar Antson", "catalogNumber": "http://tun.fi/JX.63383"}}, {"type": "Feature", "geometry": {"type": "Point", "coordinates": [24.845024, 60.448519]}, "properties": {"gbifID": "3441187281", "eventDate": "2018-09-03T00:00Z", "year": 2018, "countryCode": "FI", "locality": "/-veljeksen reitti / Kaanaan ls välinen alue", "stateProvince": "Uusimaa", "basisOfRecord": "MACHINE_OBSERVATION", "coordinateUncertaintyInMeters": 1.0, "recordedBy": "Martti Moisander", "catalogNumber": "http://tun.fi/JX.1008710"}}, {"type": "Feature", "geometry": {"type": "Point", "coordinates": [27.466936, 63.671351]}, "properties": {"gbifID": "3441140035", "eventDate": "2018-09-03T13:00Z/2018-09-03T18:00Z", "year": 2018, "countryCode": "FI", "locality": "Lassinharju", "stateProvince": "Pohjois-Savo", "basisOfRecord": "HUMAN_OBSERVATION", "coordinateUncertaintyInMeters": 1000.0, "recordedBy": "Pyry Veteli", "catalogNumber": "http://tun.fi/JX.63757"}}, {"type": "Feature", "geometry": {"type": "Point", "coordinates": [21.7304, 63.0709]}, "properties": {"gbifID": "3441176182", "eventDate": "2018-09-04T00:00Z", "year": 2018, "countryCode": "FI", "locality": "Vanha Vaasa", "stateProvince": "Pohjanmaa", "basisOfRecord": "MACHINE_OBSERVATION", "coordinateUncertaintyInMeters": 1.0, "recordedBy": "Matti Kyröläinen", "catalogNumber": "http://tun.fi/JX.1047889"}}, {"type": "Feature", "geometry": {"type": "Point", "coordinates": [24.683469, 60.187636]}, "properties": {"gbifID": "3441204807", "eventDate": "2018-09-04T00:00Z", "year": 2018, "countryCode": "FI", "locality": "Espoon keskuspuisto", "stateProvince": "Uusimaa", "basisOfRecord": "MACHINE_OBSERVATION", "coordinateUncertaintyInMeters": 1.0, "recordedBy": "Mari Kajasvirta", "catalogNumber": "http://tun.fi/JX.63930"}}, {"type": "Feature", "geometry": {"type": "Point", "coordinates": [22.062919, 61.402509]}, "properties": {"gbifID": "3441135328", "eventDate": "2018-09-05T00:00Z", "year": 2018, "countryCode": "FI", "locality": "Nakkila Kivialho Juottoniemi", "stateProvince": "Satakunta", "basisOfRecord": "MACHINE_OBSERVATION", "coordinateUncertaintyInMeters": 1000.0, "recordedBy": "Tyyra Juka", "catalogNumber": "http://tun.fi/JX.66228"}}, {"type": "Feature", "geometry": {"type": "Point", "coordinates": [26.355379, 62.319208]}, "properties": {"gbifID": "3441139863", "eventDate": "2018-09-05T00:00Z", "year": 2018, "countryCode": "FI", "locality": "Niemisjärvi, yp polku", "stateProvince": "Keski-Suomi", "basisOfRecord": "MACHINE_OBSERVATION", "coordinateUncertaintyInMeters": 1000.0, "recordedBy": "Laura Tarvainen", "catalogNumber": "http://tun.fi/JX.604365"}}, {"type": "Feature", "geometry": {"type": "Point", "coordinates": [24.822344, 60.174582]}, "properties": {"gbifID": "3441149018", "eventDate": "2018-09-05T00:00Z", "year": 2018, "countryCode": "FI", "locality": "Tapiola, Otsolahti, Itäranta", "stateProvince": "Uusimaa", "basisOfRecord": "MACHINE_OBSERVATION", "coordinateUncertaintyInMeters": 1.0, "recordedBy": "Arja Hokkanen", "catalogNumber": "http://tun.fi/JX.65006"}}, {"type": "Feature", "geometry": {"type": "Point", "coordinates": [23.737605, 59.959276]}, "properties": {"gbifID": "3441189434", "eventDate": "2018-09-07T00:00Z", "year": 2018, "countryCode": "FI", "locality": "Snappertuna", "stateProvince": "Uusimaa", "basisOfRecord": "MACHINE_OBSERVATION", "coordinateUncertaintyInMeters": 1000.0, "recordedBy": "Outi Palmén", "catalogNumber": "http://tun.fi/JX.64721"}}, {"type": "Feature", "geometry": {"type": "Point", "coordinates": [21.999924, 58.461403]}, "properties": {"gbifID": "3441137941", "eventDate": "2018-09-08T00:00Z", "year": 2018, "countryCode": "EE", "locality": "Tagamõisa", "stateProvince": "Saare maakond, Saare County", "basisOfRecord": "MACHINE_OBSERVATION", "coordinateUncertaintyInMeters": 1.0, "recordedBy": "Allar Antson", "catalogNumber": "http://tun.fi/JX.65043"}}, {"type": "Feature", "geometry": {"type": "Point", "coordinates": [24.072583, 58.537544]}, "properties": {"gbifID": "3441141646", "eventDate": "2018-09-10T00:00Z", "year": 2018, "countryCode": "EE", "locality": "Nedrema", "stateProvince": "Pärnu maakond, Pärnu County", "basisOfRecord": "MACHINE_OBSERVATION", "coordinateUncertaintyInMeters": 1.0, "recordedBy": "Allar Antson", "catalogNumber": "http://tun.fi/JX.65527"}}, {"type": "Feature", "geometry": {"type": "Point", "coordinates": [26.07635, 63.80335]}, "properties": {"gbifID": "3441187653", "eventDate": "2018-09-10T00:00Z", "year": 2018, "countryCode": "FI", "locality": "Lohva, Murronneva", "stateProvince": "Pohjois-Pohjanmaa", "basisOfRecord": "MACHINE_OBSERVATION", "coordinateUncertaintyInMeters": 1.0, "recordedBy": "Seppo Huhmarniemi", "catalogNumber": "http://tun.fi/JX.69860"}}, {"type": "Feature", "geometry": {"type": "Point", "coordinates": [26.07055, 63.78375]}, "properties": {"gbifID": "3441192590", "eventDate": "2018-09-10T00:00Z", "year": 2018, "countryCode": "FI", "locality": "Lohva", "stateProvince": "Pohjois-Pohjanmaa", "basisOfRecord": "MACHINE_OBSERVATION", "coordinateUncertaintyInMeters": 1.0, "recordedBy": "Seppo Huhmarniemi", "catalogNumber": "http://tun.fi/JX.69819"}}, {"type": "Feature", "geometry": {"type": "Point", "coordinates": [25.290507, 65.135531]}, "properties": {"gbifID": "3441197123", "eventDate": "2018-09-10T00:00Z", "year": 2018, "countryCode": "FI", "locality": "Haukipudas, Virpiniemi", "stateProvince": "Pohjois-Pohjanmaa", "basisOfRecord": "HUMAN_OBSERVATION", "coordinateUncertaintyInMeters": 1.0, "recordedBy": "Teppo Mutanen", "catalogNumber": "http://tun.fi/JX.65497"}}, {"type": "Feature", "geometry": {"type": "Point", "coordinates": [24.914988, 60.670231]}, "properties": {"gbifID": "3441169228", "eventDate": "2018-09-11T00:00Z/2018-09-13T00:00Z", "year": 2018, "countryCode": "FI", "locality": "Erkylä", "stateProvince": "Kanta-Häme", "basisOfRecord": "HUMAN_OBSERVATION", "coordinateUncertaintyInMeters": 1.0, "recordedBy": "Kirsi Jokinen", "catalogNumber": "http://tun.fi/JX.66406"}}, {"type": "Feature", "geometry": {"type": "Point", "coordinates": [22.145807, 58.911591]}, "properties": {"gbifID": "3441208045", "eventDate": "2018-09-12T00:00Z", "year": 2018, "countryCode": "EE", "locality": "Kaleste", "stateProvince": "Hiiu maakond, Hiiu County", "basisOfRecord": "MACHINE_OBSERVATION", "coordinateUncertaintyInMeters": 1.0, "recordedBy": "Allar Antson", "catalogNumber": "http://tun.fi/JX.66037"}}, {"type": "Feature", "geometry": {"type": "Point", "coordinates": [24.826215, 60.16805]}, "properties": {"gbifID": "3441132601", "eventDate": "2018-09-16T00:00Z", "year": 2018, "countryCode": "FI", "locality": "Tapiola, Karhusaari", "stateProvince": "Uusimaa", "basisOfRecord": "MACHINE_OBSERVATION", "coordinateUncertaintyInMeters": 1000.0, "recordedBy": "Arja Hokkanen", "catalogNumber": "http://tun.fi/JX.157961"}}, {"type": "Feature", "geometry": {"type": "Point", "coordinates": [22.75731, 60.772366]}, "properties": {"gbifID": "3441143949", "eventDate": "2018-09-16T00:00Z", "year": 2018, "countryCode": "FI", "locality": "Pukkkila", "stateProvince": "Varsinais-Suomi", "basisOfRecord": "MACHINE_OBSERVATION", "coordinateUncertaintyInMeters": 100.0, "recordedBy": "Marika Viljanen", "catalogNumber": "http://tun.fi/JX.1156071"}}, {"type": "Feature", "geometry": {"type": "Point", "coordinates": [25.220695, 60.266951]}, "properties": {"gbifID": "3441187058", "eventDate": "2018-09-16T00:00Z", "year": 2018, "countryCode": "FI", "locality": "Sipoon koirametsä", "stateProvince": "Uusimaa", "basisOfRecord": "HUMAN_OBSERVATION", "coordinateUncertaintyInMeters": 1000.0, "recordedBy": "Janne Koskinen", "catalogNumber": "http://tun.fi/JX.67718"}}, {"type": "Feature", "geometry": {"type": "Point", "coordinates": [21.900355, 61.592361]}, "properties": {"gbifID": "3441202653", "eventDate": "2018-09-16T00:00Z", "year": 2018, "countryCode": "FI", "locality": "Noormarkku, Näsi", "stateProvince": "Satakunta", "basisOfRecord": "HUMAN_OBSERVATION", "coordinateUncertaintyInMeters": 1.0, "recordedBy": "Jaakko Mattila", "catalogNumber": "http://tun.fi/JX.69225"}}, {"type": "Feature", "geometry": {"type": "Point", "coordinates": [24.367302, 60.140585]}, "properties": {"gbifID": "3441213939", "eventDate": "2018-09-17T00:00Z", "year": 2018, "countryCode": "FI", "locality": "Meiko", "stateProvince": "Uusimaa", "basisOfRecord": "MACHINE_OBSERVATION", "coordinateUncertaintyInMeters": 1.0, "recordedBy": "Allar Antson", "catalogNumber": "http://tun.fi/JX.67253"}}, {"type": "Feature", "geometry": {"type": "Point", "coordinates": [21.8304, 63.0331]}, "properties": {"gbifID": "3441145665", "eventDate": "2018-09-19T00:00Z", "year": 2018, "countryCode": "FI", "locality": "Hägnäsbacken", "stateProvince": "Pohjanmaa", "basisOfRecord": "MACHINE_OBSERVATION", "coordinateUncertaintyInMeters": 1.0, "recordedBy": "Matti Kyröläinen", "catalogNumber": "http://tun.fi/JX.1048694"}}, {"type": "Feature", "geometry": {"type": "Point", "coordinates": [21.719, 63.0794]}, "properties": {"gbifID": "3441142514", "eventDate": "2018-09-21T00:00Z", "year": 2018, "countryCode": "FI", "locality": "Pappilanmäki", "stateProvince": "Pohjanmaa", "basisOfRecord": "MACHINE_OBSERVATION", "coordinateUncertaintyInMeters": 1.0, "recordedBy": "Matti Kyröläinen", "catalogNumber": "http://tun.fi/JX.1048979"}}, {"type": "Feature", "geometry": {"type": "Point", "coordinates": [29.558078, 62.663278]}, "properties": {"gbifID": "3441194301", "eventDate": "2018-09-22T00:00Z", "year": 2018, "countryCode": "FI", "locality": "Surmilampi", "stateProvince": "Pohjois-Karjala", "basisOfRecord": "HUMAN_OBSERVATION", "coordinateUncertaintyInMeters": 1000.0, "recordedBy": "Topi Linjama", "catalogNumber": "http://tun.fi/JX.68404"}}, {"type": "Feature", "geometry": {"type": "Point", "coordinates": [21.5686, 63.2429]}, "properties": {"gbifID": "3441212430", "eventDate": "2018-09-23T00:00Z", "year": 2018, "countryCode": "FI", "locality": "Iskmo Ön", "stateProvince": "Pohjanmaa", "basisOfRecord": "HUMAN_OBSERVATION", "coordinateUncertaintyInMeters": 1.0, "recordedBy": "Matti Kyröläinen", "catalogNumber": "http://tun.fi/JX.1049099"}}, {"type": "Feature", "geometry": {"type": "Point", "coordinates": [26.008361, 60.386811]}, "properties": {"gbifID": "3441129385", "eventDate": "2018-09-24T00:00Z", "year": 2018, "countryCode": "FI", "locality": "Isnäs", "stateProvince": "Uusimaa", "basisOfRecord": "HUMAN_OBSERVATION", "coordinateUncertaintyInMeters": 1000.0, "recordedBy": "Saana Jukarainen", "catalogNumber": "http://tun.fi/JX.69213"}}, {"type": "Feature", "geometry": {"type": "Point", "coordinates": [24.915433, 60.195072]}, "properties": {"gbifID": "3441178324", "eventDate": "2018-09-24T00:00Z", "year": 2018, "countryCode": "FI", "locality": "Laakso", "stateProvince": "Uusimaa", "basisOfRecord": "MACHINE_OBSERVATION", "coordinateUncertaintyInMeters": 1.0, "recordedBy": "Allar Antson", "catalogNumber": "http://tun.fi/JX.68887"}}, {"type": "Feature", "geometry": {"type": "Point", "coordinates": [27.282083, 61.701605]}, "properties": {"gbifID": "3441134580", "eventDate": "2018-09-25T00:00Z", "year": 2018, "countryCode": "FI", "locality": "Rokkalanmäki", "stateProvince": "Etelä-Savo", "basisOfRecord": "MACHINE_OBSERVATION", "coordinateUncertaintyInMeters": 1.0, "recordedBy": "Matleena Pulkkinen", "catalogNumber": "http://tun.fi/JX.69229"}}, {"type": "Feature", "geometry": {"type": "Point", "coordinates": [22.148552, 60.27652]}, "properties": {"gbifID": "3441216533", "eventDate": "2018-09-28T00:00Z", "year": 2018, "countryCode": "FI", "locality": "Sandvik", "stateProvince": "Varsinais-Suomi", "basisOfRecord": "MACHINE_OBSERVATION", "coordinateUncertaintyInMeters": 1000.0, "recordedBy": "Maritta Laukkanen", "catalogNumber": "http://tun.fi/JX.69652"}}, {"type": "Feature", "geometry": {"type": "Point", "coordinates": [22.084766, 60.459097]}, "properties": {"gbifID": "3441157172", "eventDate": "2018-09-30T00:00Z", "year": 2018, "countryCode": "FI", "locality": "Tupavuori, Vanto", "stateProvince": "Varsinais-Suomi", "basisOfRecord": "MACHINE_OBSERVATION", "coordinateUncertaintyInMeters": 10.0, "recordedBy": "Marika Viljanen", "catalogNumber": "http://tun.fi/JX.1050750"}}, {"type": "Feature", "geometry": {"type": "Point", "coordinates": [22.388159, 60.297601]}, "properties": {"gbifID": "3441213119", "eventDate": "2018-10-02T00:00Z", "year": 2018, "countryCode": "FI", "locality": "Lemlax, Qvidja, Emböleskogen", "stateProvince": "Varsinais-Suomi", "basisOfRecord": "MACHINE_OBSERVATION", "coordinateUncertaintyInMeters": 100.0, "recordedBy": "Jukka Vauras", "catalogNumber": "http://tun.fi/JX.75052"}}, {"type": "Feature", "geometry": {"type": "Point", "coordinates": [25.707455, 62.258148]}, "properties": {"gbifID": "3441176174", "eventDate": "2018-10-06T13:00Z/2018-10-06T15:00Z", "year": 2018, "countryCode": "FI", "locality": "Haukanniemi", "stateProvince": "Keski-Suomi", "basisOfRecord": "MACHINE_OBSERVATION", "coordinateUncertaintyInMeters": 1.0, "recordedBy": "Panu Mäkinen", "catalogNumber": "http://tun.fi/JX.72576"}}, {"type": "Feature", "geometry": {"type": "Point", "coordinates": [22.224598, 60.484091]}, "properties": {"gbifID": "3441160012", "eventDate": "2018-10-07T00:00Z", "year": 2018, "countryCode": "FI", "locality": "Mälikkälä, Kuninkoja", "stateProvince": "Varsinais-Suomi", "basisOfRecord": "HUMAN_OBSERVATION", "coordinateUncertaintyInMeters": 1000.0, "recordedBy": "Matti Aaltonen", "catalogNumber": "http://tun.fi/JX.71995"}}, {"type": "Feature", "geometry": {"type": "Point", "coordinates": [26.622069, 62.558233]}, "properties": {"gbifID": "3441194124", "eventDate": "2018-10-07T00:00Z", "year": 2018, "countryCode": "FI", "locality": "Suosalo", "stateProvince": "Pohjois-Savo", "basisOfRecord": "HUMAN_OBSERVATION", "coordinateUncertaintyInMeters": 100.0, "recordedBy": "Erna Suutari", "catalogNumber": "http://tun.fi/JX.71767"}}, {"type": "Feature", "geometry": {"type": "Point", "coordinates": [22.252828, 60.492915]}, "properties": {"gbifID": "3441146045", "eventDate": "2018-10-10T00:00Z", "year": 2018, "countryCode": "FI", "locality": "Runosmäki", "stateProvince": "Varsinais-Suomi", "basisOfRecord": "HUMAN_OBSERVATION", "coordinateUncertaintyInMeters": 1000.0, "recordedBy": "Matti Aaltonen", "catalogNumber": "http://tun.fi/JX.73016"}}, {"type": "Feature", "geometry": {"type": "Point", "coordinates": [23.204578, 59.909601]}, "properties": {"gbifID": "3441136040", "eventDate": "2018-10-13T00:00Z", "year": 2018, "countryCode": "FI", "locality": "Öby", "stateProvince": "Uusimaa", "basisOfRecord": "MACHINE_OBSERVATION", "coordinateUncertaintyInMeters": 1.0, "recordedBy": "Mari Kajasvirta", "catalogNumber": "http://tun.fi/JX.73035"}}, {"type": "Feature", "geometry": {"type": "Point", "coordinates": [25.2037, 64.972678]}, "properties": {"gbifID": "3441171407", "eventDate": "2019-07-10T00:00Z", "year": 2019, "countryCode": "FI", "locality": "Oulunsalo, Nenännokka", "stateProvince": "Pohjois-Pohjanmaa", "basisOfRecord": "MACHINE_OBSERVATION", "coordinateUncertaintyInMeters": 1.0, "recordedBy": "Esa Borén", "catalogNumber": "http://tun.fi/JX.1014398"}}, {"type": "Feature", "geometry": {"type": "Point", "coordinates": [25.22026, 60.276541]}, "properties": {"gbifID": "3441135915", "eventDate": "2019-07-13T00:00Z", "year": 2019, "countryCode": "FI", "locality": "Hältingträsk", "stateProvince": "Uusimaa", "basisOfRecord": "MACHINE_OBSERVATION", "coordinateUncertaintyInMeters": 1.0, "recordedBy": "Allar Antson", "catalogNumber": "http://tun.fi/JX.1014944"}}, {"type": "Feature", "geometry": {"type": "Point", "coordinates": [23.208726, 60.335727]}, "properties": {"gbifID": "3441168219", "eventDate": "2019-07-17T00:00Z", "year": 2019, "countryCode": "FI", "locality": "Pullola", "stateProvince": "Varsinais-Suomi", "basisOfRecord": "MACHINE_OBSERVATION", "coordinateUncertaintyInMeters": 1.0, "recordedBy": "Tarja Siuvatti", "catalogNumber": "http://tun.fi/JX.1016498"}}, {"type": "Feature", "geometry": {"type": "Point", "coordinates": [24.060259, 62.655824]}, "properties": {"gbifID": "3441150946", "eventDate": "2019-07-18T00:00Z", "year": 2019, "countryCode": "FI", "locality": "Honkiniemi", "stateProvince": "Etelä-Pohjanmaa", "basisOfRecord": "MACHINE_OBSERVATION", "coordinateUncertaintyInMeters": 1.0, "recordedBy": "Mikko Veräjänkorva", "catalogNumber": "http://tun.fi/JX.1016943"}}, {"type": "Feature", "geometry": {"type": "Point", "coordinates": [22.894528, 60.424448]}, "properties": {"gbifID": "3441173484", "eventDate": "2019-07-18T00:00Z", "year": 2019, "countryCode": "FI", "locality": "Hajala, Myllytyry", "stateProvince": "Varsinais-Suomi", "basisOfRecord": "MACHINE_OBSERVATION", "coordinateUncertaintyInMeters": 1.0, "recordedBy": "Jarkko Korhonen", "catalogNumber": "http://tun.fi/JX.1054803"}}, {"type": "Feature", "geometry": {"type": "Point", "coordinates": [22.966387, 62.958411]}, "properties": {"gbifID": "3441192115", "eventDate": "2019-07-19T00:00Z", "year": 2019, "countryCode": "FI", "locality": "", "stateProvince": "Etelä-Pohjanmaa", "basisOfRecord": "HUMAN_OBSERVATION", "coordinateUncertaintyInMeters": 1.0, "recordedBy": "Outi Laakso", "catalogNumber": "http://tun.fi/JX.1016301"}}, {"type": "Feature", "geometry": {"type": "Point", "coordinates": [26.349421, 62.318391]}, "properties": {"gbifID": "3441215333", "eventDate": "2019-07-20T00:00Z", "year": 2019, "countryCode": "FI", "locality": "", "stateProvince": "Keski-Suomi", "basisOfRecord": "MACHINE_OBSERVATION", "coordinateUncertaintyInMeters": 100.0, "recordedBy": "Laura Tarvainen", "catalogNumber": "http://tun.fi/JX.1055577"}}, {"type": "Feature", "geometry": {"type": "Point", "coordinates": [25.65976, 66.58311]}, "properties": {"gbifID": "3441138949", "eventDate": "2019-07-23T00:00Z", "year": 2019, "countryCode": "FI", "locality": "Nivankylä, Vesalanperä", "stateProvince": "Lappi", "basisOfRecord": "MACHINE_OBSERVATION", "coordinateUncertaintyInMeters": 1.0, "recordedBy": "Seppo Huhmarniemi", "catalogNumber": "http://tun.fi/JX.1017356"}}, {"type": "Feature", "geometry": {"type": "Point", "coordinates": [25.137066, 60.189941]}, "properties": {"gbifID": "3441150301", "eventDate": "2019-08-13T00:00Z", "year": 2019, "countryCode": "FI", "locality": "TESTI 2", "stateProvince": "Uusimaa", "basisOfRecord": "HUMAN_OBSERVATION", "coordinateUncertaintyInMeters": 1.0, "recordedBy": "Mikko Heikkinen", "catalogNumber": "http://tun.fi/JX.1021164"}}, {"type": "Feature", "geometry": {"type": "Point", "coordinates": [27.245279, 61.708167]}, "properties": {"gbifID": "3441180068", "eventDate": "2019-08-24T00:00Z", "year": 2019, "countryCode": "FI", "locality": "Kalevankangas", "stateProvince": "Etelä-Savo", "basisOfRecord": "MACHINE_OBSERVATION", "coordinateUncertaintyInMeters": 1000.0, "recordedBy": "Päivi Saikkonen", "catalogNumber": "http://tun.fi/JX.1041143"}}, {"type": "Feature", "geometry": {"type": "Point", "coordinates": [27.51476, 62.144003]}, "properties": {"gbifID": "3441195544", "eventDate": "2019-08-24T00:00Z", "year": 2019, "countryCode": "FI", "locality": "Virtasalmi, Tikkalanmäki", "stateProvince": "Etelä-Savo", "basisOfRecord": "MACHINE_OBSERVATION", "coordinateUncertaintyInMeters": 1000.0, "recordedBy": "Henri Koskinen", "catalogNumber": "http://tun.fi/JX.1202626"}}, {"type": "Feature", "geometry": {"type": "Point", "coordinates": [24.752486, 60.325551]}, "properties": {"gbifID": "3441160595", "eventDate": "2019-08-26T00:00Z", "year": 2019, "countryCode": "FI", "locality": "Vestra, Herukkapuron luonnonsuojelualue", "stateProvince": "Uusimaa", "basisOfRecord": "MACHINE_OBSERVATION", "coordinateUncertaintyInMeters": 1.0, "recordedBy": "Outi Laakso;Juha K Karvonen", "catalogNumber": "http://tun.fi/JX.1024375"}}, {"type": "Feature", "geometry": {"type": "Point", "coordinates": [23.085766, 60.473268]}, "properties": {"gbifID": "3441171282", "eventDate": "2019-08-26T00:00Z", "year": 2019, "countryCode": "FI", "locality": "Salainen", "stateProvince": "Varsinais-Suomi", "basisOfRecord": "MACHINE_OBSERVATION", "coordinateUncertaintyInMeters": 100.0, "recordedBy": "Tarja Siuvatti", "catalogNumber": "http://tun.fi/JX.1103201"}}, {"type": "Feature", "geometry": {"type": "Point", "coordinates": [27.403492, 61.696888]}, "properties": {"gbifID": "3441210006", "eventDate": "2019-08-26T00:00Z", "year": 2019, "countryCode": "FI", "locality": "Härkäniementie", "stateProvince": "Etelä-Savo", "basisOfRecord": "MACHINE_OBSERVATION", "coordinateUncertaintyInMeters": 1.0, "recordedBy": "Matleena Pulkkinen", "catalogNumber": "http://tun.fi/JX.1024321"}}, {"type": "Feature", "geometry": {"type": "Point", "coordinates": [24.791595, 62.407453]}, "properties": {"gbifID": "3441210373", "eventDate": "2019-08-26T00:00Z", "year": 2019, "countryCode": "FI", "locality": "Kirkko", "stateProvince": "Keski-Suomi", "basisOfRecord": "MACHINE_OBSERVATION", "coordinateUncertaintyInMeters": 1.0, "recordedBy": "Jukka Vauras", "catalogNumber": "http://tun.fi/JX.1034574"}}, {"type": "Feature", "geometry": {"type": "Point", "coordinates": [29.275478, 61.755194]}, "properties": {"gbifID": "3441174677", "eventDate": "2019-08-27T00:00Z", "year": 2019, "countryCode": "FI", "locality": "Vaahersalo, Punkaharju", "stateProvince": "Etelä-Savo", "basisOfRecord": "MACHINE_OBSERVATION", "coordinateUncertaintyInMeters": 1000.0, "recordedBy": "Outi Palmén", "catalogNumber": "http://tun.fi/JX.1033542"}}, {"type": "Feature", "geometry": {"type": "Point", "coordinates": [29.753246, 62.602962]}, "properties": {"gbifID": "3441189935", "eventDate": "2019-08-28T00:00Z", "year": 2019, "countryCode": "FI", "locality": "", "stateProvince": "Pohjois-Karjala", "basisOfRecord": "HUMAN_OBSERVATION", "coordinateUncertaintyInMeters": 1.0, "recordedBy": "Sauli Mäkinen", "catalogNumber": "http://tun.fi/JX.1034120"}}, {"type": "Feature", "geometry": {"type": "Point", "coordinates": [12.214068, 56.017378]}, "properties": {"gbifID": "3441169916", "eventDate": "2019-08-29T00:00Z", "year": 2019, "countryCode": "DK", "locality": "Hobjerg Hegn", "stateProvince": "Capital Region of Denmark", "basisOfRecord": "MACHINE_OBSERVATION", "coordinateUncertaintyInMeters": 1.0, "recordedBy": "Allar Antson", "catalogNumber": "http://tun.fi/JX.1034017"}}, {"type": "Feature", "geometry": {"type": "Point", "coordinates": [29.329957, 61.808408]}, "properties": {"gbifID": "3441191240", "eventDate": "2019-08-29T00:00Z", "year": 2019, "countryCode": "FI", "locality": "Laukansaari", "stateProvince": "Etelä-Savo", "basisOfRecord": "HUMAN_OBSERVATION", "coordinateUncertaintyInMeters": 1.0, "recordedBy": "Pyry Veteli", "catalogNumber": "http://tun.fi/JX.1034095"}}, {"type": "Feature", "geometry": {"type": "Point", "coordinates": [26.348828, 62.321305]}, "properties": {"gbifID": "3441204000", "eventDate": "2019-08-29T00:00Z", "year": 2019, "countryCode": "FI", "locality": "Niemisjärvi, Lsv", "stateProvince": "Keski-Suomi", "basisOfRecord": "MACHINE_OBSERVATION", "coordinateUncertaintyInMeters": 1000.0, "recordedBy": "Laura Tarvainen", "catalogNumber": "http://tun.fi/JX.1056509"}}, {"type": "Feature", "geometry": {"type": "Point", "coordinates": [23.646216, 64.051469]}, "properties": {"gbifID": "3441154401", "eventDate": "2019-08-30T00:00Z", "year": 2019, "countryCode": "FI", "locality": "Himanka, Kannuskylä", "stateProvince": "Pohjois-Pohjanmaa", "basisOfRecord": "MACHINE_OBSERVATION", "coordinateUncertaintyInMeters": 1.0, "recordedBy": "Esa Borén", "catalogNumber": "http://tun.fi/JX.1034157"}}, {"type": "Feature", "geometry": {"type": "Point", "coordinates": [12.321636, 56.036064]}, "properties": {"gbifID": "3913109448", "eventDate": "2019-08-30T00:00Z", "year": 2019, "countryCode": "DK", "locality": "Gribskov", "stateProvince": "Capital Region of Denmark", "basisOfRecord": "MACHINE_OBSERVATION", "coordinateUncertaintyInMeters": 1.0, "recordedBy": "Allar Antson", "catalogNumber": "http://tun.fi/JX.1034279"}}, {"type": "Feature", "geometry": {"type": "Point", "coordinates": [23.262411, 61.609201]}, "properties": {"gbifID": "3441133256", "eventDate": "2019-08-31T00:00Z", "year": 2019, "countryCode": "FI", "locality": "Hanhijärvi", "stateProvince": "Pirkanmaa", "basisOfRecord": "MACHINE_OBSERVATION", "coordinateUncertaintyInMeters": 1000.0, "recordedBy": "Anne Hirvonen", "catalogNumber": "http://tun.fi/JX.1034451"}}, {"type": "Feature", "geometry": {"type": "Point", "coordinates": [23.503537, 64.092905]}, "properties": {"gbifID": "3441136181", "eventDate": "2019-08-31T00:00Z", "year": 2019, "countryCode": "FI", "locality": "Lohtaja, Ulko-Kraaseli", "stateProvince": "Keski-Pohjanmaa", "basisOfRecord": "MACHINE_OBSERVATION", "coordinateUncertaintyInMeters": 1000.0, "recordedBy": "Esa Borén", "catalogNumber": "http://tun.fi/JX.1034436"}}, {"type": "Feature", "geometry": {"type": "Point", "coordinates": [23.510213, 61.561141]}, "properties": {"gbifID": "3441163706", "eventDate": "2019-08-31T00:00Z", "year": 2019, "countryCode": "FI", "locality": "Julkujärvi", "stateProvince": "Pirkanmaa", "basisOfRecord": "MACHINE_OBSERVATION", "coordinateUncertaintyInMeters": 1000.0, "recordedBy": "Anne Hirvonen", "catalogNumber": "http://tun.fi/JX.1034439"}}, {"type": "Feature", "geometry": {"type": "Point", "coordinates": [23.503537, 64.092905]}, "properties": {"gbifID": "3441196146", "eventDate": "2019-08-31T00:00Z", "year": 2019, "countryCode": "FI", "locality": "Lohtaja, Ulko-Kraaseli", "stateProvince": "Keski-Pohjanmaa", "basisOfRecord": "MACHINE_OBSERVATION", "coordinateUncertaintyInMeters": 1000.0, "recordedBy": "Esa Borén", "catalogNumber": "http://tun.fi/JX.1035016"}}, {"type": "Feature", "geometry": {"type": "Point", "coordinates": [25.03473, 60.33919]}, "properties": {"gbifID": "3441207707", "eventDate": "2019-08-31T00:00Z", "year": 2019, "countryCode": "FI", "locality": "Kylmäojan ls-alue", "stateProvince": "Uusimaa", "basisOfRecord": "MACHINE_OBSERVATION", "coordinateUncertaintyInMeters": 1000.0, "recordedBy": "Mari Kajasvirta", "catalogNumber": "http://tun.fi/JX.1034393"}}, {"type": "Feature", "geometry": {"type": "Point", "coordinates": [24.703209, 60.187431]}, "properties": {"gbifID": "3441156240", "eventDate": "2019-09-01T00:00Z", "year": 2019, "countryCode": "FI", "locality": "Espoon keskuspuisto", "stateProvince": "Uusimaa", "basisOfRecord": "MACHINE_OBSERVATION", "coordinateUncertaintyInMeters": 1000.0, "recordedBy": "Mari Kajasvirta", "catalogNumber": "http://tun.fi/JX.1034738"}}, {"type": "Feature", "geometry": {"type": "Point", "coordinates": [25.56483, 66.52998]}, "properties": {"gbifID": "3441180222", "eventDate": "2019-09-01T00:00Z", "year": 2019, "countryCode": "FI", "locality": "Vennivaara", "stateProvince": "Lappi", "basisOfRecord": "MACHINE_OBSERVATION", "coordinateUncertaintyInMeters": 1.0, "recordedBy": "Seppo Huhmarniemi", "catalogNumber": "http://tun.fi/JX.1034794"}}, {"type": "Feature", "geometry": {"type": "Point", "coordinates": [23.452798, 60.928569]}, "properties": {"gbifID": "3441192064", "eventDate": "2019-09-01T00:00Z", "year": 2019, "countryCode": "FI", "locality": "Humppila, Alhonkulma", "stateProvince": "Kanta-Häme", "basisOfRecord": "MACHINE_OBSERVATION", "coordinateUncertaintyInMeters": 1.0, "recordedBy": "Tuuli Laine", "catalogNumber": "http://tun.fi/JX.1034613"}}, {"type": "Feature", "geometry": {"type": "Point", "coordinates": [23.473176, 61.661651]}, "properties": {"gbifID": "4524571311", "eventDate": "2019-09-01T00:00Z", "year": 2019, "countryCode": "FI", "locality": "", "stateProvince": "Pirkanmaa", "basisOfRecord": "MACHINE_OBSERVATION", "coordinateUncertaintyInMeters": 1000.0, "recordedBy": "Anne-Mari Enne;Piia Lamminsivu", "catalogNumber": "http://tun.fi/JX.1677422"}}, {"type": "Feature", "geometry": {"type": "Point", "coordinates": [25.483941, 64.996041]}, "properties": {"gbifID": "3441199700", "eventDate": "2019-09-03T00:00Z", "year": 2019, "countryCode": "FI", "locality": "Nokela", "stateProvince": "Pohjois-Pohjanmaa", "basisOfRecord": "MACHINE_OBSERVATION", "coordinateUncertaintyInMeters": 1.0, "recordedBy": "Esa Borén", "catalogNumber": "http://tun.fi/JX.1035148"}}, {"type": "Feature", "geometry": {"type": "Point", "coordinates": [25.215663, 60.344817]}, "properties": {"gbifID": "3441158740", "eventDate": "2019-09-05T00:00Z", "year": 2019, "countryCode": "FI", "locality": "Byabäcken", "stateProvince": "Uusimaa", "basisOfRecord": "MACHINE_OBSERVATION", "coordinateUncertaintyInMeters": 1.0, "recordedBy": "Allar Antson", "catalogNumber": "http://tun.fi/JX.1035621"}}, {"type": "Feature", "geometry": {"type": "Point", "coordinates": [25.095259, 60.625864]}, "properties": {"gbifID": "3441208009", "eventDate": "2019-09-06T00:00Z", "year": 2019, "countryCode": "FI", "locality": "Keravanjärvi", "stateProvince": "Uusimaa", "basisOfRecord": "MACHINE_OBSERVATION", "coordinateUncertaintyInMeters": 1.0, "recordedBy": "Anna-Mari Korpela", "catalogNumber": "http://tun.fi/JX.1037298"}}, {"type": "Feature", "geometry": {"type": "Point", "coordinates": [25.498815, 65.000138]}, "properties": {"gbifID": "3441209936", "eventDate": "2019-09-06T00:00Z", "year": 2019, "countryCode": "FI", "locality": "Karjasilta", "stateProvince": "Pohjois-Pohjanmaa", "basisOfRecord": "MACHINE_OBSERVATION", "coordinateUncertaintyInMeters": 1.0, "recordedBy": "Esa Borén", "catalogNumber": "http://tun.fi/JX.1035797"}}, {"type": "Feature", "geometry": {"type": "Point", "coordinates": [23.170945, 61.64787]}, "properties": {"gbifID": "3441210626", "eventDate": "2019-09-06T00:00Z", "year": 2019, "countryCode": "FI", "locality": "Parkumäki", "stateProvince": "Pirkanmaa", "basisOfRecord": "MACHINE_OBSERVATION", "coordinateUncertaintyInMeters": 1000.0, "recordedBy": "Anne Hirvonen", "catalogNumber": "http://tun.fi/JX.1036069"}}, {"type": "Feature", "geometry": {"type": "Point", "coordinates": [23.394466, 64.026345]}, "properties": {"gbifID": "3441127983", "eventDate": "2019-09-09T07:30Z/2019-09-09T09:30Z", "year": 2019, "countryCode": "FI", "locality": "Vattaja", "stateProvince": "Keski-Pohjanmaa", "basisOfRecord": "HUMAN_OBSERVATION", "coordinateUncertaintyInMeters": 100.0, "recordedBy": "Arja Nissilä", "catalogNumber": "http://tun.fi/JX.1037030"}}, {"type": "Feature", "geometry": {"type": "Point", "coordinates": [26.06583, 63.77873]}, "properties": {"gbifID": "3441166677", "eventDate": "2019-09-10T00:00Z", "year": 2019, "countryCode": "FI", "locality": "Lohva", "stateProvince": "Pohjois-Pohjanmaa", "basisOfRecord": "MACHINE_OBSERVATION", "coordinateUncertaintyInMeters": 1.0, "recordedBy": "Seppo Huhmarniemi", "catalogNumber": "http://tun.fi/JX.1047083"}}, {"type": "Feature", "geometry": {"type": "Point", "coordinates": [26.294443, 66.323086]}, "properties": {"gbifID": "3441140022", "eventDate": "2019-09-14T00:00Z", "year": 2019, "countryCode": "FI", "locality": "Niesijärvi", "stateProvince": "Lappi", "basisOfRecord": "MACHINE_OBSERVATION", "coordinateUncertaintyInMeters": 1.0, "recordedBy": "Anu Rautanen", "catalogNumber": "http://tun.fi/JX.1056939"}}, {"type": "Feature", "geometry": {"type": "Point", "coordinates": [25.081331, 62.420229]}, "properties": {"gbifID": "3441212899", "eventDate": "2019-09-14T00:00Z", "year": 2019, "countryCode": "FI", "locality": "Karhunahas", "stateProvince": "Keski-Suomi", "basisOfRecord": "MACHINE_OBSERVATION", "coordinateUncertaintyInMeters": 1000.0, "recordedBy": "Kaisa Tervonen", "catalogNumber": "http://tun.fi/JX.1037970"}}, {"type": "Feature", "geometry": {"type": "Point", "coordinates": [27.602, 62.904]}, "properties": {"gbifID": "6115766405", "eventDate": "2019-09-14T00:00Z", "year": 2019, "countryCode": "FI", "locality": "Neulaniemi", "stateProvince": "Pohjois-Savo", "basisOfRecord": "MACHINE_OBSERVATION", "coordinateUncertaintyInMeters": 1.0, "recordedBy": "Anne-Mari Enne;Piia Lamminsivu", "catalogNumber": "http://tun.fi/JX.2388923"}}, {"type": "Feature", "geometry": {"type": "Point", "coordinates": [25.750578, 66.497343]}, "properties": {"gbifID": "3441180567", "eventDate": "2019-09-15T00:00Z", "year": 2019, "countryCode": "FI", "locality": "Pullinpuoli", "stateProvince": "Lappi", "basisOfRecord": "MACHINE_OBSERVATION", "coordinateUncertaintyInMeters": 1000.0, "recordedBy": "Seija Korpinen", "catalogNumber": "http://tun.fi/JX.1037780"}}, {"type": "Feature", "geometry": {"type": "Point", "coordinates": [23.144672, 60.908973]}, "properties": {"gbifID": "3441144879", "eventDate": "2019-09-17T00:00Z", "year": 2019, "countryCode": "FI", "locality": "Loimaa, Metsämaa", "stateProvince": "Varsinais-Suomi", "basisOfRecord": "MACHINE_OBSERVATION", "coordinateUncertaintyInMeters": 1.0, "recordedBy": "Tuuli Laine", "catalogNumber": "http://tun.fi/JX.1038357"}}, {"type": "Feature", "geometry": {"type": "Point", "coordinates": [25.165658, 60.281734]}, "properties": {"gbifID": "3441152908", "eventDate": "2019-09-19T00:00Z", "year": 2019, "countryCode": "FI", "locality": "Sipoo", "stateProvince": "Uusimaa", "basisOfRecord": "HUMAN_OBSERVATION", "coordinateUncertaintyInMeters": 1000.0, "recordedBy": "Visa Lipponen", "catalogNumber": "http://tun.fi/JX.1197026"}}, {"type": "Feature", "geometry": {"type": "Point", "coordinates": [22.414624, 62.591539]}, "properties": {"gbifID": "3441145589", "eventDate": "2019-09-20T00:00Z", "year": 2019, "countryCode": "FI", "locality": "Pitkämönranta", "stateProvince": "Etelä-Pohjanmaa", "basisOfRecord": "MACHINE_OBSERVATION", "coordinateUncertaintyInMeters": 1000.0, "recordedBy": "A. Kujala", "catalogNumber": "http://tun.fi/JX.1039002"}}, {"type": "Feature", "geometry": {"type": "Point", "coordinates": [22.205179, 62.725722]}, "properties": {"gbifID": "3441136736", "eventDate": "2019-09-21T00:00Z", "year": 2019, "countryCode": "FI", "locality": "", "stateProvince": "Etelä-Pohjanmaa", "basisOfRecord": "HUMAN_OBSERVATION", "coordinateUncertaintyInMeters": 1.0, "recordedBy": "Marja Ehrstedt", "catalogNumber": "http://tun.fi/JX.1039138"}}, {"type": "Feature", "geometry": {"type": "Point", "coordinates": [22.414661, 62.589887]}, "properties": {"gbifID": "3441197793", "eventDate": "2019-09-21T00:00Z", "year": 2019, "countryCode": "FI", "locality": "Pitkämönranta", "stateProvince": "Etelä-Pohjanmaa", "basisOfRecord": "MACHINE_OBSERVATION", "coordinateUncertaintyInMeters": 1000.0, "recordedBy": "A. Kujala", "catalogNumber": "http://tun.fi/JX.1039219"}}, {"type": "Feature", "geometry": {"type": "Point", "coordinates": [24.682636, 60.212966]}, "properties": {"gbifID": "3441210244", "eventDate": "2019-09-21T00:00Z/2019-10-02T00:00Z", "year": 2019, "countryCode": "FI", "locality": "Kasavuori", "stateProvince": "Uusimaa", "basisOfRecord": "MACHINE_OBSERVATION", "coordinateUncertaintyInMeters": 1000.0, "recordedBy": "Mari Kajasvirta", "catalogNumber": "http://tun.fi/JX.1041289"}}, {"type": "Feature", "geometry": {"type": "Point", "coordinates": [25.42825, 60.316985]}, "properties": {"gbifID": "3441154903", "eventDate": "2019-09-22T00:00Z", "year": 2019, "countryCode": "FI", "locality": "Box", "stateProvince": "Uusimaa", "basisOfRecord": "MACHINE_OBSERVATION", "coordinateUncertaintyInMeters": 1.0, "recordedBy": "Allar Antson", "catalogNumber": "http://tun.fi/JX.1039588"}}, {"type": "Feature", "geometry": {"type": "Point", "coordinates": [22.3805, 62.7848]}, "properties": {"gbifID": "3441193813", "eventDate": "2019-09-22T00:00Z", "year": 2019, "countryCode": "FI", "locality": "Visaharju", "stateProvince": "Etelä-Pohjanmaa", "basisOfRecord": "MACHINE_OBSERVATION", "coordinateUncertaintyInMeters": 1.0, "recordedBy": "Matti Kyröläinen", "catalogNumber": "http://tun.fi/JX.1043699"}}, {"type": "Feature", "geometry": {"type": "Point", "coordinates": [22.3802, 62.7858]}, "properties": {"gbifID": "3441193850", "eventDate": "2019-09-22T00:00Z", "year": 2019, "countryCode": "FI", "locality": "Visaharju", "stateProvince": "Etelä-Pohjanmaa", "basisOfRecord": "MACHINE_OBSERVATION", "coordinateUncertaintyInMeters": 1.0, "recordedBy": "Matti Kyröläinen", "catalogNumber": "http://tun.fi/JX.1043699"}}, {"type": "Feature", "geometry": {"type": "Point", "coordinates": [23.026425, 60.844271]}, "properties": {"gbifID": "3441127076", "eventDate": "2019-09-23T00:00Z", "year": 2019, "countryCode": "FI", "locality": "Loimaa, Pinomäki", "stateProvince": "Varsinais-Suomi", "basisOfRecord": "MACHINE_OBSERVATION", "coordinateUncertaintyInMeters": 1.0, "recordedBy": "Tuuli Laine", "catalogNumber": "http://tun.fi/JX.1039728"}}, {"type": "Feature", "geometry": {"type": "Point", "coordinates": [24.740179, 60.728013]}, "properties": {"gbifID": "3441132275", "eventDate": "2019-09-23T00:00Z", "year": 2019, "countryCode": "FI", "locality": "Mattila", "stateProvince": "Kanta-Häme", "basisOfRecord": "MACHINE_OBSERVATION", "coordinateUncertaintyInMeters": 1.0, "recordedBy": "Timo Heiskala", "catalogNumber": "http://tun.fi/JX.1039850"}}, {"type": "Feature", "geometry": {"type": "Point", "coordinates": [25.862195, 62.16876]}, "properties": {"gbifID": "3441161559", "eventDate": "2019-09-23T00:00Z", "year": 2019, "countryCode": "FI", "locality": "Teerilahti", "stateProvince": "Keski-Suomi", "basisOfRecord": "HUMAN_OBSERVATION", "coordinateUncertaintyInMeters": 100.0, "recordedBy": "Erna Suutari", "catalogNumber": "http://tun.fi/JX.1039985"}}, {"type": "Feature", "geometry": {"type": "Point", "coordinates": [23.02918, 60.842149]}, "properties": {"gbifID": "3441201288", "eventDate": "2019-09-23T00:00Z", "year": 2019, "countryCode": "FI", "locality": "Loimaa, Eteläinen kuntorata", "stateProvince": "Varsinais-Suomi", "basisOfRecord": "MACHINE_OBSERVATION", "coordinateUncertaintyInMeters": 1.0, "recordedBy": "Tuuli Laine", "catalogNumber": "http://tun.fi/JX.1039759"}}, {"type": "Feature", "geometry": {"type": "Point", "coordinates": [27.25355, 61.486034]}, "properties": {"gbifID": "3441159656", "eventDate": "2019-09-24T00:00Z", "year": 2019, "countryCode": "FI", "locality": "Ristiina", "stateProvince": "Etelä-Savo", "basisOfRecord": "MACHINE_OBSERVATION", "coordinateUncertaintyInMeters": 1.0, "recordedBy": "Tarja Siuvatti;Jukka Vauras;Anders Fagerholm", "catalogNumber": "http://tun.fi/JX.1039974"}}, {"type": "Feature", "geometry": {"type": "Point", "coordinates": [27.326627, 61.40768]}, "properties": {"gbifID": "3441193399", "eventDate": "2019-09-24T00:00Z", "year": 2019, "countryCode": "FI", "locality": "Kultala", "stateProvince": "Etelä-Savo", "basisOfRecord": "HUMAN_OBSERVATION", "coordinateUncertaintyInMeters": 1000.0, "recordedBy": "Outi Laakso", "catalogNumber": "http://tun.fi/JX.1039929"}}, {"type": "Feature", "geometry": {"type": "Point", "coordinates": [27.32814, 61.40699]}, "properties": {"gbifID": "3441207596", "eventDate": "2019-09-24T00:00Z", "year": 2019, "countryCode": "FI", "locality": "Ristiina, Pitkäjärven länsipää, Järvenpää", "stateProvince": "Etelä-Savo", "basisOfRecord": "MACHINE_OBSERVATION", "coordinateUncertaintyInMeters": 1.0, "recordedBy": "Jarkko Korhonen", "catalogNumber": "http://tun.fi/JX.1053270"}}, {"type": "Feature", "geometry": {"type": "Point", "coordinates": [21.5307, 61.565664]}, "properties": {"gbifID": "3441170993", "eventDate": "2019-09-27T00:00Z", "year": 2019, "countryCode": "FI", "locality": "Santala , Keisarinpankki", "stateProvince": "Satakunta", "basisOfRecord": "MACHINE_OBSERVATION", "coordinateUncertaintyInMeters": 100.0, "recordedBy": "Timo Heiskala", "catalogNumber": "http://tun.fi/JX.1043409"}}, {"type": "Feature", "geometry": {"type": "Point", "coordinates": [21.52961, 61.565664]}, "properties": {"gbifID": "3441179063", "eventDate": "2019-09-27T00:00Z", "year": 2019, "countryCode": "FI", "locality": "Sieniatlasleiri, Yyteri, parkkipaikan puoli.", "stateProvince": "Satakunta", "basisOfRecord": "MACHINE_OBSERVATION", "coordinateUncertaintyInMeters": 100.0, "recordedBy": "Laura Tarvainen", "catalogNumber": "http://tun.fi/JX.1040546"}}, {"type": "Feature", "geometry": {"type": "Point", "coordinates": [21.490893, 61.569158]}, "properties": {"gbifID": "3441179542", "eventDate": "2019-09-27T00:00Z", "year": 2019, "countryCode": "FI", "locality": "Herrainpäivät", "stateProvince": "Satakunta", "basisOfRecord": "MACHINE_OBSERVATION", "coordinateUncertaintyInMeters": 1.0, "recordedBy": "Saara Salmela", "catalogNumber": "http://tun.fi/JX.1101119"}}, {"type": "Feature", "geometry": {"type": "Point", "coordinates": [21.69528, 61.551097]}, "properties": {"gbifID": "3441189396", "eventDate": "2019-09-28T00:00Z", "year": 2019, "countryCode": "FI", "locality": "Kivini", "stateProvince": "Satakunta", "basisOfRecord": "MACHINE_OBSERVATION", "coordinateUncertaintyInMeters": 1.0, "recordedBy": "Matleena Pulkkinen", "catalogNumber": "http://tun.fi/JX.1040799"}}, {"type": "Feature", "geometry": {"type": "Point", "coordinates": [22.91144, 60.412128]}, "properties": {"gbifID": "3441166924", "eventDate": "2019-09-29T00:00Z", "year": 2019, "countryCode": "FI", "locality": "Hajala, pururata", "stateProvince": "Varsinais-Suomi", "basisOfRecord": "MACHINE_OBSERVATION", "coordinateUncertaintyInMeters": 1.0, "recordedBy": "Jarkko Korhonen", "catalogNumber": "http://tun.fi/JX.1053505"}}, {"type": "Feature", "geometry": {"type": "Point", "coordinates": [25.082903, 60.159634]}, "properties": {"gbifID": "3441199776", "eventDate": "2019-10-05T00:00Z", "year": 2019, "countryCode": "FI", "locality": "Jollas", "stateProvince": "Uusimaa", "basisOfRecord": "MACHINE_OBSERVATION", "coordinateUncertaintyInMeters": 1.0, "recordedBy": "Outi Laakso;Juha K Karvonen", "catalogNumber": "http://tun.fi/JX.1042212"}}, {"type": "Feature", "geometry": {"type": "Point", "coordinates": [25.878745, 62.186281]}, "properties": {"gbifID": "3441150477", "eventDate": "2019-10-09T12:00Z/2019-10-09T15:00Z", "year": 2019, "countryCode": "FI", "locality": "Jääskelä", "stateProvince": "Keski-Suomi", "basisOfRecord": "MACHINE_OBSERVATION", "coordinateUncertaintyInMeters": 1.0, "recordedBy": "Panu Mäkinen", "catalogNumber": "http://tun.fi/JX.1043139"}}, {"type": "Feature", "geometry": {"type": "Point", "coordinates": [25.705909, 61.42379]}, "properties": {"gbifID": "3441148106", "eventDate": "2019-10-10T00:00Z", "year": 2019, "countryCode": "FI", "locality": "Haapakoskelon metsä", "stateProvince": "Päijät-Häme", "basisOfRecord": "MACHINE_OBSERVATION", "coordinateUncertaintyInMeters": 1.0, "recordedBy": "Janne Koskinen", "catalogNumber": "http://tun.fi/JX.1043061"}}, {"type": "Feature", "geometry": {"type": "Point", "coordinates": [25.730131, 62.187711]}, "properties": {"gbifID": "3441146896", "eventDate": "2019-10-11T00:00Z", "year": 2019, "countryCode": "FI", "locality": "Sarvivuori", "stateProvince": "Keski-Suomi", "basisOfRecord": "HUMAN_OBSERVATION", "coordinateUncertaintyInMeters": 1000.0, "recordedBy": "Tuuli Mäkinen", "catalogNumber": "http://tun.fi/JX.1043482"}}, {"type": "Feature", "geometry": {"type": "Point", "coordinates": [25.586778, 61.483359]}, "properties": {"gbifID": "3441172869", "eventDate": "2019-10-11T00:00Z", "year": 2019, "countryCode": "FI", "locality": "Päijätsalo", "stateProvince": "Päijät-Häme", "basisOfRecord": "HUMAN_OBSERVATION", "coordinateUncertaintyInMeters": 100.0, "recordedBy": "Janne Koskinen", "catalogNumber": "http://tun.fi/JX.1043190"}}, {"type": "Feature", "geometry": {"type": "Point", "coordinates": [26.676664, 61.958902]}, "properties": {"gbifID": "3441172662", "eventDate": "2020-07-09T00:00Z", "year": 2020, "countryCode": "FI", "locality": "Suurolan saari", "stateProvince": "Etelä-Savo", "basisOfRecord": "MACHINE_OBSERVATION", "coordinateUncertaintyInMeters": 1000.0, "recordedBy": "Päivi Saikkonen", "catalogNumber": "http://tun.fi/JX.1137591"}}, {"type": "Feature", "geometry": {"type": "Point", "coordinates": [23.811, 61.462]}, "properties": {"gbifID": "3441170339", "eventDate": "2020-07-11T00:00Z/2020-08-12T00:00Z", "year": 2020, "countryCode": "FI", "locality": "", "stateProvince": "Pirkanmaa", "basisOfRecord": "MACHINE_OBSERVATION", "coordinateUncertaintyInMeters": 1.0, "recordedBy": "Piia Lamminsivu;Anne-Mari Enne", "catalogNumber": "http://tun.fi/JX.1142206"}}, {"type": "Feature", "geometry": {"type": "Point", "coordinates": [26.35392, 62.318695]}, "properties": {"gbifID": "3441178594", "eventDate": "2020-07-12T00:00Z", "year": 2020, "countryCode": "FI", "locality": "Vuoriaho, metsä.", "stateProvince": "Keski-Suomi", "basisOfRecord": "MACHINE_OBSERVATION", "coordinateUncertaintyInMeters": 1.0, "recordedBy": "Laura Tarvainen", "catalogNumber": "http://tun.fi/JX.1200367"}}, {"type": "Feature", "geometry": {"type": "Point", "coordinates": [25.635304, 61.232029]}, "properties": {"gbifID": "3441170794", "eventDate": "2020-07-14T00:00Z", "year": 2020, "countryCode": "FI", "locality": "Mustassaari", "stateProvince": "Päijät-Häme", "basisOfRecord": "MACHINE_OBSERVATION", "coordinateUncertaintyInMeters": 1.0, "recordedBy": "Petri Roponen", "catalogNumber": "http://tun.fi/JX.1139550"}}, {"type": "Feature", "geometry": {"type": "Point", "coordinates": [23.469452, 61.662724]}, "properties": {"gbifID": "5000542349", "eventDate": "2020-07-15T00:00Z", "year": 2020, "countryCode": "FI", "locality": "Lavajärvi", "stateProvince": "Pirkanmaa", "basisOfRecord": "MACHINE_OBSERVATION", "coordinateUncertaintyInMeters": 1000.0, "recordedBy": "Anne-Mari Enne;Piia Lamminsivu", "catalogNumber": "http://tun.fi/JX.1791463"}}, {"type": "Feature", "geometry": {"type": "Point", "coordinates": [25.68346, 60.383055]}, "properties": {"gbifID": "3441139855", "eventDate": "2020-07-17T00:00Z", "year": 2020, "countryCode": "FI", "locality": "Aunela", "stateProvince": "Uusimaa", "basisOfRecord": "MACHINE_OBSERVATION", "coordinateUncertaintyInMeters": 1.0, "recordedBy": "Juuso Äikäs", "catalogNumber": "http://tun.fi/JX.1143093"}}, {"type": "Feature", "geometry": {"type": "Point", "coordinates": [24.848901, 60.723129]}, "properties": {"gbifID": "3441185994", "eventDate": "2020-07-17T00:00Z", "year": 2020, "countryCode": "FI", "locality": "Vantaa, Suonummi", "stateProvince": "Kanta-Häme", "basisOfRecord": "MACHINE_OBSERVATION", "coordinateUncertaintyInMeters": 1.0, "recordedBy": "Hanna Tuovila", "catalogNumber": "http://tun.fi/JX.1110352"}}, {"type": "Feature", "geometry": {"type": "Point", "coordinates": [25.172193, 60.206698]}, "properties": {"gbifID": "3441199348", "eventDate": "2020-07-17T00:00Z", "year": 2020, "countryCode": "FI", "locality": "Uutela", "stateProvince": "Uusimaa", "basisOfRecord": "MACHINE_OBSERVATION", "coordinateUncertaintyInMeters": 1.0, "recordedBy": "Allar Antson", "catalogNumber": "http://tun.fi/JX.1140414"}}, {"type": "Feature", "geometry": {"type": "Point", "coordinates": [23.139927, 63.138304]}, "properties": {"gbifID": "3441154912", "eventDate": "2020-07-18T00:00Z", "year": 2020, "countryCode": "FI", "locality": "", "stateProvince": "Etelä-Pohjanmaa", "basisOfRecord": "MACHINE_OBSERVATION", "coordinateUncertaintyInMeters": 1.0, "recordedBy": "Outi Laakso", "catalogNumber": "http://tun.fi/JX.1140773"}}, {"type": "Feature", "geometry": {"type": "Point", "coordinates": [26.347698, 62.318533]}, "properties": {"gbifID": "3441155100", "eventDate": "2020-07-18T00:00Z", "year": 2020, "countryCode": "FI", "locality": "Niemisjärvi", "stateProvince": "Keski-Suomi", "basisOfRecord": "MACHINE_OBSERVATION", "coordinateUncertaintyInMeters": 100.0, "recordedBy": "Laura Tarvainen", "catalogNumber": "http://tun.fi/JX.1141659"}}, {"type": "Feature", "geometry": {"type": "Point", "coordinates": [27.645938, 64.260042]}, "properties": {"gbifID": "3441156317", "eventDate": "2020-07-19T00:00Z", "year": 2020, "countryCode": "FI", "locality": "Lukkarinnurmi", "stateProvince": "Kainuu", "basisOfRecord": "MACHINE_OBSERVATION", "coordinateUncertaintyInMeters": 1000.0, "recordedBy": "Tuuli Mäkinen", "catalogNumber": "http://tun.fi/JX.1142009"}}, {"type": "Feature", "geometry": {"type": "Point", "coordinates": [26.144583, 62.04334]}, "properties": {"gbifID": "3441159435", "eventDate": "2020-07-20T00:00Z", "year": 2020, "countryCode": "FI", "locality": "Paloskylä", "stateProvince": "Keski-Suomi", "basisOfRecord": "HUMAN_OBSERVATION", "coordinateUncertaintyInMeters": 100.0, "recordedBy": "Erna Suutari", "catalogNumber": "http://tun.fi/JX.1145558"}}, {"type": "Feature", "geometry": {"type": "Point", "coordinates": [24.980731, 60.448374]}, "properties": {"gbifID": "3441174212", "eventDate": "2020-07-22T00:00Z", "year": 2020, "countryCode": "FI", "locality": "Kolistimenmäki, Kolistimensyrjä Riitamäki pohj.", "stateProvince": "Uusimaa", "basisOfRecord": "MACHINE_OBSERVATION", "coordinateUncertaintyInMeters": 1.0, "recordedBy": "Martti Moisander", "catalogNumber": "http://tun.fi/JX.1205325"}}, {"type": "Feature", "geometry": {"type": "Point", "coordinates": [28.245016, 61.098715]}, "properties": {"gbifID": "3441206222", "eventDate": "2020-07-22T00:00Z", "year": 2020, "countryCode": "FI", "locality": "Tuosa", "stateProvince": "Etelä-Karjala", "basisOfRecord": "MACHINE_OBSERVATION", "coordinateUncertaintyInMeters": 1000.0, "recordedBy": "Merja Lipponen", "catalogNumber": "http://tun.fi/JX.1145514"}}, {"type": "Feature", "geometry": {"type": "Point", "coordinates": [25.728119, 66.505753]}, "properties": {"gbifID": "3441126528", "eventDate": "2020-07-23T00:00Z", "year": 2020, "countryCode": "FI", "locality": "", "stateProvince": "Lappi", "basisOfRecord": "HUMAN_OBSERVATION", "coordinateUncertaintyInMeters": 1.0, "recordedBy": "Tapio Kekki", "catalogNumber": "http://tun.fi/JX.1142545"}}, {"type": "Feature", "geometry": {"type": "Point", "coordinates": [21.211813, 60.507939]}, "properties": {"gbifID": "3441162957", "eventDate": "2020-07-23T00:00Z", "year": 2020, "countryCode": "FI", "locality": "", "stateProvince": "Varsinais-Suomi", "basisOfRecord": "MACHINE_OBSERVATION", "coordinateUncertaintyInMeters": 1.0, "recordedBy": "Outi Laakso;Anna-Kaisa Rehunen", "catalogNumber": "http://tun.fi/JX.1142418"}}, {"type": "Feature", "geometry": {"type": "Point", "coordinates": [25.745408, 66.498156]}, "properties": {"gbifID": "3441166700", "eventDate": "2020-07-23T00:00Z", "year": 2020, "countryCode": "FI", "locality": "Pullinpuoli", "stateProvince": "Lappi", "basisOfRecord": "MACHINE_OBSERVATION", "coordinateUncertaintyInMeters": 1.0, "recordedBy": "Seija Korpinen", "catalogNumber": "http://tun.fi/JX.1142400"}}, {"type": "Feature", "geometry": {"type": "Point", "coordinates": [27.562641, 65.609688]}, "properties": {"gbifID": "3441173424", "eventDate": "2020-07-24T00:00Z", "year": 2020, "countryCode": "FI", "locality": "Syöte", "stateProvince": "Pohjois-Pohjanmaa", "basisOfRecord": "MACHINE_OBSERVATION", "coordinateUncertaintyInMeters": 1000.0, "recordedBy": "Aune Pisilä", "catalogNumber": "http://tun.fi/JX.1143319"}}, {"type": "Feature", "geometry": {"type": "Point", "coordinates": [25.67406, 66.58336]}, "properties": {"gbifID": "3441152722", "eventDate": "2020-07-25T00:00Z", "year": 2020, "countryCode": "FI", "locality": "Nivankylä, Vesalanperä", "stateProvince": "Lappi", "basisOfRecord": "MACHINE_OBSERVATION", "coordinateUncertaintyInMeters": 1.0, "recordedBy": "Seppo Huhmarniemi", "catalogNumber": "http://tun.fi/JX.1143665"}}, {"type": "Feature", "geometry": {"type": "Point", "coordinates": [25.265053, 66.094032]}, "properties": {"gbifID": "3441180839", "eventDate": "2020-07-25T00:00Z", "year": 2020, "countryCode": "FI", "locality": "Ala-Runkausjoki, Karusellilantto SW", "stateProvince": "Lappi", "basisOfRecord": "MACHINE_OBSERVATION", "coordinateUncertaintyInMeters": 1000.0, "recordedBy": "Tapio Kekki", "catalogNumber": "http://tun.fi/JX.1169725"}}, {"type": "Feature", "geometry": {"type": "Point", "coordinates": [23.645192, 64.059945]}, "properties": {"gbifID": "3441195014", "eventDate": "2020-07-25T00:00Z", "year": 2020, "countryCode": "FI", "locality": "Himanka, Kannuskylä", "stateProvince": "Pohjois-Pohjanmaa", "basisOfRecord": "MACHINE_OBSERVATION", "coordinateUncertaintyInMeters": 1.0, "recordedBy": "Esa Borén", "catalogNumber": "http://tun.fi/JX.1143630"}}, {"type": "Feature", "geometry": {"type": "Point", "coordinates": [25.773796, 66.650062]}, "properties": {"gbifID": "3441212496", "eventDate": "2020-07-25T00:00Z", "year": 2020, "countryCode": "FI", "locality": "Poikajoki", "stateProvince": "Lappi", "basisOfRecord": "MACHINE_OBSERVATION", "coordinateUncertaintyInMeters": 100.0, "recordedBy": "Joona Saraste", "catalogNumber": "http://tun.fi/JX.1143351"}}, {"type": "Feature", "geometry": {"type": "Point", "coordinates": [23.482787, 60.808046]}, "properties": {"gbifID": "3441214057", "eventDate": "2020-07-26T00:00Z", "year": 2020, "countryCode": "FI", "locality": "Jokioinen, Jokioisten kartano", "stateProvince": "Kanta-Häme", "basisOfRecord": "MACHINE_OBSERVATION", "coordinateUncertaintyInMeters": 1.0, "recordedBy": "Tuuli Laine", "catalogNumber": "http://tun.fi/JX.1143253"}}, {"type": "Feature", "geometry": {"type": "Point", "coordinates": [24.557633, 60.530381]}, "properties": {"gbifID": "3441210116", "eventDate": "2020-07-27T00:00Z/2020-07-30T00:00Z", "year": 2020, "countryCode": "FI", "locality": "Laihue", "stateProvince": "Uusimaa", "basisOfRecord": "MACHINE_OBSERVATION", "coordinateUncertaintyInMeters": 1000.0, "recordedBy": "Mari Kajasvirta", "catalogNumber": "http://tun.fi/JX.1144217"}}, {"type": "Feature", "geometry": {"type": "Point", "coordinates": [23.537577, 63.960818]}, "properties": {"gbifID": "3441152220", "eventDate": "2020-07-28T00:00Z", "year": 2020, "countryCode": "FI", "locality": "Matkusnevankaarat", "stateProvince": "Keski-Pohjanmaa", "basisOfRecord": "MACHINE_OBSERVATION", "coordinateUncertaintyInMeters": 1000.0, "recordedBy": "Esa Borén", "catalogNumber": "http://tun.fi/JX.1144211"}}, {"type": "Feature", "geometry": {"type": "Point", "coordinates": [24.470431, 60.524894]}, "properties": {"gbifID": "3441159588", "eventDate": "2020-07-28T00:00Z", "year": 2020, "countryCode": "FI", "locality": "Hiukkalammi", "stateProvince": "Uusimaa", "basisOfRecord": "MACHINE_OBSERVATION", "coordinateUncertaintyInMeters": 1000.0, "recordedBy": "Mari Kajasvirta", "catalogNumber": "http://tun.fi/JX.1143730"}}, {"type": "Feature", "geometry": {"type": "Point", "coordinates": [29.296326, 63.219331]}, "properties": {"gbifID": "3441144812", "eventDate": "2020-07-29T00:00Z", "year": 2020, "countryCode": "FI", "locality": "", "stateProvince": "Pohjois-Karjala", "basisOfRecord": "MACHINE_OBSERVATION", "coordinateUncertaintyInMeters": 1.0, "recordedBy": "Joona Saraste", "catalogNumber": "http://tun.fi/JX.1145964"}}, {"type": "Feature", "geometry": {"type": "Point", "coordinates": [23.03848, 60.845042]}, "properties": {"gbifID": "3441163858", "eventDate": "2020-07-29T00:00Z", "year": 2020, "countryCode": "FI", "locality": "Loimaa, Tuulensuu", "stateProvince": "Varsinais-Suomi", "basisOfRecord": "MACHINE_OBSERVATION", "coordinateUncertaintyInMeters": 1.0, "recordedBy": "Tuuli Laine", "catalogNumber": "http://tun.fi/JX.1144062"}}, {"type": "Feature", "geometry": {"type": "Point", "coordinates": [25.779694, 66.498131]}, "properties": {"gbifID": "3441176922", "eventDate": "2020-07-29T00:00Z", "year": 2020, "countryCode": "FI", "locality": "Ounasvaara", "stateProvince": "Lappi", "basisOfRecord": "MACHINE_OBSERVATION", "coordinateUncertaintyInMeters": 100.0, "recordedBy": "Tapio Kekki", "catalogNumber": "http://tun.fi/JX.1169739"}}, {"type": "Feature", "geometry": {"type": "Point", "coordinates": [25.767281, 66.509916]}, "properties": {"gbifID": "3441197368", "eventDate": "2020-07-30T00:00Z", "year": 2020, "countryCode": "FI", "locality": "Pullinranta", "stateProvince": "Lappi", "basisOfRecord": "HUMAN_OBSERVATION", "coordinateUncertaintyInMeters": 1.0, "recordedBy": "Seija Korpinen", "catalogNumber": "http://tun.fi/JX.1144374"}}, {"type": "Feature", "geometry": {"type": "Point", "coordinates": [24.682613, 60.213593]}, "properties": {"gbifID": "3441129141", "eventDate": "2020-08-01T00:00Z", "year": 2020, "countryCode": "FI", "locality": "Kasavuoren ls-alue", "stateProvince": "Uusimaa", "basisOfRecord": "MACHINE_OBSERVATION", "coordinateUncertaintyInMeters": 1000.0, "recordedBy": "Mari Kajasvirta", "catalogNumber": "http://tun.fi/JX.1146694"}}, {"type": "Feature", "geometry": {"type": "Point", "coordinates": [25.635767, 61.231412]}, "properties": {"gbifID": "3441168193", "eventDate": "2020-08-01T00:00Z", "year": 2020, "countryCode": "FI", "locality": "Mustassaari", "stateProvince": "Päijät-Häme", "basisOfRecord": "MACHINE_OBSERVATION", "coordinateUncertaintyInMeters": 1.0, "recordedBy": "Petri Roponen", "catalogNumber": "http://tun.fi/JX.1144691"}}, {"type": "Feature", "geometry": {"type": "Point", "coordinates": [23.542522, 61.548178]}, "properties": {"gbifID": "3441184316", "eventDate": "2020-08-02T00:00Z", "year": 2020, "countryCode": "FI", "locality": "Ahvenisto", "stateProvince": "Pirkanmaa", "basisOfRecord": "MACHINE_OBSERVATION", "coordinateUncertaintyInMeters": 1000.0, "recordedBy": "Anne-Mari Enne;Piia Lamminsivu", "catalogNumber": "http://tun.fi/JX.1145168"}}, {"type": "Feature", "geometry": {"type": "Point", "coordinates": [23.51366, 64.027853]}, "properties": {"gbifID": "3441142281", "eventDate": "2020-08-03T00:00Z", "year": 2020, "countryCode": "FI", "locality": "", "stateProvince": "Keski-Pohjanmaa", "basisOfRecord": "MACHINE_OBSERVATION", "coordinateUncertaintyInMeters": 1.0, "recordedBy": "Esa Borén", "catalogNumber": "http://tun.fi/JX.1145386"}}, {"type": "Feature", "geometry": {"type": "Point", "coordinates": [23.398313, 64.010012]}, "properties": {"gbifID": "3441142558", "eventDate": "2020-08-03T00:00Z", "year": 2020, "countryCode": "FI", "locality": "Vattaja", "stateProvince": "Keski-Pohjanmaa", "basisOfRecord": "MACHINE_OBSERVATION", "coordinateUncertaintyInMeters": 1.0, "recordedBy": "Esa Borén", "catalogNumber": "http://tun.fi/JX.1145386"}}, {"type": "Feature", "geometry": {"type": "Point", "coordinates": [23.203063, 59.920905]}, "properties": {"gbifID": "3441159000", "eventDate": "2020-08-03T00:00Z", "year": 2020, "countryCode": "FI", "locality": "Öby", "stateProvince": "Uusimaa", "basisOfRecord": "MACHINE_OBSERVATION", "coordinateUncertaintyInMeters": 100.0, "recordedBy": "Mari Kajasvirta", "catalogNumber": "http://tun.fi/JX.1145270"}}, {"type": "Feature", "geometry": {"type": "Point", "coordinates": [23.208481, 59.910774]}, "properties": {"gbifID": "3441159079", "eventDate": "2020-08-03T00:00Z", "year": 2020, "countryCode": "FI", "locality": "Öby", "stateProvince": "Uusimaa", "basisOfRecord": "MACHINE_OBSERVATION", "coordinateUncertaintyInMeters": 1000.0, "recordedBy": "Mari Kajasvirta", "catalogNumber": "http://tun.fi/JX.1145270"}}, {"type": "Feature", "geometry": {"type": "Point", "coordinates": [28.367788, 65.284369]}, "properties": {"gbifID": "3441139835", "eventDate": "2020-08-04T00:00Z", "year": 2020, "countryCode": "FI", "locality": "Kissankulma", "stateProvince": "Pohjois-Pohjanmaa", "basisOfRecord": "MACHINE_OBSERVATION", "coordinateUncertaintyInMeters": 1000.0, "recordedBy": "Outi Palmén", "catalogNumber": "http://tun.fi/JX.1145758"}}, {"type": "Feature", "geometry": {"type": "Point", "coordinates": [26.344056, 62.318677]}, "properties": {"gbifID": "3441174955", "eventDate": "2020-08-04T00:00Z", "year": 2020, "countryCode": "FI", "locality": "Ruusa", "stateProvince": "Keski-Suomi", "basisOfRecord": "MACHINE_OBSERVATION", "coordinateUncertaintyInMeters": 1.0, "recordedBy": "Laura Tarvainen", "catalogNumber": "http://tun.fi/JX.1203051"}}, {"type": "Feature", "geometry": {"type": "Point", "coordinates": [23.475205, 61.657627]}, "properties": {"gbifID": "3441193690", "eventDate": "2020-08-04T00:00Z", "year": 2020, "countryCode": "FI", "locality": "Lavajärvi", "stateProvince": "Pirkanmaa", "basisOfRecord": "MACHINE_OBSERVATION", "coordinateUncertaintyInMeters": 1.0, "recordedBy": "Anne-Mari Enne;Piia Lamminsivu", "catalogNumber": "http://tun.fi/JX.1145648"}}, {"type": "Feature", "geometry": {"type": "Point", "coordinates": [25.723464, 60.355639]}, "properties": {"gbifID": "3441169381", "eventDate": "2020-08-06T00:00Z", "year": 2020, "countryCode": "FI", "locality": "Stensböle, Långnäsberget", "stateProvince": "Uusimaa", "basisOfRecord": "HUMAN_OBSERVATION", "coordinateUncertaintyInMeters": 1.0, "recordedBy": "Tea von Bonsdorff", "catalogNumber": "http://tun.fi/JX.1146044"}}, {"type": "Feature", "geometry": {"type": "Point", "coordinates": [23.380359, 61.468215]}, "properties": {"gbifID": "3441216656", "eventDate": "2020-08-06T00:00Z", "year": 2020, "countryCode": "FI", "locality": "Siuro", "stateProvince": "Pirkanmaa", "basisOfRecord": "MACHINE_OBSERVATION", "coordinateUncertaintyInMeters": 1000.0, "recordedBy": "Anne Hirvonen", "catalogNumber": "http://tun.fi/JX.1148137"}}, {"type": "Feature", "geometry": {"type": "Point", "coordinates": [23.105513, 63.089593]}, "properties": {"gbifID": "3441147845", "eventDate": "2020-08-08T00:00Z", "year": 2020, "countryCode": "FI", "locality": "", "stateProvince": "Etelä-Pohjanmaa", "basisOfRecord": "MACHINE_OBSERVATION", "coordinateUncertaintyInMeters": 1.0, "recordedBy": "Outi Laakso", "catalogNumber": "http://tun.fi/JX.1146513"}}, {"type": "Feature", "geometry": {"type": "Point", "coordinates": [23.762212, 63.987864]}, "properties": {"gbifID": "3441150593", "eventDate": "2020-08-08T00:00Z", "year": 2020, "countryCode": "FI", "locality": "", "stateProvince": "Keski-Pohjanmaa", "basisOfRecord": "MACHINE_OBSERVATION", "coordinateUncertaintyInMeters": 1.0, "recordedBy": "Esa Borén", "catalogNumber": "http://tun.fi/JX.1146750"}}, {"type": "Feature", "geometry": {"type": "Point", "coordinates": [21.387118, 60.592031]}, "properties": {"gbifID": "3441213623", "eventDate": "2020-08-09T00:00Z", "year": 2020, "countryCode": "FI", "locality": "Leonsaari", "stateProvince": "Varsinais-Suomi", "basisOfRecord": "MACHINE_OBSERVATION", "coordinateUncertaintyInMeters": 10.0, "recordedBy": "Jukka Vauras", "catalogNumber": "http://tun.fi/JX.1147752"}}, {"type": "Feature", "geometry": {"type": "Point", "coordinates": [28.78981, 62.39392]}, "properties": {"gbifID": "3441127325", "eventDate": "2020-08-10T00:00Z", "year": 2020, "countryCode": "FI", "locality": "Kerma, Ylä-Mari", "stateProvince": "Pohjois-Karjala", "basisOfRecord": "MACHINE_OBSERVATION", "coordinateUncertaintyInMeters": 1.0, "recordedBy": "Seppo Huhmarniemi", "catalogNumber": "http://tun.fi/JX.1147350"}}, {"type": "Feature", "geometry": {"type": "Point", "coordinates": [30.265197, 62.10704]}, "properties": {"gbifID": "3441175663", "eventDate": "2020-08-12T00:00Z", "year": 2020, "countryCode": "FI", "locality": "Potoskavaara", "stateProvince": "Pohjois-Karjala", "basisOfRecord": "MACHINE_OBSERVATION", "coordinateUncertaintyInMeters": 100.0, "recordedBy": "Tupu Vuorinen", "catalogNumber": "http://tun.fi/JX.1223832"}}, {"type": "Feature", "geometry": {"type": "Point", "coordinates": [27.7923, 64.52247]}, "properties": {"gbifID": "3441196835", "eventDate": "2020-08-12T00:00Z", "year": 2020, "countryCode": "FI", "locality": "Saarisenjärvi", "stateProvince": "Kainuu", "basisOfRecord": "MACHINE_OBSERVATION", "coordinateUncertaintyInMeters": 1.0, "recordedBy": "Seppo Huhmarniemi", "catalogNumber": "http://tun.fi/JX.1147715"}}, {"type": "Feature", "geometry": {"type": "Point", "coordinates": [23.372975, 61.467874]}, "properties": {"gbifID": "3441133814", "eventDate": "2020-08-13T00:00Z", "year": 2020, "countryCode": "FI", "locality": "Siuro", "stateProvince": "Pirkanmaa", "basisOfRecord": "MACHINE_OBSERVATION", "coordinateUncertaintyInMeters": 1.0, "recordedBy": "Anne Hirvonen", "catalogNumber": "http://tun.fi/JX.1147846"}}, {"type": "Feature", "geometry": {"type": "Point", "coordinates": [25.691888, 62.251751]}, "properties": {"gbifID": "3441216367", "eventDate": "2020-08-13T00:00Z", "year": 2020, "countryCode": "FI", "locality": "Laajavuori", "stateProvince": "Keski-Suomi", "basisOfRecord": "MACHINE_OBSERVATION", "coordinateUncertaintyInMeters": 100.0, "recordedBy": "Kaisa Tervonen", "catalogNumber": "http://tun.fi/JX.1147850"}}, {"type": "Feature", "geometry": {"type": "Point", "coordinates": [23.519, 61.559]}, "properties": {"gbifID": "5000542533", "eventDate": "2020-08-15T00:00Z", "year": 2020, "countryCode": "FI", "locality": "Julkujärvi", "stateProvince": "Pirkanmaa", "basisOfRecord": "MACHINE_OBSERVATION", "coordinateUncertaintyInMeters": 1.0, "recordedBy": "Anne-Mari Enne;Piia Lamminsivu", "catalogNumber": "http://tun.fi/JX.1791374"}}, {"type": "Feature", "geometry": {"type": "Point", "coordinates": [24.915299, 60.21303]}, "properties": {"gbifID": "3441163274", "eventDate": "2020-08-16T00:00Z", "year": 2020, "countryCode": "FI", "locality": "", "stateProvince": "Uusimaa", "basisOfRecord": "MACHINE_OBSERVATION", "coordinateUncertaintyInMeters": 1.0, "recordedBy": "Outi Laakso", "catalogNumber": "http://tun.fi/JX.1148532"}}, {"type": "Feature", "geometry": {"type": "Point", "coordinates": [22.07804, 63.073798]}, "properties": {"gbifID": "3441210632", "eventDate": "2020-08-18T00:00Z", "year": 2020, "countryCode": "FI", "locality": "Vähäkyrö Saarenpää", "stateProvince": "Pohjanmaa", "basisOfRecord": "MACHINE_OBSERVATION", "coordinateUncertaintyInMeters": 1.0, "recordedBy": "Vesa Jaaksi", "catalogNumber": "http://tun.fi/JX.1156722"}}, {"type": "Feature", "geometry": {"type": "Point", "coordinates": [29.871763, 62.63308]}, "properties": {"gbifID": "3441131008", "eventDate": "2020-08-19T00:00Z", "year": 2020, "countryCode": "FI", "locality": "Utranharju", "stateProvince": "Pohjois-Karjala", "basisOfRecord": "MACHINE_OBSERVATION", "coordinateUncertaintyInMeters": 1000.0, "recordedBy": "Anne Hirvonen", "catalogNumber": "http://tun.fi/JX.1149875"}}, {"type": "Feature", "geometry": {"type": "Point", "coordinates": [27.815244, 62.478546]}, "properties": {"gbifID": "3441188512", "eventDate": "2020-08-21T00:00Z", "year": 2020, "countryCode": "FI", "locality": "Ukonniemi", "stateProvince": "Pohjois-Savo", "basisOfRecord": "MACHINE_OBSERVATION", "coordinateUncertaintyInMeters": 1000.0, "recordedBy": "Outi Palmén", "catalogNumber": "http://tun.fi/JX.1149989"}}, {"type": "Feature", "geometry": {"type": "Point", "coordinates": [30.214441, 62.645193]}, "properties": {"gbifID": "3441195514", "eventDate": "2020-08-21T00:00Z", "year": 2020, "countryCode": "FI", "locality": "Selkie", "stateProvince": "Pohjois-Karjala", "basisOfRecord": "MACHINE_OBSERVATION", "coordinateUncertaintyInMeters": 100.0, "recordedBy": "Anne Hirvonen", "catalogNumber": "http://tun.fi/JX.1150082"}}, {"type": "Feature", "geometry": {"type": "Point", "coordinates": [23.122381, 63.836934]}, "properties": {"gbifID": "3441215993", "eventDate": "2020-08-22T00:00Z", "year": 2020, "countryCode": "FI", "locality": "", "stateProvince": "Keski-Pohjanmaa", "basisOfRecord": "MACHINE_OBSERVATION", "coordinateUncertaintyInMeters": 1.0, "recordedBy": "Esa Borén", "catalogNumber": "http://tun.fi/JX.1151335"}}, {"type": "Feature", "geometry": {"type": "Point", "coordinates": [25.026133, 60.201252]}, "properties": {"gbifID": "3441170835", "eventDate": "2020-09-02T00:00Z", "year": 2020, "countryCode": "FI", "locality": "Herttoniemi", "stateProvince": "Uusimaa", "basisOfRecord": "MACHINE_OBSERVATION", "coordinateUncertaintyInMeters": 1.0, "recordedBy": "Outi Laakso;Juha K Karvonen", "catalogNumber": "http://tun.fi/JX.1153905"}}, {"type": "Feature", "geometry": {"type": "Point", "coordinates": [28.942762, 62.206497]}, "properties": {"gbifID": "3441187081", "eventDate": "2020-09-03T00:00Z", "year": 2020, "countryCode": "FI", "locality": "Kolovesi, Nahkiaissalo", "stateProvince": "Etelä-Savo", "basisOfRecord": "MACHINE_OBSERVATION", "coordinateUncertaintyInMeters": 1.0, "recordedBy": "Peter von Bagh", "catalogNumber": "http://tun.fi/JX.1154577"}}, {"type": "Feature", "geometry": {"type": "Point", "coordinates": [26.650871, 59.280448]}, "properties": {"gbifID": "3441154097", "eventDate": "2020-09-05T00:00Z", "year": 2020, "countryCode": "EE", "locality": "Männikvälja", "stateProvince": "Lääne-Viru maakond, Lääne-Viru County", "basisOfRecord": "MACHINE_OBSERVATION", "coordinateUncertaintyInMeters": 1.0, "recordedBy": "Allar Antson", "catalogNumber": "http://tun.fi/JX.1155081"}}, {"type": "Feature", "geometry": {"type": "Point", "coordinates": [25.653323, 66.519684]}, "properties": {"gbifID": "3441155058", "eventDate": "2020-09-07T00:00Z", "year": 2020, "countryCode": "FI", "locality": "Korkalovaara", "stateProvince": "Lappi", "basisOfRecord": "MACHINE_OBSERVATION", "coordinateUncertaintyInMeters": 1000.0, "recordedBy": "Joona Saraste", "catalogNumber": "http://tun.fi/JX.1178360"}}, {"type": "Feature", "geometry": {"type": "Point", "coordinates": [26.987822, 68.973438]}, "properties": {"gbifID": "3441184004", "eventDate": "2020-09-07T00:00Z", "year": 2020, "countryCode": "FI", "locality": "", "stateProvince": "Lappi", "basisOfRecord": "MACHINE_OBSERVATION", "coordinateUncertaintyInMeters": 1.0, "recordedBy": "Petri Roponen", "catalogNumber": "http://tun.fi/JX.1155419"}}, {"type": "Feature", "geometry": {"type": "Point", "coordinates": [24.695073, 60.506187]}, "properties": {"gbifID": "3441184207", "eventDate": "2020-09-07T00:00Z/2020-09-10T00:00Z", "year": 2020, "countryCode": "FI", "locality": "Kiljava", "stateProvince": "Uusimaa", "basisOfRecord": "MACHINE_OBSERVATION", "coordinateUncertaintyInMeters": 1000.0, "recordedBy": "Mari Kajasvirta", "catalogNumber": "http://tun.fi/JX.1155475"}}, {"type": "Feature", "geometry": {"type": "Point", "coordinates": [27.704758, 60.675323]}, "properties": {"gbifID": "3441202981", "eventDate": "2020-09-09T00:00Z", "year": 2020, "countryCode": "FI", "locality": "Miehikkälän kirkko", "stateProvince": "Kymenlaakso", "basisOfRecord": "MACHINE_OBSERVATION", "coordinateUncertaintyInMeters": 1.0, "recordedBy": "Hanna Tuovila;Outi Laakso", "catalogNumber": "http://tun.fi/JX.1155851"}}, {"type": "Feature", "geometry": {"type": "Point", "coordinates": [27.56672, 60.527833]}, "properties": {"gbifID": "3441134297", "eventDate": "2020-09-10T00:00Z", "year": 2020, "countryCode": "FI", "locality": "Haakelinkangas", "stateProvince": "Kymenlaakso", "basisOfRecord": "HUMAN_OBSERVATION", "coordinateUncertaintyInMeters": 1.0, "recordedBy": "Hanna Tuovila;Outi Laakso", "catalogNumber": "http://tun.fi/JX.1155972"}}, {"type": "Feature", "geometry": {"type": "Point", "coordinates": [26.29302, 65.20248]}, "properties": {"gbifID": "3441136754", "eventDate": "2020-09-10T00:00Z", "year": 2020, "countryCode": "FI", "locality": "Hirvisuo", "stateProvince": "Pohjois-Pohjanmaa", "basisOfRecord": "MACHINE_OBSERVATION", "coordinateUncertaintyInMeters": 1.0, "recordedBy": "Seppo Huhmarniemi", "catalogNumber": "http://tun.fi/JX.1158807"}}, {"type": "Feature", "geometry": {"type": "Point", "coordinates": [25.699024, 60.39069]}, "properties": {"gbifID": "3441144616", "eventDate": "2020-09-10T00:00Z", "year": 2020, "countryCode": "FI", "locality": "Kevätkumpu", "stateProvince": "Uusimaa", "basisOfRecord": "MACHINE_OBSERVATION", "coordinateUncertaintyInMeters": 1.0, "recordedBy": "Peter von Bagh", "catalogNumber": "http://tun.fi/JX.1156027"}}, {"type": "Feature", "geometry": {"type": "Point", "coordinates": [27.569835, 60.530228]}, "properties": {"gbifID": "3441156216", "eventDate": "2020-09-10T00:00Z", "year": 2020, "countryCode": "FI", "locality": "Haakelinkangas", "stateProvince": "Kymenlaakso", "basisOfRecord": "MACHINE_OBSERVATION", "coordinateUncertaintyInMeters": 1.0, "recordedBy": "Outi Laakso;Hanna Tuovila", "catalogNumber": "http://tun.fi/JX.1155971"}}, {"type": "Feature", "geometry": {"type": "Point", "coordinates": [25.69678, 60.3604]}, "properties": {"gbifID": "3441144511", "eventDate": "2020-09-11T00:00Z", "year": 2020, "countryCode": "FI", "locality": "Uddas", "stateProvince": "Uusimaa", "basisOfRecord": "MACHINE_OBSERVATION", "coordinateUncertaintyInMeters": 1.0, "recordedBy": "Peter von Bagh", "catalogNumber": "http://tun.fi/JX.1156264"}}, {"type": "Feature", "geometry": {"type": "Point", "coordinates": [22.099029, 58.298183]}, "properties": {"gbifID": "3441128579", "eventDate": "2020-09-12T00:00Z", "year": 2020, "countryCode": "EE", "locality": "Viidumäe", "stateProvince": "Saare maakond, Saare County", "basisOfRecord": "MACHINE_OBSERVATION", "coordinateUncertaintyInMeters": 1.0, "recordedBy": "Allar Antson", "catalogNumber": "http://tun.fi/JX.1156520"}}, {"type": "Feature", "geometry": {"type": "Point", "coordinates": [22.11327, 60.310666]}, "properties": {"gbifID": "3441201821", "eventDate": "2020-09-13T00:00Z", "year": 2020, "countryCode": "FI", "locality": "Ålön, Mustfinn", "stateProvince": "Varsinais-Suomi", "basisOfRecord": "MACHINE_OBSERVATION", "coordinateUncertaintyInMeters": 1000.0, "recordedBy": "Jukka Vauras", "catalogNumber": "http://tun.fi/JX.1156828"}}, {"type": "Feature", "geometry": {"type": "Point", "coordinates": [25.023899, 60.233707]}, "properties": {"gbifID": "3441210168", "eventDate": "2020-09-14T00:00Z", "year": 2020, "countryCode": "FI", "locality": "Malmin hautausmaa", "stateProvince": "Uusimaa", "basisOfRecord": "HUMAN_OBSERVATION", "coordinateUncertaintyInMeters": 1.0, "recordedBy": "Janne Koskinen;Leo Vainio", "catalogNumber": "http://tun.fi/JX.1156934"}}, {"type": "Feature", "geometry": {"type": "Point", "coordinates": [27.260399, 61.687584]}, "properties": {"gbifID": "3441190917", "eventDate": "2020-09-15T00:00Z", "year": 2020, "countryCode": "FI", "locality": "Vanha hautausmaa", "stateProvince": "Etelä-Savo", "basisOfRecord": "HUMAN_OBSERVATION", "coordinateUncertaintyInMeters": 1.0, "recordedBy": "Matleena Pulkkinen", "catalogNumber": "http://tun.fi/JX.1157503"}}, {"type": "Feature", "geometry": {"type": "Point", "coordinates": [23.964978, 60.572943]}, "properties": {"gbifID": "3441179737", "eventDate": "2020-09-16T00:00Z", "year": 2020, "countryCode": "FI", "locality": "Kinnaslampi", "stateProvince": "Uusimaa", "basisOfRecord": "MACHINE_OBSERVATION", "coordinateUncertaintyInMeters": 1000.0, "recordedBy": "Mari Kajasvirta", "catalogNumber": "http://tun.fi/JX.1157450"}}, {"type": "Feature", "geometry": {"type": "Point", "coordinates": [23.982868, 60.577754]}, "properties": {"gbifID": "3441179801", "eventDate": "2020-09-16T00:00Z", "year": 2020, "countryCode": "FI", "locality": "Saarijärvi", "stateProvince": "Uusimaa", "basisOfRecord": "MACHINE_OBSERVATION", "coordinateUncertaintyInMeters": 1000.0, "recordedBy": "Mari Kajasvirta", "catalogNumber": "http://tun.fi/JX.1157450"}}, {"type": "Feature", "geometry": {"type": "Point", "coordinates": [30.160129, 62.089343]}, "properties": {"gbifID": "3441138991", "eventDate": "2020-09-18T00:00Z", "year": 2020, "countryCode": "FI", "locality": "Ilmolan hautausmaa", "stateProvince": "Pohjois-Karjala", "basisOfRecord": "MACHINE_OBSERVATION", "coordinateUncertaintyInMeters": 1.0, "recordedBy": "Soile Sommarberg", "catalogNumber": "http://tun.fi/JX.1158036"}}, {"type": "Feature", "geometry": {"type": "Point", "coordinates": [30.144607, 62.092655]}, "properties": {"gbifID": "3441203339", "eventDate": "2020-09-18T00:00Z", "year": 2020, "countryCode": "FI", "locality": "Kappeli, hautausmaa", "stateProvince": "Pohjois-Karjala", "basisOfRecord": "HUMAN_OBSERVATION", "coordinateUncertaintyInMeters": 1.0, "recordedBy": "Janne Koskinen;Outi Laakso;Sanna Karvonen;Juha K Karvonen", "catalogNumber": "http://tun.fi/JX.1157859"}}, {"type": "Feature", "geometry": {"type": "Point", "coordinates": [27.419814, 66.708922]}, "properties": {"gbifID": "3441154997", "eventDate": "2020-09-19T00:00Z", "year": 2020, "countryCode": "FI", "locality": "Puuttoniemi, Pöyliöjärvi", "stateProvince": "Lappi", "basisOfRecord": "MACHINE_OBSERVATION", "coordinateUncertaintyInMeters": 1000.0, "recordedBy": "Seija Korpinen", "catalogNumber": "http://tun.fi/JX.1158060"}}, {"type": "Feature", "geometry": {"type": "Point", "coordinates": [30.250822, 62.045604]}, "properties": {"gbifID": "3441158248", "eventDate": "2020-09-19T00:00Z", "year": 2020, "countryCode": "FI", "locality": "Muholankoski, laavu", "stateProvince": "Pohjois-Karjala", "basisOfRecord": "MACHINE_OBSERVATION", "coordinateUncertaintyInMeters": 1.0, "recordedBy": "Aune Pisilä;Merja Lipponen", "catalogNumber": "http://tun.fi/JX.1159422"}}, {"type": "Feature", "geometry": {"type": "Point", "coordinates": [30.259298, 62.046042]}, "properties": {"gbifID": "3441182428", "eventDate": "2020-09-19T00:00Z", "year": 2020, "countryCode": "FI", "locality": "Muholankoski", "stateProvince": "Pohjois-Karjala", "basisOfRecord": "MACHINE_OBSERVATION", "coordinateUncertaintyInMeters": 1.0, "recordedBy": "Matleena Pulkkinen", "catalogNumber": "http://tun.fi/JX.1158120"}}, {"type": "Feature", "geometry": {"type": "Point", "coordinates": [30.257744, 62.045122]}, "properties": {"gbifID": "3441204998", "eventDate": "2020-09-19T00:00Z", "year": 2020, "countryCode": "FI", "locality": "Partasensaari", "stateProvince": "Pohjois-Karjala", "basisOfRecord": "MACHINE_OBSERVATION", "coordinateUncertaintyInMeters": 1000.0, "recordedBy": "A. Kujala", "catalogNumber": "http://tun.fi/JX.1157943"}}, {"type": "Feature", "geometry": {"type": "Point", "coordinates": [30.171834, 62.076321]}, "properties": {"gbifID": "3441128613", "eventDate": "2020-09-20T00:00Z", "year": 2020, "countryCode": "FI", "locality": "Savikko, Koikkalanmäki", "stateProvince": "Pohjois-Karjala", "basisOfRecord": "MACHINE_OBSERVATION", "coordinateUncertaintyInMeters": 100.0, "recordedBy": "Päivi Saikkonen;Laura Tarvainen", "catalogNumber": "http://tun.fi/JX.1161979"}}, {"type": "Feature", "geometry": {"type": "Point", "coordinates": [25.671062, 60.353109]}, "properties": {"gbifID": "3441157800", "eventDate": "2020-09-21T00:00Z", "year": 2020, "countryCode": "FI", "locality": "Killingö", "stateProvince": "Uusimaa", "basisOfRecord": "MACHINE_OBSERVATION", "coordinateUncertaintyInMeters": 1.0, "recordedBy": "Peter von Bagh", "catalogNumber": "http://tun.fi/JX.1158515"}}, {"type": "Feature", "geometry": {"type": "Point", "coordinates": [25.838706, 60.26605]}, "properties": {"gbifID": "3441135742", "eventDate": "2020-09-22T00:00Z", "year": 2020, "countryCode": "FI", "locality": "Sondby", "stateProvince": "Uusimaa", "basisOfRecord": "MACHINE_OBSERVATION", "coordinateUncertaintyInMeters": 1.0, "recordedBy": "Peter von Bagh", "catalogNumber": "http://tun.fi/JX.1158769"}}, {"type": "Feature", "geometry": {"type": "Point", "coordinates": [24.42233, 60.678081]}, "properties": {"gbifID": "3441212683", "eventDate": "2020-09-22T00:00Z", "year": 2020, "countryCode": "FI", "locality": "Särkilahti", "stateProvince": "Kanta-Häme", "basisOfRecord": "HUMAN_OBSERVATION", "coordinateUncertaintyInMeters": 1.0, "recordedBy": "Marja Ehrstedt", "catalogNumber": "http://tun.fi/JX.1158770"}}, {"type": "Feature", "geometry": {"type": "Point", "coordinates": [24.03823, 60.318988]}, "properties": {"gbifID": "3441137375", "eventDate": "2020-09-25T00:00Z", "year": 2020, "countryCode": "FI", "locality": "Lakkamäki", "stateProvince": "Uusimaa", "basisOfRecord": "MACHINE_OBSERVATION", "coordinateUncertaintyInMeters": 1000.0, "recordedBy": "Mari Kajasvirta", "catalogNumber": "http://tun.fi/JX.1159445"}}, {"type": "Feature", "geometry": {"type": "Point", "coordinates": [25.049495, 60.1957]}, "properties": {"gbifID": "3441166351", "eventDate": "2020-09-25T00:00Z", "year": 2020, "countryCode": "FI", "locality": "Roihuvuori Kirsikkapuisto", "stateProvince": "Uusimaa", "basisOfRecord": "HUMAN_OBSERVATION", "coordinateUncertaintyInMeters": 1000.0, "recordedBy": "Sanna Karvonen", "catalogNumber": "http://tun.fi/JX.1159451"}}, {"type": "Feature", "geometry": {"type": "Point", "coordinates": [25.715933, 60.265489]}, "properties": {"gbifID": "3441176757", "eventDate": "2020-09-25T00:00Z", "year": 2020, "countryCode": "FI", "locality": "Vessö", "stateProvince": "Uusimaa", "basisOfRecord": "MACHINE_OBSERVATION", "coordinateUncertaintyInMeters": 1.0, "recordedBy": "Peter von Bagh", "catalogNumber": "http://tun.fi/JX.1159432"}}, {"type": "Feature", "geometry": {"type": "Point", "coordinates": [21.674348, 63.088746]}, "properties": {"gbifID": "3441171120", "eventDate": "2020-09-26T00:00Z", "year": 2020, "countryCode": "FI", "locality": "Huutoniemi", "stateProvince": "Pohjanmaa", "basisOfRecord": "MACHINE_OBSERVATION", "coordinateUncertaintyInMeters": 1.0, "recordedBy": "Matti Kyröläinen", "catalogNumber": "http://tun.fi/JX.1169406"}}, {"type": "Feature", "geometry": {"type": "Point", "coordinates": [21.682474, 63.08189]}, "properties": {"gbifID": "3441173874", "eventDate": "2020-09-26T00:00Z", "year": 2020, "countryCode": "FI", "locality": "Melaniemi", "stateProvince": "Pohjanmaa", "basisOfRecord": "HUMAN_OBSERVATION", "coordinateUncertaintyInMeters": 10.0, "recordedBy": "Matti Kyröläinen", "catalogNumber": "http://tun.fi/JX.1169406"}}, {"type": "Feature", "geometry": {"type": "Point", "coordinates": [21.675257, 63.088053]}, "properties": {"gbifID": "3441175413", "eventDate": "2020-09-26T00:00Z", "year": 2020, "countryCode": "FI", "locality": "Huutoniemi", "stateProvince": "Pohjanmaa", "basisOfRecord": "MACHINE_OBSERVATION", "coordinateUncertaintyInMeters": 1.0, "recordedBy": "Matti Kyröläinen", "catalogNumber": "http://tun.fi/JX.1169406"}}, {"type": "Feature", "geometry": {"type": "Point", "coordinates": [22.078255, 63.073671]}, "properties": {"gbifID": "3441142184", "eventDate": "2020-09-27T00:00Z", "year": 2020, "countryCode": "FI", "locality": "Vähäkyrö Saarenpää", "stateProvince": "Pohjanmaa", "basisOfRecord": "HUMAN_OBSERVATION", "coordinateUncertaintyInMeters": 100.0, "recordedBy": "Vesa Jaaksi", "catalogNumber": "http://tun.fi/JX.1159973"}}, {"type": "Feature", "geometry": {"type": "Point", "coordinates": [24.640023, 60.267551]}, "properties": {"gbifID": "3441165188", "eventDate": "2020-09-29T00:00Z", "year": 2020, "countryCode": "FI", "locality": "Pirttimäki", "stateProvince": "Uusimaa", "basisOfRecord": "MACHINE_OBSERVATION", "coordinateUncertaintyInMeters": 1000.0, "recordedBy": "Mari Kajasvirta", "catalogNumber": "http://tun.fi/JX.1162021"}}, {"type": "Feature", "geometry": {"type": "Point", "coordinates": [25.033811, 60.160656]}, "properties": {"gbifID": "3441190419", "eventDate": "2020-10-03T00:00Z", "year": 2020, "countryCode": "FI", "locality": "Stansvik", "stateProvince": "Uusimaa", "basisOfRecord": "HUMAN_OBSERVATION", "coordinateUncertaintyInMeters": 1.0, "recordedBy": "Outi Laakso;Juha K Karvonen", "catalogNumber": "http://tun.fi/JX.1161669"}}, {"type": "Feature", "geometry": {"type": "Point", "coordinates": [22.077741, 63.073633]}, "properties": {"gbifID": "3441210982", "eventDate": "2020-10-03T00:00Z", "year": 2020, "countryCode": "FI", "locality": "Vähäkyrö Saarenpää", "stateProvince": "Pohjanmaa", "basisOfRecord": "HUMAN_OBSERVATION", "coordinateUncertaintyInMeters": 1.0, "recordedBy": "Vesa Jaaksi", "catalogNumber": "http://tun.fi/JX.1161881"}}, {"type": "Feature", "geometry": {"type": "Point", "coordinates": [25.649719, 62.266033]}, "properties": {"gbifID": "3441170116", "eventDate": "2020-10-04T00:00Z", "year": 2020, "countryCode": "FI", "locality": "Lummelampi", "stateProvince": "Keski-Suomi", "basisOfRecord": "MACHINE_OBSERVATION", "coordinateUncertaintyInMeters": 1000.0, "recordedBy": "Antton Manninen", "catalogNumber": "http://tun.fi/JX.1263240"}}, {"type": "Feature", "geometry": {"type": "Point", "coordinates": [25.616541, 65.119137]}, "properties": {"gbifID": "3441155444", "eventDate": "2020-10-17T00:00Z", "year": 2020, "countryCode": "FI", "locality": "Takumaantien varsi", "stateProvince": "Pohjois-Pohjanmaa", "basisOfRecord": "MACHINE_OBSERVATION", "coordinateUncertaintyInMeters": 1000.0, "recordedBy": "Aune Pisilä", "catalogNumber": "http://tun.fi/JX.1166053"}}, {"type": "Feature", "geometry": {"type": "Point", "coordinates": [28.367788, 65.284369]}, "properties": {"gbifID": "3441153874", "eventDate": "2021-07-20T00:00Z", "year": 2021, "countryCode": "FI", "locality": "Kissankulma", "stateProvince": "Pohjois-Pohjanmaa", "basisOfRecord": "MACHINE_OBSERVATION", "coordinateUncertaintyInMeters": 1000.0, "recordedBy": "Outi Palmén", "catalogNumber": "http://tun.fi/JX.1260346"}}, {"type": "Feature", "geometry": {"type": "Point", "coordinates": [23.208225, 61.37145]}, "properties": {"gbifID": "3441216960", "eventDate": "2021-08-02T00:00Z", "year": 2021, "countryCode": "FI", "locality": "Maso", "stateProvince": "Pirkanmaa", "basisOfRecord": "MACHINE_OBSERVATION", "coordinateUncertaintyInMeters": 100.0, "recordedBy": "Mikko Veräjänkorva", "catalogNumber": "http://tun.fi/JX.1264978"}}, {"type": "Feature", "geometry": {"type": "Point", "coordinates": [22.941671, 60.203487]}, "properties": {"gbifID": "3441162048", "eventDate": "2021-08-05T00:00Z", "year": 2021, "countryCode": "FI", "locality": "Lähdesuo", "stateProvince": "Varsinais-Suomi", "basisOfRecord": "MACHINE_OBSERVATION", "coordinateUncertaintyInMeters": 1000.0, "recordedBy": "Joona Saraste;Seija Korpinen;Piritta Marttila", "catalogNumber": "http://tun.fi/JX.1265238"}}, {"type": "Feature", "geometry": {"type": "Point", "coordinates": [23.462506, 61.658951]}, "properties": {"gbifID": "3441129242", "eventDate": "2021-08-05T17:53Z", "year": 2021, "countryCode": "FI", "locality": "", "stateProvince": "Pirkanmaa", "basisOfRecord": "MACHINE_OBSERVATION", "coordinateUncertaintyInMeters": 1.0, "recordedBy": "Anne-Mari Enne;Piia Lamminsivu", "catalogNumber": "http://tun.fi/JX.1265233"}}, {"type": "Feature", "geometry": {"type": "Point", "coordinates": [23.106964, 63.090072]}, "properties": {"gbifID": "3441144566", "eventDate": "2021-08-06T10:34Z", "year": 2021, "countryCode": "FI", "locality": "", "stateProvince": "Etelä-Pohjanmaa", "basisOfRecord": "MACHINE_OBSERVATION", "coordinateUncertaintyInMeters": 1.0, "recordedBy": "Outi Laakso", "catalogNumber": "http://tun.fi/JX.1265315"}}, {"type": "Feature", "geometry": {"type": "Point", "coordinates": [23.476641, 61.65818]}, "properties": {"gbifID": "3441168370", "eventDate": "2021-08-06T17:57Z", "year": 2021, "countryCode": "FI", "locality": "", "stateProvince": "Pirkanmaa", "basisOfRecord": "MACHINE_OBSERVATION", "coordinateUncertaintyInMeters": 1.0, "recordedBy": "Anne-Mari Enne;Piia Lamminsivu", "catalogNumber": "http://tun.fi/JX.1265543"}}, {"type": "Feature", "geometry": {"type": "Point", "coordinates": [23.473751, 61.658704]}, "properties": {"gbifID": "3441192593", "eventDate": "2021-08-06T18:17Z", "year": 2021, "countryCode": "FI", "locality": "", "stateProvince": "Pirkanmaa", "basisOfRecord": "MACHINE_OBSERVATION", "coordinateUncertaintyInMeters": 1.0, "recordedBy": "Anne-Mari Enne;Piia Lamminsivu", "catalogNumber": "http://tun.fi/JX.1265543"}}, {"type": "Feature", "geometry": {"type": "Point", "coordinates": [23.003099, 60.267834]}, "properties": {"gbifID": "3441172193", "eventDate": "2021-08-08T00:00Z", "year": 2021, "countryCode": "FI", "locality": "Kirjakkala", "stateProvince": "Varsinais-Suomi", "basisOfRecord": "MACHINE_OBSERVATION", "coordinateUncertaintyInMeters": 1000.0, "recordedBy": "Joona Saraste;Seija Korpinen;Piritta Marttila", "catalogNumber": "http://tun.fi/JX.1266412"}}, {"type": "Feature", "geometry": {"type": "Point", "coordinates": [25.561591, 60.976123]}, "properties": {"gbifID": "3441200914", "eventDate": "2021-08-08T00:00Z", "year": 2021, "countryCode": "FI", "locality": "Okeroinen", "stateProvince": "Päijät-Häme", "basisOfRecord": "MACHINE_OBSERVATION", "coordinateUncertaintyInMeters": 1.0, "recordedBy": "Petri Roponen", "catalogNumber": "http://tun.fi/JX.1265852"}}, {"type": "Feature", "geometry": {"type": "Point", "coordinates": [26.348105, 62.320228]}, "properties": {"gbifID": "3696592318", "eventDate": "2021-08-08T00:00Z", "year": 2021, "countryCode": "FI", "locality": "Niemisjärvi, Lsv", "stateProvince": "Keski-Suomi", "basisOfRecord": "MACHINE_OBSERVATION", "coordinateUncertaintyInMeters": 1000.0, "recordedBy": "Laura Tarvainen", "catalogNumber": "http://tun.fi/JX.1265841"}}, {"type": "Feature", "geometry": {"type": "Point", "coordinates": [23.877674, 61.519995]}, "properties": {"gbifID": "3441177360", "eventDate": "2021-08-08T13:38Z", "year": 2021, "countryCode": "FI", "locality": "", "stateProvince": "Pirkanmaa", "basisOfRecord": "MACHINE_OBSERVATION", "coordinateUncertaintyInMeters": 1.0, "recordedBy": "Anne-Mari Enne;Piia Lamminsivu", "catalogNumber": "http://tun.fi/JX.1265902"}}, {"type": "Feature", "geometry": {"type": "Point", "coordinates": [28.367788, 65.284369]}, "properties": {"gbifID": "3441126650", "eventDate": "2021-08-09T00:00Z", "year": 2021, "countryCode": "FI", "locality": "Kissankulma", "stateProvince": "Pohjois-Pohjanmaa", "basisOfRecord": "MACHINE_OBSERVATION", "coordinateUncertaintyInMeters": 1000.0, "recordedBy": "Outi Palmén", "catalogNumber": "http://tun.fi/JX.1266400"}}, {"type": "Feature", "geometry": {"type": "Point", "coordinates": [25.39343, 65.15495]}, "properties": {"gbifID": "3441126897", "eventDate": "2021-08-09T00:00Z", "year": 2021, "countryCode": "FI", "locality": "Haukipudas", "stateProvince": "Pohjois-Pohjanmaa", "basisOfRecord": "MACHINE_OBSERVATION", "coordinateUncertaintyInMeters": 1.0, "recordedBy": "Alpo Huhmarniemi", "catalogNumber": "http://tun.fi/JX.1266231"}}, {"type": "Feature", "geometry": {"type": "Point", "coordinates": [25.116205, 60.526659]}, "properties": {"gbifID": "3441154374", "eventDate": "2021-08-10T00:00Z", "year": 2021, "countryCode": "FI", "locality": "", "stateProvince": "Uusimaa", "basisOfRecord": "MACHINE_OBSERVATION", "coordinateUncertaintyInMeters": 1.0, "recordedBy": "Hanna Tienhaara", "catalogNumber": "http://tun.fi/JX.1266613"}}, {"type": "Feature", "geometry": {"type": "Point", "coordinates": [24.398655, 60.536992]}, "properties": {"gbifID": "3441127497", "eventDate": "2021-08-11T00:00Z", "year": 2021, "countryCode": "FI", "locality": "Iilammi", "stateProvince": "Uusimaa", "basisOfRecord": "MACHINE_OBSERVATION", "coordinateUncertaintyInMeters": 1000.0, "recordedBy": "Mari Kajasvirta", "catalogNumber": "http://tun.fi/JX.1266713"}}, {"type": "Feature", "geometry": {"type": "Point", "coordinates": [23.936175, 62.046904]}, "properties": {"gbifID": "3441186745", "eventDate": "2021-08-11T00:00Z", "year": 2021, "countryCode": "FI", "locality": "Pohtio", "stateProvince": "Pirkanmaa", "basisOfRecord": "MACHINE_OBSERVATION", "coordinateUncertaintyInMeters": 1000.0, "recordedBy": "Tyyra Juka", "catalogNumber": "http://tun.fi/JX.1266802"}}, {"type": "Feature", "geometry": {"type": "Point", "coordinates": [26.144231, 62.043547]}, "properties": {"gbifID": "3441205460", "eventDate": "2021-08-11T00:00Z", "year": 2021, "countryCode": "FI", "locality": "Paloskylä", "stateProvince": "Keski-Suomi", "basisOfRecord": "MACHINE_OBSERVATION", "coordinateUncertaintyInMeters": 100.0, "recordedBy": "Erna Suutari", "catalogNumber": "http://tun.fi/JX.1266983"}}, {"type": "Feature", "geometry": {"type": "Point", "coordinates": [24.47157, 60.525878]}, "properties": {"gbifID": "3441134143", "eventDate": "2021-08-12T00:00Z", "year": 2021, "countryCode": "FI", "locality": "Rönninlukot", "stateProvince": "Uusimaa", "basisOfRecord": "MACHINE_OBSERVATION", "coordinateUncertaintyInMeters": 1000.0, "recordedBy": "Mari Kajasvirta", "catalogNumber": "http://tun.fi/JX.1266957"}}, {"type": "Feature", "geometry": {"type": "Point", "coordinates": [23.943222, 62.053846]}, "properties": {"gbifID": "3441152268", "eventDate": "2021-08-12T00:00Z", "year": 2021, "countryCode": "FI", "locality": "Mustajärvi Mutiperä", "stateProvince": "Pirkanmaa", "basisOfRecord": "MACHINE_OBSERVATION", "coordinateUncertaintyInMeters": 100.0, "recordedBy": "Tyyra Juka", "catalogNumber": "http://tun.fi/JX.1267344"}}, {"type": "Feature", "geometry": {"type": "Point", "coordinates": [26.433775, 62.327426]}, "properties": {"gbifID": "3455149326", "eventDate": "2021-08-13T00:00Z", "year": 2021, "countryCode": "FI", "locality": "Ruumissaari", "stateProvince": "Keski-Suomi", "basisOfRecord": "MACHINE_OBSERVATION", "coordinateUncertaintyInMeters": 100.0, "recordedBy": "Laura Tarvainen", "catalogNumber": "http://tun.fi/JX.1342186"}}, {"type": "Feature", "geometry": {"type": "Point", "coordinates": [24.622433, 60.32089]}, "properties": {"gbifID": "3441204550", "eventDate": "2021-08-14T00:00Z", "year": 2021, "countryCode": "FI", "locality": "Takkula", "stateProvince": "Uusimaa", "basisOfRecord": "MACHINE_OBSERVATION", "coordinateUncertaintyInMeters": 1000.0, "recordedBy": "Mari Kajasvirta", "catalogNumber": "http://tun.fi/JX.1294834"}}, {"type": "Feature", "geometry": {"type": "Point", "coordinates": [25.697916, 60.381404]}, "properties": {"gbifID": "3441208086", "eventDate": "2021-08-15T00:00Z", "year": 2021, "countryCode": "FI", "locality": "Kevätkumpu", "stateProvince": "Uusimaa", "basisOfRecord": "MACHINE_OBSERVATION", "coordinateUncertaintyInMeters": 1.0, "recordedBy": "Peter von Bagh", "catalogNumber": "http://tun.fi/JX.1267862"}}, {"type": "Feature", "geometry": {"type": "Point", "coordinates": [23.188014, 59.936815]}, "properties": {"gbifID": "3441134916", "eventDate": "2021-08-16T00:00Z", "year": 2021, "countryCode": "FI", "locality": "Öby", "stateProvince": "Uusimaa", "basisOfRecord": "MACHINE_OBSERVATION", "coordinateUncertaintyInMeters": 1000.0, "recordedBy": "Mari Kajasvirta", "catalogNumber": "http://tun.fi/JX.1268025"}}, {"type": "Feature", "geometry": {"type": "Point", "coordinates": [22.341081, 60.380996]}, "properties": {"gbifID": "3441146944", "eventDate": "2021-08-16T10:46Z", "year": 2021, "countryCode": "FI", "locality": "", "stateProvince": "Varsinais-Suomi", "basisOfRecord": "MACHINE_OBSERVATION", "coordinateUncertaintyInMeters": 1.0, "recordedBy": "Jakke Elonen", "catalogNumber": "http://tun.fi/JX.1268096"}}, {"type": "Feature", "geometry": {"type": "Point", "coordinates": [25.663981, 62.244972]}, "properties": {"gbifID": "3441175313", "eventDate": "2021-08-16T17:40Z", "year": 2021, "countryCode": "FI", "locality": "Köhniöjärvi", "stateProvince": "Keski-Suomi", "basisOfRecord": "MACHINE_OBSERVATION", "coordinateUncertaintyInMeters": 1.0, "recordedBy": "Panu Mäkinen", "catalogNumber": "http://tun.fi/JX.1268223"}}, {"type": "Feature", "geometry": {"type": "Point", "coordinates": [23.187573, 59.89385]}, "properties": {"gbifID": "3441129167", "eventDate": "2021-08-17T00:00Z", "year": 2021, "countryCode": "FI", "locality": "Anckars", "stateProvince": "Uusimaa", "basisOfRecord": "MACHINE_OBSERVATION", "coordinateUncertaintyInMeters": 1000.0, "recordedBy": "Mari Kajasvirta", "catalogNumber": "http://tun.fi/JX.1268280"}}, {"type": "Feature", "geometry": {"type": "Point", "coordinates": [30.26634, 62.108186]}, "properties": {"gbifID": "3441131257", "eventDate": "2021-08-17T00:00Z", "year": 2021, "countryCode": "FI", "locality": "Potoskavaara", "stateProvince": "Pohjois-Karjala", "basisOfRecord": "MACHINE_OBSERVATION", "coordinateUncertaintyInMeters": 1.0, "recordedBy": "Tupu Vuorinen", "catalogNumber": "http://tun.fi/JX.1329058"}}, {"type": "Feature", "geometry": {"type": "Point", "coordinates": [26.063357, 61.220411]}, "properties": {"gbifID": "3441205399", "eventDate": "2021-08-18T00:00Z", "year": 2021, "countryCode": "FI", "locality": "", "stateProvince": "Päijät-Häme", "basisOfRecord": "MACHINE_OBSERVATION", "coordinateUncertaintyInMeters": 1000.0, "recordedBy": "Minna Jukkola", "catalogNumber": "http://tun.fi/JX.1268738"}}, {"type": "Feature", "geometry": {"type": "Point", "coordinates": [28.367788, 65.284369]}, "properties": {"gbifID": "3441211104", "eventDate": "2021-08-18T00:00Z", "year": 2021, "countryCode": "FI", "locality": "Kissankulma", "stateProvince": "Pohjois-Pohjanmaa", "basisOfRecord": "MACHINE_OBSERVATION", "coordinateUncertaintyInMeters": 1000.0, "recordedBy": "Outi Palmén", "catalogNumber": "http://tun.fi/JX.1268842"}}, {"type": "Feature", "geometry": {"type": "Point", "coordinates": [22.402383, 60.394565]}, "properties": {"gbifID": "3441175143", "eventDate": "2021-08-18T13:20Z", "year": 2021, "countryCode": "FI", "locality": "", "stateProvince": "Varsinais-Suomi", "basisOfRecord": "MACHINE_OBSERVATION", "coordinateUncertaintyInMeters": 1.0, "recordedBy": "Jakke Elonen", "catalogNumber": "http://tun.fi/JX.1268890"}}, {"type": "Feature", "geometry": {"type": "Point", "coordinates": [29.867648, 62.629004]}, "properties": {"gbifID": "3441194412", "eventDate": "2021-08-18T15:21Z/2021-08-18T17:28Z", "year": 2021, "countryCode": "FI", "locality": "Utra", "stateProvince": "Pohjois-Karjala", "basisOfRecord": "MACHINE_OBSERVATION", "coordinateUncertaintyInMeters": 1.0, "recordedBy": "Olli Salmela", "catalogNumber": "http://tun.fi/JX.1268958"}}, {"type": "Feature", "geometry": {"type": "Point", "coordinates": [28.367788, 65.284369]}, "properties": {"gbifID": "3441177239", "eventDate": "2021-08-19T00:00Z", "year": 2021, "countryCode": "FI", "locality": "Kissankulma", "stateProvince": "Pohjois-Pohjanmaa", "basisOfRecord": "MACHINE_OBSERVATION", "coordinateUncertaintyInMeters": 1000.0, "recordedBy": "Outi Palmén", "catalogNumber": "http://tun.fi/JX.1268891"}}, {"type": "Feature", "geometry": {"type": "Point", "coordinates": [23.65359, 61.995926]}, "properties": {"gbifID": "3441184107", "eventDate": "2021-08-19T14:29Z/2021-08-19T14:58Z", "year": 2021, "countryCode": "FI", "locality": "", "stateProvince": "Pirkanmaa", "basisOfRecord": "MACHINE_OBSERVATION", "coordinateUncertaintyInMeters": 1.0, "recordedBy": "Outi Laakso", "catalogNumber": "http://tun.fi/JX.1268948"}}, {"type": "Feature", "geometry": {"type": "Point", "coordinates": [24.500795, 60.523964]}, "properties": {"gbifID": "3441161723", "eventDate": "2021-08-20T00:00Z", "year": 2021, "countryCode": "FI", "locality": "Ahdinpalo - Keliininsuo", "stateProvince": "Uusimaa", "basisOfRecord": "MACHINE_OBSERVATION", "coordinateUncertaintyInMeters": 1000.0, "recordedBy": "Mari Kajasvirta", "catalogNumber": "http://tun.fi/JX.1269084"}}, {"type": "Feature", "geometry": {"type": "Point", "coordinates": [24.50256, 60.521485]}, "properties": {"gbifID": "3441161735", "eventDate": "2021-08-20T00:00Z", "year": 2021, "countryCode": "FI", "locality": "Ahdinpalo", "stateProvince": "Uusimaa", "basisOfRecord": "MACHINE_OBSERVATION", "coordinateUncertaintyInMeters": 1000.0, "recordedBy": "Mari Kajasvirta", "catalogNumber": "http://tun.fi/JX.1269084"}}, {"type": "Feature", "geometry": {"type": "Point", "coordinates": [24.486213, 60.542288]}, "properties": {"gbifID": "3441207835", "eventDate": "2021-08-20T00:00Z", "year": 2021, "countryCode": "FI", "locality": "Kiven reitti, \"Partiolaisten ranta\"", "stateProvince": "Uusimaa", "basisOfRecord": "MACHINE_OBSERVATION", "coordinateUncertaintyInMeters": 1000.0, "recordedBy": "Mari Kajasvirta", "catalogNumber": "http://tun.fi/JX.1269040"}}, {"type": "Feature", "geometry": {"type": "Point", "coordinates": [27.739121, 62.512669]}, "properties": {"gbifID": "3441211146", "eventDate": "2021-08-20T00:00Z", "year": 2021, "countryCode": "FI", "locality": "Särkilahti", "stateProvince": "Pohjois-Savo", "basisOfRecord": "MACHINE_OBSERVATION", "coordinateUncertaintyInMeters": 1000.0, "recordedBy": "Outi Palmén", "catalogNumber": "http://tun.fi/JX.1269577"}}, {"type": "Feature", "geometry": {"type": "Point", "coordinates": [27.696883, 62.560724]}, "properties": {"gbifID": "3441156500", "eventDate": "2021-08-21T00:00Z", "year": 2021, "countryCode": "FI", "locality": "", "stateProvince": "Pohjois-Savo", "basisOfRecord": "MACHINE_OBSERVATION", "coordinateUncertaintyInMeters": 1000.0, "recordedBy": "Outi Palmén", "catalogNumber": "http://tun.fi/JX.1269579"}}, {"type": "Feature", "geometry": {"type": "Point", "coordinates": [23.978273, 62.03739]}, "properties": {"gbifID": "3441165279", "eventDate": "2021-08-21T00:00Z", "year": 2021, "countryCode": "FI", "locality": "Mustajärvi Roskalanvuori", "stateProvince": "Pirkanmaa", "basisOfRecord": "MACHINE_OBSERVATION", "coordinateUncertaintyInMeters": 1000.0, "recordedBy": "Tyyra Juka", "catalogNumber": "http://tun.fi/JX.1270339"}}, {"type": "Feature", "geometry": {"type": "Point", "coordinates": [25.669023, 66.582068]}, "properties": {"gbifID": "3441196967", "eventDate": "2021-08-21T00:00Z", "year": 2021, "countryCode": "FI", "locality": "Nivankylä, Vesalanperä", "stateProvince": "Lappi", "basisOfRecord": "MACHINE_OBSERVATION", "coordinateUncertaintyInMeters": 1.0, "recordedBy": "Seppo Huhmarniemi", "catalogNumber": "http://tun.fi/JX.1270028"}}, {"type": "Feature", "geometry": {"type": "Point", "coordinates": [24.476847, 60.525122]}, "properties": {"gbifID": "3441209600", "eventDate": "2021-08-21T00:00Z", "year": 2021, "countryCode": "FI", "locality": "Hiukkalammi", "stateProvince": "Uusimaa", "basisOfRecord": "MACHINE_OBSERVATION", "coordinateUncertaintyInMeters": 1000.0, "recordedBy": "Mari Kajasvirta", "catalogNumber": "http://tun.fi/JX.1269591"}}, {"type": "Feature", "geometry": {"type": "Point", "coordinates": [23.532477, 63.51462]}, "properties": {"gbifID": "3441197407", "eventDate": "2021-08-21T12:33Z/2021-08-21T13:06Z", "year": 2021, "countryCode": "FI", "locality": "", "stateProvince": "Pohjanmaa", "basisOfRecord": "MACHINE_OBSERVATION", "coordinateUncertaintyInMeters": 1.0, "recordedBy": "Outi Laakso", "catalogNumber": "http://tun.fi/JX.1269376"}}, {"type": "Feature", "geometry": {"type": "Point", "coordinates": [24.682613, 60.213593]}, "properties": {"gbifID": "3441127318", "eventDate": "2021-08-24T00:00Z", "year": 2021, "countryCode": "FI", "locality": "Kasavuoren ls-alue", "stateProvince": "Uusimaa", "basisOfRecord": "MACHINE_OBSERVATION", "coordinateUncertaintyInMeters": 1000.0, "recordedBy": "Mari Kajasvirta", "catalogNumber": "http://tun.fi/JX.1270591"}}, {"type": "Feature", "geometry": {"type": "Point", "coordinates": [26.062435, 61.215184]}, "properties": {"gbifID": "3441165394", "eventDate": "2021-08-24T00:00Z", "year": 2021, "countryCode": "FI", "locality": "", "stateProvince": "Päijät-Häme", "basisOfRecord": "HUMAN_OBSERVATION", "coordinateUncertaintyInMeters": 1000.0, "recordedBy": "Minna Jukkola", "catalogNumber": "http://tun.fi/JX.1270134"}}, {"type": "Feature", "geometry": {"type": "Point", "coordinates": [24.279073, 59.307848]}, "properties": {"gbifID": "3441209053", "eventDate": "2021-08-27T00:00Z", "year": 2021, "countryCode": "EE", "locality": "Niitvälja", "stateProvince": "Harju maakond, Harju County", "basisOfRecord": "MACHINE_OBSERVATION", "coordinateUncertaintyInMeters": 1.0, "recordedBy": "Allar Antson", "catalogNumber": "http://tun.fi/JX.1270815"}}, {"type": "Feature", "geometry": {"type": "Point", "coordinates": [23.020787, 60.842089]}, "properties": {"gbifID": "3441169036", "eventDate": "2021-08-27T13:22Z", "year": 2021, "countryCode": "FI", "locality": "", "stateProvince": "Varsinais-Suomi", "basisOfRecord": "MACHINE_OBSERVATION", "coordinateUncertaintyInMeters": 1.0, "recordedBy": "Anne-Mari Enne;Piia Lamminsivu", "catalogNumber": "http://tun.fi/JX.1270820"}}, {"type": "Feature", "geometry": {"type": "Point", "coordinates": [24.614322, 60.339346]}, "properties": {"gbifID": "3441136900", "eventDate": "2021-08-28T00:00Z", "year": 2021, "countryCode": "FI", "locality": "Väärä-Musta", "stateProvince": "Uusimaa", "basisOfRecord": "MACHINE_OBSERVATION", "coordinateUncertaintyInMeters": 1.0, "recordedBy": "Mikko Veräjänkorva", "catalogNumber": "http://tun.fi/JX.1271529"}}, {"type": "Feature", "geometry": {"type": "Point", "coordinates": [24.729606, 60.326028]}, "properties": {"gbifID": "3441139808", "eventDate": "2021-08-28T00:00Z/2021-09-02T00:00Z", "year": 2021, "countryCode": "FI", "locality": "Korpilampi", "stateProvince": "Uusimaa", "basisOfRecord": "MACHINE_OBSERVATION", "coordinateUncertaintyInMeters": 1000.0, "recordedBy": "Mari Kajasvirta", "catalogNumber": "http://tun.fi/JX.1294833"}}, {"type": "Feature", "geometry": {"type": "Point", "coordinates": [22.33113, 60.365676]}, "properties": {"gbifID": "3441141869", "eventDate": "2021-08-28T11:40Z", "year": 2021, "countryCode": "FI", "locality": "", "stateProvince": "Varsinais-Suomi", "basisOfRecord": "MACHINE_OBSERVATION", "coordinateUncertaintyInMeters": 1.0, "recordedBy": "Jakke Elonen", "catalogNumber": "http://tun.fi/JX.1271120"}}, {"type": "Feature", "geometry": {"type": "Point", "coordinates": [23.604574, 59.211725]}, "properties": {"gbifID": "3441151873", "eventDate": "2021-09-01T00:00Z", "year": 2021, "countryCode": "EE", "locality": "Peraküla", "stateProvince": "Lääne maakond, Lääne County", "basisOfRecord": "MACHINE_OBSERVATION", "coordinateUncertaintyInMeters": 1.0, "recordedBy": "Allar Antson", "catalogNumber": "http://tun.fi/JX.1272490"}}, {"type": "Feature", "geometry": {"type": "Point", "coordinates": [23.741739, 59.261933]}, "properties": {"gbifID": "3441194878", "eventDate": "2021-09-03T00:00Z", "year": 2021, "countryCode": "EE", "locality": "Keibu", "stateProvince": "Harju maakond, Harju County", "basisOfRecord": "MACHINE_OBSERVATION", "coordinateUncertaintyInMeters": 1.0, "recordedBy": "Allar Antson", "catalogNumber": "http://tun.fi/JX.1272918"}}, {"type": "Feature", "geometry": {"type": "Point", "coordinates": [24.283781, 59.287214]}, "properties": {"gbifID": "3441203033", "eventDate": "2021-09-03T00:00Z", "year": 2021, "countryCode": "EE", "locality": "Lehola", "stateProvince": "Harju maakond, Harju County", "basisOfRecord": "MACHINE_OBSERVATION", "coordinateUncertaintyInMeters": 1.0, "recordedBy": "Allar Antson", "catalogNumber": "http://tun.fi/JX.1272868"}}, {"type": "Feature", "geometry": {"type": "Point", "coordinates": [24.560095, 60.529166]}, "properties": {"gbifID": "3441204593", "eventDate": "2021-09-04T00:00Z", "year": 2021, "countryCode": "FI", "locality": "Laihue", "stateProvince": "Uusimaa", "basisOfRecord": "MACHINE_OBSERVATION", "coordinateUncertaintyInMeters": 1000.0, "recordedBy": "Mari Kajasvirta", "catalogNumber": "http://tun.fi/JX.1273024"}}, {"type": "Feature", "geometry": {"type": "Point", "coordinates": [25.808099, 62.220259]}, "properties": {"gbifID": "3441168037", "eventDate": "2021-09-04T00:00Z/2021-09-05T00:00Z", "year": 2021, "countryCode": "FI", "locality": "Kuokkala, Samulinniemi", "stateProvince": "Keski-Suomi", "basisOfRecord": "MACHINE_OBSERVATION", "coordinateUncertaintyInMeters": 1.0, "recordedBy": "Tilta Matilda", "catalogNumber": "http://tun.fi/JX.1273277"}}, {"type": "Feature", "geometry": {"type": "Point", "coordinates": [25.063485, 60.250306]}, "properties": {"gbifID": "3441202572", "eventDate": "2021-09-04T14:44Z/2021-09-04T15:20Z", "year": 2021, "countryCode": "FI", "locality": "", "stateProvince": "Uusimaa", "basisOfRecord": "MACHINE_OBSERVATION", "coordinateUncertaintyInMeters": 1.0, "recordedBy": "Outi Laakso;Juha K Karvonen", "catalogNumber": "http://tun.fi/JX.1273215"}}, {"type": "Feature", "geometry": {"type": "Point", "coordinates": [26.429605, 62.403097]}, "properties": {"gbifID": "3441188352", "eventDate": "2021-09-06T00:00Z", "year": 2021, "countryCode": "FI", "locality": "Kappeli", "stateProvince": "Keski-Suomi", "basisOfRecord": "MACHINE_OBSERVATION", "coordinateUncertaintyInMeters": 100.0, "recordedBy": "Jukka Vauras", "catalogNumber": "http://tun.fi/JX.1294747"}}, {"type": "Feature", "geometry": {"type": "Point", "coordinates": [24.670195, 60.32868]}, "properties": {"gbifID": "3441151917", "eventDate": "2021-09-06T00:00Z/2021-09-09T00:00Z", "year": 2021, "countryCode": "FI", "locality": "Luukki, Pitkäsuon - Halkolammen välinen alue", "stateProvince": "Uusimaa", "basisOfRecord": "MACHINE_OBSERVATION", "coordinateUncertaintyInMeters": 1000.0, "recordedBy": "Mari Kajasvirta", "catalogNumber": "http://tun.fi/JX.1322587"}}, {"type": "Feature", "geometry": {"type": "Point", "coordinates": [27.170854, 59.180292]}, "properties": {"gbifID": "3441143997", "eventDate": "2021-09-07T00:00Z", "year": 2021, "countryCode": "EE", "locality": "Heinassaare", "stateProvince": "Ida-Viru maakond, Ida-Viru County", "basisOfRecord": "MACHINE_OBSERVATION", "coordinateUncertaintyInMeters": 1.0, "recordedBy": "Allar Antson", "catalogNumber": "http://tun.fi/JX.1273872"}}, {"type": "Feature", "geometry": {"type": "Point", "coordinates": [25.688106, 61.191259]}, "properties": {"gbifID": "3441199264", "eventDate": "2021-09-07T00:00Z", "year": 2021, "countryCode": "FI", "locality": "Kinissaari", "stateProvince": "Päijät-Häme", "basisOfRecord": "MACHINE_OBSERVATION", "coordinateUncertaintyInMeters": 1000.0, "recordedBy": "Marja Ehrstedt", "catalogNumber": "http://tun.fi/JX.1273846"}}, {"type": "Feature", "geometry": {"type": "Point", "coordinates": [25.717097, 61.185256]}, "properties": {"gbifID": "4078168372", "eventDate": "2021-09-07T00:00Z", "year": 2021, "countryCode": "FI", "locality": "Rominoja, LS", "stateProvince": "Päijät-Häme", "basisOfRecord": "HUMAN_OBSERVATION", "coordinateUncertaintyInMeters": 1000.0, "recordedBy": "Riitta Tamminen;Ilkka Kytövuori", "catalogNumber": "http://tun.fi/JX.1293028"}}, {"type": "Feature", "geometry": {"type": "Point", "coordinates": [25.671451, 61.188141]}, "properties": {"gbifID": "3441204645", "eventDate": "2021-09-07T15:23Z/2021-09-07T15:59Z", "year": 2021, "countryCode": "FI", "locality": "", "stateProvince": "Päijät-Häme", "basisOfRecord": "MACHINE_OBSERVATION", "coordinateUncertaintyInMeters": 1.0, "recordedBy": "Outi Laakso", "catalogNumber": "http://tun.fi/JX.1273953"}}, {"type": "Feature", "geometry": {"type": "Point", "coordinates": [25.737333, 61.230115]}, "properties": {"gbifID": "3441160961", "eventDate": "2021-09-08T00:00Z", "year": 2021, "countryCode": "FI", "locality": "", "stateProvince": "Päijät-Häme", "basisOfRecord": "MACHINE_OBSERVATION", "coordinateUncertaintyInMeters": 1.0, "recordedBy": "Tarja Siuvatti", "catalogNumber": "http://tun.fi/JX.1274396"}}, {"type": "Feature", "geometry": {"type": "Point", "coordinates": [25.742807, 61.208295]}, "properties": {"gbifID": "3441162711", "eventDate": "2021-09-08T00:00Z", "year": 2021, "countryCode": "FI", "locality": "Patalahti, Susimäki", "stateProvince": "Päijät-Häme", "basisOfRecord": "MACHINE_OBSERVATION", "coordinateUncertaintyInMeters": 100.0, "recordedBy": "Marja Ehrstedt", "catalogNumber": "http://tun.fi/JX.1274040"}}, {"type": "Feature", "geometry": {"type": "Point", "coordinates": [22.124164, 58.923591]}, "properties": {"gbifID": "3441166728", "eventDate": "2021-09-08T00:00Z", "year": 2021, "countryCode": "EE", "locality": "Kaleste", "stateProvince": "Hiiu maakond, Hiiu County", "basisOfRecord": "MACHINE_OBSERVATION", "coordinateUncertaintyInMeters": 1.0, "recordedBy": "Allar Antson", "catalogNumber": "http://tun.fi/JX.1274112"}}, {"type": "Feature", "geometry": {"type": "Point", "coordinates": [25.731503, 61.21043]}, "properties": {"gbifID": "3441192699", "eventDate": "2021-09-08T06:58Z/2021-09-08T07:44Z", "year": 2021, "countryCode": "FI", "locality": "Rampsila", "stateProvince": "Päijät-Häme", "basisOfRecord": "MACHINE_OBSERVATION", "coordinateUncertaintyInMeters": 1.0, "recordedBy": "Outi Laakso", "catalogNumber": "http://tun.fi/JX.1274095"}}, {"type": "Feature", "geometry": {"type": "Point", "coordinates": [24.999997, 66.161581]}, "properties": {"gbifID": "3441166679", "eventDate": "2021-09-09T00:00Z", "year": 2021, "countryCode": "FI", "locality": "Louejoki", "stateProvince": "Lappi", "basisOfRecord": "MACHINE_OBSERVATION", "coordinateUncertaintyInMeters": 1.0, "recordedBy": "Piia Lamminsivu;Anne-Mari Enne", "catalogNumber": "http://tun.fi/JX.1316897"}}, {"type": "Feature", "geometry": {"type": "Point", "coordinates": [25.385055, 61.239252]}, "properties": {"gbifID": "3441172659", "eventDate": "2021-09-09T12:29Z/2021-09-09T12:32Z", "year": 2021, "countryCode": "FI", "locality": "Tupala", "stateProvince": "Päijät-Häme", "basisOfRecord": "HUMAN_OBSERVATION", "coordinateUncertaintyInMeters": 100.0, "recordedBy": "Tea von Bonsdorff", "catalogNumber": "http://tun.fi/JX.1274346"}}, {"type": "Feature", "geometry": {"type": "Point", "coordinates": [24.72544, 66.0594]}, "properties": {"gbifID": "3441149711", "eventDate": "2021-09-10T00:00Z", "year": 2021, "countryCode": "FI", "locality": "Yli-Revonaho", "stateProvince": "Lappi", "basisOfRecord": "MACHINE_OBSERVATION", "coordinateUncertaintyInMeters": 1.0, "recordedBy": "Seppo Huhmarniemi", "catalogNumber": "http://tun.fi/JX.1295040"}}, {"type": "Feature", "geometry": {"type": "Point", "coordinates": [24.727411, 66.058306]}, "properties": {"gbifID": "3441163184", "eventDate": "2021-09-10T00:00Z", "year": 2021, "countryCode": "FI", "locality": "Yli-Revonaho", "stateProvince": "Lappi", "basisOfRecord": "MACHINE_OBSERVATION", "coordinateUncertaintyInMeters": 1.0, "recordedBy": "Seija Korpinen", "catalogNumber": "http://tun.fi/JX.1274990"}}, {"type": "Feature", "geometry": {"type": "Point", "coordinates": [24.716545, 66.129186]}, "properties": {"gbifID": "3441166059", "eventDate": "2021-09-10T00:00Z", "year": 2021, "countryCode": "FI", "locality": "Varejoki", "stateProvince": "Lappi", "basisOfRecord": "MACHINE_OBSERVATION", "coordinateUncertaintyInMeters": 1.0, "recordedBy": "Marja Ehrstedt;Sanna Karvonen;Janne Koskinen;Outi Laakso;Juha K Karvonen", "catalogNumber": "http://tun.fi/JX.1274507"}}, {"type": "Feature", "geometry": {"type": "Point", "coordinates": [25.490113, 61.217307]}, "properties": {"gbifID": "3441185526", "eventDate": "2021-09-10T00:00Z", "year": 2021, "countryCode": "FI", "locality": "Suntiala", "stateProvince": "Päijät-Häme", "basisOfRecord": "MACHINE_OBSERVATION", "coordinateUncertaintyInMeters": 100.0, "recordedBy": "Jukka Vauras", "catalogNumber": "http://tun.fi/JX.1292821"}}, {"type": "Feature", "geometry": {"type": "Point", "coordinates": [24.892964, 60.192749]}, "properties": {"gbifID": "3441190094", "eventDate": "2021-09-10T00:00Z", "year": 2021, "countryCode": "FI", "locality": "Meilahti", "stateProvince": "Uusimaa", "basisOfRecord": "HUMAN_OBSERVATION", "coordinateUncertaintyInMeters": 1000.0, "recordedBy": "Timo Pettay", "catalogNumber": "http://tun.fi/JX.1274655"}}, {"type": "Feature", "geometry": {"type": "Point", "coordinates": [24.638536, 66.314461]}, "properties": {"gbifID": "3441145602", "eventDate": "2021-09-11T00:00Z", "year": 2021, "countryCode": "FI", "locality": "Pirttivaara", "stateProvince": "Lappi", "basisOfRecord": "MACHINE_OBSERVATION", "coordinateUncertaintyInMeters": 1.0, "recordedBy": "Sanna Karvonen;Marja Ehrstedt;Outi Laakso;Juha K Karvonen;Janne Koskinen", "catalogNumber": "http://tun.fi/JX.1274952"}}, {"type": "Feature", "geometry": {"type": "Point", "coordinates": [25.08562, 60.343676]}, "properties": {"gbifID": "3441178318", "eventDate": "2021-09-11T00:00Z", "year": 2021, "countryCode": "FI", "locality": "Matari", "stateProvince": "Uusimaa", "basisOfRecord": "MACHINE_OBSERVATION", "coordinateUncertaintyInMeters": 1.0, "recordedBy": "Allar Antson", "catalogNumber": "http://tun.fi/JX.1274785"}}, {"type": "Feature", "geometry": {"type": "Point", "coordinates": [25.135978, 60.21992]}, "properties": {"gbifID": "3441192947", "eventDate": "2021-09-11T00:00Z", "year": 2021, "countryCode": "FI", "locality": "Vuosaari", "stateProvince": "Uusimaa", "basisOfRecord": "MACHINE_OBSERVATION", "coordinateUncertaintyInMeters": 1.0, "recordedBy": "Allar Antson", "catalogNumber": "http://tun.fi/JX.1274834"}}, {"type": "Feature", "geometry": {"type": "Point", "coordinates": [24.782167, 66.445082]}, "properties": {"gbifID": "4078168450", "eventDate": "2021-09-15T00:00Z", "year": 2021, "countryCode": "FI", "locality": "Ylitornio, Kaitajärvi, Kuusikkorompaat, välipolku", "stateProvince": "Lappi", "basisOfRecord": "HUMAN_OBSERVATION", "coordinateUncertaintyInMeters": 1000.0, "recordedBy": "Riitta Tamminen;Ilkka Kytövuori", "catalogNumber": "http://tun.fi/JX.1293025"}}, {"type": "Feature", "geometry": {"type": "Point", "coordinates": [25.827554, 66.534794]}, "properties": {"gbifID": "3441214051", "eventDate": "2021-09-22T00:00Z", "year": 2021, "countryCode": "FI", "locality": "Nivavaara", "stateProvince": "Lappi", "basisOfRecord": "MACHINE_OBSERVATION", "coordinateUncertaintyInMeters": 100.0, "recordedBy": "Seppo Huhmarniemi", "catalogNumber": "http://tun.fi/JX.1329874"}}, {"type": "Feature", "geometry": {"type": "Point", "coordinates": [25.69369, 66.58327]}, "properties": {"gbifID": "3879280425", "eventDate": "2022-07-30T00:00Z", "year": 2022, "countryCode": "FI", "locality": "Nivankylä, Vesalanperä", "stateProvince": "Lappi", "basisOfRecord": "MACHINE_OBSERVATION", "coordinateUncertaintyInMeters": 1.0, "recordedBy": "Seppo Huhmarniemi", "catalogNumber": "http://tun.fi/JX.1426881"}}, {"type": "Feature", "geometry": {"type": "Point", "coordinates": [23.036738, 59.830071]}, "properties": {"gbifID": "3879280800", "eventDate": "2022-08-03T00:00Z", "year": 2022, "countryCode": "FI", "locality": "Malmhugget", "stateProvince": "Uusimaa", "basisOfRecord": "MACHINE_OBSERVATION", "coordinateUncertaintyInMeters": 100.0, "recordedBy": "Mari Kajasvirta", "catalogNumber": "http://tun.fi/JX.1428503"}}, {"type": "Feature", "geometry": {"type": "Point", "coordinates": [24.06401, 68.057221]}, "properties": {"gbifID": "3962798389", "eventDate": "2022-08-03T00:00Z", "year": 2022, "countryCode": "FI", "locality": "Pallastunturi, Pyhäkeron eteläreuna", "stateProvince": "Lappi", "basisOfRecord": "MACHINE_OBSERVATION", "coordinateUncertaintyInMeters": 1000.0, "recordedBy": "Tapio Kekki", "catalogNumber": "http://tun.fi/JX.1502126"}}, {"type": "Feature", "geometry": {"type": "Point", "coordinates": [25.654454, 66.508125]}, "properties": {"gbifID": "3899686659", "eventDate": "2022-08-15T00:00Z", "year": 2022, "countryCode": "FI", "locality": "Nirpantien pallokenttä", "stateProvince": "Lappi", "basisOfRecord": "MACHINE_OBSERVATION", "coordinateUncertaintyInMeters": 10.0, "recordedBy": "Joona Saraste", "catalogNumber": "http://tun.fi/JX.1432741"}}, {"type": "Feature", "geometry": {"type": "Point", "coordinates": [25.489756, 65.007418]}, "properties": {"gbifID": "3962798778", "eventDate": "2022-08-19T00:00Z", "year": 2022, "countryCode": "FI", "locality": "Raksila", "stateProvince": "Pohjois-Pohjanmaa", "basisOfRecord": "MACHINE_OBSERVATION", "coordinateUncertaintyInMeters": 100.0, "recordedBy": "Tapio Kekki", "catalogNumber": "http://tun.fi/JX.1502715"}}, {"type": "Feature", "geometry": {"type": "Point", "coordinates": [26.089304, 61.20054]}, "properties": {"gbifID": "3899686517", "eventDate": "2022-08-21T00:00Z", "year": 2022, "countryCode": "FI", "locality": "", "stateProvince": "Päijät-Häme", "basisOfRecord": "HUMAN_OBSERVATION", "coordinateUncertaintyInMeters": 1000.0, "recordedBy": "Minna Jukkola", "catalogNumber": "http://tun.fi/JX.1434590"}}, {"type": "Feature", "geometry": {"type": "Point", "coordinates": [24.154412, 65.829586]}, "properties": {"gbifID": "3899686512", "eventDate": "2022-08-26T00:00Z", "year": 2022, "countryCode": "FI", "locality": "Alatornion kirkonmäki, metsälaidun", "stateProvince": "Lappi", "basisOfRecord": "MACHINE_OBSERVATION", "coordinateUncertaintyInMeters": 1000.0, "recordedBy": "Joona Saraste;Tapio Kekki;Seppo Huhmarniemi;Seija Korpinen", "catalogNumber": "http://tun.fi/JX.1436636"}}, {"type": "Feature", "geometry": {"type": "Point", "coordinates": [25.292518, 61.000144]}, "properties": {"gbifID": "3899687166", "eventDate": "2022-08-27T00:00Z", "year": 2022, "countryCode": "FI", "locality": "Sairakkala", "stateProvince": "Päijät-Häme", "basisOfRecord": "MACHINE_OBSERVATION", "coordinateUncertaintyInMeters": 1.0, "recordedBy": "Petri Roponen", "catalogNumber": "http://tun.fi/JX.1436761"}}, {"type": "Feature", "geometry": {"type": "Point", "coordinates": [25.8498, 66.8706]}, "properties": {"gbifID": "3899686832", "eventDate": "2022-08-30T00:00Z", "year": 2022, "countryCode": "FI", "locality": "Suopajärvi, Kiristäjäselkä, Keskilaki", "stateProvince": "Lappi", "basisOfRecord": "MACHINE_OBSERVATION", "coordinateUncertaintyInMeters": 1.0, "recordedBy": "Seppo Huhmarniemi", "catalogNumber": "http://tun.fi/JX.1439035"}}, {"type": "Feature", "geometry": {"type": "Point", "coordinates": [26.144327, 62.043385]}, "properties": {"gbifID": "3899685900", "eventDate": "2022-08-31T10:44Z", "year": 2022, "countryCode": "FI", "locality": "Paloinen", "stateProvince": "Keski-Suomi", "basisOfRecord": "MACHINE_OBSERVATION", "coordinateUncertaintyInMeters": 1.0, "recordedBy": "Erna Suutari", "catalogNumber": "http://tun.fi/JX.1438544"}}, {"type": "Feature", "geometry": {"type": "Point", "coordinates": [26.201165, 64.755416]}, "properties": {"gbifID": "3899687282", "eventDate": "2022-09-03T00:00Z", "year": 2022, "countryCode": "FI", "locality": "Isterinkoski", "stateProvince": "Pohjois-Pohjanmaa", "basisOfRecord": "MACHINE_OBSERVATION", "coordinateUncertaintyInMeters": 1000.0, "recordedBy": "Aune Pisilä;Taina Romppanen", "catalogNumber": "http://tun.fi/JX.1439587"}}, {"type": "Feature", "geometry": {"type": "Point", "coordinates": [24.50457, 60.282897]}, "properties": {"gbifID": "4174590383", "eventDate": "2022-09-03T00:00Z", "year": 2022, "countryCode": "FI", "locality": "Siikaranta", "stateProvince": "Uusimaa", "basisOfRecord": "MACHINE_OBSERVATION", "coordinateUncertaintyInMeters": 1000.0, "recordedBy": "Mari Kajasvirta", "catalogNumber": "http://tun.fi/JX.1625268"}}, {"type": "Feature", "geometry": {"type": "Point", "coordinates": [25.797563, 66.502346]}, "properties": {"gbifID": "3899685811", "eventDate": "2022-09-03T06:52Z", "year": 2022, "countryCode": "FI", "locality": "Ounasvaara", "stateProvince": "Lappi", "basisOfRecord": "HUMAN_OBSERVATION", "coordinateUncertaintyInMeters": 1.0, "recordedBy": "Perttu Kujala", "catalogNumber": "http://tun.fi/JX.1439117"}}, {"type": "Feature", "geometry": {"type": "Point", "coordinates": [25.211222, 61.003516]}, "properties": {"gbifID": "3899687300", "eventDate": "2022-09-06T00:00Z", "year": 2022, "countryCode": "FI", "locality": "Helvetti", "stateProvince": "Päijät-Häme", "basisOfRecord": "MACHINE_OBSERVATION", "coordinateUncertaintyInMeters": 1.0, "recordedBy": "Marja Ehrstedt;Juha K Karvonen", "catalogNumber": "http://tun.fi/JX.1439783"}}, {"type": "Feature", "geometry": {"type": "Point", "coordinates": [26.63525, 62.58826]}, "properties": {"gbifID": "3924877780", "eventDate": "2022-09-10T09:28Z", "year": 2022, "countryCode": "FI", "locality": "Enonniemi", "stateProvince": "Pohjois-Savo", "basisOfRecord": "MACHINE_OBSERVATION", "coordinateUncertaintyInMeters": 1.0, "recordedBy": "Erna Suutari", "catalogNumber": "http://tun.fi/JX.1440764"}}, {"type": "Feature", "geometry": {"type": "Point", "coordinates": [21.389081, 60.593233]}, "properties": {"gbifID": "3901597364", "eventDate": "2022-09-12T00:00Z", "year": 2022, "countryCode": "FI", "locality": "Rahi, Leonsaari", "stateProvince": "Varsinais-Suomi", "basisOfRecord": "MACHINE_OBSERVATION", "coordinateUncertaintyInMeters": 10.0, "recordedBy": "Jukka Vauras", "catalogNumber": "http://tun.fi/JX.1442083"}}, {"type": "Feature", "geometry": {"type": "Point", "coordinates": [26.064626, 63.772534]}, "properties": {"gbifID": "3901597378", "eventDate": "2022-09-12T00:00Z", "year": 2022, "countryCode": "FI", "locality": "Lohvanperä", "stateProvince": "Pohjois-Pohjanmaa", "basisOfRecord": "MACHINE_OBSERVATION", "coordinateUncertaintyInMeters": 1.0, "recordedBy": "Alpo Huhmarniemi", "catalogNumber": "http://tun.fi/JX.1441941"}}, {"type": "Feature", "geometry": {"type": "Point", "coordinates": [21.680592, 63.088271]}, "properties": {"gbifID": "3924877186", "eventDate": "2022-09-16T00:00Z", "year": 2022, "countryCode": "FI", "locality": "Huutoniemi", "stateProvince": "Pohjanmaa", "basisOfRecord": "MACHINE_OBSERVATION", "coordinateUncertaintyInMeters": 1.0, "recordedBy": "Matti Kyröläinen", "catalogNumber": "http://tun.fi/JX.1448733"}}, {"type": "Feature", "geometry": {"type": "Point", "coordinates": [22.953144, 60.208165]}, "properties": {"gbifID": "3913109576", "eventDate": "2022-09-19T14:26Z/2022-09-19T16:16Z", "year": 2022, "countryCode": "FI", "locality": "Teijon kansallispuisto", "stateProvince": "Varsinais-Suomi", "basisOfRecord": "MACHINE_OBSERVATION", "coordinateUncertaintyInMeters": 1.0, "recordedBy": "Tarja Siuvatti", "catalogNumber": "http://tun.fi/JX.1443602"}}, {"type": "Feature", "geometry": {"type": "Point", "coordinates": [22.515348, 60.429616]}, "properties": {"gbifID": "3944919023", "eventDate": "2022-09-20T00:00Z", "year": 2022, "countryCode": "FI", "locality": "Piikkiö, Pappila", "stateProvince": "Varsinais-Suomi", "basisOfRecord": "MACHINE_OBSERVATION", "coordinateUncertaintyInMeters": 100.0, "recordedBy": "Jukka Vauras", "catalogNumber": "http://tun.fi/JX.1449808"}}, {"type": "Feature", "geometry": {"type": "Point", "coordinates": [23.120342, 60.448746]}, "properties": {"gbifID": "3913109643", "eventDate": "2022-09-20T14:33Z/2022-09-20T14:58Z", "year": 2022, "countryCode": "FI", "locality": "Salainen", "stateProvince": "Varsinais-Suomi", "basisOfRecord": "MACHINE_OBSERVATION", "coordinateUncertaintyInMeters": 1.0, "recordedBy": "Tarja Siuvatti", "catalogNumber": "http://tun.fi/JX.1443788"}}, {"type": "Feature", "geometry": {"type": "Point", "coordinates": [23.083952, 60.451541]}, "properties": {"gbifID": "3924876519", "eventDate": "2022-09-25T13:31Z/2022-09-25T14:36Z", "year": 2022, "countryCode": "FI", "locality": "Salainen, Tappokukkula", "stateProvince": "Varsinais-Suomi", "basisOfRecord": "MACHINE_OBSERVATION", "coordinateUncertaintyInMeters": 1.0, "recordedBy": "Tarja Siuvatti", "catalogNumber": "http://tun.fi/JX.1444833"}}, {"type": "Feature", "geometry": {"type": "Point", "coordinates": [23.170481, 60.379522]}, "properties": {"gbifID": "3946948301", "eventDate": "2022-10-23T14:26Z/2022-10-23T15:25Z", "year": 2022, "countryCode": "FI", "locality": "Pahkavuori", "stateProvince": "Varsinais-Suomi", "basisOfRecord": "MACHINE_OBSERVATION", "coordinateUncertaintyInMeters": 1.0, "recordedBy": "Tarja Siuvatti", "catalogNumber": "http://tun.fi/JX.1450512"}}, {"type": "Feature", "geometry": {"type": "Point", "coordinates": [23.033883, 59.830302]}, "properties": {"gbifID": "4170896361", "eventDate": "2022-10-29T00:00Z/2022-10-30T00:00Z", "year": 2022, "countryCode": "FI", "locality": "Täktom Malmhugget", "stateProvince": "Uusimaa", "basisOfRecord": "MACHINE_OBSERVATION", "coordinateUncertaintyInMeters": 1000.0, "recordedBy": "Mari Kajasvirta", "catalogNumber": "http://tun.fi/JX.1623792"}}, {"type": "Feature", "geometry": {"type": "Point", "coordinates": [26.088494, 61.201037]}, "properties": {"gbifID": "4152970363", "eventDate": "2023-07-09T00:00Z", "year": 2023, "countryCode": "FI", "locality": "", "stateProvince": "Päijät-Häme", "basisOfRecord": "MACHINE_OBSERVATION", "coordinateUncertaintyInMeters": 1000.0, "recordedBy": "Minna Jukkola", "catalogNumber": "http://tun.fi/JX.1608227"}}, {"type": "Feature", "geometry": {"type": "Point", "coordinates": [25.652626, 61.011399]}, "properties": {"gbifID": "4152970365", "eventDate": "2023-07-10T00:00Z", "year": 2023, "countryCode": "FI", "locality": "Mukkula", "stateProvince": "Päijät-Häme", "basisOfRecord": "MACHINE_OBSERVATION", "coordinateUncertaintyInMeters": 1.0, "recordedBy": "Petri Roponen", "catalogNumber": "http://tun.fi/JX.1608749"}}, {"type": "Feature", "geometry": {"type": "Point", "coordinates": [26.347633, 62.318121]}, "properties": {"gbifID": "4846021454", "eventDate": "2023-07-13T15:38Z", "year": 2023, "countryCode": "FI", "locality": "Ap", "stateProvince": "Keski-Suomi", "basisOfRecord": "MACHINE_OBSERVATION", "coordinateUncertaintyInMeters": 1.0, "recordedBy": "Laura Tarvainen", "catalogNumber": "http://tun.fi/JX.1610637"}}, {"type": "Feature", "geometry": {"type": "Point", "coordinates": [23.814528, 61.468413]}, "properties": {"gbifID": "4163102445", "eventDate": "2023-07-20T08:19Z", "year": 2023, "countryCode": "FI", "locality": "", "stateProvince": "Pirkanmaa", "basisOfRecord": "MACHINE_OBSERVATION", "coordinateUncertaintyInMeters": 1.0, "recordedBy": "Ville Vuolanto", "catalogNumber": "http://tun.fi/JX.1613030"}}, {"type": "Feature", "geometry": {"type": "Point", "coordinates": [23.460769, 61.658626]}, "properties": {"gbifID": "4528861400", "eventDate": "2023-07-21T00:00Z", "year": 2023, "countryCode": "FI", "locality": "Lavajärvi", "stateProvince": "Pirkanmaa", "basisOfRecord": "MACHINE_OBSERVATION", "coordinateUncertaintyInMeters": 1000.0, "recordedBy": "Anne-Mari Enne;Piia Lamminsivu", "catalogNumber": "http://tun.fi/JX.1615019"}}, {"type": "Feature", "geometry": {"type": "Point", "coordinates": [23.477275, 61.659401]}, "properties": {"gbifID": "4167105343", "eventDate": "2023-07-23T00:00Z", "year": 2023, "countryCode": "FI", "locality": "Lavajärvi", "stateProvince": "Pirkanmaa", "basisOfRecord": "MACHINE_OBSERVATION", "coordinateUncertaintyInMeters": 1000.0, "recordedBy": "Anne-Mari Enne;Piia Lamminsivu", "catalogNumber": "http://tun.fi/JX.1616106"}}, {"type": "Feature", "geometry": {"type": "Point", "coordinates": [23.477275, 61.659401]}, "properties": {"gbifID": "4528863409", "eventDate": "2023-07-23T00:00Z", "year": 2023, "countryCode": "FI", "locality": "Lavajärvi", "stateProvince": "Pirkanmaa", "basisOfRecord": "MACHINE_OBSERVATION", "coordinateUncertaintyInMeters": 1000.0, "recordedBy": "Anne-Mari Enne;Piia Lamminsivu", "catalogNumber": "http://tun.fi/JX.1616106"}}, {"type": "Feature", "geometry": {"type": "Point", "coordinates": [26.504635, 59.310418]}, "properties": {"gbifID": "4167105362", "eventDate": "2023-07-29T00:00Z", "year": 2023, "countryCode": "EE", "locality": "Mõdriku", "stateProvince": "Lääne-Viru maakond, Lääne-Viru County", "basisOfRecord": "MACHINE_OBSERVATION", "coordinateUncertaintyInMeters": 1.0, "recordedBy": "Allar Antson", "catalogNumber": "http://tun.fi/JX.1619999"}}, {"type": "Feature", "geometry": {"type": "Point", "coordinates": [25.243076, 60.904357]}, "properties": {"gbifID": "4169789725", "eventDate": "2023-07-30T00:00Z", "year": 2023, "countryCode": "FI", "locality": "Huovilan puisto", "stateProvince": "Päijät-Häme", "basisOfRecord": "MACHINE_OBSERVATION", "coordinateUncertaintyInMeters": 1.0, "recordedBy": "Petri Roponen", "catalogNumber": "http://tun.fi/JX.1620398"}}, {"type": "Feature", "geometry": {"type": "Point", "coordinates": [25.574278, 66.52803]}, "properties": {"gbifID": "4169789510", "eventDate": "2023-08-03T00:00Z", "year": 2023, "countryCode": "FI", "locality": "Vennivaara", "stateProvince": "Lappi", "basisOfRecord": "MACHINE_OBSERVATION", "coordinateUncertaintyInMeters": 1.0, "recordedBy": "Seppo Huhmarniemi", "catalogNumber": "http://tun.fi/JX.1622440"}}, {"type": "Feature", "geometry": {"type": "Point", "coordinates": [23.519499, 61.560247]}, "properties": {"gbifID": "4528863361", "eventDate": "2023-08-03T00:00Z", "year": 2023, "countryCode": "FI", "locality": "Julkujärvi", "stateProvince": "Pirkanmaa", "basisOfRecord": "MACHINE_OBSERVATION", "coordinateUncertaintyInMeters": 1000.0, "recordedBy": "Anne-Mari Enne;Piia Lamminsivu", "catalogNumber": "http://tun.fi/JX.1680914"}}, {"type": "Feature", "geometry": {"type": "Point", "coordinates": [23.088829, 60.4738]}, "properties": {"gbifID": "4169789688", "eventDate": "2023-08-03T16:24Z/2023-08-03T17:09Z", "year": 2023, "countryCode": "FI", "locality": "Salainen", "stateProvince": "Varsinais-Suomi", "basisOfRecord": "MACHINE_OBSERVATION", "coordinateUncertaintyInMeters": 1.0, "recordedBy": "Tarja Siuvatti", "catalogNumber": "http://tun.fi/JX.1622363"}}, {"type": "Feature", "geometry": {"type": "Point", "coordinates": [23.071085, 60.447203]}, "properties": {"gbifID": "4173269473", "eventDate": "2023-08-05T00:00Z", "year": 2023, "countryCode": "FI", "locality": "Halikko, Märynummi, Tornimäki", "stateProvince": "Varsinais-Suomi", "basisOfRecord": "MACHINE_OBSERVATION", "coordinateUncertaintyInMeters": 1000.0, "recordedBy": "Tarja Siuvatti", "catalogNumber": "http://tun.fi/JX.1623989"}}, {"type": "Feature", "geometry": {"type": "Point", "coordinates": [24.682613, 60.213593]}, "properties": {"gbifID": "4173269830", "eventDate": "2023-08-05T00:00Z", "year": 2023, "countryCode": "FI", "locality": "Kasavuoren ls-alue", "stateProvince": "Uusimaa", "basisOfRecord": "MACHINE_OBSERVATION", "coordinateUncertaintyInMeters": 1000.0, "recordedBy": "Mari Kajasvirta", "catalogNumber": "http://tun.fi/JX.1622806"}}, {"type": "Feature", "geometry": {"type": "Point", "coordinates": [21.610269, 63.038242]}, "properties": {"gbifID": "4399636654", "eventDate": "2023-08-05T00:00Z", "year": 2023, "countryCode": "FI", "locality": "", "stateProvince": "Pohjanmaa", "basisOfRecord": "MACHINE_OBSERVATION", "coordinateUncertaintyInMeters": 1.0, "recordedBy": "Sebastian Källman", "catalogNumber": "http://tun.fi/JX.1627202"}}, {"type": "Feature", "geometry": {"type": "Point", "coordinates": [23.018466, 60.431868]}, "properties": {"gbifID": "4169789967", "eventDate": "2023-08-05T12:06Z/2023-08-05T13:25Z", "year": 2023, "countryCode": "FI", "locality": "Halikko, Märynummi, Pihko", "stateProvince": "Varsinais-Suomi", "basisOfRecord": "MACHINE_OBSERVATION", "coordinateUncertaintyInMeters": 1.0, "recordedBy": "Tarja Siuvatti", "catalogNumber": "http://tun.fi/JX.1622802"}}, {"type": "Feature", "geometry": {"type": "Point", "coordinates": [23.460997, 61.659066]}, "properties": {"gbifID": "4173269454", "eventDate": "2023-08-06T00:00Z", "year": 2023, "countryCode": "FI", "locality": "Lavajärvi", "stateProvince": "Pirkanmaa", "basisOfRecord": "MACHINE_OBSERVATION", "coordinateUncertaintyInMeters": 1.0, "recordedBy": "Anne-Mari Enne;Piia Lamminsivu", "catalogNumber": "http://tun.fi/JX.1623180"}}, {"type": "Feature", "geometry": {"type": "Point", "coordinates": [26.766596, 62.03261]}, "properties": {"gbifID": "4528861322", "eventDate": "2023-08-06T00:00Z", "year": 2023, "countryCode": "FI", "locality": "Vihave", "stateProvince": "Etelä-Savo", "basisOfRecord": "MACHINE_OBSERVATION", "coordinateUncertaintyInMeters": 100.0, "recordedBy": "Päivi Saikkonen", "catalogNumber": "http://tun.fi/JX.1679048"}}, {"type": "Feature", "geometry": {"type": "Point", "coordinates": [26.177655, 66.618004]}, "properties": {"gbifID": "4173269823", "eventDate": "2023-08-07T00:00Z", "year": 2023, "countryCode": "FI", "locality": "Vikaköngäs", "stateProvince": "Lappi", "basisOfRecord": "MACHINE_OBSERVATION", "coordinateUncertaintyInMeters": 1.0, "recordedBy": "Joona Saraste", "catalogNumber": "http://tun.fi/JX.1623856"}}, {"type": "Feature", "geometry": {"type": "Point", "coordinates": [21.611103, 63.037947]}, "properties": {"gbifID": "4399637508", "eventDate": "2023-08-08T00:00Z", "year": 2023, "countryCode": "FI", "locality": "", "stateProvince": "Pohjanmaa", "basisOfRecord": "MACHINE_OBSERVATION", "coordinateUncertaintyInMeters": 1.0, "recordedBy": "Sebastian Källman", "catalogNumber": "http://tun.fi/JX.1627785"}}, {"type": "Feature", "geometry": {"type": "Point", "coordinates": [28.198156, 61.092985]}, "properties": {"gbifID": "4173269619", "eventDate": "2023-08-09T08:25Z", "year": 2023, "countryCode": "FI", "locality": "", "stateProvince": "Etelä-Karjala", "basisOfRecord": "MACHINE_OBSERVATION", "coordinateUncertaintyInMeters": 1.0, "recordedBy": "Virpi Laamanen", "catalogNumber": "http://tun.fi/JX.1624440"}}, {"type": "Feature", "geometry": {"type": "Point", "coordinates": [26.142186, 62.043428]}, "properties": {"gbifID": "4174590428", "eventDate": "2023-08-10T05:55Z", "year": 2023, "countryCode": "FI", "locality": "Paloskylä", "stateProvince": "Keski-Suomi", "basisOfRecord": "MACHINE_OBSERVATION", "coordinateUncertaintyInMeters": 1.0, "recordedBy": "Erna Suutari", "catalogNumber": "http://tun.fi/JX.1624759"}}, {"type": "Feature", "geometry": {"type": "Point", "coordinates": [23.216414, 60.334332]}, "properties": {"gbifID": "4173269531", "eventDate": "2023-08-10T13:31Z/2023-08-10T14:52Z", "year": 2023, "countryCode": "FI", "locality": "Lammenkorpi, Pullola", "stateProvince": "Varsinais-Suomi", "basisOfRecord": "MACHINE_OBSERVATION", "coordinateUncertaintyInMeters": 1.0, "recordedBy": "Tarja Siuvatti", "catalogNumber": "http://tun.fi/JX.1624959"}}, {"type": "Feature", "geometry": {"type": "Point", "coordinates": [21.596258, 63.042672]}, "properties": {"gbifID": "4399636610", "eventDate": "2023-08-11T00:00Z", "year": 2023, "countryCode": "FI", "locality": "", "stateProvince": "Pohjanmaa", "basisOfRecord": "MACHINE_OBSERVATION", "coordinateUncertaintyInMeters": 1.0, "recordedBy": "Sebastian Källman", "catalogNumber": "http://tun.fi/JX.1628103"}}, {"type": "Feature", "geometry": {"type": "Point", "coordinates": [29.777003, 63.114006]}, "properties": {"gbifID": "4399637222", "eventDate": "2023-08-13T00:00Z/2023-08-17T00:00Z", "year": 2023, "countryCode": "FI", "locality": "Kolmas pvä Kiviniemi- Ryläys", "stateProvince": "Pohjois-Karjala", "basisOfRecord": "MACHINE_OBSERVATION", "coordinateUncertaintyInMeters": 1.0, "recordedBy": "Mari Kajasvirta", "catalogNumber": "http://tun.fi/JX.1626251"}}, {"type": "Feature", "geometry": {"type": "Point", "coordinates": [28.8066, 62.44314]}, "properties": {"gbifID": "4434824329", "eventDate": "2023-08-14T00:00Z", "year": 2023, "countryCode": "FI", "locality": "Kermajärvi, Hyövynniemi", "stateProvince": "Pohjois-Karjala", "basisOfRecord": "MACHINE_OBSERVATION", "coordinateUncertaintyInMeters": 1.0, "recordedBy": "Seppo Huhmarniemi", "catalogNumber": "http://tun.fi/JX.1649250"}}, {"type": "Feature", "geometry": {"type": "Point", "coordinates": [23.062149, 60.428938]}, "properties": {"gbifID": "4399636659", "eventDate": "2023-08-15T11:00Z/2023-08-15T13:11Z", "year": 2023, "countryCode": "FI", "locality": "Halikko, Tavola, Vuorelanmäki", "stateProvince": "Varsinais-Suomi", "basisOfRecord": "MACHINE_OBSERVATION", "coordinateUncertaintyInMeters": 1.0, "recordedBy": "Tarja Siuvatti", "catalogNumber": "http://tun.fi/JX.1626794"}}, {"type": "Feature", "geometry": {"type": "Point", "coordinates": [21.610356, 63.051975]}, "properties": {"gbifID": "4596709359", "eventDate": "2023-08-16T00:00Z", "year": 2023, "countryCode": "FI", "locality": "", "stateProvince": "Pohjanmaa", "basisOfRecord": "MACHINE_OBSERVATION", "coordinateUncertaintyInMeters": 1.0, "recordedBy": "Sebastian Källman", "catalogNumber": "http://tun.fi/JX.1688956"}}, {"type": "Feature", "geometry": {"type": "Point", "coordinates": [21.610472, 63.052044]}, "properties": {"gbifID": "4596710341", "eventDate": "2023-08-16T00:00Z", "year": 2023, "countryCode": "FI", "locality": "", "stateProvince": "Pohjanmaa", "basisOfRecord": "MACHINE_OBSERVATION", "coordinateUncertaintyInMeters": 1.0, "recordedBy": "Sebastian Källman", "catalogNumber": "http://tun.fi/JX.1688956"}}, {"type": "Feature", "geometry": {"type": "Point", "coordinates": [21.609986, 63.051892]}, "properties": {"gbifID": "4596711307", "eventDate": "2023-08-16T00:00Z", "year": 2023, "countryCode": "FI", "locality": "", "stateProvince": "Pohjanmaa", "basisOfRecord": "MACHINE_OBSERVATION", "coordinateUncertaintyInMeters": 1.0, "recordedBy": "Sebastian Källman", "catalogNumber": "http://tun.fi/JX.1688956"}}, {"type": "Feature", "geometry": {"type": "Point", "coordinates": [21.619497, 63.054458]}, "properties": {"gbifID": "4596711341", "eventDate": "2023-08-16T00:00Z", "year": 2023, "countryCode": "FI", "locality": "", "stateProvince": "Pohjanmaa", "basisOfRecord": "MACHINE_OBSERVATION", "coordinateUncertaintyInMeters": 1.0, "recordedBy": "Sebastian Källman", "catalogNumber": "http://tun.fi/JX.1688956"}}, {"type": "Feature", "geometry": {"type": "Point", "coordinates": [23.563236, 60.354848]}, "properties": {"gbifID": "4399636503", "eventDate": "2023-08-17T10:42Z/2023-08-17T16:09Z", "year": 2023, "countryCode": "FI", "locality": "Suomusjärvi, Ahtiala", "stateProvince": "Varsinais-Suomi", "basisOfRecord": "MACHINE_OBSERVATION", "coordinateUncertaintyInMeters": 1.0, "recordedBy": "Tarja Siuvatti", "catalogNumber": "http://tun.fi/JX.1627499"}}, {"type": "Feature", "geometry": {"type": "Point", "coordinates": [24.523639, 60.317297]}, "properties": {"gbifID": "4399636440", "eventDate": "2023-08-19T00:00Z", "year": 2023, "countryCode": "FI", "locality": "Högbacka", "stateProvince": "Uusimaa", "basisOfRecord": "MACHINE_OBSERVATION", "coordinateUncertaintyInMeters": 1000.0, "recordedBy": "Mari Kajasvirta", "catalogNumber": "http://tun.fi/JX.1627998"}}, {"type": "Feature", "geometry": {"type": "Point", "coordinates": [24.682613, 60.213593]}, "properties": {"gbifID": "4399636770", "eventDate": "2023-08-20T00:00Z", "year": 2023, "countryCode": "FI", "locality": "Kasavuoren ls-alue", "stateProvince": "Uusimaa", "basisOfRecord": "MACHINE_OBSERVATION", "coordinateUncertaintyInMeters": 1000.0, "recordedBy": "Mari Kajasvirta", "catalogNumber": "http://tun.fi/JX.1628449"}}, {"type": "Feature", "geometry": {"type": "Point", "coordinates": [23.804857, 61.472553]}, "properties": {"gbifID": "4399636357", "eventDate": "2023-08-20T10:27Z", "year": 2023, "countryCode": "FI", "locality": "", "stateProvince": "Pirkanmaa", "basisOfRecord": "HUMAN_OBSERVATION", "coordinateUncertaintyInMeters": 1.0, "recordedBy": "Ville Vuolanto", "catalogNumber": "http://tun.fi/JX.1628406"}}, {"type": "Feature", "geometry": {"type": "Point", "coordinates": [23.811403, 61.468453]}, "properties": {"gbifID": "4399636449", "eventDate": "2023-08-20T10:53Z", "year": 2023, "countryCode": "FI", "locality": "", "stateProvince": "Pirkanmaa", "basisOfRecord": "HUMAN_OBSERVATION", "coordinateUncertaintyInMeters": 1.0, "recordedBy": "Ville Vuolanto", "catalogNumber": "http://tun.fi/JX.1628406"}}, {"type": "Feature", "geometry": {"type": "Point", "coordinates": [23.815046, 61.468642]}, "properties": {"gbifID": "4399637266", "eventDate": "2023-08-20T11:42Z", "year": 2023, "countryCode": "FI", "locality": "", "stateProvince": "Pirkanmaa", "basisOfRecord": "HUMAN_OBSERVATION", "coordinateUncertaintyInMeters": 1.0, "recordedBy": "Ville Vuolanto", "catalogNumber": "http://tun.fi/JX.1628406"}}, {"type": "Feature", "geometry": {"type": "Point", "coordinates": [22.967983, 60.252728]}, "properties": {"gbifID": "4399636705", "eventDate": "2023-08-21T11:51Z/2023-08-21T14:27Z", "year": 2023, "countryCode": "FI", "locality": "Sahajärvi", "stateProvince": "Varsinais-Suomi", "basisOfRecord": "MACHINE_OBSERVATION", "coordinateUncertaintyInMeters": 1.0, "recordedBy": "Tarja Siuvatti", "catalogNumber": "http://tun.fi/JX.1628668"}}, {"type": "Feature", "geometry": {"type": "Point", "coordinates": [23.202933, 60.516893]}, "properties": {"gbifID": "4399636520", "eventDate": "2023-08-22T08:08Z/2023-08-22T08:13Z", "year": 2023, "countryCode": "FI", "locality": "Kuusjoki", "stateProvince": "Varsinais-Suomi", "basisOfRecord": "MACHINE_OBSERVATION", "coordinateUncertaintyInMeters": 1.0, "recordedBy": "Tarja Siuvatti", "catalogNumber": "http://tun.fi/JX.1628968"}}, {"type": "Feature", "geometry": {"type": "Point", "coordinates": [24.396221, 60.672015]}, "properties": {"gbifID": "4421726750", "eventDate": "2023-08-26T00:00Z", "year": 2023, "countryCode": "FI", "locality": "Järventausta", "stateProvince": "Kanta-Häme", "basisOfRecord": "MACHINE_OBSERVATION", "coordinateUncertaintyInMeters": 1000.0, "recordedBy": "Marja Ehrstedt", "catalogNumber": "http://tun.fi/JX.1641396"}}, {"type": "Feature", "geometry": {"type": "Point", "coordinates": [23.942841, 62.05457]}, "properties": {"gbifID": "4403472715", "eventDate": "2023-08-26T12:01Z", "year": 2023, "countryCode": "FI", "locality": "", "stateProvince": "Pirkanmaa", "basisOfRecord": "MACHINE_OBSERVATION", "coordinateUncertaintyInMeters": 1.0, "recordedBy": "Tyyra Juka", "catalogNumber": "http://tun.fi/JX.1630359"}}, {"type": "Feature", "geometry": {"type": "Point", "coordinates": [24.682613, 60.213593]}, "properties": {"gbifID": "4403472340", "eventDate": "2023-08-27T00:00Z", "year": 2023, "countryCode": "FI", "locality": "Kasavuoren ls-alue", "stateProvince": "Uusimaa", "basisOfRecord": "MACHINE_OBSERVATION", "coordinateUncertaintyInMeters": 1000.0, "recordedBy": "Mari Kajasvirta", "catalogNumber": "http://tun.fi/JX.1631567"}}, {"type": "Feature", "geometry": {"type": "Point", "coordinates": [25.65922, 66.5786]}, "properties": {"gbifID": "4403473227", "eventDate": "2023-08-28T00:00Z", "year": 2023, "countryCode": "FI", "locality": "Nivankylä, Vesalanperä", "stateProvince": "Lappi", "basisOfRecord": "MACHINE_OBSERVATION", "coordinateUncertaintyInMeters": 1.0, "recordedBy": "Seppo Huhmarniemi", "catalogNumber": "http://tun.fi/JX.1631594"}}, {"type": "Feature", "geometry": {"type": "Point", "coordinates": [21.672952, 63.08392]}, "properties": {"gbifID": "4421726865", "eventDate": "2023-08-30T00:00Z", "year": 2023, "countryCode": "FI", "locality": "Strömberg Park", "stateProvince": "Pohjanmaa", "basisOfRecord": "MACHINE_OBSERVATION", "coordinateUncertaintyInMeters": 10.0, "recordedBy": "Matti Kyröläinen", "catalogNumber": "http://tun.fi/JX.1641701"}}, {"type": "Feature", "geometry": {"type": "Point", "coordinates": [23.541686, 61.480927]}, "properties": {"gbifID": "4406204434", "eventDate": "2023-09-01T00:00Z", "year": 2023, "countryCode": "FI", "locality": "Maatialanlahti", "stateProvince": "Pirkanmaa", "basisOfRecord": "HUMAN_OBSERVATION", "coordinateUncertaintyInMeters": 1000.0, "recordedBy": "Anne Hirvonen;Anne-Mari Enne;Antti Johannes Soininen;Piia Lamminsivu;Anne Rantala", "catalogNumber": "http://tun.fi/JX.1634839"}}, {"type": "Feature", "geometry": {"type": "Point", "coordinates": [24.523639, 60.317297]}, "properties": {"gbifID": "4406205649", "eventDate": "2023-09-01T00:00Z", "year": 2023, "countryCode": "FI", "locality": "Högbacka", "stateProvince": "Uusimaa", "basisOfRecord": "MACHINE_OBSERVATION", "coordinateUncertaintyInMeters": 1000.0, "recordedBy": "Mari Kajasvirta", "catalogNumber": "http://tun.fi/JX.1634501"}}, {"type": "Feature", "geometry": {"type": "Point", "coordinates": [23.387799, 61.444012]}, "properties": {"gbifID": "4406205213", "eventDate": "2023-09-02T00:00Z", "year": 2023, "countryCode": "FI", "locality": "Römövuori", "stateProvince": "Pirkanmaa", "basisOfRecord": "MACHINE_OBSERVATION", "coordinateUncertaintyInMeters": 1000.0, "recordedBy": "Anne Hirvonen;Anne-Mari Enne;Anne Rantala;Antti Johannes Soininen;Unto Söderholm;Piia Lamminsivu", "catalogNumber": "http://tun.fi/JX.1634944"}}, {"type": "Feature", "geometry": {"type": "Point", "coordinates": [23.373766, 61.467543]}, "properties": {"gbifID": "4406204554", "eventDate": "2023-09-03T00:00Z", "year": 2023, "countryCode": "FI", "locality": "Knuutila", "stateProvince": "Pirkanmaa", "basisOfRecord": "HUMAN_OBSERVATION", "coordinateUncertaintyInMeters": 1000.0, "recordedBy": "Anne Hirvonen;Anne-Mari Enne;Anne Rantala;Antti Johannes Soininen;Piia Lamminsivu;Unto Söderholm", "catalogNumber": "http://tun.fi/JX.1635021"}}, {"type": "Feature", "geometry": {"type": "Point", "coordinates": [25.765267, 66.487744]}, "properties": {"gbifID": "4426736822", "eventDate": "2023-09-03T00:00Z", "year": 2023, "countryCode": "FI", "locality": "Vuopajanranta", "stateProvince": "Lappi", "basisOfRecord": "PRESERVED_SPECIMEN", "coordinateUncertaintyInMeters": 1.0, "recordedBy": "Merja Lipponen", "catalogNumber": "http://tun.fi/JX.1645163"}}, {"type": "Feature", "geometry": {"type": "Point", "coordinates": [26.625063, 60.59217]}, "properties": {"gbifID": "4406205355", "eventDate": "2023-09-04T00:00Z", "year": 2023, "countryCode": "FI", "locality": "Limalahdentie", "stateProvince": "Kymenlaakso", "basisOfRecord": "MACHINE_OBSERVATION", "coordinateUncertaintyInMeters": 1000.0, "recordedBy": "Mari Kajasvirta", "catalogNumber": "http://tun.fi/JX.1634138"}}, {"type": "Feature", "geometry": {"type": "Point", "coordinates": [23.045146, 61.446848]}, "properties": {"gbifID": "4406205051", "eventDate": "2023-09-04T12:07Z", "year": 2023, "countryCode": "FI", "locality": "", "stateProvince": "Pirkanmaa", "basisOfRecord": "MACHINE_OBSERVATION", "coordinateUncertaintyInMeters": 100.0, "recordedBy": "Tarja Siuvatti", "catalogNumber": "http://tun.fi/JX.1634039"}}, {"type": "Feature", "geometry": {"type": "Point", "coordinates": [23.06152, 61.770656]}, "properties": {"gbifID": "4417423904", "eventDate": "2023-09-05T00:00Z", "year": 2023, "countryCode": "FI", "locality": "", "stateProvince": "Pirkanmaa", "basisOfRecord": "MACHINE_OBSERVATION", "coordinateUncertaintyInMeters": 1.0, "recordedBy": "Marja Ehrstedt", "catalogNumber": "http://tun.fi/JX.1634305"}}, {"type": "Feature", "geometry": {"type": "Point", "coordinates": [21.627447, 63.083248]}, "properties": {"gbifID": "4421726672", "eventDate": "2023-09-05T00:00Z", "year": 2023, "countryCode": "FI", "locality": "Hietalahti", "stateProvince": "Pohjanmaa", "basisOfRecord": "HUMAN_OBSERVATION", "coordinateUncertaintyInMeters": 10.0, "recordedBy": "Matti Kyröläinen", "catalogNumber": "http://tun.fi/JX.1642315"}}, {"type": "Feature", "geometry": {"type": "Point", "coordinates": [23.060305, 61.77124]}, "properties": {"gbifID": "4406205858", "eventDate": "2023-09-05T09:17Z", "year": 2023, "countryCode": "FI", "locality": "", "stateProvince": "Pirkanmaa", "basisOfRecord": "MACHINE_OBSERVATION", "coordinateUncertaintyInMeters": 1.0, "recordedBy": "Tarja Siuvatti", "catalogNumber": "http://tun.fi/JX.1634309"}}, {"type": "Feature", "geometry": {"type": "Point", "coordinates": [25.205163, 60.346637]}, "properties": {"gbifID": "4406205824", "eventDate": "2023-09-07T00:00Z", "year": 2023, "countryCode": "FI", "locality": "Byabäcken Sipoonkorpi", "stateProvince": "Uusimaa", "basisOfRecord": "MACHINE_OBSERVATION", "coordinateUncertaintyInMeters": 1000.0, "recordedBy": "Mari Kajasvirta", "catalogNumber": "http://tun.fi/JX.1635009"}}, {"type": "Feature", "geometry": {"type": "Point", "coordinates": [25.160767, 60.274847]}, "properties": {"gbifID": "4406204970", "eventDate": "2023-09-07T00:00Z/2023-09-09T00:00Z", "year": 2023, "countryCode": "FI", "locality": "Sipoonkorpi Flatberget - Gumböleträsk - Storträsk", "stateProvince": "Uusimaa", "basisOfRecord": "MACHINE_OBSERVATION", "coordinateUncertaintyInMeters": 1000.0, "recordedBy": "Mari Kajasvirta", "catalogNumber": "http://tun.fi/JX.1635012"}}, {"type": "Feature", "geometry": {"type": "Point", "coordinates": [23.03309, 61.427472]}, "properties": {"gbifID": "4406204508", "eventDate": "2023-09-08T00:00Z", "year": 2023, "countryCode": "FI", "locality": "Karkku", "stateProvince": "Pirkanmaa", "basisOfRecord": "HUMAN_OBSERVATION", "coordinateUncertaintyInMeters": 1000.0, "recordedBy": "Tarja Siuvatti", "catalogNumber": "http://tun.fi/JX.1635269"}}, {"type": "Feature", "geometry": {"type": "Point", "coordinates": [30.288265, 62.200425]}, "properties": {"gbifID": "4599697397", "eventDate": "2023-09-08T00:00Z", "year": 2023, "countryCode": "FI", "locality": "Hernevaara", "stateProvince": "Pohjois-Karjala", "basisOfRecord": "MACHINE_OBSERVATION", "coordinateUncertaintyInMeters": 1.0, "recordedBy": "Tupu Vuorinen", "catalogNumber": "http://tun.fi/JX.1636979"}}, {"type": "Feature", "geometry": {"type": "Point", "coordinates": [23.193709, 61.636017]}, "properties": {"gbifID": "4406205217", "eventDate": "2023-09-08T09:28Z/2023-09-08T10:08Z", "year": 2023, "countryCode": "FI", "locality": "Tuokkola", "stateProvince": "Pirkanmaa", "basisOfRecord": "MACHINE_OBSERVATION", "coordinateUncertaintyInMeters": 1.0, "recordedBy": "Tarja Siuvatti", "catalogNumber": "http://tun.fi/JX.1635083"}}, {"type": "Feature", "geometry": {"type": "Point", "coordinates": [22.989317, 61.406005]}, "properties": {"gbifID": "4406204942", "eventDate": "2023-09-08T12:14Z/2023-09-08T12:15Z", "year": 2023, "countryCode": "FI", "locality": "", "stateProvince": "Pirkanmaa", "basisOfRecord": "MACHINE_OBSERVATION", "coordinateUncertaintyInMeters": 1.0, "recordedBy": "Tarja Siuvatti", "catalogNumber": "http://tun.fi/JX.1635099"}}, {"type": "Feature", "geometry": {"type": "Point", "coordinates": [23.811781, 61.464082]}, "properties": {"gbifID": "4412558134", "eventDate": "2023-09-09T07:00Z", "year": 2023, "countryCode": "FI", "locality": "", "stateProvince": "Pirkanmaa", "basisOfRecord": "HUMAN_OBSERVATION", "coordinateUncertaintyInMeters": 1.0, "recordedBy": "Ville Vuolanto", "catalogNumber": "http://tun.fi/JX.1635274"}}, {"type": "Feature", "geometry": {"type": "Point", "coordinates": [23.81125, 61.466211]}, "properties": {"gbifID": "4412558228", "eventDate": "2023-09-09T07:55Z", "year": 2023, "countryCode": "FI", "locality": "", "stateProvince": "Pirkanmaa", "basisOfRecord": "HUMAN_OBSERVATION", "coordinateUncertaintyInMeters": 1.0, "recordedBy": "Ville Vuolanto", "catalogNumber": "http://tun.fi/JX.1635274"}}, {"type": "Feature", "geometry": {"type": "Point", "coordinates": [25.012357, 60.194828]}, "properties": {"gbifID": "4412558259", "eventDate": "2023-09-09T14:36Z/2023-09-09T16:12Z", "year": 2023, "countryCode": "FI", "locality": "Kivinokka", "stateProvince": "Uusimaa", "basisOfRecord": "MACHINE_OBSERVATION", "coordinateUncertaintyInMeters": 1.0, "recordedBy": "Janne Koskinen", "catalogNumber": "http://tun.fi/JX.1635396"}}, {"type": "Feature", "geometry": {"type": "Point", "coordinates": [24.483829, 60.542275]}, "properties": {"gbifID": "4412559094", "eventDate": "2023-09-11T00:00Z", "year": 2023, "countryCode": "FI", "locality": "Partiolaisten ranta", "stateProvince": "Uusimaa", "basisOfRecord": "MACHINE_OBSERVATION", "coordinateUncertaintyInMeters": 1000.0, "recordedBy": "Mari Kajasvirta", "catalogNumber": "http://tun.fi/JX.1637622"}}, {"type": "Feature", "geometry": {"type": "Point", "coordinates": [25.624732, 60.969972]}, "properties": {"gbifID": "4511301335", "eventDate": "2023-09-13T00:00Z", "year": 2023, "countryCode": "FI", "locality": "Hennala", "stateProvince": "Päijät-Häme", "basisOfRecord": "MACHINE_OBSERVATION", "coordinateUncertaintyInMeters": 1.0, "recordedBy": "Arla Ilmanen", "catalogNumber": "http://tun.fi/JX.1668628"}}, {"type": "Feature", "geometry": {"type": "Point", "coordinates": [23.088325, 60.473312]}, "properties": {"gbifID": "4412558556", "eventDate": "2023-09-16T12:39Z/2023-09-16T13:57Z", "year": 2023, "countryCode": "FI", "locality": "Salainen", "stateProvince": "Varsinais-Suomi", "basisOfRecord": "MACHINE_OBSERVATION", "coordinateUncertaintyInMeters": 100.0, "recordedBy": "Tarja Siuvatti", "catalogNumber": "http://tun.fi/JX.1638570"}}, {"type": "Feature", "geometry": {"type": "Point", "coordinates": [23.39844, 60.270994]}, "properties": {"gbifID": "4417423405", "eventDate": "2023-09-21T00:00Z", "year": 2023, "countryCode": "FI", "locality": "Kisko", "stateProvince": "Varsinais-Suomi", "basisOfRecord": "MACHINE_OBSERVATION", "coordinateUncertaintyInMeters": 100.0, "recordedBy": "Jukka Vauras", "catalogNumber": "http://tun.fi/JX.1639731"}}, {"type": "Feature", "geometry": {"type": "Point", "coordinates": [24.422468, 60.677968]}, "properties": {"gbifID": "4417423772", "eventDate": "2023-09-26T00:00Z", "year": 2023, "countryCode": "FI", "locality": "Särkilahti", "stateProvince": "Kanta-Häme", "basisOfRecord": "MACHINE_OBSERVATION", "coordinateUncertaintyInMeters": 1.0, "recordedBy": "Marja Ehrstedt", "catalogNumber": "http://tun.fi/JX.1640735"}}, {"type": "Feature", "geometry": {"type": "Point", "coordinates": [25.0008, 60.191713]}, "properties": {"gbifID": "4430207523", "eventDate": "2023-09-26T14:52Z/2023-10-16T09:58Z", "year": 2023, "countryCode": "FI", "locality": "Kulosaari", "stateProvince": "Uusimaa", "basisOfRecord": "MACHINE_OBSERVATION", "coordinateUncertaintyInMeters": 1.0, "recordedBy": "Janne Koskinen", "catalogNumber": "http://tun.fi/JX.1647763"}}, {"type": "Feature", "geometry": {"type": "Point", "coordinates": [22.929902, 60.107109]}, "properties": {"gbifID": "6133965356", "eventDate": "2024-07-15T00:00Z", "year": 2024, "countryCode": "FI", "locality": "Särkisalo, Förby, Korpela", "stateProvince": "Varsinais-Suomi", "basisOfRecord": "MACHINE_OBSERVATION", "coordinateUncertaintyInMeters": 1.0, "recordedBy": "Tarja Siuvatti", "catalogNumber": "http://tun.fi/JX.2403646"}}, {"type": "Feature", "geometry": {"type": "Point", "coordinates": [24.822834, 60.20022]}, "properties": {"gbifID": "4910623809", "eventDate": "2024-07-21T00:00Z", "year": 2024, "countryCode": "FI", "locality": "Villa Elfvikin luontopolku", "stateProvince": "Uusimaa", "basisOfRecord": "MACHINE_OBSERVATION", "coordinateUncertaintyInMeters": 1.0, "recordedBy": "Mari Kajasvirta", "catalogNumber": "http://tun.fi/JX.1749805"}}, {"type": "Feature", "geometry": {"type": "Point", "coordinates": [23.463932, 61.661237]}, "properties": {"gbifID": "4921088095", "eventDate": "2024-07-31T00:00Z", "year": 2024, "countryCode": "FI", "locality": "Lavajärvi", "stateProvince": "Pirkanmaa", "basisOfRecord": "MACHINE_OBSERVATION", "coordinateUncertaintyInMeters": 1000.0, "recordedBy": "Anne-Mari Enne;Piia Lamminsivu", "catalogNumber": "http://tun.fi/JX.1754229"}}, {"type": "Feature", "geometry": {"type": "Point", "coordinates": [24.538881, 59.570519]}, "properties": {"gbifID": "4921087378", "eventDate": "2024-08-04T00:00Z", "year": 2024, "countryCode": "EE", "locality": "Naissaar", "stateProvince": "Harju maakond, Harju County", "basisOfRecord": "MACHINE_OBSERVATION", "coordinateUncertaintyInMeters": 1.0, "recordedBy": "Allar Antson", "catalogNumber": "http://tun.fi/JX.1755327"}}, {"type": "Feature", "geometry": {"type": "Point", "coordinates": [23.215962, 60.333922]}, "properties": {"gbifID": "4921087392", "eventDate": "2024-08-04T16:38Z/2024-08-04T17:34Z", "year": 2024, "countryCode": "FI", "locality": "Rajala", "stateProvince": "Varsinais-Suomi", "basisOfRecord": "MACHINE_OBSERVATION", "coordinateUncertaintyInMeters": 1.0, "recordedBy": "Tarja Siuvatti", "catalogNumber": "http://tun.fi/JX.1755566"}}, {"type": "Feature", "geometry": {"type": "Point", "coordinates": [24.657203, 60.32823]}, "properties": {"gbifID": "4924407860", "eventDate": "2024-08-06T00:00Z/2024-08-12T00:00Z", "year": 2024, "countryCode": "FI", "locality": "Luukki", "stateProvince": "Uusimaa", "basisOfRecord": "MACHINE_OBSERVATION", "coordinateUncertaintyInMeters": 1000.0, "recordedBy": "Mari Kajasvirta", "catalogNumber": "http://tun.fi/JX.1756299"}}, {"type": "Feature", "geometry": {"type": "Point", "coordinates": [25.761002, 61.459012]}, "properties": {"gbifID": "4921088233", "eventDate": "2024-08-10T05:42Z/2024-08-10T06:57Z", "year": 2024, "countryCode": "FI", "locality": "", "stateProvince": "Päijät-Häme", "basisOfRecord": "MACHINE_OBSERVATION", "coordinateUncertaintyInMeters": 1.0, "recordedBy": "Janne Koskinen", "catalogNumber": "http://tun.fi/JX.1757464"}}, {"type": "Feature", "geometry": {"type": "Point", "coordinates": [24.550848, 60.528011]}, "properties": {"gbifID": "4924407746", "eventDate": "2024-08-11T00:00Z", "year": 2024, "countryCode": "FI", "locality": "Laihue", "stateProvince": "Uusimaa", "basisOfRecord": "MACHINE_OBSERVATION", "coordinateUncertaintyInMeters": 1000.0, "recordedBy": "Mari Kajasvirta", "catalogNumber": "http://tun.fi/JX.1757927"}}, {"type": "Feature", "geometry": {"type": "Point", "coordinates": [29.30877, 61.785615]}, "properties": {"gbifID": "4921087484", "eventDate": "2024-08-12T00:00Z", "year": 2024, "countryCode": "FI", "locality": "Punkaharju", "stateProvince": "Etelä-Savo", "basisOfRecord": "MACHINE_OBSERVATION", "coordinateUncertaintyInMeters": 1.0, "recordedBy": "Petri Roponen", "catalogNumber": "http://tun.fi/JX.1758340"}}, {"type": "Feature", "geometry": {"type": "Point", "coordinates": [21.504697, 62.970683]}, "properties": {"gbifID": "4924407787", "eventDate": "2024-08-12T00:00Z", "year": 2024, "countryCode": "FI", "locality": "", "stateProvince": "Pohjanmaa", "basisOfRecord": "MACHINE_OBSERVATION", "coordinateUncertaintyInMeters": 1.0, "recordedBy": "Sebastian Källman", "catalogNumber": "http://tun.fi/JX.1759821"}}, {"type": "Feature", "geometry": {"type": "Point", "coordinates": [25.034037, 60.699692]}, "properties": {"gbifID": "4979543201", "eventDate": "2024-08-12T00:00Z", "year": 2024, "countryCode": "FI", "locality": "", "stateProvince": "Kanta-Häme", "basisOfRecord": "MACHINE_OBSERVATION", "coordinateUncertaintyInMeters": 1.0, "recordedBy": "Hanna Tienhaara", "catalogNumber": "http://tun.fi/JX.1777495"}}, {"type": "Feature", "geometry": {"type": "Point", "coordinates": [25.739747, 64.928669]}, "properties": {"gbifID": "4924407594", "eventDate": "2024-08-16T00:00Z", "year": 2024, "countryCode": "FI", "locality": "Pikkarala", "stateProvince": "Pohjois-Pohjanmaa", "basisOfRecord": "PRESERVED_SPECIMEN", "coordinateUncertaintyInMeters": 1000.0, "recordedBy": "Aune Pisilä", "catalogNumber": "http://tun.fi/JX.1759430"}}, {"type": "Feature", "geometry": {"type": "Point", "coordinates": [26.081054, 61.197317]}, "properties": {"gbifID": "4924407612", "eventDate": "2024-08-17T00:00Z", "year": 2024, "countryCode": "FI", "locality": "", "stateProvince": "Päijät-Häme", "basisOfRecord": "MACHINE_OBSERVATION", "coordinateUncertaintyInMeters": 1000.0, "recordedBy": "Minna Jukkola", "catalogNumber": "http://tun.fi/JX.1759830"}}, {"type": "Feature", "geometry": {"type": "Point", "coordinates": [25.032381, 60.354361]}, "properties": {"gbifID": "4924407894", "eventDate": "2024-08-17T00:00Z", "year": 2024, "countryCode": "FI", "locality": "Ruotsinkylä", "stateProvince": "Uusimaa", "basisOfRecord": "MACHINE_OBSERVATION", "coordinateUncertaintyInMeters": 1.0, "recordedBy": "Allar Antson", "catalogNumber": "http://tun.fi/JX.1759721"}}, {"type": "Feature", "geometry": {"type": "Point", "coordinates": [26.354444, 62.318565]}, "properties": {"gbifID": "4986932478", "eventDate": "2024-08-17T00:00Z", "year": 2024, "countryCode": "FI", "locality": "", "stateProvince": "Keski-Suomi", "basisOfRecord": "MACHINE_OBSERVATION", "coordinateUncertaintyInMeters": 1.0, "recordedBy": "Laura Tarvainen", "catalogNumber": "http://tun.fi/JX.1786136"}}, {"type": "Feature", "geometry": {"type": "Point", "coordinates": [26.000025, 59.40694]}, "properties": {"gbifID": "4924408244", "eventDate": "2024-08-19T00:00Z", "year": 2024, "countryCode": "EE", "locality": "Ohepalu", "stateProvince": "Lääne-Viru County, Lääne-Viru maakond", "basisOfRecord": "MACHINE_OBSERVATION", "coordinateUncertaintyInMeters": 1.0, "recordedBy": "Allar Antson", "catalogNumber": "http://tun.fi/JX.1760379"}}, {"type": "Feature", "geometry": {"type": "Point", "coordinates": [23.166405, 60.383475]}, "properties": {"gbifID": "4924407399", "eventDate": "2024-08-20T11:31Z/2024-08-20T12:57Z", "year": 2024, "countryCode": "FI", "locality": "Pahkavuori, Vuorenmäki", "stateProvince": "Varsinais-Suomi", "basisOfRecord": "MACHINE_OBSERVATION", "coordinateUncertaintyInMeters": 1.0, "recordedBy": "Tarja Siuvatti", "catalogNumber": "http://tun.fi/JX.1760609"}}, {"type": "Feature", "geometry": {"type": "Point", "coordinates": [26.039362, 60.350113]}, "properties": {"gbifID": "5055528331", "eventDate": "2024-08-21T00:00Z", "year": 2024, "countryCode": "FI", "locality": "Kabböle", "stateProvince": "Uusimaa", "basisOfRecord": "MACHINE_OBSERVATION", "coordinateUncertaintyInMeters": 1000.0, "recordedBy": "Tero Taipale", "catalogNumber": "http://tun.fi/JX.2233401"}}, {"type": "Feature", "geometry": {"type": "Point", "coordinates": [25.024037, 60.210377]}, "properties": {"gbifID": "4924408276", "eventDate": "2024-08-21T12:24Z/2024-08-21T14:10Z", "year": 2024, "countryCode": "FI", "locality": "Herttoniemi, Mölylä", "stateProvince": "Uusimaa", "basisOfRecord": "MACHINE_OBSERVATION", "coordinateUncertaintyInMeters": 1.0, "recordedBy": "Juha K Karvonen;Janne Koskinen", "catalogNumber": "http://tun.fi/JX.1760977"}}, {"type": "Feature", "geometry": {"type": "Point", "coordinates": [22.795615, 60.264332]}, "properties": {"gbifID": "4927217591", "eventDate": "2024-08-24T12:25Z/2024-08-24T16:07Z", "year": 2024, "countryCode": "FI", "locality": "Sauvo, Ampola", "stateProvince": "Varsinais-Suomi", "basisOfRecord": "MACHINE_OBSERVATION", "coordinateUncertaintyInMeters": 1.0, "recordedBy": "Tarja Siuvatti", "catalogNumber": "http://tun.fi/JX.1761869"}}, {"type": "Feature", "geometry": {"type": "Point", "coordinates": [21.636938, 62.480789]}, "properties": {"gbifID": "4927217419", "eventDate": "2024-08-25T07:23Z/2024-08-25T08:39Z", "year": 2024, "countryCode": "FI", "locality": "", "stateProvince": "Etelä-Pohjanmaa", "basisOfRecord": "HUMAN_OBSERVATION", "coordinateUncertaintyInMeters": 1.0, "recordedBy": "Teppo Lehtola", "catalogNumber": "http://tun.fi/JX.1762059"}}, {"type": "Feature", "geometry": {"type": "Point", "coordinates": [24.787715, 60.597005]}, "properties": {"gbifID": "4927217819", "eventDate": "2024-08-26T00:00Z", "year": 2024, "countryCode": "FI", "locality": "Uumon metsä", "stateProvince": "Uusimaa", "basisOfRecord": "MACHINE_OBSERVATION", "coordinateUncertaintyInMeters": 1.0, "recordedBy": "Mari Kajasvirta", "catalogNumber": "http://tun.fi/JX.1762524"}}, {"type": "Feature", "geometry": {"type": "Point", "coordinates": [21.617422, 63.274524]}, "properties": {"gbifID": "5055528358", "eventDate": "2024-08-31T00:00Z", "year": 2024, "countryCode": "FI", "locality": "Furuskäret, Ladugrund", "stateProvince": "Pohjanmaa", "basisOfRecord": "HUMAN_OBSERVATION", "coordinateUncertaintyInMeters": 1000.0, "recordedBy": "Matti Kyröläinen", "catalogNumber": "http://tun.fi/JX.1799265"}}, {"type": "Feature", "geometry": {"type": "Point", "coordinates": [27.775578, 62.091838]}, "properties": {"gbifID": "4929450296", "eventDate": "2024-09-02T00:00Z", "year": 2024, "countryCode": "FI", "locality": "Lahnalahti, Rämäpurontie, LS", "stateProvince": "Pohjois-Savo", "basisOfRecord": "HUMAN_OBSERVATION", "coordinateUncertaintyInMeters": 1000.0, "recordedBy": "Riitta Tamminen;Ilkka Kytövuori", "catalogNumber": "http://tun.fi/JX.1764639"}}, {"type": "Feature", "geometry": {"type": "Point", "coordinates": [29.305127, 61.809893]}, "properties": {"gbifID": "4929450479", "eventDate": "2024-09-04T00:00Z", "year": 2024, "countryCode": "FI", "locality": "Tutkimusmetsä /Lusto / Punkaharjun ls-alue", "stateProvince": "Etelä-Savo", "basisOfRecord": "PRESERVED_SPECIMEN", "coordinateUncertaintyInMeters": 1.0, "recordedBy": "Marja Ehrstedt", "catalogNumber": "http://tun.fi/JX.1764949"}}, {"type": "Feature", "geometry": {"type": "Point", "coordinates": [25.36307, 66.48091]}, "properties": {"gbifID": "4929449722", "eventDate": "2024-09-05T00:00Z", "year": 2024, "countryCode": "FI", "locality": "Hirvas, Ulko-Merkkivaara", "stateProvince": "Lappi", "basisOfRecord": "MACHINE_OBSERVATION", "coordinateUncertaintyInMeters": 1.0, "recordedBy": "Seppo Huhmarniemi", "catalogNumber": "http://tun.fi/JX.1765521"}}, {"type": "Feature", "geometry": {"type": "Point", "coordinates": [29.332177, 61.799596]}, "properties": {"gbifID": "4929449400", "eventDate": "2024-09-05T14:59Z/2024-09-05T16:59Z", "year": 2024, "countryCode": "FI", "locality": "Lusto, Mäntylä", "stateProvince": "Etelä-Savo", "basisOfRecord": "HUMAN_OBSERVATION", "coordinateUncertaintyInMeters": 1.0, "recordedBy": "Tarja Siuvatti", "catalogNumber": "http://tun.fi/JX.1765454"}}, {"type": "Feature", "geometry": {"type": "Point", "coordinates": [24.522986, 60.322313]}, "properties": {"gbifID": "4979543946", "eventDate": "2024-09-07T00:00Z", "year": 2024, "countryCode": "FI", "locality": "Nuuksio Högbacka", "stateProvince": "Uusimaa", "basisOfRecord": "MACHINE_OBSERVATION", "coordinateUncertaintyInMeters": 100.0, "recordedBy": "Mari Kajasvirta", "catalogNumber": "http://tun.fi/JX.1766033"}}, {"type": "Feature", "geometry": {"type": "Point", "coordinates": [29.874395, 62.091103]}, "properties": {"gbifID": "4943133433", "eventDate": "2024-09-08T00:00Z", "year": 2024, "countryCode": "FI", "locality": "Puhos", "stateProvince": "Pohjois-Karjala", "basisOfRecord": "MACHINE_OBSERVATION", "coordinateUncertaintyInMeters": 1.0, "recordedBy": "Mikko Veräjänkorva", "catalogNumber": "http://tun.fi/JX.1768298"}}, {"type": "Feature", "geometry": {"type": "Point", "coordinates": [25.805602, 66.461538]}, "properties": {"gbifID": "4943132874", "eventDate": "2024-09-09T00:00Z", "year": 2024, "countryCode": "FI", "locality": "Pöyliönrakka", "stateProvince": "Lappi", "basisOfRecord": "MACHINE_OBSERVATION", "coordinateUncertaintyInMeters": 1000.0, "recordedBy": "Joona Saraste", "catalogNumber": "http://tun.fi/JX.1766807"}}, {"type": "Feature", "geometry": {"type": "Point", "coordinates": [29.658309, 62.622092]}, "properties": {"gbifID": "4943133368", "eventDate": "2024-09-09T00:00Z", "year": 2024, "countryCode": "FI", "locality": "Lintuaita, Marjala", "stateProvince": "Pohjois-Karjala", "basisOfRecord": "MACHINE_OBSERVATION", "coordinateUncertaintyInMeters": 1000.0, "recordedBy": "Anne Hirvonen", "catalogNumber": "http://tun.fi/JX.1766624"}}, {"type": "Feature", "geometry": {"type": "Point", "coordinates": [26.064937, 63.77217]}, "properties": {"gbifID": "4943133422", "eventDate": "2024-09-11T00:00Z", "year": 2024, "countryCode": "FI", "locality": "Lohvanperä", "stateProvince": "Pohjois-Pohjanmaa", "basisOfRecord": "MACHINE_OBSERVATION", "coordinateUncertaintyInMeters": 100.0, "recordedBy": "Alpo Huhmarniemi", "catalogNumber": "http://tun.fi/JX.1768119"}}, {"type": "Feature", "geometry": {"type": "Point", "coordinates": [25.057653, 60.393553]}, "properties": {"gbifID": "4943132421", "eventDate": "2024-09-14T00:00Z", "year": 2024, "countryCode": "FI", "locality": "Puustellinmetsä", "stateProvince": "Uusimaa", "basisOfRecord": "MACHINE_OBSERVATION", "coordinateUncertaintyInMeters": 1.0, "recordedBy": "Allar Antson", "catalogNumber": "http://tun.fi/JX.1768486"}}, {"type": "Feature", "geometry": {"type": "Point", "coordinates": [23.811964, 61.465922]}, "properties": {"gbifID": "4943133661", "eventDate": "2024-09-15T10:51Z/2024-09-15T12:53Z", "year": 2024, "countryCode": "FI", "locality": "", "stateProvince": "Pirkanmaa", "basisOfRecord": "HUMAN_OBSERVATION", "coordinateUncertaintyInMeters": 1.0, "recordedBy": "Ville Vuolanto", "catalogNumber": "http://tun.fi/JX.1768805"}}, {"type": "Feature", "geometry": {"type": "Point", "coordinates": [22.870806, 60.094944]}, "properties": {"gbifID": "4943132956", "eventDate": "2024-09-16T13:27Z/2024-09-16T16:09Z", "year": 2024, "countryCode": "FI", "locality": "Särkisalo, Förby", "stateProvince": "Varsinais-Suomi", "basisOfRecord": "MACHINE_OBSERVATION", "coordinateUncertaintyInMeters": 1.0, "recordedBy": "Tarja Siuvatti", "catalogNumber": "http://tun.fi/JX.1769133"}}, {"type": "Feature", "geometry": {"type": "Point", "coordinates": [22.518003, 58.478272]}, "properties": {"gbifID": "4979542775", "eventDate": "2024-09-21T00:00Z", "year": 2024, "countryCode": "EE", "locality": "Tõrise", "stateProvince": "Saare County, Saare maakond", "basisOfRecord": "MACHINE_OBSERVATION", "coordinateUncertaintyInMeters": 1.0, "recordedBy": "Allar Antson", "catalogNumber": "http://tun.fi/JX.1770311"}}, {"type": "Feature", "geometry": {"type": "Point", "coordinates": [24.64515, 60.269847]}, "properties": {"gbifID": "4979544719", "eventDate": "2024-09-24T00:00Z", "year": 2024, "countryCode": "FI", "locality": "Pirttimäki", "stateProvince": "Uusimaa", "basisOfRecord": "MACHINE_OBSERVATION", "coordinateUncertaintyInMeters": 1.0, "recordedBy": "Mari Kajasvirta", "catalogNumber": "http://tun.fi/JX.1771857"}}, {"type": "Feature", "geometry": {"type": "Point", "coordinates": [25.795135, 60.275707]}, "properties": {"gbifID": "4979543904", "eventDate": "2024-09-26T00:00Z", "year": 2024, "countryCode": "FI", "locality": "Sondby Sandmalmen", "stateProvince": "Uusimaa", "basisOfRecord": "MACHINE_OBSERVATION", "coordinateUncertaintyInMeters": 1000.0, "recordedBy": "Mari Kajasvirta", "catalogNumber": "http://tun.fi/JX.1771746"}}, {"type": "Feature", "geometry": {"type": "Point", "coordinates": [23.017273, 59.859371]}, "properties": {"gbifID": "5222797310", "eventDate": "2024-09-30T00:00Z", "year": 2024, "countryCode": "FI", "locality": "Långbodaudden", "stateProvince": "Uusimaa", "basisOfRecord": "MACHINE_OBSERVATION", "coordinateUncertaintyInMeters": 100.0, "recordedBy": "Mari Kajasvirta", "catalogNumber": "http://tun.fi/JX.2308286"}}, {"type": "Feature", "geometry": {"type": "Point", "coordinates": [22.628387, 59.077136]}, "properties": {"gbifID": "4979542936", "eventDate": "2024-10-04T00:00Z", "year": 2024, "countryCode": "EE", "locality": "Tahkuna", "stateProvince": "Hiiu maakond, Hiiu County", "basisOfRecord": "MACHINE_OBSERVATION", "coordinateUncertaintyInMeters": 1.0, "recordedBy": "Allar Antson", "catalogNumber": "http://tun.fi/JX.1773240"}}, {"type": "Feature", "geometry": {"type": "Point", "coordinates": [25.510523, 60.996107]}, "properties": {"gbifID": "4979541800", "eventDate": "2024-10-05T00:00Z", "year": 2024, "countryCode": "FI", "locality": "Tiilijärvi", "stateProvince": "Päijät-Häme", "basisOfRecord": "MACHINE_OBSERVATION", "coordinateUncertaintyInMeters": 1.0, "recordedBy": "Petri Roponen", "catalogNumber": "http://tun.fi/JX.1773397"}}, {"type": "Feature", "geometry": {"type": "Point", "coordinates": [25.807582, 60.277159]}, "properties": {"gbifID": "5000542305", "eventDate": "2024-10-12T00:00Z/2024-10-16T00:00Z", "year": 2024, "countryCode": "FI", "locality": "Sondby", "stateProvince": "Uusimaa", "basisOfRecord": "MACHINE_OBSERVATION", "coordinateUncertaintyInMeters": 100.0, "recordedBy": "Mari Kajasvirta", "catalogNumber": "http://tun.fi/JX.1775108"}}, {"type": "Feature", "geometry": {"type": "Point", "coordinates": [23.806064, 61.472342]}, "properties": {"gbifID": "4979541272", "eventDate": "2024-10-13T12:09Z/2024-10-13T14:23Z", "year": 2024, "countryCode": "FI", "locality": "", "stateProvince": "Pirkanmaa", "basisOfRecord": "HUMAN_OBSERVATION", "coordinateUncertaintyInMeters": 1.0, "recordedBy": "Ville Vuolanto", "catalogNumber": "http://tun.fi/JX.1775373"}}, {"type": "Feature", "geometry": {"type": "Point", "coordinates": [25.653564, 60.98826]}, "properties": {"gbifID": "4979544425", "eventDate": "2024-10-26T00:00Z", "year": 2024, "countryCode": "FI", "locality": "Kartano", "stateProvince": "Päijät-Häme", "basisOfRecord": "MACHINE_OBSERVATION", "coordinateUncertaintyInMeters": 1.0, "recordedBy": "Petri Roponen", "catalogNumber": "http://tun.fi/JX.1778491"}}, {"type": "Feature", "geometry": {"type": "Point", "coordinates": [25.188062, 60.460447]}, "properties": {"gbifID": "4979542046", "eventDate": "2024-10-27T00:00Z", "year": 2024, "countryCode": "FI", "locality": "Paippinen", "stateProvince": "Uusimaa", "basisOfRecord": "MACHINE_OBSERVATION", "coordinateUncertaintyInMeters": 1.0, "recordedBy": "Allar Antson", "catalogNumber": "http://tun.fi/JX.1778493"}}, {"type": "Feature", "geometry": {"type": "Point", "coordinates": [23.222947, 59.019288]}, "properties": {"gbifID": "4981550608", "eventDate": "2024-11-18T00:00Z", "year": 2024, "countryCode": "EE", "locality": "Borrby", "stateProvince": "Lääne maakond, Lääne County", "basisOfRecord": "MACHINE_OBSERVATION", "coordinateUncertaintyInMeters": 1.0, "recordedBy": "Allar Antson", "catalogNumber": "http://tun.fi/JX.1784057"}}, {"type": "Feature", "geometry": {"type": "Point", "coordinates": [26.136942, 60.547722]}, "properties": {"gbifID": "5222794339", "eventDate": "2025-06-28T00:00Z/2025-08-03T00:00Z", "year": 2025, "countryCode": "FI", "locality": "Hopom, Järvitie", "stateProvince": "Uusimaa", "basisOfRecord": "MACHINE_OBSERVATION", "coordinateUncertaintyInMeters": 1000.0, "recordedBy": "Tero Taipale;Joona Saraste", "catalogNumber": "http://tun.fi/JX.2300945"}}, {"type": "Feature", "geometry": {"type": "Point", "coordinates": [24.60232, 60.254647]}, "properties": {"gbifID": "5222792331", "eventDate": "2025-07-03T00:00Z", "year": 2025, "countryCode": "FI", "locality": "Hästhagabacken - Laihalammen pohjoispääty", "stateProvince": "Uusimaa", "basisOfRecord": "MACHINE_OBSERVATION", "coordinateUncertaintyInMeters": 1.0, "recordedBy": "Mari Kajasvirta", "catalogNumber": "http://tun.fi/JX.2304501"}}, {"type": "Feature", "geometry": {"type": "Point", "coordinates": [24.787594, 60.253384]}, "properties": {"gbifID": "5222792334", "eventDate": "2025-07-04T00:00Z/2025-07-12T00:00Z", "year": 2025, "countryCode": "FI", "locality": "Hämevaara - Linnainen", "stateProvince": "Uusimaa", "basisOfRecord": "MACHINE_OBSERVATION", "coordinateUncertaintyInMeters": 1.0, "recordedBy": "Mari Kajasvirta", "catalogNumber": "http://tun.fi/JX.2305266"}}, {"type": "Feature", "geometry": {"type": "Point", "coordinates": [23.469181, 61.660967]}, "properties": {"gbifID": "6165176407", "eventDate": "2025-07-08T00:00Z", "year": 2025, "countryCode": "FI", "locality": "Lavajärvi", "stateProvince": "Pirkanmaa", "basisOfRecord": "MACHINE_OBSERVATION", "coordinateUncertaintyInMeters": 100.0, "recordedBy": "Anne-Mari Enne;Piia Lamminsivu", "catalogNumber": "http://tun.fi/JX.2415110"}}, {"type": "Feature", "geometry": {"type": "Point", "coordinates": [23.463932, 61.661237]}, "properties": {"gbifID": "6165176415", "eventDate": "2025-07-12T00:00Z", "year": 2025, "countryCode": "FI", "locality": "Lavajärvi", "stateProvince": "Pirkanmaa", "basisOfRecord": "MACHINE_OBSERVATION", "coordinateUncertaintyInMeters": 1000.0, "recordedBy": "Anne-Mari Enne;Piia Lamminsivu", "catalogNumber": "http://tun.fi/JX.2315536"}}, {"type": "Feature", "geometry": {"type": "Point", "coordinates": [25.646909, 60.393085]}, "properties": {"gbifID": "5222779327", "eventDate": "2025-07-13T00:00Z", "year": 2025, "countryCode": "FI", "locality": "Porvoon hautausmaa", "stateProvince": "Uusimaa", "basisOfRecord": "MACHINE_OBSERVATION", "coordinateUncertaintyInMeters": 1000.0, "recordedBy": "Tero Taipale", "catalogNumber": "http://tun.fi/JX.2313326"}}, {"type": "Feature", "geometry": {"type": "Point", "coordinates": [23.53335, 60.325176]}, "properties": {"gbifID": "5222788323", "eventDate": "2025-07-14T09:57Z/2025-07-14T10:34Z", "year": 2025, "countryCode": "FI", "locality": "Ahtiala", "stateProvince": "Varsinais-Suomi", "basisOfRecord": "MACHINE_OBSERVATION", "coordinateUncertaintyInMeters": 1.0, "recordedBy": "Tarja Siuvatti", "catalogNumber": "http://tun.fi/JX.2311134"}}, {"type": "Feature", "geometry": {"type": "Point", "coordinates": [24.831743, 60.298374]}, "properties": {"gbifID": "5762417462", "eventDate": "2025-08-11T00:00Z/2025-08-17T00:00Z", "year": 2025, "countryCode": "FI", "locality": "Vehkala - Tyttömäen länsipuoli - Kynicke", "stateProvince": "Uusimaa", "basisOfRecord": "MACHINE_OBSERVATION", "coordinateUncertaintyInMeters": 1000.0, "recordedBy": "Mari Kajasvirta", "catalogNumber": "http://tun.fi/JX.2327169"}}, {"type": "Feature", "geometry": {"type": "Point", "coordinates": [20.425471, 69.303672]}, "properties": {"gbifID": "6450795554", "eventDate": "2025-08-14T00:00Z", "year": 2025, "countryCode": "NO", "locality": "Lullinjoki", "stateProvince": "Troms", "basisOfRecord": "HUMAN_OBSERVATION", "coordinateUncertaintyInMeters": 1000.0, "recordedBy": "Joona Saraste;Tero Taipale;Andreas Jacob", "catalogNumber": "http://tun.fi/JX.2328294"}}, {"type": "Feature", "geometry": {"type": "Point", "coordinates": [23.019753, 60.431799]}, "properties": {"gbifID": "5716843295", "eventDate": "2025-08-14T12:13Z/2025-08-14T14:45Z", "year": 2025, "countryCode": "FI", "locality": "Märynummi, Pihko", "stateProvince": "Varsinais-Suomi", "basisOfRecord": "HUMAN_OBSERVATION", "coordinateUncertaintyInMeters": 1.0, "recordedBy": "Tarja Siuvatti", "catalogNumber": "http://tun.fi/JX.2328150"}}, {"type": "Feature", "geometry": {"type": "Point", "coordinates": [27.640636, 68.363828]}, "properties": {"gbifID": "5898726461", "eventDate": "2025-08-16T00:00Z", "year": 2025, "countryCode": "FI", "locality": "Kulasjoki", "stateProvince": "Lappi", "basisOfRecord": "MACHINE_OBSERVATION", "coordinateUncertaintyInMeters": 1000.0, "recordedBy": "Aapo Kujanpää", "catalogNumber": "http://tun.fi/JX.2366842"}}, {"type": "Feature", "geometry": {"type": "Point", "coordinates": [23.469181, 61.660967]}, "properties": {"gbifID": "6165176416", "eventDate": "2025-08-16T00:00Z", "year": 2025, "countryCode": "FI", "locality": "Lavajärvi", "stateProvince": "Pirkanmaa", "basisOfRecord": "MACHINE_OBSERVATION", "coordinateUncertaintyInMeters": 100.0, "recordedBy": "Anne-Mari Enne;Piia Lamminsivu", "catalogNumber": "http://tun.fi/JX.2415080"}}, {"type": "Feature", "geometry": {"type": "Point", "coordinates": [20.801188, 69.050837]}, "properties": {"gbifID": "5898726500", "eventDate": "2025-08-16T00:00Z/2025-08-18T00:00Z", "year": 2025, "countryCode": "FI", "locality": "Saana", "stateProvince": "Lappi", "basisOfRecord": "MACHINE_OBSERVATION", "coordinateUncertaintyInMeters": 1000.0, "recordedBy": "Joona Saraste;Tero Taipale", "catalogNumber": "http://tun.fi/JX.2329110"}}, {"type": "Feature", "geometry": {"type": "Point", "coordinates": [22.278098, 60.504206]}, "properties": {"gbifID": "5716843251", "eventDate": "2025-08-16T03:43Z/2025-08-16T05:59Z", "year": 2025, "countryCode": "FI", "locality": "Lentokenttä/Kärsämäki", "stateProvince": "Varsinais-Suomi", "basisOfRecord": "MACHINE_OBSERVATION", "coordinateUncertaintyInMeters": 1.0, "recordedBy": "Oskari Virtanen", "catalogNumber": "http://tun.fi/JX.2328760"}}, {"type": "Feature", "geometry": {"type": "Point", "coordinates": [25.518365, 61.020208]}, "properties": {"gbifID": "5716843825", "eventDate": "2025-08-17T00:00Z", "year": 2025, "countryCode": "FI", "locality": "Tiirismaa", "stateProvince": "Päijät-Häme", "basisOfRecord": "MACHINE_OBSERVATION", "coordinateUncertaintyInMeters": 1.0, "recordedBy": "Petri Roponen", "catalogNumber": "http://tun.fi/JX.2329319"}}, {"type": "Feature", "geometry": {"type": "Point", "coordinates": [23.251145, 61.70007]}, "properties": {"gbifID": "6165176343", "eventDate": "2025-08-17T00:00Z", "year": 2025, "countryCode": "FI", "locality": "Ansomäki", "stateProvince": "Pirkanmaa", "basisOfRecord": "MACHINE_OBSERVATION", "coordinateUncertaintyInMeters": 1000.0, "recordedBy": "Anne-Mari Enne;Piia Lamminsivu", "catalogNumber": "http://tun.fi/JX.2415015"}}, {"type": "Feature", "geometry": {"type": "Point", "coordinates": [20.810464, 69.046707]}, "properties": {"gbifID": "6231949401", "eventDate": "2025-08-18T00:00Z", "year": 2025, "countryCode": "FI", "locality": "Saanan lounaisrinteen tunturikoivikon yläosa, lehtojen suojelualueen yläpuolinen alue.", "stateProvince": "Lappi", "basisOfRecord": "MACHINE_OBSERVATION", "coordinateUncertaintyInMeters": 1000.0, "recordedBy": "Tero Taipale;Joona Saraste;Andreas Jacob", "catalogNumber": "http://tun.fi/JX.2431834"}}, {"type": "Feature", "geometry": {"type": "Point", "coordinates": [23.540952, 61.54517]}, "properties": {"gbifID": "6165176394", "eventDate": "2025-08-20T00:00Z", "year": 2025, "countryCode": "FI", "locality": "Pikku-Ahvenisto", "stateProvince": "Pirkanmaa", "basisOfRecord": "MACHINE_OBSERVATION", "coordinateUncertaintyInMeters": 1000.0, "recordedBy": "Anne-Mari Enne;Piia Lamminsivu", "catalogNumber": "http://tun.fi/JX.2415012"}}, {"type": "Feature", "geometry": {"type": "Point", "coordinates": [23.960812, 61.999727]}, "properties": {"gbifID": "5716844303", "eventDate": "2025-08-23T00:00Z", "year": 2025, "countryCode": "FI", "locality": "Pikku-Kovero, Helvetinjärven kansallispuisto", "stateProvince": "Pirkanmaa", "basisOfRecord": "MACHINE_OBSERVATION", "coordinateUncertaintyInMeters": 1000.0, "recordedBy": "Tyyra Juka", "catalogNumber": "http://tun.fi/JX.2331888"}}, {"type": "Feature", "geometry": {"type": "Point", "coordinates": [26.770737, 59.191227]}, "properties": {"gbifID": "5716844284", "eventDate": "2025-08-24T00:00Z", "year": 2025, "countryCode": "EE", "locality": "Tudusoo", "stateProvince": "Lääne-Viru County, Lääne-Viru maakond", "basisOfRecord": "MACHINE_OBSERVATION", "coordinateUncertaintyInMeters": 1.0, "recordedBy": "Allar Antson", "catalogNumber": "http://tun.fi/JX.2331834"}}, {"type": "Feature", "geometry": {"type": "Point", "coordinates": [22.284527, 60.404097]}, "properties": {"gbifID": "5716844525", "eventDate": "2025-08-24T04:28Z/2025-08-24T15:13Z", "year": 2025, "countryCode": "FI", "locality": "Vaarniemi ja Rauvolanlahti", "stateProvince": "Varsinais-Suomi", "basisOfRecord": "MACHINE_OBSERVATION", "coordinateUncertaintyInMeters": 1.0, "recordedBy": "Oskari Virtanen", "catalogNumber": "http://tun.fi/JX.2331897"}}, {"type": "Feature", "geometry": {"type": "Point", "coordinates": [27.499495, 59.061036]}, "properties": {"gbifID": "5716842843", "eventDate": "2025-08-25T00:00Z", "year": 2025, "countryCode": "EE", "locality": "Agusalu", "stateProvince": "Ida-Viru County, Ida-Viru maakond", "basisOfRecord": "MACHINE_OBSERVATION", "coordinateUncertaintyInMeters": 1.0, "recordedBy": "Allar Antson", "catalogNumber": "http://tun.fi/JX.2332321"}}, {"type": "Feature", "geometry": {"type": "Point", "coordinates": [23.436657, 61.683376]}, "properties": {"gbifID": "5716842977", "eventDate": "2025-08-25T00:00Z", "year": 2025, "countryCode": "FI", "locality": "Myllykulma, Komi", "stateProvince": "Pirkanmaa", "basisOfRecord": "MACHINE_OBSERVATION", "coordinateUncertaintyInMeters": 100.0, "recordedBy": "Anne Hirvonen", "catalogNumber": "http://tun.fi/JX.2332760"}}, {"type": "Feature", "geometry": {"type": "Point", "coordinates": [27.405556, 59.076422]}, "properties": {"gbifID": "5716844056", "eventDate": "2025-08-25T00:00Z", "year": 2025, "countryCode": "EE", "locality": "Pootsiku", "stateProvince": "Ida-Viru County, Ida-Viru maakond", "basisOfRecord": "MACHINE_OBSERVATION", "coordinateUncertaintyInMeters": 1.0, "recordedBy": "Allar Antson", "catalogNumber": "http://tun.fi/JX.2332196"}}, {"type": "Feature", "geometry": {"type": "Point", "coordinates": [25.473924, 61.042554]}, "properties": {"gbifID": "5716844025", "eventDate": "2025-08-26T00:00Z", "year": 2025, "countryCode": "FI", "locality": "Kutajärvi", "stateProvince": "Päijät-Häme", "basisOfRecord": "MACHINE_OBSERVATION", "coordinateUncertaintyInMeters": 1.0, "recordedBy": "Petri Roponen", "catalogNumber": "http://tun.fi/JX.2332493"}}, {"type": "Feature", "geometry": {"type": "Point", "coordinates": [26.640304, 62.585377]}, "properties": {"gbifID": "5762416513", "eventDate": "2025-08-29T09:12Z", "year": 2025, "countryCode": "FI", "locality": "Enonniemi", "stateProvince": "Pohjois-Savo", "basisOfRecord": "MACHINE_OBSERVATION", "coordinateUncertaintyInMeters": 1.0, "recordedBy": "Erna Suutari", "catalogNumber": "http://tun.fi/JX.2338383"}}, {"type": "Feature", "geometry": {"type": "Point", "coordinates": [23.213064, 59.89136]}, "properties": {"gbifID": "5762417515", "eventDate": "2025-08-31T00:00Z", "year": 2025, "countryCode": "FI", "locality": "Koverharintie", "stateProvince": "Uusimaa", "basisOfRecord": "MACHINE_OBSERVATION", "coordinateUncertaintyInMeters": 1000.0, "recordedBy": "Mari Kajasvirta", "catalogNumber": "http://tun.fi/JX.2340297"}}, {"type": "Feature", "geometry": {"type": "Point", "coordinates": [23.120882, 60.448709]}, "properties": {"gbifID": "5716843955", "eventDate": "2025-09-01T00:00Z", "year": 2025, "countryCode": "FI", "locality": "Salainen, Kirjastola", "stateProvince": "Varsinais-Suomi", "basisOfRecord": "MACHINE_OBSERVATION", "coordinateUncertaintyInMeters": 1.0, "recordedBy": "Tarja Siuvatti", "catalogNumber": "http://tun.fi/JX.2340835"}}, {"type": "Feature", "geometry": {"type": "Point", "coordinates": [24.605245, 60.251047]}, "properties": {"gbifID": "5762417027", "eventDate": "2025-09-04T00:00Z", "year": 2025, "countryCode": "FI", "locality": "Brobacka", "stateProvince": "Uusimaa", "basisOfRecord": "MACHINE_OBSERVATION", "coordinateUncertaintyInMeters": 1000.0, "recordedBy": "Mari Kajasvirta", "catalogNumber": "http://tun.fi/JX.2341598"}}, {"type": "Feature", "geometry": {"type": "Point", "coordinates": [23.849334, 58.385496]}, "properties": {"gbifID": "5762417358", "eventDate": "2025-09-05T00:00Z", "year": 2025, "countryCode": "EE", "locality": "Kolga", "stateProvince": "Pärnu maakond, Pärnu County", "basisOfRecord": "MACHINE_OBSERVATION", "coordinateUncertaintyInMeters": 1.0, "recordedBy": "Allar Antson", "catalogNumber": "http://tun.fi/JX.2341915"}}, {"type": "Feature", "geometry": {"type": "Point", "coordinates": [27.601749, 59.124408]}, "properties": {"gbifID": "5762416805", "eventDate": "2025-09-07T00:00Z", "year": 2025, "countryCode": "EE", "locality": "Agusalu", "stateProvince": "Ida-Viru County, Ida-Viru maakond", "basisOfRecord": "MACHINE_OBSERVATION", "coordinateUncertaintyInMeters": 1.0, "recordedBy": "Allar Antson", "catalogNumber": "http://tun.fi/JX.2342621"}}, {"type": "Feature", "geometry": {"type": "Point", "coordinates": [26.870917, 58.594167]}, "properties": {"gbifID": "5762416391", "eventDate": "2025-09-08T00:00Z", "year": 2025, "countryCode": "EE", "locality": "Välgi", "stateProvince": "Tartu maakond, Tartu County", "basisOfRecord": "MACHINE_OBSERVATION", "coordinateUncertaintyInMeters": 1.0, "recordedBy": "Allar Antson", "catalogNumber": "http://tun.fi/JX.2343141"}}, {"type": "Feature", "geometry": {"type": "Point", "coordinates": [24.534424, 64.715615]}, "properties": {"gbifID": "5762416546", "eventDate": "2025-09-09T00:00Z", "year": 2025, "countryCode": "FI", "locality": "Mikonkarinrivi", "stateProvince": "Pohjois-Pohjanmaa", "basisOfRecord": "MACHINE_OBSERVATION", "coordinateUncertaintyInMeters": 1.0, "recordedBy": "", "catalogNumber": "http://tun.fi/JX.2344553"}}, {"type": "Feature", "geometry": {"type": "Point", "coordinates": [25.004514, 61.090339]}, "properties": {"gbifID": "5762417118", "eventDate": "2025-09-09T00:00Z", "year": 2025, "countryCode": "FI", "locality": "Untulanharju", "stateProvince": "Kanta-Häme", "basisOfRecord": "MACHINE_OBSERVATION", "coordinateUncertaintyInMeters": 1000.0, "recordedBy": "Anne Hirvonen", "catalogNumber": "http://tun.fi/JX.2344566"}}, {"type": "Feature", "geometry": {"type": "Point", "coordinates": [25.098702, 61.201554]}, "properties": {"gbifID": "5797654381", "eventDate": "2025-09-10T13:15Z/2025-09-10T13:39Z", "year": 2025, "countryCode": "FI", "locality": "Rusthollinkangas", "stateProvince": "Kanta-Häme", "basisOfRecord": "MACHINE_OBSERVATION", "coordinateUncertaintyInMeters": 100.0, "recordedBy": "Tarja Siuvatti", "catalogNumber": "http://tun.fi/JX.2344982"}}, {"type": "Feature", "geometry": {"type": "Point", "coordinates": [25.149249, 61.220636]}, "properties": {"gbifID": "5797656469", "eventDate": "2025-09-11T00:00Z", "year": 2025, "countryCode": "FI", "locality": "Evo, Rahtijärvi", "stateProvince": "Kanta-Häme", "basisOfRecord": "MACHINE_OBSERVATION", "coordinateUncertaintyInMeters": 100.0, "recordedBy": "Tarja Siuvatti", "catalogNumber": "http://tun.fi/JX.2345414"}}, {"type": "Feature", "geometry": {"type": "Point", "coordinates": [24.956539, 61.108013]}, "properties": {"gbifID": "5839197470", "eventDate": "2025-09-12T07:07Z/2025-09-12T12:03Z", "year": 2025, "countryCode": "FI", "locality": "Sajaniemi", "stateProvince": "Kanta-Häme", "basisOfRecord": "MACHINE_OBSERVATION", "coordinateUncertaintyInMeters": 1.0, "recordedBy": "Laura Tarvainen;Anne Hirvonen", "catalogNumber": "http://tun.fi/JX.2345769"}}, {"type": "Feature", "geometry": {"type": "Point", "coordinates": [25.20407, 60.243116]}, "properties": {"gbifID": "5797655140", "eventDate": "2025-09-13T06:34Z/2025-09-13T07:29Z", "year": 2025, "countryCode": "FI", "locality": "Husö", "stateProvince": "Uusimaa", "basisOfRecord": "HUMAN_OBSERVATION", "coordinateUncertaintyInMeters": 1.0, "recordedBy": "Janne Koskinen", "catalogNumber": "http://tun.fi/JX.2345962"}}, {"type": "Feature", "geometry": {"type": "Point", "coordinates": [25.20407, 60.243116]}, "properties": {"gbifID": "6405493336", "eventDate": "2025-09-13T06:34Z/2025-09-13T07:29Z", "year": 2025, "countryCode": "FI", "locality": "", "stateProvince": "Uusimaa", "basisOfRecord": "HUMAN_OBSERVATION", "coordinateUncertaintyInMeters": 1.0, "recordedBy": "Janne Koskinen", "catalogNumber": "http://tun.fi/JX.2467910"}}, {"type": "Feature", "geometry": {"type": "Point", "coordinates": [30.267838, 62.122141]}, "properties": {"gbifID": "6160474390", "eventDate": "2025-09-18T00:00Z", "year": 2025, "countryCode": "FI", "locality": "Suksjoki", "stateProvince": "Pohjois-Karjala", "basisOfRecord": "MACHINE_OBSERVATION", "coordinateUncertaintyInMeters": 1000.0, "recordedBy": "Tupu Vuorinen", "catalogNumber": "http://tun.fi/JX.2407895"}}, {"type": "Feature", "geometry": {"type": "Point", "coordinates": [24.554379, 60.542938]}, "properties": {"gbifID": "5843788359", "eventDate": "2025-09-26T00:00Z", "year": 2025, "countryCode": "FI", "locality": "Kuoppala", "stateProvince": "Uusimaa", "basisOfRecord": "MACHINE_OBSERVATION", "coordinateUncertaintyInMeters": 100.0, "recordedBy": "Mari Kajasvirta", "catalogNumber": "http://tun.fi/JX.2350454"}}, {"type": "Feature", "geometry": {"type": "Point", "coordinates": [24.482722, 60.544134]}, "properties": {"gbifID": "6450797459", "eventDate": "2025-09-26T00:00Z", "year": 2025, "countryCode": "FI", "locality": "Ylimmäinen", "stateProvince": "Uusimaa", "basisOfRecord": "MACHINE_OBSERVATION", "coordinateUncertaintyInMeters": 1000.0, "recordedBy": "Mari Kajasvirta", "catalogNumber": "http://tun.fi/JX.2350224"}}, {"type": "Feature", "geometry": {"type": "Point", "coordinates": [24.555926, 60.544104]}, "properties": {"gbifID": "6450798427", "eventDate": "2025-09-26T00:00Z", "year": 2025, "countryCode": "FI", "locality": "Pikku-Komin länsipuolen kuusikko", "stateProvince": "Uusimaa", "basisOfRecord": "MACHINE_OBSERVATION", "coordinateUncertaintyInMeters": 1000.0, "recordedBy": "Mari Kajasvirta", "catalogNumber": "http://tun.fi/JX.2350270"}}, {"type": "Feature", "geometry": {"type": "Point", "coordinates": [24.694557, 60.4991]}, "properties": {"gbifID": "5843787857", "eventDate": "2025-09-27T00:00Z", "year": 2025, "countryCode": "FI", "locality": "Kiljavan lähteikköalue", "stateProvince": "Uusimaa", "basisOfRecord": "MACHINE_OBSERVATION", "coordinateUncertaintyInMeters": 1000.0, "recordedBy": "Mari Kajasvirta", "catalogNumber": "http://tun.fi/JX.2350665"}}, {"type": "Feature", "geometry": {"type": "Point", "coordinates": [23.220066, 59.892484]}, "properties": {"gbifID": "5839197529", "eventDate": "2025-09-30T00:00Z", "year": 2025, "countryCode": "FI", "locality": "Koverharintie, Ryssmalmen", "stateProvince": "Uusimaa", "basisOfRecord": "HUMAN_OBSERVATION", "coordinateUncertaintyInMeters": 1000.0, "recordedBy": "Riitta Tamminen;Ilkka Kytövuori", "catalogNumber": "http://tun.fi/JX.2351741"}}, {"type": "Feature", "geometry": {"type": "Point", "coordinates": [23.498849, 59.906439]}, "properties": {"gbifID": "5839199214", "eventDate": "2025-09-30T00:00Z", "year": 2025, "countryCode": "FI", "locality": "Skåldö", "stateProvince": "Uusimaa", "basisOfRecord": "MACHINE_OBSERVATION", "coordinateUncertaintyInMeters": 1.0, "recordedBy": "Tarja Siuvatti;Anders Fagerholm", "catalogNumber": "http://tun.fi/JX.2351759"}}, {"type": "Feature", "geometry": {"type": "Point", "coordinates": [22.170931, 58.010764]}, "properties": {"gbifID": "5839198861", "eventDate": "2025-10-04T00:00Z", "year": 2025, "countryCode": "EE", "locality": "Viieristi", "stateProvince": "Saare maakond, Saare County", "basisOfRecord": "MACHINE_OBSERVATION", "coordinateUncertaintyInMeters": 1.0, "recordedBy": "Allar Antson", "catalogNumber": "http://tun.fi/JX.2352611"}}, {"type": "Feature", "geometry": {"type": "Point", "coordinates": [25.303171, 61.739548]}, "properties": {"gbifID": "6231948344", "eventDate": "2025-10-05T00:00Z", "year": 2025, "countryCode": "FI", "locality": "Edesniemi", "stateProvince": "Keski-Suomi", "basisOfRecord": "HUMAN_OBSERVATION", "coordinateUncertaintyInMeters": 1000.0, "recordedBy": "Riitta Tamminen;Ilkka Kytövuori", "catalogNumber": "http://tun.fi/JX.2353550"}}, {"type": "Feature", "geometry": {"type": "Point", "coordinates": [26.064434, 63.772452]}, "properties": {"gbifID": "5843787510", "eventDate": "2025-10-12T00:00Z", "year": 2025, "countryCode": "FI", "locality": "Lohva", "stateProvince": "Pohjois-Pohjanmaa", "basisOfRecord": "MACHINE_OBSERVATION", "coordinateUncertaintyInMeters": 1.0, "recordedBy": "Seppo Huhmarniemi", "catalogNumber": "http://tun.fi/JX.2355900"}}, {"type": "Feature", "geometry": {"type": "Point", "coordinates": [23.071058, 59.85519]}, "properties": {"gbifID": "5843787565", "eventDate": "2025-10-13T00:00Z", "year": 2025, "countryCode": "FI", "locality": "Träskesmossenin etelä- ja itäpuoli", "stateProvince": "Uusimaa", "basisOfRecord": "MACHINE_OBSERVATION", "coordinateUncertaintyInMeters": 1000.0, "recordedBy": "Mari Kajasvirta", "catalogNumber": "http://tun.fi/JX.2355590"}}, {"type": "Feature", "geometry": {"type": "Point", "coordinates": [22.336205, 60.423398]}, "properties": {"gbifID": "5888912189", "eventDate": "2025-11-01T00:00Z", "year": 2025, "countryCode": "FI", "locality": "Kurkisuo, Skanssi", "stateProvince": "Varsinais-Suomi", "basisOfRecord": "MACHINE_OBSERVATION", "coordinateUncertaintyInMeters": 100.0, "recordedBy": "Aapo Kujanpää", "catalogNumber": "http://tun.fi/JX.2362578"}}, {"type": "Feature", "geometry": {"type": "Point", "coordinates": [24.6801, 60.210959]}, "properties": {"gbifID": "6450797595", "eventDate": "2026-07-20T00:00Z/2026-07-27T00:00Z", "year": 2026, "countryCode": "FI", "locality": "Kasavuori", "stateProvince": "Uusimaa", "basisOfRecord": "MACHINE_OBSERVATION", "coordinateUncertaintyInMeters": 1.0, "recordedBy": "Mari Kajasvirta", "catalogNumber": "http://tun.fi/JX.2485685"}}, {"type": "Feature", "geometry": {"type": "Point", "coordinates": [22.118, 60.509]}, "properties": {"gbifID": "6450796420", "eventDate": "2026-07-25T00:00Z", "year": 2026, "countryCode": "FI", "locality": "Someroja", "stateProvince": "Varsinais-Suomi", "basisOfRecord": "MACHINE_OBSERVATION", "coordinateUncertaintyInMeters": 1.0, "recordedBy": "Maarit Piitulainen", "catalogNumber": "http://tun.fi/JX.2488359"}}, {"type": "Feature", "geometry": {"type": "Point", "coordinates": [23.063638, 60.45783]}, "properties": {"gbifID": "6467653325", "eventDate": "2026-08-01T14:05Z/2026-08-01T14:19Z", "year": 2026, "countryCode": "FI", "locality": "Märynummi, Kairila", "stateProvince": "Varsinais-Suomi", "basisOfRecord": "MACHINE_OBSERVATION", "coordinateUncertaintyInMeters": 1.0, "recordedBy": "Tarja Siuvatti", "catalogNumber": "http://tun.fi/JX.2491077"}}, {"type": "Feature", "geometry": {"type": "Point", "coordinates": [25.590897, 59.550323]}, "properties": {"gbifID": "6496437540", "eventDate": "2026-08-13T00:00Z", "year": 2026, "countryCode": "EE", "locality": "Lahemaa", "stateProvince": "Harju County, Harju maakond, Harjumaa", "basisOfRecord": "MACHINE_OBSERVATION", "coordinateUncertaintyInMeters": 1.0, "recordedBy": "Allar Antson", "catalogNumber": "http://tun.fi/JX.2497455"}}, {"type": "Feature", "geometry": {"type": "Point", "coordinates": [25.747026, 60.402903]}, "properties": {"gbifID": "6496438385", "eventDate": "2026-08-14T00:00Z", "year": 2026, "countryCode": "FI", "locality": "Hasselholmen", "stateProvince": "Uusimaa", "basisOfRecord": "MACHINE_OBSERVATION", "coordinateUncertaintyInMeters": 1.0, "recordedBy": "Mari Kajasvirta", "catalogNumber": "http://tun.fi/JX.2497748"}}, {"type": "Feature", "geometry": {"type": "Point", "coordinates": [25.746352, 66.500089]}, "properties": {"gbifID": "6496436469", "eventDate": "2026-08-16T00:00Z", "year": 2026, "countryCode": "FI", "locality": "Pullinpuoli", "stateProvince": "Lappi", "basisOfRecord": "MACHINE_OBSERVATION", "coordinateUncertaintyInMeters": 1.0, "recordedBy": "Seija Korpinen", "catalogNumber": "http://tun.fi/JX.2499040"}}]}