{"type": "FeatureCollection", "metadata": {"crs": "EPSG:3067", "grid_size_m": 10000, "record_count": 970}, "features": [{"type": "Feature", "geometry": {"type": "Polygon", "coordinates": [[[22.90634778556523, 59.74396918350034], [23.083837855007744, 59.7493865829679], [23.073307033633085, 59.8389717101074], [22.89534287619772, 59.83353489693567], [22.90634778556523, 59.74396918350034]]]}, "properties": {"grid_id": "ETRS-TM35FIN-10km-N6630000-E270000", "northing_min": 6630000, "easting_min": 270000, "grid_size_m": 10000, "observation_count": 4, "verified_count": 0, "year_min": 2024, "year_max": 2026}}, {"type": "Feature", "geometry": {"type": "Polygon", "coordinates": [[[23.073307033633085, 59.8389717101074], [23.251337539122787, 59.84416817747298], [23.241218006245834, 59.93376960426362], [23.062709863047886, 59.9285544758325], [23.073307033633085, 59.8389717101074]]]}, "properties": {"grid_id": "ETRS-TM35FIN-10km-N6640000-E280000", "northing_min": 6640000, "easting_min": 280000, "grid_size_m": 10000, "observation_count": 4, "verified_count": 2, "year_min": 2018, "year_max": 2025}}, {"type": "Feature", "geometry": {"type": "Polygon", "coordinates": [[[23.251337539122787, 59.84416817747298], [23.429431424738404, 59.849124123720436], [23.419790092201264, 59.93874335329784], [23.241218006245834, 59.93376960426362], [23.251337539122787, 59.84416817747298]]]}, "properties": {"grid_id": "ETRS-TM35FIN-10km-N6640000-E290000", "northing_min": 6640000, "easting_min": 290000, "grid_size_m": 10000, "observation_count": 1, "verified_count": 1, "year_min": 2020, "year_max": 2020}}, {"type": "Feature", "geometry": {"type": "Polygon", "coordinates": [[[23.429431424738404, 59.849124123720436], [23.607585715917313, 59.853839381542834], [23.59842312021052, 59.943475554253546], [23.419790092201264, 59.93874335329784], [23.429431424738404, 59.849124123720436]]]}, "properties": {"grid_id": "ETRS-TM35FIN-10km-N6640000-E300000", "northing_min": 6640000, "easting_min": 300000, "grid_size_m": 10000, "observation_count": 1, "verified_count": 0, "year_min": 2025, "year_max": 2025}}, {"type": "Feature", "geometry": {"type": "Polygon", "coordinates": [[[21.637304378241552, 59.87816668414004], [21.81519382603358, 59.885305811776384], [21.80118343719344, 59.97473084735164], [21.62281885177837, 59.96756611314917], [21.637304378241552, 59.87816668414004]]]}, "properties": {"grid_id": "ETRS-TM35FIN-10km-N6650000-E200000", "northing_min": 6650000, "easting_min": 200000, "grid_size_m": 10000, "observation_count": 1, "verified_count": 1, "year_min": 2025, "year_max": 2025}}, {"type": "Feature", "geometry": {"type": "Polygon", "coordinates": [[[22.705897373766653, 59.917400795832755], [22.88426865657803, 59.9230981447559], [22.87312451207555, 60.01265891805992], [22.694273815206895, 60.00694108622528], [22.705897373766653, 59.917400795832755]]]}, "properties": {"grid_id": "ETRS-TM35FIN-10km-N6650000-E260000", "northing_min": 6650000, "easting_min": 260000, "grid_size_m": 10000, "observation_count": 1, "verified_count": 1, "year_min": 2023, "year_max": 2023}}, {"type": "Feature", "geometry": {"type": "Polygon", "coordinates": [[[23.77711408314577, 59.94796604654056], [23.95585996776564, 59.95221467768037], [23.947604446603, 60.04188024026186], [23.76837581187287, 60.03761630693048], [23.77711408314577, 59.94796604654056]]]}, "properties": {"grid_id": "ETRS-TM35FIN-10km-N6650000-E320000", "northing_min": 6650000, "easting_min": 320000, "grid_size_m": 10000, "observation_count": 1, "verified_count": 1, "year_min": 2025, "year_max": 2025}}, {"type": "Feature", "geometry": {"type": "Polygon", "coordinates": [[[23.95585996776564, 59.95221467768037], [24.134657755027444, 59.95622130332561], [24.12688544698203, 60.04590130008766], [23.947604446603, 60.04188024026186], [23.95585996776564, 59.95221467768037]]]}, "properties": {"grid_id": "ETRS-TM35FIN-10km-N6650000-E330000", "northing_min": 6650000, "easting_min": 330000, "grid_size_m": 10000, "observation_count": 2, "verified_count": 2, "year_min": 2020, "year_max": 2021}}, {"type": "Feature", "geometry": {"type": "Polygon", "coordinates": [[[24.313504420400896, 59.95998578727843], [24.492396934183354, 59.963508001507876], [24.485592334089187, 60.0532142581638], [24.306215761673045, 60.04967934908471], [24.313504420400896, 59.95998578727843]]]}, "properties": {"grid_id": "ETRS-TM35FIN-10km-N6650000-E350000", "northing_min": 6650000, "easting_min": 350000, "grid_size_m": 10000, "observation_count": 1, "verified_count": 1, "year_min": 2025, "year_max": 2025}}, {"type": "Feature", "geometry": {"type": "Polygon", "coordinates": [[[22.33679607343561, 59.99478057511204], [22.51549666967471, 60.000981571084836], [22.50331779451285, 60.09049781087042], [22.324136116484702, 60.08427449732114], [22.33679607343561, 59.99478057511204]]]}, "properties": {"grid_id": "ETRS-TM35FIN-10km-N6660000-E240000", "northing_min": 6660000, "easting_min": 240000, "grid_size_m": 10000, "observation_count": 1, "verified_count": 0, "year_min": 2021, "year_max": 2021}}, {"type": "Feature", "geometry": {"type": "Polygon", "coordinates": [[[22.51549666967471, 60.000981571084836], [22.694273815206895, 60.00694108622528], [22.682576704016782, 60.09647878241969], [22.50331779451285, 60.09049781087042], [22.51549666967471, 60.000981571084836]]]}, "properties": {"grid_id": "ETRS-TM35FIN-10km-N6660000-E250000", "northing_min": 6660000, "easting_min": 250000, "grid_size_m": 10000, "observation_count": 1, "verified_count": 1, "year_min": 2020, "year_max": 2020}}, {"type": "Feature", "geometry": {"type": "Polygon", "coordinates": [[[22.694273815206895, 60.00694108622528], [22.87312451207555, 60.01265891805992], [22.86190982071353, 60.10221720782578], [22.682576704016782, 60.09647878241969], [22.694273815206895, 60.00694108622528]]]}, "properties": {"grid_id": "ETRS-TM35FIN-10km-N6660000-E260000", "northing_min": 6660000, "easting_min": 260000, "grid_size_m": 10000, "observation_count": 3, "verified_count": 1, "year_min": 2012, "year_max": 2023}}, {"type": "Feature", "geometry": {"type": "Polygon", "coordinates": [[[22.87312451207555, 60.01265891805992], [23.052045754561174, 60.01813487217954], [23.04131411244116, 60.10771289107509], [22.86190982071353, 60.10221720782578], [22.87312451207555, 60.01265891805992]]]}, "properties": {"grid_id": "ETRS-TM35FIN-10km-N6660000-E270000", "northing_min": 6660000, "easting_min": 270000, "grid_size_m": 10000, "observation_count": 1, "verified_count": 0, "year_min": 2024, "year_max": 2024}}, {"type": "Feature", "geometry": {"type": "Polygon", "coordinates": [[[23.41008781653957, 60.02836041010567], [23.58920258855876, 60.03310964563276], [23.579923604577854, 60.122741650209726], [23.400324054822335, 60.11797528784638], [23.41008781653957, 60.02836041010567]]]}, "properties": {"grid_id": "ETRS-TM35FIN-10km-N6660000-E300000", "northing_min": 6660000, "easting_min": 300000, "grid_size_m": 10000, "observation_count": 2, "verified_count": 0, "year_min": 2019, "year_max": 2025}}, {"type": "Feature", "geometry": {"type": "Polygon", "coordinates": [[[23.58920258855876, 60.03310964563276], [23.76837581187287, 60.03761630693048], [23.759582128202542, 60.127264568144106], [23.579923604577854, 60.122741650209726], [23.58920258855876, 60.03310964563276]]]}, "properties": {"grid_id": "ETRS-TM35FIN-10km-N6660000-E310000", "northing_min": 6660000, "easting_min": 310000, "grid_size_m": 10000, "observation_count": 1, "verified_count": 1, "year_min": 2020, "year_max": 2020}}, {"type": "Feature", "geometry": {"type": "Polygon", "coordinates": [[[23.76837581187287, 60.03761630693048], [23.947604446603, 60.04188024026186], [23.93929655886311, 60.13154388663974], [23.759582128202542, 60.127264568144106], [23.76837581187287, 60.03761630693048]]]}, "properties": {"grid_id": "ETRS-TM35FIN-10km-N6660000-E320000", "northing_min": 6660000, "easting_min": 320000, "grid_size_m": 10000, "observation_count": 1, "verified_count": 1, "year_min": 2020, "year_max": 2020}}, {"type": "Feature", "geometry": {"type": "Polygon", "coordinates": [[[24.12688544698203, 60.04590130008766], [24.306215761673045, 60.04967934908471], [24.29888084439859, 60.139371146618195], [24.119063823749613, 60.13557945895155], [24.12688544698203, 60.04590130008766]]]}, "properties": {"grid_id": "ETRS-TM35FIN-10km-N6660000-E340000", "northing_min": 6660000, "easting_min": 340000, "grid_size_m": 10000, "observation_count": 2, "verified_count": 1, "year_min": 2024, "year_max": 2024}}, {"type": "Feature", "geometry": {"type": "Polygon", "coordinates": [[[24.306215761673045, 60.04967934908471], [24.485592334089187, 60.0532142581638], [24.47874453701769, 60.142918819479824], [24.29888084439859, 60.139371146618195], [24.306215761673045, 60.04967934908471]]]}, "properties": {"grid_id": "ETRS-TM35FIN-10km-N6660000-E350000", "northing_min": 6660000, "easting_min": 350000, "grid_size_m": 10000, "observation_count": 3, "verified_count": 2, "year_min": 2018, "year_max": 2024}}, {"type": "Feature", "geometry": {"type": "Polygon", "coordinates": [[[24.485592334089187, 60.0532142581638], [24.66501210271495, 60.05650590648604], [24.65865181281174, 60.14622235569499], [24.47874453701769, 60.142918819479824], [24.485592334089187, 60.0532142581638]]]}, "properties": {"grid_id": "ETRS-TM35FIN-10km-N6660000-E360000", "northing_min": 6660000, "easting_min": 360000, "grid_size_m": 10000, "observation_count": 2, "verified_count": 1, "year_min": 2020, "year_max": 2024}}, {"type": "Feature", "geometry": {"type": "Polygon", "coordinates": [[[24.66501210271495, 60.05650590648604], [24.844472001428777, 60.059554181478475], [24.83859957831017, 60.14928164175631], [24.65865181281174, 60.14622235569499], [24.66501210271495, 60.05650590648604]]]}, "properties": {"grid_id": "ETRS-TM35FIN-10km-N6660000-E370000", "northing_min": 6660000, "easting_min": 370000, "grid_size_m": 10000, "observation_count": 1, "verified_count": 1, "year_min": 2023, "year_max": 2023}}, {"type": "Feature", "geometry": {"type": "Polygon", "coordinates": [[[24.844472001428777, 60.059554181478475], [25.02396895982688, 60.06235897884859], [25.018584735695676, 60.152096572505215], [24.83859957831017, 60.14928164175631], [24.844472001428777, 60.059554181478475]]]}, "properties": {"grid_id": "ETRS-TM35FIN-10km-N6660000-E380000", "northing_min": 6660000, "easting_min": 380000, "grid_size_m": 10000, "observation_count": 3, "verified_count": 3, "year_min": 2024, "year_max": 2025}}, {"type": "Feature", "geometry": {"type": "Polygon", "coordinates": [[[21.966016510733585, 60.071101701285635], [22.1450346860261, 60.077809054018495], [22.131811099041336, 60.16727683239962], [21.952310285973617, 60.160545315100165], [21.966016510733585, 60.071101701285635]]]}, "properties": {"grid_id": "ETRS-TM35FIN-10km-N6670000-E220000", "northing_min": 6670000, "easting_min": 220000, "grid_size_m": 10000, "observation_count": 1, "verified_count": 1, "year_min": 2023, "year_max": 2023}}, {"type": "Feature", "geometry": {"type": "Polygon", "coordinates": [[[22.86190982071353, 60.10221720782578], [23.04131411244116, 60.10771289107509], [23.030514333810082, 60.1972885243342], [22.850623953059458, 60.191773004908626], [22.86190982071353, 60.10221720782578]]]}, "properties": {"grid_id": "ETRS-TM35FIN-10km-N6670000-E270000", "northing_min": 6670000, "easting_min": 270000, "grid_size_m": 10000, "observation_count": 2, "verified_count": 0, "year_min": 2018, "year_max": 2024}}, {"type": "Feature", "geometry": {"type": "Polygon", "coordinates": [[[23.22078653947108, 60.11296564430869], [23.400324054822335, 60.11797528784638], [23.390498257597784, 60.207587980131976], [23.210473459975596, 60.20256024313196], [23.22078653947108, 60.11296564430869]]]}, "properties": {"grid_id": "ETRS-TM35FIN-10km-N6670000-E290000", "northing_min": 6670000, "easting_min": 290000, "grid_size_m": 10000, "observation_count": 1, "verified_count": 1, "year_min": 2023, "year_max": 2023}}, {"type": "Feature", "geometry": {"type": "Polygon", "coordinates": [[[23.400324054822335, 60.11797528784638], [23.579923604577854, 60.122741650209726], [23.570585645678047, 60.21237156243309], [23.390498257597784, 60.207587980131976], [23.400324054822335, 60.11797528784638]]]}, "properties": {"grid_id": "ETRS-TM35FIN-10km-N6670000-E300000", "northing_min": 6670000, "easting_min": 300000, "grid_size_m": 10000, "observation_count": 3, "verified_count": 1, "year_min": 2019, "year_max": 2026}}, {"type": "Feature", "geometry": {"type": "Polygon", "coordinates": [[[23.579923604577854, 60.122741650209726], [23.759582128202542, 60.127264568144106], [23.750732536500184, 60.216910825425316], [23.570585645678047, 60.21237156243309], [23.579923604577854, 60.122741650209726]]]}, "properties": {"grid_id": "ETRS-TM35FIN-10km-N6670000-E310000", "northing_min": 6670000, "easting_min": 310000, "grid_size_m": 10000, "observation_count": 1, "verified_count": 1, "year_min": 2020, "year_max": 2020}}, {"type": "Feature", "geometry": {"type": "Polygon", "coordinates": [[[23.759582128202542, 60.127264568144106], [23.93929655886311, 60.13154388663974], [23.930935835954983, 60.22120561281118], [23.750732536500184, 60.216910825425316], [23.759582128202542, 60.127264568144106]]]}, "properties": {"grid_id": "ETRS-TM35FIN-10km-N6670000-E320000", "northing_min": 6670000, "easting_min": 320000, "grid_size_m": 10000, "observation_count": 2, "verified_count": 1, "year_min": 2010, "year_max": 2023}}, {"type": "Feature", "geometry": {"type": "Polygon", "coordinates": [[[24.29888084439859, 60.139371146618195], [24.47874453701769, 60.142918819479824], [24.47185315599197, 60.232621683460884], [24.291499254320176, 60.2290611772568], [24.29888084439859, 60.139371146618195]]]}, "properties": {"grid_id": "ETRS-TM35FIN-10km-N6670000-E350000", "northing_min": 6670000, "easting_min": 350000, "grid_size_m": 10000, "observation_count": 1, "verified_count": 1, "year_min": 2024, "year_max": 2024}}, {"type": "Feature", "geometry": {"type": "Polygon", "coordinates": [[[24.47874453701769, 60.142918819479824], [24.65865181281174, 60.14622235569499], [24.652251032479658, 60.23593717238251], [24.47185315599197, 60.232621683460884], [24.47874453701769, 60.142918819479824]]]}, "properties": {"grid_id": "ETRS-TM35FIN-10km-N6670000-E360000", "northing_min": 6670000, "easting_min": 360000, "grid_size_m": 10000, "observation_count": 1, "verified_count": 1, "year_min": 2024, "year_max": 2024}}, {"type": "Feature", "geometry": {"type": "Polygon", "coordinates": [[[24.65865181281174, 60.14622235569499], [24.83859957831017, 60.14928164175631], [24.832689762634974, 60.23900752956902], [24.652251032479658, 60.23593717238251], [24.65865181281174, 60.14622235569499]]]}, "properties": {"grid_id": "ETRS-TM35FIN-10km-N6670000-E370000", "northing_min": 6670000, "easting_min": 370000, "grid_size_m": 10000, "observation_count": 18, "verified_count": 7, "year_min": 2009, "year_max": 2026}}, {"type": "Feature", "geometry": {"type": "Polygon", "coordinates": [[[24.83859957831017, 60.14928164175631], [25.018584735695676, 60.152096572505215], [25.01316622089724, 60.24183264898572], [24.832689762634974, 60.23900752956902], [24.83859957831017, 60.14928164175631]]]}, "properties": {"grid_id": "ETRS-TM35FIN-10km-N6670000-E380000", "northing_min": 6670000, "easting_min": 380000, "grid_size_m": 10000, "observation_count": 37, "verified_count": 27, "year_min": 2018, "year_max": 2026}}, {"type": "Feature", "geometry": {"type": "Polygon", "coordinates": [[[25.018584735695676, 60.152096572505215], [25.19860418313406, 60.15466705114554], [25.193677277628176, 60.24441243302965], [25.01316622089724, 60.24183264898572], [25.018584735695676, 60.152096572505215]]]}, "properties": {"grid_id": "ETRS-TM35FIN-10km-N6670000-E390000", "northing_min": 6670000, "easting_min": 390000, "grid_size_m": 10000, "observation_count": 22, "verified_count": 10, "year_min": 2017, "year_max": 2026}}, {"type": "Feature", "geometry": {"type": "Polygon", "coordinates": [[[25.19860418313406, 60.15466705114554], [25.378654815105136, 60.156992989256054], [25.374219799447776, 60.246746792542424], [25.193677277628176, 60.24441243302965], [25.19860418313406, 60.15466705114554]]]}, "properties": {"grid_id": "ETRS-TM35FIN-10km-N6670000-E400000", "northing_min": 6670000, "easting_min": 400000, "grid_size_m": 10000, "observation_count": 9, "verified_count": 7, "year_min": 2023, "year_max": 2025}}, {"type": "Feature", "geometry": {"type": "Polygon", "coordinates": [[[25.378654815105136, 60.156992989256054], [25.55873352273467, 60.15907430680188], [25.554790649571228, 60.24883564682166], [25.374219799447776, 60.246746792542424], [25.378654815105136, 60.156992989256054]]]}, "properties": {"grid_id": "ETRS-TM35FIN-10km-N6670000-E410000", "northing_min": 6670000, "easting_min": 410000, "grid_size_m": 10000, "observation_count": 2, "verified_count": 2, "year_min": 2019, "year_max": 2025}}, {"type": "Feature", "geometry": {"type": "Polygon", "coordinates": [[[21.235207378592957, 60.131196256103436], [21.414342041370634, 60.1388964765548], [21.39909658113789, 60.22825891082514], [21.219479528539527, 60.22053094744679], [21.235207378592957, 60.131196256103436]]]}, "properties": {"grid_id": "ETRS-TM35FIN-10km-N6680000-E180000", "northing_min": 6680000, "easting_min": 180000, "grid_size_m": 10000, "observation_count": 1, "verified_count": 0, "year_min": 2025, "year_max": 2025}}, {"type": "Feature", "geometry": {"type": "Polygon", "coordinates": [[[21.772896496393322, 60.15357125645738], [21.952310285973617, 60.160545315100165], [21.938517036185708, 60.24998581743724], [21.75861836250126, 60.242986598293115], [21.772896496393322, 60.15357125645738]]]}, "properties": {"grid_id": "ETRS-TM35FIN-10km-N6680000-E210000", "northing_min": 6680000, "easting_min": 210000, "grid_size_m": 10000, "observation_count": 1, "verified_count": 1, "year_min": 2021, "year_max": 2021}}, {"type": "Feature", "geometry": {"type": "Polygon", "coordinates": [[[22.131811099041336, 60.16727683239962], [22.31139591054797, 60.17376557809954], [22.29857473871808, 60.263253805018685], [22.118503512128477, 60.25674163039998], [22.131811099041336, 60.16727683239962]]]}, "properties": {"grid_id": "ETRS-TM35FIN-10km-N6680000-E230000", "northing_min": 6680000, "easting_min": 230000, "grid_size_m": 10000, "observation_count": 1, "verified_count": 1, "year_min": 2023, "year_max": 2023}}, {"type": "Feature", "geometry": {"type": "Polygon", "coordinates": [[[22.670805384320634, 60.18601387427073], [22.850623953059458, 60.191773004908626], [22.83926627211349, 60.2813263000388], [22.658959192363096, 60.27554635149643], [22.670805384320634, 60.18601387427073]]]}, "properties": {"grid_id": "ETRS-TM35FIN-10km-N6680000-E260000", "northing_min": 6680000, "easting_min": 260000, "grid_size_m": 10000, "observation_count": 1, "verified_count": 0, "year_min": 2024, "year_max": 2024}}, {"type": "Feature", "geometry": {"type": "Polygon", "coordinates": [[[22.850623953059458, 60.191773004908626], [23.030514333810082, 60.1972885243342], [23.019645808537177, 60.286861763658436], [22.83926627211349, 60.2813263000388], [22.850623953059458, 60.191773004908626]]]}, "properties": {"grid_id": "ETRS-TM35FIN-10km-N6680000-E270000", "northing_min": 6680000, "easting_min": 270000, "grid_size_m": 10000, "observation_count": 2, "verified_count": 0, "year_min": 2022, "year_max": 2023}}, {"type": "Feature", "geometry": {"type": "Polygon", "coordinates": [[[23.750732536500184, 60.216910825425316], [23.930935835954983, 60.22120561281118], [23.9225218036336, 60.31086541471001], [23.741826535154, 60.30655507394543], [23.750732536500184, 60.216910825425316]]]}, "properties": {"grid_id": "ETRS-TM35FIN-10km-N6680000-E320000", "northing_min": 6680000, "easting_min": 320000, "grid_size_m": 10000, "observation_count": 8, "verified_count": 3, "year_min": 2021, "year_max": 2024}}, {"type": "Feature", "geometry": {"type": "Polygon", "coordinates": [[[24.111192443866532, 60.22525577662597], [24.291499254320176, 60.2290611772568], [24.28407057217718, 60.31874943833162], [24.10327086053978, 60.31493024976462], [24.111192443866532, 60.22525577662597]]]}, "properties": {"grid_id": "ETRS-TM35FIN-10km-N6680000-E340000", "northing_min": 6680000, "easting_min": 340000, "grid_size_m": 10000, "observation_count": 4, "verified_count": 3, "year_min": 2024, "year_max": 2024}}, {"type": "Feature", "geometry": {"type": "Polygon", "coordinates": [[[24.291499254320176, 60.2290611772568], [24.47185315599197, 60.232621683460884], [24.46491779935932, 60.322322848072574], [24.28407057217718, 60.31874943833162], [24.291499254320176, 60.2290611772568]]]}, "properties": {"grid_id": "ETRS-TM35FIN-10km-N6680000-E350000", "northing_min": 6680000, "easting_min": 350000, "grid_size_m": 10000, "observation_count": 7, "verified_count": 5, "year_min": 2019, "year_max": 2026}}, {"type": "Feature", "geometry": {"type": "Polygon", "coordinates": [[[24.47185315599197, 60.232621683460884], [24.652251032479658, 60.23593717238251], [24.645809397744515, 60.3256503551057], [24.46491779935932, 60.322322848072574], [24.47185315599197, 60.232621683460884]]]}, "properties": {"grid_id": "ETRS-TM35FIN-10km-N6680000-E360000", "northing_min": 6680000, "easting_min": 360000, "grid_size_m": 10000, "observation_count": 12, "verified_count": 9, "year_min": 2018, "year_max": 2025}}, {"type": "Feature", "geometry": {"type": "Polygon", "coordinates": [[[24.652251032479658, 60.23593717238251], [24.832689762634974, 60.23900752956902], [24.82674221817319, 60.32873184402207], [24.645809397744515, 60.3256503551057], [24.652251032479658, 60.23593717238251]]]}, "properties": {"grid_id": "ETRS-TM35FIN-10km-N6680000-E370000", "northing_min": 6680000, "easting_min": 370000, "grid_size_m": 10000, "observation_count": 8, "verified_count": 4, "year_min": 2017, "year_max": 2026}}, {"type": "Feature", "geometry": {"type": "Polygon", "coordinates": [[[24.832689762634974, 60.23900752956902], [25.01316622089724, 60.24183264898572], [25.007713107006495, 60.331567207900584], [24.82674221817319, 60.32873184402207], [24.832689762634974, 60.23900752956902]]]}, "properties": {"grid_id": "ETRS-TM35FIN-10km-N6680000-E380000", "northing_min": 6680000, "easting_min": 380000, "grid_size_m": 10000, "observation_count": 2, "verified_count": 1, "year_min": 2018, "year_max": 2026}}, {"type": "Feature", "geometry": {"type": "Polygon", "coordinates": [[[25.01316622089724, 60.24183264898572], [25.193677277628176, 60.24441243302965], [25.18871890646614, 60.33415634832217], [25.007713107006495, 60.331567207900584], [25.01316622089724, 60.24183264898572]]]}, "properties": {"grid_id": "ETRS-TM35FIN-10km-N6680000-E390000", "northing_min": 6680000, "easting_min": 390000, "grid_size_m": 10000, "observation_count": 15, "verified_count": 12, "year_min": 2010, "year_max": 2026}}, {"type": "Feature", "geometry": {"type": "Polygon", "coordinates": [[[25.193677277628176, 60.24441243302965], [25.374219799447776, 60.246746792542424], [25.36975645497537, 60.33649917538255], [25.18871890646614, 60.33415634832217], [25.193677277628176, 60.24441243302965]]]}, "properties": {"grid_id": "ETRS-TM35FIN-10km-N6680000-E400000", "northing_min": 6680000, "easting_min": 400000, "grid_size_m": 10000, "observation_count": 8, "verified_count": 4, "year_min": 2014, "year_max": 2024}}, {"type": "Feature", "geometry": {"type": "Polygon", "coordinates": [[[25.374219799447776, 60.246746792542424], [25.554790649571228, 60.24883564682166], [25.55082258750096, 60.33859560770415], [25.36975645497537, 60.33649917538255], [25.374219799447776, 60.246746792542424]]]}, "properties": {"grid_id": "ETRS-TM35FIN-10km-N6680000-E410000", "northing_min": 6680000, "easting_min": 410000, "grid_size_m": 10000, "observation_count": 1, "verified_count": 0, "year_min": 2019, "year_max": 2019}}, {"type": "Feature", "geometry": {"type": "Polygon", "coordinates": [[[25.554790649571228, 60.24883564682166], [25.735386688146768, 60.25067892363171], [25.731914135896172, 60.34044557244662], [25.55082258750096, 60.33859560770415], [25.554790649571228, 60.24883564682166]]]}, "properties": {"grid_id": "ETRS-TM35FIN-10km-N6680000-E420000", "northing_min": 6680000, "easting_min": 420000, "grid_size_m": 10000, "observation_count": 1, "verified_count": 0, "year_min": 2020, "year_max": 2020}}, {"type": "Feature", "geometry": {"type": "Polygon", "coordinates": [[[25.735386688146768, 60.25067892363171], [25.916004772594327, 60.25227655921297], [25.91302792924454, 60.342049005316575], [25.731914135896172, 60.34044557244662], [25.735386688146768, 60.25067892363171]]]}, "properties": {"grid_id": "ETRS-TM35FIN-10km-N6680000-E430000", "northing_min": 6680000, "easting_min": 430000, "grid_size_m": 10000, "observation_count": 4, "verified_count": 1, "year_min": 2020, "year_max": 2026}}, {"type": "Feature", "geometry": {"type": "Polygon", "coordinates": [[[21.938517036185708, 60.24998581743724], [22.118503512128477, 60.25674163039998], [22.10511117305726, 60.34620343427913], [21.924635982575907, 60.33942319336885], [21.938517036185708, 60.24998581743724]]]}, "properties": {"grid_id": "ETRS-TM35FIN-10km-N6690000-E220000", "northing_min": 6690000, "easting_min": 220000, "grid_size_m": 10000, "observation_count": 1, "verified_count": 0, "year_min": 2023, "year_max": 2023}}, {"type": "Feature", "geometry": {"type": "Polygon", "coordinates": [[[22.29857473871808, 60.263253805018685], [22.478727655274323, 60.26952211730954], [22.466315002099634, 60.359030161141334], [22.285671875462494, 60.35273916548528], [22.29857473871808, 60.263253805018685]]]}, "properties": {"grid_id": "ETRS-TM35FIN-10km-N6690000-E240000", "northing_min": 6690000, "easting_min": 240000, "grid_size_m": 10000, "observation_count": 2, "verified_count": 1, "year_min": 2021, "year_max": 2021}}, {"type": "Feature", "geometry": {"type": "Polygon", "coordinates": [[[22.83926627211349, 60.2813263000388], [23.019645808537177, 60.286861763658436], [23.00870791912973, 60.37643260063406], [22.827836133194857, 60.37087708381962], [22.83926627211349, 60.2813263000388]]]}, "properties": {"grid_id": "ETRS-TM35FIN-10km-N6690000-E270000", "northing_min": 6690000, "easting_min": 270000, "grid_size_m": 10000, "observation_count": 1, "verified_count": 1, "year_min": 2023, "year_max": 2023}}, {"type": "Feature", "geometry": {"type": "Polygon", "coordinates": [[[23.019645808537177, 60.286861763658436], [23.200094707849978, 60.292152551365376], [23.189649692900492, 60.38174256153624], [23.00870791912973, 60.37643260063406], [23.019645808537177, 60.286861763658436]]]}, "properties": {"grid_id": "ETRS-TM35FIN-10km-N6690000-E280000", "northing_min": 6690000, "easting_min": 280000, "grid_size_m": 10000, "observation_count": 1, "verified_count": 0, "year_min": 2022, "year_max": 2022}}, {"type": "Feature", "geometry": {"type": "Polygon", "coordinates": [[[23.200094707849978, 60.292152551365376], [23.380609868795503, 60.297198480482535], [23.370658325626895, 60.386806782324484], [23.189649692900492, 60.38174256153624], [23.200094707849978, 60.292152551365376]]]}, "properties": {"grid_id": "ETRS-TM35FIN-10km-N6690000-E290000", "northing_min": 6690000, "easting_min": 290000, "grid_size_m": 10000, "observation_count": 3, "verified_count": 0, "year_min": 2019, "year_max": 2024}}, {"type": "Feature", "geometry": {"type": "Polygon", "coordinates": [[[23.380609868795503, 60.297198480482535], [23.561188182970817, 60.30199937666957], [23.551730681174067, 60.39162508720245], [23.370658325626895, 60.386806782324484], [23.380609868795503, 60.297198480482535]]]}, "properties": {"grid_id": "ETRS-TM35FIN-10km-N6690000-E300000", "northing_min": 6690000, "easting_min": 300000, "grid_size_m": 10000, "observation_count": 1, "verified_count": 0, "year_min": 2025, "year_max": 2025}}, {"type": "Feature", "geometry": {"type": "Polygon", "coordinates": [[[23.561188182970817, 60.30199937666957], [23.741826535154, 60.30655507394543], [23.73286361648496, 60.39619730880202], [23.551730681174067, 60.39162508720245], [23.561188182970817, 60.30199937666957]]]}, "properties": {"grid_id": "ETRS-TM35FIN-10km-N6690000-E310000", "northing_min": 6690000, "easting_min": 310000, "grid_size_m": 10000, "observation_count": 1, "verified_count": 0, "year_min": 2023, "year_max": 2023}}, {"type": "Feature", "geometry": {"type": "Polygon", "coordinates": [[[23.9225218036336, 60.31086541471001], [24.10327086053978, 60.31493024976462], [24.09529862156658, 60.40460287496533], [23.914053981914666, 60.400523288205314], [23.9225218036336, 60.31086541471001]]]}, "properties": {"grid_id": "ETRS-TM35FIN-10km-N6690000-E330000", "northing_min": 6690000, "easting_min": 330000, "grid_size_m": 10000, "observation_count": 1, "verified_count": 1, "year_min": 2021, "year_max": 2021}}, {"type": "Feature", "geometry": {"type": "Polygon", "coordinates": [[[24.28407057217718, 60.31874943833162], [24.46491779935932, 60.322322848072574], [24.45793807072059, 60.412022311240314], [24.276594373630207, 60.40843592712593], [24.28407057217718, 60.31874943833162]]]}, "properties": {"grid_id": "ETRS-TM35FIN-10km-N6690000-E350000", "northing_min": 6690000, "easting_min": 350000, "grid_size_m": 10000, "observation_count": 3, "verified_count": 3, "year_min": 2019, "year_max": 2020}}, {"type": "Feature", "geometry": {"type": "Polygon", "coordinates": [[[24.46491779935932, 60.322322848072574], [24.645809397744515, 60.3256503551057], [24.639326540219308, 60.41536190238864], [24.45793807072059, 60.412022311240314], [24.46491779935932, 60.322322848072574]]]}, "properties": {"grid_id": "ETRS-TM35FIN-10km-N6690000-E360000", "northing_min": 6690000, "easting_min": 360000, "grid_size_m": 10000, "observation_count": 4, "verified_count": 1, "year_min": 2009, "year_max": 2025}}, {"type": "Feature", "geometry": {"type": "Polygon", "coordinates": [[[24.645809397744515, 60.3256503551057], [24.82674221817319, 60.32873184402207], [24.82075660461684, 60.418454584194414], [24.639326540219308, 60.41536190238864], [24.645809397744515, 60.3256503551057]]]}, "properties": {"grid_id": "ETRS-TM35FIN-10km-N6690000-E370000", "northing_min": 6690000, "easting_min": 370000, "grid_size_m": 10000, "observation_count": 5, "verified_count": 5, "year_min": 2020, "year_max": 2026}}, {"type": "Feature", "geometry": {"type": "Polygon", "coordinates": [[[24.82674221817319, 60.32873184402207], [25.007713107006495, 60.331567207900584], [25.002225081856302, 60.42130024883994], [24.82075660461684, 60.418454584194414], [24.82674221817319, 60.32873184402207]]]}, "properties": {"grid_id": "ETRS-TM35FIN-10km-N6690000-E380000", "northing_min": 6690000, "easting_min": 380000, "grid_size_m": 10000, "observation_count": 1, "verified_count": 1, "year_min": 2020, "year_max": 2020}}, {"type": "Feature", "geometry": {"type": "Polygon", "coordinates": [[[25.007713107006495, 60.331567207900584], [25.18871890646614, 60.33415634832217], [25.183728785678415, 60.42389879708035], [25.002225081856302, 60.42130024883994], [25.007713107006495, 60.331567207900584]]]}, "properties": {"grid_id": "ETRS-TM35FIN-10km-N6690000-E390000", "northing_min": 6690000, "easting_min": 390000, "grid_size_m": 10000, "observation_count": 8, "verified_count": 3, "year_min": 2018, "year_max": 2024}}, {"type": "Feature", "geometry": {"type": "Polygon", "coordinates": [[[25.18871890646614, 60.33415634832217], [25.36975645497537, 60.33649917538255], [25.36526452596766, 60.426250138256805], [25.183728785678415, 60.42389879708035], [25.18871890646614, 60.33415634832217]]]}, "properties": {"grid_id": "ETRS-TM35FIN-10km-N6690000-E400000", "northing_min": 6690000, "easting_min": 400000, "grid_size_m": 10000, "observation_count": 6, "verified_count": 0, "year_min": 2010, "year_max": 2019}}, {"type": "Feature", "geometry": {"type": "Polygon", "coordinates": [[[25.36975645497537, 60.33649917538255], [25.55082258750096, 60.33859560770415], [25.54682910909943, 60.428354190308525], [25.36526452596766, 60.426250138256805], [25.36975645497537, 60.33649917538255]]]}, "properties": {"grid_id": "ETRS-TM35FIN-10km-N6690000-E410000", "northing_min": 6690000, "easting_min": 410000, "grid_size_m": 10000, "observation_count": 1, "verified_count": 1, "year_min": 2026, "year_max": 2026}}, {"type": "Feature", "geometry": {"type": "Polygon", "coordinates": [[[25.55082258750096, 60.33859560770415], [25.731914135896172, 60.34044557244662], [25.728419338288205, 60.43021087978348], [25.54682910909943, 60.428354190308525], [25.55082258750096, 60.33859560770415]]]}, "properties": {"grid_id": "ETRS-TM35FIN-10km-N6690000-E420000", "northing_min": 6690000, "easting_min": 420000, "grid_size_m": 10000, "observation_count": 7, "verified_count": 0, "year_min": 2020, "year_max": 2021}}, {"type": "Feature", "geometry": {"type": "Polygon", "coordinates": [[[25.731914135896172, 60.34044557244662], [25.91302792924454, 60.342049005316575], [25.910032013936554, 60.431820141848185], [25.728419338288205, 60.43021087978348], [25.731914135896172, 60.34044557244662]]]}, "properties": {"grid_id": "ETRS-TM35FIN-10km-N6690000-E430000", "northing_min": 6690000, "easting_min": 430000, "grid_size_m": 10000, "observation_count": 1, "verified_count": 0, "year_min": 2026, "year_max": 2026}}, {"type": "Feature", "geometry": {"type": "Polygon", "coordinates": [[[25.91302792924454, 60.342049005316575], [26.094160794204438, 60.34340585057597], [26.091663933984933, 60.4331819202963], [25.910032013936554, 60.431820141848185], [25.91302792924454, 60.342049005316575]]]}, "properties": {"grid_id": "ETRS-TM35FIN-10km-N6690000-E440000", "northing_min": 6690000, "easting_min": 440000, "grid_size_m": 10000, "observation_count": 1, "verified_count": 0, "year_min": 2020, "year_max": 2020}}, {"type": "Feature", "geometry": {"type": "Polygon", "coordinates": [[[19.94592591322509, 60.24877568457603], [20.125259540742913, 60.2582282912306], [20.106420248579923, 60.34736919221314], [19.92660506418613, 60.33788253113292], [19.94592591322509, 60.24877568457603]]]}, "properties": {"grid_id": "ETRS-TM35FIN-10km-N6700000-E110000", "northing_min": 6700000, "easting_min": 110000, "grid_size_m": 10000, "observation_count": 1, "verified_count": 0, "year_min": 2025, "year_max": 2025}}, {"type": "Feature", "geometry": {"type": "Polygon", "coordinates": [[[21.20365176491111, 60.309861937543694], [21.383754219618666, 60.31761779436788], [21.368314088872616, 60.4069731082134], [21.187723193482032, 60.39918920606307], [21.20365176491111, 60.309861937543694]]]}, "properties": {"grid_id": "ETRS-TM35FIN-10km-N6700000-E180000", "northing_min": 6700000, "easting_min": 180000, "grid_size_m": 10000, "observation_count": 1, "verified_count": 1, "year_min": 2022, "year_max": 2022}}, {"type": "Feature", "geometry": {"type": "Polygon", "coordinates": [[[22.10511117305726, 60.34620343427913], [22.285671875462494, 60.35273916548528], [22.272686586493975, 60.44222164673876], [22.09163332052792, 60.43566223011556], [22.10511117305726, 60.34620343427913]]]}, "properties": {"grid_id": "ETRS-TM35FIN-10km-N6700000-E230000", "northing_min": 6700000, "easting_min": 230000, "grid_size_m": 10000, "observation_count": 4, "verified_count": 4, "year_min": 2023, "year_max": 2025}}, {"type": "Feature", "geometry": {"type": "Polygon", "coordinates": [[[22.285671875462494, 60.35273916548528], [22.466315002099634, 60.359030161141334], [22.453823019843355, 60.448535449911574], [22.272686586493975, 60.44222164673876], [22.285671875462494, 60.35273916548528]]]}, "properties": {"grid_id": "ETRS-TM35FIN-10km-N6700000-E240000", "northing_min": 6700000, "easting_min": 240000, "grid_size_m": 10000, "observation_count": 16, "verified_count": 11, "year_min": 2020, "year_max": 2026}}, {"type": "Feature", "geometry": {"type": "Polygon", "coordinates": [[[22.466315002099634, 60.359030161141334], [22.647037456390976, 60.36507620367574], [22.635039496532947, 60.454603420246194], [22.453823019843355, 60.448535449911574], [22.466315002099634, 60.359030161141334]]]}, "properties": {"grid_id": "ETRS-TM35FIN-10km-N6700000-E250000", "northing_min": 6700000, "easting_min": 250000, "grid_size_m": 10000, "observation_count": 2, "verified_count": 2, "year_min": 2025, "year_max": 2026}}, {"type": "Feature", "geometry": {"type": "Polygon", "coordinates": [[[22.827836133194857, 60.37087708381962], [23.00870791912973, 60.37643260063406], [22.99770004062216, 60.46600102673], [22.81633288382624, 60.46042534672534], [22.827836133194857, 60.37087708381962]]]}, "properties": {"grid_id": "ETRS-TM35FIN-10km-N6700000-E270000", "northing_min": 6700000, "easting_min": 270000, "grid_size_m": 10000, "observation_count": 2, "verified_count": 0, "year_min": 2019, "year_max": 2019}}, {"type": "Feature", "geometry": {"type": "Polygon", "coordinates": [[[23.00870791912973, 60.37643260063406], [23.189649692900492, 60.38174256153624], [23.1791378177862, 60.4713302660659], [22.99770004062216, 60.46600102673], [23.00870791912973, 60.37643260063406]]]}, "properties": {"grid_id": "ETRS-TM35FIN-10km-N6700000-E280000", "northing_min": 6700000, "easting_min": 280000, "grid_size_m": 10000, "observation_count": 10, "verified_count": 2, "year_min": 2020, "year_max": 2026}}, {"type": "Feature", "geometry": {"type": "Polygon", "coordinates": [[[23.189649692900492, 60.38174256153624], [23.370658325626895, 60.386806782324484], [23.36064305848377, 60.476412878989045], [23.1791378177862, 60.4713302660659], [23.189649692900492, 60.38174256153624]]]}, "properties": {"grid_id": "ETRS-TM35FIN-10km-N6700000-E290000", "northing_min": 6700000, "easting_min": 290000, "grid_size_m": 10000, "observation_count": 1, "verified_count": 0, "year_min": 2023, "year_max": 2023}}, {"type": "Feature", "geometry": {"type": "Polygon", "coordinates": [[[23.551730681174067, 60.39162508720245], [23.73286361648496, 60.39619730880202], [23.723843266655102, 60.4858375250176], [23.542212598515587, 60.48124868823007], [23.551730681174067, 60.39162508720245]]]}, "properties": {"grid_id": "ETRS-TM35FIN-10km-N6700000-E310000", "northing_min": 6700000, "easting_min": 310000, "grid_size_m": 10000, "observation_count": 2, "verified_count": 2, "year_min": 2025, "year_max": 2025}}, {"type": "Feature", "geometry": {"type": "Polygon", "coordinates": [[[24.276594373630207, 60.40843592712593], [24.45793807072059, 60.412022311240314], [24.450913568858315, 60.50172007084849], [24.269070229184184, 60.49812064087421], [24.276594373630207, 60.40843592712593]]]}, "properties": {"grid_id": "ETRS-TM35FIN-10km-N6700000-E350000", "northing_min": 6700000, "easting_min": 350000, "grid_size_m": 10000, "observation_count": 1, "verified_count": 1, "year_min": 2024, "year_max": 2024}}, {"type": "Feature", "geometry": {"type": "Polygon", "coordinates": [[[24.82075660461684, 60.418454584194414], [25.002225081856302, 60.42130024883994], [24.99670182948071, 60.51103177137305], [24.814732577518136, 60.50817574913807], [24.82075660461684, 60.418454584194414]]]}, "properties": {"grid_id": "ETRS-TM35FIN-10km-N6700000-E380000", "northing_min": 6700000, "easting_min": 380000, "grid_size_m": 10000, "observation_count": 3, "verified_count": 0, "year_min": 2018, "year_max": 2025}}, {"type": "Feature", "geometry": {"type": "Polygon", "coordinates": [[[25.002225081856302, 60.42130024883994], [25.183728785678415, 60.42389879708035], [25.178706627838693, 60.513639779346235], [24.99670182948071, 60.51103177137305], [25.002225081856302, 60.42130024883994]]]}, "properties": {"grid_id": "ETRS-TM35FIN-10km-N6700000-E390000", "northing_min": 6700000, "easting_min": 390000, "grid_size_m": 10000, "observation_count": 9, "verified_count": 8, "year_min": 2019, "year_max": 2024}}, {"type": "Feature", "geometry": {"type": "Polygon", "coordinates": [[[25.183728785678415, 60.42389879708035], [25.36526452596766, 60.426250138256805], [25.36074375359058, 60.51599968163542], [25.178706627838693, 60.513639779346235], [25.183728785678415, 60.42389879708035]]]}, "properties": {"grid_id": "ETRS-TM35FIN-10km-N6700000-E400000", "northing_min": 6700000, "easting_min": 400000, "grid_size_m": 10000, "observation_count": 1, "verified_count": 0, "year_min": 2024, "year_max": 2024}}, {"type": "Feature", "geometry": {"type": "Polygon", "coordinates": [[[26.818319950455802, 60.43615337612813], [27.0, 60.43627719580274], [27.0, 60.52606326116521], [26.817817253604197, 60.52593899035868], [26.818319950455802, 60.43615337612813]]]}, "properties": {"grid_id": "ETRS-TM35FIN-10km-N6700000-E490000", "northing_min": 6700000, "easting_min": 490000, "grid_size_m": 10000, "observation_count": 2, "verified_count": 2, "year_min": 2020, "year_max": 2026}}, {"type": "Feature", "geometry": {"type": "Polygon", "coordinates": [[[27.363356889633003, 60.435781921431875], [27.54502731116354, 60.43516284469615], [27.54653528499786, 60.52494485009036], [27.364362254154738, 60.52556618230316], [27.363356889633003, 60.435781921431875]]]}, "properties": {"grid_id": "ETRS-TM35FIN-10km-N6700000-E520000", "northing_min": 6700000, "easting_min": 520000, "grid_size_m": 10000, "observation_count": 1, "verified_count": 1, "year_min": 2020, "year_max": 2020}}, {"type": "Feature", "geometry": {"type": "Polygon", "coordinates": [[[21.910666336968315, 60.42885742777181], [22.09163332052792, 60.43566223011556], [22.078069184034696, 60.525118003803826], [21.896607301664133, 60.51828850532462], [21.910666336968315, 60.42885742777181]]]}, "properties": {"grid_id": "ETRS-TM35FIN-10km-N6710000-E220000", "northing_min": 6710000, "easting_min": 220000, "grid_size_m": 10000, "observation_count": 2, "verified_count": 1, "year_min": 2018, "year_max": 2024}}, {"type": "Feature", "geometry": {"type": "Polygon", "coordinates": [[[22.09163332052792, 60.43566223011556], [22.272686586493975, 60.44222164673876], [22.25961812863876, 60.531701235848416], [22.078069184034696, 60.525118003803826], [22.09163332052792, 60.43566223011556]]]}, "properties": {"grid_id": "ETRS-TM35FIN-10km-N6710000-E230000", "northing_min": 6710000, "easting_min": 230000, "grid_size_m": 10000, "observation_count": 7, "verified_count": 2, "year_min": 2012, "year_max": 2026}}, {"type": "Feature", "geometry": {"type": "Polygon", "coordinates": [[[22.272686586493975, 60.44222164673876], [22.453823019843355, 60.448535449911574], [22.44125099279789, 60.53803797182281], [22.25961812863876, 60.531701235848416], [22.272686586493975, 60.44222164673876]]]}, "properties": {"grid_id": "ETRS-TM35FIN-10km-N6710000-E240000", "northing_min": 6710000, "easting_min": 240000, "grid_size_m": 10000, "observation_count": 10, "verified_count": 6, "year_min": 2012, "year_max": 2026}}, {"type": "Feature", "geometry": {"type": "Polygon", "coordinates": [[[22.453823019843355, 60.448535449911574], [22.635039496532947, 60.454603420246194], [22.622964624677067, 60.54412799050168], [22.44125099279789, 60.53803797182281], [22.453823019843355, 60.448535449911574]]]}, "properties": {"grid_id": "ETRS-TM35FIN-10km-N6710000-E250000", "northing_min": 6710000, "easting_min": 250000, "grid_size_m": 10000, "observation_count": 1, "verified_count": 1, "year_min": 2024, "year_max": 2024}}, {"type": "Feature", "geometry": {"type": "Polygon", "coordinates": [[[22.635039496532947, 60.454603420246194], [22.81633288382624, 60.46042534672534], [22.804755863616045, 60.54997107909896], [22.622964624677067, 60.54412799050168], [22.635039496532947, 60.454603420246194]]]}, "properties": {"grid_id": "ETRS-TM35FIN-10km-N6710000-E260000", "northing_min": 6710000, "easting_min": 260000, "grid_size_m": 10000, "observation_count": 1, "verified_count": 0, "year_min": 2021, "year_max": 2021}}, {"type": "Feature", "geometry": {"type": "Polygon", "coordinates": [[[22.81633288382624, 60.46042534672534], [22.99770004062216, 60.46600102673], [22.986621540463048, 60.55556703329588], [22.804755863616045, 60.54997107909896], [22.81633288382624, 60.46042534672534]]]}, "properties": {"grid_id": "ETRS-TM35FIN-10km-N6710000-E270000", "northing_min": 6710000, "easting_min": 270000, "grid_size_m": 10000, "observation_count": 1, "verified_count": 1, "year_min": 2021, "year_max": 2021}}, {"type": "Feature", "geometry": {"type": "Polygon", "coordinates": [[[22.99770004062216, 60.46600102673], [23.1791378177862, 60.4713302660659], [23.16855847791087, 60.56091565726794], [22.986621540463048, 60.55556703329588], [22.99770004062216, 60.46600102673]]]}, "properties": {"grid_id": "ETRS-TM35FIN-10km-N6710000-E280000", "northing_min": 6710000, "easting_min": 280000, "grid_size_m": 10000, "observation_count": 1, "verified_count": 0, "year_min": 2023, "year_max": 2023}}, {"type": "Feature", "geometry": {"type": "Polygon", "coordinates": [[[23.1791378177862, 60.4713302660659], [23.36064305848377, 60.476412878989045], [23.350563490835132, 60.566016763710664], [23.16855847791087, 60.56091565726794], [23.1791378177862, 60.4713302660659]]]}, "properties": {"grid_id": "ETRS-TM35FIN-10km-N6710000-E290000", "northing_min": 6710000, "easting_min": 290000, "grid_size_m": 10000, "observation_count": 1, "verified_count": 0, "year_min": 2023, "year_max": 2023}}, {"type": "Feature", "geometry": {"type": "Polygon", "coordinates": [[[24.08727526925256, 60.494273648768825], [24.269070229184184, 60.49812064087421], [24.261497704110077, 60.58780357676137], [24.07920034032838, 60.58394256765781], [24.08727526925256, 60.494273648768825]]]}, "properties": {"grid_id": "ETRS-TM35FIN-10km-N6710000-E340000", "northing_min": 6710000, "easting_min": 340000, "grid_size_m": 10000, "observation_count": 3, "verified_count": 3, "year_min": 2020, "year_max": 2023}}, {"type": "Feature", "geometry": {"type": "Polygon", "coordinates": [[[24.63280208703737, 60.50507181272153], [24.814732577518136, 60.50817574913807], [24.80866978822651, 60.597895337877304], [24.62623566078423, 60.59478008456028], [24.63280208703737, 60.50507181272153]]]}, "properties": {"grid_id": "ETRS-TM35FIN-10km-N6710000-E370000", "northing_min": 6710000, "easting_min": 370000, "grid_size_m": 10000, "observation_count": 2, "verified_count": 0, "year_min": 2018, "year_max": 2024}}, {"type": "Feature", "geometry": {"type": "Polygon", "coordinates": [[[24.99670182948071, 60.51103177137305], [25.178706627838693, 60.513639779346235], [25.17365214201126, 60.603379295146375], [24.991143030057163, 60.60076177504782], [24.99670182948071, 60.51103177137305]]]}, "properties": {"grid_id": "ETRS-TM35FIN-10km-N6710000-E390000", "northing_min": 6710000, "easting_min": 390000, "grid_size_m": 10000, "observation_count": 2, "verified_count": 1, "year_min": 2021, "year_max": 2024}}, {"type": "Feature", "geometry": {"type": "Polygon", "coordinates": [[[25.178706627838693, 60.513639779346235], [25.36074375359058, 60.51599968163542], [25.35619387584885, 60.60574780597824], [25.17365214201126, 60.603379295146375], [25.178706627838693, 60.513639779346235]]]}, "properties": {"grid_id": "ETRS-TM35FIN-10km-N6710000-E400000", "northing_min": 6710000, "easting_min": 400000, "grid_size_m": 10000, "observation_count": 1, "verified_count": 1, "year_min": 2018, "year_max": 2018}}, {"type": "Feature", "geometry": {"type": "Polygon", "coordinates": [[[25.54280998417223, 60.51811139548849], [25.724902093810297, 60.51997484683454], [25.72136219848753, 60.60973747479044], [25.538764979712777, 60.60786722409197], [25.54280998417223, 60.51811139548849]]]}, "properties": {"grid_id": "ETRS-TM35FIN-10km-N6710000-E420000", "northing_min": 6710000, "easting_min": 420000, "grid_size_m": 10000, "observation_count": 1, "verified_count": 1, "year_min": 2021, "year_max": 2021}}, {"type": "Feature", "geometry": {"type": "Polygon", "coordinates": [[[27.54653528499786, 60.52494485009036], [27.728698601361888, 60.524075015537704], [27.730722048193435, 60.61385260694009], [27.548052973490154, 60.61472561641853], [27.54653528499786, 60.52494485009036]]]}, "properties": {"grid_id": "ETRS-TM35FIN-10km-N6710000-E530000", "northing_min": 6710000, "easting_min": 530000, "grid_size_m": 10000, "observation_count": 2, "verified_count": 0, "year_min": 2020, "year_max": 2020}}, {"type": "Feature", "geometry": {"type": "Polygon", "coordinates": [[[21.17169290926207, 60.48851273241343], [21.35277531050121, 60.496324833147874], [21.33713699549059, 60.58567294970935], [21.155559996334958, 60.57783249573875], [21.17169290926207, 60.48851273241343]]]}, "properties": {"grid_id": "ETRS-TM35FIN-10km-N6720000-E180000", "northing_min": 6720000, "easting_min": 180000, "grid_size_m": 10000, "observation_count": 2, "verified_count": 0, "year_min": 2020, "year_max": 2025}}, {"type": "Feature", "geometry": {"type": "Polygon", "coordinates": [[[21.35277531050121, 60.496324833147874], [21.533957246583782, 60.50389166947375], [21.518814429251645, 60.59326726221161], [21.33713699549059, 60.58567294970935], [21.35277531050121, 60.496324833147874]]]}, "properties": {"grid_id": "ETRS-TM35FIN-10km-N6720000-E190000", "northing_min": 6720000, "easting_min": 190000, "grid_size_m": 10000, "observation_count": 1, "verified_count": 1, "year_min": 2023, "year_max": 2023}}, {"type": "Feature", "geometry": {"type": "Polygon", "coordinates": [[[21.896607301664133, 60.51828850532462], [22.078069184034696, 60.525118003803826], [22.064417983727004, 60.61457074105156], [21.882458069298096, 60.60771641050423], [21.896607301664133, 60.51828850532462]]]}, "properties": {"grid_id": "ETRS-TM35FIN-10km-N6720000-E220000", "northing_min": 6720000, "easting_min": 220000, "grid_size_m": 10000, "observation_count": 2, "verified_count": 0, "year_min": 2014, "year_max": 2014}}, {"type": "Feature", "geometry": {"type": "Polygon", "coordinates": [[[22.078069184034696, 60.525118003803826], [22.25961812863876, 60.531701235848416], [22.246465749702303, 60.62117791971081], [22.064417983727004, 60.61457074105156], [22.078069184034696, 60.525118003803826]]]}, "properties": {"grid_id": "ETRS-TM35FIN-10km-N6720000-E230000", "northing_min": 6720000, "easting_min": 230000, "grid_size_m": 10000, "observation_count": 1, "verified_count": 0, "year_min": 2015, "year_max": 2015}}, {"type": "Feature", "geometry": {"type": "Polygon", "coordinates": [[[22.25961812863876, 60.531701235848416], [22.44125099279789, 60.53803797182281], [22.428598196561424, 60.627537714918404], [22.246465749702303, 60.62117791971081], [22.25961812863876, 60.531701235848416]]]}, "properties": {"grid_id": "ETRS-TM35FIN-10km-N6720000-E240000", "northing_min": 6720000, "easting_min": 240000, "grid_size_m": 10000, "observation_count": 1, "verified_count": 1, "year_min": 2024, "year_max": 2024}}, {"type": "Feature", "geometry": {"type": "Polygon", "coordinates": [[[22.44125099279789, 60.53803797182281], [22.622964624677067, 60.54412799050168], [22.610812144346074, 60.63364990359002], [22.428598196561424, 60.627537714918404], [22.44125099279789, 60.53803797182281]]]}, "properties": {"grid_id": "ETRS-TM35FIN-10km-N6720000-E250000", "northing_min": 6720000, "easting_min": 250000, "grid_size_m": 10000, "observation_count": 1, "verified_count": 1, "year_min": 2022, "year_max": 2022}}, {"type": "Feature", "geometry": {"type": "Polygon", "coordinates": [[[22.986621540463048, 60.55556703329588], [23.16855847791087, 60.56091565726794], [23.157911061312934, 60.65049872734623], [22.975471778400205, 60.645130611560106], [22.986621540463048, 60.55556703329588]]]}, "properties": {"grid_id": "ETRS-TM35FIN-10km-N6720000-E280000", "northing_min": 6720000, "easting_min": 280000, "grid_size_m": 10000, "observation_count": 1, "verified_count": 1, "year_min": 2021, "year_max": 2021}}, {"type": "Feature", "geometry": {"type": "Polygon", "coordinates": [[[23.16855847791087, 60.56091565726794], [23.350563490835132, 60.566016763710664], [23.340419039122086, 60.6556184296252], [23.157911061312934, 60.65049872734623], [23.16855847791087, 60.56091565726794]]]}, "properties": {"grid_id": "ETRS-TM35FIN-10km-N6720000-E290000", "northing_min": 6720000, "easting_min": 290000, "grid_size_m": 10000, "observation_count": 1, "verified_count": 0, "year_min": 2012, "year_max": 2012}}, {"type": "Feature", "geometry": {"type": "Polygon", "coordinates": [[[23.350563490835132, 60.566016763710664], [23.532633386634703, 60.57087017386444], [23.52299249048221, 60.66048953812968], [23.340419039122086, 60.6556184296252], [23.350563490835132, 60.566016763710664]]]}, "properties": {"grid_id": "ETRS-TM35FIN-10km-N6720000-E300000", "northing_min": 6720000, "easting_min": 300000, "grid_size_m": 10000, "observation_count": 1, "verified_count": 0, "year_min": 2012, "year_max": 2012}}, {"type": "Feature", "geometry": {"type": "Polygon", "coordinates": [[[23.532633386634703, 60.57087017386444], [23.714764965574183, 60.57547571753818], [23.705628186804613, 60.66511188123207], [23.52299249048221, 60.66048953812968], [23.532633386634703, 60.57087017386444]]]}, "properties": {"grid_id": "ETRS-TM35FIN-10km-N6720000-E310000", "northing_min": 6720000, "easting_min": 310000, "grid_size_m": 10000, "observation_count": 2, "verified_count": 0, "year_min": 2013, "year_max": 2016}}, {"type": "Feature", "geometry": {"type": "Polygon", "coordinates": [[[23.89695502112833, 60.57983323313183], [24.07920034032838, 60.58394256765781], [24.07107336586489, 60.67360962805583], [23.88832289260698, 60.66948529596756], [23.89695502112833, 60.57983323313183]]]}, "properties": {"grid_id": "ETRS-TM35FIN-10km-N6720000-E330000", "northing_min": 6720000, "easting_min": 330000, "grid_size_m": 10000, "observation_count": 1, "verified_count": 0, "year_min": 2018, "year_max": 2018}}, {"type": "Feature", "geometry": {"type": "Polygon", "coordinates": [[[24.07920034032838, 60.58394256765781], [24.261497704110077, 60.58780357676137], [24.253876358365172, 60.67748473192156], [24.07107336586489, 60.67360962805583], [24.07920034032838, 60.58394256765781]]]}, "properties": {"grid_id": "ETRS-TM35FIN-10km-N6720000-E340000", "northing_min": 6720000, "easting_min": 340000, "grid_size_m": 10000, "observation_count": 1, "verified_count": 1, "year_min": 2021, "year_max": 2021}}, {"type": "Feature", "geometry": {"type": "Polygon", "coordinates": [[[24.261497704110077, 60.58780357676137], [24.443843887663466, 60.59141612473975], [24.436728616060954, 60.68111047071408], [24.253876358365172, 60.67748473192156], [24.261497704110077, 60.58780357676137]]]}, "properties": {"grid_id": "ETRS-TM35FIN-10km-N6720000-E350000", "northing_min": 6720000, "easting_min": 350000, "grid_size_m": 10000, "observation_count": 2, "verified_count": 0, "year_min": 2020, "year_max": 2023}}, {"type": "Feature", "geometry": {"type": "Polygon", "coordinates": [[[24.80866978822651, 60.597895337877304], [24.991143030057163, 60.60076177504782], [24.985548359847627, 60.69049025939031], [24.802567883824523, 60.687613349408196], [24.80866978822651, 60.597895337877304]]]}, "properties": {"grid_id": "ETRS-TM35FIN-10km-N6720000-E380000", "northing_min": 6720000, "easting_min": 380000, "grid_size_m": 10000, "observation_count": 2, "verified_count": 1, "year_min": 2018, "year_max": 2022}}, {"type": "Feature", "geometry": {"type": "Polygon", "coordinates": [[[24.991143030057163, 60.60076177504782], [25.17365214201126, 60.603379295146375], [25.16856503369744, 60.69311734449108], [24.985548359847627, 60.69049025939031], [24.991143030057163, 60.60076177504782]]]}, "properties": {"grid_id": "ETRS-TM35FIN-10km-N6720000-E390000", "northing_min": 6720000, "easting_min": 390000, "grid_size_m": 10000, "observation_count": 2, "verified_count": 1, "year_min": 2019, "year_max": 2024}}, {"type": "Feature", "geometry": {"type": "Polygon", "coordinates": [[[25.17365214201126, 60.603379295146375], [25.35619387584885, 60.60574780597824], [25.3516146275377, 60.695494511734324], [25.16856503369744, 60.69311734449108], [25.17365214201126, 60.603379295146375]]]}, "properties": {"grid_id": "ETRS-TM35FIN-10km-N6720000-E400000", "northing_min": 6720000, "easting_min": 400000, "grid_size_m": 10000, "observation_count": 1, "verified_count": 1, "year_min": 2020, "year_max": 2020}}, {"type": "Feature", "geometry": {"type": "Polygon", "coordinates": [[[25.903982274158988, 60.6113584921409], [26.086621946174986, 60.61273021898372], [26.084076525188756, 60.7025024514345], [25.90092809773405, 60.701125708879395], [25.903982274158988, 60.6113584921409]]]}, "properties": {"grid_id": "ETRS-TM35FIN-10km-N6720000-E440000", "northing_min": 6720000, "easting_min": 440000, "grid_size_m": 10000, "observation_count": 1, "verified_count": 0, "year_min": 2025, "year_max": 2025}}, {"type": "Feature", "geometry": {"type": "Polygon", "coordinates": [[[27.0, 60.61584810998409], [27.18268868194392, 60.61572338554287], [27.183197885728852, 60.70550656398104], [27.0, 60.70563174458293], [27.0, 60.61584810998409]]]}, "properties": {"grid_id": "ETRS-TM35FIN-10km-N6720000-E500000", "northing_min": 6720000, "easting_min": 500000, "grid_size_m": 10000, "observation_count": 1, "verified_count": 0, "year_min": 2022, "year_max": 2022}}, {"type": "Feature", "geometry": {"type": "Polygon", "coordinates": [[[27.18268868194392, 60.61572338554287], [27.365374095711587, 60.615349216620174], [27.36639247337866, 60.70513102661375], [27.183197885728852, 60.70550656398104], [27.18268868194392, 60.61572338554287]]]}, "properties": {"grid_id": "ETRS-TM35FIN-10km-N6720000-E510000", "northing_min": 6720000, "easting_min": 510000, "grid_size_m": 10000, "observation_count": 2, "verified_count": 0, "year_min": 2022, "year_max": 2025}}, {"type": "Feature", "geometry": {"type": "Polygon", "coordinates": [[[27.548052973490154, 60.61472561641853], [27.730722048193435, 60.61385260694009], [27.732758564338788, 60.703628943715785], [27.549580465239373, 60.70450514579568], [27.548052973490154, 60.61472561641853]]]}, "properties": {"grid_id": "ETRS-TM35FIN-10km-N6720000-E530000", "northing_min": 6720000, "easting_min": 530000, "grid_size_m": 10000, "observation_count": 1, "verified_count": 0, "year_min": 2020, "year_max": 2020}}, {"type": "Feature", "geometry": {"type": "Polygon", "coordinates": [[[21.155559996334958, 60.57783249573875], [21.33713699549059, 60.58567294970935], [21.321398244051583, 60.67501743818386], [21.139323527693946, 60.66714847491428], [21.155559996334958, 60.57783249573875]]]}, "properties": {"grid_id": "ETRS-TM35FIN-10km-N6730000-E180000", "northing_min": 6730000, "easting_min": 180000, "grid_size_m": 10000, "observation_count": 1, "verified_count": 1, "year_min": 2020, "year_max": 2020}}, {"type": "Feature", "geometry": {"type": "Polygon", "coordinates": [[[21.33713699549059, 60.58567294970935], [21.518814429251645, 60.59326726221161], [21.5035743057143, 60.68263937824187], [21.321398244051583, 60.67501743818386], [21.33713699549059, 60.58567294970935]]]}, "properties": {"grid_id": "ETRS-TM35FIN-10km-N6730000-E190000", "northing_min": 6730000, "easting_min": 190000, "grid_size_m": 10000, "observation_count": 2, "verified_count": 0, "year_min": 2020, "year_max": 2022}}, {"type": "Feature", "geometry": {"type": "Polygon", "coordinates": [[[21.70058916744875, 60.60061516808114], [21.882458069298096, 60.60771641050423], [21.868217822692344, 60.69714112758281], [21.68584855481031, 60.69001402769857], [21.70058916744875, 60.60061516808114]]]}, "properties": {"grid_id": "ETRS-TM35FIN-10km-N6730000-E210000", "northing_min": 6730000, "easting_min": 210000, "grid_size_m": 10000, "observation_count": 1, "verified_count": 1, "year_min": 2025, "year_max": 2025}}, {"type": "Feature", "geometry": {"type": "Polygon", "coordinates": [[[22.246465749702303, 60.62117791971081], [22.428598196561424, 60.627537714918404], [22.415863897906114, 60.71703466707981], [22.233228688332673, 60.710651685046706], [22.246465749702303, 60.62117791971081]]]}, "properties": {"grid_id": "ETRS-TM35FIN-10km-N6730000-E240000", "northing_min": 6730000, "easting_min": 240000, "grid_size_m": 10000, "observation_count": 2, "verified_count": 0, "year_min": 2014, "year_max": 2014}}, {"type": "Feature", "geometry": {"type": "Polygon", "coordinates": [[[23.52299249048221, 60.66048953812968], [23.705628186804613, 60.66511188123207], [23.696432397464683, 60.75474601088828], [23.513289348218457, 60.75010677496039], [23.52299249048221, 60.66048953812968]]]}, "properties": {"grid_id": "ETRS-TM35FIN-10km-N6730000-E310000", "northing_min": 6730000, "easting_min": 310000, "grid_size_m": 10000, "observation_count": 6, "verified_count": 0, "year_min": 2011, "year_max": 2024}}, {"type": "Feature", "geometry": {"type": "Polygon", "coordinates": [[[23.705628186804613, 60.66511188123207], [23.88832289260698, 60.66948529596756], [23.879634995598565, 60.75913541320636], [23.696432397464683, 60.75474601088828], [23.705628186804613, 60.66511188123207]]]}, "properties": {"grid_id": "ETRS-TM35FIN-10km-N6730000-E320000", "northing_min": 6730000, "easting_min": 320000, "grid_size_m": 10000, "observation_count": 1, "verified_count": 0, "year_min": 2009, "year_max": 2009}}, {"type": "Feature", "geometry": {"type": "Polygon", "coordinates": [[[24.07107336586489, 60.67360962805583], [24.253876358365172, 60.67748473192156], [24.246205746511897, 60.76716410343742], [24.06289387118669, 60.763274826326125], [24.07107336586489, 60.67360962805583]]]}, "properties": {"grid_id": "ETRS-TM35FIN-10km-N6730000-E340000", "northing_min": 6730000, "easting_min": 340000, "grid_size_m": 10000, "observation_count": 1, "verified_count": 1, "year_min": 2023, "year_max": 2023}}, {"type": "Feature", "geometry": {"type": "Polygon", "coordinates": [[[24.619626879428317, 60.68448671632555], [24.802567883824523, 60.687613349408196], [24.796426507062556, 60.77732978269786], [24.61297535625032, 60.774191706401986], [24.619626879428317, 60.68448671632555]]]}, "properties": {"grid_id": "ETRS-TM35FIN-10km-N6730000-E370000", "northing_min": 6730000, "easting_min": 370000, "grid_size_m": 10000, "observation_count": 2, "verified_count": 1, "year_min": 2019, "year_max": 2023}}, {"type": "Feature", "geometry": {"type": "Polygon", "coordinates": [[[24.802567883824523, 60.687613349408196], [24.985548359847627, 60.69049025939031], [24.97991749113868, 60.78021722390403], [24.796426507062556, 60.77732978269786], [24.802567883824523, 60.687613349408196]]]}, "properties": {"grid_id": "ETRS-TM35FIN-10km-N6730000-E380000", "northing_min": 6730000, "easting_min": 380000, "grid_size_m": 10000, "observation_count": 2, "verified_count": 1, "year_min": 2018, "year_max": 2020}}, {"type": "Feature", "geometry": {"type": "Polygon", "coordinates": [[[24.985548359847627, 60.69049025939031], [25.16856503369744, 60.69311734449108], [25.163445004781025, 60.78285392737427], [24.97991749113868, 60.78021722390403], [24.985548359847627, 60.69049025939031]]]}, "properties": {"grid_id": "ETRS-TM35FIN-10km-N6730000-E390000", "northing_min": 6730000, "easting_min": 390000, "grid_size_m": 10000, "observation_count": 1, "verified_count": 0, "year_min": 2024, "year_max": 2024}}, {"type": "Feature", "geometry": {"type": "Polygon", "coordinates": [[[25.16856503369744, 60.69311734449108], [25.3516146275377, 60.695494511734324], [25.347005740193698, 60.78523979934155], [25.163445004781025, 60.78285392737427], [25.16856503369744, 60.69311734449108]]]}, "properties": {"grid_id": "ETRS-TM35FIN-10km-N6730000-E400000", "northing_min": 6730000, "easting_min": 400000, "grid_size_m": 10000, "observation_count": 1, "verified_count": 1, "year_min": 2024, "year_max": 2024}}, {"type": "Feature", "geometry": {"type": "Polygon", "coordinates": [[[26.63360752662134, 60.70513102661375], [26.816802114271148, 60.70550656398104], [26.816289612345678, 60.79528852798506], [26.63258255304219, 60.794911614525304], [26.63360752662134, 60.70513102661375]]]}, "properties": {"grid_id": "ETRS-TM35FIN-10km-N6730000-E480000", "northing_min": 6730000, "easting_min": 480000, "grid_size_m": 10000, "observation_count": 1, "verified_count": 1, "year_min": 2024, "year_max": 2024}}, {"type": "Feature", "geometry": {"type": "Polygon", "coordinates": [[[27.36639247337866, 60.70513102661375], [27.549580465239373, 60.70450514579568], [27.551117849934315, 60.794283440345836], [27.36741744695781, 60.794911614525304], [27.36639247337866, 60.70513102661375]]]}, "properties": {"grid_id": "ETRS-TM35FIN-10km-N6730000-E520000", "northing_min": 6730000, "easting_min": 520000, "grid_size_m": 10000, "observation_count": 2, "verified_count": 0, "year_min": 2020, "year_max": 2023}}, {"type": "Feature", "geometry": {"type": "Polygon", "coordinates": [[[22.233228688332673, 60.710651685046706], [22.415863897906114, 60.71703466707981], [22.403047354643824, 60.80652881602397], [22.21990617388138, 60.80012251839835], [22.233228688332673, 60.710651685046706]]]}, "properties": {"grid_id": "ETRS-TM35FIN-10km-N6740000-E240000", "northing_min": 6740000, "easting_min": 240000, "grid_size_m": 10000, "observation_count": 1, "verified_count": 1, "year_min": 2021, "year_max": 2021}}, {"type": "Feature", "geometry": {"type": "Polygon", "coordinates": [[[23.330209112650806, 60.745217869768354], [23.513289348218457, 60.75010677496039], [23.503523391109514, 60.8397218782002], [23.319933113483568, 60.83481507707377], [23.330209112650806, 60.745217869768354]]]}, "properties": {"grid_id": "ETRS-TM35FIN-10km-N6740000-E300000", "northing_min": 6740000, "easting_min": 300000, "grid_size_m": 10000, "observation_count": 2, "verified_count": 0, "year_min": 2020, "year_max": 2026}}, {"type": "Feature", "geometry": {"type": "Polygon", "coordinates": [[[23.696432397464683, 60.75474601088828], [23.879634995598565, 60.75913541320636], [23.87089082008856, 60.84878358037612], [23.68717705812998, 60.84437810121531], [23.696432397464683, 60.75474601088828]]]}, "properties": {"grid_id": "ETRS-TM35FIN-10km-N6740000-E320000", "northing_min": 6740000, "easting_min": 320000, "grid_size_m": 10000, "observation_count": 3, "verified_count": 3, "year_min": 2020, "year_max": 2023}}, {"type": "Feature", "geometry": {"type": "Polygon", "coordinates": [[[24.246205746511897, 60.76716410343742], [24.429567337933676, 60.77080310652794], [24.42235963204524, 60.86049402989341], [24.23848541763513, 60.85684168833888], [24.246205746511897, 60.76716410343742]]]}, "properties": {"grid_id": "ETRS-TM35FIN-10km-N6740000-E350000", "northing_min": 6740000, "easting_min": 350000, "grid_size_m": 10000, "observation_count": 1, "verified_count": 1, "year_min": 2020, "year_max": 2020}}, {"type": "Feature", "geometry": {"type": "Polygon", "coordinates": [[[24.429567337933676, 60.77080310652794], [24.61297535625032, 60.774191706401986], [24.60628069977129, 60.863895053137625], [24.42235963204524, 60.86049402989341], [24.429567337933676, 60.77080310652794]]]}, "properties": {"grid_id": "ETRS-TM35FIN-10km-N6740000-E360000", "northing_min": 6740000, "easting_min": 360000, "grid_size_m": 10000, "observation_count": 1, "verified_count": 0, "year_min": 2019, "year_max": 2019}}, {"type": "Feature", "geometry": {"type": "Polygon", "coordinates": [[[25.53059638585145, 60.787374754930624], [25.714213626869626, 60.78925871816962], [25.71060452997084, 60.87901733596372], [25.526472315984986, 60.87712645883011], [25.53059638585145, 60.787374754930624]]]}, "properties": {"grid_id": "ETRS-TM35FIN-10km-N6740000-E420000", "northing_min": 6740000, "easting_min": 420000, "grid_size_m": 10000, "observation_count": 1, "verified_count": 1, "year_min": 2025, "year_max": 2025}}, {"type": "Feature", "geometry": {"type": "Polygon", "coordinates": [[[26.63258255304219, 60.794911614525304], [26.816289612345678, 60.79528852798506], [26.815773782006932, 60.885069279878174], [26.63155092301118, 60.884690982606834], [26.63258255304219, 60.794911614525304]]]}, "properties": {"grid_id": "ETRS-TM35FIN-10km-N6740000-E480000", "northing_min": 6740000, "easting_min": 480000, "grid_size_m": 10000, "observation_count": 4, "verified_count": 4, "year_min": 2026, "year_max": 2026}}, {"type": "Feature", "geometry": {"type": "Polygon", "coordinates": [[[22.952955868345864, 60.82425044747807], [23.136409512601603, 60.829657872387536], [23.12555411871932, 60.91923393119303], [22.941588400281486, 60.91380668696341], [22.952955868345864, 60.82425044747807]]]}, "properties": {"grid_id": "ETRS-TM35FIN-10km-N6750000-E280000", "northing_min": 6750000, "easting_min": 280000, "grid_size_m": 10000, "observation_count": 6, "verified_count": 1, "year_min": 2019, "year_max": 2024}}, {"type": "Feature", "geometry": {"type": "Polygon", "coordinates": [[[23.136409512601603, 60.829657872387536], [23.319933113483568, 60.83481507707377], [23.30959043632775, 60.924410044371434], [23.12555411871932, 60.91923393119303], [23.136409512601603, 60.829657872387536]]]}, "properties": {"grid_id": "ETRS-TM35FIN-10km-N6750000-E290000", "northing_min": 6750000, "easting_min": 290000, "grid_size_m": 10000, "observation_count": 1, "verified_count": 0, "year_min": 2019, "year_max": 2019}}, {"type": "Feature", "geometry": {"type": "Polygon", "coordinates": [[[23.319933113483568, 60.83481507707377], [23.503523391109514, 60.8397218782002], [23.493694043421502, 60.92933484160015], [23.30959043632775, 60.924410044371434], [23.319933113483568, 60.83481507707377]]]}, "properties": {"grid_id": "ETRS-TM35FIN-10km-N6750000-E300000", "northing_min": 6750000, "easting_min": 300000, "grid_size_m": 10000, "observation_count": 1, "verified_count": 1, "year_min": 2023, "year_max": 2023}}, {"type": "Feature", "geometry": {"type": "Polygon", "coordinates": [[[23.68717705812998, 60.84437810121531], [23.87089082008856, 60.84878358037612], [23.86208984977807, 60.93842979293279], [23.67786162273299, 60.93400814683954], [23.68717705812998, 60.84437810121531]]]}, "properties": {"grid_id": "ETRS-TM35FIN-10km-N6750000-E320000", "northing_min": 6750000, "easting_min": 320000, "grid_size_m": 10000, "observation_count": 1, "verified_count": 1, "year_min": 2024, "year_max": 2024}}, {"type": "Feature", "geometry": {"type": "Polygon", "coordinates": [[[24.054661375784157, 60.85293815877058], [24.23848541763513, 60.85684168833888], [24.230714915258016, 60.946517483602314], [24.046375393223766, 60.94259962162848], [24.054661375784157, 60.85293815877058]]]}, "properties": {"grid_id": "ETRS-TM35FIN-10km-N6750000-E340000", "northing_min": 6750000, "easting_min": 340000, "grid_size_m": 10000, "observation_count": 2, "verified_count": 2, "year_min": 2023, "year_max": 2025}}, {"type": "Feature", "geometry": {"type": "Polygon", "coordinates": [[[24.23848541763513, 60.85684168833888], [24.42235963204524, 60.86049402989341], [24.415105071961197, 60.95018323847733], [24.230714915258016, 60.946517483602314], [24.23848541763513, 60.85684168833888]]]}, "properties": {"grid_id": "ETRS-TM35FIN-10km-N6750000-E350000", "northing_min": 6750000, "easting_min": 350000, "grid_size_m": 10000, "observation_count": 1, "verified_count": 1, "year_min": 2025, "year_max": 2025}}, {"type": "Feature", "geometry": {"type": "Polygon", "coordinates": [[[24.790245296292344, 60.86704463668383], [24.974250092180444, 60.86994266806953], [24.968545827124416, 60.95966659134384], [24.78402388539923, 60.95675791027347], [24.790245296292344, 60.86704463668383]]]}, "properties": {"grid_id": "ETRS-TM35FIN-10km-N6750000-E380000", "northing_min": 6750000, "easting_min": 380000, "grid_size_m": 10000, "observation_count": 1, "verified_count": 1, "year_min": 2023, "year_max": 2023}}, {"type": "Feature", "geometry": {"type": "Polygon", "coordinates": [[[25.158291753472696, 60.87258904377278], [25.342366942044684, 60.87498366922624], [25.337697957958767, 60.96472612180284], [25.15310497425344, 60.96232269364598], [25.158291753472696, 60.87258904377278]]]}, "properties": {"grid_id": "ETRS-TM35FIN-10km-N6750000-E400000", "northing_min": 6750000, "easting_min": 400000, "grid_size_m": 10000, "observation_count": 1, "verified_count": 0, "year_min": 2023, "year_max": 2023}}, {"type": "Feature", "geometry": {"type": "Polygon", "coordinates": [[[25.894760235644714, 60.88065623299594], [26.078936081991777, 60.88204309129452], [26.076340755409934, 60.971811502215076], [25.891646184861344, 60.9704195433602], [25.894760235644714, 60.88065623299594]]]}, "properties": {"grid_id": "ETRS-TM35FIN-10km-N6750000-E440000", "northing_min": 6750000, "easting_min": 440000, "grid_size_m": 10000, "observation_count": 1, "verified_count": 1, "year_min": 2020, "year_max": 2020}}, {"type": "Feature", "geometry": {"type": "Polygon", "coordinates": [[[26.63155092301118, 60.884690982606834], [26.815773782006932, 60.885069279878174], [26.81525459260745, 60.97484882199515], [26.630512575239198, 60.974469133120984], [26.63155092301118, 60.884690982606834]]]}, "properties": {"grid_id": "ETRS-TM35FIN-10km-N6750000-E480000", "northing_min": 6750000, "easting_min": 480000, "grid_size_m": 10000, "observation_count": 3, "verified_count": 3, "year_min": 2024, "year_max": 2026}}, {"type": "Feature", "geometry": {"type": "Polygon", "coordinates": [[[21.472798597151126, 60.861373105601544], [21.656081402346604, 60.86880168763895], [21.641053120704136, 60.95819045279882], [21.45726121358361, 60.95073467902928], [21.472798597151126, 60.861373105601544]]]}, "properties": {"grid_id": "ETRS-TM35FIN-10km-N6760000-E200000", "northing_min": 6760000, "easting_min": 200000, "grid_size_m": 10000, "observation_count": 1, "verified_count": 1, "year_min": 2024, "year_max": 2024}}, {"type": "Feature", "geometry": {"type": "Polygon", "coordinates": [[[22.022934058250073, 60.882910588358456], [22.20649742626168, 60.88959040612647], [22.193001655804334, 60.97905533440736], [22.008926612276873, 60.972351033072904], [22.022934058250073, 60.882910588358456]]]}, "properties": {"grid_id": "ETRS-TM35FIN-10km-N6760000-E230000", "northing_min": 6760000, "easting_min": 230000, "grid_size_m": 10000, "observation_count": 1, "verified_count": 1, "year_min": 2021, "year_max": 2021}}, {"type": "Feature", "geometry": {"type": "Polygon", "coordinates": [[[23.30959043632775, 60.924410044371434], [23.493694043421502, 60.92933484160015], [23.483800722312925, 61.01894565881694], [23.29918046842283, 61.01400276438573], [23.30959043632775, 60.924410044371434]]]}, "properties": {"grid_id": "ETRS-TM35FIN-10km-N6760000-E300000", "northing_min": 6760000, "easting_min": 300000, "grid_size_m": 10000, "observation_count": 2, "verified_count": 0, "year_min": 2014, "year_max": 2019}}, {"type": "Feature", "geometry": {"type": "Polygon", "coordinates": [[[24.415105071961197, 60.95018323847733], [24.59954251367938, 60.95359675484303], [24.59276039675526, 61.04329680979049], [24.407803225968877, 61.03987072990033], [24.415105071961197, 60.95018323847733]]]}, "properties": {"grid_id": "ETRS-TM35FIN-10km-N6760000-E360000", "northing_min": 6760000, "easting_min": 360000, "grid_size_m": 10000, "observation_count": 2, "verified_count": 2, "year_min": 2023, "year_max": 2025}}, {"type": "Feature", "geometry": {"type": "Polygon", "coordinates": [[[24.59954251367938, 60.95359675484303], [24.78402388539923, 60.95675791027347], [24.777761903733214, 61.046469602343215], [24.59276039675526, 61.04329680979049], [24.59954251367938, 60.95359675484303]]]}, "properties": {"grid_id": "ETRS-TM35FIN-10km-N6760000-E370000", "northing_min": 6760000, "easting_min": 370000, "grid_size_m": 10000, "observation_count": 1, "verified_count": 0, "year_min": 2023, "year_max": 2023}}, {"type": "Feature", "geometry": {"type": "Polygon", "coordinates": [[[25.15310497425344, 60.96232269364598], [25.337697957958767, 60.96472612180284], [25.33299850939238, 61.05446715747338], [25.14788435781691, 61.05205487693547], [25.15310497425344, 60.96232269364598]]]}, "properties": {"grid_id": "ETRS-TM35FIN-10km-N6760000-E400000", "northing_min": 6760000, "easting_min": 400000, "grid_size_m": 10000, "observation_count": 3, "verified_count": 1, "year_min": 2021, "year_max": 2022}}, {"type": "Feature", "geometry": {"type": "Polygon", "coordinates": [[[25.337697957958767, 60.96472612180284], [25.522321405567162, 60.96687678948121], [25.518143406870095, 61.05662574769846], [25.33299850939238, 61.05446715747338], [25.337697957958767, 60.96472612180284]]]}, "properties": {"grid_id": "ETRS-TM35FIN-10km-N6760000-E410000", "northing_min": 6760000, "easting_min": 410000, "grid_size_m": 10000, "observation_count": 5, "verified_count": 2, "year_min": 2020, "year_max": 2025}}, {"type": "Feature", "geometry": {"type": "Polygon", "coordinates": [[[25.522321405567162, 60.96687678948121], [25.70697194094113, 60.968774619403916], [25.7033156429154, 61.05853056966903], [25.518143406870095, 61.05662574769846], [25.522321405567162, 60.96687678948121]]]}, "properties": {"grid_id": "ETRS-TM35FIN-10km-N6760000-E420000", "northing_min": 6760000, "easting_min": 420000, "grid_size_m": 10000, "observation_count": 6, "verified_count": 0, "year_min": 2017, "year_max": 2026}}, {"type": "Feature", "geometry": {"type": "Polygon", "coordinates": [[[25.70697194094113, 60.968774619403916], [25.891646184861344, 60.9704195433602], [25.88851180706384, 61.060181554587665], [25.7033156429154, 61.05853056966903], [25.70697194094113, 60.968774619403916]]]}, "properties": {"grid_id": "ETRS-TM35FIN-10km-N6760000-E430000", "northing_min": 6760000, "easting_min": 430000, "grid_size_m": 10000, "observation_count": 1, "verified_count": 0, "year_min": 2026, "year_max": 2026}}, {"type": "Feature", "geometry": {"type": "Polygon", "coordinates": [[[22.377164519921703, 60.98550865428942], [22.56141190876467, 60.991710761977195], [22.548860637094723, 61.08121922116103], [22.364096698041383, 61.07499431819724], [22.377164519921703, 60.98550865428942]]]}, "properties": {"grid_id": "ETRS-TM35FIN-10km-N6770000-E250000", "northing_min": 6770000, "easting_min": 250000, "grid_size_m": 10000, "observation_count": 1, "verified_count": 1, "year_min": 2020, "year_max": 2020}}, {"type": "Feature", "geometry": {"type": "Polygon", "coordinates": [[[23.483800722312925, 61.01894565881694], [23.6684855384609, 61.023636142303864], [23.65904824565143, 61.113262082066086], [23.47384283772504, 61.10855432341137], [23.483800722312925, 61.01894565881694]]]}, "properties": {"grid_id": "ETRS-TM35FIN-10km-N6770000-E310000", "northing_min": 6770000, "easting_min": 310000, "grid_size_m": 10000, "observation_count": 1, "verified_count": 0, "year_min": 2026, "year_max": 2026}}, {"type": "Feature", "geometry": {"type": "Polygon", "coordinates": [[[23.85323156198706, 61.028074046258915], [24.03803543105684, 61.032259211075406], [24.029640990726577, 61.12191692322203], [23.844315427555784, 61.1177163356624], [23.85323156198706, 61.028074046258915]]]}, "properties": {"grid_id": "ETRS-TM35FIN-10km-N6770000-E330000", "northing_min": 6770000, "easting_min": 330000, "grid_size_m": 10000, "observation_count": 1, "verified_count": 1, "year_min": 2025, "year_max": 2025}}, {"type": "Feature", "geometry": {"type": "Polygon", "coordinates": [[[24.03803543105684, 61.032259211075406], [24.222893777256218, 61.036191486149384], [24.215021535770543, 61.12586369284606], [24.029640990726577, 61.12191692322203], [24.03803543105684, 61.032259211075406]]]}, "properties": {"grid_id": "ETRS-TM35FIN-10km-N6770000-E340000", "northing_min": 6770000, "easting_min": 340000, "grid_size_m": 10000, "observation_count": 2, "verified_count": 2, "year_min": 2020, "year_max": 2021}}, {"type": "Feature", "geometry": {"type": "Polygon", "coordinates": [[[24.777761903733214, 61.046469602343215], [24.962804355960184, 61.04938899315986], [24.957025334450886, 61.139109872925715], [24.771458976038687, 61.1361797117379], [24.777761903733214, 61.046469602343215]]]}, "properties": {"grid_id": "ETRS-TM35FIN-10km-N6770000-E380000", "northing_min": 6770000, "easting_min": 380000, "grid_size_m": 10000, "observation_count": 1, "verified_count": 0, "year_min": 2025, "year_max": 2025}}, {"type": "Feature", "geometry": {"type": "Polygon", "coordinates": [[[25.7033156429154, 61.05853056966903], [25.88851180706384, 61.060181554587665], [25.885356913976434, 61.149942268173874], [25.699635416329755, 61.14828518793471], [25.7033156429154, 61.05853056966903]]]}, "properties": {"grid_id": "ETRS-TM35FIN-10km-N6770000-E430000", "northing_min": 6770000, "easting_min": 430000, "grid_size_m": 10000, "observation_count": 2, "verified_count": 2, "year_min": 2020, "year_max": 2020}}, {"type": "Feature", "geometry": {"type": "Polygon", "coordinates": [[[27.741037735500385, 61.062721783856674], [27.926271513889585, 61.06157864281077], [27.928900882858382, 61.151344514847835], [27.743141421444097, 61.15249187703911], [27.741037735500385, 61.062721783856674]]]}, "properties": {"grid_id": "ETRS-TM35FIN-10km-N6770000-E540000", "northing_min": 6770000, "easting_min": 540000, "grid_size_m": 10000, "observation_count": 1, "verified_count": 1, "year_min": 2020, "year_max": 2020}}, {"type": "Feature", "geometry": {"type": "Polygon", "coordinates": [[[28.111488192936157, 61.060181554587665], [28.296684357084597, 61.05853056966903], [28.300364583670245, 61.14828518793471], [28.114643086023566, 61.149942268173874], [28.111488192936157, 61.060181554587665]]]}, "properties": {"grid_id": "ETRS-TM35FIN-10km-N6770000-E560000", "northing_min": 6770000, "easting_min": 560000, "grid_size_m": 10000, "observation_count": 2, "verified_count": 1, "year_min": 2020, "year_max": 2023}}, {"type": "Feature", "geometry": {"type": "Polygon", "coordinates": [[[28.296684357084597, 61.05853056966903], [28.481856593129905, 61.05662574769846], [28.486061930916218, 61.146373334288825], [28.300364583670245, 61.14828518793471], [28.296684357084597, 61.05853056966903]]]}, "properties": {"grid_id": "ETRS-TM35FIN-10km-N6770000-E570000", "northing_min": 6770000, "easting_min": 570000, "grid_size_m": 10000, "observation_count": 1, "verified_count": 1, "year_min": 2023, "year_max": 2023}}, {"type": "Feature", "geometry": {"type": "Polygon", "coordinates": [[[28.667001490607625, 61.05446715747338], [28.85211564218309, 61.05205487693547], [28.857370408989322, 61.14178559356421], [28.671731685662646, 61.144206776627286], [28.667001490607625, 61.05446715747338]]]}, "properties": {"grid_id": "ETRS-TM35FIN-10km-N6770000-E590000", "northing_min": 6770000, "easting_min": 590000, "grid_size_m": 10000, "observation_count": 1, "verified_count": 0, "year_min": 2024, "year_max": 2024}}, {"type": "Feature", "geometry": {"type": "Polygon", "coordinates": [[[21.2574204918916, 61.03235870788202], [21.441622926396477, 61.04009269993812], [21.425882808463438, 61.12944714874666], [21.24116567277242, 61.12168475110311], [21.2574204918916, 61.03235870788202]]]}, "properties": {"grid_id": "ETRS-TM35FIN-10km-N6780000-E190000", "northing_min": 6780000, "easting_min": 190000, "grid_size_m": 10000, "observation_count": 1, "verified_count": 1, "year_min": 2024, "year_max": 2024}}, {"type": "Feature", "geometry": {"type": "Polygon", "coordinates": [[[21.441622926396477, 61.04009269993812], [21.625927189738867, 61.04757581758775], [21.610702711539687, 61.13695776383558], [21.425882808463438, 61.12944714874666], [21.441622926396477, 61.04009269993812]]]}, "properties": {"grid_id": "ETRS-TM35FIN-10km-N6780000-E200000", "northing_min": 6780000, "easting_min": 200000, "grid_size_m": 10000, "observation_count": 2, "verified_count": 2, "year_min": 2023, "year_max": 2024}}, {"type": "Feature", "geometry": {"type": "Polygon", "coordinates": [[[23.844315427555784, 61.1177163356624], [24.029640990726577, 61.12191692322203], [24.0211915674733, 61.211572754112865], [23.83534091074438, 61.20735665637509], [23.844315427555784, 61.1177163356624]]]}, "properties": {"grid_id": "ETRS-TM35FIN-10km-N6780000-E330000", "northing_min": 6780000, "easting_min": 330000, "grid_size_m": 10000, "observation_count": 1, "verified_count": 0, "year_min": 2025, "year_max": 2025}}, {"type": "Feature", "geometry": {"type": "Polygon", "coordinates": [[[24.029640990726577, 61.12191692322203], [24.215021535770543, 61.12586369284606], [24.20709771711799, 61.21553410050153], [24.0211915674733, 61.211572754112865], [24.029640990726577, 61.12191692322203]]]}, "properties": {"grid_id": "ETRS-TM35FIN-10km-N6780000-E340000", "northing_min": 6780000, "easting_min": 340000, "grid_size_m": 10000, "observation_count": 1, "verified_count": 1, "year_min": 2020, "year_max": 2020}}, {"type": "Feature", "geometry": {"type": "Polygon", "coordinates": [[[25.513938069083782, 61.146373334288825], [25.699635416329755, 61.14828518793471], [25.6959310388795, 61.2380384753734], [25.50970513826811, 61.23611955005138], [25.513938069083782, 61.146373334288825]]]}, "properties": {"grid_id": "ETRS-TM35FIN-10km-N6780000-E420000", "northing_min": 6780000, "easting_min": 420000, "grid_size_m": 10000, "observation_count": 4, "verified_count": 0, "year_min": 2020, "year_max": 2026}}, {"type": "Feature", "geometry": {"type": "Polygon", "coordinates": [[[25.699635416329755, 61.14828518793471], [25.885356913976434, 61.149942268173874], [25.88218131497263, 61.23970168561495], [25.6959310388795, 61.2380384753734], [25.699635416329755, 61.14828518793471]]]}, "properties": {"grid_id": "ETRS-TM35FIN-10km-N6780000-E430000", "northing_min": 6780000, "easting_min": 430000, "grid_size_m": 10000, "observation_count": 2, "verified_count": 0, "year_min": 2021, "year_max": 2021}}, {"type": "Feature", "geometry": {"type": "Polygon", "coordinates": [[[25.885356913976434, 61.149942268173874], [26.071099117141618, 61.151344514847835], [26.068452489591976, 61.24110912009654], [25.88218131497263, 61.23970168561495], [25.885356913976434, 61.149942268173874]]]}, "properties": {"grid_id": "ETRS-TM35FIN-10km-N6780000-E440000", "northing_min": 6780000, "easting_min": 440000, "grid_size_m": 10000, "observation_count": 1, "verified_count": 0, "year_min": 2025, "year_max": 2025}}, {"type": "Feature", "geometry": {"type": "Polygon", "coordinates": [[[26.814206012128, 61.15440428629655], [27.0, 61.15453178642281], [27.0, 61.24430818515314], [26.8136765578268, 61.24418021320732], [26.814206012128, 61.15440428629655]]]}, "properties": {"grid_id": "ETRS-TM35FIN-10km-N6780000-E490000", "northing_min": 6780000, "easting_min": 490000, "grid_size_m": 10000, "observation_count": 2, "verified_count": 2, "year_min": 2026, "year_max": 2026}}, {"type": "Feature", "geometry": {"type": "Polygon", "coordinates": [[[28.114643086023566, 61.149942268173874], [28.300364583670245, 61.14828518793471], [28.3040689611205, 61.2380384753734], [28.11781868502737, 61.23970168561495], [28.114643086023566, 61.149942268173874]]]}, "properties": {"grid_id": "ETRS-TM35FIN-10km-N6780000-E560000", "northing_min": 6780000, "easting_min": 560000, "grid_size_m": 10000, "observation_count": 1, "verified_count": 1, "year_min": 2020, "year_max": 2020}}, {"type": "Feature", "geometry": {"type": "Polygon", "coordinates": [[[28.671731685662646, 61.144206776627286], [28.857370408989322, 61.14178559356421], [28.862659643223537, 61.23151484343643], [28.67649291273295, 61.23394497964083], [28.671731685662646, 61.144206776627286]]]}, "properties": {"grid_id": "ETRS-TM35FIN-10km-N6780000-E590000", "northing_min": 6780000, "easting_min": 590000, "grid_size_m": 10000, "observation_count": 4, "verified_count": 4, "year_min": 2020, "year_max": 2025}}, {"type": "Feature", "geometry": {"type": "Polygon", "coordinates": [[[21.425882808463438, 61.12944714874666], [21.610702711539687, 61.13695776383558], [21.595378777094936, 61.22633627312969], [21.410039921207385, 61.21879800561379], [21.425882808463438, 61.12944714874666]]]}, "properties": {"grid_id": "ETRS-TM35FIN-10km-N6790000-E200000", "northing_min": 6790000, "easting_min": 200000, "grid_size_m": 10000, "observation_count": 1, "verified_count": 1, "year_min": 2021, "year_max": 2021}}, {"type": "Feature", "geometry": {"type": "Polygon", "coordinates": [[[22.165745838902836, 61.15797625639166], [22.350943570426978, 61.16447712805522], [22.33770434798765, 61.25395707071582], [22.151984163871674, 61.24743222149748], [22.165745838902836, 61.15797625639166]]]}, "properties": {"grid_id": "ETRS-TM35FIN-10km-N6790000-E240000", "northing_min": 6790000, "easting_min": 240000, "grid_size_m": 10000, "observation_count": 1, "verified_count": 1, "year_min": 2021, "year_max": 2021}}, {"type": "Feature", "geometry": {"type": "Polygon", "coordinates": [[[22.350943570426978, 61.16447712805522], [22.536227395139605, 61.17072495485755], [22.52351142417664, 61.260227951121415], [22.33770434798765, 61.25395707071582], [22.350943570426978, 61.16447712805522]]]}, "properties": {"grid_id": "ETRS-TM35FIN-10km-N6790000-E250000", "northing_min": 6790000, "easting_min": 250000, "grid_size_m": 10000, "observation_count": 3, "verified_count": 3, "year_min": 2021, "year_max": 2021}}, {"type": "Feature", "geometry": {"type": "Polygon", "coordinates": [[[24.393055922525917, 61.21924055150983], [24.57906274053835, 61.22269197230472], [24.572146373578512, 61.31238707621765], [24.385609574515993, 61.308922876698425], [24.393055922525917, 61.21924055150983]]]}, "properties": {"grid_id": "ETRS-TM35FIN-10km-N6790000-E360000", "northing_min": 6790000, "easting_min": 360000, "grid_size_m": 10000, "observation_count": 1, "verified_count": 1, "year_min": 2023, "year_max": 2023}}, {"type": "Feature", "geometry": {"type": "Polygon", "coordinates": [[[24.57906274053835, 61.22269197230472], [24.765114722382865, 61.22588823727013], [24.758728758082892, 61.31559517771949], [24.572146373578512, 61.31238707621765], [24.57906274053835, 61.22269197230472]]]}, "properties": {"grid_id": "ETRS-TM35FIN-10km-N6790000-E370000", "northing_min": 6790000, "easting_min": 370000, "grid_size_m": 10000, "observation_count": 1, "verified_count": 1, "year_min": 2026, "year_max": 2026}}, {"type": "Feature", "geometry": {"type": "Polygon", "coordinates": [[[24.765114722382865, 61.22588823727013], [24.951208414067516, 61.228829230024374], [24.945353241922, 61.318547063812815], [24.758728758082892, 61.31559517771949], [24.765114722382865, 61.22588823727013]]]}, "properties": {"grid_id": "ETRS-TM35FIN-10km-N6790000-E380000", "northing_min": 6790000, "easting_min": 380000, "grid_size_m": 10000, "observation_count": 1, "verified_count": 1, "year_min": 2020, "year_max": 2020}}, {"type": "Feature", "geometry": {"type": "Polygon", "coordinates": [[[25.50970513826811, 61.23611955005138], [25.6959310388795, 61.2380384753734], [25.69220228547632, 61.327790433153815], [25.505444357304015, 61.32586439577686], [25.50970513826811, 61.23611955005138]]]}, "properties": {"grid_id": "ETRS-TM35FIN-10km-N6790000-E420000", "northing_min": 6790000, "easting_min": 420000, "grid_size_m": 10000, "observation_count": 1, "verified_count": 0, "year_min": 2024, "year_max": 2024}}, {"type": "Feature", "geometry": {"type": "Polygon", "coordinates": [[[26.068452489591976, 61.24110912009654], [26.25474108335739, 61.24226072745956], [26.25260965014487, 61.3320283371193], [26.06578844255931, 61.330872460330966], [26.068452489591976, 61.24110912009654]]]}, "properties": {"grid_id": "ETRS-TM35FIN-10km-N6790000-E450000", "northing_min": 6790000, "easting_min": 450000, "grid_size_m": 10000, "observation_count": 1, "verified_count": 1, "year_min": 2023, "year_max": 2023}}, {"type": "Feature", "geometry": {"type": "Polygon", "coordinates": [[[26.25474108335739, 61.24226072745956], [26.441043614867134, 61.24315646567359], [26.439444925847866, 61.33292739637656], [26.25260965014487, 61.3320283371193], [26.25474108335739, 61.24226072745956]]]}, "properties": {"grid_id": "ETRS-TM35FIN-10km-N6790000-E460000", "northing_min": 6790000, "easting_min": 460000, "grid_size_m": 10000, "observation_count": 1, "verified_count": 1, "year_min": 2020, "year_max": 2020}}, {"type": "Feature", "geometry": {"type": "Polygon", "coordinates": [[[28.67649291273295, 61.23394497964083], [28.862659643223537, 61.23151484343643], [28.867983665910845, 61.321242626436884], [28.681285460918602, 61.323681766876746], [28.67649291273295, 61.23394497964083]]]}, "properties": {"grid_id": "ETRS-TM35FIN-10km-N6790000-E590000", "northing_min": 6790000, "easting_min": 590000, "grid_size_m": 10000, "observation_count": 1, "verified_count": 1, "year_min": 2020, "year_max": 2020}}, {"type": "Feature", "geometry": {"type": "Polygon", "coordinates": [[[22.895372657207087, 61.27200690370639], [23.08141999265706, 61.27751454764557], [23.070205009866754, 61.36707875428], [22.88362878709201, 61.361550724527426], [22.895372657207087, 61.27200690370639]]]}, "properties": {"grid_id": "ETRS-TM35FIN-10km-N6800000-E280000", "northing_min": 6800000, "easting_min": 280000, "grid_size_m": 10000, "observation_count": 1, "verified_count": 1, "year_min": 2020, "year_max": 2020}}, {"type": "Feature", "geometry": {"type": "Polygon", "coordinates": [[[23.267540578157114, 61.28276736635075], [23.45373098111793, 61.287765168486764], [23.443575791879393, 61.377367335594336], [23.25685516621812, 61.37235102229998], [23.267540578157114, 61.28276736635075]]]}, "properties": {"grid_id": "ETRS-TM35FIN-10km-N6800000-E300000", "northing_min": 6800000, "easting_min": 300000, "grid_size_m": 10000, "observation_count": 1, "verified_count": 1, "year_min": 2021, "year_max": 2021}}, {"type": "Feature", "geometry": {"type": "Polygon", "coordinates": [[[23.45373098111793, 61.287765168486764], [23.639987760885667, 61.29250777188152], [23.6303634143931, 61.38212751041144], [23.443575791879393, 61.377367335594336], [23.45373098111793, 61.287765168486764]]]}, "properties": {"grid_id": "ETRS-TM35FIN-10km-N6800000-E310000", "northing_min": 6800000, "easting_min": 310000, "grid_size_m": 10000, "observation_count": 2, "verified_count": 0, "year_min": 2015, "year_max": 2023}}, {"type": "Feature", "geometry": {"type": "Polygon", "coordinates": [[[23.639987760885667, 61.29250777188152], [23.82630746913061, 61.296995003551345], [23.817214553505643, 61.38663137226675], [23.6303634143931, 61.38212751041144], [23.639987760885667, 61.29250777188152]]]}, "properties": {"grid_id": "ETRS-TM35FIN-10km-N6800000-E320000", "northing_min": 6800000, "easting_min": 320000, "grid_size_m": 10000, "observation_count": 6, "verified_count": 6, "year_min": 2020, "year_max": 2023}}, {"type": "Feature", "geometry": {"type": "Polygon", "coordinates": [[[25.13201633408916, 61.321242626436884], [25.318714539081398, 61.323681766876746], [25.313890377051013, 61.4134171386838], [25.126657197894787, 61.41096894243042], [25.13201633408916, 61.321242626436884]]]}, "properties": {"grid_id": "ETRS-TM35FIN-10km-N6800000-E400000", "northing_min": 6800000, "easting_min": 400000, "grid_size_m": 10000, "observation_count": 2, "verified_count": 2, "year_min": 2022, "year_max": 2023}}, {"type": "Feature", "geometry": {"type": "Polygon", "coordinates": [[[26.06578844255931, 61.330872460330966], [26.25260965014487, 61.3320283371193], [26.250464148541003, 61.421794708026155], [26.063106813119663, 61.42063453732895], [26.06578844255931, 61.330872460330966]]]}, "properties": {"grid_id": "ETRS-TM35FIN-10km-N6800000-E450000", "northing_min": 6800000, "easting_min": 450000, "grid_size_m": 10000, "observation_count": 1, "verified_count": 0, "year_min": 2014, "year_max": 2014}}, {"type": "Feature", "geometry": {"type": "Polygon", "coordinates": [[[27.186856381989756, 61.333954939794594], [27.373709245922438, 61.333569605121994], [27.37478212878638, 61.42334170210414], [27.187392839931906, 61.42372846844978], [27.186856381989756, 61.333954939794594]]]}, "properties": {"grid_id": "ETRS-TM35FIN-10km-N6800000-E510000", "northing_min": 6800000, "easting_min": 510000, "grid_size_m": 10000, "observation_count": 1, "verified_count": 0, "year_min": 2019, "year_max": 2019}}, {"type": "Feature", "geometry": {"type": "Polygon", "coordinates": [[[22.51071195603441, 61.34972819784047], [22.697129953577583, 61.35576713524972], [22.684777073678173, 61.44528700067032], [22.497828212945823, 61.43922568273303], [22.51071195603441, 61.34972819784047]]]}, "properties": {"grid_id": "ETRS-TM35FIN-10km-N6810000-E260000", "northing_min": 6810000, "easting_min": 260000, "grid_size_m": 10000, "observation_count": 1, "verified_count": 1, "year_min": 2020, "year_max": 2020}}, {"type": "Feature", "geometry": {"type": "Polygon", "coordinates": [[[22.88362878709201, 61.361550724527426], [23.070205009866754, 61.36707875428], [23.058916092069257, 61.45664056437002], [22.871807526221072, 61.45109203229226], [22.88362878709201, 61.361550724527426]]]}, "properties": {"grid_id": "ETRS-TM35FIN-10km-N6810000-E280000", "northing_min": 6810000, "easting_min": 280000, "grid_size_m": 10000, "observation_count": 2, "verified_count": 1, "year_min": 2023, "year_max": 2024}}, {"type": "Feature", "geometry": {"type": "Polygon", "coordinates": [[[23.6303634143931, 61.38212751041144], [23.817214553505643, 61.38663137226675], [23.808061607767918, 61.476265757516494], [23.620675550068437, 61.471745170189585], [23.6303634143931, 61.38212751041144]]]}, "properties": {"grid_id": "ETRS-TM35FIN-10km-N6810000-E320000", "northing_min": 6810000, "easting_min": 320000, "grid_size_m": 10000, "observation_count": 5, "verified_count": 3, "year_min": 2020, "year_max": 2025}}, {"type": "Feature", "geometry": {"type": "Polygon", "coordinates": [[[23.817214553505643, 61.38663137226675], [24.00412572156418, 61.39087875596732], [23.995508257497452, 61.48052891867811], [23.808061607767918, 61.476265757516494], [23.817214553505643, 61.38663137226675]]]}, "properties": {"grid_id": "ETRS-TM35FIN-10km-N6810000-E330000", "northing_min": 6810000, "easting_min": 330000, "grid_size_m": 10000, "observation_count": 17, "verified_count": 4, "year_min": 2018, "year_max": 2026}}, {"type": "Feature", "geometry": {"type": "Polygon", "coordinates": [[[24.939459460699016, 61.40826337362147], [25.126657197894787, 61.41096894243042], [25.121262619047226, 61.50069379126144], [24.933526708586506, 61.497978158753746], [24.939459460699016, 61.40826337362147]]]}, "properties": {"grid_id": "ETRS-TM35FIN-10km-N6810000-E390000", "northing_min": 6810000, "easting_min": 390000, "grid_size_m": 10000, "observation_count": 1, "verified_count": 1, "year_min": 2025, "year_max": 2025}}, {"type": "Feature", "geometry": {"type": "Polygon", "coordinates": [[[25.50115546584368, 61.415607872247456], [25.688448928204707, 61.41754106244083], [25.684670736277496, 61.507290364395196], [25.49683820025981, 61.50534998023642], [25.50115546584368, 61.415607872247456]]]}, "properties": {"grid_id": "ETRS-TM35FIN-10km-N6810000-E420000", "northing_min": 6810000, "easting_min": 420000, "grid_size_m": 10000, "observation_count": 2, "verified_count": 0, "year_min": 2024, "year_max": 2026}}, {"type": "Feature", "geometry": {"type": "Polygon", "coordinates": [[[25.688448928204707, 61.41754106244083], [25.87576722473521, 61.4192166380482], [25.87252834016103, 61.508972176033964], [25.684670736277496, 61.507290364395196], [25.688448928204707, 61.41754106244083]]]}, "properties": {"grid_id": "ETRS-TM35FIN-10km-N6810000-E430000", "northing_min": 6810000, "easting_min": 430000, "grid_size_m": 10000, "observation_count": 2, "verified_count": 0, "year_min": 2019, "year_max": 2024}}, {"type": "Feature", "geometry": {"type": "Polygon", "coordinates": [[[26.62521787121362, 61.42334170210414], [26.812607160068094, 61.42372846844978], [26.812067150978887, 61.51350080157557], [26.624137886473246, 61.51311259531355], [26.62521787121362, 61.42334170210414]]]}, "properties": {"grid_id": "ETRS-TM35FIN-10km-N6810000-E480000", "northing_min": 6810000, "easting_min": 480000, "grid_size_m": 10000, "observation_count": 3, "verified_count": 3, "year_min": 2020, "year_max": 2020}}, {"type": "Feature", "geometry": {"type": "Polygon", "coordinates": [[[27.187392839931906, 61.42372846844978], [27.37478212878638, 61.42334170210414], [27.375862113526754, 61.51311259531355], [27.187932849021113, 61.51350080157557], [27.187392839931906, 61.42372846844978]]]}, "properties": {"grid_id": "ETRS-TM35FIN-10km-N6810000-E510000", "northing_min": 6810000, "easting_min": 510000, "grid_size_m": 10000, "observation_count": 3, "verified_count": 2, "year_min": 2019, "year_max": 2020}}, {"type": "Feature", "geometry": {"type": "Polygon", "coordinates": [[[27.37478212878638, 61.42334170210414], [27.562164315903615, 61.42269710737406], [27.563784209425705, 61.51246560086157], [27.375862113526754, 61.51311259531355], [27.37478212878638, 61.42334170210414]]]}, "properties": {"grid_id": "ETRS-TM35FIN-10km-N6810000-E520000", "northing_min": 6810000, "easting_min": 520000, "grid_size_m": 10000, "observation_count": 3, "verified_count": 3, "year_min": 2020, "year_max": 2025}}, {"type": "Feature", "geometry": {"type": "Polygon", "coordinates": [[[22.124189133010674, 61.42633508696968], [22.310964413022727, 61.43290830094381], [22.297462072606816, 61.52237956129588], [22.11015408699346, 61.51578195754659], [22.124189133010674, 61.42633508696968]]]}, "properties": {"grid_id": "ETRS-TM35FIN-10km-N6820000-E240000", "northing_min": 6820000, "easting_min": 240000, "grid_size_m": 10000, "observation_count": 1, "verified_count": 1, "year_min": 2023, "year_max": 2023}}, {"type": "Feature", "geometry": {"type": "Polygon", "coordinates": [[[23.246099283604025, 61.461932392939374], [23.43335360448901, 61.46696732332935], [23.42306379108433, 61.556565124746996], [23.2352722702531, 61.55151147032037], [23.246099283604025, 61.461932392939374]]]}, "properties": {"grid_id": "ETRS-TM35FIN-10km-N6820000-E300000", "northing_min": 6820000, "easting_min": 300000, "grid_size_m": 10000, "observation_count": 1, "verified_count": 0, "year_min": 2020, "year_max": 2020}}, {"type": "Feature", "geometry": {"type": "Polygon", "coordinates": [[[23.43335360448901, 61.46696732332935], [23.620675550068437, 61.471745170189585], [23.61092357237106, 61.561360745225294], [23.42306379108433, 61.556565124746996], [23.43335360448901, 61.46696732332935]]]}, "properties": {"grid_id": "ETRS-TM35FIN-10km-N6820000-E310000", "northing_min": 6820000, "easting_min": 310000, "grid_size_m": 10000, "observation_count": 2, "verified_count": 1, "year_min": 2020, "year_max": 2021}}, {"type": "Feature", "geometry": {"type": "Polygon", "coordinates": [[[23.620675550068437, 61.471745170189585], [23.808061607767918, 61.476265757516494], [23.798848068815023, 61.565898154214146], [23.61092357237106, 61.561360745225294], [23.620675550068437, 61.471745170189585]]]}, "properties": {"grid_id": "ETRS-TM35FIN-10km-N6820000-E320000", "northing_min": 6820000, "easting_min": 320000, "grid_size_m": 10000, "observation_count": 1, "verified_count": 1, "year_min": 2026, "year_max": 2026}}, {"type": "Feature", "geometry": {"type": "Polygon", "coordinates": [[[23.808061607767918, 61.476265757516494], [23.995508257497452, 61.48052891867811], [23.986833727483784, 61.57017718362495], [23.798848068815023, 61.565898154214146], [23.808061607767918, 61.476265757516494]]]}, "properties": {"grid_id": "ETRS-TM35FIN-10km-N6820000-E330000", "northing_min": 6820000, "easting_min": 330000, "grid_size_m": 10000, "observation_count": 11, "verified_count": 9, "year_min": 2020, "year_max": 2026}}, {"type": "Feature", "geometry": {"type": "Polygon", "coordinates": [[[23.995508257497452, 61.48052891867811], [24.18301197205669, 61.48453449643752], [24.17487698822232, 61.57419767484557], [23.986833727483784, 61.57017718362495], [23.995508257497452, 61.48052891867811]]]}, "properties": {"grid_id": "ETRS-TM35FIN-10km-N6820000-E340000", "northing_min": 6820000, "easting_min": 340000, "grid_size_m": 10000, "observation_count": 1, "verified_count": 0, "year_min": 2018, "year_max": 2018}}, {"type": "Feature", "geometry": {"type": "Polygon", "coordinates": [[[27.0, 61.51363020526145], [27.187932849021113, 61.51350080157557], [27.188476442696498, 61.603271941585966], [27.0, 61.603401828032055], [27.0, 61.51363020526145]]]}, "properties": {"grid_id": "ETRS-TM35FIN-10km-N6820000-E500000", "northing_min": 6820000, "easting_min": 500000, "grid_size_m": 10000, "observation_count": 1, "verified_count": 1, "year_min": 2024, "year_max": 2024}}, {"type": "Feature", "geometry": {"type": "Polygon", "coordinates": [[[27.375862113526754, 61.51311259531355], [27.563784209425705, 61.51246560086157], [27.56541485500937, 61.60223287904325], [27.376949267015217, 61.602882287085485], [27.375862113526754, 61.51311259531355]]]}, "properties": {"grid_id": "ETRS-TM35FIN-10km-N6820000-E520000", "northing_min": 6820000, "easting_min": 520000, "grid_size_m": 10000, "observation_count": 1, "verified_count": 0, "year_min": 2014, "year_max": 2014}}, {"type": "Feature", "geometry": {"type": "Polygon", "coordinates": [[[21.361885082239837, 61.486828822172285], [21.548800976044447, 61.49445099144398], [21.53306989843004, 61.58381556380909], [21.345621496660414, 61.57616510752088], [21.361885082239837, 61.486828822172285]]]}, "properties": {"grid_id": "ETRS-TM35FIN-10km-N6830000-E200000", "northing_min": 6830000, "easting_min": 200000, "grid_size_m": 10000, "observation_count": 1, "verified_count": 0, "year_min": 2019, "year_max": 2019}}, {"type": "Feature", "geometry": {"type": "Polygon", "coordinates": [[[21.548800976044447, 61.49445099144398], [21.73582007462104, 61.501817415885185], [21.720622472087438, 61.59120933940836], [21.53306989843004, 61.58381556380909], [21.548800976044447, 61.49445099144398]]]}, "properties": {"grid_id": "ETRS-TM35FIN-10km-N6830000-E210000", "northing_min": 6830000, "easting_min": 210000, "grid_size_m": 10000, "observation_count": 2, "verified_count": 0, "year_min": 2013, "year_max": 2019}}, {"type": "Feature", "geometry": {"type": "Polygon", "coordinates": [[[21.73582007462104, 61.501817415885185], [21.922938931097242, 61.508927825027776], [21.908275739176784, 61.598346161498995], [21.720622472087438, 61.59120933940836], [21.73582007462104, 61.501817415885185]]]}, "properties": {"grid_id": "ETRS-TM35FIN-10km-N6830000-E220000", "northing_min": 6830000, "easting_min": 220000, "grid_size_m": 10000, "observation_count": 1, "verified_count": 0, "year_min": 2018, "year_max": 2018}}, {"type": "Feature", "geometry": {"type": "Polygon", "coordinates": [[[23.04755254713215, 61.54619996891393], [23.2352722702531, 61.55151147032037], [23.22437345778341, 61.641088246375226], [23.0361136742045, 61.635756958777684], [23.04755254713215, 61.54619996891393]]]}, "properties": {"grid_id": "ETRS-TM35FIN-10km-N6830000-E290000", "northing_min": 6830000, "easting_min": 290000, "grid_size_m": 10000, "observation_count": 1, "verified_count": 0, "year_min": 2023, "year_max": 2023}}, {"type": "Feature", "geometry": {"type": "Polygon", "coordinates": [[[24.927554619204887, 61.587691418485264], [25.11583226424379, 61.590417172753426], [25.110365795959535, 61.68013908670825], [24.921542821534956, 61.67740315206318], [24.927554619204887, 61.587691418485264]]]}, "properties": {"grid_id": "ETRS-TM35FIN-10km-N6830000-E390000", "northing_min": 6830000, "easting_min": 390000, "grid_size_m": 10000, "observation_count": 4, "verified_count": 4, "year_min": 2023, "year_max": 2026}}, {"type": "Feature", "geometry": {"type": "Polygon", "coordinates": [[[25.492492293593973, 61.59509072050773], [25.68086747599061, 61.59703834017326], [25.677038910676963, 61.68678499092664], [25.48811747550392, 61.68483009381565], [25.492492293593973, 61.59509072050773]]]}, "properties": {"grid_id": "ETRS-TM35FIN-10km-N6830000-E420000", "northing_min": 6830000, "easting_min": 420000, "grid_size_m": 10000, "observation_count": 1, "verified_count": 1, "year_min": 2020, "year_max": 2020}}, {"type": "Feature", "geometry": {"type": "Polygon", "coordinates": [[[25.68086747599061, 61.59703834017326], [25.86926796291237, 61.598726423861415], [25.865985890044282, 61.68847938302675], [25.677038910676963, 61.68678499092664], [25.68086747599061, 61.59703834017326]]]}, "properties": {"grid_id": "ETRS-TM35FIN-10km-N6830000-E430000", "northing_min": 6830000, "easting_min": 430000, "grid_size_m": 10000, "observation_count": 1, "verified_count": 0, "year_min": 2020, "year_max": 2020}}, {"type": "Feature", "geometry": {"type": "Polygon", "coordinates": [[[26.057690145023294, 61.600154908744315], [26.246130410405975, 61.60132374164463], [26.243941904798003, 61.69108640840366], [26.05495477012058, 61.68991320673443], [26.057690145023294, 61.600154908744315]]]}, "properties": {"grid_id": "ETRS-TM35FIN-10km-N6830000-E450000", "northing_min": 6830000, "easting_min": 450000, "grid_size_m": 10000, "observation_count": 5, "verified_count": 5, "year_min": 2021, "year_max": 2026}}, {"type": "Feature", "geometry": {"type": "Polygon", "coordinates": [[[27.0, 61.603401828032055], [27.188476442696498, 61.603271941585966], [27.1890236548215, 61.69304189090602], [27.0, 61.69317226291304], [27.0, 61.603401828032055]]]}, "properties": {"grid_id": "ETRS-TM35FIN-10km-N6830000-E500000", "northing_min": 6830000, "easting_min": 500000, "grid_size_m": 10000, "observation_count": 3, "verified_count": 3, "year_min": 2020, "year_max": 2024}}, {"type": "Feature", "geometry": {"type": "Polygon", "coordinates": [[[27.188476442696498, 61.603271941585966], [27.376949267015217, 61.602882287085485], [27.378043656971897, 61.69265077976536], [27.1890236548215, 61.69304189090602], [27.188476442696498, 61.603271941585966]]]}, "properties": {"grid_id": "ETRS-TM35FIN-10km-N6830000-E510000", "northing_min": 6830000, "easting_min": 510000, "grid_size_m": 10000, "observation_count": 3, "verified_count": 1, "year_min": 2020, "year_max": 2026}}, {"type": "Feature", "geometry": {"type": "Polygon", "coordinates": [[[23.22437345778341, 61.641088246375226], [23.412705715883515, 61.646160732795856], [23.402278735060445, 61.735754140316196], [23.213402169361785, 61.73066271291502], [23.22437345778341, 61.641088246375226]]]}, "properties": {"grid_id": "ETRS-TM35FIN-10km-N6840000-E300000", "northing_min": 6840000, "easting_min": 300000, "grid_size_m": 10000, "observation_count": 1, "verified_count": 0, "year_min": 2018, "year_max": 2018}}, {"type": "Feature", "geometry": {"type": "Polygon", "coordinates": [[[23.412705715883515, 61.646160732795856], [23.601106878244035, 61.65097422943323], [23.591224856995506, 61.74058561663182], [23.402278735060445, 61.735754140316196], [23.412705715883515, 61.646160732795856]]]}, "properties": {"grid_id": "ETRS-TM35FIN-10km-N6840000-E310000", "northing_min": 6840000, "easting_min": 310000, "grid_size_m": 10000, "observation_count": 5, "verified_count": 0, "year_min": 2020, "year_max": 2023}}, {"type": "Feature", "geometry": {"type": "Polygon", "coordinates": [[[24.35532888784642, 61.66763487936182], [24.544020746220344, 61.671150931666105], [24.536872124101322, 61.760837745492935], [24.347632551870326, 61.75730854198886], [24.35532888784642, 61.66763487936182]]]}, "properties": {"grid_id": "ETRS-TM35FIN-10km-N6840000-E360000", "northing_min": 6840000, "easting_min": 360000, "grid_size_m": 10000, "observation_count": 2, "verified_count": 0, "year_min": 2017, "year_max": 2017}}, {"type": "Feature", "geometry": {"type": "Polygon", "coordinates": [[[24.921542821534956, 61.67740315206318], [25.110365795959535, 61.68013908670825], [25.10486287238039, 61.769859532905855], [24.91549093984435, 61.767113358705586], [24.921542821534956, 61.67740315206318]]]}, "properties": {"grid_id": "ETRS-TM35FIN-10km-N6840000-E390000", "northing_min": 6840000, "easting_min": 390000, "grid_size_m": 10000, "observation_count": 1, "verified_count": 1, "year_min": 2026, "year_max": 2026}}, {"type": "Feature", "geometry": {"type": "Polygon", "coordinates": [[[27.1890236548215, 61.69304189090602], [27.378043656971897, 61.69265077976536], [27.379145351978867, 61.78241807570878], [27.189574519690584, 61.78281065197201], [27.1890236548215, 61.69304189090602]]]}, "properties": {"grid_id": "ETRS-TM35FIN-10km-N6840000-E510000", "northing_min": 6840000, "easting_min": 510000, "grid_size_m": 10000, "observation_count": 3, "verified_count": 2, "year_min": 2018, "year_max": 2021}}, {"type": "Feature", "geometry": {"type": "Polygon", "coordinates": [[[27.378043656971897, 61.69265077976536], [27.56705635421795, 61.69199894413171], [27.568708809907392, 61.78176379834809], [27.379145351978867, 61.78241807570878], [27.378043656971897, 61.69265077976536]]]}, "properties": {"grid_id": "ETRS-TM35FIN-10km-N6840000-E520000", "northing_min": 6840000, "easting_min": 520000, "grid_size_m": 10000, "observation_count": 3, "verified_count": 2, "year_min": 2019, "year_max": 2020}}, {"type": "Feature", "geometry": {"type": "Polygon", "coordinates": [[[27.756058095201997, 61.69108640840366], [27.94504522987942, 61.68991320673443], [27.947798859747717, 61.77967024863328], [27.758261207408292, 61.78084784450447], [27.756058095201997, 61.69108640840366]]]}, "properties": {"grid_id": "ETRS-TM35FIN-10km-N6840000-E540000", "northing_min": 6840000, "easting_min": 540000, "grid_size_m": 10000, "observation_count": 1, "verified_count": 1, "year_min": 2021, "year_max": 2021}}, {"type": "Feature", "geometry": {"type": "Polygon", "coordinates": [[[29.267240069666922, 61.67440706308446], [29.455979253779656, 61.671150931666105], [29.463127875898678, 61.760837745492935], [29.273840528961315, 61.76410605860732], [29.267240069666922, 61.67440706308446]]]}, "properties": {"grid_id": "ETRS-TM35FIN-10km-N6840000-E620000", "northing_min": 6840000, "easting_min": 620000, "grid_size_m": 10000, "observation_count": 1, "verified_count": 1, "year_min": 2023, "year_max": 2023}}, {"type": "Feature", "geometry": {"type": "Polygon", "coordinates": [[[29.455979253779656, 61.671150931666105], [29.64467111215358, 61.66763487936182], [29.652367448129674, 61.75730854198886], [29.463127875898678, 61.760837745492935], [29.455979253779656, 61.671150931666105]]]}, "properties": {"grid_id": "ETRS-TM35FIN-10km-N6840000-E630000", "northing_min": 6840000, "easting_min": 630000, "grid_size_m": 10000, "observation_count": 1, "verified_count": 1, "year_min": 2020, "year_max": 2020}}, {"type": "Feature", "geometry": {"type": "Polygon", "coordinates": [[[23.024598763579622, 61.72531152469263], [23.213402169361785, 61.73066271291502], [23.20235771957027, 61.820234861627526], [23.01300709655525, 61.81486365725329], [23.024598763579622, 61.72531152469263]]]}, "properties": {"grid_id": "ETRS-TM35FIN-10km-N6850000-E290000", "northing_min": 6850000, "easting_min": 290000, "grid_size_m": 10000, "observation_count": 2, "verified_count": 0, "year_min": 2023, "year_max": 2023}}, {"type": "Feature", "geometry": {"type": "Polygon", "coordinates": [[[23.591224856995506, 61.74058561663182], [23.78023692318659, 61.74515696118904], [23.7708381542998, 61.834783360870865], [23.581276890177865, 61.830194900541464], [23.591224856995506, 61.74058561663182]]]}, "properties": {"grid_id": "ETRS-TM35FIN-10km-N6850000-E320000", "northing_min": 6850000, "easting_min": 320000, "grid_size_m": 10000, "observation_count": 1, "verified_count": 1, "year_min": 2021, "year_max": 2021}}, {"type": "Feature", "geometry": {"type": "Polygon", "coordinates": [[[24.1584444014494, 61.75351858044835], [24.347632551870326, 61.75730854198886], [24.33988479305627, 61.84698046380558], [24.150145770835824, 61.84317630046794], [24.1584444014494, 61.75351858044835]]]}, "properties": {"grid_id": "ETRS-TM35FIN-10km-N6850000-E350000", "northing_min": 6850000, "easting_min": 350000, "grid_size_m": 10000, "observation_count": 1, "verified_count": 1, "year_min": 2021, "year_max": 2021}}, {"type": "Feature", "geometry": {"type": "Polygon", "coordinates": [[[25.294271605644987, 61.7723444780872], [25.483713472209914, 61.77456810090448], [25.479280006440064, 61.86430474250824], [25.289284852372173, 61.86207277746353], [25.294271605644987, 61.7723444780872]]]}, "properties": {"grid_id": "ETRS-TM35FIN-10km-N6850000-E410000", "northing_min": 6850000, "easting_min": 410000, "grid_size_m": 10000, "observation_count": 1, "verified_count": 0, "year_min": 2020, "year_max": 2020}}, {"type": "Feature", "geometry": {"type": "Polygon", "coordinates": [[[25.6731848006594, 61.77653031780202], [25.862681916030116, 61.778231055025635], [25.8593558327204, 61.86798144135289], [25.66930490320284, 61.866274321940864], [25.6731848006594, 61.77653031780202]]]}, "properties": {"grid_id": "ETRS-TM35FIN-10km-N6850000-E430000", "northing_min": 6850000, "easting_min": 430000, "grid_size_m": 10000, "observation_count": 1, "verified_count": 1, "year_min": 2022, "year_max": 2022}}, {"type": "Feature", "geometry": {"type": "Polygon", "coordinates": [[[28.89513712761961, 61.769859532905855], [29.084509060155646, 61.767113358705586], [29.090601406387314, 61.856822037600935], [28.900676852665068, 61.85957851110353], [28.89513712761961, 61.769859532905855]]]}, "properties": {"grid_id": "ETRS-TM35FIN-10km-N6850000-E600000", "northing_min": 6850000, "easting_min": 600000, "grid_size_m": 10000, "observation_count": 1, "verified_count": 1, "year_min": 2020, "year_max": 2020}}, {"type": "Feature", "geometry": {"type": "Polygon", "coordinates": [[[29.273840528961315, 61.76410605860732], [29.463127875898678, 61.760837745492935], [29.470324273679825, 61.85052289515478], [29.280485111007398, 61.8538034609907], [29.273840528961315, 61.76410605860732]]]}, "properties": {"grid_id": "ETRS-TM35FIN-10km-N6850000-E620000", "northing_min": 6850000, "easting_min": 620000, "grid_size_m": 10000, "observation_count": 5, "verified_count": 0, "year_min": 2017, "year_max": 2024}}, {"type": "Feature", "geometry": {"type": "Polygon", "coordinates": [[[21.501294242125926, 61.762534090204916], [21.689924233476475, 61.769983041132775], [21.674421690717246, 61.85936478215515], [21.485247692420433, 61.85188800405838], [21.501294242125926, 61.762534090204916]]]}, "properties": {"grid_id": "ETRS-TM35FIN-10km-N6860000-E210000", "northing_min": 6860000, "easting_min": 210000, "grid_size_m": 10000, "observation_count": 1, "verified_count": 1, "year_min": 2020, "year_max": 2020}}, {"type": "Feature", "geometry": {"type": "Polygon", "coordinates": [[[22.823733956232903, 61.809231928504985], [23.01300709655525, 61.81486365725329], [23.001337945291063, 61.90441334691478], [22.811514696103693, 61.898760516470645], [22.823733956232903, 61.809231928504985]]]}, "properties": {"grid_id": "ETRS-TM35FIN-10km-N6860000-E280000", "northing_min": 6860000, "easting_min": 280000, "grid_size_m": 10000, "observation_count": 1, "verified_count": 1, "year_min": 2020, "year_max": 2020}}, {"type": "Feature", "geometry": {"type": "Polygon", "coordinates": [[[23.7708381542998, 61.834783360870865], [23.960462335028254, 61.839110548459686], [23.951554100012302, 61.928751178553654], [23.761376467544373, 61.92440775080646], [23.7708381542998, 61.834783360870865]]]}, "properties": {"grid_id": "ETRS-TM35FIN-10km-N6860000-E330000", "northing_min": 6860000, "easting_min": 330000, "grid_size_m": 10000, "observation_count": 1, "verified_count": 1, "year_min": 2021, "year_max": 2021}}, {"type": "Feature", "geometry": {"type": "Polygon", "coordinates": [[[24.719514888992602, 61.8538034609907], [24.909398593612686, 61.856822037600935], [24.903265397455215, 61.946529187907124], [24.7128257641014, 61.943499268762196], [24.719514888992602, 61.8538034609907]]]}, "properties": {"grid_id": "ETRS-TM35FIN-10km-N6860000-E380000", "northing_min": 6860000, "easting_min": 380000, "grid_size_m": 10000, "observation_count": 1, "verified_count": 1, "year_min": 2023, "year_max": 2023}}, {"type": "Feature", "geometry": {"type": "Polygon", "coordinates": [[[27.190129072036118, 61.87257822723144], [27.380254421493852, 61.872184177281476], [27.381370935864265, 61.961949086859164], [27.190687347035368, 61.96234461914275], [27.190129072036118, 61.87257822723144]]]}, "properties": {"grid_id": "ETRS-TM35FIN-10km-N6860000-E510000", "northing_min": 6860000, "easting_min": 510000, "grid_size_m": 10000, "observation_count": 1, "verified_count": 1, "year_min": 2021, "year_max": 2021}}, {"type": "Feature", "geometry": {"type": "Polygon", "coordinates": [[[28.710715147627823, 61.86207277746353], [28.900676852665068, 61.85957851110353], [28.906253729775113, 61.9492960210353], [28.715735350606543, 61.95179966318647], [28.710715147627823, 61.86207277746353]]]}, "properties": {"grid_id": "ETRS-TM35FIN-10km-N6860000-E590000", "northing_min": 6860000, "easting_min": 590000, "grid_size_m": 10000, "observation_count": 5, "verified_count": 2, "year_min": 2025, "year_max": 2025}}, {"type": "Feature", "geometry": {"type": "Polygon", "coordinates": [[[23.001337945291063, 61.90441334691478], [23.191239414270004, 61.90980468407494], [23.180046550462592, 61.999372171691796], [22.98959057266351, 61.99396058399049], [23.001337945291063, 61.90441334691478]]]}, "properties": {"grid_id": "ETRS-TM35FIN-10km-N6870000-E290000", "northing_min": 6870000, "easting_min": 290000, "grid_size_m": 10000, "observation_count": 1, "verified_count": 1, "year_min": 2020, "year_max": 2020}}, {"type": "Feature", "geometry": {"type": "Polygon", "coordinates": [[[23.571262351464643, 61.91980207478267], [23.761376467544373, 61.92440775080646], [23.751851263118446, 62.014030125477476], [23.561180606525003, 62.00940713287442], [23.571262351464643, 61.91980207478267]]]}, "properties": {"grid_id": "ETRS-TM35FIN-10km-N6870000-E320000", "northing_min": 6870000, "easting_min": 320000, "grid_size_m": 10000, "observation_count": 1, "verified_count": 0, "year_min": 2021, "year_max": 2021}}, {"type": "Feature", "geometry": {"type": "Polygon", "coordinates": [[[26.04663841930932, 61.959180571336006], [26.23728819116784, 61.96036703289311], [26.235040418867978, 62.05012478927639], [26.043828974489735, 62.04893385573604], [26.04663841930932, 61.959180571336006]]]}, "properties": {"grid_id": "ETRS-TM35FIN-10km-N6870000-E450000", "northing_min": 6870000, "easting_min": 450000, "grid_size_m": 10000, "observation_count": 2, "verified_count": 0, "year_min": 2022, "year_max": 2023}}, {"type": "Feature", "geometry": {"type": "Polygon", "coordinates": [[[21.279480576712302, 61.93347308063324], [21.469093993527082, 61.94123832444002], [21.452832128429392, 62.03058503056837], [21.262668550217807, 62.02279067218545], [21.279480576712302, 61.93347308063324]]]}, "properties": {"grid_id": "ETRS-TM35FIN-10km-N6880000-E200000", "northing_min": 6880000, "easting_min": 200000, "grid_size_m": 10000, "observation_count": 1, "verified_count": 0, "year_min": 2013, "year_max": 2013}}, {"type": "Feature", "geometry": {"type": "Polygon", "coordinates": [[[22.98959057266351, 61.99396058399049], [23.180046550462592, 61.999372171691796], [23.168778416148736, 62.08893731578268], [22.977764232117835, 62.083505358649674], [22.98959057266351, 61.99396058399049]]]}, "properties": {"grid_id": "ETRS-TM35FIN-10km-N6880000-E290000", "northing_min": 6880000, "easting_min": 290000, "grid_size_m": 10000, "observation_count": 1, "verified_count": 1, "year_min": 2022, "year_max": 2022}}, {"type": "Feature", "geometry": {"type": "Polygon", "coordinates": [[[23.180046550462592, 61.999372171691796], [23.37057779724404, 62.00452108644034], [23.359868590281753, 62.09410561801119], [23.168778416148736, 62.08893731578268], [23.180046550462592, 61.999372171691796]]]}, "properties": {"grid_id": "ETRS-TM35FIN-10km-N6880000-E300000", "northing_min": 6880000, "easting_min": 300000, "grid_size_m": 10000, "observation_count": 1, "verified_count": 0, "year_min": 2026, "year_max": 2026}}, {"type": "Feature", "geometry": {"type": "Polygon", "coordinates": [[[23.94258604357556, 62.01838988860523], [24.13338121663075, 62.02248625651142], [24.124914225452997, 62.1121384849597], [23.933557593312443, 62.10802667392573], [23.94258604357556, 62.01838988860523]]]}, "properties": {"grid_id": "ETRS-TM35FIN-10km-N6880000-E340000", "northing_min": 6880000, "easting_min": 340000, "grid_size_m": 10000, "observation_count": 2, "verified_count": 1, "year_min": 2021, "year_max": 2023}}, {"type": "Feature", "geometry": {"type": "Polygon", "coordinates": [[[28.911868114045653, 62.03901206241155], [29.102909038954987, 62.03623480875104], [29.10912511096628, 62.12593889922769], [28.917520365142472, 62.12872663491826], [28.911868114045653, 62.03901206241155]]]}, "properties": {"grid_id": "ETRS-TM35FIN-10km-N6880000-E600000", "northing_min": 6880000, "easting_min": 600000, "grid_size_m": 10000, "observation_count": 1, "verified_count": 1, "year_min": 2021, "year_max": 2021}}, {"type": "Feature", "geometry": {"type": "Polygon", "coordinates": [[[29.102909038954987, 62.03623480875104], [29.293908329113563, 62.03319348041038], [29.300687821602416, 62.12288609438375], [29.10912511096628, 62.12593889922769], [29.102909038954987, 62.03623480875104]]]}, "properties": {"grid_id": "ETRS-TM35FIN-10km-N6880000-E610000", "northing_min": 6880000, "easting_min": 610000, "grid_size_m": 10000, "observation_count": 1, "verified_count": 1, "year_min": 2025, "year_max": 2025}}, {"type": "Feature", "geometry": {"type": "Polygon", "coordinates": [[[29.866618783369248, 62.02248625651142], [30.05741395642444, 62.01838988860523], [30.066442406687557, 62.10802667392573], [29.875085774547, 62.1121384849597], [29.866618783369248, 62.02248625651142]]]}, "properties": {"grid_id": "ETRS-TM35FIN-10km-N6880000-E650000", "northing_min": 6880000, "easting_min": 650000, "grid_size_m": 10000, "observation_count": 1, "verified_count": 0, "year_min": 2024, "year_max": 2024}}, {"type": "Feature", "geometry": {"type": "Polygon", "coordinates": [[[30.05741395642444, 62.01838988860523], [30.24814873688155, 62.014030125477476], [30.25773806647402, 62.1036504792744], [30.066442406687557, 62.10802667392573], [30.05741395642444, 62.01838988860523]]]}, "properties": {"grid_id": "ETRS-TM35FIN-10km-N6880000-E660000", "northing_min": 6880000, "easting_min": 660000, "grid_size_m": 10000, "observation_count": 3, "verified_count": 0, "year_min": 2020, "year_max": 2020}}, {"type": "Feature", "geometry": {"type": "Polygon", "coordinates": [[[30.24814873688155, 62.014030125477476], [30.438819393474997, 62.00940713287442], [30.448968987104138, 62.09901006823223], [30.25773806647402, 62.1036504792744], [30.24814873688155, 62.014030125477476]]]}, "properties": {"grid_id": "ETRS-TM35FIN-10km-N6880000-E670000", "northing_min": 6880000, "easting_min": 670000, "grid_size_m": 10000, "observation_count": 1, "verified_count": 0, "year_min": 2020, "year_max": 2020}}, {"type": "Feature", "geometry": {"type": "Polygon", "coordinates": [[[21.262668550217807, 62.02279067218545], [21.452832128429392, 62.03058503056837], [21.436461067146976, 62.11992810137635], [21.245743698350882, 62.112104458136336], [21.262668550217807, 62.02279067218545]]]}, "properties": {"grid_id": "ETRS-TM35FIN-10km-N6890000-E200000", "northing_min": 6890000, "easting_min": 200000, "grid_size_m": 10000, "observation_count": 1, "verified_count": 1, "year_min": 2023, "year_max": 2023}}, {"type": "Feature", "geometry": {"type": "Polygon", "coordinates": [[[23.168778416148736, 62.08893731578268], [23.359868590281753, 62.09410561801119], [23.349087133364293, 62.183687911559055], [23.157434290184213, 62.17850010751986], [23.168778416148736, 62.08893731578268]]]}, "properties": {"grid_id": "ETRS-TM35FIN-10km-N6890000-E300000", "northing_min": 6890000, "easting_min": 300000, "grid_size_m": 10000, "observation_count": 1, "verified_count": 1, "year_min": 2021, "year_max": 2021}}, {"type": "Feature", "geometry": {"type": "Polygon", "coordinates": [[[23.74226193352598, 62.1036504792744], [23.933557593312443, 62.10802667392573], [23.92446816944715, 62.19766152974545], [23.732607863453346, 62.193268806494835], [23.74226193352598, 62.1036504792744]]]}, "properties": {"grid_id": "ETRS-TM35FIN-10km-N6890000-E330000", "northing_min": 6890000, "easting_min": 330000, "grid_size_m": 10000, "observation_count": 1, "verified_count": 0, "year_min": 2018, "year_max": 2018}}, {"type": "Feature", "geometry": {"type": "Polygon", "coordinates": [[[24.699312178397587, 62.12288609438375], [24.89087488903372, 62.12593889922769], [24.88461678097069, 62.215641458399546], [24.692486850125157, 62.212577109089985], [24.699312178397587, 62.12288609438375]]]}, "properties": {"grid_id": "ETRS-TM35FIN-10km-N6890000-E380000", "northing_min": 6890000, "easting_min": 380000, "grid_size_m": 10000, "observation_count": 3, "verified_count": 0, "year_min": 2018, "year_max": 2021}}, {"type": "Feature", "geometry": {"type": "Polygon", "coordinates": [[[25.657508011947336, 62.13549840926686], [25.84924280529613, 62.137224901235705], [25.845826149370584, 62.2269701598001], [25.653522474496473, 62.22523713375793], [25.657508011947336, 62.13549840926686]]]}, "properties": {"grid_id": "ETRS-TM35FIN-10km-N6890000-E430000", "northing_min": 6890000, "easting_min": 430000, "grid_size_m": 10000, "observation_count": 7, "verified_count": 3, "year_min": 2018, "year_max": 2026}}, {"type": "Feature", "geometry": {"type": "Polygon", "coordinates": [[[25.84924280529613, 62.137224901235705], [26.041000567142827, 62.13868589123683], [26.03815301464305, 62.2284366796425], [25.845826149370584, 62.2269701598001], [25.84924280529613, 62.137224901235705]]]}, "properties": {"grid_id": "ETRS-TM35FIN-10km-N6890000-E440000", "northing_min": 6890000, "easting_min": 440000, "grid_size_m": 10000, "observation_count": 2, "verified_count": 1, "year_min": 2019, "year_max": 2021}}, {"type": "Feature", "geometry": {"type": "Polygon", "coordinates": [[[26.041000567142827, 62.13868589123683], [26.232777473747685, 62.13988132319213], [26.230499209661215, 62.229636636702196], [26.03815301464305, 62.2284366796425], [26.041000567142827, 62.13868589123683]]]}, "properties": {"grid_id": "ETRS-TM35FIN-10km-N6890000-E450000", "northing_min": 6890000, "easting_min": 450000, "grid_size_m": 10000, "observation_count": 1, "verified_count": 1, "year_min": 2026, "year_max": 2026}}, {"type": "Feature", "geometry": {"type": "Polygon", "coordinates": [[[26.80818479202848, 62.1418738628106], [27.0, 62.14200670558717], [27.0, 62.23177006525853], [26.807615133447666, 62.23163671953943], [26.80818479202848, 62.1418738628106]]]}, "properties": {"grid_id": "ETRS-TM35FIN-10km-N6890000-E490000", "northing_min": 6890000, "easting_min": 490000, "grid_size_m": 10000, "observation_count": 1, "verified_count": 0, "year_min": 2018, "year_max": 2018}}, {"type": "Feature", "geometry": {"type": "Polygon", "coordinates": [[[27.767222526252315, 62.13988132319213], [27.958999432857173, 62.13868589123683], [27.96184698535695, 62.2284366796425], [27.769500790338785, 62.229636636702196], [27.767222526252315, 62.13988132319213]]]}, "properties": {"grid_id": "ETRS-TM35FIN-10km-N6890000-E540000", "northing_min": 6890000, "easting_min": 540000, "grid_size_m": 10000, "observation_count": 1, "verified_count": 1, "year_min": 2025, "year_max": 2025}}, {"type": "Feature", "geometry": {"type": "Polygon", "coordinates": [[[28.917520365142472, 62.12872663491826], [29.10912511096628, 62.12593889922769], [29.115383219029308, 62.215641458399546], [28.923210847374794, 62.21843973821645], [28.917520365142472, 62.12872663491826]]]}, "properties": {"grid_id": "ETRS-TM35FIN-10km-N6890000-E600000", "northing_min": 6890000, "easting_min": 600000, "grid_size_m": 10000, "observation_count": 1, "verified_count": 0, "year_min": 2020, "year_max": 2020}}, {"type": "Feature", "geometry": {"type": "Polygon", "coordinates": [[[29.683671944342723, 62.11598575516002], [29.875085774547, 62.1121384849597], [29.88360996496043, 62.20178887519285], [29.69163035017184, 62.205650684210845], [29.683671944342723, 62.11598575516002]]]}, "properties": {"grid_id": "ETRS-TM35FIN-10km-N6890000-E640000", "northing_min": 6890000, "easting_min": 640000, "grid_size_m": 10000, "observation_count": 1, "verified_count": 1, "year_min": 2020, "year_max": 2020}}, {"type": "Feature", "geometry": {"type": "Polygon", "coordinates": [[[30.25773806647402, 62.1036504792744], [30.448968987104138, 62.09901006823223], [30.459187080148467, 62.188610874166294], [30.267392136546658, 62.193268806494835], [30.25773806647402, 62.1036504792744]]]}, "properties": {"grid_id": "ETRS-TM35FIN-10km-N6890000-E670000", "northing_min": 6890000, "easting_min": 670000, "grid_size_m": 10000, "observation_count": 1, "verified_count": 0, "year_min": 2021, "year_max": 2021}}, {"type": "Feature", "geometry": {"type": "Polygon", "coordinates": [[[25.461245847787087, 62.223237668366686], [25.653522474496473, 62.22523713375793], [25.64950988832001, 62.31497454113021], [25.456660784371575, 62.31296749316441], [25.461245847787087, 62.223237668366686]]]}, "properties": {"grid_id": "ETRS-TM35FIN-10km-N6900000-E420000", "northing_min": 6900000, "easting_min": 420000, "grid_size_m": 10000, "observation_count": 1, "verified_count": 1, "year_min": 2020, "year_max": 2020}}, {"type": "Feature", "geometry": {"type": "Polygon", "coordinates": [[[25.653522474496473, 62.22523713375793], [25.845826149370584, 62.2269701598001], [25.84238630256563, 62.3167141401466], [25.64950988832001, 62.31497454113021], [25.653522474496473, 62.22523713375793]]]}, "properties": {"grid_id": "ETRS-TM35FIN-10km-N6900000-E430000", "northing_min": 6900000, "easting_min": 430000, "grid_size_m": 10000, "observation_count": 11, "verified_count": 7, "year_min": 2018, "year_max": 2025}}, {"type": "Feature", "geometry": {"type": "Polygon", "coordinates": [[[25.845826149370584, 62.2269701598001], [26.03815301464305, 62.2284366796425], [26.03528613199645, 62.31818622275916], [25.84238630256563, 62.3167141401466], [25.845826149370584, 62.2269701598001]]]}, "properties": {"grid_id": "ETRS-TM35FIN-10km-N6900000-E440000", "northing_min": 6900000, "easting_min": 440000, "grid_size_m": 10000, "observation_count": 5, "verified_count": 4, "year_min": 2023, "year_max": 2026}}, {"type": "Feature", "geometry": {"type": "Polygon", "coordinates": [[[26.03815301464305, 62.2284366796425], [26.230499209661215, 62.229636636702196], [26.228205478567236, 62.31939073187381], [26.03528613199645, 62.31818622275916], [26.03815301464305, 62.2284366796425]]]}, "properties": {"grid_id": "ETRS-TM35FIN-10km-N6900000-E450000", "northing_min": 6900000, "easting_min": 450000, "grid_size_m": 10000, "observation_count": 1, "verified_count": 1, "year_min": 2020, "year_max": 2020}}, {"type": "Feature", "geometry": {"type": "Polygon", "coordinates": [[[26.230499209661215, 62.229636636702196], [26.422860871365845, 62.230569984672535], [26.421140441786978, 62.32032762076543], [26.228205478567236, 62.31939073187381], [26.230499209661215, 62.229636636702196]]]}, "properties": {"grid_id": "ETRS-TM35FIN-10km-N6900000-E460000", "northing_min": 6900000, "easting_min": 460000, "grid_size_m": 10000, "observation_count": 4, "verified_count": 0, "year_min": 2020, "year_max": 2024}}, {"type": "Feature", "geometry": {"type": "Polygon", "coordinates": [[[30.267392136546658, 62.193268806494835], [30.459187080148467, 62.188610874166294], [30.469474331729113, 62.2782095438796], [30.27711157035648, 62.282885101341876], [30.267392136546658, 62.193268806494835]]]}, "properties": {"grid_id": "ETRS-TM35FIN-10km-N6900000-E670000", "northing_min": 6900000, "easting_min": 670000, "grid_size_m": 10000, "observation_count": 2, "verified_count": 1, "year_min": 2020, "year_max": 2023}}, {"type": "Feature", "geometry": {"type": "Polygon", "coordinates": [[[25.263842882412504, 62.31069307405386], [25.456660784371575, 62.31296749316441], [25.452044518315784, 62.40269595664148], [25.25865055067331, 62.40041289473288], [25.263842882412504, 62.31069307405386]]]}, "properties": {"grid_id": "ETRS-TM35FIN-10km-N6910000-E410000", "northing_min": 6910000, "easting_min": 410000, "grid_size_m": 10000, "observation_count": 2, "verified_count": 1, "year_min": 2020, "year_max": 2020}}, {"type": "Feature", "geometry": {"type": "Polygon", "coordinates": [[[27.578859558213022, 62.32032762076543], [27.771794521432764, 62.31939073187381], [27.774103869501968, 62.409143610779566], [27.58059170223707, 62.41008406176514], [27.578859558213022, 62.32032762076543]]]}, "properties": {"grid_id": "ETRS-TM35FIN-10km-N6910000-E530000", "northing_min": 6910000, "easting_min": 530000, "grid_size_m": 10000, "observation_count": 1, "verified_count": 1, "year_min": 2024, "year_max": 2024}}, {"type": "Feature", "geometry": {"type": "Polygon", "coordinates": [[[27.96471386800355, 62.31818622275916], [28.15761369743437, 62.3167141401466], [28.161076959913434, 62.406456843760324], [27.967600268197778, 62.40793452239504], [27.96471386800355, 62.31818622275916]]]}, "properties": {"grid_id": "ETRS-TM35FIN-10km-N6910000-E550000", "northing_min": 6910000, "easting_min": 550000, "grid_size_m": 10000, "observation_count": 1, "verified_count": 0, "year_min": 2022, "year_max": 2022}}, {"type": "Feature", "geometry": {"type": "Polygon", "coordinates": [[[28.736157117587492, 62.31069307405386], [28.928939929770287, 62.30815137194158], [28.93470798615157, 62.39786153570295], [28.741349449326687, 62.40041289473288], [28.736157117587492, 62.31069307405386]]]}, "properties": {"grid_id": "ETRS-TM35FIN-10km-N6910000-E590000", "northing_min": 6910000, "easting_min": 590000, "grid_size_m": 10000, "observation_count": 2, "verified_count": 0, "year_min": 2020, "year_max": 2026}}, {"type": "Feature", "geometry": {"type": "Polygon", "coordinates": [[[29.699642688762836, 62.295313857394056], [29.892191905760924, 62.29143742324735], [29.900832155245627, 62.38108412508717], [29.70770948171957, 62.38497527151716], [29.699642688762836, 62.295313857394056]]]}, "properties": {"grid_id": "ETRS-TM35FIN-10km-N6910000-E640000", "northing_min": 6910000, "easting_min": 640000, "grid_size_m": 10000, "observation_count": 1, "verified_count": 1, "year_min": 2020, "year_max": 2020}}, {"type": "Feature", "geometry": {"type": "Polygon", "coordinates": [[[24.67869691185295, 62.39195433412218], [24.871972828879482, 62.39504197891163], [24.865586157689073, 62.48473993820737], [24.67173140021972, 62.481640541051334], [24.67869691185295, 62.39195433412218]]]}, "properties": {"grid_id": "ETRS-TM35FIN-10km-N6920000-E380000", "northing_min": 6920000, "easting_min": 380000, "grid_size_m": 10000, "observation_count": 1, "verified_count": 0, "year_min": 2019, "year_max": 2019}}, {"type": "Feature", "geometry": {"type": "Polygon", "coordinates": [[[25.838923040086566, 62.406456843760324], [26.032399731802222, 62.40793452239504], [26.029493624213533, 62.4976815803599], [25.835436134205153, 62.49619827212387], [25.838923040086566, 62.406456843760324]]]}, "properties": {"grid_id": "ETRS-TM35FIN-10km-N6920000-E440000", "northing_min": 6920000, "easting_min": 440000, "grid_size_m": 10000, "observation_count": 3, "verified_count": 3, "year_min": 2021, "year_max": 2021}}, {"type": "Feature", "geometry": {"type": "Polygon", "coordinates": [[[28.741349449326687, 62.40041289473288], [28.93470798615157, 62.39786153570295], [28.940515395214142, 62.48757022908296], [28.74657721262705, 62.49013130291762], [28.741349449326687, 62.40041289473288]]]}, "properties": {"grid_id": "ETRS-TM35FIN-10km-N6920000-E590000", "northing_min": 6920000, "easting_min": 590000, "grid_size_m": 10000, "observation_count": 2, "verified_count": 0, "year_min": 2017, "year_max": 2023}}, {"type": "Feature", "geometry": {"type": "Polygon", "coordinates": [[[29.900832155245627, 62.38108412508717], [30.093895955758583, 62.376925433389154], [30.103171854581316, 62.46655447125456], [29.90953127897333, 62.470728976602125], [29.900832155245627, 62.38108412508717]]]}, "properties": {"grid_id": "ETRS-TM35FIN-10km-N6920000-E650000", "northing_min": 6920000, "easting_min": 650000, "grid_size_m": 10000, "observation_count": 1, "verified_count": 1, "year_min": 2020, "year_max": 2020}}, {"type": "Feature", "geometry": {"type": "Polygon", "coordinates": [[[21.579196510765698, 62.39558247845593], [21.771820480731456, 62.40296403042841], [21.75614262518153, 62.49234933491707], [21.562947845682697, 62.484939783675195], [21.579196510765698, 62.39558247845593]]]}, "properties": {"grid_id": "ETRS-TM35FIN-10km-N6930000-E220000", "northing_min": 6930000, "easting_min": 220000, "grid_size_m": 10000, "observation_count": 1, "verified_count": 0, "year_min": 2024, "year_max": 2024}}, {"type": "Feature", "geometry": {"type": "Polygon", "coordinates": [[[24.09046872102667, 62.470728976602125], [24.28416874256626, 62.47463492332449], [24.27599144880461, 62.56429280949595], [24.0817101501174, 62.56037197360654], [24.09046872102667, 62.470728976602125]]]}, "properties": {"grid_id": "ETRS-TM35FIN-10km-N6930000-E350000", "northing_min": 6930000, "easting_min": 350000, "grid_size_m": 10000, "observation_count": 1, "verified_count": 1, "year_min": 2021, "year_max": 2021}}, {"type": "Feature", "geometry": {"type": "Polygon", "coordinates": [[[25.835436134205153, 62.49619827212387], [26.029493624213533, 62.4976815803599], [26.02656761689753, 62.58742739846519], [25.83192535421167, 62.5859384267171], [25.835436134205153, 62.49619827212387]]]}, "properties": {"grid_id": "ETRS-TM35FIN-10km-N6930000-E440000", "northing_min": 6930000, "easting_min": 440000, "grid_size_m": 10000, "observation_count": 1, "verified_count": 1, "year_min": 2020, "year_max": 2020}}, {"type": "Feature", "geometry": {"type": "Polygon", "coordinates": [[[26.22357101352812, 62.498895275497205], [26.417664325321592, 62.499839309957856], [26.415908408997975, 62.589593367637534], [26.221229973742282, 62.588645728109455], [26.22357101352812, 62.498895275497205]]]}, "properties": {"grid_id": "ETRS-TM35FIN-10km-N6930000-E460000", "northing_min": 6930000, "easting_min": 460000, "grid_size_m": 10000, "observation_count": 1, "verified_count": 1, "year_min": 2020, "year_max": 2020}}, {"type": "Feature", "geometry": {"type": "Polygon", "coordinates": [[[26.611769580744465, 62.50051364672933], [26.805882799430062, 62.500918259369996], [26.80529744198654, 62.59067643760984], [26.610598904861234, 62.590270279698714], [26.611769580744465, 62.50051364672933]]]}, "properties": {"grid_id": "ETRS-TM35FIN-10km-N6930000-E480000", "northing_min": 6930000, "easting_min": 480000, "grid_size_m": 10000, "observation_count": 2, "verified_count": 0, "year_min": 2022, "year_max": 2025}}, {"type": "Feature", "geometry": {"type": "Polygon", "coordinates": [[[29.90953127897333, 62.470728976602125], [30.103171854581316, 62.46655447125456], [30.11251112221987, 62.55618155969889], [29.918289849882605, 62.56037197360654], [29.90953127897333, 62.470728976602125]]]}, "properties": {"grid_id": "ETRS-TM35FIN-10km-N6930000-E650000", "northing_min": 6930000, "easting_min": 650000, "grid_size_m": 10000, "observation_count": 1, "verified_count": 0, "year_min": 2017, "year_max": 2017}}, {"type": "Feature", "geometry": {"type": "Polygon", "coordinates": [[[25.248159246996572, 62.579848298733836], [25.442717160956445, 62.582148802222], [25.43800545100082, 62.671873185585326], [25.242859579494624, 62.66956388228659], [25.248159246996572, 62.579848298733836]]]}, "properties": {"grid_id": "ETRS-TM35FIN-10km-N6940000-E410000", "northing_min": 6940000, "easting_min": 410000, "grid_size_m": 10000, "observation_count": 2, "verified_count": 2, "year_min": 2021, "year_max": 2021}}, {"type": "Feature", "geometry": {"type": "Polygon", "coordinates": [[[26.610598904861234, 62.590270279698714], [26.80529744198654, 62.59067643760984], [26.80470806356914, 62.6804334525659], [26.609420187544554, 62.68002574003569], [26.610598904861234, 62.590270279698714]]]}, "properties": {"grid_id": "ETRS-TM35FIN-10km-N6940000-E480000", "northing_min": 6940000, "easting_min": 480000, "grid_size_m": 10000, "observation_count": 1, "verified_count": 1, "year_min": 2020, "year_max": 2020}}, {"type": "Feature", "geometry": {"type": "Polygon", "coordinates": [[[26.80529744198654, 62.59067643760984], [27.0, 62.590811825359374], [27.0, 62.68056935853811], [26.80470806356914, 62.6804334525659], [26.80529744198654, 62.59067643760984]]]}, "properties": {"grid_id": "ETRS-TM35FIN-10km-N6940000-E490000", "northing_min": 6940000, "easting_min": 490000, "grid_size_m": 10000, "observation_count": 1, "verified_count": 1, "year_min": 2025, "year_max": 2025}}, {"type": "Feature", "geometry": {"type": "Polygon", "coordinates": [[[27.0, 62.590811825359374], [27.19470255801346, 62.59067643760984], [27.19529193643086, 62.6804334525659], [27.0, 62.68056935853811], [27.0, 62.590811825359374]]]}, "properties": {"grid_id": "ETRS-TM35FIN-10km-N6940000-E500000", "northing_min": 6940000, "easting_min": 500000, "grid_size_m": 10000, "observation_count": 6, "verified_count": 6, "year_min": 2020, "year_max": 2025}}, {"type": "Feature", "geometry": {"type": "Polygon", "coordinates": [[[29.14084420405048, 62.57443636210784], [29.335281750652307, 62.57132514191791], [29.342343006451994, 62.66100813491193], [29.147318683569658, 62.66413124950146], [29.14084420405048, 62.57443636210784]]]}, "properties": {"grid_id": "ETRS-TM35FIN-10km-N6940000-E610000", "northing_min": 6940000, "easting_min": 610000, "grid_size_m": 10000, "observation_count": 1, "verified_count": 1, "year_min": 2024, "year_max": 2024}}, {"type": "Feature", "geometry": {"type": "Polygon", "coordinates": [[[29.335281750652307, 62.57132514191791], [29.52967119334724, 62.56794391341294], [29.53731875363049, 62.65761398258736], [29.342343006451994, 62.66100813491193], [29.335281750652307, 62.57132514191791]]]}, "properties": {"grid_id": "ETRS-TM35FIN-10km-N6940000-E620000", "northing_min": 6940000, "easting_min": 620000, "grid_size_m": 10000, "observation_count": 1, "verified_count": 1, "year_min": 2026, "year_max": 2026}}, {"type": "Feature", "geometry": {"type": "Polygon", "coordinates": [[[29.52967119334724, 62.56794391341294], [29.724008551195386, 62.56429280949595], [29.73224190530555, 62.653948926645874], [29.53731875363049, 62.65761398258736], [29.52967119334724, 62.56794391341294]]]}, "properties": {"grid_id": "ETRS-TM35FIN-10km-N6940000-E630000", "northing_min": 6940000, "easting_min": 630000, "grid_size_m": 10000, "observation_count": 1, "verified_count": 1, "year_min": 2021, "year_max": 2021}}, {"type": "Feature", "geometry": {"type": "Polygon", "coordinates": [[[29.724008551195386, 62.56429280949595], [29.918289849882605, 62.56037197360654], [29.927108448412273, 62.650013111837865], [29.73224190530555, 62.653948926645874], [29.724008551195386, 62.56429280949595]]]}, "properties": {"grid_id": "ETRS-TM35FIN-10km-N6940000-E640000", "northing_min": 6940000, "easting_min": 640000, "grid_size_m": 10000, "observation_count": 9, "verified_count": 6, "year_min": 2018, "year_max": 2025}}, {"type": "Feature", "geometry": {"type": "Polygon", "coordinates": [[[23.878085622871964, 62.64580669352369], [24.072891551587727, 62.650013111837865], [24.064012337375775, 62.73965238695519], [23.868617754122578, 62.735429867440025], [23.878085622871964, 62.64580669352369]]]}, "properties": {"grid_id": "ETRS-TM35FIN-10km-N6950000-E340000", "northing_min": 6950000, "easting_min": 340000, "grid_size_m": 10000, "observation_count": 1, "verified_count": 0, "year_min": 2019, "year_max": 2019}}, {"type": "Feature", "geometry": {"type": "Polygon", "coordinates": [[[27.0, 62.68056935853811], [27.19529193643086, 62.6804334525659], [27.19588537534166, 62.77018930679526], [27.0, 62.770325734137515], [27.0, 62.68056935853811]]]}, "properties": {"grid_id": "ETRS-TM35FIN-10km-N6950000-E500000", "northing_min": 6950000, "easting_min": 500000, "grid_size_m": 10000, "observation_count": 1, "verified_count": 0, "year_min": 2025, "year_max": 2025}}, {"type": "Feature", "geometry": {"type": "Polygon", "coordinates": [[[29.53731875363049, 62.65761398258736], [29.73224190530555, 62.653948926645874], [29.74053186919116, 62.74360327132163], [29.54501891053971, 62.747282363754934], [29.53731875363049, 62.65761398258736]]]}, "properties": {"grid_id": "ETRS-TM35FIN-10km-N6950000-E630000", "northing_min": 6950000, "easting_min": 630000, "grid_size_m": 10000, "observation_count": 1, "verified_count": 1, "year_min": 2025, "year_max": 2025}}, {"type": "Feature", "geometry": {"type": "Polygon", "coordinates": [[[22.113484081316333, 62.68523474518937], [22.308147216382334, 62.691893172487], [22.293899008696545, 62.78134763161181], [22.098650375043434, 62.77466374546778], [22.113484081316333, 62.68523474518937]]]}, "properties": {"grid_id": "ETRS-TM35FIN-10km-N6960000-E250000", "northing_min": 6960000, "easting_min": 250000, "grid_size_m": 10000, "observation_count": 1, "verified_count": 0, "year_min": 2019, "year_max": 2019}}, {"type": "Feature", "geometry": {"type": "Polygon", "coordinates": [[[22.697761129804352, 62.7044005347045], [22.8927039844079, 62.71024897634306], [22.88021784166787, 62.799773679601785], [22.68468674216775, 62.79390284757471], [22.697761129804352, 62.7044005347045]]]}, "properties": {"grid_id": "ETRS-TM35FIN-10km-N6960000-E280000", "northing_min": 6960000, "easting_min": 280000, "grid_size_m": 10000, "observation_count": 2, "verified_count": 2, "year_min": 2021, "year_max": 2026}}, {"type": "Feature", "geometry": {"type": "Polygon", "coordinates": [[[22.8927039844079, 62.71024897634306], [23.087732135796077, 62.71582694690094], [23.07583507650625, 62.805373013374584], [22.88021784166787, 62.799773679601785], [22.8927039844079, 62.71024897634306]]]}, "properties": {"grid_id": "ETRS-TM35FIN-10km-N6960000-E290000", "northing_min": 6960000, "easting_min": 290000, "grid_size_m": 10000, "observation_count": 1, "verified_count": 1, "year_min": 2023, "year_max": 2023}}, {"type": "Feature", "geometry": {"type": "Polygon", "coordinates": [[[25.824831233848048, 62.76541492049723], [26.020655121076825, 62.76691532234936], [26.017668235105575, 62.85665743175718], [25.821247416706463, 62.85515126262801], [25.824831233848048, 62.76541492049723]]]}, "properties": {"grid_id": "ETRS-TM35FIN-10km-N6960000-E440000", "northing_min": 6960000, "easting_min": 440000, "grid_size_m": 10000, "observation_count": 1, "verified_count": 1, "year_min": 2020, "year_max": 2020}}, {"type": "Feature", "geometry": {"type": "Polygon", "coordinates": [[[28.370968069287578, 62.763641859566285], [28.566738699030537, 62.76159621014687], [28.57151560875, 62.85131787650018], [28.37514857447429, 62.853371387128405], [28.370968069287578, 62.763641859566285]]]}, "properties": {"grid_id": "ETRS-TM35FIN-10km-N6960000-E570000", "northing_min": 6960000, "easting_min": 570000, "grid_size_m": 10000, "observation_count": 1, "verified_count": 1, "year_min": 2023, "year_max": 2023}}, {"type": "Feature", "geometry": {"type": "Polygon", "coordinates": [[[29.349452838993077, 62.750689518177154], [29.54501891053971, 62.747282363754934], [29.552772181485153, 62.83694905423393], [29.35661172631498, 62.84036928980997], [29.349452838993077, 62.750689518177154]]]}, "properties": {"grid_id": "ETRS-TM35FIN-10km-N6960000-E620000", "northing_min": 6960000, "easting_min": 620000, "grid_size_m": 10000, "observation_count": 1, "verified_count": 1, "year_min": 2026, "year_max": 2026}}, {"type": "Feature", "geometry": {"type": "Polygon", "coordinates": [[[29.935987662624225, 62.73965238695519], [30.13138224587742, 62.735429867440025], [30.140915363290734, 62.82505107606651], [29.944928088328638, 62.829289794537594], [29.935987662624225, 62.73965238695519]]]}, "properties": {"grid_id": "ETRS-TM35FIN-10km-N6960000-E650000", "northing_min": 6960000, "easting_min": 650000, "grid_size_m": 10000, "observation_count": 1, "verified_count": 0, "year_min": 2018, "year_max": 2018}}, {"type": "Feature", "geometry": {"type": "Polygon", "coordinates": [[[21.903503876375026, 62.76770935657636], [22.098650375043434, 62.77466374546778], [22.083714531609825, 62.864089607658514], [21.887979557442172, 62.857108581563274], [21.903503876375026, 62.76770935657636]]]}, "properties": {"grid_id": "ETRS-TM35FIN-10km-N6970000-E240000", "northing_min": 6970000, "easting_min": 240000, "grid_size_m": 10000, "observation_count": 1, "verified_count": 1, "year_min": 2022, "year_max": 2022}}, {"type": "Feature", "geometry": {"type": "Polygon", "coordinates": [[[22.293899008696545, 62.78134763161181], [22.489245795778697, 62.78776075036664], [22.475489879047462, 62.87723681200564], [22.27955264548719, 62.870799106828315], [22.293899008696545, 62.78134763161181]]]}, "properties": {"grid_id": "ETRS-TM35FIN-10km-N6970000-E260000", "northing_min": 6970000, "easting_min": 260000, "grid_size_m": 10000, "observation_count": 2, "verified_count": 0, "year_min": 2019, "year_max": 2019}}, {"type": "Feature", "geometry": {"type": "Polygon", "coordinates": [[[23.663163252199965, 62.82053985359548], [23.859084636709266, 62.82505107606651], [23.849485627422283, 62.91467031392784], [23.652968126220895, 62.91014175119846], [23.663163252199965, 62.82053985359548]]]}, "properties": {"grid_id": "ETRS-TM35FIN-10km-N6970000-E330000", "northing_min": 6970000, "easting_min": 330000, "grid_size_m": 10000, "observation_count": 4, "verified_count": 4, "year_min": 2021, "year_max": 2026}}, {"type": "Feature", "geometry": {"type": "Polygon", "coordinates": [[[26.214109747801054, 62.85788983421534], [26.410567819173203, 62.858848420652826], [26.408762941946332, 62.94859773937252], [26.211703436648776, 62.94763545933078], [26.214109747801054, 62.85788983421534]]]}, "properties": {"grid_id": "ETRS-TM35FIN-10km-N6970000-E460000", "northing_min": 6970000, "easting_min": 460000, "grid_size_m": 10000, "observation_count": 1, "verified_count": 1, "year_min": 2020, "year_max": 2020}}, {"type": "Feature", "geometry": {"type": "Polygon", "coordinates": [[[27.392961688556905, 62.85953315267847], [27.589432180826797, 62.858848420652826], [27.591237058053668, 62.94859773937252], [27.394165008556513, 62.94928510994114], [27.392961688556905, 62.85953315267847]]]}, "properties": {"grid_id": "ETRS-TM35FIN-10km-N6970000-E520000", "northing_min": 6970000, "easting_min": 520000, "grid_size_m": 10000, "observation_count": 2, "verified_count": 2, "year_min": 2025, "year_max": 2026}}, {"type": "Feature", "geometry": {"type": "Polygon", "coordinates": [[[27.589432180826797, 62.858848420652826], [27.785890252198943, 62.85788983421534], [27.788296563351224, 62.94763545933078], [27.591237058053668, 62.94859773937252], [27.589432180826797, 62.858848420652826]]]}, "properties": {"grid_id": "ETRS-TM35FIN-10km-N6970000-E530000", "northing_min": 6970000, "easting_min": 530000, "grid_size_m": 10000, "observation_count": 8, "verified_count": 7, "year_min": 2019, "year_max": 2025}}, {"type": "Feature", "geometry": {"type": "Polygon", "coordinates": [[[27.785890252198943, 62.85788983421534], [27.982331764894425, 62.85665743175718], [27.98533934561168, 62.946398308562884], [27.788296563351224, 62.94763545933078], [27.785890252198943, 62.85788983421534]]]}, "properties": {"grid_id": "ETRS-TM35FIN-10km-N6970000-E540000", "northing_min": 6970000, "easting_min": 540000, "grid_size_m": 10000, "observation_count": 2, "verified_count": 2, "year_min": 2025, "year_max": 2025}}, {"type": "Feature", "geometry": {"type": "Polygon", "coordinates": [[[22.867645561743384, 62.889295825045174], [23.063855908965415, 62.89491665182153], [23.051793822764477, 62.98445785211302], [22.854986294973095, 62.9788154012535], [22.867645561743384, 62.889295825045174]]]}, "properties": {"grid_id": "ETRS-TM35FIN-10km-N6980000-E290000", "northing_min": 6980000, "easting_min": 290000, "grid_size_m": 10000, "observation_count": 1, "verified_count": 0, "year_min": 2019, "year_max": 2019}}, {"type": "Feature", "geometry": {"type": "Polygon", "coordinates": [[[27.394165008556513, 62.94928510994114], [27.591237058053668, 62.94859773937252], [27.59305447975465, 63.03834587916267], [27.395376692454224, 63.03903590448508], [27.394165008556513, 62.94928510994114]]]}, "properties": {"grid_id": "ETRS-TM35FIN-10km-N6980000-E520000", "northing_min": 6980000, "easting_min": 520000, "grid_size_m": 10000, "observation_count": 4, "verified_count": 3, "year_min": 2022, "year_max": 2025}}, {"type": "Feature", "geometry": {"type": "Polygon", "coordinates": [[[27.591237058053668, 62.94859773937252], [27.788296563351224, 62.94763545933078], [27.790719597906502, 63.03737988282613], [27.59305447975465, 63.03834587916267], [27.591237058053668, 62.94859773937252]]]}, "properties": {"grid_id": "ETRS-TM35FIN-10km-N6980000-E530000", "northing_min": 6980000, "easting_min": 530000, "grid_size_m": 10000, "observation_count": 3, "verified_count": 1, "year_min": 2020, "year_max": 2025}}, {"type": "Feature", "geometry": {"type": "Polygon", "coordinates": [[[28.37935803719472, 62.94309960512884], [28.57632560200724, 62.9410381852236], [28.58116900695957, 63.030757136879586], [28.383596744743777, 63.03282651461199], [28.37935803719472, 62.94309960512884]]]}, "properties": {"grid_id": "ETRS-TM35FIN-10km-N6980000-E570000", "northing_min": 6980000, "easting_min": 570000, "grid_size_m": 10000, "observation_count": 1, "verified_count": 1, "year_min": 2025, "year_max": 2025}}, {"type": "Feature", "geometry": {"type": "Polygon", "coordinates": [[[29.560579090723685, 62.926614051284176], [29.757283860331015, 62.92290662909746], [29.76574702313451, 63.0125556349457], [29.56844016947216, 63.016277352105696], [29.560579090723685, 62.926614051284176]]]}, "properties": {"grid_id": "ETRS-TM35FIN-10km-N6980000-E630000", "northing_min": 6980000, "easting_min": 630000, "grid_size_m": 10000, "observation_count": 1, "verified_count": 0, "year_min": 2010, "year_max": 2010}}, {"type": "Feature", "geometry": {"type": "Polygon", "coordinates": [[[21.4800218178871, 62.93167229896728], [21.67612883645424, 62.93922438737599], [21.6597937060256, 63.02858896301261], [21.463092340018104, 63.02100784725774], [21.4800218178871, 62.93167229896728]]]}, "properties": {"grid_id": "ETRS-TM35FIN-10km-N6990000-E220000", "northing_min": 6990000, "easting_min": 220000, "grid_size_m": 10000, "observation_count": 1, "verified_count": 0, "year_min": 2024, "year_max": 2024}}, {"type": "Feature", "geometry": {"type": "Polygon", "coordinates": [[[21.67612883645424, 62.93922438737599], [21.87234808974894, 62.94650448949557], [21.85660841651298, 63.03589706133881], [21.6597937060256, 63.02858896301261], [21.67612883645424, 62.93922438737599]]]}, "properties": {"grid_id": "ETRS-TM35FIN-10km-N6990000-E230000", "northing_min": 6990000, "easting_min": 230000, "grid_size_m": 10000, "observation_count": 1, "verified_count": 0, "year_min": 2018, "year_max": 2018}}, {"type": "Feature", "geometry": {"type": "Polygon", "coordinates": [[[22.265107160465917, 62.96024758248652], [22.461638873387933, 62.966710023680086], [22.44769183891715, 63.05618037099797], [22.250561574569655, 63.049693042705975], [22.265107160465917, 62.96024758248652]]]}, "properties": {"grid_id": "ETRS-TM35FIN-10km-N6990000-E260000", "northing_min": 6990000, "easting_min": 260000, "grid_size_m": 10000, "observation_count": 2, "verified_count": 0, "year_min": 2023, "year_max": 2023}}, {"type": "Feature", "geometry": {"type": "Polygon", "coordinates": [[[25.814005052780807, 63.03462014470313], [26.011632173534522, 63.03613795458287], [26.00858258441068, 63.12587637163388], [25.81034600996782, 63.12435268756795], [25.814005052780807, 63.03462014470313]]]}, "properties": {"grid_id": "ETRS-TM35FIN-10km-N6990000-E440000", "northing_min": 6990000, "easting_min": 440000, "grid_size_m": 10000, "observation_count": 5, "verified_count": 5, "year_min": 2010, "year_max": 2026}}, {"type": "Feature", "geometry": {"type": "Polygon", "coordinates": [[[26.011632173534522, 63.03613795458287], [26.209280402093498, 63.03737988282613], [26.206840477573333, 63.12712310681173], [26.00858258441068, 63.12587637163388], [26.011632173534522, 63.03613795458287]]]}, "properties": {"grid_id": "ETRS-TM35FIN-10km-N6990000-E450000", "northing_min": 6990000, "easting_min": 450000, "grid_size_m": 10000, "observation_count": 1, "verified_count": 0, "year_min": 2026, "year_max": 2026}}, {"type": "Feature", "geometry": {"type": "Polygon", "coordinates": [[[28.185994947219193, 63.03462014470313], [28.383596744743777, 63.03282651461199], [28.387864988251458, 63.12255211661235], [28.18965399003218, 63.12435268756795], [28.185994947219193, 63.03462014470313]]]}, "properties": {"grid_id": "ETRS-TM35FIN-10km-N6990000-E560000", "northing_min": 6990000, "easting_min": 560000, "grid_size_m": 10000, "observation_count": 1, "verified_count": 1, "year_min": 2023, "year_max": 2023}}, {"type": "Feature", "geometry": {"type": "Polygon", "coordinates": [[[28.383596744743777, 63.03282651461199], [28.58116900695957, 63.030757136879586], [28.586046156143645, 63.1204747320143], [28.387864988251458, 63.12255211661235], [28.383596744743777, 63.03282651461199]]]}, "properties": {"grid_id": "ETRS-TM35FIN-10km-N6990000-E570000", "northing_min": 6990000, "easting_min": 570000, "grid_size_m": 10000, "observation_count": 4, "verified_count": 0, "year_min": 2012, "year_max": 2012}}, {"type": "Feature", "geometry": {"type": "Polygon", "coordinates": [[[29.76574702313451, 63.0125556349457], [29.96299499696599, 63.00855898900563], [29.972122711423037, 63.09819076663616], [29.774269067058036, 63.10220285381321], [29.76574702313451, 63.0125556349457]]]}, "properties": {"grid_id": "ETRS-TM35FIN-10km-N6990000-E640000", "northing_min": 6990000, "easting_min": 640000, "grid_size_m": 10000, "observation_count": 3, "verified_count": 0, "year_min": 2012, "year_max": 2012}}, {"type": "Feature", "geometry": {"type": "Polygon", "coordinates": [[[21.463092340018104, 63.02100784725774], [21.6597937060256, 63.02858896301261], [21.643345228662916, 63.1179500120599], [21.446045459321745, 63.11033969163585], [21.463092340018104, 63.02100784725774]]]}, "properties": {"grid_id": "ETRS-TM35FIN-10km-N7000000-E220000", "northing_min": 7000000, "easting_min": 220000, "grid_size_m": 10000, "observation_count": 8, "verified_count": 0, "year_min": 2023, "year_max": 2023}}, {"type": "Feature", "geometry": {"type": "Polygon", "coordinates": [[[21.6597937060256, 63.02858896301261], [21.85660841651298, 63.03589706133881], [21.84075946696124, 63.125286277782955], [21.643345228662916, 63.1179500120599], [21.6597937060256, 63.02858896301261]]]}, "properties": {"grid_id": "ETRS-TM35FIN-10km-N7000000-E230000", "northing_min": 7000000, "easting_min": 230000, "grid_size_m": 10000, "observation_count": 7, "verified_count": 0, "year_min": 2018, "year_max": 2023}}, {"type": "Feature", "geometry": {"type": "Polygon", "coordinates": [[[22.05353240094593, 63.04293184881591], [22.250561574569655, 63.049693042705975], [22.235914895749584, 63.139135471371986], [22.03828406416087, 63.132348192671806], [22.05353240094593, 63.04293184881591]]]}, "properties": {"grid_id": "ETRS-TM35FIN-10km-N7000000-E250000", "northing_min": 7000000, "easting_min": 250000, "grid_size_m": 10000, "observation_count": 2, "verified_count": 0, "year_min": 2020, "year_max": 2020}}, {"type": "Feature", "geometry": {"type": "Polygon", "coordinates": [[[23.03964799674572, 63.07399660396241], [23.237141383107588, 63.07938596574821], [23.2255172651031, 63.168943094672905], [23.02741759882457, 63.163532896922575], [23.03964799674572, 63.07399660396241]]]}, "properties": {"grid_id": "ETRS-TM35FIN-10km-N7000000-E300000", "northing_min": 7000000, "easting_min": 300000, "grid_size_m": 10000, "observation_count": 4, "verified_count": 2, "year_min": 2020, "year_max": 2021}}, {"type": "Feature", "geometry": {"type": "Polygon", "coordinates": [[[25.612135011748542, 63.12255211661235], [25.81034600996782, 63.12435268756795], [25.806661390364496, 63.214083966923866], [25.60783693725305, 63.21227641215423], [25.612135011748542, 63.12255211661235]]]}, "properties": {"grid_id": "ETRS-TM35FIN-10km-N7000000-E430000", "northing_min": 7000000, "easting_min": 430000, "grid_size_m": 10000, "observation_count": 1, "verified_count": 1, "year_min": 2020, "year_max": 2020}}, {"type": "Feature", "geometry": {"type": "Polygon", "coordinates": [[[27.396596823567723, 63.12878553881232], [27.59488457088331, 63.12809284236205], [27.596727458068, 63.217838631316646], [27.39782548633153, 63.218534015434265], [27.396596823567723, 63.12878553881232]]]}, "properties": {"grid_id": "ETRS-TM35FIN-10km-N7000000-E520000", "northing_min": 7000000, "easting_min": 520000, "grid_size_m": 10000, "observation_count": 1, "verified_count": 0, "year_min": 2024, "year_max": 2024}}, {"type": "Feature", "geometry": {"type": "Polygon", "coordinates": [[[27.59488457088331, 63.12809284236205], [27.793159522426667, 63.12712310681173], [27.795616505705784, 63.21686513340204], [27.596727458068, 63.217838631316646], [27.59488457088331, 63.12809284236205]]]}, "properties": {"grid_id": "ETRS-TM35FIN-10km-N7000000-E530000", "northing_min": 7000000, "easting_min": 530000, "grid_size_m": 10000, "observation_count": 1, "verified_count": 1, "year_min": 2024, "year_max": 2024}}, {"type": "Feature", "geometry": {"type": "Polygon", "coordinates": [[[29.774269067058036, 63.10220285381321], [29.972122711423037, 63.09819076663616], [29.981314100689076, 63.18782065821837], [29.782850578962307, 63.19184828189246], [29.774269067058036, 63.10220285381321]]]}, "properties": {"grid_id": "ETRS-TM35FIN-10km-N7000000-E640000", "northing_min": 7000000, "easting_min": 640000, "grid_size_m": 10000, "observation_count": 4, "verified_count": 0, "year_min": 2012, "year_max": 2023}}, {"type": "Feature", "geometry": {"type": "Polygon", "coordinates": [[[21.446045459321745, 63.11033969163585], [21.643345228662916, 63.1179500120599], [21.62678227984826, 63.207307513218765], [21.42888001200117, 63.19966780903498], [21.446045459321745, 63.11033969163585]]]}, "properties": {"grid_id": "ETRS-TM35FIN-10km-N7010000-E220000", "northing_min": 7010000, "easting_min": 220000, "grid_size_m": 10000, "observation_count": 1, "verified_count": 1, "year_min": 2022, "year_max": 2022}}, {"type": "Feature", "geometry": {"type": "Polygon", "coordinates": [[[24.01868589931092, 63.18782065821837], [24.21714942103769, 63.19184828189246], [24.208507846427313, 63.281491915300805], [24.009430198716835, 63.27744865890843], [24.01868589931092, 63.18782065821837]]]}, "properties": {"grid_id": "ETRS-TM35FIN-10km-N7010000-E350000", "northing_min": 7010000, "easting_min": 350000, "grid_size_m": 10000, "observation_count": 1, "verified_count": 1, "year_min": 2025, "year_max": 2025}}, {"type": "Feature", "geometry": {"type": "Polygon", "coordinates": [[[27.1989148975671, 63.2189512572915], [27.39782548633153, 63.218534015434265], [27.39906276631574, 63.30828133687163], [27.19953355924203, 63.30870020146067], [27.1989148975671, 63.2189512572915]]]}, "properties": {"grid_id": "ETRS-TM35FIN-10km-N7010000-E510000", "northing_min": 7010000, "easting_min": 510000, "grid_size_m": 10000, "observation_count": 2, "verified_count": 0, "year_min": 2024, "year_max": 2024}}, {"type": "Feature", "geometry": {"type": "Polygon", "coordinates": [[[29.187116679075935, 63.20226824018232], [29.38574760791318, 63.19907222023474], [29.393159164941785, 63.28874390342633], [29.19391242959959, 63.291952337675575], [29.187116679075935, 63.20226824018232]]]}, "properties": {"grid_id": "ETRS-TM35FIN-10km-N7010000-E610000", "northing_min": 7010000, "easting_min": 610000, "grid_size_m": 10000, "observation_count": 1, "verified_count": 0, "year_min": 2020, "year_max": 2020}}, {"type": "Feature", "geometry": {"type": "Polygon", "coordinates": [[[21.42888001200117, 63.19966780903498], [21.62678227984826, 63.207307513218765], [21.610103720093985, 63.296661444882105], [21.4115948187829, 63.28899217605721], [21.42888001200117, 63.19966780903498]]]}, "properties": {"grid_id": "ETRS-TM35FIN-10km-N7020000-E220000", "northing_min": 7020000, "easting_min": 220000, "grid_size_m": 10000, "observation_count": 1, "verified_count": 0, "year_min": 2018, "year_max": 2018}}, {"type": "Feature", "geometry": {"type": "Polygon", "coordinates": [[[25.40409696030902, 63.29990585482033], [25.603508732775985, 63.30199940225129], [25.5991500952923, 63.391721087906156], [25.399116538309748, 63.389619383498214], [25.40409696030902, 63.29990585482033]]]}, "properties": {"grid_id": "ETRS-TM35FIN-10km-N7020000-E420000", "northing_min": 7020000, "easting_min": 420000, "grid_size_m": 10000, "observation_count": 1, "verified_count": 1, "year_min": 2020, "year_max": 2020}}, {"type": "Feature", "geometry": {"type": "Polygon", "coordinates": [[[27.19953355924203, 63.30870020146067], [27.39906276631574, 63.30828133687163], [27.400308750245145, 63.398027505654326], [27.200156573183143, 63.398448003102764], [27.19953355924203, 63.30870020146067]]]}, "properties": {"grid_id": "ETRS-TM35FIN-10km-N7020000-E510000", "northing_min": 7020000, "easting_min": 510000, "grid_size_m": 10000, "observation_count": 4, "verified_count": 1, "year_min": 2026, "year_max": 2026}}, {"type": "Feature", "geometry": {"type": "Polygon", "coordinates": [[[27.39906276631574, 63.30828133687163], [27.598583269639946, 63.307583248379544], [27.600452135661953, 63.397326695910756], [27.400308750245145, 63.398027505654326], [27.39906276631574, 63.30828133687163]]]}, "properties": {"grid_id": "ETRS-TM35FIN-10km-N7020000-E520000", "northing_min": 7020000, "easting_min": 520000, "grid_size_m": 10000, "observation_count": 4, "verified_count": 3, "year_min": 2023, "year_max": 2024}}, {"type": "Feature", "geometry": {"type": "Polygon", "coordinates": [[[22.2063142249186, 63.31801116838826], [22.405264975407956, 63.32457407964871], [22.390924174194712, 63.41403282126849], [22.191358181923082, 63.40744440329993], [22.2063142249186, 63.31801116838826]]]}, "properties": {"grid_id": "ETRS-TM35FIN-10km-N7030000-E260000", "northing_min": 7030000, "easting_min": 260000, "grid_size_m": 10000, "observation_count": 1, "verified_count": 1, "year_min": 2020, "year_max": 2020}}, {"type": "Feature", "geometry": {"type": "Polygon", "coordinates": [[[22.405264975407956, 63.32457407964871], [22.604315638878543, 63.330859702402876], [22.590591083789306, 63.42034288402691], [22.390924174194712, 63.41403282126849], [22.405264975407956, 63.32457407964871]]]}, "properties": {"grid_id": "ETRS-TM35FIN-10km-N7030000-E270000", "northing_min": 7030000, "easting_min": 270000, "grid_size_m": 10000, "observation_count": 1, "verified_count": 1, "year_min": 2021, "year_max": 2021}}, {"type": "Feature", "geometry": {"type": "Polygon", "coordinates": [[[27.400308750245145, 63.398027505654326], [27.600452135661953, 63.397326695910756], [27.602334187957638, 63.48706897627719], [27.401563526018744, 63.487772524321436], [27.400308750245145, 63.398027505654326]]]}, "properties": {"grid_id": "ETRS-TM35FIN-10km-N7030000-E520000", "northing_min": 7030000, "easting_min": 520000, "grid_size_m": 10000, "observation_count": 1, "verified_count": 1, "year_min": 2021, "year_max": 2021}}, {"type": "Feature", "geometry": {"type": "Polygon", "coordinates": [[[29.00084084439417, 63.384576179531244], [29.20075592612841, 63.38163488835989], [29.207647649977236, 63.471315890758106], [29.007107603307936, 63.47426866281125], [29.00084084439417, 63.384576179531244]]]}, "properties": {"grid_id": "ETRS-TM35FIN-10km-N7030000-E600000", "northing_min": 7030000, "easting_min": 600000, "grid_size_m": 10000, "observation_count": 1, "verified_count": 1, "year_min": 2026, "year_max": 2026}}, {"type": "Feature", "geometry": {"type": "Polygon", "coordinates": [[[22.191358181923082, 63.40744440329993], [22.390924174194712, 63.41403282126849], [22.37648245339961, 63.50348862327374], [22.17629694358233, 63.49687453977231], [22.191358181923082, 63.40744440329993]]]}, "properties": {"grid_id": "ETRS-TM35FIN-10km-N7040000-E260000", "northing_min": 7040000, "easting_min": 260000, "grid_size_m": 10000, "observation_count": 1, "verified_count": 1, "year_min": 2023, "year_max": 2023}}, {"type": "Feature", "geometry": {"type": "Polygon", "coordinates": [[[23.390181919334694, 63.44279455379032], [23.59028882568238, 63.44770916749696], [23.57958408794271, 63.53729634313489], [23.37885219972658, 63.53236253782081], [23.390181919334694, 63.44279455379032]]]}, "properties": {"grid_id": "ETRS-TM35FIN-10km-N7040000-E320000", "northing_min": 7040000, "easting_min": 320000, "grid_size_m": 10000, "observation_count": 1, "verified_count": 0, "year_min": 2021, "year_max": 2021}}, {"type": "Feature", "geometry": {"type": "Polygon", "coordinates": [[[24.39142279958481, 63.46456831044956], [24.591861017406785, 63.46808239523418], [24.584291700444812, 63.55774919926756], [24.383225143600498, 63.55422137160045], [24.39142279958481, 63.46456831044956]]]}, "properties": {"grid_id": "ETRS-TM35FIN-10km-N7040000-E370000", "northing_min": 7040000, "easting_min": 370000, "grid_size_m": 10000, "observation_count": 1, "verified_count": 1, "year_min": 2020, "year_max": 2020}}, {"type": "Feature", "geometry": {"type": "Polygon", "coordinates": [[[24.591861017406785, 63.46808239523418], [24.792352350022764, 63.471315890758106], [24.78541191101485, 63.560995343347855], [24.584291700444812, 63.55774919926756], [24.591861017406785, 63.46808239523418]]]}, "properties": {"grid_id": "ETRS-TM35FIN-10km-N7040000-E380000", "northing_min": 7040000, "easting_min": 380000, "grid_size_m": 10000, "observation_count": 1, "verified_count": 1, "year_min": 2019, "year_max": 2019}}, {"type": "Feature", "geometry": {"type": "Polygon", "coordinates": [[[27.0, 63.488335380325296], [27.20078398334492, 63.48819466486024], [27.201415834279004, 63.57794018938604], [27.0, 63.578081456011695], [27.0, 63.488335380325296]]]}, "properties": {"grid_id": "ETRS-TM35FIN-10km-N7040000-E500000", "northing_min": 7040000, "easting_min": 500000, "grid_size_m": 10000, "observation_count": 3, "verified_count": 3, "year_min": 2022, "year_max": 2026}}, {"type": "Feature", "geometry": {"type": "Polygon", "coordinates": [[[27.401563526018744, 63.487772524321436], [27.602334187957638, 63.48706897627719], [27.604229560141295, 63.57681009185254], [27.40282718272967, 63.57751639542119], [27.401563526018744, 63.487772524321436]]]}, "properties": {"grid_id": "ETRS-TM35FIN-10km-N7040000-E520000", "northing_min": 7040000, "easting_min": 520000, "grid_size_m": 10000, "observation_count": 2, "verified_count": 2, "year_min": 2023, "year_max": 2026}}, {"type": "Feature", "geometry": {"type": "Polygon", "coordinates": [[[29.007107603307936, 63.47426866281125], [29.207647649977236, 63.471315890758106], [29.214588088985145, 63.560995343347855], [29.0134186699066, 63.56395966835792], [29.007107603307936, 63.47426866281125]]]}, "properties": {"grid_id": "ETRS-TM35FIN-10km-N7040000-E600000", "northing_min": 7040000, "easting_min": 600000, "grid_size_m": 10000, "observation_count": 1, "verified_count": 1, "year_min": 2021, "year_max": 2021}}, {"type": "Feature", "geometry": {"type": "Polygon", "coordinates": [[[22.37648245339961, 63.50348862327374], [22.5767698984349, 63.50982327834824], [22.56285110747028, 63.599300871174634], [22.361938795089515, 63.592941469925655], [22.37648245339961, 63.50348862327374]]]}, "properties": {"grid_id": "ETRS-TM35FIN-10km-N7050000-E270000", "northing_min": 7050000, "easting_min": 270000, "grid_size_m": 10000, "observation_count": 1, "verified_count": 1, "year_min": 2021, "year_max": 2021}}, {"type": "Feature", "geometry": {"type": "Polygon", "coordinates": [[[27.0, 63.578081456011695], [27.201415834279004, 63.57794018938604], [27.202052171144366, 63.66768457934363], [27.0, 63.66782640061075], [27.0, 63.578081456011695]]]}, "properties": {"grid_id": "ETRS-TM35FIN-10km-N7050000-E500000", "northing_min": 7050000, "easting_min": 500000, "grid_size_m": 10000, "observation_count": 3, "verified_count": 3, "year_min": 2020, "year_max": 2021}}, {"type": "Feature", "geometry": {"type": "Polygon", "coordinates": [[[22.763862011783676, 63.60537949936547], [22.964967119627556, 63.611177101122934], [22.95221118124006, 63.70069841199186], [22.75047487101566, 63.694878088937806], [22.763862011783676, 63.60537949936547]]]}, "properties": {"grid_id": "ETRS-TM35FIN-10km-N7060000-E290000", "northing_min": 7060000, "easting_min": 290000, "grid_size_m": 10000, "observation_count": 1, "verified_count": 1, "year_min": 2021, "year_max": 2021}}, {"type": "Feature", "geometry": {"type": "Polygon", "coordinates": [[[25.176311708263505, 63.746040735898646], [25.378840073839086, 63.748459957593674], [25.37368044911677, 63.83816671810257], [25.170508328061203, 63.83573795912961], [25.176311708263505, 63.746040735898646]]]}, "properties": {"grid_id": "ETRS-TM35FIN-10km-N7070000-E410000", "northing_min": 7070000, "easting_min": 410000, "grid_size_m": 10000, "observation_count": 1, "verified_count": 1, "year_min": 2020, "year_max": 2020}}, {"type": "Feature", "geometry": {"type": "Polygon", "coordinates": [[[25.986626348121856, 63.75401103245336], [26.189273617359262, 63.755292266535015], [26.18669230097019, 63.84502597087823], [25.983400055303093, 63.843739683133656], [25.986626348121856, 63.75401103245336]]]}, "properties": {"grid_id": "ETRS-TM35FIN-10km-N7070000-E450000", "northing_min": 7070000, "easting_min": 450000, "grid_size_m": 10000, "observation_count": 5, "verified_count": 0, "year_min": 2018, "year_max": 2025}}, {"type": "Feature", "geometry": {"type": "Polygon", "coordinates": [[[28.418594990154286, 63.75059480574735], [28.621159926160914, 63.748459957593674], [28.62631955088323, 63.83816671810257], [28.423110483983727, 63.840309983816084], [28.418594990154286, 63.75059480574735]]]}, "properties": {"grid_id": "ETRS-TM35FIN-10km-N7070000-E570000", "northing_min": 7070000, "easting_min": 570000, "grid_size_m": 10000, "observation_count": 1, "verified_count": 1, "year_min": 2026, "year_max": 2026}}, {"type": "Feature", "geometry": {"type": "Polygon", "coordinates": [[[22.736992566525913, 63.784373998245165], [22.93936452466614, 63.79021718609421], [22.926426223545253, 63.87973341158897], [22.72341412718565, 63.87386721397219], [22.736992566525913, 63.784373998245165]]]}, "properties": {"grid_id": "ETRS-TM35FIN-10km-N7080000-E290000", "northing_min": 7080000, "easting_min": 290000, "grid_size_m": 10000, "observation_count": 1, "verified_count": 1, "year_min": 2021, "year_max": 2021}}, {"type": "Feature", "geometry": {"type": "Polygon", "coordinates": [[[22.93936452466614, 63.79021718609421], [23.14182812523657, 63.79577691152784], [23.129530901360678, 63.88531503946023], [22.926426223545253, 63.87973341158897], [22.93936452466614, 63.79021718609421]]]}, "properties": {"grid_id": "ETRS-TM35FIN-10km-N7080000-E300000", "northing_min": 7080000, "easting_min": 300000, "grid_size_m": 10000, "observation_count": 2, "verified_count": 1, "year_min": 2020, "year_max": 2023}}, {"type": "Feature", "geometry": {"type": "Polygon", "coordinates": [[[24.76429332444168, 63.83002438634401], [24.967377754545232, 63.83302381011078], [24.960884896432756, 63.92270889604789], [24.75715301199946, 63.91969762353764], [24.76429332444168, 63.83002438634401]]]}, "properties": {"grid_id": "ETRS-TM35FIN-10km-N7080000-E390000", "northing_min": 7080000, "easting_min": 390000, "grid_size_m": 10000, "observation_count": 1, "verified_count": 1, "year_min": 2021, "year_max": 2021}}, {"type": "Feature", "geometry": {"type": "Polygon", "coordinates": [[[23.73935487776019, 63.900350194317305], [23.942784276608837, 63.90479129262805], [23.93299011329548, 63.994403980686336], [23.7289117449485, 63.98994531916299], [23.73935487776019, 63.900350194317305]]]}, "properties": {"grid_id": "ETRS-TM35FIN-10km-N7090000-E340000", "northing_min": 7090000, "easting_min": 340000, "grid_size_m": 10000, "observation_count": 1, "verified_count": 0, "year_min": 2020, "year_max": 2020}}, {"type": "Feature", "geometry": {"type": "Polygon", "coordinates": [[[23.320984884827322, 63.98016849282881], [23.524908458682642, 63.98520008884999], [23.51373740798327, 64.07477435666227], [23.309161824035883, 64.06972282709464], [23.320984884827322, 63.98016849282881]]]}, "properties": {"grid_id": "ETRS-TM35FIN-10km-N7100000-E320000", "northing_min": 7100000, "easting_min": 320000, "grid_size_m": 10000, "observation_count": 3, "verified_count": 0, "year_min": 2011, "year_max": 2020}}, {"type": "Feature", "geometry": {"type": "Polygon", "coordinates": [[[23.524908458682642, 63.98520008884999], [23.7289117449485, 63.98994531916299], [23.718393528288544, 64.07953839265096], [23.51373740798327, 64.07477435666227], [23.524908458682642, 63.98520008884999]]]}, "properties": {"grid_id": "ETRS-TM35FIN-10km-N7100000-E330000", "northing_min": 7100000, "easting_min": 330000, "grid_size_m": 10000, "observation_count": 2, "verified_count": 0, "year_min": 2019, "year_max": 2020}}, {"type": "Feature", "geometry": {"type": "Polygon", "coordinates": [[[23.309161824035883, 64.06972282709464], [23.51373740798327, 64.07477435666227], [23.502485819019668, 64.16434644512164], [23.29725355853084, 64.15927485383423], [23.309161824035883, 64.06972282709464]]]}, "properties": {"grid_id": "ETRS-TM35FIN-10km-N7110000-E320000", "northing_min": 7110000, "easting_min": 320000, "grid_size_m": 10000, "observation_count": 2, "verified_count": 2, "year_min": 2021, "year_max": 2021}}, {"type": "Feature", "geometry": {"type": "Polygon", "coordinates": [[[27.821163378265993, 64.11422001039386], [28.026418456166052, 64.11291836659431], [28.02973864287653, 64.20264217757644], [27.823819825770467, 64.20394900621847], [27.821163378265993, 64.11422001039386]]]}, "properties": {"grid_id": "ETRS-TM35FIN-10km-N7110000-E540000", "northing_min": 7110000, "easting_min": 540000, "grid_size_m": 10000, "observation_count": 4, "verified_count": 0, "year_min": 2021, "year_max": 2021}}, {"type": "Feature", "geometry": {"type": "Polygon", "coordinates": [[[28.231649697147144, 64.11132758337982], [28.436852341347294, 64.10944772957708], [28.441499211992845, 64.1991577183464], [28.235633374748488, 64.20104505845292], [28.231649697147144, 64.11132758337982]]]}, "properties": {"grid_id": "ETRS-TM35FIN-10km-N7110000-E560000", "northing_min": 7110000, "easting_min": 560000, "grid_size_m": 10000, "observation_count": 1, "verified_count": 1, "year_min": 2026, "year_max": 2026}}, {"type": "Feature", "geometry": {"type": "Polygon", "coordinates": [[[23.913189729347387, 64.17362353479149], [24.118651916453288, 64.17782863146599], [24.109308013378495, 64.26745224418735], [23.903182040793702, 64.26323038908792], [23.913189729347387, 64.17362353479149]]]}, "properties": {"grid_id": "ETRS-TM35FIN-10km-N7120000-E350000", "northing_min": 7120000, "easting_min": 350000, "grid_size_m": 10000, "observation_count": 1, "verified_count": 0, "year_min": 2020, "year_max": 2020}}, {"type": "Feature", "geometry": {"type": "Polygon", "coordinates": [[[24.94112467127996, 64.19175525613831], [25.14687501343426, 64.19451271620152], [25.140859551931246, 64.28420286988386], [24.9344424179983, 64.28143440670738], [24.94112467127996, 64.19175525613831]]]}, "properties": {"grid_id": "ETRS-TM35FIN-10km-N7120000-E400000", "northing_min": 7120000, "easting_min": 400000, "grid_size_m": 10000, "observation_count": 1, "verified_count": 0, "year_min": 2018, "year_max": 2018}}, {"type": "Feature", "geometry": {"type": "Polygon", "coordinates": [[[25.558500788007155, 64.1991577183464], [25.764366625251512, 64.20104505845292], [25.760354052327532, 64.29076128698938], [25.553820216700228, 64.28886641200124], [25.558500788007155, 64.1991577183464]]]}, "properties": {"grid_id": "ETRS-TM35FIN-10km-N7120000-E430000", "northing_min": 7120000, "easting_min": 430000, "grid_size_m": 10000, "observation_count": 1, "verified_count": 1, "year_min": 2020, "year_max": 2020}}, {"type": "Feature", "geometry": {"type": "Polygon", "coordinates": [[[28.033082915400694, 64.29236478314458], [28.239645947672468, 64.29076128698938], [28.243687717948138, 64.38047627035448], [28.03645152554134, 64.38208618509758], [28.033082915400694, 64.29236478314458]]]}, "properties": {"grid_id": "ETRS-TM35FIN-10km-N7130000-E550000", "northing_min": 7130000, "easting_min": 550000, "grid_size_m": 10000, "observation_count": 2, "verified_count": 0, "year_min": 2017, "year_max": 2021}}, {"type": "Feature", "geometry": {"type": "Polygon", "coordinates": [[[28.658066687818625, 64.37637889194446], [28.86519965785755, 64.37389160856993], [28.87130307450084, 64.46357893182015], [28.663493120016646, 64.46607619216277], [28.658066687818625, 64.37637889194446]]]}, "properties": {"grid_id": "ETRS-TM35FIN-10km-N7140000-E580000", "northing_min": 7140000, "easting_min": 580000, "grid_size_m": 10000, "observation_count": 1, "verified_count": 0, "year_min": 2022, "year_max": 2022}}, {"type": "Feature", "geometry": {"type": "Polygon", "coordinates": [[[26.58402730236068, 64.47489255722273], [26.7920111645841, 64.47533347800275], [26.79132734335372, 64.56506667104806], [26.58265971247123, 64.56462397581167], [26.58402730236068, 64.47489255722273]]]}, "properties": {"grid_id": "ETRS-TM35FIN-10km-N7150000-E480000", "northing_min": 7150000, "easting_min": 480000, "grid_size_m": 10000, "observation_count": 1, "verified_count": 1, "year_min": 2020, "year_max": 2020}}, {"type": "Feature", "geometry": {"type": "Polygon", "coordinates": [[[27.623946614211686, 64.47415771096195], [27.83190561414201, 64.47312897177521], [27.83464037342855, 64.56285329350747], [27.62599786763061, 64.56388617233891], [27.623946614211686, 64.47415771096195]]]}, "properties": {"grid_id": "ETRS-TM35FIN-10km-N7150000-E530000", "northing_min": 7150000, "easting_min": 530000, "grid_size_m": 10000, "observation_count": 1, "verified_count": 0, "year_min": 2020, "year_max": 2020}}, {"type": "Feature", "geometry": {"type": "Polygon", "coordinates": [[[24.48911305213603, 64.63362288441877], [24.698139879197534, 64.63702726908667], [24.69051856942571, 64.7266864131931], [24.480801375532494, 64.72326827685302], [24.48911305213603, 64.63362288441877]]]}, "properties": {"grid_id": "ETRS-TM35FIN-10km-N7170000-E380000", "northing_min": 7170000, "easting_min": 380000, "grid_size_m": 10000, "observation_count": 1, "verified_count": 0, "year_min": 2025, "year_max": 2025}}, {"type": "Feature", "geometry": {"type": "Polygon", "coordinates": [[[25.319987549850282, 64.73515999100219], [25.529899348884037, 64.73739048283655], [25.525009001553826, 64.82709142313053], [25.314399677024703, 64.82485189054373], [25.319987549850282, 64.73515999100219]]]}, "properties": {"grid_id": "ETRS-TM35FIN-10km-N7180000-E420000", "northing_min": 7180000, "easting_min": 420000, "grid_size_m": 10000, "observation_count": 3, "verified_count": 2, "year_min": 2021, "year_max": 2026}}, {"type": "Feature", "geometry": {"type": "Polygon", "coordinates": [[[25.739847036745346, 64.73932377907653], [25.94982549650331, 64.74095979262118], [25.94633129517535, 64.83067520336306], [25.735654598101533, 64.8290325567284], [25.739847036745346, 64.73932377907653]]]}, "properties": {"grid_id": "ETRS-TM35FIN-10km-N7180000-E440000", "northing_min": 7180000, "easting_min": 440000, "grid_size_m": 10000, "observation_count": 1, "verified_count": 0, "year_min": 2026, "year_max": 2026}}, {"type": "Feature", "geometry": {"type": "Polygon", "coordinates": [[[25.94982549650331, 64.74095979262118], [26.15982960659434, 64.74229844974288], [26.157033916567112, 64.83201928856755], [25.94633129517535, 64.83067520336306], [25.94982549650331, 64.74095979262118]]]}, "properties": {"grid_id": "ETRS-TM35FIN-10km-N7180000-E450000", "northing_min": 7180000, "easting_min": 450000, "grid_size_m": 10000, "observation_count": 1, "verified_count": 0, "year_min": 2026, "year_max": 2026}}, {"type": "Feature", "geometry": {"type": "Polygon", "coordinates": [[[25.314399677024703, 64.82485189054373], [25.525009001553826, 64.82709142313053], [25.520082381288788, 64.91679107392038], [25.308770365139036, 64.9145424402476], [25.314399677024703, 64.82485189054373]]]}, "properties": {"grid_id": "ETRS-TM35FIN-10km-N7190000-E420000", "northing_min": 7190000, "easting_min": 420000, "grid_size_m": 10000, "observation_count": 1, "verified_count": 0, "year_min": 2018, "year_max": 2018}}, {"type": "Feature", "geometry": {"type": "Polygon", "coordinates": [[[25.525009001553826, 64.82709142313053], [25.735654598101533, 64.8290325567284], [25.731431058145613, 64.91874009719373], [25.520082381288788, 64.91679107392038], [25.525009001553826, 64.82709142313053]]]}, "properties": {"grid_id": "ETRS-TM35FIN-10km-N7190000-E430000", "northing_min": 7190000, "easting_min": 430000, "grid_size_m": 10000, "observation_count": 2, "verified_count": 2, "year_min": 2024, "year_max": 2026}}, {"type": "Feature", "geometry": {"type": "Polygon", "coordinates": [[[25.735654598101533, 64.8290325567284], [25.94633129517535, 64.83067520336306], [25.942811168873995, 64.9203894212079], [25.731431058145613, 64.91874009719373], [25.735654598101533, 64.8290325567284]]]}, "properties": {"grid_id": "ETRS-TM35FIN-10km-N7190000-E440000", "northing_min": 7190000, "easting_min": 440000, "grid_size_m": 10000, "observation_count": 2, "verified_count": 0, "year_min": 2016, "year_max": 2018}}, {"type": "Feature", "geometry": {"type": "Polygon", "coordinates": [[[24.46399323182253, 64.90255405527527], [24.675106460591476, 64.90599996971382], [24.66731445221105, 64.99565437740485], [24.455495446741605, 64.99219443456607], [24.46399323182253, 64.90255405527527]]]}, "properties": {"grid_id": "ETRS-TM35FIN-10km-N7200000-E380000", "northing_min": 7200000, "easting_min": 380000, "grid_size_m": 10000, "observation_count": 1, "verified_count": 1, "year_min": 2024, "year_max": 2024}}, {"type": "Feature", "geometry": {"type": "Polygon", "coordinates": [[[25.097500230935978, 64.91199429866177], [25.308770365139036, 64.9145424402476], [25.303099170241747, 65.00423164018997], [25.091121573368575, 65.00167311805576], [25.097500230935978, 64.91199429866177]]]}, "properties": {"grid_id": "ETRS-TM35FIN-10km-N7200000-E410000", "northing_min": 7200000, "easting_min": 410000, "grid_size_m": 10000, "observation_count": 1, "verified_count": 0, "year_min": 2019, "year_max": 2019}}, {"type": "Feature", "geometry": {"type": "Polygon", "coordinates": [[[25.308770365139036, 64.9145424402476], [25.520082381288788, 64.91679107392038], [25.51511909938396, 65.0064894359337], [25.303099170241747, 65.00423164018997], [25.308770365139036, 64.9145424402476]]]}, "properties": {"grid_id": "ETRS-TM35FIN-10km-N7200000-E420000", "northing_min": 7200000, "easting_min": 420000, "grid_size_m": 10000, "observation_count": 3, "verified_count": 1, "year_min": 2019, "year_max": 2024}}, {"type": "Feature", "geometry": {"type": "Polygon", "coordinates": [[[26.78854126252896, 64.9239884252558], [27.0, 64.92413839801469], [27.0, 65.0138667075305], [26.7878317709805, 65.01371612332129], [26.78854126252896, 64.9239884252558]]]}, "properties": {"grid_id": "ETRS-TM35FIN-10km-N7200000-E490000", "northing_min": 7200000, "easting_min": 490000, "grid_size_m": 10000, "observation_count": 1, "verified_count": 1, "year_min": 2023, "year_max": 2023}}, {"type": "Feature", "geometry": {"type": "Polygon", "coordinates": [[[24.455495446741605, 64.99219443456607], [24.66731445221105, 64.99565437740485], [24.659464320488627, 65.08530720146022], [24.446934291745325, 65.08183313598109], [24.455495446741605, 64.99219443456607]]]}, "properties": {"grid_id": "ETRS-TM35FIN-10km-N7210000-E380000", "northing_min": 7210000, "easting_min": 380000, "grid_size_m": 10000, "observation_count": 2, "verified_count": 2, "year_min": 2025, "year_max": 2025}}, {"type": "Feature", "geometry": {"type": "Polygon", "coordinates": [[[25.303099170241747, 65.00423164018997], [25.51511909938396, 65.0064894359337], [25.510118761537758, 65.09618650987802], [25.297385641991276, 65.09391949041762], [25.303099170241747, 65.00423164018997]]]}, "properties": {"grid_id": "ETRS-TM35FIN-10km-N7210000-E420000", "northing_min": 7210000, "easting_min": 420000, "grid_size_m": 10000, "observation_count": 16, "verified_count": 12, "year_min": 2023, "year_max": 2026}}, {"type": "Feature", "geometry": {"type": "Polygon", "coordinates": [[[25.51511909938396, 65.0064894359337], [25.727176083518007, 65.00844640176524], [25.72288933605805, 65.09815147172357], [25.510118761537758, 65.09618650987802], [25.51511909938396, 65.0064894359337]]]}, "properties": {"grid_id": "ETRS-TM35FIN-10km-N7210000-E430000", "northing_min": 7210000, "easting_min": 430000, "grid_size_m": 10000, "observation_count": 4, "verified_count": 3, "year_min": 2018, "year_max": 2026}}, {"type": "Feature", "geometry": {"type": "Polygon", "coordinates": [[[25.08469531154102, 65.091350517914], [25.297385641991276, 65.09391949041762], [25.291629323540832, 65.18360599094696], [25.078220931876597, 65.18102649749412], [25.08469531154102, 65.091350517914]]]}, "properties": {"grid_id": "ETRS-TM35FIN-10km-N7220000-E410000", "northing_min": 7220000, "easting_min": 410000, "grid_size_m": 10000, "observation_count": 1, "verified_count": 0, "year_min": 2018, "year_max": 2018}}, {"type": "Feature", "geometry": {"type": "Polygon", "coordinates": [[[25.297385641991276, 65.09391949041762], [25.510118761537758, 65.09618650987802], [25.505080967751013, 65.18588229644001], [25.291629323540832, 65.18360599094696], [25.297385641991276, 65.09391949041762]]]}, "properties": {"grid_id": "ETRS-TM35FIN-10km-N7220000-E420000", "northing_min": 7220000, "easting_min": 420000, "grid_size_m": 10000, "observation_count": 1, "verified_count": 0, "year_min": 2021, "year_max": 2021}}, {"type": "Feature", "geometry": {"type": "Polygon", "coordinates": [[[25.510118761537758, 65.09618650987802], [25.72288933605805, 65.09815147172357], [25.718570472717346, 65.18785530833688], [25.505080967751013, 65.18588229644001], [25.510118761537758, 65.09618650987802]]]}, "properties": {"grid_id": "ETRS-TM35FIN-10km-N7220000-E430000", "northing_min": 7220000, "easting_min": 430000, "grid_size_m": 10000, "observation_count": 1, "verified_count": 0, "year_min": 2021, "year_max": 2021}}, {"type": "Feature", "geometry": {"type": "Polygon", "coordinates": [[[26.145641469071776, 65.1908910990367], [26.359212150712768, 65.1919537368561], [26.357035691870184, 65.28167318066608], [26.1427397989111, 65.28060617626382], [26.145641469071776, 65.1908910990367]]]}, "properties": {"grid_id": "ETRS-TM35FIN-10km-N7230000-E460000", "northing_min": 7230000, "easting_min": 460000, "grid_size_m": 10000, "observation_count": 1, "verified_count": 0, "year_min": 2020, "year_max": 2020}}, {"type": "Feature", "geometry": {"type": "Polygon", "coordinates": [[[25.92113013822636, 65.45864977624642], [26.1368705511132, 65.4600328953949], [26.13390249188108, 65.54974454162469], [25.91742052573183, 65.54835569309432], [25.92113013822636, 65.45864977624642]]]}, "properties": {"grid_id": "ETRS-TM35FIN-10km-N7260000-E450000", "northing_min": 7260000, "easting_min": 450000, "grid_size_m": 10000, "observation_count": 1, "verified_count": 1, "year_min": 2020, "year_max": 2020}}, {"type": "Feature", "geometry": {"type": "Polygon", "coordinates": [[[24.586091119587667, 65.89211091477887], [24.805330832289684, 65.89540355813043], [24.797630898457445, 65.98505421022678], [24.577623736991814, 65.98174775196496], [24.586091119587667, 65.89211091477887]]]}, "properties": {"grid_id": "ETRS-TM35FIN-10km-N7310000-E390000", "northing_min": 7310000, "easting_min": 390000, "grid_size_m": 10000, "observation_count": 1, "verified_count": 1, "year_min": 2024, "year_max": 2024}}, {"type": "Feature", "geometry": {"type": "Polygon", "coordinates": [[[24.577623736991814, 65.98174775196496], [24.797630898457445, 65.98505421022678], [24.789871344730877, 66.07470334413516], [24.56909081077769, 66.0713829737726], [24.577623736991814, 65.98174775196496]]]}, "properties": {"grid_id": "ETRS-TM35FIN-10km-N7320000-E390000", "northing_min": 7320000, "easting_min": 390000, "grid_size_m": 10000, "observation_count": 2, "verified_count": 0, "year_min": 2021, "year_max": 2021}}, {"type": "Feature", "geometry": {"type": "Polygon", "coordinates": [[[24.56909081077769, 66.0713829737726], [24.789871344730877, 66.07470334413516], [24.782051501269617, 66.16435095759931], [24.560491604842028, 66.16101657684766], [24.56909081077769, 66.0713829737726]]]}, "properties": {"grid_id": "ETRS-TM35FIN-10km-N7330000-E390000", "northing_min": 7330000, "easting_min": 390000, "grid_size_m": 10000, "observation_count": 1, "verified_count": 0, "year_min": 2021, "year_max": 2021}}, {"type": "Feature", "geometry": {"type": "Polygon", "coordinates": [[[24.789871344730877, 66.07470334413516], [25.01071216673507, 66.07770798337808], [25.00367236565954, 66.16736827817303], [24.782051501269617, 66.16435095759931], [24.789871344730877, 66.07470334413516]]]}, "properties": {"grid_id": "ETRS-TM35FIN-10km-N7330000-E400000", "northing_min": 7330000, "easting_min": 400000, "grid_size_m": 10000, "observation_count": 1, "verified_count": 0, "year_min": 2021, "year_max": 2021}}, {"type": "Feature", "geometry": {"type": "Polygon", "coordinates": [[[25.01071216673507, 66.07770798337808], [25.231607276867667, 66.08039674326626], [25.225348130644594, 66.17006838875723], [25.00367236565954, 66.16736827817303], [25.01071216673507, 66.07770798337808]]]}, "properties": {"grid_id": "ETRS-TM35FIN-10km-N7330000-E410000", "northing_min": 7330000, "easting_min": 410000, "grid_size_m": 10000, "observation_count": 1, "verified_count": 1, "year_min": 2024, "year_max": 2024}}, {"type": "Feature", "geometry": {"type": "Polygon", "coordinates": [[[24.551825371984858, 66.2506485577505], [24.77417068813052, 66.25399704829402], [24.766228215076723, 66.34364161382354], [24.54309135369991, 66.34027891295409], [24.551825371984858, 66.2506485577505]]]}, "properties": {"grid_id": "ETRS-TM35FIN-10km-N7350000-E390000", "northing_min": 7350000, "easting_min": 390000, "grid_size_m": 10000, "observation_count": 1, "verified_count": 0, "year_min": 2021, "year_max": 2021}}, {"type": "Feature", "geometry": {"type": "Polygon", "coordinates": [[[24.996577662442853, 66.25702714021239], [25.219040159093197, 66.25973868209417], [25.212682809081958, 66.34940762282453], [24.989427435312784, 66.34668456812535], [24.996577662442853, 66.25702714021239]]]}, "properties": {"grid_id": "ETRS-TM35FIN-10km-N7350000-E410000", "northing_min": 7350000, "easting_min": 410000, "grid_size_m": 10000, "observation_count": 2, "verified_count": 1, "year_min": 2011, "year_max": 2016}}, {"type": "Feature", "geometry": {"type": "Polygon", "coordinates": [[[26.109322343561924, 66.26739687648711], [26.331970120140173, 66.26851395281979], [26.3295841797405, 66.35822016920142], [26.10614141813996, 66.35709834629179], [26.109322343561924, 66.26739687648711]]]}, "properties": {"grid_id": "ETRS-TM35FIN-10km-N7350000-E460000", "northing_min": 7350000, "easting_min": 460000, "grid_size_m": 10000, "observation_count": 1, "verified_count": 0, "year_min": 2019, "year_max": 2019}}, {"type": "Feature", "geometry": {"type": "Polygon", "coordinates": [[[25.206275519066608, 66.4390752104533], [25.430380493754406, 66.4414884631384], [25.424728650572472, 66.53116500536595], [25.199817718929765, 66.5287414444417], [25.206275519066608, 66.4390752104533]]]}, "properties": {"grid_id": "ETRS-TM35FIN-10km-N7370000-E420000", "northing_min": 7370000, "easting_min": 420000, "grid_size_m": 10000, "observation_count": 1, "verified_count": 0, "year_min": 2024, "year_max": 2024}}, {"type": "Feature", "geometry": {"type": "Polygon", "coordinates": [[[25.430380493754406, 66.4414884631384], [25.6545296826766, 66.44358019627694], [25.64968430329102, 66.53326567499175], [25.424728650572472, 66.53116500536595], [25.430380493754406, 66.4414884631384]]]}, "properties": {"grid_id": "ETRS-TM35FIN-10km-N7370000-E430000", "northing_min": 7370000, "easting_min": 430000, "grid_size_m": 10000, "observation_count": 2, "verified_count": 0, "year_min": 2019, "year_max": 2023}}, {"type": "Feature", "geometry": {"type": "Polygon", "coordinates": [[[25.6545296826766, 66.44358019627694], [25.87871678374995, 66.44535030385575], [25.874678302870006, 66.53504334615836], [25.64968430329102, 66.53326567499175], [25.6545296826766, 66.44358019627694]]]}, "properties": {"grid_id": "ETRS-TM35FIN-10km-N7370000-E440000", "northing_min": 7370000, "easting_min": 440000, "grid_size_m": 10000, "observation_count": 10, "verified_count": 2, "year_min": 2017, "year_max": 2026}}, {"type": "Feature", "geometry": {"type": "Polygon", "coordinates": [[[25.64968430329102, 66.53326567499175], [25.874678302870006, 66.53504334615836], [25.870607855106268, 66.62473522800946], [25.644800575929686, 66.62294993856723], [25.64968430329102, 66.53326567499175]]]}, "properties": {"grid_id": "ETRS-TM35FIN-10km-N7380000-E440000", "northing_min": 7380000, "easting_min": 440000, "grid_size_m": 10000, "observation_count": 6, "verified_count": 0, "year_min": 2018, "year_max": 2023}}, {"type": "Feature", "geometry": {"type": "Polygon", "coordinates": [[[26.099704268402608, 66.53649792815284], [26.324755813401335, 66.53762934672949], [26.322312955451732, 66.62733231294058], [26.096447468268426, 66.62619604448501], [26.099704268402608, 66.53649792815284]]]}, "properties": {"grid_id": "ETRS-TM35FIN-10km-N7380000-E460000", "northing_min": 7380000, "easting_min": 460000, "grid_size_m": 10000, "observation_count": 1, "verified_count": 0, "year_min": 2023, "year_max": 2023}}, {"type": "Feature", "geometry": {"type": "Polygon", "coordinates": [[[25.634916304767383, 66.80231482419948], [25.86236958103854, 66.80411551679933], [25.8582010014568, 66.89380392692797], [25.62991485752422, 66.89199544815024], [25.634916304767383, 66.80231482419948]]]}, "properties": {"grid_id": "ETRS-TM35FIN-10km-N7410000-E440000", "northing_min": 7410000, "easting_min": 440000, "grid_size_m": 10000, "observation_count": 1, "verified_count": 0, "year_min": 2022, "year_max": 2022}}, {"type": "Feature", "geometry": {"type": "Polygon", "coordinates": [[[28.150236970172443, 67.07317728652892], [28.38020897185898, 67.07135306288157], [28.385332300396477, 67.1610300554138], [28.154507151323262, 67.1628622391103], [28.150236970172443, 67.07317728652892]]]}, "properties": {"grid_id": "ETRS-TM35FIN-10km-N7440000-E550000", "northing_min": 7440000, "easting_min": 550000, "grid_size_m": 10000, "observation_count": 1, "verified_count": 0, "year_min": 2018, "year_max": 2018}}, {"type": "Feature", "geometry": {"type": "Polygon", "coordinates": [[[28.158811999131334, 67.25254604226085], [28.390497214856232, 67.2507058391829], [28.395704207297936, 67.34038041500064], [28.163151923879028, 67.34222869749813], [28.158811999131334, 67.25254604226085]]]}, "properties": {"grid_id": "ETRS-TM35FIN-10km-N7460000-E550000", "northing_min": 7460000, "easting_min": 550000, "grid_size_m": 10000, "observation_count": 1, "verified_count": 0, "year_min": 2022, "year_max": 2022}}, {"type": "Feature", "geometry": {"type": "Polygon", "coordinates": [[[28.411582691265558, 67.60939690245544], [28.64673489687171, 67.60718373407802], [28.65301066375007, 67.69684364763357], [28.416963074877234, 67.69906665403582], [28.411582691265558, 67.60939690245544]]]}, "properties": {"grid_id": "ETRS-TM35FIN-10km-N7500000-E560000", "northing_min": 7500000, "easting_min": 560000, "grid_size_m": 10000, "observation_count": 1, "verified_count": 1, "year_min": 2025, "year_max": 2025}}, {"type": "Feature", "geometry": {"type": "Polygon", "coordinates": [[[26.7504089029103, 68.96069683844694], [27.0, 68.96087915419767], [27.0, 69.05056157004401], [26.74938967615556, 69.05037840173514], [26.7504089029103, 68.96069683844694]]]}, "properties": {"grid_id": "ETRS-TM35FIN-10km-N7650000-E490000", "northing_min": 7650000, "easting_min": 490000, "grid_size_m": 10000, "observation_count": 1, "verified_count": 0, "year_min": 2020, "year_max": 2020}}, {"type": "Feature", "geometry": {"type": "Polygon", "coordinates": [[[27.0, 69.58863629744926], [27.256918328030018, 69.58844786363142], [27.258002900177683, 69.67812281796981], [27.0, 69.67831215528388], [27.0, 69.58863629744926]]]}, "properties": {"grid_id": "ETRS-TM35FIN-10km-N7720000-E500000", "northing_min": 7720000, "easting_min": 500000, "grid_size_m": 10000, "observation_count": 1, "verified_count": 0, "year_min": 2025, "year_max": 2025}}]}