observation_id,species,scientific_name,date,year,country,province,accuracy_m,latitude,longitude,etrs_northing,etrs_easting,reliability,collection_quality,record_type,source_collection,grid_id
http://id.luomus.fi/MY.3349143,herkkutatti (fi) — Boletus edulis,Boletus edulis,1865-01-01,1865,Suomi,Varsinais-Suomi (V),50000.0,60.411837,21.80685,6708589.0,214073.0,NEUTRAL,PROFESSIONAL,Preserved specimen,Agaricales Fennoscandiae orientalis,ETRS-TM35FIN-1km-N6708000-E214000
http://id.luomus.fi/MY.3358034,herkkutatti (fi) — Boletus edulis,Boletus edulis,1866-08-01 - 1866-08-31,1866,Suomi,Etelä-Häme (EH),1000.0,60.816478,23.771034,6746668.0,324401.0,NEUTRAL,PROFESSIONAL,Preserved specimen,"Exsiccatae, fungi",ETRS-TM35FIN-1km-N6746000-E324000
http://id.luomus.fi/MY.3349146,herkkutatti (fi) — Boletus edulis,Boletus edulis,1870-09-01 - 1870-09-30,1870,Suomi,Etelä-Häme (EH),1000.0,60.816478,23.771034,6746668.0,324401.0,NEUTRAL,PROFESSIONAL,Preserved specimen,Agaricales Fennoscandiae orientalis,ETRS-TM35FIN-1km-N6746000-E324000
http://tun.fi/MY.1127834,herkkutatti (fi) — Boletus edulis,Boletus edulis,1969-09-13,1969,Suomi,Oulun Pohjanmaa (OP),10000.0,65.114913,25.61248,7221977.0,434855.0,NEUTRAL,HOBBYIST,Preserved specimen,KUO Fungal collections,ETRS-TM35FIN-1km-N7221000-E434000
http://tun.fi/MY.1127798,herkkutatti (fi) — Boletus edulis,Boletus edulis,1971-08-15,1971,Suomi,Pohjois-Savo (PS),100000.0,62.998091,27.826245,6985986.0,542430.0,NEUTRAL,HOBBYIST,Preserved specimen,KUO Fungal collections,ETRS-TM35FIN-1km-N6985000-E542000
http://tun.fi/MY.1127806,herkkutatti (fi) — Boletus edulis,Boletus edulis,1973-08-23,1973,Suomi,Pohjois-Savo (PS),1000.0,62.971121,27.716237,6982574.0,536315.0,NEUTRAL,HOBBYIST,Preserved specimen,KUO Fungal collections,ETRS-TM35FIN-1km-N6982000-E536000
http://tun.fi/MY.1127810,herkkutatti (fi) — Boletus edulis,Boletus edulis,1974-07-29,1974,Suomi,Pohjois-Savo (PS),1000.0,62.834757,28.007292,6967580.0,551309.0,NEUTRAL,HOBBYIST,Preserved specimen,KUO Fungal collections,ETRS-TM35FIN-1km-N6967000-E551000
http://tun.fi/MY.1127802,herkkutatti (fi) — Boletus edulis,Boletus edulis,1974-09-15,1974,Suomi,Pohjois-Savo (PS),1000.0,62.881508,27.694397,6972578.0,535315.0,NEUTRAL,HOBBYIST,Preserved specimen,KUO Fungal collections,ETRS-TM35FIN-1km-N6972000-E535000
http://id.luomus.fi/MY.12187390,herkkutatti (fi) — Boletus edulis,Boletus edulis,1976-09-26,1976,Suomi,Uusimaa (U),1.0,60.0,23.75,6655865.0,318772.0,NEUTRAL,PROFESSIONAL,Preserved specimen,Agaricales Fennoscandiae orientalis,ETRS-TM35FIN-1km-N6655000-E318000
http://tun.fi/MY.1127794,herkkutatti (fi) — Boletus edulis,Boletus edulis,1977-07-31,1977,Suomi,Etelä-Karjala (EK),50000.0,60.536084,27.285974,6711206.0,515840.0,NEUTRAL,HOBBYIST,Preserved specimen,KUO Fungal collections,ETRS-TM35FIN-1km-N6711000-E515000
http://id.luomus.fi/MY.3269820,herkkutatti (fi) — Boletus edulis,Boletus edulis,1977-09-18,1977,Suomi,Varsinais-Suomi (V),1000.0,59.978265,23.010522,6655704.0,277420.0,NEUTRAL,PROFESSIONAL,Preserved specimen,Agaricales Fennoscandiae orientalis,ETRS-TM35FIN-1km-N6655000-E277000
http://tun.fi/MHU.21490985,herkkutatti (fi) — Boletus edulis,Boletus edulis,1979-07-29,1979,Suomi,Pohjois-Karjala (PK),100.0,62.782823,30.936827,6967530.0,700798.0,NEUTRAL,HOBBYIST,Observation,Hatikka.fi observations,ETRS-TM35FIN-1km-N6967000-E700000
http://tun.fi/MY.1127814,herkkutatti (fi) — Boletus edulis,Boletus edulis,1979-08-09,1979,Suomi,Pohjois-Karjala (PK),1000.0,62.605337,29.733088,6944590.0,640273.0,NEUTRAL,HOBBYIST,Preserved specimen,KUO Fungal collections,ETRS-TM35FIN-1km-N6944000-E640000
http://tun.fi/MHU.21386989,herkkutatti (fi) — Boletus edulis,Boletus edulis,1981-06-15,1981,Suomi,Pohjois-Karjala (PK),1000.0,62.737169,30.978723,6962583.0,703248.0,NEUTRAL,HOBBYIST,Observation,Hatikka.fi observations,ETRS-TM35FIN-1km-N6962000-E703000
http://tun.fi/MHU.21438953,herkkutatti (fi) — Boletus edulis,Boletus edulis,1981-06-21,1981,Suomi,Pohjois-Karjala (PK),1000.0,62.737169,30.978723,6962583.0,703248.0,NEUTRAL,HOBBYIST,Observation,Hatikka.fi observations,ETRS-TM35FIN-1km-N6962000-E703000
http://tun.fi/MHU.21488707,herkkutatti (fi) — Boletus edulis,Boletus edulis,1981-06-22,1981,Suomi,Pohjois-Karjala (PK),1000.0,62.737169,30.978723,6962583.0,703248.0,NEUTRAL,HOBBYIST,Observation,Hatikka.fi observations,ETRS-TM35FIN-1km-N6962000-E703000
http://id.luomus.fi/MY.3261245,herkkutatti (fi) — Boletus edulis,Boletus edulis,1986-08-31,1986,Suomi,Uusimaa (U),100.0,60.174673,24.7203,6673048.0,373531.0,NEUTRAL,PROFESSIONAL,Preserved specimen,Agaricales Fennoscandiae orientalis,ETRS-TM35FIN-1km-N6673000-E373000
http://id.luomus.fi/MY.3366375,herkkutatti (fi) — Boletus edulis,Boletus edulis,1986-09-09,1986,Suomi,Varsinais-Suomi (V),50000.0,60.415996,24.387556,6700621.0,356069.0,NEUTRAL,PROFESSIONAL,Preserved specimen,Agaricales Fennoscandiae orientalis,ETRS-TM35FIN-1km-N6700000-E356000
http://tun.fi/MHU.28879603,herkkutatti (fi) — Boletus edulis,Boletus edulis,1987-07-01,1987,Suomi,Pohjois-Karjala (PK),1000.0,62.62584,31.100376,6950588.0,710245.0,NEUTRAL,HOBBYIST,Observation,Hatikka.fi observations,ETRS-TM35FIN-1km-N6950000-E710000
http://tun.fi/MHU.28879642,herkkutatti (fi) — Boletus edulis,Boletus edulis,1987-07-03,1987,Suomi,Pohjois-Karjala (PK),1000.0,62.727664,30.997023,6961583.0,704247.0,NEUTRAL,HOBBYIST,Observation,Hatikka.fi observations,ETRS-TM35FIN-1km-N6961000-E704000
http://tun.fi/MHU.28893649,herkkutatti (fi) — Boletus edulis,Boletus edulis,1988-08-13,1988,Suomi,Pohjois-Karjala (PK),100.0,62.734682,30.987201,6962333.0,703697.0,NEUTRAL,HOBBYIST,Observation,Hatikka.fi observations,ETRS-TM35FIN-1km-N6962000-E703000
http://id.luomus.fi/MY.3269868,herkkutatti (fi) — Boletus edulis,Boletus edulis,1990-07-29,1990,Suomi,Uusimaa (U),1000.0,60.292472,24.980697,6685693.0,388376.0,NEUTRAL,PROFESSIONAL,Preserved specimen,Agaricales Fennoscandiae orientalis,ETRS-TM35FIN-1km-N6685000-E388000
http://id.luomus.fi/MY.3306429,herkkutatti (fi) — Boletus edulis,Boletus edulis,1990-08-03,1990,Suomi,Uusimaa (U),1000.0,60.156544,24.394592,6671698.0,355389.0,NEUTRAL,PROFESSIONAL,Preserved specimen,Agaricales Fennoscandiae orientalis,ETRS-TM35FIN-1km-N6671000-E355000
http://id.luomus.fi/MY.12187410,herkkutatti (fi) — Boletus edulis,Boletus edulis,1990-08-27,1990,Suomi,Uusimaa (U),100.0,60.291002,24.972649,6685543.0,387926.0,NEUTRAL,PROFESSIONAL,Preserved specimen,Agaricales Fennoscandiae orientalis,ETRS-TM35FIN-1km-N6685000-E387000
http://tun.fi/MHU.20556137,herkkutatti (fi) — Boletus edulis,Boletus edulis,1991-06-10,1991,Suomi,Pohjois-Karjala (PK),1000.0,62.709206,31.014094,6959584.0,705247.0,NEUTRAL,HOBBYIST,Observation,Hatikka.fi observations,ETRS-TM35FIN-1km-N6959000-E705000
http://tun.fi/MY.1127826,herkkutatti (fi) — Boletus edulis,Boletus edulis,1991-07-31,1991,Suomi,Pohjois-Savo (PS),1000.0,62.864175,27.55648,6970579.0,528318.0,NEUTRAL,HOBBYIST,Preserved specimen,KUO Fungal collections,ETRS-TM35FIN-1km-N6970000-E528000
http://tun.fi/KE.921/LGE.249227/462516,herkkutatti (fi) — Boletus edulis,Boletus edulis,1991-08-17 - 1991-08-18,1991,Suomi,Satakunta (St),1.0,61.812354,21.664385,6864820.0,219044.0,NEUTRAL,PROFESSIONAL,Observation,LajiGIS: Species monitoring sites,ETRS-TM35FIN-1km-N6864000-E219000
http://id.luomus.fi/MY.3345484,herkkutatti (fi) — Boletus edulis,Boletus edulis,1991-09-15,1991,Suomi,Etelä-Häme (EH),1000.0,61.020066,24.472078,6767660.0,363385.0,NEUTRAL,PROFESSIONAL,Preserved specimen,Agaricales Fennoscandiae orientalis,ETRS-TM35FIN-1km-N6767000-E363000
http://id.luomus.fi/MY.3290224,herkkutatti (fi) — Boletus edulis,Boletus edulis,1992-08-30,1992,Suomi,Uusimaa (U),1000.0,60.173305,24.825825,6672698.0,379379.0,NEUTRAL,PROFESSIONAL,Preserved specimen,Agaricales Fennoscandiae orientalis,ETRS-TM35FIN-1km-N6672000-E379000
http://id.luomus.fi/MY.3290230,Boletus edulis var. citrinus,,1992-09-06,1992,Suomi,Uusimaa (U),1000.0,60.292472,24.980697,6685693.0,388376.0,NEUTRAL,PROFESSIONAL,Preserved specimen,Agaricales Fennoscandiae orientalis,ETRS-TM35FIN-1km-N6685000-E388000
http://id.luomus.fi/MY.3871768,herkkutatti (fi) — Boletus edulis,Boletus edulis,1992-09-06,1992,Suomi,Uusimaa (U),100.0,60.276513,24.964507,6683943.0,387426.0,NEUTRAL,PROFESSIONAL,Preserved specimen,Agaricales Fennoscandiae orientalis,ETRS-TM35FIN-1km-N6683000-E387000
http://id.luomus.fi/MY.3261173,herkkutatti (fi) — Boletus edulis,Boletus edulis,1992-09-08,1992,Suomi,Uusimaa (U),1000.0,60.02121,23.579786,6658703.0,309407.0,NEUTRAL,PROFESSIONAL,Preserved specimen,Agaricales Fennoscandiae orientalis,ETRS-TM35FIN-1km-N6658000-E309000
http://id.luomus.fi/MY.3290389,herkkutatti (fi) — Boletus edulis,Boletus edulis,1992-09-12,1992,Suomi,Uusimaa (U),1000.0,60.292472,24.980697,6685693.0,388376.0,NEUTRAL,PROFESSIONAL,Preserved specimen,Agaricales Fennoscandiae orientalis,ETRS-TM35FIN-1km-N6685000-E388000
http://id.luomus.fi/MY.3290227,herkkutatti (fi) — Boletus edulis,Boletus edulis,1992-09-13,1992,Suomi,Uusimaa (U),1000.0,60.173305,24.825825,6672698.0,379379.0,NEUTRAL,PROFESSIONAL,Preserved specimen,Agaricales Fennoscandiae orientalis,ETRS-TM35FIN-1km-N6672000-E379000
http://id.luomus.fi/MY.3261185,herkkutatti (fi) — Boletus edulis,Boletus edulis,1992-10-02,1992,Suomi,Uusimaa (U),1000.0,60.292472,24.980697,6685693.0,388376.0,NEUTRAL,PROFESSIONAL,Preserved specimen,Agaricales Fennoscandiae orientalis,ETRS-TM35FIN-1km-N6685000-E388000
http://id.luomus.fi/MY.3261179,herkkutatti (fi) — Boletus edulis,Boletus edulis,1993-09-11,1993,Suomi,Uusimaa (U),1000.0,60.292472,24.980697,6685693.0,388376.0,NEUTRAL,PROFESSIONAL,Preserved specimen,Agaricales Fennoscandiae orientalis,ETRS-TM35FIN-1km-N6685000-E388000
http://id.luomus.fi/MY.3290305,herkkutatti (fi) — Boletus edulis,Boletus edulis,1994-09-14,1994,Suomi,Uusimaa (U),10000.0,60.167466,24.745126,6672198.0,374881.0,NEUTRAL,PROFESSIONAL,Preserved specimen,Agaricales Fennoscandiae orientalis,ETRS-TM35FIN-1km-N6672000-E374000
http://id.luomus.fi/MY.3290182,Boletus edulis var. citrinus,,1994-09-15,1994,Suomi,Uusimaa (U),1000.0,60.292472,24.980697,6685693.0,388376.0,NEUTRAL,PROFESSIONAL,Preserved specimen,Agaricales Fennoscandiae orientalis,ETRS-TM35FIN-1km-N6685000-E388000
http://id.luomus.fi/MY.3269937,herkkutatti (fi) — Boletus edulis,Boletus edulis,1994-09-23,1994,Suomi,Uusimaa (U),1000.0,60.292472,24.980697,6685693.0,388376.0,NEUTRAL,PROFESSIONAL,Preserved specimen,Agaricales Fennoscandiae orientalis,ETRS-TM35FIN-1km-N6685000-E388000
http://id.luomus.fi/MY.3317409,herkkutatti (fi) — Boletus edulis,Boletus edulis,1994-09-23,1994,Suomi,Uusimaa (U),1000.0,60.292472,24.980697,6685693.0,388376.0,NEUTRAL,PROFESSIONAL,Preserved specimen,Agaricales Fennoscandiae orientalis,ETRS-TM35FIN-1km-N6685000-E388000
http://mus.utu.fi/MY.7210660,herkkutatti (fi) — Boletus edulis,Boletus edulis,1994-09-25,1994,Suomi,Ahvenanmaa (A),25000.0,60.283683,20.427404,6701134.0,136884.0,NEUTRAL,PROFESSIONAL,Preserved specimen,TUR-A Fungus collections of the the Åbo Akademi,ETRS-TM35FIN-1km-N6701000-E136000
http://id.luomus.fi/MY.3269934,herkkutatti (fi) — Boletus edulis,Boletus edulis,1994-09-30,1994,Suomi,Uusimaa (U),1000.0,60.292472,24.980697,6685693.0,388376.0,NEUTRAL,PROFESSIONAL,Preserved specimen,Agaricales Fennoscandiae orientalis,ETRS-TM35FIN-1km-N6685000-E388000
http://tun.fi/MY.1127822,herkkutatti (fi) — Boletus edulis,Boletus edulis,1995-09-18,1995,Suomi,Pohjois-Savo (PS),1000.0,62.979443,27.83477,6983574.0,542312.0,NEUTRAL,HOBBYIST,Preserved specimen,KUO Fungal collections,ETRS-TM35FIN-1km-N6983000-E542000
http://id.luomus.fi/MY.3871783,herkkutatti (fi) — Boletus edulis,Boletus edulis,1995-09-27,1995,Suomi,Uusimaa (U),1000.0,60.417225,25.608366,6698688.0,423361.0,NEUTRAL,PROFESSIONAL,Preserved specimen,Agaricales Fennoscandiae orientalis,ETRS-TM35FIN-1km-N6698000-E423000
http://tun.fi/MY.1127818,herkkutatti (fi) — Boletus edulis,Boletus edulis,1995-09-27,1995,Suomi,Pohjois-Savo (PS),100000.0,62.998091,27.826245,6985986.0,542430.0,NEUTRAL,HOBBYIST,Preserved specimen,KUO Fungal collections,ETRS-TM35FIN-1km-N6985000-E542000
http://id.luomus.fi/MY.3274289,herkkutatti (fi) — Boletus edulis,Boletus edulis,1996-07-18,1996,Suomi,Uusimaa (U),1000.0,60.295591,25.197558,6685693.0,400371.0,NEUTRAL,PROFESSIONAL,Preserved specimen,Agaricales Fennoscandiae orientalis,ETRS-TM35FIN-1km-N6685000-E400000
http://mus.utu.fi/MY.7210690,herkkutatti (fi) — Boletus edulis,Boletus edulis,1997-08-12,1997,Suomi,Varsinais-Suomi (V),1000.0,60.104547,23.337202,6668699.0,296413.0,NEUTRAL,PROFESSIONAL,Preserved specimen,TUR-A Fungus collections of the the Åbo Akademi,ETRS-TM35FIN-1km-N6668000-E296000
http://mus.utu.fi/MY.7210693,herkkutatti (fi) — Boletus edulis,Boletus edulis,1997-08-12,1997,Suomi,Varsinais-Suomi (V),1000.0,60.104547,23.337202,6668699.0,296413.0,NEUTRAL,PROFESSIONAL,Preserved specimen,TUR-A Fungus collections of the the Åbo Akademi,ETRS-TM35FIN-1km-N6668000-E296000
http://tun.fi/KE.8_1219670#11,herkkutatti (fi) — Boletus edulis,Boletus edulis,1997-09-10,1997,Suomi,Varsinais-Suomi (V),5000.0,60.464848,22.127755,6713093.0,232171.0,NEUTRAL,HOBBYIST,Observation,Hatikka.fi observations,ETRS-TM35FIN-1km-N6713000-E232000
http://id.luomus.fi/MY.3237628,herkkutatti (fi) — Boletus edulis,Boletus edulis,1997-09-20,1997,Suomi,Varsinais-Suomi (V),1000.0,60.018335,23.149304,6659703.0,285417.0,NEUTRAL,PROFESSIONAL,Preserved specimen,Agaricales Fennoscandiae orientalis,ETRS-TM35FIN-1km-N6659000-E285000
http://id.luomus.fi/MY.3274295,herkkutatti (fi) — Boletus edulis,Boletus edulis,1997-09-27,1997,Suomi,Uusimaa (U),1000.0,60.337735,25.738512,6689691.0,430359.0,NEUTRAL,PROFESSIONAL,Preserved specimen,Agaricales Fennoscandiae orientalis,ETRS-TM35FIN-1km-N6689000-E430000
http://id.luomus.fi/MY.3249839,herkkutatti (fi) — Boletus edulis,Boletus edulis,1997-09-29,1997,Suomi,Varsinais-Suomi (V),100.0,60.323147,24.489058,6690041.0,361336.0,NEUTRAL,PROFESSIONAL,Preserved specimen,Agaricales Fennoscandiae orientalis,ETRS-TM35FIN-1km-N6690000-E361000
http://id.luomus.fi/MY.3274298,herkkutatti (fi) — Boletus edulis,Boletus edulis,1998-08-03,1998,Suomi,Uusimaa (U),100.0,60.339849,25.724849,6689941.0,429609.0,NEUTRAL,PROFESSIONAL,Preserved specimen,Agaricales Fennoscandiae orientalis,ETRS-TM35FIN-1km-N6689000-E429000
http://id.luomus.fi/MY.3274301,herkkutatti (fi) — Boletus edulis,Boletus edulis,2000-07-16,2000,Suomi,Uusimaa (U),1000.0,60.767139,25.593224,6737672.0,423361.0,NEUTRAL,PROFESSIONAL,Preserved specimen,Agaricales Fennoscandiae orientalis,ETRS-TM35FIN-1km-N6737000-E423000
http://mus.utu.fi/MY.7210657,herkkutatti (fi) — Boletus edulis,Boletus edulis,2000-08-21,2000,Suomi,Ahvenanmaa (A),50000.0,60.001273,19.778556,6673594.0,97636.0,NEUTRAL,PROFESSIONAL,Preserved specimen,TUR-A Fungus collections of the the Åbo Akademi,ETRS-TM35FIN-1km-N6673000-E97000
http://tun.fi/MY.3102296,herkkutatti (fi) — Boletus edulis,Boletus edulis,2000-08-29,2000,Suomi,Inarin Lappi (InL),7.0,68.45629,27.420462,7593798.0,517232.0,NEUTRAL,PROFESSIONAL,Preserved specimen,"Fungal collection of the Botanical Museum, University of Oulu (OULU)",ETRS-TM35FIN-1km-N7593000-E517000
http://tun.fi/MY.2042891,herkkutatti (fi) — Boletus edulis,Boletus edulis,2001-07-25,2001,Suomi,Pohjois-Häme (PH),71.0,62.240894,25.737624,6901657.0,434407.0,NEUTRAL,PROFESSIONAL,Preserved specimen,JYV - Fungal collection,ETRS-TM35FIN-1km-N6901000-E434000
http://mus.utu.fi/MY.7210686,herkkutatti (fi) — Boletus edulis,Boletus edulis,2001-08-07,2001,Suomi,Varsinais-Suomi (V),1000.0,60.251166,23.121958,6685692.0,285417.0,NEUTRAL,PROFESSIONAL,Preserved specimen,TUR-A Fungus collections of the the Åbo Akademi,ETRS-TM35FIN-1km-N6685000-E285000
http://mus.utu.fi/MY.7210699,herkkutatti (fi) — Boletus edulis,Boletus edulis,2001-09-21,2001,Suomi,Satakunta (St),50000.0,60.900115,22.93385,6758553.0,279365.0,NEUTRAL,PROFESSIONAL,Preserved specimen,TUR-A Fungus collections of the the Åbo Akademi,ETRS-TM35FIN-1km-N6758000-E279000
http://tun.fi/MHU.15017984,herkkutatti sp.,,2002-08-09,2002,Suomi,Pohjois-Karjala (PK),100.0,62.735577,30.987322,6962433.0,703697.0,NEUTRAL,HOBBYIST,Observation,Hatikka.fi observations,ETRS-TM35FIN-1km-N6962000-E703000
http://tun.fi/MHU.14725621,herkkutatti (fi) — Boletus edulis,Boletus edulis,2003-06-19,2003,Suomi,Pohjois-Karjala (PK),1000.0,62.737169,30.978723,6962583.0,703248.0,NEUTRAL,HOBBYIST,Observation,Hatikka.fi observations,ETRS-TM35FIN-1km-N6962000-E703000
http://mus.utu.fi/MY.7210703,herkkutatti (fi) — Boletus edulis,Boletus edulis,2003-08-16,2003,Suomi,Etelä-Häme (EH),1000.0,60.988243,23.457727,6766660.0,308407.0,NEUTRAL,PROFESSIONAL,Preserved specimen,TUR-A Fungus collections of the the Åbo Akademi,ETRS-TM35FIN-1km-N6766000-E308000
http://id.luomus.fi/MY.3244974,herkkutatti (fi) — Boletus edulis,Boletus edulis,2003-08-18,2003,Suomi,Laatokan Karjala (LK),1000.0,61.600009,29.719451,6832635.0,644272.0,NEUTRAL,PROFESSIONAL,Preserved specimen,Agaricales Fennoscandiae orientalis,ETRS-TM35FIN-1km-N6832000-E644000
http://id.luomus.fi/MY.3245124,herkkutatti (fi) — Boletus edulis,Boletus edulis,2003-08-18,2003,Suomi,Laatokan Karjala (LK),1000.0,61.671715,29.725757,6840632.0,644272.0,NEUTRAL,PROFESSIONAL,Preserved specimen,Agaricales Fennoscandiae orientalis,ETRS-TM35FIN-1km-N6840000-E644000
http://id.luomus.fi/MY.3245184,herkkutatti (fi) — Boletus edulis,Boletus edulis,2003-08-18,2003,Suomi,Laatokan Karjala (LK),1000.0,61.648097,29.553771,6837633.0,635275.0,NEUTRAL,PROFESSIONAL,Preserved specimen,Agaricales Fennoscandiae orientalis,ETRS-TM35FIN-1km-N6837000-E635000
http://mus.utu.fi/MY.7210711,herkkutatti (fi) — Boletus edulis,Boletus edulis,2003-08-22,2003,Suomi,Etelä-Häme (EH),1000.0,60.9972,23.456729,6767659.0,308407.0,NEUTRAL,PROFESSIONAL,Preserved specimen,TUR-A Fungus collections of the the Åbo Akademi,ETRS-TM35FIN-1km-N6767000-E308000
http://tun.fi/MHU.15018004,herkkutatti sp.,,2003-08-28 - 2003-09-11,2003,Suomi,Pohjois-Karjala (PK),10000.0,62.73186,31.007382,6962083.0,704747.0,NEUTRAL,HOBBYIST,Observation,Hatikka.fi observations,ETRS-TM35FIN-1km-N6962000-E704000
http://id.luomus.fi/MY.3245583,herkkutatti (fi) — Boletus edulis,Boletus edulis,2003-08-31,2003,Suomi,Uusimaa (U),1000.0,60.693099,26.58502,6728676.0,477340.0,NEUTRAL,PROFESSIONAL,Preserved specimen,Agaricales Fennoscandiae orientalis,ETRS-TM35FIN-1km-N6728000-E477000
http://id.luomus.fi/MY.3235706,herkkutatti (fi) — Boletus edulis,Boletus edulis,2004-09-12,2004,Suomi,Etelä-Häme (EH),1000.0,60.677978,24.425747,6729675.0,359387.0,NEUTRAL,PROFESSIONAL,Preserved specimen,Agaricales Fennoscandiae orientalis,ETRS-TM35FIN-1km-N6729000-E359000
http://tun.fi/MHU.235598,herkkutatti (fi) — Boletus edulis,Boletus edulis,2004-09-17,2004,Suomi,Etelä-Savo (ES),100000.0,61.4047,26.811661,6808017.0,489862.0,NEUTRAL,HOBBYIST,Observation,Hatikka.fi observations,ETRS-TM35FIN-1km-N6808000-E489000
http://tun.fi/MHU.243659,herkkutatti (fi) — Boletus edulis,Boletus edulis,2005-08-20,2005,Suomi,Etelä-Savo (ES),100000.0,61.4047,26.811661,6808017.0,489862.0,NEUTRAL,HOBBYIST,Observation,Hatikka.fi observations,ETRS-TM35FIN-1km-N6808000-E489000
http://tun.fi/HR.3211/21567493-U,herkkutatti (fi) — Boletus edulis,Boletus edulis,2005-08-30,2005,Suomi,Pohjois-Karjala (PK),5000.0,62.97489,31.41129,6990462.0,723506.0,COMMUNITY_VERIFIED,AMATEUR,Photographed,iNaturalist Suomi Finland,ETRS-TM35FIN-1km-N6990000-E723000
http://mus.utu.fi/MY.7210707,herkkutatti (fi) — Boletus edulis,Boletus edulis,2005-09-04,2005,Suomi,Koillismaa (Ks),1000.0,66.34396,29.463605,7360422.0,610284.0,NEUTRAL,PROFESSIONAL,Preserved specimen,TUR-A Fungus collections of the the Åbo Akademi,ETRS-TM35FIN-1km-N7360000-E610000
http://id.luomus.fi/MY.8107809,herkkutatti (fi) — Boletus edulis,Boletus edulis,2005-09-22,2005,Suomi,Etelä-Pohjanmaa (EP),1000.0,62.238712,22.309971,6909602.0,256428.0,NEUTRAL,PROFESSIONAL,Preserved specimen,Agaricales Fennoscandiae orientalis,ETRS-TM35FIN-1km-N6909000-E256000
http://tun.fi/MHU.372848,herkkutatti (fi) — Boletus edulis,Boletus edulis,2005-10-25,2005,Suomi,Oulun Pohjanmaa (OP),100000.0,65.204372,25.443245,7232769.0,426326.0,NEUTRAL,HOBBYIST,Observation,Hatikka.fi observations,ETRS-TM35FIN-1km-N7232000-E426000
http://tun.fi/MHU.1724201,herkkutatti (fi) — Boletus edulis,Boletus edulis,2006-09-03,2006,Suomi,Varsinais-Suomi (V),1000.0,60.62277,23.936673,6724677.0,332398.0,NEUTRAL,HOBBYIST,Observation,Hatikka.fi observations,ETRS-TM35FIN-1km-N6724000-E332000
http://tun.fi/MHU.1724278,herkkutatti (fi) — Boletus edulis,Boletus edulis,2006-09-03,2006,Suomi,Etelä-Häme (EH),100000.0,61.039426,24.513134,6769957.0,365326.0,NEUTRAL,HOBBYIST,Observation,Hatikka.fi observations,ETRS-TM35FIN-1km-N6769000-E365000
http://tun.fi/MHU.14474696,herkkutatti (fi) — Boletus edulis,Boletus edulis,2006-09-07,2006,Suomi,Pohjois-Karjala (PK),1000.0,62.774073,30.944483,6966581.0,701248.0,NEUTRAL,HOBBYIST,Observation,Hatikka.fi observations,ETRS-TM35FIN-1km-N6966000-E701000
http://tun.fi/MHU.1734347,herkkutatti (fi) — Boletus edulis,Boletus edulis,2006-09-10,2006,Suomi,Varsinais-Suomi (V),1000.0,60.515225,23.946842,6712682.0,332398.0,NEUTRAL,HOBBYIST,Observation,Hatikka.fi observations,ETRS-TM35FIN-1km-N6712000-E332000
http://tun.fi/MHU.1766090,herkkutatti (fi) — Boletus edulis,Boletus edulis,2006-09-13,2006,Suomi,Etelä-Häme (EH),1.0,60.67454,23.608981,6731319.0,314778.0,NEUTRAL,HOBBYIST,Observation,Hatikka.fi observations,ETRS-TM35FIN-1km-N6731000-E314000
http://tun.fi/MHU.1752709,herkkutatti (fi) — Boletus edulis,Boletus edulis,2006-09-17,2006,Suomi,Etelä-Häme (EH),50000.0,61.618819,25.159546,6833152.0,402303.0,NEUTRAL,HOBBYIST,Observation,Hatikka.fi observations,ETRS-TM35FIN-1km-N6833000-E402000
http://tun.fi/MHU.1758367,herkkutatti (fi) — Boletus edulis,Boletus edulis,2006-09-17,2006,Suomi,Etelä-Häme (EH),1000.0,60.674416,23.840217,6730674.0,327400.0,NEUTRAL,HOBBYIST,Observation,Hatikka.fi observations,ETRS-TM35FIN-1km-N6730000-E327000
http://tun.fi/MHU.1770615,herkkutatti (fi) — Boletus edulis,Boletus edulis,2006-09-21,2006,Suomi,Etelä-Häme (EH),1000.0,60.708953,23.781837,6734673.0,324401.0,NEUTRAL,HOBBYIST,Observation,Hatikka.fi observations,ETRS-TM35FIN-1km-N6734000-E324000
http://tun.fi/MHU.1766949,herkkutatti (fi) — Boletus edulis,Boletus edulis,2006-09-22,2006,Suomi,Etelä-Häme (EH),50000.0,61.00253,25.414856,6764173.0,414178.0,NEUTRAL,HOBBYIST,Observation,Hatikka.fi observations,ETRS-TM35FIN-1km-N6764000-E414000
http://tun.fi/JX.995184#2,herkkutatti (fi) — Boletus edulis,Boletus edulis,2006-09-23,2006,Suomi,Pohjois-Karjala (PK),1000.0,62.854853,29.983737,6972938.0,651844.0,NEUTRAL,HOBBYIST,Observation,"Notebook, general observations",ETRS-TM35FIN-1km-N6972000-E651000
http://tun.fi/MHU.1768645,herkkutatti (fi) — Boletus edulis,Boletus edulis,2006-09-24,2006,Suomi,Etelä-Häme (EH),50000.0,61.00253,25.414856,6764173.0,414178.0,NEUTRAL,HOBBYIST,Observation,Hatikka.fi observations,ETRS-TM35FIN-1km-N6764000-E414000
http://tun.fi/JX.1005776#58,herkkutatti (fi) — Boletus edulis,Boletus edulis,2006-10-09,2006,Suomi,Pohjois-Karjala (PK),1000.0,62.640816,29.770759,6948621.0,642034.0,NEUTRAL,HOBBYIST,Photographed,"Notebook, general observations",ETRS-TM35FIN-1km-N6948000-E642000
http://tun.fi/A.2FCF068F-D492-4E42-B0AA-C62C1924D4DB#U,herkkutatti (fi) — Boletus edulis,Boletus edulis,2007-01-01 - 2007-12-31,2007,,,100000.0,59.886421,22.529739,6647208.0,249931.0,NEUTRAL,HOBBYIST,Observation,Hatikka.fi observations,ETRS-TM35FIN-1km-N6647000-E249000
http://tun.fi/A.6E3A9679-86CC-42B0-AB40-22013B16A184#U,herkkutatti (fi) — Boletus edulis,Boletus edulis,2007-01-01 - 2007-12-31,2007,,,100000.0,59.886421,22.529739,6647208.0,249931.0,NEUTRAL,HOBBYIST,Observation,Hatikka.fi observations,ETRS-TM35FIN-1km-N6647000-E249000
http://tun.fi/JX.10359#7,herkkutatti (fi) — Boletus edulis,Boletus edulis,2007-07-23,2007,Suomi,Uusimaa (U),1000.0,60.313333,24.522565,6688877.0,363145.0,NEUTRAL,HOBBYIST,Photographed,The Atlas of Finnish Fungi,ETRS-TM35FIN-1km-N6688000-E363000
http://tun.fi/MHU.2938603,herkkutatti (fi) — Boletus edulis,Boletus edulis,2007-07-23,2007,Suomi,Oulun Pohjanmaa (OP),10.0,64.979772,25.501591,7207038.0,429292.0,NEUTRAL,HOBBYIST,Observation,Hatikka.fi observations,ETRS-TM35FIN-1km-N7207000-E429000
http://tun.fi/MHU.2871082,herkkutatti (fi) — Boletus edulis,Boletus edulis,2007-07-25,2007,Suomi,Etelä-Häme (EH),1.0,61.766532,23.833353,6852242.0,332920.0,NEUTRAL,HOBBYIST,Observation,Hatikka.fi observations,ETRS-TM35FIN-1km-N6852000-E332000
http://tun.fi/MHU.2904149,herkkutatti (fi) — Boletus edulis,Boletus edulis,2007-07-29,2007,Suomi,Satakunta (St),1.0,61.662459,23.241835,6842325.0,301063.0,NEUTRAL,HOBBYIST,Observation,Hatikka.fi observations,ETRS-TM35FIN-1km-N6842000-E301000
http://tun.fi/MHU.2923978,herkkutatti (fi) — Boletus edulis,Boletus edulis,2007-08-03,2007,Suomi,Satakunta (St),10000.0,61.524432,21.825073,6832133.0,224940.0,NEUTRAL,HOBBYIST,Observation,Hatikka.fi observations,ETRS-TM35FIN-1km-N6832000-E224000
http://tun.fi/MHU.2933372,herkkutatti (fi) — Boletus edulis,Boletus edulis,2007-08-06,2007,Suomi,Etelä-Häme (EH),10000.0,60.682268,23.610511,6732174.0,314905.0,NEUTRAL,HOBBYIST,Observation,Hatikka.fi observations,ETRS-TM35FIN-1km-N6732000-E314000
http://id.luomus.fi/MY.3269880,Boletus edulis var. arcticus,,2007-08-23,2007,Suomi,Kittilän Lappi (KiL),1000.0,68.049878,24.059509,7551345.0,377377.0,NEUTRAL,PROFESSIONAL,Preserved specimen,Agaricales Fennoscandiae orientalis,ETRS-TM35FIN-1km-N7551000-E377000
http://tun.fi/JX.36394#4,herkkutatti (fi) — Boletus edulis,Boletus edulis,2007-09-02 [14:30-15:30],2007,Suomi,Uusimaa (U),1000.0,60.222141,24.917447,6677972.0,384633.0,NEUTRAL,HOBBYIST,Photographed,The Atlas of Finnish Fungi,ETRS-TM35FIN-1km-N6677000-E384000
http://tun.fi/MHU.3067784,herkkutatti (fi) — Boletus edulis,Boletus edulis,2007-09-12,2007,Suomi,Uusimaa (U),1.0,60.220378,24.785059,6678015.0,377295.0,NEUTRAL,HOBBYIST,Observation,Hatikka.fi observations,ETRS-TM35FIN-1km-N6678000-E377000
http://tun.fi/MHU.3067949,herkkutatti (fi) — Boletus edulis,Boletus edulis,2007-09-20,2007,Suomi,Uusimaa (U),1.0,60.300395,24.593975,6687293.0,367037.0,NEUTRAL,HOBBYIST,Observation,Hatikka.fi observations,ETRS-TM35FIN-1km-N6687000-E367000
http://tun.fi/MHU.3144515,herkkutatti (fi) — Boletus edulis,Boletus edulis,2007-10-28,2007,Suomi,Pohjois-Häme (PH),1.0,62.420466,24.748657,6923048.0,383727.0,NEUTRAL,HOBBYIST,Observation,Hatikka.fi observations,ETRS-TM35FIN-1km-N6923000-E383000
http://tun.fi/A.08F197A9-DA85-4823-B6CF-71B445A54B28#U,herkkutatti (fi) — Boletus edulis,Boletus edulis,2008-01-01 - 2008-12-31,2008,,,100000.0,59.934902,24.313583,6647208.0,349891.0,NEUTRAL,HOBBYIST,Observation,Hatikka.fi observations,ETRS-TM35FIN-1km-N6647000-E349000
http://tun.fi/A.2D18E3DA-178E-49D2-8665-428E30ED09A4#U,herkkutatti (fi) — Boletus edulis,Boletus edulis,2008-01-01 - 2008-12-31,2008,,,100000.0,59.934902,24.313583,6647208.0,349891.0,NEUTRAL,HOBBYIST,Observation,Hatikka.fi observations,ETRS-TM35FIN-1km-N6647000-E349000
http://tun.fi/A.7CF9782C-B680-41F4-A6F6-3DF4ED1321E7#U,herkkutatti (fi) — Boletus edulis,Boletus edulis,2008-01-01 - 2008-12-31,2008,,,100000.0,59.934902,24.313583,6647208.0,349891.0,NEUTRAL,HOBBYIST,Observation,Hatikka.fi observations,ETRS-TM35FIN-1km-N6647000-E349000
http://tun.fi/A.AAA5FFB4-6A9D-46A3-9C98-5E35F7DBD359#U,herkkutatti (fi) — Boletus edulis,Boletus edulis,2008-01-01 - 2008-12-31,2008,,,100000.0,59.934902,24.313583,6647208.0,349891.0,NEUTRAL,HOBBYIST,Observation,Hatikka.fi observations,ETRS-TM35FIN-1km-N6647000-E349000
http://tun.fi/A.B4B3DB84-09AC-4D75-9279-86587C01BDAB#U,herkkutatti (fi) — Boletus edulis,Boletus edulis,2008-01-01 - 2008-12-31,2008,,,100000.0,59.934902,24.313583,6647208.0,349891.0,NEUTRAL,HOBBYIST,Observation,Hatikka.fi observations,ETRS-TM35FIN-1km-N6647000-E349000
http://tun.fi/A.E5616A1A-B888-4AA6-AAC8-62931A69AB6E#U,herkkutatti (fi) — Boletus edulis,Boletus edulis,2008-01-01 - 2008-12-31,2008,,,100000.0,59.934902,24.313583,6647208.0,349891.0,NEUTRAL,HOBBYIST,Observation,Hatikka.fi observations,ETRS-TM35FIN-1km-N6647000-E349000
http://tun.fi/MHU.10308855,herkkutatti (fi) — Boletus edulis,Boletus edulis,2008-06-29,2008,Suomi,Pohjois-Häme (PH),1.0,62.399332,24.949507,6920349.0,394023.0,NEUTRAL,HOBBYIST,Observation,Hatikka.fi observations,ETRS-TM35FIN-1km-N6920000-E394000
http://tun.fi/MHU.12337340,herkkutatti (fi) — Boletus edulis,Boletus edulis,2008-08-01 - 2008-08-25,2008,Suomi,Perä-Pohjanmaa (PeP),10000.0,65.728506,24.489565,7291949.0,384874.0,NEUTRAL,HOBBYIST,Observation,Hatikka.fi observations,ETRS-TM35FIN-1km-N7291000-E384000
http://tun.fi/JX.8948#7,herkkutatti (fi) — Boletus edulis,Boletus edulis,2008-08-20,2008,Suomi,Uusimaa (U),100.0,60.236158,24.636598,6680055.0,369134.0,NEUTRAL,HOBBYIST,Photographed,The Atlas of Finnish Fungi,ETRS-TM35FIN-1km-N6680000-E369000
http://id.luomus.fi/MY.3243963,herkkutatti (fi) — Boletus edulis,Boletus edulis,2008-08-22,2008,Suomi,Uusimaa (U),25000.0,60.131924,24.720795,6668307.0,373310.0,NEUTRAL,PROFESSIONAL,Preserved specimen,Agaricales Fennoscandiae orientalis,ETRS-TM35FIN-1km-N6668000-E373000
http://id.luomus.fi/MY.3243408,herkkutatti (fi) — Boletus edulis,Boletus edulis,2008-08-28,2008,Suomi,Sompion Lappi (SoL),10.0,67.172051,27.172073,7450570.0,507450.0,NEUTRAL,PROFESSIONAL,Preserved specimen,Agaricales Fennoscandiae orientalis,ETRS-TM35FIN-1km-N7450000-E507000
http://tun.fi/MHU.12618764,herkkutatti (fi) — Boletus edulis,Boletus edulis,2008-08-30 - 2008-09-06,2008,Suomi,Etelä-Pohjanmaa (EP),50000.0,62.502566,21.811469,6940937.0,232866.0,NEUTRAL,HOBBYIST,Observation,Hatikka.fi observations,ETRS-TM35FIN-1km-N6940000-E232000
http://tun.fi/HR.3211/337573246-U,herkkutatti (fi) — Boletus edulis,Boletus edulis,2008-09-10,2008,Suomi,Satakunta (St),4252.0,61.45339,22.05538,6823285.0,236565.0,COMMUNITY_VERIFIED,AMATEUR,Photographed,iNaturalist Suomi Finland,ETRS-TM35FIN-1km-N6823000-E236000
http://tun.fi/A.C853D436-C984-471A-BD50-3C61B5A864BC#U,herkkutatti (fi) — Boletus edulis,Boletus edulis,2009-01-01 - 2009-12-31,2009,,,100000.0,59.934902,24.313583,6647208.0,349891.0,NEUTRAL,HOBBYIST,Observation,Hatikka.fi observations,ETRS-TM35FIN-1km-N6647000-E349000
http://tun.fi/A.D0EB61B8-A1F7-4D66-8B0C-22A33DD69D35#U,herkkutatti (fi) — Boletus edulis,Boletus edulis,2009-01-01 - 2009-12-31,2009,,,100000.0,59.934902,24.313583,6647208.0,349891.0,NEUTRAL,HOBBYIST,Observation,Hatikka.fi observations,ETRS-TM35FIN-1km-N6647000-E349000
http://tun.fi/A.F9001A40-1E97-41E0-A39D-E19C5CDC68F6#U,herkkutatti (fi) — Boletus edulis,Boletus edulis,2009-01-01 - 2009-12-31,2009,,,100000.0,59.934902,24.313583,6647208.0,349891.0,NEUTRAL,HOBBYIST,Observation,National Butterfly Recording Scheme in Finland,ETRS-TM35FIN-1km-N6647000-E349000
http://tun.fi/A.FAEC3431-ADF7-4758-917C-734A93153B15#U,herkkutatti (fi) — Boletus edulis,Boletus edulis,2009-01-01 - 2009-12-31,2009,,,100000.0,59.934902,24.313583,6647208.0,349891.0,NEUTRAL,HOBBYIST,Observation,Hatikka.fi observations,ETRS-TM35FIN-1km-N6647000-E349000
http://tun.fi/MHU.24867906,herkkutatti (fi) — Boletus edulis,Boletus edulis,2009-06-16,2009,Suomi,Etelä-Häme (EH),100.0,60.782474,24.196042,6741820.0,347342.0,NEUTRAL,HOBBYIST,Observation,Hatikka.fi observations,ETRS-TM35FIN-1km-N6741000-E347000
http://tun.fi/MHU.27880376,herkkutatti (fi) — Boletus edulis,Boletus edulis,2009-08-08,2009,Suomi,Etelä-Häme (EH),1.0,60.68618,23.847359,6731966.0,327853.0,NEUTRAL,HOBBYIST,Observation,Hatikka.fi observations,ETRS-TM35FIN-1km-N6731000-E327000
http://tun.fi/MHU.28649739,herkkutatti (fi) — Boletus edulis,Boletus edulis,2009-08-10,2009,Suomi,Varsinais-Suomi (V),1.0,60.358225,24.614146,6693690.0,368384.0,NEUTRAL,HOBBYIST,Observation,National Butterfly Recording Scheme in Finland,ETRS-TM35FIN-1km-N6693000-E368000
http://tun.fi/MHU.28649759,herkkutatti (fi) — Boletus edulis,Boletus edulis,2009-08-11,2009,Suomi,Uusimaa (U),1.0,60.214967,24.785226,6677412.0,377284.0,NEUTRAL,HOBBYIST,Observation,Hatikka.fi observations,ETRS-TM35FIN-1km-N6677000-E377000
http://tun.fi/KE.8_1046084#8,herkkutatti (fi) — Boletus edulis,Boletus edulis,2009-08-28,2009,Suomi,Varsinais-Suomi (V),1000.0,60.482439,22.220087,6714680.0,237436.0,NEUTRAL,HOBBYIST,Observation,Hatikka.fi observations,ETRS-TM35FIN-1km-N6714000-E237000
http://tun.fi/JX.1620498#5,herkkutatti (fi) — Boletus edulis,Boletus edulis,2009-09-02,2009,Suomi,Pohjois-Savo (PS),1000.0,62.870753,28.468026,6972041.0,574683.0,NEUTRAL,HOBBYIST,Photographed,The Atlas of Finnish Fungi,ETRS-TM35FIN-1km-N6972000-E574000
http://tun.fi/MHU.28675747,herkkutatti (fi) — Boletus edulis,Boletus edulis,2009-09-02,2009,Suomi,Uusimaa (U),1.0,60.197291,24.765064,6675482.0,376100.0,NEUTRAL,HOBBYIST,Observation,Hatikka.fi observations,ETRS-TM35FIN-1km-N6675000-E376000
http://tun.fi/HR.3211/46566645-U,herkkutatti (fi) — Boletus edulis,Boletus edulis,2009-09-18,2009,Suomi,Etelä-Savo (ES),123.0,61.09031,28.24112,6773482.0,566935.0,COMMUNITY_VERIFIED,AMATEUR,Photographed,iNaturalist Suomi Finland,ETRS-TM35FIN-1km-N6773000-E566000
http://tun.fi/MHU.29856082,herkkutatti (fi) — Boletus edulis,Boletus edulis,2010-08-23,2010,Suomi,Varsinais-Suomi (V),1.0,60.200152,23.889525,6677765.0,327598.0,NEUTRAL,HOBBYIST,Observation,Hatikka.fi observations,ETRS-TM35FIN-1km-N6677000-E327000
http://id.luomus.fi/MY.3276866,herkkutatti (fi) — Boletus edulis,Boletus edulis,2010-08-25,2010,Suomi,Etelä-Häme (EH),100.0,61.145592,24.795466,6781004.0,381328.0,NEUTRAL,PROFESSIONAL,Preserved specimen,Agaricales Fennoscandiae orientalis,ETRS-TM35FIN-1km-N6781000-E381000
http://tun.fi/MHU.29837113,herkkutatti (fi) — Boletus edulis,Boletus edulis,2010-08-29,2010,Suomi,Pohjois-Karjala (PK),1.0,62.927981,29.706244,6980456.0,637387.0,NEUTRAL,HOBBYIST,Observation,Hatikka.fi observations,ETRS-TM35FIN-1km-N6980000-E637000
http://tun.fi/MHU.29856000,herkkutatti (fi) — Boletus edulis,Boletus edulis,2010-09-02,2010,Suomi,Uusimaa (U),1.0,60.409076,25.235169,6698274.0,402788.0,NEUTRAL,HOBBYIST,Observation,Hatikka.fi observations,ETRS-TM35FIN-1km-N6698000-E402000
http://tun.fi/MHU.29841380,herkkutatti (fi) — Boletus edulis,Boletus edulis,2010-09-05,2010,Suomi,Etelä-Häme (EH),1000.0,61.095488,26.246074,6773658.0,459347.0,NEUTRAL,HOBBYIST,Observation,Hatikka.fi observations,ETRS-TM35FIN-1km-N6773000-E459000
http://tun.fi/HR.3211/131499850-U,herkkutatti (fi) — Boletus edulis,Boletus edulis,2010-09-07,2010,Suomi,Uusimaa (U),188.0,60.26618,24.63578,6683400.0,369210.0,COMMUNITY_VERIFIED,AMATEUR,Photographed,iNaturalist Suomi Finland,ETRS-TM35FIN-1km-N6683000-E369000
http://tun.fi/KE.8_1053117#48,herkkutatti (fi) — Boletus edulis,Boletus edulis,2010-09-08,2010,Suomi,Etelä-Pohjanmaa (EP),10000.0,62.045492,21.353109,6892109.0,204948.0,NEUTRAL,HOBBYIST,Observation,Hatikka.fi observations,ETRS-TM35FIN-1km-N6892000-E204000
http://tun.fi/KE.921/LGE.250682/486523,herkkutatti (fi) — Boletus edulis,Boletus edulis,2010-09-09,2010,Suomi,Uusimaa (U),10.0,60.277802,25.173823,6683749.0,399005.0,NEUTRAL,PROFESSIONAL,Observation,LajiGIS: Species mapping and surveys,ETRS-TM35FIN-1km-N6683000-E399000
http://tun.fi/MHU.29847141,herkkutatti (fi) — Boletus edulis,Boletus edulis,2010-09-09,2010,Suomi,Etelä-Häme (EH),1000.0,61.095488,26.246074,6773658.0,459347.0,NEUTRAL,HOBBYIST,Observation,Hatikka.fi observations,ETRS-TM35FIN-1km-N6773000-E459000
http://tun.fi/KE.8_1016864#3,herkkutatti (fi) — Boletus edulis,Boletus edulis,2010-09-10 [12:00-15:00],2010,Suomi,Etelä-Häme (EH),1000.0,61.777806,23.628681,6854040.0,322193.0,NEUTRAL,HOBBYIST,Observation,Hatikka.fi observations,ETRS-TM35FIN-1km-N6854000-E322000
http://tun.fi/MHU.29857474,herkkutatti (fi) — Boletus edulis,Boletus edulis,2010-09-12,2010,Suomi,Uusimaa (U),1.0,60.230801,24.79414,6679158.0,377837.0,NEUTRAL,HOBBYIST,Observation,Hatikka.fi observations,ETRS-TM35FIN-1km-N6679000-E377000
http://tun.fi/HR.3211/318440353-U,herkkutatti (fi) — Boletus edulis,Boletus edulis,2010-09-14,2010,Suomi,Pohjois-Häme (PH),10.0,63.08096,25.84157,6995138.0,441488.0,COMMUNITY_VERIFIED,AMATEUR,Photographed,iNaturalist Suomi Finland,ETRS-TM35FIN-1km-N6995000-E441000
http://tun.fi/KE.8_1053165#15,herkkutatti (fi) — Boletus edulis,Boletus edulis,2010-09-14,2010,Suomi,Kainuu (Kn),1000.0,64.035438,29.585544,7103526.0,626278.0,NEUTRAL,HOBBYIST,Observation,Hatikka.fi observations,ETRS-TM35FIN-1km-N7103000-E626000
http://tun.fi/KE.8_1053170#46,herkkutatti (fi) — Boletus edulis,Boletus edulis,2010-09-15,2010,Suomi,Etelä-Savo (ES),1000.0,62.044617,29.472245,6881615.0,629278.0,NEUTRAL,HOBBYIST,Observation,Hatikka.fi observations,ETRS-TM35FIN-1km-N6881000-E629000
http://tun.fi/KE.8_1053199#39,herkkutatti (fi) — Boletus edulis,Boletus edulis,2010-09-16,2010,Suomi,Etelä-Savo (ES),10000.0,61.979859,27.664417,6872118.0,534816.0,NEUTRAL,HOBBYIST,Observation,Hatikka.fi observations,ETRS-TM35FIN-1km-N6872000-E534000
http://tun.fi/MHU.29862567,herkkutatti (fi) — Boletus edulis,Boletus edulis,2010-09-16,2010,Suomi,Etelä-Häme (EH),1000.0,61.095488,26.246074,6773658.0,459347.0,NEUTRAL,HOBBYIST,Observation,Hatikka.fi observations,ETRS-TM35FIN-1km-N6773000-E459000
http://tun.fi/MHU.29862620,herkkutatti (fi) — Boletus edulis,Boletus edulis,2010-09-18,2010,Suomi,Etelä-Häme (EH),1000.0,61.077644,26.265026,6771659.0,460346.0,NEUTRAL,HOBBYIST,Observation,Hatikka.fi observations,ETRS-TM35FIN-1km-N6771000-E460000
http://tun.fi/MHU.29867118,herkkutatti (fi) — Boletus edulis,Boletus edulis,2010-09-20,2010,Suomi,Etelä-Häme (EH),1000.0,61.095488,26.246074,6773658.0,459347.0,NEUTRAL,HOBBYIST,Observation,Hatikka.fi observations,ETRS-TM35FIN-1km-N6773000-E459000
http://tun.fi/MHU.29885492,herkkutatti (fi) — Boletus edulis,Boletus edulis,2010-09-25,2010,Suomi,Etelä-Häme (EH),1000.0,61.077644,26.265026,6771659.0,460346.0,NEUTRAL,HOBBYIST,Observation,Hatikka.fi observations,ETRS-TM35FIN-1km-N6771000-E460000
http://tun.fi/KE.8_1052693#3,herkkutatti (fi) — Boletus edulis,Boletus edulis,2010-10-07,2010,Suomi,Varsinais-Suomi (V),1000.0,60.491383,22.218768,6715680.0,237436.0,NEUTRAL,HOBBYIST,Observation,Hatikka.fi observations,ETRS-TM35FIN-1km-N6715000-E237000
http://tun.fi/KE.8_1052694#3,herkkutatti (fi) — Boletus edulis,Boletus edulis,2010-10-07,2010,Suomi,Varsinais-Suomi (V),1000.0,60.499674,22.199315,6716680.0,236436.0,NEUTRAL,HOBBYIST,Observation,Hatikka.fi observations,ETRS-TM35FIN-1km-N6716000-E236000
http://tun.fi/MHU.29888961,herkkutatti (fi) — Boletus edulis,Boletus edulis,2010-10-07,2010,Suomi,Etelä-Häme (EH),1000.0,61.095488,26.246074,6773658.0,459347.0,NEUTRAL,HOBBYIST,Observation,Hatikka.fi observations,ETRS-TM35FIN-1km-N6773000-E459000
http://tun.fi/KE.8_1052612#4,herkkutatti (fi) — Boletus edulis,Boletus edulis,2010-10-23,2010,Suomi,Varsinais-Suomi (V),1000.0,60.482439,22.220087,6714680.0,237436.0,NEUTRAL,HOBBYIST,Observation,Hatikka.fi observations,ETRS-TM35FIN-1km-N6714000-E237000
http://tun.fi/KE.8_1052823#2,herkkutatti (fi) — Boletus edulis,Boletus edulis,2010-10-25,2010,Suomi,Varsinais-Suomi (V),1000.0,60.491383,22.218768,6715680.0,237436.0,NEUTRAL,HOBBYIST,Observation,Hatikka.fi observations,ETRS-TM35FIN-1km-N6715000-E237000
http://tun.fi/A.24374A63-4DC4-4318-B2BC-D33E005DB6B4#U,herkkutatti (fi) — Boletus edulis,Boletus edulis,2011-01-01 - 2011-12-31,2011,,,100000.0,59.934902,24.313583,6647208.0,349891.0,NEUTRAL,HOBBYIST,Observation,Hatikka.fi observations,ETRS-TM35FIN-1km-N6647000-E349000
http://tun.fi/KE.8_1032934#3,herkkutatti (fi) — Boletus edulis,Boletus edulis,2011-07-06,2011,Suomi,Varsinais-Suomi (V),1000.0,60.532809,22.121405,6720678.0,232438.0,NEUTRAL,HOBBYIST,Observation,Hatikka.fi observations,ETRS-TM35FIN-1km-N6720000-E232000
http://tun.fi/KE.8_1034009#6,herkkutatti (fi) — Boletus edulis,Boletus edulis,2011-07-20,2011,Suomi,Varsinais-Suomi (V),5000.0,60.646889,22.341059,6732521.0,245369.0,NEUTRAL,HOBBYIST,Observation,Hatikka.fi observations,ETRS-TM35FIN-1km-N6732000-E245000
http://tun.fi/KE.8_1034427#2,herkkutatti (fi) — Boletus edulis,Boletus edulis,2011-07-22 [8:55] - 2012-09-25 [18:03],2011,Suomi,Etelä-Häme (EH),1.0,60.662751,23.609544,6730005.0,314741.0,NEUTRAL,HOBBYIST,Photographed,Hatikka.fi observations,ETRS-TM35FIN-1km-N6730000-E314000
http://tun.fi/KE.8_1034427#3,herkkutatti (fi) — Boletus edulis,Boletus edulis,2011-07-22 [8:55] - 2012-09-25 [18:03],2011,Suomi,Etelä-Häme (EH),1.0,60.662751,23.609544,6730005.0,314741.0,NEUTRAL,HOBBYIST,Photographed,Hatikka.fi observations,ETRS-TM35FIN-1km-N6730000-E314000
http://tun.fi/KE.8_1034197#30,herkkutatti (fi) — Boletus edulis,Boletus edulis,2011-07-24,2011,Suomi,Varsinais-Suomi (V),1000.0,60.502269,22.271852,6716680.0,240435.0,NEUTRAL,HOBBYIST,Observation,Hatikka.fi observations,ETRS-TM35FIN-1km-N6716000-E240000
http://tun.fi/HR.3211/66217128-U,herkkutatti (fi) — Boletus edulis,Boletus edulis,2011-08-18,2011,Suomi,Perä-Pohjanmaa (PeP),15.0,66.25997,25.21615,7350030.0,419872.0,COMMUNITY_VERIFIED,AMATEUR,Photographed,iNaturalist Suomi Finland,ETRS-TM35FIN-1km-N7350000-E419000
http://tun.fi/HR.3211/96384692-U,herkkutatti (fi) — Boletus edulis,Boletus edulis,2011-08-20,2011,Suomi,Etelä-Häme (EH),15625.0,60.69064,23.87995,6732377.0,329656.0,COMMUNITY_VERIFIED,AMATEUR,Photographed,iNaturalist Suomi Finland,ETRS-TM35FIN-1km-N6732000-E329000
http://tun.fi/KE.8_1036755#45,herkkutatti (fi) — Boletus edulis,Boletus edulis,2011-08-23,2011,Suomi,Keski-Pohjanmaa (KP),10000.0,62.845746,23.952867,6972077.0,344892.0,NEUTRAL,HOBBYIST,Observation,Hatikka.fi observations,ETRS-TM35FIN-1km-N6972000-E344000
http://tun.fi/JX.997183#67,herkkutatti (fi) — Boletus edulis,Boletus edulis,2011-08-23 - 2011-08-27,2011,Suomi,Pohjois-Savo (PS),1000.0,62.834495,27.495702,6967249.0,525251.0,NEUTRAL,HOBBYIST,Observation,The Atlas of Finnish Fungi,ETRS-TM35FIN-1km-N6967000-E525000
http://tun.fi/JX.139728#2,herkkutatti (fi) — Boletus edulis,Boletus edulis,2011-08-26,2011,Suomi,Keski-Pohjanmaa (KP),1.0,64.035311,23.427638,7105841.0,325559.0,NEUTRAL,HOBBYIST,Photographed,The Atlas of Finnish Fungi,ETRS-TM35FIN-1km-N7105000-E325000
http://tun.fi/KE.8_1036287#3,herkkutatti (fi) — Boletus edulis,Boletus edulis,2011-08-28,2011,Suomi,Uusimaa (U),100.0,60.216047,24.793997,6677515.0,377773.0,NEUTRAL,HOBBYIST,Observation,Hatikka.fi observations,ETRS-TM35FIN-1km-N6677000-E377000
http://tun.fi/MHU.30440797,herkkutatti (fi) — Boletus edulis,Boletus edulis,2011-09-02 - 2011-09-04,2011,Suomi,Etelä-Häme (EH),1000.0,61.173664,25.872514,6782654.0,439355.0,NEUTRAL,HOBBYIST,Observation,Hatikka.fi observations,ETRS-TM35FIN-1km-N6782000-E439000
http://tun.fi/KE.8_1036679#4,herkkutatti (fi) — Boletus edulis,Boletus edulis,2011-09-08,2011,Suomi,Uusimaa (U),1000.0,60.22387,24.789536,6678394.0,377555.0,NEUTRAL,HOBBYIST,Observation,Hatikka.fi observations,ETRS-TM35FIN-1km-N6678000-E377000
http://tun.fi/MHU.30443622,herkkutatti (fi) — Boletus edulis,Boletus edulis,2011-09-16 - 2011-09-18,2011,Suomi,Etelä-Häme (EH),1000.0,61.173664,25.872514,6782654.0,439355.0,NEUTRAL,HOBBYIST,Observation,Hatikka.fi observations,ETRS-TM35FIN-1km-N6782000-E439000
http://tun.fi/KE.8_1197409#15,herkkutatti (fi) — Boletus edulis,Boletus edulis,2012-01-01 - 2016-12-31,2012,Suomi,,,,,,,NEUTRAL,HOBBYIST,Photographed,Hatikka.fi observations,
http://tun.fi/KE.8_1063645#2,herkkutatti (fi) — Boletus edulis,Boletus edulis,2012-07-10,2012,Suomi,Varsinais-Suomi (V),1.0,60.5066,22.271314,6717164.0,240441.0,NEUTRAL,HOBBYIST,Observation,Hatikka.fi observations,ETRS-TM35FIN-1km-N6717000-E240000
http://tun.fi/KE.921/LGE.250699/487083,herkkutatti (fi) — Boletus edulis,Boletus edulis,2012-07-22,2012,Suomi,Pohjois-Karjala (PK),1.0,63.083975,29.815467,6998062.0,642168.0,NEUTRAL,PROFESSIONAL,Observation,LajiGIS: Species mapping and surveys,ETRS-TM35FIN-1km-N6998000-E642000
http://tun.fi/KE.921/LGE.250701/487267,herkkutatti (fi) — Boletus edulis,Boletus edulis,2012-07-27,2012,Suomi,Pohjois-Karjala (PK),1.0,63.038606,28.49329,6990769.0,575535.0,NEUTRAL,PROFESSIONAL,Observation,LajiGIS: Species mapping and surveys,ETRS-TM35FIN-1km-N6990000-E575000
http://tun.fi/KE.921/LGE.250701/487297,herkkutatti (fi) — Boletus edulis,Boletus edulis,2012-07-27,2012,Suomi,Pohjois-Karjala (PK),1.0,63.038319,28.492385,6990736.0,575490.0,NEUTRAL,PROFESSIONAL,Observation,LajiGIS: Species mapping and surveys,ETRS-TM35FIN-1km-N6990000-E575000
http://tun.fi/KE.921/LGE.250702/487348,herkkutatti (fi) — Boletus edulis,Boletus edulis,2012-07-28,2012,Suomi,Pohjois-Karjala (PK),1.0,63.038506,28.483122,6990746.0,575021.0,NEUTRAL,PROFESSIONAL,Observation,LajiGIS: Species mapping and surveys,ETRS-TM35FIN-1km-N6990000-E575000
http://tun.fi/KE.921/LGE.250702/487418,herkkutatti (fi) — Boletus edulis,Boletus edulis,2012-07-28,2012,Suomi,Pohjois-Karjala (PK),1.0,63.040225,28.491277,6990947.0,575429.0,NEUTRAL,PROFESSIONAL,Observation,LajiGIS: Species mapping and surveys,ETRS-TM35FIN-1km-N6990000-E575000
http://tun.fi/KE.921/LGE.250655/485811,herkkutatti (fi) — Boletus edulis,Boletus edulis,2012-08-03,2012,Suomi,Uusimaa (U),1.0,60.347176,25.212391,6691415.0,401347.0,NEUTRAL,PROFESSIONAL,Observation,LajiGIS: Species mapping and surveys,ETRS-TM35FIN-1km-N6691000-E401000
http://tun.fi/JX.1199797#17,herkkutatti (fi) — Boletus edulis,Boletus edulis,2012-08-10,2012,Suomi,Uusimaa (U),1000.0,60.477393,25.064532,6706143.0,393614.0,NEUTRAL,HOBBYIST,Observation,The Atlas of Finnish Fungi,ETRS-TM35FIN-1km-N6706000-E393000
http://tun.fi/KE.921/LGE.250715/487646,herkkutatti (fi) — Boletus edulis,Boletus edulis,2012-08-11,2012,Suomi,Pohjois-Karjala (PK),10.0,63.107637,29.807526,7000679.0,641652.0,NEUTRAL,PROFESSIONAL,Observation,LajiGIS: Species mapping and surveys,ETRS-TM35FIN-1km-N7000000-E641000
http://tun.fi/JX.1199794#4,herkkutatti (fi) — Boletus edulis,Boletus edulis,2012-08-21,2012,Suomi,Uusimaa (U),10000.0,60.442185,25.089385,6702186.0,394873.0,NEUTRAL,HOBBYIST,Observation,The Atlas of Finnish Fungi,ETRS-TM35FIN-1km-N6702000-E394000
http://tun.fi/KE.921/LGE.250722/488114,herkkutatti (fi) — Boletus edulis,Boletus edulis,2012-08-22,2012,Suomi,Pohjois-Karjala (PK),10.0,63.055918,29.89421,6995115.0,646283.0,NEUTRAL,PROFESSIONAL,Observation,LajiGIS: Species mapping and surveys,ETRS-TM35FIN-1km-N6995000-E646000
http://tun.fi/KE.921/LGE.971559/2681963,herkkutatti (fi) — Boletus edulis,Boletus edulis,2012-08-22,2012,Suomi,Pohjois-Karjala (PK),10.0,63.050254,29.904118,6994507.0,646812.0,NEUTRAL,PROFESSIONAL,Seen,LajiGIS: Species mapping and surveys,ETRS-TM35FIN-1km-N6994000-E646000
http://tun.fi/JX.996582#31,herkkutatti (fi) — Boletus edulis,Boletus edulis,2012-08-25,2012,Suomi,Pohjois-Savo (PS),1000.0,62.854501,27.67161,6969557.0,534188.0,NEUTRAL,HOBBYIST,Photographed,The Atlas of Finnish Fungi,ETRS-TM35FIN-1km-N6969000-E534000
http://tun.fi/KE.8_1068191#3,herkkutatti (fi) — Boletus edulis,Boletus edulis,2012-09-02,2012,Suomi,Varsinais-Suomi (V),1000.0,60.486173,22.228493,6715066.0,237923.0,NEUTRAL,HOBBYIST,Observation,Hatikka.fi observations,ETRS-TM35FIN-1km-N6715000-E237000
http://tun.fi/KE.921/LGE.251484/493702,herkkutatti (fi) — Boletus edulis,Boletus edulis,2012-09-03,2012,Suomi,Varsinais-Suomi (V),1.0,60.060555,22.733432,6665822.0,262567.0,NEUTRAL,PROFESSIONAL,Observation,LajiGIS: Species mapping and surveys,ETRS-TM35FIN-1km-N6665000-E262000
http://tun.fi/JX.1199742#7,herkkutatti (fi) — Boletus edulis,Boletus edulis,2012-09-05,2012,Suomi,Uusimaa (U),10000.0,60.442185,25.089385,6702186.0,394873.0,NEUTRAL,HOBBYIST,Observation,The Atlas of Finnish Fungi,ETRS-TM35FIN-1km-N6702000-E394000
http://tun.fi/KE.921/LGE.251485/493764,herkkutatti (fi) — Boletus edulis,Boletus edulis,2012-09-10,2012,Suomi,Etelä-Häme (EH),1.0,60.596648,23.346299,6723422.0,299957.0,NEUTRAL,PROFESSIONAL,Observation,LajiGIS: Species mapping and surveys,ETRS-TM35FIN-1km-N6723000-E299000
http://tun.fi/HR.3211/129872862-U,herkkutatti (fi) — Boletus edulis,Boletus edulis,2012-09-13,2012,Suomi,Uusimaa (U),367.0,60.7303,26.41869,6732889.0,468294.0,COMMUNITY_VERIFIED,AMATEUR,Photographed,iNaturalist Suomi Finland,ETRS-TM35FIN-1km-N6732000-E468000
http://tun.fi/HR.3211/129873263-U,herkkutatti (fi) — Boletus edulis,Boletus edulis,2012-09-13,2012,Suomi,Uusimaa (U),367.0,60.7303,26.41869,6732889.0,468294.0,COMMUNITY_VERIFIED,AMATEUR,Photographed,iNaturalist Suomi Finland,ETRS-TM35FIN-1km-N6732000-E468000
http://tun.fi/HR.3211/129874633-U,herkkutatti (fi) — Boletus edulis,Boletus edulis,2012-09-13,2012,Suomi,Uusimaa (U),367.0,60.7303,26.41869,6732889.0,468294.0,COMMUNITY_VERIFIED,AMATEUR,Photographed,iNaturalist Suomi Finland,ETRS-TM35FIN-1km-N6732000-E468000
http://tun.fi/HR.3211/129876514-U,herkkutatti (fi) — Boletus edulis,Boletus edulis,2012-09-13,2012,Suomi,Uusimaa (U),367.0,60.7303,26.41869,6732889.0,468294.0,COMMUNITY_VERIFIED,AMATEUR,Photographed,iNaturalist Suomi Finland,ETRS-TM35FIN-1km-N6732000-E468000
http://tun.fi/HR.3211/302658644-U,herkkutatti (fi) — Boletus edulis,Boletus edulis,2012-09-14,2012,Suomi,Varsinais-Suomi (V),703.0,60.58494,21.84237,6727641.0,217612.0,COMMUNITY_VERIFIED,AMATEUR,Photographed,iNaturalist Suomi Finland,ETRS-TM35FIN-1km-N6727000-E217000
http://tun.fi/KE.921/LGE.251494/493845,herkkutatti (fi) — Boletus edulis,Boletus edulis,2012-09-20,2012,Suomi,Etelä-Häme (EH),1.0,60.573097,23.356065,6720772.0,300346.0,NEUTRAL,PROFESSIONAL,Observation,LajiGIS: Species mapping and surveys,ETRS-TM35FIN-1km-N6720000-E300000
http://tun.fi/KE.8_1070164#2,herkkutatti (fi) — Boletus edulis,Boletus edulis,2012-10-06,2012,Suomi,Varsinais-Suomi (V),1000.0,60.482439,22.220087,6714680.0,237436.0,NEUTRAL,HOBBYIST,Observation,Hatikka.fi observations,ETRS-TM35FIN-1km-N6714000-E237000
http://tun.fi/KE.8_1071274#2,herkkutatti (fi) — Boletus edulis,Boletus edulis,2012-10-31,2012,Suomi,Varsinais-Suomi (V),1.0,60.485038,22.225921,6714947.0,237778.0,NEUTRAL,HOBBYIST,Observation,Hatikka.fi observations,ETRS-TM35FIN-1km-N6714000-E237000
http://tun.fi/KE.8_1101046#35,herkkutatti (fi) — Boletus edulis,Boletus edulis,2013-08-20,2013,Suomi,Pohjois-Savo (PS),1000.0,63.178894,26.66898,7005565.0,483336.0,NEUTRAL,HOBBYIST,Observation,Hatikka.fi observations,ETRS-TM35FIN-1km-N7005000-E483000
http://tun.fi/KE.921/LGE.250659/485980,herkkutatti (fi) — Boletus edulis,Boletus edulis,2013-08-21,2013,Suomi,Uusimaa (U),1.0,60.346058,25.198081,6691312.0,400554.0,NEUTRAL,PROFESSIONAL,Observation,LajiGIS: Species mapping and surveys,ETRS-TM35FIN-1km-N6691000-E400000
http://tun.fi/KE.8_1100388#2,herkkutatti (fi) — Boletus edulis,Boletus edulis,2013-08-21 [19:13],2013,Suomi,Etelä-Häme (EH),1.0,60.662654,23.609609,6729994.0,314744.0,NEUTRAL,HOBBYIST,Photographed,Hatikka.fi observations,ETRS-TM35FIN-1km-N6729000-E314000
http://tun.fi/KE.8_1100808#6,herkkutatti (fi) — Boletus edulis,Boletus edulis,2013-08-27 [13:00-15:10],2013,Suomi,Uusimaa (U),1000.0,60.329126,24.675022,6690324.0,371614.0,NEUTRAL,HOBBYIST,Observation,Hatikka.fi observations,ETRS-TM35FIN-1km-N6690000-E371000
http://tun.fi/KE.8_1100777#2,herkkutatti (fi) — Boletus edulis,Boletus edulis,2013-08-27 [16:47],2013,Suomi,Etelä-Häme (EH),1.0,60.66342,23.608998,6730081.0,314715.0,NEUTRAL,HOBBYIST,Photographed,Hatikka.fi observations,ETRS-TM35FIN-1km-N6730000-E314000
http://tun.fi/KE.921/LGE.250675/486196,herkkutatti (fi) — Boletus edulis,Boletus edulis,2013-08-31,2013,Suomi,Satakunta (St),1.0,61.538307,21.566623,6834795.0,211355.0,NEUTRAL,PROFESSIONAL,Observation,LajiGIS: Species mapping and surveys,ETRS-TM35FIN-1km-N6834000-E211000
http://tun.fi/KE.921/LGE.250680/486469,herkkutatti (fi) — Boletus edulis,Boletus edulis,2013-10-02,2013,Suomi,Satakunta (St),1.0,61.953758,21.405065,6881680.0,206770.0,NEUTRAL,PROFESSIONAL,Observation,LajiGIS: Species mapping and surveys,ETRS-TM35FIN-1km-N6881000-E206000
http://tun.fi/KE.8_1138730#4,herkkutatti (fi) — Boletus edulis,Boletus edulis,2014-07-03,2014,Suomi,Etelä-Häme (EH),100.0,60.996172,25.481031,6763314.0,417841.0,NEUTRAL,HOBBYIST,Observation,Hatikka.fi observations,ETRS-TM35FIN-1km-N6763000-E417000
http://tun.fi/KE.8_1129556#2,herkkutatti (fi) — Boletus edulis,Boletus edulis,2014-08-23,2014,Suomi,Varsinais-Suomi (V),1.0,60.607868,22.005663,6729499.0,226734.0,NEUTRAL,HOBBYIST,Photographed,Hatikka.fi observations,ETRS-TM35FIN-1km-N6729000-E226000
http://tun.fi/KE.8_1129769#2,herkkutatti (fi) — Boletus edulis,Boletus edulis,2014-08-24,2014,Suomi,Varsinais-Suomi (V),1.0,60.66251,22.403569,6733985.0,248906.0,NEUTRAL,HOBBYIST,Observation,Hatikka.fi observations,ETRS-TM35FIN-1km-N6733000-E248000
http://tun.fi/KE.8_1129815#2,herkkutatti (fi) — Boletus edulis,Boletus edulis,2014-08-24,2014,Suomi,Varsinais-Suomi (V),1000.0,60.678922,22.390911,6735878.0,248341.0,NEUTRAL,HOBBYIST,Observation,Hatikka.fi observations,ETRS-TM35FIN-1km-N6735000-E248000
http://tun.fi/KE.8_1129839#11,herkkutatti (fi) — Boletus edulis,Boletus edulis,2014-08-24 [9:46-11:03],2014,Suomi,Etelä-Häme (EH),1.0,60.66695,23.605477,6730484.0,314543.0,NEUTRAL,HOBBYIST,Photographed,Hatikka.fi observations,ETRS-TM35FIN-1km-N6730000-E314000
http://tun.fi/JX.25798#4,herkkutatti (fi) — Boletus edulis,Boletus edulis,2014-08-29,2014,Suomi,Kainuu (Kn),100.0,64.403109,27.356763,7141984.0,517198.0,NEUTRAL,HOBBYIST,Photographed,The Atlas of Finnish Fungi,ETRS-TM35FIN-1km-N7141000-E517000
http://tun.fi/HR.3211/263981092-U,herkkutatti (fi) — Boletus edulis,Boletus edulis,2014-08-30,2014,Suomi,Etelä-Häme (EH),100.0,61.75989,24.15902,6850709.0,350062.0,COMMUNITY_VERIFIED,AMATEUR,Photographed,iNaturalist Suomi Finland,ETRS-TM35FIN-1km-N6850000-E350000
http://tun.fi/JX.1101118#4,herkkutatti (fi) — Boletus edulis,Boletus edulis,2014-08-30,2014,Suomi,Uusimaa (U),1.0,60.231126,24.712998,6679347.0,373345.0,NEUTRAL,HOBBYIST,Photographed,The Atlas of Finnish Fungi,ETRS-TM35FIN-1km-N6679000-E373000
http://tun.fi/JX.996478#4,herkkutatti (fi) — Boletus edulis,Boletus edulis,2014-08-30,2014,Suomi,Oulun Pohjanmaa (OP),100.0,65.326741,25.385803,7245833.0,424818.0,NEUTRAL,HOBBYIST,Photographed,The Atlas of Finnish Fungi,ETRS-TM35FIN-1km-N7245000-E424000
http://tun.fi/KE.8_1130148#2,herkkutatti (fi) — Boletus edulis,Boletus edulis,2014-08-30,2014,Suomi,Varsinais-Suomi (V),1.0,60.687332,22.363245,6736900.0,246901.0,NEUTRAL,HOBBYIST,Photographed,Hatikka.fi observations,ETRS-TM35FIN-1km-N6736000-E246000
http://tun.fi/KE.8_1130184#2,herkkutatti (fi) — Boletus edulis,Boletus edulis,2014-08-30,2014,Suomi,Varsinais-Suomi (V),5000.0,60.670175,22.43335,6734724.0,250585.0,NEUTRAL,HOBBYIST,Observation,Hatikka.fi observations,ETRS-TM35FIN-1km-N6734000-E250000
http://tun.fi/JX.993088#8,herkkutatti (fi) — Boletus edulis,Boletus edulis,2014-09-01,2014,Suomi,Pohjois-Savo (PS),100.0,62.852876,27.668452,6969374.0,534029.0,NEUTRAL,HOBBYIST,Photographed,The Atlas of Finnish Fungi,ETRS-TM35FIN-1km-N6969000-E534000
http://tun.fi/HR.3211/257603294-U,herkkutatti (fi) — Boletus edulis,Boletus edulis,2014-09-04,2014,Suomi,Satakunta (St),25000.0,61.5,21.5,6830838.0,207444.0,COMMUNITY_VERIFIED,AMATEUR,Photographed,iNaturalist Suomi Finland,ETRS-TM35FIN-1km-N6830000-E207000
http://tun.fi/JX.13761#4,herkkutatti (fi) — Boletus edulis,Boletus edulis,2014-09-04,2014,Suomi,Uusimaa (U),1.0,60.285743,25.209523,6684579.0,401003.0,NEUTRAL,HOBBYIST,Photographed,The Atlas of Finnish Fungi,ETRS-TM35FIN-1km-N6684000-E401000
http://tun.fi/JX.997033#4,herkkutatti (fi) — Boletus edulis,Boletus edulis,2014-09-04,2014,Suomi,Pohjois-Häme (PH),100.0,62.42076,25.076149,6922534.0,400637.0,NEUTRAL,HOBBYIST,Photographed,The Atlas of Finnish Fungi,ETRS-TM35FIN-1km-N6922000-E400000
http://tun.fi/JX.9151#13,herkkutatti (fi) — Boletus edulis,Boletus edulis,2014-09-05,2014,Suomi,Etelä-Savo (ES),1.0,61.569302,27.427451,6826277.0,522705.0,NEUTRAL,HOBBYIST,Photographed,The Atlas of Finnish Fungi,ETRS-TM35FIN-1km-N6826000-E522000
http://tun.fi/HR.3211/131499811-U,herkkutatti (fi) — Boletus edulis,Boletus edulis,2014-09-06,2014,Suomi,Varsinais-Suomi (V),56.0,60.35991,24.43752,6694244.0,358651.0,COMMUNITY_VERIFIED,AMATEUR,Photographed,iNaturalist Suomi Finland,ETRS-TM35FIN-1km-N6694000-E358000
http://tun.fi/JX.9088#13,herkkutatti (fi) — Boletus edulis,Boletus edulis,2014-09-06,2014,Suomi,Etelä-Savo (ES),1000.0,61.672077,27.315167,6837691.0,516685.0,NEUTRAL,HOBBYIST,Photographed,The Atlas of Finnish Fungi,ETRS-TM35FIN-1km-N6837000-E516000
http://tun.fi/KE.8_1130587#2,herkkutatti (fi) — Boletus edulis,Boletus edulis,2014-09-07,2014,Suomi,Varsinais-Suomi (V),1000.0,60.537333,21.983822,6721747.0,224940.0,NEUTRAL,HOBBYIST,Observation,Hatikka.fi observations,ETRS-TM35FIN-1km-N6721000-E224000
http://tun.fi/KE.8_1130676#2,herkkutatti (fi) — Boletus edulis,Boletus edulis,2014-09-07,2014,Suomi,Varsinais-Suomi (V),1.0,60.528014,21.960771,6720810.0,223600.0,NEUTRAL,HOBBYIST,Observation,Hatikka.fi observations,ETRS-TM35FIN-1km-N6720000-E223000
http://tun.fi/KE.8_1130956#2,herkkutatti (fi) — Boletus edulis,Boletus edulis,2014-09-13,2014,Suomi,Varsinais-Suomi (V),1000.0,60.486145,22.228644,6715063.0,237932.0,NEUTRAL,HOBBYIST,Observation,Hatikka.fi observations,ETRS-TM35FIN-1km-N6715000-E237000
http://tun.fi/KE.8_1131070#2,herkkutatti (fi) — Boletus edulis,Boletus edulis,2014-09-13,2014,Suomi,Etelä-Häme (EH),1.0,61.383528,26.087271,6805850.0,451233.0,NEUTRAL,HOBBYIST,Observation,Hatikka.fi observations,ETRS-TM35FIN-1km-N6805000-E451000
http://tun.fi/KE.921/LGE.971389/2680530,herkkutatti (fi) — Boletus edulis,Boletus edulis,2014-10-15,2014,Suomi,Etelä-Häme (EH),10.0,60.993143,23.446761,6767238.0,307845.0,NEUTRAL,PROFESSIONAL,Seen,LajiGIS: Species mapping and surveys,ETRS-TM35FIN-1km-N6767000-E307000
http://tun.fi/KE.921/LGE.971394/2680554,herkkutatti (fi) — Boletus edulis,Boletus edulis,2014-10-15,2014,Suomi,Etelä-Häme (EH),100.0,60.992846,23.446407,6767205.0,307823.0,NEUTRAL,PROFESSIONAL,Seen,LajiGIS: Species mapping and surveys,ETRS-TM35FIN-1km-N6767000-E307000
http://id.herb.oulu.fi/MY.12194386,herkkutatti (fi) — Boletus edulis,Boletus edulis,2015-07-28,2015,Suomi,Oulun Pohjanmaa (OP),100.0,65.060114,25.556896,7215930.0,432106.0,NEUTRAL,PROFESSIONAL,Preserved specimen,"Fungal collection of the Botanical Museum, University of Oulu (OULU)",ETRS-TM35FIN-1km-N7215000-E432000
http://tun.fi/KE.8_1154166#2,herkkutatti (fi) — Boletus edulis,Boletus edulis,2015-07-28,2015,Suomi,Varsinais-Suomi (V),1.0,60.556719,22.121269,6723337.0,232629.0,NEUTRAL,HOBBYIST,Observation,Hatikka.fi observations,ETRS-TM35FIN-1km-N6723000-E232000
http://tun.fi/JX.8919#4,herkkutatti (fi) — Boletus edulis,Boletus edulis,2015-07-29,2015,Suomi,Etelä-Häme (EH),1.0,61.334622,23.55774,6804917.0,315845.0,NEUTRAL,HOBBYIST,Photographed,The Atlas of Finnish Fungi,ETRS-TM35FIN-1km-N6804000-E315000
http://id.herb.oulu.fi/MY.6448930,herkkutatti (fi) — Boletus edulis,Boletus edulis,2015-08-14,2015,Suomi,Oulun Pohjanmaa (OP),100.0,65.060114,25.556896,7215930.0,432106.0,NEUTRAL,PROFESSIONAL,Preserved specimen,"Fungal collection of the Botanical Museum, University of Oulu (OULU)",ETRS-TM35FIN-1km-N7215000-E432000
http://id.luomus.fi/MY.12447014,herkkutatti (fi) — Boletus edulis,Boletus edulis,2015-08-14,2015,Suomi,Oulun Pohjanmaa (OP),72.0,65.06,25.556666,7215918.0,432096.0,NEUTRAL,PROFESSIONAL,Preserved specimen,Agaricales Fennoscandiae orientalis,ETRS-TM35FIN-1km-N7215000-E432000
http://tun.fi/HR.3211/154140587-U,herkkutatti (fi) — Boletus edulis,Boletus edulis,2015-08-23,2015,Suomi,Pohjois-Karjala (PK),244.0,62.60041,29.75527,6944090.0,641435.0,NEUTRAL,AMATEUR,Photographed,iNaturalist Suomi Finland,ETRS-TM35FIN-1km-N6944000-E641000
http://tun.fi/KE.8_1179314#2,herkkutatti (fi) — Boletus edulis,Boletus edulis,2016-07-14,2016,Suomi,Varsinais-Suomi (V),1.0,60.507813,22.257918,6717352.0,239716.0,NEUTRAL,HOBBYIST,Observation,Hatikka.fi observations,ETRS-TM35FIN-1km-N6717000-E239000
http://tun.fi/KE.8_1179801#10,herkkutatti (fi) — Boletus edulis,Boletus edulis,2016-07-22 [9:08-12:01],2016,Suomi,Etelä-Häme (EH),1.0,60.666135,23.613691,6730370.0,314987.0,NEUTRAL,HOBBYIST,Photographed,Hatikka.fi observations,ETRS-TM35FIN-1km-N6730000-E314000
http://tun.fi/HR.3211/4616585-U,herkkutatti (fi) — Boletus edulis,Boletus edulis,2016-07-24,2016,Suomi,Etelä-Häme (EH),100.0,61.3987,25.52753,6808086.0,421366.0,COMMUNITY_VERIFIED,AMATEUR,Photographed,iNaturalist Suomi Finland,ETRS-TM35FIN-1km-N6808000-E421000
http://tun.fi/JX.987452#5,herkkutatti (fi) — Boletus edulis,Boletus edulis,2016-07-25,2016,Suomi,Pohjois-Savo (PS),1000.0,62.816687,27.676504,6965346.0,534482.0,NEUTRAL,HOBBYIST,Observation,The Atlas of Finnish Fungi,ETRS-TM35FIN-1km-N6965000-E534000
http://tun.fi/KE.8_1181021#12,herkkutatti (fi) — Boletus edulis,Boletus edulis,2016-08-03 [18:14-20:42],2016,Suomi,Etelä-Häme (EH),1.0,60.659951,23.607166,6729701.0,314595.0,NEUTRAL,HOBBYIST,Preserved specimen,Hatikka.fi observations,ETRS-TM35FIN-1km-N6729000-E314000
http://tun.fi/KE.921/LGE.299972/689136,herkkutatti (fi) — Boletus edulis,Boletus edulis,2016-08-19,2016,Suomi,Perä-Pohjanmaa (PeP),1.0,66.309054,25.129006,7355614.0,416122.0,NEUTRAL,PROFESSIONAL,Seen,LajiGIS: Species mapping and surveys,ETRS-TM35FIN-1km-N7355000-E416000
http://tun.fi/JX.989386#18,herkkutatti (fi) — Boletus edulis,Boletus edulis,2016-08-21,2016,Suomi,Pohjois-Savo (PS),100.0,62.925388,27.661273,6977449.0,533580.0,NEUTRAL,HOBBYIST,Observation,The Atlas of Finnish Fungi,ETRS-TM35FIN-1km-N6977000-E533000
http://tun.fi/JX.31696#16,herkkutatti (fi) — Boletus edulis,Boletus edulis,2016-08-24,2016,Suomi,Etelä-Häme (EH),1000.0,60.975954,25.562473,6760964.0,422198.0,NEUTRAL,HOBBYIST,Photographed,The Atlas of Finnish Fungi,ETRS-TM35FIN-1km-N6760000-E422000
http://tun.fi/KE.176/57c9e3582d0ed0b6330afba3#Unit1,herkkutatti (fi) — Boletus edulis,Boletus edulis,2016-09-01,2016,Suomi,Oulun Pohjanmaa (OP),1.0,64.870907,25.865378,7194550.0,446240.0,NEUTRAL,AMATEUR,Observation,Löydös Open Finnish Observation Database,ETRS-TM35FIN-1km-N7194000-E446000
http://tun.fi/KE.8_1183857#3,herkkutatti (fi) — Boletus edulis,Boletus edulis,2016-09-09,2016,Suomi,Varsinais-Suomi (V),1000.0,60.184546,21.326884,6685488.0,185592.0,NEUTRAL,HOBBYIST,Observation,Hatikka.fi observations,ETRS-TM35FIN-1km-N6685000-E185000
http://tun.fi/JX.1330142#3,herkkutatti (fi) — Boletus edulis,Boletus edulis,2016-09-11,2016,Suomi,Uusimaa (U),5000.0,60.162024,24.322027,6672429.0,351380.0,NEUTRAL,HOBBYIST,Photographed,The Atlas of Finnish Fungi,ETRS-TM35FIN-1km-N6672000-E351000
http://mus.utu.fi/MY.8143276,herkkutatti (fi) — Boletus edulis,Boletus edulis,2016-09-12,2016,Suomi,Etelä-Karjala (EK),100.0,60.543389,27.49707,6712033.0,527269.0,NEUTRAL,PROFESSIONAL,"Handled (catched, not preserved)",Fungus observations of Turku university Herbarium,ETRS-TM35FIN-1km-N6712000-E527000
http://tun.fi/JX.1157115#4,herkkutatti (fi) — Boletus edulis,Boletus edulis,2016-09-13,2016,Suomi,Pohjois-Karjala (PK),100.0,62.60803,30.028107,6945565.0,655393.0,NEUTRAL,HOBBYIST,Observation,The Atlas of Finnish Fungi,ETRS-TM35FIN-1km-N6945000-E655000
http://tun.fi/JX.1157144#4,herkkutatti (fi) — Boletus edulis,Boletus edulis,2016-09-13,2016,Suomi,Pohjois-Karjala (PK),100.0,62.587503,30.108024,6943473.0,659602.0,NEUTRAL,HOBBYIST,Observation,The Atlas of Finnish Fungi,ETRS-TM35FIN-1km-N6943000-E659000
http://tun.fi/JX.1165294#10,herkkutatti (fi) — Boletus edulis,Boletus edulis,2016-09-14,2016,Suomi,Pohjois-Karjala (PK),100.0,63.145867,30.607095,7006946.0,681725.0,NEUTRAL,HOBBYIST,Observation,The Atlas of Finnish Fungi,ETRS-TM35FIN-1km-N7006000-E681000
http://tun.fi/JX.1037624#163,herkkutatti (fi) — Boletus edulis,Boletus edulis,2016-09-22,2016,Suomi,Uusimaa (U),1000.0,60.254716,24.606991,6682181.0,367565.0,NEUTRAL,HOBBYIST,Observation,"Notebook, general observations",ETRS-TM35FIN-1km-N6682000-E367000
http://tun.fi/JX.36955#4,herkkutatti (fi) — Boletus edulis,Boletus edulis,2017-08-03,2017,Suomi,Pohjois-Häme (PH),100.0,62.317487,26.355801,6909716.0,466611.0,NEUTRAL,HOBBYIST,Photographed,The Atlas of Finnish Fungi,ETRS-TM35FIN-1km-N6909000-E466000
http://tun.fi/JX.36958#4,herkkutatti (fi) — Boletus edulis,Boletus edulis,2017-08-04,2017,Suomi,Pohjois-Häme (PH),1000.0,62.314248,26.357971,6909354.0,466720.0,NEUTRAL,HOBBYIST,Photographed,The Atlas of Finnish Fungi,ETRS-TM35FIN-1km-N6909000-E466000
http://tun.fi/JX.13241#13,herkkutatti (fi) — Boletus edulis,Boletus edulis,2017-08-08,2017,Suomi,Satakunta (St),1000.0,60.870197,23.090774,6754655.0,287794.0,NEUTRAL,HOBBYIST,Photographed,The Atlas of Finnish Fungi,ETRS-TM35FIN-1km-N6754000-E287000
http://tun.fi/JX.13762#4,herkkutatti (fi) — Boletus edulis,Boletus edulis,2017-08-11,2017,Suomi,Uusimaa (U),1.0,60.348526,25.209924,6691569.0,401215.0,NEUTRAL,HOBBYIST,Photographed,The Atlas of Finnish Fungi,ETRS-TM35FIN-1km-N6691000-E401000
http://tun.fi/JX.30951#28,herkkutatti (fi) — Boletus edulis,Boletus edulis,2017-08-11,2017,Suomi,Etelä-Häme (EH),1.0,61.012426,25.590921,6764992.0,423824.0,NEUTRAL,HOBBYIST,Photographed,The Atlas of Finnish Fungi,ETRS-TM35FIN-1km-N6764000-E423000
http://tun.fi/JX.1176349#9,herkkutatti (fi) — Boletus edulis,Boletus edulis,2017-08-12,2017,Suomi,Uusimaa (U),1000.0,60.257131,24.610688,6682442.0,367785.0,NEUTRAL,HOBBYIST,Photographed,The Atlas of Finnish Fungi,ETRS-TM35FIN-1km-N6682000-E367000
http://tun.fi/JX.46791#13,herkkutatti (fi) — Boletus edulis,Boletus edulis,2017-08-12,2017,Suomi,Pohjois-Häme (PH),1000.0,62.321305,26.348828,6910144.0,466254.0,NEUTRAL,HOBBYIST,Photographed,The Atlas of Finnish Fungi,ETRS-TM35FIN-1km-N6910000-E466000
http://tun.fi/JX.1101115#4,herkkutatti (fi) — Boletus edulis,Boletus edulis,2017-08-15,2017,Suomi,Uusimaa (U),100.0,60.246528,24.740604,6681009.0,374933.0,NEUTRAL,HOBBYIST,Photographed,The Atlas of Finnish Fungi,ETRS-TM35FIN-1km-N6681000-E374000
http://tun.fi/JX.325290#16,herkkutatti (fi) — Boletus edulis,Boletus edulis,2017-08-18,2017,Suomi,Pohjois-Karjala (PK),1000.0,62.687888,28.88487,6952223.0,596483.0,NEUTRAL,HOBBYIST,Photographed,The Atlas of Finnish Fungi,ETRS-TM35FIN-1km-N6952000-E596000
http://tun.fi/JX.67099#2,herkkutatti (fi) — Boletus edulis,Boletus edulis,2017-08-18,2017,Suomi,Uusimaa (U),1000.0,60.378935,26.009355,6694024.0,445379.0,NEUTRAL,HOBBYIST,Photographed,The Atlas of Finnish Fungi,ETRS-TM35FIN-1km-N6694000-E445000
http://tun.fi/JX.71608#2,herkkutatti (fi) — Boletus edulis,Boletus edulis,2017-08-18,2017,Suomi,Uusimaa (U),1.0,60.291991,24.67468,6686197.0,371463.0,NEUTRAL,HOBBYIST,Photographed,The Atlas of Finnish Fungi,ETRS-TM35FIN-1km-N6686000-E371000
http://tun.fi/JX.352268#4,herkkutatti (fi) — Boletus edulis,Boletus edulis,2017-08-20,2017,Suomi,Pohjois-Karjala (PK),10000.0,62.77675,28.857418,6962082.0,594791.0,NEUTRAL,HOBBYIST,Photographed,The Atlas of Finnish Fungi,ETRS-TM35FIN-1km-N6962000-E594000
http://tun.fi/JX.13741#4,herkkutatti (fi) — Boletus edulis,Boletus edulis,2017-08-21,2017,Suomi,Pohjois-Savo (PS),1.0,62.43685,28.820233,6924172.0,593963.0,NEUTRAL,HOBBYIST,Photographed,The Atlas of Finnish Fungi,ETRS-TM35FIN-1km-N6924000-E593000
http://tun.fi/HR.3211/56001301-U,herkkutatti (fi) — Boletus edulis,Boletus edulis,2017-08-22,2017,Suomi,Pohjois-Häme (PH),25000.0,63.1,25.7,6997399.0,434364.0,COMMUNITY_VERIFIED,AMATEUR,Photographed,iNaturalist Suomi Finland,ETRS-TM35FIN-1km-N6997000-E434000
http://tun.fi/KE.921/LGE.1148658/3289831,herkkutatti (fi) — Boletus edulis,Boletus edulis,2017-08-22,2017,Suomi,Satakunta (St),1000.0,61.408727,21.58538,6820317.0,211156.0,NEUTRAL,PROFESSIONAL,Observation,LajiGIS: Species mapping and surveys,ETRS-TM35FIN-1km-N6820000-E211000
http://tun.fi/JX.13937#16,herkkutatti (fi) — Boletus edulis,Boletus edulis,2017-08-24,2017,Suomi,Varsinais-Suomi (V),1.0,60.329904,24.504769,6690761.0,362233.0,NEUTRAL,HOBBYIST,Photographed,The Atlas of Finnish Fungi,ETRS-TM35FIN-1km-N6690000-E362000
http://tun.fi/KE.8_1205315#2,herkkutatti (fi) — Boletus edulis,Boletus edulis,2017-08-24,2017,Suomi,Varsinais-Suomi (V),1.0,60.483678,22.22911,6714783.0,237942.0,NEUTRAL,HOBBYIST,Observation,Hatikka.fi observations,ETRS-TM35FIN-1km-N6714000-E237000
http://tun.fi/JX.1155315#10,herkkutatti (fi) — Boletus edulis,Boletus edulis,2017-08-29,2017,Suomi,Varsinais-Suomi (V),100.0,60.457541,22.091234,6712434.0,230160.0,NEUTRAL,HOBBYIST,Photographed,The Atlas of Finnish Fungi,ETRS-TM35FIN-1km-N6712000-E230000
http://tun.fi/JX.1155316#7,herkkutatti (fi) — Boletus edulis,Boletus edulis,2017-08-29,2017,Suomi,Varsinais-Suomi (V),100.0,60.459323,22.087038,6712649.0,229945.0,NEUTRAL,HOBBYIST,Photographed,The Atlas of Finnish Fungi,ETRS-TM35FIN-1km-N6712000-E229000
http://tun.fi/JX.14212#10,herkkutatti (fi) — Boletus edulis,Boletus edulis,2017-08-29,2017,Suomi,Kainuu (Kn),1.0,64.344128,28.050508,7135783.0,550749.0,NEUTRAL,HOBBYIST,Observation,The Atlas of Finnish Fungi,ETRS-TM35FIN-1km-N7135000-E550000
http://tun.fi/KE.8_1205484#2,herkkutatti (fi) — Boletus edulis,Boletus edulis,2017-08-30,2017,Suomi,Varsinais-Suomi (V),1000.0,60.483323,22.216428,6714797.0,237237.0,NEUTRAL,HOBBYIST,Observation,Hatikka.fi observations,ETRS-TM35FIN-1km-N6714000-E237000
http://tun.fi/JX.14384#4,herkkutatti (fi) — Boletus edulis,Boletus edulis,2017-09-02,2017,Suomi,Uusimaa (U),1.0,60.280309,25.19778,6683992.0,400337.0,NEUTRAL,HOBBYIST,Photographed,The Atlas of Finnish Fungi,ETRS-TM35FIN-1km-N6683000-E400000
http://tun.fi/JX.1155435#4,herkkutatti (fi) — Boletus edulis,Boletus edulis,2017-09-04,2017,Suomi,Varsinais-Suomi (V),100.0,60.473811,22.10499,6714187.0,231050.0,NEUTRAL,HOBBYIST,Photographed,The Atlas of Finnish Fungi,ETRS-TM35FIN-1km-N6714000-E231000
http://tun.fi/KE.8_1205667#2,herkkutatti (fi) — Boletus edulis,Boletus edulis,2017-09-04,2017,Suomi,Varsinais-Suomi (V),1000.0,60.483379,22.215221,6714803.0,237185.0,NEUTRAL,HOBBYIST,Observation,Hatikka.fi observations,ETRS-TM35FIN-1km-N6714000-E237000
http://tun.fi/KE.8_1205739#3,herkkutatti (fi) — Boletus edulis,Boletus edulis,2017-09-04,2017,Suomi,Varsinais-Suomi (V),1000.0,60.484715,22.210618,6714979.0,236936.0,NEUTRAL,HOBBYIST,Observation,Hatikka.fi observations,ETRS-TM35FIN-1km-N6714000-E236000
http://tun.fi/JX.15125#4,herkkutatti (fi) — Boletus edulis,Boletus edulis,2017-09-10,2017,Suomi,Uusimaa (U),1000.0,60.563483,24.740057,6716296.0,376112.0,NEUTRAL,HOBBYIST,Observation,The Atlas of Finnish Fungi,ETRS-TM35FIN-1km-N6716000-E376000
http://tun.fi/KE.8_1206006#14,herkkutatti (fi) — Boletus edulis,Boletus edulis,2017-09-10 [10:00-14:00],2017,Suomi,Varsinais-Suomi (V),1000.0,60.835206,21.26273,6758069.0,188357.0,NEUTRAL,HOBBYIST,Observation,Hatikka.fi observations,ETRS-TM35FIN-1km-N6758000-E188000
http://tun.fi/JX.15523#4,herkkutatti (fi) — Boletus edulis,Boletus edulis,2017-09-14,2017,Suomi,Etelä-Savo (ES),1.0,61.786028,29.31203,6852513.0,621929.0,NEUTRAL,HOBBYIST,Observation,The Atlas of Finnish Fungi,ETRS-TM35FIN-1km-N6852000-E621000
http://tun.fi/JX.15713#37,herkkutatti (fi) — Boletus edulis,Boletus edulis,2017-09-14,2017,Suomi,Pohjois-Karjala (PK),1000.0,62.101149,30.110964,6889343.0,662359.0,NEUTRAL,HOBBYIST,Observation,"Notebook, general observations",ETRS-TM35FIN-1km-N6889000-E662000
http://tun.fi/JX.25261#4,herkkutatti (fi) — Boletus edulis,Boletus edulis,2017-09-16,2017,Suomi,Perä-Pohjanmaa (PeP),1.0,66.498498,25.784312,7376003.0,445907.0,NEUTRAL,HOBBYIST,Photographed,The Atlas of Finnish Fungi,ETRS-TM35FIN-1km-N7376000-E445000
http://tun.fi/JX.569627#2,herkkutatti (fi) — Boletus edulis,Boletus edulis,2017-09-16,2017,Suomi,Varsinais-Suomi (V),1.0,60.094612,22.818256,6669308.0,267523.0,NEUTRAL,HOBBYIST,Photographed,The Atlas of Finnish Fungi,ETRS-TM35FIN-1km-N6669000-E267000
http://tun.fi/KE.8_1206317#2,herkkutatti (fi) — Boletus edulis,Boletus edulis,2017-09-18,2017,Suomi,Varsinais-Suomi (V),1000.0,60.482019,22.229268,6714590.0,237932.0,NEUTRAL,HOBBYIST,Observation,Hatikka.fi observations,ETRS-TM35FIN-1km-N6714000-E237000
http://tun.fi/JX.16100#19,herkkutatti (fi) — Boletus edulis,Boletus edulis,2017-09-23,2017,Suomi,Pohjois-Karjala (PK),1.0,62.547246,30.060714,6938879.0,657387.0,NEUTRAL,HOBBYIST,Photographed,The Atlas of Finnish Fungi,ETRS-TM35FIN-1km-N6938000-E657000
http://tun.fi/JX.17021#16,herkkutatti (fi) — Boletus edulis,Boletus edulis,2017-09-23,2017,Suomi,Oulun Pohjanmaa (OP),100.0,65.022884,25.436751,7211916.0,426351.0,NEUTRAL,HOBBYIST,Photographed,The Atlas of Finnish Fungi,ETRS-TM35FIN-1km-N7211000-E426000
http://tun.fi/JX.16420#4,herkkutatti (fi) — Boletus edulis,Boletus edulis,2017-09-26,2017,Suomi,Etelä-Häme (EH),1.0,61.692985,24.354955,6842824.0,360096.0,NEUTRAL,HOBBYIST,Photographed,The Atlas of Finnish Fungi,ETRS-TM35FIN-1km-N6842000-E360000
http://tun.fi/JX.16524#7,herkkutatti (fi) — Boletus edulis,Boletus edulis,2017-09-26,2017,Suomi,Etelä-Häme (EH),1.0,61.713261,24.353747,6845084.0,360124.0,NEUTRAL,HOBBYIST,Photographed,The Atlas of Finnish Fungi,ETRS-TM35FIN-1km-N6845000-E360000
http://tun.fi/KE.8_1206740#2,herkkutatti (fi) — Boletus edulis,Boletus edulis,2017-09-28,2017,Suomi,Varsinais-Suomi (V),1000.0,60.478902,22.231535,6714239.0,238028.0,NEUTRAL,HOBBYIST,Observation,Hatikka.fi observations,ETRS-TM35FIN-1km-N6714000-E238000
http://tun.fi/JX.16961#7,herkkutatti (fi) — Boletus edulis,Boletus edulis,2017-10-01,2017,Suomi,Uusimaa (U),1.0,60.188001,25.144205,6673796.0,397086.0,NEUTRAL,HOBBYIST,Photographed,The Atlas of Finnish Fungi,ETRS-TM35FIN-1km-N6673000-E397000
http://tun.fi/KE.8_1207578#2,herkkutatti (fi) — Boletus edulis,Boletus edulis,2017-10-11,2017,Suomi,Varsinais-Suomi (V),1000.0,60.478932,22.231549,6714242.0,238027.0,NEUTRAL,HOBBYIST,Observation,Hatikka.fi observations,ETRS-TM35FIN-1km-N6714000-E238000
http://tun.fi/JX.72807#45,herkkutatti (fi) — Boletus edulis,Boletus edulis,2017-10-15 - 2018-09-30,2017,Suomi,Pohjois-Savo (PS),10000.0,62.071188,27.092385,6882114.0,504828.0,NEUTRAL,HOBBYIST,Photographed,The Atlas of Finnish Fungi,ETRS-TM35FIN-1km-N6882000-E504000
http://tun.fi/KE.8_1208079#2,herkkutatti (fi) — Boletus edulis,Boletus edulis,2017-10-20,2017,Suomi,Varsinais-Suomi (V),1.0,60.482182,22.230769,6714610.0,238021.0,NEUTRAL,HOBBYIST,Photographed,Hatikka.fi observations,ETRS-TM35FIN-1km-N6714000-E238000
http://tun.fi/JX.61344#2,herkkutatti (fi) — Boletus edulis,Boletus edulis,2018-06-29,2018,Suomi,Satakunta (St),10000.0,61.667633,23.502934,6842129.0,314904.0,NEUTRAL,HOBBYIST,Photographed,The Atlas of Finnish Fungi,ETRS-TM35FIN-1km-N6842000-E314000
http://tun.fi/JX.59425#4,herkkutatti (fi) — Boletus edulis,Boletus edulis,2018-08-13,2018,Suomi,Perä-Pohjanmaa (PeP),1.0,66.58549,25.67405,7385798.0,441207.0,NEUTRAL,HOBBYIST,Photographed,The Atlas of Finnish Fungi,ETRS-TM35FIN-1km-N7385000-E441000
http://tun.fi/JX.60039#34,herkkutatti (fi) — Boletus edulis,Boletus edulis,2018-08-17,2018,Suomi,Pohjois-Karjala (PK),1.0,63.109221,29.807408,7000855.0,641638.0,NEUTRAL,HOBBYIST,Photographed,The Atlas of Finnish Fungi,ETRS-TM35FIN-1km-N7000000-E641000
http://tun.fi/JX.60283#4,herkkutatti (fi) — Boletus edulis,Boletus edulis,2018-08-17,2018,Suomi,Pohjois-Karjala (PK),1.0,63.108107,29.807893,7000732.0,641668.0,NEUTRAL,HOBBYIST,Photographed,The Atlas of Finnish Fungi,ETRS-TM35FIN-1km-N7000000-E641000
http://tun.fi/JX.62221#8,herkkutatti (fi) — Boletus edulis,Boletus edulis,2018-08-17,2018,Suomi,Pohjois-Karjala (PK),1.0,62.817215,30.001547,6968790.0,652946.0,NEUTRAL,HOBBYIST,Observation,The Atlas of Finnish Fungi,ETRS-TM35FIN-1km-N6968000-E652000
http://tun.fi/HR.3211/15680879-U,herkkutatti (fi) — Boletus edulis,Boletus edulis,2018-08-19,2018,Suomi,Etelä-Häme (EH),100.0,61.3175,24.90306,6799956.0,387734.0,COMMUNITY_VERIFIED,AMATEUR,Photographed,iNaturalist Suomi Finland,ETRS-TM35FIN-1km-N6799000-E387000
http://tun.fi/JX.60518#78,herkkutatti (fi) — Boletus edulis,Boletus edulis,2018-08-19,2018,Suomi,Etelä-Häme (EH),1.0,62.152762,25.689763,6891890.0,431722.0,NEUTRAL,HOBBYIST,Observation,"Notebook, general observations",ETRS-TM35FIN-1km-N6891000-E431000
http://tun.fi/JX.61169#3,herkkutatti (fi) — Boletus edulis,Boletus edulis,2018-08-19,2018,Suomi,Etelä-Häme (EH),1.0,61.450003,23.857357,6816950.0,332484.0,NEUTRAL,HOBBYIST,Observation,The Atlas of Finnish Fungi,ETRS-TM35FIN-1km-N6816000-E332000
http://tun.fi/JX.988367#9,herkkutatti (fi) — Boletus edulis,Boletus edulis,2018-08-19,2018,Suomi,Pohjois-Häme (PH),1.0,62.195511,24.779952,6897942.0,384483.0,NEUTRAL,HOBBYIST,Observation,"Notebook, general observations",ETRS-TM35FIN-1km-N6897000-E384000
http://tun.fi/JX.61175#8,herkkutatti (fi) — Boletus edulis,Boletus edulis,2018-08-20 - 2018-08-24,2018,Suomi,Oulun Pohjanmaa (OP),25000.0,65.006857,26.200121,7209482.0,462344.0,NEUTRAL,HOBBYIST,Observation,The Atlas of Finnish Fungi,ETRS-TM35FIN-1km-N7209000-E462000
http://tun.fi/JX.60676#4,herkkutatti (fi) — Boletus edulis,Boletus edulis,2018-08-21,2018,Suomi,Uusimaa (U),1.0,60.555589,24.751814,6715396.0,376727.0,NEUTRAL,HOBBYIST,Observation,The Atlas of Finnish Fungi,ETRS-TM35FIN-1km-N6715000-E376000
http://tun.fi/JX.65964#2,herkkutatti (fi) — Boletus edulis,Boletus edulis,2018-08-21,2018,Suomi,Pohjois-Karjala (PK),1.0,62.602745,29.754157,6944348.0,641367.0,NEUTRAL,HOBBYIST,Photographed,The Atlas of Finnish Fungi,ETRS-TM35FIN-1km-N6944000-E641000
http://tun.fi/JX.61198#2,herkkutatti (fi) — Boletus edulis,Boletus edulis,2018-08-22,2018,Suomi,Oulun Pohjanmaa (OP),10.0,65.061623,25.590006,7216063.0,433667.0,NEUTRAL,HOBBYIST,Observation,The Atlas of Finnish Fungi,ETRS-TM35FIN-1km-N7216000-E433000
http://tun.fi/JX.61138#2,herkkutatti (fi) — Boletus edulis,Boletus edulis,2018-08-23,2018,Suomi,Keski-Pohjanmaa (KP),1.0,64.241871,25.002667,7125488.0,403165.0,NEUTRAL,HOBBYIST,Observation,The Atlas of Finnish Fungi,ETRS-TM35FIN-1km-N7125000-E403000
http://tun.fi/JX.61209#3,herkkutatti (fi) — Boletus edulis,Boletus edulis,2018-08-23,2018,Suomi,Etelä-Häme (EH),1.0,60.767679,24.905083,6738733.0,385882.0,EXPERT_VERIFIED,HOBBYIST,Photographed,The Atlas of Finnish Fungi,ETRS-TM35FIN-1km-N6738000-E385000
http://tun.fi/JX.61288#2,herkkutatti (fi) — Boletus edulis,Boletus edulis,2018-08-23,2018,Suomi,Etelä-Häme (EH),1000.0,62.036885,23.990209,6881942.0,342587.0,NEUTRAL,HOBBYIST,Photographed,The Atlas of Finnish Fungi,ETRS-TM35FIN-1km-N6881000-E342000
http://tun.fi/JX.61322#2,herkkutatti (fi) — Boletus edulis,Boletus edulis,2018-08-23,2018,Suomi,Oulun Pohjanmaa (OP),1.0,64.896642,25.782189,7197491.0,442353.0,NEUTRAL,HOBBYIST,Observation,The Atlas of Finnish Fungi,ETRS-TM35FIN-1km-N7197000-E442000
http://tun.fi/JX.61339#2,herkkutatti (fi) — Boletus edulis,Boletus edulis,2018-08-24,2018,Suomi,Etelä-Häme (EH),100.0,60.967466,24.446998,6761856.0,361801.0,NEUTRAL,HOBBYIST,Observation,The Atlas of Finnish Fungi,ETRS-TM35FIN-1km-N6761000-E361000
http://tun.fi/JX.61590#5,herkkutatti (fi) — Boletus edulis,Boletus edulis,2018-08-25,2018,Suomi,Etelä-Häme (EH),1000.0,60.739605,24.784204,6735822.0,379193.0,NEUTRAL,HOBBYIST,Photographed,The Atlas of Finnish Fungi,ETRS-TM35FIN-1km-N6735000-E379000
http://tun.fi/JX.61719#2,herkkutatti (fi) — Boletus edulis,Boletus edulis,2018-08-25,2018,Suomi,Varsinais-Suomi (V),1.0,60.107048,22.929326,6670305.0,273778.0,NEUTRAL,HOBBYIST,Photographed,The Atlas of Finnish Fungi,ETRS-TM35FIN-1km-N6670000-E273000
http://tun.fi/JX.61887#4,herkkutatti (fi) — Boletus edulis,Boletus edulis,2018-08-25,2018,Suomi,Pohjois-Savo (PS),10000.0,62.24982,27.477922,6902106.0,524819.0,NEUTRAL,HOBBYIST,Observation,The Atlas of Finnish Fungi,ETRS-TM35FIN-1km-N6902000-E524000
http://tun.fi/JX.65995#9,herkkutatti (fi) — Boletus edulis,Boletus edulis,2018-08-25,2018,Suomi,Uusimaa (U),1000.0,60.837747,25.792714,6745317.0,434368.0,NEUTRAL,HOBBYIST,Observation,The Atlas of Finnish Fungi,ETRS-TM35FIN-1km-N6745000-E434000
http://tun.fi/JX.61869#30,herkkutatti (fi) — Boletus edulis,Boletus edulis,2018-08-26,2018,Suomi,Pohjois-Karjala (PK),100.0,62.645279,29.289092,6948151.0,617335.0,NEUTRAL,HOBBYIST,Photographed,The Atlas of Finnish Fungi,ETRS-TM35FIN-1km-N6948000-E617000
http://tun.fi/JX.147718#3,herkkutatti (fi) — Boletus edulis,Boletus edulis,2018-08-27,2018,Suomi,Sompion Lappi (SoL),1.0,67.115611,28.313494,7444871.0,556997.0,NEUTRAL,HOBBYIST,Photographed,The Atlas of Finnish Fungi,ETRS-TM35FIN-1km-N7444000-E556000
http://tun.fi/JX.62128#3,herkkutatti (fi) — Boletus edulis,Boletus edulis,2018-08-27,2018,Suomi,Etelä-Häme (EH),1000.0,60.750351,24.843182,6736912.0,382447.0,NEUTRAL,HOBBYIST,Photographed,The Atlas of Finnish Fungi,ETRS-TM35FIN-1km-N6736000-E382000
http://tun.fi/JX.87771#6,herkkutatti (fi) — Boletus edulis,Boletus edulis,2018-08-27,2018,Suomi,Uusimaa (U),1.0,60.374383,25.14508,6694547.0,397718.0,NEUTRAL,HOBBYIST,Photographed,The Atlas of Finnish Fungi,ETRS-TM35FIN-1km-N6694000-E397000
http://tun.fi/JX.62131#2,herkkutatti (fi) — Boletus edulis,Boletus edulis,2018-08-27 [17:30-18:30],2018,Suomi,Uusimaa (U),1000.0,60.500653,24.915092,6708984.0,385483.0,NEUTRAL,HOBBYIST,Observation,"Notebook, general observations",ETRS-TM35FIN-1km-N6708000-E385000
http://tun.fi/JX.242243#2,herkkutatti (fi) — Boletus edulis,Boletus edulis,2018-08-28,2018,Suomi,Pohjois-Savo (PS),1.0,62.1783,26.9688,6894045.0,498376.0,NEUTRAL,HOBBYIST,Photographed,The Atlas of Finnish Fungi,ETRS-TM35FIN-1km-N6894000-E498000
http://tun.fi/JX.62138#2,herkkutatti (fi) — Boletus edulis,Boletus edulis,2018-08-28,2018,Suomi,Etelä-Häme (EH),1.0,61.514469,24.023301,6823711.0,341653.0,NEUTRAL,HOBBYIST,Observation,"Notebook, general observations",ETRS-TM35FIN-1km-N6823000-E341000
http://tun.fi/JX.62203#2,herkkutatti (fi) — Boletus edulis,Boletus edulis,2018-08-28,2018,Suomi,Uusimaa (U),1.0,60.263025,24.863882,6682619.0,381814.0,NEUTRAL,HOBBYIST,Photographed,The Atlas of Finnish Fungi,ETRS-TM35FIN-1km-N6682000-E381000
http://tun.fi/JX.62239#8,herkkutatti (fi) — Boletus edulis,Boletus edulis,2018-08-28,2018,Suomi,Etelä-Häme (EH),1000.0,61.469666,23.594659,6819840.0,318603.0,NEUTRAL,HOBBYIST,Observation,"Notebook, general observations",ETRS-TM35FIN-1km-N6819000-E318000
http://tun.fi/JX.63327#3,herkkutatti (fi) — Boletus edulis,Boletus edulis,2018-08-28,2018,Suomi,Uusimaa (U),1000.0,60.390505,25.777258,6695528.0,432606.0,NEUTRAL,HOBBYIST,Photographed,"Notebook, general observations",ETRS-TM35FIN-1km-N6695000-E432000
http://tun.fi/JX.61183#13,herkkutatti (fi) — Boletus edulis,Boletus edulis,2018-08-28 - 2018-09-02,2018,Suomi,Etelä-Häme (EH),1.0,62.130095,23.924056,6892481.0,339622.0,NEUTRAL,HOBBYIST,Photographed,The Atlas of Finnish Fungi,ETRS-TM35FIN-1km-N6892000-E339000
http://tun.fi/JX.739700#7,herkkutatti (fi) — Boletus edulis,Boletus edulis,2018-08-28 [18:30-20:00],2018,Suomi,Oulun Pohjanmaa (OP),100.0,65.171817,25.230621,7228765.0,417107.0,NEUTRAL,HOBBYIST,Photographed,The Atlas of Finnish Fungi,ETRS-TM35FIN-1km-N7228000-E417000
http://tun.fi/JX.62278#2,herkkutatti (fi) — Boletus edulis,Boletus edulis,2018-08-29,2018,Suomi,Uusimaa (U),1.0,60.176257,24.824307,6673030.0,379307.0,NEUTRAL,HOBBYIST,Photographed,The Atlas of Finnish Fungi,ETRS-TM35FIN-1km-N6673000-E379000
http://tun.fi/JX.62397#8,herkkutatti (fi) — Boletus edulis,Boletus edulis,2018-08-29,2018,Suomi,Oulun Pohjanmaa (OP),1.0,64.908191,25.381755,7199203.0,423435.0,NEUTRAL,HOBBYIST,Observation,The Atlas of Finnish Fungi,ETRS-TM35FIN-1km-N7199000-E423000
http://tun.fi/JX.62807#72,herkkutatti (fi) — Boletus edulis,Boletus edulis,2018-08-29,2018,Suomi,Satakunta (St),1.0,61.668543,23.297813,6842832.0,304062.0,NEUTRAL,HOBBYIST,Photographed,The Atlas of Finnish Fungi,ETRS-TM35FIN-1km-N6842000-E304000
http://tun.fi/JX.62685#2,herkkutatti (fi) — Boletus edulis,Boletus edulis,2018-08-30,2018,Suomi,Etelä-Savo (ES),10000.0,60.81461,26.721258,6742170.0,484836.0,NEUTRAL,HOBBYIST,Photographed,The Atlas of Finnish Fungi,ETRS-TM35FIN-1km-N6742000-E484000
http://tun.fi/HR.3211/16065301-U,herkkutatti (fi) — Boletus edulis,Boletus edulis,2018-08-31,2018,Suomi,Uusimaa (U),10.0,60.57717,25.3024,6716894.0,406974.0,COMMUNITY_VERIFIED,AMATEUR,Photographed,iNaturalist Suomi Finland,ETRS-TM35FIN-1km-N6716000-E406000
http://tun.fi/JX.62819#15,herkkutatti (fi) — Boletus edulis,Boletus edulis,2018-08-31,2018,Suomi,Inarin Lappi (InL),1000.0,68.892245,26.842783,7642355.0,493682.0,NEUTRAL,HOBBYIST,Photographed,The Atlas of Finnish Fungi,ETRS-TM35FIN-1km-N7642000-E493000
http://tun.fi/JX.65511#13,herkkutatti (fi) — Boletus edulis,Boletus edulis,2018-08-31,2018,Suomi,Pohjois-Karjala (PK),10000.0,62.674605,29.632062,6952086.0,634775.0,NEUTRAL,HOBBYIST,Observation,The Atlas of Finnish Fungi,ETRS-TM35FIN-1km-N6952000-E634000
http://tun.fi/JX.140424#2,herkkutatti (fi) — Boletus edulis,Boletus edulis,2018-09-01,2018,Suomi,Oulun Pohjanmaa (OP),100.0,65.141841,25.422163,7225188.0,425995.0,NEUTRAL,HOBBYIST,Photographed,The Atlas of Finnish Fungi,ETRS-TM35FIN-1km-N7225000-E425000
http://tun.fi/JX.251475#4,herkkutatti (fi) — Boletus edulis,Boletus edulis,2018-09-01,2018,Suomi,Varsinais-Suomi (V),100.0,60.420305,24.505547,6700822.0,362656.0,NEUTRAL,HOBBYIST,Photographed,The Atlas of Finnish Fungi,ETRS-TM35FIN-1km-N6700000-E362000
http://tun.fi/JX.63198#2,herkkutatti (fi) — Boletus edulis,Boletus edulis,2018-09-01,2018,Suomi,Varsinais-Suomi (V),1.0,60.629968,23.93911,6725473.0,332569.0,NEUTRAL,HOBBYIST,Observation,The Atlas of Finnish Fungi,ETRS-TM35FIN-1km-N6725000-E332000
http://tun.fi/JX.63210#2,herkkutatti (fi) — Boletus edulis,Boletus edulis,2018-09-01,2018,Suomi,Uusimaa (U),1.0,60.196556,25.107373,6674807.0,395071.0,NEUTRAL,HOBBYIST,Photographed,The Atlas of Finnish Fungi,ETRS-TM35FIN-1km-N6674000-E395000
http://tun.fi/HR.3211/36915616-U,herkkutatti (fi) — Boletus edulis,Boletus edulis,2018-09-02,2018,Suomi,Pohjois-Karjala (PK),6122.0,62.63032,29.84208,6947614.0,645742.0,COMMUNITY_VERIFIED,AMATEUR,Photographed,iNaturalist Suomi Finland,ETRS-TM35FIN-1km-N6947000-E645000
http://tun.fi/JX.63383#6,herkkutatti (fi) — Boletus edulis,Boletus edulis,2018-09-02,2018,Suomi,Uusimaa (U),1.0,60.346532,25.194503,6691370.0,400358.0,NEUTRAL,HOBBYIST,Photographed,The Atlas of Finnish Fungi,ETRS-TM35FIN-1km-N6691000-E400000
http://tun.fi/JX.63403#3,herkkutatti (fi) — Boletus edulis,Boletus edulis,2018-09-02,2018,Suomi,Uusimaa (U),1.0,60.346421,25.181279,6691378.0,399628.0,NEUTRAL,HOBBYIST,Photographed,The Atlas of Finnish Fungi,ETRS-TM35FIN-1km-N6691000-E399000
http://tun.fi/JX.1008710#10,herkkutatti (fi) — Boletus edulis,Boletus edulis,2018-09-03,2018,Suomi,Uusimaa (U),1.0,60.448519,24.845024,6703304.0,381447.0,NEUTRAL,HOBBYIST,Photographed,The Atlas of Finnish Fungi,ETRS-TM35FIN-1km-N6703000-E381000
http://tun.fi/JX.63757#12,herkkutatti (fi) — Boletus edulis,Boletus edulis,2018-09-03 [16:00-21:00],2018,Suomi,Pohjois-Savo (PS),1000.0,63.671351,27.466936,7060477.0,523107.0,NEUTRAL,HOBBYIST,Observation,The Atlas of Finnish Fungi,ETRS-TM35FIN-1km-N7060000-E523000
http://tun.fi/JX.1047889#15,herkkutatti (fi) — Boletus edulis,Boletus edulis,2018-09-04,2018,Suomi,Etelä-Pohjanmaa (EP),1.0,63.0709,21.7304,7004409.0,233951.0,NEUTRAL,HOBBYIST,Photographed,The Atlas of Finnish Fungi,ETRS-TM35FIN-1km-N7004000-E233000
http://tun.fi/JX.167764#2,herkkutatti (fi) — Boletus edulis,Boletus edulis,2018-09-04,2018,Suomi,Etelä-Häme (EH),10000.0,61.240238,24.48236,6792150.0,364884.0,NEUTRAL,HOBBYIST,Observation,The Atlas of Finnish Fungi,ETRS-TM35FIN-1km-N6792000-E364000
http://tun.fi/JX.63930#2,herkkutatti (fi) — Boletus edulis,Boletus edulis,2018-09-04,2018,Suomi,Uusimaa (U),1.0,60.187636,24.683469,6674563.0,371540.0,NEUTRAL,HOBBYIST,Photographed,The Atlas of Finnish Fungi,ETRS-TM35FIN-1km-N6674000-E371000
http://tun.fi/JX.64191#4,herkkutatti (fi) — Boletus edulis,Boletus edulis,2018-09-04,2018,Suomi,Pohjois-Karjala (PK),10000.0,62.483214,30.197533,6932095.0,664763.0,NEUTRAL,HOBBYIST,Observation,The Atlas of Finnish Fungi,ETRS-TM35FIN-1km-N6932000-E664000
http://tun.fi/JX.604365#3,herkkutatti (fi) — Boletus edulis,Boletus edulis,2018-09-05,2018,Suomi,Pohjois-Häme (PH),1000.0,62.319208,26.355379,6909908.0,466591.0,NEUTRAL,HOBBYIST,Photographed,The Atlas of Finnish Fungi,ETRS-TM35FIN-1km-N6909000-E466000
http://tun.fi/JX.65006#10,herkkutatti (fi) — Boletus edulis,Boletus edulis,2018-09-05,2018,Suomi,Uusimaa (U),1.0,60.174582,24.822344,6672847.0,379192.0,NEUTRAL,HOBBYIST,Photographed,The Atlas of Finnish Fungi,ETRS-TM35FIN-1km-N6672000-E379000
http://tun.fi/JX.66228#2,herkkutatti (fi) — Boletus edulis,Boletus edulis,2018-09-05,2018,Suomi,Satakunta (St),1000.0,61.402509,22.062919,6817598.0,236536.0,NEUTRAL,HOBBYIST,Photographed,The Atlas of Finnish Fungi,ETRS-TM35FIN-1km-N6817000-E236000
http://tun.fi/JX.64844#7,herkkutatti (fi) — Boletus edulis,Boletus edulis,2018-09-06 [17:00-20:30],2018,Suomi,Etelä-Häme (EH),1000.0,60.774012,23.851829,6741726.0,328571.0,NEUTRAL,HOBBYIST,Observation,"Notebook, general observations",ETRS-TM35FIN-1km-N6741000-E328000
http://tun.fi/JX.64721#8,herkkutatti (fi) — Boletus edulis,Boletus edulis,2018-09-07,2018,Suomi,Uusimaa (U),1000.0,59.959276,23.737605,6651367.0,317857.0,NEUTRAL,HOBBYIST,Photographed,The Atlas of Finnish Fungi,ETRS-TM35FIN-1km-N6651000-E317000
http://tun.fi/HR.3211/122783419-U,herkkutatti (fi) — Boletus edulis,Boletus edulis,2018-09-08,2018,Suomi,Uusimaa (U),10.0,60.29059,24.61385,6686161.0,368095.0,COMMUNITY_VERIFIED,AMATEUR,Photographed,iNaturalist Suomi Finland,ETRS-TM35FIN-1km-N6686000-E368000
http://tun.fi/HR.3211/16323988-U,herkkutatti (fi) — Boletus edulis,Boletus edulis,2018-09-08,2018,Suomi,Uusimaa (U),15.0,60.2579,24.62896,6682492.0,368800.0,COMMUNITY_VERIFIED,AMATEUR,Photographed,iNaturalist Suomi Finland,ETRS-TM35FIN-1km-N6682000-E368000
http://tun.fi/HR.3211/16325006-U,herkkutatti (fi) — Boletus edulis,Boletus edulis,2018-09-08,2018,Suomi,Uusimaa (U),100.0,60.31248,24.59739,6688631.0,367275.0,COMMUNITY_VERIFIED,AMATEUR,Photographed,iNaturalist Suomi Finland,ETRS-TM35FIN-1km-N6688000-E367000
http://tun.fi/JX.65639#9,herkkutatti (fi) — Boletus edulis,Boletus edulis,2018-09-08,2018,Suomi,Pohjois-Karjala (PK),1000.0,62.374165,30.130949,6919785.0,661930.0,NEUTRAL,HOBBYIST,Observation,"Notebook, general observations",ETRS-TM35FIN-1km-N6919000-E661000
http://tun.fi/JX.65497#7,herkkutatti (fi) — Boletus edulis,Boletus edulis,2018-09-10,2018,Suomi,Oulun Pohjanmaa (OP),1.0,65.135531,25.290507,7224646.0,419803.0,NEUTRAL,HOBBYIST,Observation,The Atlas of Finnish Fungi,ETRS-TM35FIN-1km-N7224000-E419000
http://tun.fi/JX.69819#2,herkkutatti (fi) — Boletus edulis,Boletus edulis,2018-09-10,2018,Suomi,Keski-Pohjanmaa (KP),1.0,63.78375,26.07055,7073252.0,454190.0,NEUTRAL,HOBBYIST,Photographed,The Atlas of Finnish Fungi,ETRS-TM35FIN-1km-N7073000-E454000
http://tun.fi/JX.69860#2,herkkutatti (fi) — Boletus edulis,Boletus edulis,2018-09-10,2018,Suomi,Keski-Pohjanmaa (KP),1.0,63.80335,26.07635,7075431.0,454507.0,NEUTRAL,HOBBYIST,Photographed,The Atlas of Finnish Fungi,ETRS-TM35FIN-1km-N7075000-E454000
http://tun.fi/HR.3211/71011024-U,herkkutatti (fi) — Boletus edulis,Boletus edulis,2018-09-11,2018,Suomi,Pohjois-Häme (PH),95.0,62.25014,25.72282,6902702.0,433658.0,COMMUNITY_VERIFIED,AMATEUR,Photographed,iNaturalist Suomi Finland,ETRS-TM35FIN-1km-N6902000-E433000
http://tun.fi/JX.66406#2,herkkutatti (fi) — Boletus edulis,Boletus edulis,2018-09-11 - 2018-09-13,2018,Suomi,Etelä-Häme (EH),1.0,60.670231,24.914988,6727866.0,386077.0,NEUTRAL,HOBBYIST,Observation,The Atlas of Finnish Fungi,ETRS-TM35FIN-1km-N6727000-E386000
http://tun.fi/JX.66206#6,herkkutatti (fi) — Boletus edulis,Boletus edulis,2018-09-13,2018,Suomi,Pohjois-Karjala (PK),1000.0,62.640039,29.867384,6948752.0,646991.0,NEUTRAL,HOBBYIST,Observation,"Notebook, general observations",ETRS-TM35FIN-1km-N6948000-E646000
http://tun.fi/JX.66311#3,herkkutatti (fi) — Boletus edulis,Boletus edulis,2018-09-14,2018,Suomi,Pohjois-Karjala (PK),1000.0,62.613609,29.721913,6945488.0,639673.0,NEUTRAL,HOBBYIST,Observation,"Notebook, general observations",ETRS-TM35FIN-1km-N6945000-E639000
http://tun.fi/JX.1156071#39,herkkutatti (fi) — Boletus edulis,Boletus edulis,2018-09-16,2018,Suomi,Varsinais-Suomi (V),100.0,60.772366,22.75731,6744902.0,269001.0,NEUTRAL,HOBBYIST,Photographed,The Atlas of Finnish Fungi,ETRS-TM35FIN-1km-N6744000-E269000
http://tun.fi/JX.157961#11,herkkutatti (fi) — Boletus edulis,Boletus edulis,2018-09-16,2018,Suomi,Uusimaa (U),1000.0,60.16805,24.826215,6672113.0,379383.0,NEUTRAL,HOBBYIST,Photographed,The Atlas of Finnish Fungi,ETRS-TM35FIN-1km-N6672000-E379000
http://tun.fi/JX.67718#5,herkkutatti (fi) — Boletus edulis,Boletus edulis,2018-09-16,2018,Suomi,Uusimaa (U),1000.0,60.266951,25.220695,6682468.0,401565.0,NEUTRAL,HOBBYIST,Observation,The Atlas of Finnish Fungi,ETRS-TM35FIN-1km-N6682000-E401000
http://tun.fi/JX.69225#6,herkkutatti (fi) — Boletus edulis,Boletus edulis,2018-09-16,2018,Suomi,Satakunta (St),1.0,61.592361,21.900355,6839369.0,229529.0,NEUTRAL,HOBBYIST,Observation,The Atlas of Finnish Fungi,ETRS-TM35FIN-1km-N6839000-E229000
http://tun.fi/JX.67253#3,herkkutatti (fi) — Boletus edulis,Boletus edulis,2018-09-17,2018,Suomi,Uusimaa (U),1.0,60.140585,24.367302,6669983.0,353805.0,NEUTRAL,HOBBYIST,Photographed,The Atlas of Finnish Fungi,ETRS-TM35FIN-1km-N6669000-E353000
http://tun.fi/JX.67341#11,herkkutatti (fi) — Boletus edulis,Boletus edulis,2018-09-17,2018,Suomi,Pohjois-Savo (PS),10000.0,62.966748,27.686712,6982074.0,534815.0,NEUTRAL,HOBBYIST,Observation,The Atlas of Finnish Fungi,ETRS-TM35FIN-1km-N6982000-E534000
http://tun.fi/KE.921/LGE.384748/924320,herkkutatti (fi) — Boletus edulis,Boletus edulis,2018-09-18,2018,Suomi,Uusimaa (U),1000.0,60.47406,25.148074,6705640.0,398193.0,NEUTRAL,PROFESSIONAL,Seen,LajiGIS: Species mapping and surveys,ETRS-TM35FIN-1km-N6705000-E398000
http://tun.fi/JX.1048694#96,herkkutatti (fi) — Boletus edulis,Boletus edulis,2018-09-19,2018,Suomi,Etelä-Pohjanmaa (EP),1.0,63.0331,21.8304,6999796.0,238653.0,NEUTRAL,HOBBYIST,Photographed,The Atlas of Finnish Fungi,ETRS-TM35FIN-1km-N6999000-E238000
http://tun.fi/JX.1048979#4,herkkutatti (fi) — Boletus edulis,Boletus edulis,2018-09-21,2018,Suomi,Etelä-Pohjanmaa (EP),1.0,63.0794,21.719,7005400.0,233455.0,NEUTRAL,HOBBYIST,Photographed,The Atlas of Finnish Fungi,ETRS-TM35FIN-1km-N7005000-E233000
http://tun.fi/HR.3211/16796792-U,herkkutatti (fi) — Boletus edulis,Boletus edulis,2018-09-22,2018,Suomi,Etelä-Savo (ES),3000.0,61.66162,26.30658,6836682.0,463280.0,COMMUNITY_VERIFIED,AMATEUR,Photographed,iNaturalist Suomi Finland,ETRS-TM35FIN-1km-N6836000-E463000
http://tun.fi/JX.68404#27,herkkutatti (fi) — Boletus edulis,Boletus edulis,2018-09-22,2018,Suomi,Pohjois-Karjala (PK),1000.0,62.663278,29.558078,6950676.0,631044.0,NEUTRAL,HOBBYIST,Observation,The Atlas of Finnish Fungi,ETRS-TM35FIN-1km-N6950000-E631000
http://tun.fi/JX.1049099#38,herkkutatti (fi) — Boletus edulis,Boletus edulis,2018-09-23,2018,Suomi,Etelä-Pohjanmaa (EP),1.0,63.2429,21.5686,7024202.0,227418.0,NEUTRAL,HOBBYIST,Observation,The Atlas of Finnish Fungi,ETRS-TM35FIN-1km-N7024000-E227000
http://tun.fi/JX.68880#5,herkkutatti (fi) — Boletus edulis,Boletus edulis,2018-09-23,2018,Suomi,Etelä-Häme (EH),10000.0,61.618573,25.959908,6832134.0,444852.0,NEUTRAL,HOBBYIST,Observation,The Atlas of Finnish Fungi,ETRS-TM35FIN-1km-N6832000-E444000
http://tun.fi/JX.68887#2,herkkutatti (fi) — Boletus edulis,Boletus edulis,2018-09-24,2018,Suomi,Uusimaa (U),1.0,60.195072,24.915433,6674962.0,384427.0,NEUTRAL,HOBBYIST,Photographed,The Atlas of Finnish Fungi,ETRS-TM35FIN-1km-N6674000-E384000
http://tun.fi/JX.69213#9,herkkutatti (fi) — Boletus edulis,Boletus edulis,2018-09-24,2018,Suomi,Uusimaa (U),1000.0,60.386811,26.008361,6694902.0,445337.0,NEUTRAL,HOBBYIST,Observation,The Atlas of Finnish Fungi,ETRS-TM35FIN-1km-N6694000-E445000
http://tun.fi/JX.69229#49,herkkutatti (fi) — Boletus edulis,Boletus edulis,2018-09-25,2018,Suomi,Etelä-Savo (ES),1.0,61.701605,27.282083,6840973.0,514920.0,NEUTRAL,HOBBYIST,Photographed,The Atlas of Finnish Fungi,ETRS-TM35FIN-1km-N6840000-E514000
http://tun.fi/JX.69652#2,herkkutatti (fi) — Boletus edulis,Boletus edulis,2018-09-28,2018,Suomi,Varsinais-Suomi (V),1000.0,60.27652,22.148552,6692076.0,231822.0,NEUTRAL,HOBBYIST,Photographed,The Atlas of Finnish Fungi,ETRS-TM35FIN-1km-N6692000-E231000
http://tun.fi/JX.69960#2,herkkutatti (fi) — Boletus edulis,Boletus edulis,2018-09-29,2018,Suomi,Pohjois-Karjala (PK),1000.0,63.56158,29.120562,7049907.0,605329.0,NEUTRAL,HOBBYIST,Photographed,"Notebook, general observations",ETRS-TM35FIN-1km-N7049000-E605000
http://tun.fi/KE.921/LGE.384752/924561,herkkutatti (fi) — Boletus edulis,Boletus edulis,2018-09-29,2018,Suomi,Varsinais-Suomi (V),1000.0,60.228838,23.877283,6680988.0,327069.0,NEUTRAL,PROFESSIONAL,Seen,LajiGIS: Species mapping and surveys,ETRS-TM35FIN-1km-N6680000-E327000
http://tun.fi/JX.70491#4,herkkutatti (fi) — Boletus edulis,Boletus edulis,2018-09-29 - 2018-10-01,2018,Suomi,Pohjois-Savo (PS),10000.0,62.249853,27.47778,6902106.0,524819.0,NEUTRAL,HOBBYIST,Observation,The Atlas of Finnish Fungi,ETRS-TM35FIN-1km-N6902000-E524000
http://tun.fi/JX.1050750#44,herkkutatti (fi) — Boletus edulis,Boletus edulis,2018-09-30,2018,Suomi,Varsinais-Suomi (V),10.0,60.459097,22.084766,6712634.0,229818.0,NEUTRAL,HOBBYIST,Photographed,The Atlas of Finnish Fungi,ETRS-TM35FIN-1km-N6712000-E229000
http://tun.fi/JX.70440#4,herkkutatti (fi) — Boletus edulis,Boletus edulis,2018-10-02,2018,Suomi,Varsinais-Suomi (V),10000.0,60.464862,22.359115,6712181.0,244933.0,NEUTRAL,HOBBYIST,Observation,The Atlas of Finnish Fungi,ETRS-TM35FIN-1km-N6712000-E244000
http://tun.fi/JX.70488#10,herkkutatti (fi) — Boletus edulis,Boletus edulis,2018-10-02,2018,Suomi,Pohjois-Savo (PS),10000.0,62.875946,27.881112,6972078.0,544811.0,NEUTRAL,HOBBYIST,Observation,The Atlas of Finnish Fungi,ETRS-TM35FIN-1km-N6972000-E544000
http://tun.fi/JX.75052#11,herkkutatti (fi) — Boletus edulis,Boletus edulis,2018-10-02,2018,Suomi,Varsinais-Suomi (V),100.0,60.297601,22.388159,6693469.0,245216.0,EXPERT_VERIFIED,HOBBYIST,Photographed,The Atlas of Finnish Fungi,ETRS-TM35FIN-1km-N6693000-E245000
http://tun.fi/KE.921/LGE.384753/924703,herkkutatti (fi) — Boletus edulis,Boletus edulis,2018-10-04,2018,Suomi,Varsinais-Suomi (V),1000.0,60.313952,23.567693,6691313.0,310429.0,NEUTRAL,PROFESSIONAL,Seen,LajiGIS: Species mapping and surveys,ETRS-TM35FIN-1km-N6691000-E310000
http://tun.fi/JX.72576#13,herkkutatti (fi) — Boletus edulis,Boletus edulis,2018-10-06 [16:00-18:00],2018,Suomi,Pohjois-Häme (PH),1.0,62.258148,25.707455,6903610.0,432878.0,EXPERT_VERIFIED,HOBBYIST,Photographed,The Atlas of Finnish Fungi,ETRS-TM35FIN-1km-N6903000-E432000
http://tun.fi/JX.71767#20,herkkutatti (fi) — Boletus edulis,Boletus edulis,2018-10-07,2018,Suomi,Pohjois-Häme (PH),100.0,62.558233,26.622069,6936428.0,480569.0,NEUTRAL,HOBBYIST,Observation,The Atlas of Finnish Fungi,ETRS-TM35FIN-1km-N6936000-E480000
http://tun.fi/JX.71995#4,herkkutatti (fi) — Boletus edulis,Boletus edulis,2018-10-07,2018,Suomi,Varsinais-Suomi (V),1000.0,60.484091,22.224598,6714846.0,237697.0,NEUTRAL,HOBBYIST,Observation,The Atlas of Finnish Fungi,ETRS-TM35FIN-1km-N6714000-E237000
http://tun.fi/JX.73016#62,herkkutatti (fi) — Boletus edulis,Boletus edulis,2018-10-10,2018,Suomi,Varsinais-Suomi (V),1000.0,60.492915,22.252828,6715715.0,239316.0,NEUTRAL,HOBBYIST,Observation,The Atlas of Finnish Fungi,ETRS-TM35FIN-1km-N6715000-E239000
http://tun.fi/JX.73035#24,herkkutatti (fi) — Boletus edulis,Boletus edulis,2018-10-13,2018,Suomi,Uusimaa (U),1.0,59.909601,23.204578,6647429.0,287801.0,NEUTRAL,HOBBYIST,Photographed,The Atlas of Finnish Fungi,ETRS-TM35FIN-1km-N6647000-E287000
http://tun.fi/JX.820396#19,herkkutatti (fi) — Boletus edulis,Boletus edulis,2018-10-26,2018,Suomi,Satakunta (St),10000.0,61.573136,23.325173,6832133.0,304908.0,NEUTRAL,HOBBYIST,Photographed,The Atlas of Finnish Fungi,ETRS-TM35FIN-1km-N6832000-E304000
http://tun.fi/JX.1013485#4,herkkutatti (fi) — Boletus edulis,Boletus edulis,2019-07-06,2019,Suomi,Varsinais-Suomi (V),10000.0,60.190135,22.217603,6682193.0,234937.0,NEUTRAL,HOBBYIST,Photographed,The Atlas of Finnish Fungi,ETRS-TM35FIN-1km-N6682000-E234000
http://tun.fi/JX.1014398#4,herkkutatti (fi) — Boletus edulis,Boletus edulis,2019-07-10,2019,Suomi,Oulun Pohjanmaa (OP),1.0,64.972678,25.2037,7206615.0,415216.0,NEUTRAL,HOBBYIST,Photographed,The Atlas of Finnish Fungi,ETRS-TM35FIN-1km-N7206000-E415000
http://tun.fi/JX.1014944#4,herkkutatti (fi) — Boletus edulis,Boletus edulis,2019-07-13,2019,Suomi,Uusimaa (U),1.0,60.276541,25.22026,6683538.0,401569.0,NEUTRAL,HOBBYIST,Photographed,The Atlas of Finnish Fungi,ETRS-TM35FIN-1km-N6683000-E401000
http://tun.fi/JX.1016498#13,herkkutatti (fi) — Boletus edulis,Boletus edulis,2019-07-17,2019,Suomi,Varsinais-Suomi (V),1.0,60.335727,23.208726,6694821.0,290757.0,NEUTRAL,HOBBYIST,Photographed,The Atlas of Finnish Fungi,ETRS-TM35FIN-1km-N6694000-E290000
http://tun.fi/JX.1016943#4,herkkutatti (fi) — Boletus edulis,Boletus edulis,2019-07-18,2019,Suomi,Pohjois-Häme (PH),1.0,62.655824,24.060259,6950677.0,349383.0,NEUTRAL,HOBBYIST,Photographed,The Atlas of Finnish Fungi,ETRS-TM35FIN-1km-N6950000-E349000
http://tun.fi/JX.1054803#3,herkkutatti (fi) — Boletus edulis,Boletus edulis,2019-07-18,2019,Suomi,Varsinais-Suomi (V),1.0,60.424448,22.894528,6705729.0,274046.0,NEUTRAL,HOBBYIST,Photographed,The Atlas of Finnish Fungi,ETRS-TM35FIN-1km-N6705000-E274000
http://tun.fi/HR.3211/83421776-U,herkkutatti (fi) — Boletus edulis,Boletus edulis,2019-07-19,2019,Suomi,Varsinais-Suomi (V),100.0,60.2036,23.66322,6678762.0,315081.0,COMMUNITY_VERIFIED,AMATEUR,Photographed,iNaturalist Suomi Finland,ETRS-TM35FIN-1km-N6678000-E315000
http://tun.fi/JX.1016301#4,herkkutatti (fi) — Boletus edulis,Boletus edulis,2019-07-19,2019,Suomi,Etelä-Pohjanmaa (EP),1.0,62.958411,22.966387,6987372.0,295497.0,NEUTRAL,HOBBYIST,Observation,The Atlas of Finnish Fungi,ETRS-TM35FIN-1km-N6987000-E295000
http://tun.fi/JX.1016736#3,herkkutatti (fi) — Boletus edulis,Boletus edulis,2019-07-20,2019,Suomi,Uusimaa (U),1.0,60.483201,25.162848,6706636.0,399036.0,EXPERT_VERIFIED,AMATEUR,Observation,"Observation from the ""Which species?"" input system",ETRS-TM35FIN-1km-N6706000-E399000
http://tun.fi/JX.1055577#16,herkkutatti (fi) — Boletus edulis,Boletus edulis,2019-07-20,2019,Suomi,Pohjois-Häme (PH),100.0,62.318391,26.349421,6909820.0,466281.0,NEUTRAL,HOBBYIST,Photographed,The Atlas of Finnish Fungi,ETRS-TM35FIN-1km-N6909000-E466000
http://tun.fi/JX.1017356#4,herkkutatti (fi) — Boletus edulis,Boletus edulis,2019-07-23,2019,Suomi,Perä-Pohjanmaa (PeP),1.0,66.58311,25.65976,7385547.0,440568.0,NEUTRAL,HOBBYIST,Photographed,The Atlas of Finnish Fungi,ETRS-TM35FIN-1km-N7385000-E440000
http://tun.fi/JX.1019149#4,herkkutatti (fi) — Boletus edulis,Boletus edulis,2019-07-23 [15:00],2019,Suomi,Uusimaa (U),10000.0,60.173105,25.105165,6672198.0,394873.0,NEUTRAL,HOBBYIST,Photographed,The Atlas of Finnish Fungi,ETRS-TM35FIN-1km-N6672000-E394000
http://tun.fi/HR.3211/29433387-U,herkkutatti (fi) — Boletus edulis,Boletus edulis,2019-07-24,2019,Suomi,Uusimaa (U),10.0,60.16001,25.44753,6670245.0,413832.0,COMMUNITY_VERIFIED,AMATEUR,Photographed,iNaturalist Suomi Finland,ETRS-TM35FIN-1km-N6670000-E413000
http://tun.fi/JX.1017763#37,herkkutatti (fi) — Boletus edulis,Boletus edulis,2019-07-24 [18:33-20:33],2019,Suomi,Etelä-Häme (EH),1000.0,60.664285,23.60946,6730168.0,314747.0,NEUTRAL,HOBBYIST,Preserved specimen,"Notebook, general observations",ETRS-TM35FIN-1km-N6730000-E314000
http://tun.fi/HR.3211/29560573-U,herkkutatti (fi) — Boletus edulis,Boletus edulis,2019-07-26,2019,Suomi,Varsinais-Suomi (V),10.0,60.33046,24.46246,6690912.0,359900.0,COMMUNITY_VERIFIED,AMATEUR,Photographed,iNaturalist Suomi Finland,ETRS-TM35FIN-1km-N6690000-E359000
http://tun.fi/HR.3211/29795104-U,herkkutatti (fi) — Boletus edulis,Boletus edulis,2019-07-29,2019,Suomi,Satakunta (St),100.0,60.73809,22.41538,6742344.0,250138.0,COMMUNITY_VERIFIED,AMATEUR,Photographed,iNaturalist Suomi Finland,ETRS-TM35FIN-1km-N6742000-E250000
http://tun.fi/HR.3211/30528716-U,herkkutatti (fi) — Boletus edulis,Boletus edulis,2019-08-10,2019,Suomi,Uusimaa (U),10.0,60.29611,24.51437,6686979.0,362621.0,COMMUNITY_VERIFIED,AMATEUR,Photographed,iNaturalist Suomi Finland,ETRS-TM35FIN-1km-N6686000-E362000
http://tun.fi/JX.1021164#4,herkkutatti (fi) — Boletus edulis,Boletus edulis,2019-08-13,2019,Suomi,Uusimaa (U),1.0,60.189941,25.137066,6674023.0,396696.0,NEUTRAL,HOBBYIST,Observation,The Atlas of Finnish Fungi,ETRS-TM35FIN-1km-N6674000-E396000
http://tun.fi/JX.1023463#13,herkkutatti (fi) — Boletus edulis,Boletus edulis,2019-08-17 - 2019-08-21,2019,Suomi,Etelä-Häme (EH),5000.0,60.665075,23.608322,6730267.0,314686.0,NEUTRAL,HOBBYIST,Preserved specimen,"Notebook, general observations",ETRS-TM35FIN-1km-N6730000-E314000
http://tun.fi/JX.1023109#10,herkkutatti (fi) — Boletus edulis,Boletus edulis,2019-08-21,2019,Suomi,Varsinais-Suomi (V),1.0,60.114482,23.527388,6669234.0,307036.0,NEUTRAL,HOBBYIST,Observation,"Notebook, general observations",ETRS-TM35FIN-1km-N6669000-E307000
http://tun.fi/JX.1041143#13,herkkutatti (fi) — Boletus edulis,Boletus edulis,2019-08-24,2019,Suomi,Etelä-Savo (ES),1000.0,61.708167,27.245279,6841695.0,512970.0,NEUTRAL,HOBBYIST,Photographed,The Atlas of Finnish Fungi,ETRS-TM35FIN-1km-N6841000-E512000
http://tun.fi/JX.1202626#7,herkkutatti (fi) — Boletus edulis,Boletus edulis,2019-08-24,2019,Suomi,Pohjois-Savo (PS),1000.0,62.144003,27.51476,6890329.0,526834.0,NEUTRAL,HOBBYIST,Photographed,The Atlas of Finnish Fungi,ETRS-TM35FIN-1km-N6890000-E526000
http://tun.fi/HR.3211/31464058-U,herkkutatti (fi) — Boletus edulis,Boletus edulis,2019-08-25,2019,Suomi,Varsinais-Suomi (V),10.0,60.33095,24.46221,6690967.0,359888.0,COMMUNITY_VERIFIED,AMATEUR,Photographed,iNaturalist Suomi Finland,ETRS-TM35FIN-1km-N6690000-E359000
http://tun.fi/HR.3211/47711862-U,herkkutatti (fi) — Boletus edulis,Boletus edulis,2019-08-25,2019,Suomi,Varsinais-Suomi (V),25000.0,60.5,22.3,6716320.0,241944.0,COMMUNITY_VERIFIED,AMATEUR,Photographed,iNaturalist Suomi Finland,ETRS-TM35FIN-1km-N6716000-E241000
http://tun.fi/HR.3211/47717762-U,herkkutatti (fi) — Boletus edulis,Boletus edulis,2019-08-25,2019,Suomi,Varsinais-Suomi (V),100.0,60.4,22.3,6705199.0,241166.0,COMMUNITY_VERIFIED,AMATEUR,Photographed,iNaturalist Suomi Finland,ETRS-TM35FIN-1km-N6705000-E241000
http://tun.fi/JX.1024321#4,herkkutatti (fi) — Boletus edulis,Boletus edulis,2019-08-26,2019,Suomi,Etelä-Savo (ES),1.0,61.696888,27.403492,6840481.0,521344.0,NEUTRAL,HOBBYIST,Photographed,The Atlas of Finnish Fungi,ETRS-TM35FIN-1km-N6840000-E521000
http://tun.fi/JX.1024375#79,herkkutatti (fi) — Boletus edulis,Boletus edulis,2019-08-26,2019,Suomi,Uusimaa (U),1.0,60.325551,24.752486,6689784.0,375890.0,NEUTRAL,HOBBYIST,Photographed,The Atlas of Finnish Fungi,ETRS-TM35FIN-1km-N6689000-E375000
http://tun.fi/JX.1034574#4,herkkutatti (fi) — Boletus edulis,Boletus edulis,2019-08-26,2019,Suomi,Pohjois-Häme (PH),1.0,62.407453,24.791595,6921522.0,385895.0,NEUTRAL,HOBBYIST,Photographed,The Atlas of Finnish Fungi,ETRS-TM35FIN-1km-N6921000-E385000
http://tun.fi/JX.1103201#7,herkkutatti (fi) — Boletus edulis,Boletus edulis,2019-08-26,2019,Suomi,Varsinais-Suomi (V),100.0,60.473268,23.085766,6710517.0,284885.0,NEUTRAL,HOBBYIST,Photographed,The Atlas of Finnish Fungi,ETRS-TM35FIN-1km-N6710000-E284000
http://tun.fi/JX.1033542#13,herkkutatti (fi) — Boletus edulis,Boletus edulis,2019-08-27,2019,Suomi,Etelä-Savo (ES),1000.0,61.755194,29.275478,6849011.0,620121.0,NEUTRAL,HOBBYIST,Photographed,The Atlas of Finnish Fungi,ETRS-TM35FIN-1km-N6849000-E620000
http://tun.fi/JX.1034088#10,herkkutatti (fi) — Boletus edulis,Boletus edulis,2019-08-27,2019,Suomi,Varsinais-Suomi (V),1.0,60.126202,23.517112,6670568.0,306534.0,NEUTRAL,HOBBYIST,Observation,"Notebook, general observations",ETRS-TM35FIN-1km-N6670000-E306000
http://tun.fi/HR.3211/31677133-U,herkkutatti (fi) — Boletus edulis,Boletus edulis,2019-08-28,2019,Suomi,Uusimaa (U),100.0,60.28782,24.93041,6685262.0,385581.0,COMMUNITY_VERIFIED,AMATEUR,Photographed,iNaturalist Suomi Finland,ETRS-TM35FIN-1km-N6685000-E385000
http://tun.fi/JX.1034089#35,herkkutatti (fi) — Boletus edulis,Boletus edulis,2019-08-28,2019,Suomi,Pohjois-Häme (PH),1.0,62.194779,24.783623,6897853.0,384671.0,NEUTRAL,HOBBYIST,Observation,"Notebook, general observations",ETRS-TM35FIN-1km-N6897000-E384000
http://tun.fi/JX.1034120#4,herkkutatti (fi) — Boletus edulis,Boletus edulis,2019-08-28,2019,Suomi,Pohjois-Karjala (PK),1.0,62.602962,29.753246,6944370.0,641319.0,NEUTRAL,HOBBYIST,Observation,The Atlas of Finnish Fungi,ETRS-TM35FIN-1km-N6944000-E641000
http://tun.fi/JX.1034095#10,herkkutatti (fi) — Boletus edulis,Boletus edulis,2019-08-29,2019,Suomi,Etelä-Savo (ES),1.0,61.808408,29.329957,6855039.0,622785.0,NEUTRAL,HOBBYIST,Observation,The Atlas of Finnish Fungi,ETRS-TM35FIN-1km-N6855000-E622000
http://tun.fi/JX.1056509#13,herkkutatti (fi) — Boletus edulis,Boletus edulis,2019-08-29,2019,Suomi,Pohjois-Häme (PH),1000.0,62.321305,26.348828,6910144.0,466254.0,NEUTRAL,HOBBYIST,Photographed,The Atlas of Finnish Fungi,ETRS-TM35FIN-1km-N6910000-E466000
http://tun.fi/JX.1034094#31,herkkutatti (fi) — Boletus edulis,Boletus edulis,2019-08-30,2019,Suomi,Pohjois-Häme (PH),1.0,62.252481,25.677897,6903010.0,431330.0,NEUTRAL,HOBBYIST,Observation,"Notebook, general observations",ETRS-TM35FIN-1km-N6903000-E431000
http://tun.fi/JX.1034157#7,herkkutatti (fi) — Boletus edulis,Boletus edulis,2019-08-30,2019,Suomi,Keski-Pohjanmaa (KP),1.0,64.051469,23.646216,7107060.0,336320.0,NEUTRAL,HOBBYIST,Photographed,The Atlas of Finnish Fungi,ETRS-TM35FIN-1km-N7107000-E336000
http://tun.fi/HR.3211/31841297-U,herkkutatti (fi) — Boletus edulis,Boletus edulis,2019-08-31,2019,Suomi,Uusimaa (U),100.0,60.23472,25.13472,6679013.0,396707.0,COMMUNITY_VERIFIED,AMATEUR,Photographed,iNaturalist Suomi Finland,ETRS-TM35FIN-1km-N6679000-E396000
http://tun.fi/JX.1034393#31,herkkutatti (fi) — Boletus edulis,Boletus edulis,2019-08-31,2019,Suomi,Uusimaa (U),1000.0,60.33919,25.03473,6690804.0,391517.0,NEUTRAL,HOBBYIST,Photographed,The Atlas of Finnish Fungi,ETRS-TM35FIN-1km-N6690000-E391000
http://tun.fi/JX.1034436#4,herkkutatti (fi) — Boletus edulis,Boletus edulis,2019-08-31,2019,Suomi,Keski-Pohjanmaa (KP),1000.0,64.092905,23.503537,7112046.0,329614.0,NEUTRAL,HOBBYIST,Photographed,The Atlas of Finnish Fungi,ETRS-TM35FIN-1km-N7112000-E329000
http://tun.fi/JX.1034439#34,herkkutatti (fi) — Boletus edulis,Boletus edulis,2019-08-31,2019,Suomi,Etelä-Häme (EH),1000.0,61.561141,23.510213,6830259.0,314656.0,NEUTRAL,HOBBYIST,Photographed,The Atlas of Finnish Fungi,ETRS-TM35FIN-1km-N6830000-E314000
http://tun.fi/JX.1034451#19,herkkutatti (fi) — Boletus edulis,Boletus edulis,2019-08-31,2019,Suomi,Satakunta (St),1000.0,61.609201,23.262411,6836336.0,301811.0,NEUTRAL,HOBBYIST,Photographed,The Atlas of Finnish Fungi,ETRS-TM35FIN-1km-N6836000-E301000
http://tun.fi/JX.1035016#4,herkkutatti (fi) — Boletus edulis,Boletus edulis,2019-08-31,2019,Suomi,Keski-Pohjanmaa (KP),1000.0,64.092905,23.503537,7112046.0,329614.0,NEUTRAL,HOBBYIST,Photographed,The Atlas of Finnish Fungi,ETRS-TM35FIN-1km-N7112000-E329000
http://tun.fi/JX.1117293#106,herkkutatti (fi) — Boletus edulis,Boletus edulis,2019-08-31,2019,Suomi,Pohjois-Savo (PS),10000.0,62.071188,27.092385,6882114.0,504828.0,NEUTRAL,HOBBYIST,Photographed,The Atlas of Finnish Fungi,ETRS-TM35FIN-1km-N6882000-E504000
http://tun.fi/JX.1117293#127,herkkutatti (fi) — Boletus edulis,Boletus edulis,2019-08-31,2019,Suomi,Pohjois-Savo (PS),10000.0,62.071188,27.092385,6882114.0,504828.0,NEUTRAL,HOBBYIST,Photographed,The Atlas of Finnish Fungi,ETRS-TM35FIN-1km-N6882000-E504000
http://tun.fi/JX.1117293#76,herkkutatti (fi) — Boletus edulis,Boletus edulis,2019-08-31,2019,Suomi,Pohjois-Savo (PS),10000.0,62.071188,27.092385,6882114.0,504828.0,NEUTRAL,HOBBYIST,Photographed,The Atlas of Finnish Fungi,ETRS-TM35FIN-1km-N6882000-E504000
http://tun.fi/JX.1117293#91,herkkutatti (fi) — Boletus edulis,Boletus edulis,2019-08-31,2019,Suomi,Pohjois-Savo (PS),10000.0,62.071188,27.092385,6882114.0,504828.0,NEUTRAL,HOBBYIST,Photographed,The Atlas of Finnish Fungi,ETRS-TM35FIN-1km-N6882000-E504000
http://tun.fi/JX.1116765#10,herkkutatti (fi) — Boletus edulis,Boletus edulis,2019-08-31 [9:30],2019,Suomi,Pohjois-Savo (PS),10000.0,62.071188,27.092385,6882114.0,504828.0,NEUTRAL,HOBBYIST,Photographed,The Atlas of Finnish Fungi,ETRS-TM35FIN-1km-N6882000-E504000
http://tun.fi/JX.1034613#4,herkkutatti (fi) — Boletus edulis,Boletus edulis,2019-09-01,2019,Suomi,Etelä-Häme (EH),1.0,60.928569,23.452798,6760035.0,307782.0,NEUTRAL,HOBBYIST,Photographed,The Atlas of Finnish Fungi,ETRS-TM35FIN-1km-N6760000-E307000
http://tun.fi/JX.1034738#10,herkkutatti (fi) — Boletus edulis,Boletus edulis,2019-09-01,2019,Suomi,Uusimaa (U),1000.0,60.187431,24.703209,6674501.0,372633.0,NEUTRAL,HOBBYIST,Photographed,The Atlas of Finnish Fungi,ETRS-TM35FIN-1km-N6674000-E372000
http://tun.fi/JX.1034744#7,herkkutatti (fi) — Boletus edulis,Boletus edulis,2019-09-01,2019,Suomi,Perä-Pohjanmaa (PeP),5000.0,66.491935,25.940122,7375145.0,452827.0,NEUTRAL,HOBBYIST,Observation,The Atlas of Finnish Fungi,ETRS-TM35FIN-1km-N7375000-E452000
http://tun.fi/JX.1034794#4,herkkutatti (fi) — Boletus edulis,Boletus edulis,2019-09-01,2019,Suomi,Perä-Pohjanmaa (PeP),1.0,66.52998,25.56483,7379719.0,436223.0,NEUTRAL,HOBBYIST,Photographed,The Atlas of Finnish Fungi,ETRS-TM35FIN-1km-N7379000-E436000
http://tun.fi/JX.1035461#10,herkkutatti (fi) — Boletus edulis,Boletus edulis,2019-09-01,2019,Suomi,Uusimaa (U),1000.0,60.317366,24.667769,6689035.0,371180.0,NEUTRAL,HOBBYIST,Observation,"Notebook, general observations",ETRS-TM35FIN-1km-N6689000-E371000
http://tun.fi/JX.1677422#5,herkkutatti (fi) — Boletus edulis,Boletus edulis,2019-09-01,2019,Suomi,Satakunta (St),1000.0,61.661651,23.473176,6841551.0,313305.0,NEUTRAL,HOBBYIST,Photographed,The Atlas of Finnish Fungi,ETRS-TM35FIN-1km-N6841000-E313000
http://tun.fi/JX.1034945#10,herkkutatti (fi) — Boletus edulis,Boletus edulis,2019-09-02,2019,Suomi,Pohjois-Häme (PH),1.0,62.249625,25.723287,6902644.0,433681.0,NEUTRAL,HOBBYIST,Observation,"Notebook, general observations",ETRS-TM35FIN-1km-N6902000-E433000
http://tun.fi/JX.1035148#17,herkkutatti (fi) — Boletus edulis,Boletus edulis,2019-09-03,2019,Suomi,Oulun Pohjanmaa (OP),1.0,64.996041,25.483941,7208872.0,428504.0,NEUTRAL,HOBBYIST,Photographed,The Atlas of Finnish Fungi,ETRS-TM35FIN-1km-N7208000-E428000
http://tun.fi/JX.1048762#4,herkkutatti (fi) — Boletus edulis,Boletus edulis,2019-09-03,2019,Suomi,Etelä-Häme (EH),10000.0,61.249458,25.040691,6792150.0,394872.0,NEUTRAL,HOBBYIST,Observation,The Atlas of Finnish Fungi,ETRS-TM35FIN-1km-N6792000-E394000
http://tun.fi/JX.1035299#40,herkkutatti (fi) — Boletus edulis,Boletus edulis,2019-09-04,2019,Suomi,Varsinais-Suomi (V),1000.0,60.426763,22.206345,6708549.0,236219.0,NEUTRAL,HOBBYIST,Observation,"Notebook, general observations",ETRS-TM35FIN-1km-N6708000-E236000
http://tun.fi/JX.1035460#13,herkkutatti (fi) — Boletus edulis,Boletus edulis,2019-09-04,2019,Suomi,Uusimaa (U),1000.0,60.210805,25.03211,6676514.0,390946.0,NEUTRAL,HOBBYIST,Observation,"Notebook, general observations",ETRS-TM35FIN-1km-N6676000-E390000
http://tun.fi/HR.3211/32151390-U,herkkutatti (fi) — Boletus edulis,Boletus edulis,2019-09-05,2019,Suomi,Keski-Pohjanmaa (KP),10.0,63.52748,24.66355,7046484.0,383814.0,COMMUNITY_VERIFIED,AMATEUR,Photographed,iNaturalist Suomi Finland,ETRS-TM35FIN-1km-N7046000-E383000
http://tun.fi/JX.1035621#4,herkkutatti (fi) — Boletus edulis,Boletus edulis,2019-09-05,2019,Suomi,Uusimaa (U),1.0,60.344817,25.215663,6691147.0,401520.0,NEUTRAL,HOBBYIST,Photographed,The Atlas of Finnish Fungi,ETRS-TM35FIN-1km-N6691000-E401000
http://tun.fi/JX.1035797#4,herkkutatti (fi) — Boletus edulis,Boletus edulis,2019-09-06,2019,Suomi,Oulun Pohjanmaa (OP),1.0,65.000138,25.498815,7209311.0,429216.0,NEUTRAL,HOBBYIST,Photographed,The Atlas of Finnish Fungi,ETRS-TM35FIN-1km-N7209000-E429000
http://tun.fi/JX.1036069#37,herkkutatti (fi) — Boletus edulis,Boletus edulis,2019-09-06,2019,Suomi,Satakunta (St),1000.0,61.64787,23.170945,6840916.0,297217.0,NEUTRAL,HOBBYIST,Photographed,The Atlas of Finnish Fungi,ETRS-TM35FIN-1km-N6840000-E297000
http://tun.fi/JX.1037298#10,herkkutatti (fi) — Boletus edulis,Boletus edulis,2019-09-06,2019,Suomi,Uusimaa (U),1.0,60.625864,25.095259,6722626.0,395782.0,NEUTRAL,HOBBYIST,Photographed,The Atlas of Finnish Fungi,ETRS-TM35FIN-1km-N6722000-E395000
http://tun.fi/JX.1037404#43,herkkutatti (fi) — Boletus edulis,Boletus edulis,2019-09-06 - 2019-09-08,2019,Suomi,Pohjois-Savo (PS),10000.0,62.249853,27.47778,6902106.0,524819.0,NEUTRAL,HOBBYIST,Observation,"Notebook, general observations",ETRS-TM35FIN-1km-N6902000-E524000
http://tun.fi/JX.1041955#37,herkkutatti (fi) — Boletus edulis,Boletus edulis,2019-09-06 - 2019-09-08,2019,Suomi,Etelä-Häme (EH),1000.0,61.169428,25.868662,6782186.0,439139.0,NEUTRAL,HOBBYIST,Observation,"Notebook, general observations",ETRS-TM35FIN-1km-N6782000-E439000
http://tun.fi/JX.1036556#78,herkkutatti (fi) — Boletus edulis,Boletus edulis,2019-09-08,2019,Suomi,Kainuu (Kn),1000.0,64.264141,29.048544,7128048.0,599239.0,NEUTRAL,HOBBYIST,Observation,"Notebook, general observations",ETRS-TM35FIN-1km-N7128000-E599000
http://tun.fi/JX.1109404#43,herkkutatti (fi) — Boletus edulis,Boletus edulis,2019-09-08,2019,Suomi,Uusimaa (U),100.0,60.605579,25.250571,6720131.0,404216.0,NEUTRAL,HOBBYIST,Observation,"Notebook, general observations",ETRS-TM35FIN-1km-N6720000-E404000
http://tun.fi/JX.1037030#4,herkkutatti (fi) — Boletus edulis,Boletus edulis,2019-09-09 [10:30-12:30],2019,Suomi,Keski-Pohjanmaa (KP),100.0,64.026345,23.394466,7104934.0,323883.0,NEUTRAL,HOBBYIST,Observation,The Atlas of Finnish Fungi,ETRS-TM35FIN-1km-N7104000-E323000
http://tun.fi/JX.1047083#4,herkkutatti (fi) — Boletus edulis,Boletus edulis,2019-09-10,2019,Suomi,Keski-Pohjanmaa (KP),1.0,63.77873,26.06583,7072696.0,453949.0,NEUTRAL,HOBBYIST,Photographed,The Atlas of Finnish Fungi,ETRS-TM35FIN-1km-N7072000-E453000
http://tun.fi/HR.3211/32515184-U,herkkutatti (fi) — Boletus edulis,Boletus edulis,2019-09-11,2019,Suomi,Uusimaa (U),10.0,60.27633,24.45188,6684909.0,359083.0,COMMUNITY_VERIFIED,AMATEUR,Photographed,iNaturalist Suomi Finland,ETRS-TM35FIN-1km-N6684000-E359000
http://tun.fi/HR.3211/32515548-U,herkkutatti (fi) — Boletus edulis,Boletus edulis,2019-09-11,2019,Suomi,Uusimaa (U),12.0,60.2779,24.45051,6685087.0,359014.0,COMMUNITY_VERIFIED,AMATEUR,Photographed,iNaturalist Suomi Finland,ETRS-TM35FIN-1km-N6685000-E359000
http://tun.fi/JX.1036819#3,herkkutatti (fi) — Boletus edulis,Boletus edulis,2019-09-11,2019,Suomi,Oulun Pohjanmaa (OP),100.0,65.061792,25.589648,7216082.0,433651.0,NEUTRAL,HOBBYIST,Observation,"Notebook, general observations",ETRS-TM35FIN-1km-N7216000-E433000
http://tun.fi/KE.921/LGE.555857/1284786,herkkutatti (fi) — Boletus edulis,Boletus edulis,2019-09-12,2019,Suomi,Varsinais-Suomi (V),1000.0,60.241293,23.798119,6682620.0,322756.0,NEUTRAL,PROFESSIONAL,Observation,LajiGIS: Species mapping and surveys,ETRS-TM35FIN-1km-N6682000-E322000
http://tun.fi/HR.3211/32628947-U,herkkutatti (fi) — Boletus edulis,Boletus edulis,2019-09-13,2019,Suomi,Uusimaa (U),10.0,60.2121,24.95906,6676782.0,386904.0,COMMUNITY_VERIFIED,AMATEUR,Photographed,iNaturalist Suomi Finland,ETRS-TM35FIN-1km-N6676000-E386000
http://tun.fi/JX.1037443#13,herkkutatti (fi) — Boletus edulis,Boletus edulis,2019-09-13 [9:00-14:00],2019,Suomi,Uusimaa (U),1000.0,60.275456,25.161291,6683512.0,398309.0,NEUTRAL,HOBBYIST,Observation,"Notebook, general observations",ETRS-TM35FIN-1km-N6683000-E398000
http://tun.fi/HR.3211/32686633-U,herkkutatti (fi) — Boletus edulis,Boletus edulis,2019-09-14,2019,Suomi,Uusimaa (U),10.0,60.25691,24.50414,6682637.0,361891.0,COMMUNITY_VERIFIED,AMATEUR,Photographed,iNaturalist Suomi Finland,ETRS-TM35FIN-1km-N6682000-E361000
http://tun.fi/JX.1037970#25,herkkutatti (fi) — Boletus edulis,Boletus edulis,2019-09-14,2019,Suomi,Pohjois-Häme (PH),1000.0,62.420229,25.081331,6922466.0,400903.0,NEUTRAL,HOBBYIST,Photographed,The Atlas of Finnish Fungi,ETRS-TM35FIN-1km-N6922000-E400000
http://tun.fi/JX.1037972#41,herkkutatti (fi) — Boletus edulis,Boletus edulis,2019-09-14,2019,Suomi,Etelä-Häme (EH),1.0,60.829008,24.582976,6746163.0,368593.0,NEUTRAL,HOBBYIST,Photographed,"Notebook, general observations",ETRS-TM35FIN-1km-N6746000-E368000
http://tun.fi/JX.1056939#4,herkkutatti (fi) — Boletus edulis,Boletus edulis,2019-09-14,2019,Suomi,Perä-Pohjanmaa (PeP),1.0,66.323086,26.294443,7356102.0,468384.0,NEUTRAL,HOBBYIST,Photographed,The Atlas of Finnish Fungi,ETRS-TM35FIN-1km-N7356000-E468000
http://tun.fi/JX.2388923#32,herkkutatti (fi) — Boletus edulis,Boletus edulis,2019-09-14,2019,Suomi,Pohjois-Savo (PS),1.0,62.904,27.602,6975037.0,530594.0,NEUTRAL,HOBBYIST,Photographed,The Atlas of Finnish Fungi,ETRS-TM35FIN-1km-N6975000-E530000
http://tun.fi/JX.1037780#4,herkkutatti (fi) — Boletus edulis,Boletus edulis,2019-09-15,2019,Suomi,Perä-Pohjanmaa (PeP),1000.0,66.497343,25.750578,7375903.0,444403.0,NEUTRAL,HOBBYIST,Photographed,The Atlas of Finnish Fungi,ETRS-TM35FIN-1km-N7375000-E444000
http://tun.fi/HR.3211/32882485-U,herkkutatti (fi) — Boletus edulis,Boletus edulis,2019-09-17,2019,Suomi,Uusimaa (U),100.0,60.17983,24.66233,6673735.0,370338.0,COMMUNITY_VERIFIED,AMATEUR,Photographed,iNaturalist Suomi Finland,ETRS-TM35FIN-1km-N6673000-E370000
http://tun.fi/HR.3211/46407175-U,herkkutatti (fi) — Boletus edulis,Boletus edulis,2019-09-17,2019,Suomi,Etelä-Häme (EH),346.0,61.40578,23.76604,6812267.0,327375.0,COMMUNITY_VERIFIED,AMATEUR,Photographed,iNaturalist Suomi Finland,ETRS-TM35FIN-1km-N6812000-E327000
http://tun.fi/JX.1038357#4,herkkutatti (fi) — Boletus edulis,Boletus edulis,2019-09-17,2019,Suomi,Satakunta (St),1.0,60.908973,23.144672,6758798.0,290969.0,NEUTRAL,HOBBYIST,Photographed,The Atlas of Finnish Fungi,ETRS-TM35FIN-1km-N6758000-E290000
http://tun.fi/JX.1197026#7,herkkutatti (fi) — Boletus edulis,Boletus edulis,2019-09-19,2019,Suomi,Uusimaa (U),1000.0,60.281734,25.165658,6684190.0,398556.0,NEUTRAL,HOBBYIST,Observation,The Atlas of Finnish Fungi,ETRS-TM35FIN-1km-N6684000-E398000
http://tun.fi/JX.1038941#4,herkkutatti (fi) — Boletus edulis,Boletus edulis,2019-09-20,2019,Suomi,Pohjois-Häme (PH),1000.0,62.253022,25.682648,6903064.0,431577.0,NEUTRAL,HOBBYIST,Observation,"Notebook, general observations",ETRS-TM35FIN-1km-N6903000-E431000
http://tun.fi/JX.1039002#37,herkkutatti (fi) — Boletus edulis,Boletus edulis,2019-09-20,2019,Suomi,Etelä-Pohjanmaa (EP),1000.0,62.591539,22.414624,6948442.0,264642.0,NEUTRAL,HOBBYIST,Photographed,The Atlas of Finnish Fungi,ETRS-TM35FIN-1km-N6948000-E264000
http://tun.fi/KE.921/LGE.555856/1284657,herkkutatti (fi) — Boletus edulis,Boletus edulis,2019-09-20,2019,Suomi,Varsinais-Suomi (V),1000.0,60.205652,23.70159,6678884.0,317219.0,NEUTRAL,PROFESSIONAL,Observation,LajiGIS: Species mapping and surveys,ETRS-TM35FIN-1km-N6678000-E317000
http://tun.fi/JX.1039138#4,herkkutatti (fi) — Boletus edulis,Boletus edulis,2019-09-21,2019,Suomi,Etelä-Pohjanmaa (EP),1.0,62.725722,22.205179,6964150.0,255021.0,NEUTRAL,HOBBYIST,Observation,The Atlas of Finnish Fungi,ETRS-TM35FIN-1km-N6964000-E255000
http://tun.fi/JX.1039219#34,herkkutatti (fi) — Boletus edulis,Boletus edulis,2019-09-21,2019,Suomi,Etelä-Pohjanmaa (EP),1000.0,62.589887,22.414661,6948261.0,264636.0,NEUTRAL,HOBBYIST,Photographed,The Atlas of Finnish Fungi,ETRS-TM35FIN-1km-N6948000-E264000
http://tun.fi/JX.1041289#55,herkkutatti (fi) — Boletus edulis,Boletus edulis,2019-09-21 - 2019-10-02,2019,Suomi,Uusimaa (U),1000.0,60.212966,24.682636,6677384.0,371592.0,NEUTRAL,HOBBYIST,Photographed,The Atlas of Finnish Fungi,ETRS-TM35FIN-1km-N6677000-E371000
http://tun.fi/HR.3211/207717712-U,herkkutatti (fi) — Boletus edulis,Boletus edulis,2019-09-22,2019,Suomi,Keski-Pohjanmaa (KP),488.0,63.87406,23.07896,7088900.0,307444.0,COMMUNITY_VERIFIED,AMATEUR,Photographed,iNaturalist Suomi Finland,ETRS-TM35FIN-1km-N7088000-E307000
http://tun.fi/JX.1039588#4,herkkutatti (fi) — Boletus edulis,Boletus edulis,2019-09-22,2019,Suomi,Uusimaa (U),1.0,60.316985,25.42825,6687750.0,413178.0,NEUTRAL,HOBBYIST,Photographed,The Atlas of Finnish Fungi,ETRS-TM35FIN-1km-N6687000-E413000
http://tun.fi/JX.1043699#16,herkkutatti (fi) — Boletus edulis,Boletus edulis,2019-09-22,2019,Suomi,Etelä-Pohjanmaa (EP),1.0,62.7848,22.3805,6970065.0,264439.0,NEUTRAL,HOBBYIST,Photographed,The Atlas of Finnish Fungi,ETRS-TM35FIN-1km-N6970000-E264000
http://tun.fi/JX.1043699#30,herkkutatti (fi) — Boletus edulis,Boletus edulis,2019-09-22,2019,Suomi,Etelä-Pohjanmaa (EP),1.0,62.7858,22.3802,6970177.0,264432.0,NEUTRAL,HOBBYIST,Photographed,The Atlas of Finnish Fungi,ETRS-TM35FIN-1km-N6970000-E264000
http://tun.fi/JX.1039728#7,herkkutatti (fi) — Boletus edulis,Boletus edulis,2019-09-23,2019,Suomi,Satakunta (St),1.0,60.844271,23.026425,6751984.0,284127.0,NEUTRAL,HOBBYIST,Photographed,The Atlas of Finnish Fungi,ETRS-TM35FIN-1km-N6751000-E284000
http://tun.fi/JX.1039759#4,herkkutatti (fi) — Boletus edulis,Boletus edulis,2019-09-23,2019,Suomi,Satakunta (St),1.0,60.842149,23.02918,6751739.0,284262.0,NEUTRAL,HOBBYIST,Photographed,The Atlas of Finnish Fungi,ETRS-TM35FIN-1km-N6751000-E284000
http://tun.fi/JX.1039850#14,herkkutatti (fi) — Boletus edulis,Boletus edulis,2019-09-23,2019,Suomi,Etelä-Häme (EH),1.0,60.728013,24.740179,6734614.0,376750.0,NEUTRAL,HOBBYIST,Photographed,The Atlas of Finnish Fungi,ETRS-TM35FIN-1km-N6734000-E376000
http://tun.fi/JX.1039985#49,herkkutatti (fi) — Boletus edulis,Boletus edulis,2019-09-23,2019,Suomi,Pohjois-Häme (PH),100.0,62.16876,25.862195,6893501.0,440738.0,NEUTRAL,HOBBYIST,Observation,The Atlas of Finnish Fungi,ETRS-TM35FIN-1km-N6893000-E440000
http://tun.fi/JX.1039929#10,herkkutatti (fi) — Boletus edulis,Boletus edulis,2019-09-24,2019,Suomi,Etelä-Savo (ES),1000.0,61.40768,27.326627,6808241.0,517439.0,NEUTRAL,HOBBYIST,Observation,The Atlas of Finnish Fungi,ETRS-TM35FIN-1km-N6808000-E517000
http://tun.fi/JX.1039974#4,herkkutatti (fi) — Boletus edulis,Boletus edulis,2019-09-24,2019,Suomi,Etelä-Savo (ES),1.0,61.486034,27.25355,6816953.0,513504.0,NEUTRAL,HOBBYIST,Photographed,The Atlas of Finnish Fungi,ETRS-TM35FIN-1km-N6816000-E513000
http://tun.fi/JX.1039981#59,herkkutatti (fi) — Boletus edulis,Boletus edulis,2019-09-24,2019,Suomi,Pohjois-Häme (PH),1000.0,62.256178,25.675846,6903423.0,431231.0,NEUTRAL,HOBBYIST,Observation,"Notebook, general observations",ETRS-TM35FIN-1km-N6903000-E431000
http://tun.fi/JX.1053270#3,herkkutatti (fi) — Boletus edulis,Boletus edulis,2019-09-24,2019,Suomi,Etelä-Savo (ES),1.0,61.40699,27.32814,6808166.0,517521.0,NEUTRAL,HOBBYIST,Photographed,The Atlas of Finnish Fungi,ETRS-TM35FIN-1km-N6808000-E517000
http://tun.fi/JX.1040184#37,herkkutatti (fi) — Boletus edulis,Boletus edulis,2019-09-25,2019,Suomi,Varsinais-Suomi (V),5000.0,60.415501,22.175885,6707415.0,234465.0,NEUTRAL,HOBBYIST,Observation,"Notebook, general observations",ETRS-TM35FIN-1km-N6707000-E234000
http://tun.fi/HR.3211/37533392-U,herkkutatti (fi) — Boletus edulis,Boletus edulis,2019-09-26,2019,Suomi,Varsinais-Suomi (V),646.0,60.42799,24.48818,6701715.0,361734.0,COMMUNITY_VERIFIED,AMATEUR,Photographed,iNaturalist Suomi Finland,ETRS-TM35FIN-1km-N6701000-E361000
http://tun.fi/KE.921/LGE.555875/1286051,herkkutatti (fi) — Boletus edulis,Boletus edulis,2019-09-26,2019,Suomi,Varsinais-Suomi (V),1000.0,60.261112,23.829801,6684711.0,324613.0,NEUTRAL,PROFESSIONAL,Observation,LajiGIS: Species mapping and surveys,ETRS-TM35FIN-1km-N6684000-E324000
http://tun.fi/JX.1040546#114,herkkutatti (fi) — Boletus edulis,Boletus edulis,2019-09-27,2019,Suomi,Satakunta (St),100.0,61.565664,21.52961,6837998.0,209647.0,NEUTRAL,HOBBYIST,Photographed,The Atlas of Finnish Fungi,ETRS-TM35FIN-1km-N6837000-E209000
http://tun.fi/JX.1043409#28,herkkutatti (fi) — Boletus edulis,Boletus edulis,2019-09-27,2019,Suomi,Satakunta (St),100.0,61.565664,21.5307,6837994.0,209705.0,NEUTRAL,HOBBYIST,Photographed,The Atlas of Finnish Fungi,ETRS-TM35FIN-1km-N6837000-E209000
http://tun.fi/JX.1101119#28,herkkutatti (fi) — Boletus edulis,Boletus edulis,2019-09-27,2019,Suomi,Satakunta (St),1.0,61.569158,21.490893,6838561.0,207629.0,NEUTRAL,HOBBYIST,Photographed,The Atlas of Finnish Fungi,ETRS-TM35FIN-1km-N6838000-E207000
http://tun.fi/HR.3211/33532999-U,herkkutatti (fi) — Boletus edulis,Boletus edulis,2019-09-28,2019,Suomi,Uusimaa (U),100.0,60.31989,24.6054,6689440.0,367747.0,COMMUNITY_VERIFIED,AMATEUR,Photographed,iNaturalist Suomi Finland,ETRS-TM35FIN-1km-N6689000-E367000
http://tun.fi/JX.1040799#100,herkkutatti (fi) — Boletus edulis,Boletus edulis,2019-09-28,2019,Suomi,Satakunta (St),1.0,61.551097,21.69528,6835653.0,218295.0,NEUTRAL,HOBBYIST,Photographed,The Atlas of Finnish Fungi,ETRS-TM35FIN-1km-N6835000-E218000
http://tun.fi/JX.1041022#34,herkkutatti (fi) — Boletus edulis,Boletus edulis,2019-09-29,2019,Suomi,Uusimaa (U),1000.0,60.182486,24.661817,6674031.0,370323.0,NEUTRAL,HOBBYIST,Observation,"Notebook, general observations",ETRS-TM35FIN-1km-N6674000-E370000
http://tun.fi/JX.1041651#7,herkkutatti (fi) — Boletus edulis,Boletus edulis,2019-09-29,2019,Suomi,Keski-Pohjanmaa (KP),1000.0,63.866964,23.08128,7088101.0,307508.0,NEUTRAL,HOBBYIST,Observation,"Notebook, general observations",ETRS-TM35FIN-1km-N7088000-E307000
http://tun.fi/JX.1053505#3,herkkutatti (fi) — Boletus edulis,Boletus edulis,2019-09-29,2019,Suomi,Varsinais-Suomi (V),1.0,60.412128,22.91144,6704300.0,274891.0,NEUTRAL,HOBBYIST,Photographed,The Atlas of Finnish Fungi,ETRS-TM35FIN-1km-N6704000-E274000
http://tun.fi/KE.921/LGE.555826/1282697,herkkutatti (fi) — Boletus edulis,Boletus edulis,2019-09-29,2019,Suomi,Varsinais-Suomi (V),1000.0,60.897047,21.681076,6763033.0,211617.0,NEUTRAL,PROFESSIONAL,Observation,LajiGIS: Species mapping and surveys,ETRS-TM35FIN-1km-N6763000-E211000
http://tun.fi/JX.1048763#4,herkkutatti (fi) — Boletus edulis,Boletus edulis,2019-10-02,2019,Suomi,Etelä-Häme (EH),10000.0,61.688483,24.445903,6842130.0,364884.0,NEUTRAL,HOBBYIST,Observation,The Atlas of Finnish Fungi,ETRS-TM35FIN-1km-N6842000-E364000
http://tun.fi/KE.921/LGE.555827/1282803,herkkutatti (fi) — Boletus edulis,Boletus edulis,2019-10-02,2019,Suomi,Varsinais-Suomi (V),1000.0,60.878706,21.66023,6761085.0,210316.0,NEUTRAL,PROFESSIONAL,Observation,LajiGIS: Species mapping and surveys,ETRS-TM35FIN-1km-N6761000-E210000
http://tun.fi/KE.921/LGE.555829/1282942,herkkutatti (fi) — Boletus edulis,Boletus edulis,2019-10-02,2019,Suomi,Varsinais-Suomi (V),1000.0,60.876073,21.637275,6760892.0,209047.0,NEUTRAL,PROFESSIONAL,Observation,LajiGIS: Species mapping and surveys,ETRS-TM35FIN-1km-N6760000-E209000
http://tun.fi/JX.1042212#127,herkkutatti (fi) — Boletus edulis,Boletus edulis,2019-10-05,2019,Suomi,Uusimaa (U),1.0,60.159634,25.082903,6670735.0,393595.0,EXPERT_VERIFIED,HOBBYIST,Photographed,The Atlas of Finnish Fungi,ETRS-TM35FIN-1km-N6670000-E393000
http://tun.fi/JX.1042296#64,herkkutatti (fi) — Boletus edulis,Boletus edulis,2019-10-05,2019,Suomi,Etelä-Häme (EH),1000.0,60.975072,25.752581,6760652.0,432484.0,NEUTRAL,HOBBYIST,Observation,"Notebook, general observations",ETRS-TM35FIN-1km-N6760000-E432000
http://tun.fi/KE.921/LGE.555880/1286318,herkkutatti (fi) — Boletus edulis,Boletus edulis,2019-10-09,2019,Suomi,Varsinais-Suomi (V),1000.0,60.283879,21.319021,6696563.0,186103.0,NEUTRAL,PROFESSIONAL,Observation,LajiGIS: Species mapping and surveys,ETRS-TM35FIN-1km-N6696000-E186000
http://tun.fi/JX.1043139#16,herkkutatti (fi) — Boletus edulis,Boletus edulis,2019-10-09 [15:00-18:00],2019,Suomi,Pohjois-Häme (PH),1.0,62.186281,25.878745,6895438.0,441634.0,NEUTRAL,HOBBYIST,Photographed,The Atlas of Finnish Fungi,ETRS-TM35FIN-1km-N6895000-E441000
http://tun.fi/HR.3211/34448680-U,herkkutatti (fi) — Boletus edulis,Boletus edulis,2019-10-10,2019,Suomi,Satakunta (St),239159.0,61.62312,23.06992,6838486.0,291705.0,COMMUNITY_VERIFIED,AMATEUR,Photographed,iNaturalist Suomi Finland,ETRS-TM35FIN-1km-N6838000-E291000
http://tun.fi/JX.1043061#55,herkkutatti (fi) — Boletus edulis,Boletus edulis,2019-10-10,2019,Suomi,Etelä-Häme (EH),1.0,61.42379,25.705909,6810678.0,430947.0,NEUTRAL,HOBBYIST,Photographed,The Atlas of Finnish Fungi,ETRS-TM35FIN-1km-N6810000-E430000
http://tun.fi/JX.1043190#22,herkkutatti (fi) — Boletus edulis,Boletus edulis,2019-10-11,2019,Suomi,Etelä-Häme (EH),100.0,61.483359,25.586778,6817444.0,424733.0,NEUTRAL,HOBBYIST,Observation,The Atlas of Finnish Fungi,ETRS-TM35FIN-1km-N6817000-E424000
http://tun.fi/JX.1043482#10,herkkutatti (fi) — Boletus edulis,Boletus edulis,2019-10-11,2019,Suomi,Pohjois-Häme (PH),1000.0,62.187711,25.730131,6895740.0,433901.0,NEUTRAL,HOBBYIST,Observation,The Atlas of Finnish Fungi,ETRS-TM35FIN-1km-N6895000-E433000
http://tun.fi/KE.921/LGE.555854/1284487,herkkutatti (fi) — Boletus edulis,Boletus edulis,2019-10-11,2019,Suomi,Varsinais-Suomi (V),1000.0,60.921216,21.62557,6765966.0,208829.0,NEUTRAL,PROFESSIONAL,Observation,LajiGIS: Species mapping and surveys,ETRS-TM35FIN-1km-N6765000-E208000
http://tun.fi/HR.3211/50530227-U,herkkutatti (fi) — Boletus edulis,Boletus edulis,2020-06-22,2020,Suomi,Etelä-Häme (EH),39.0,60.93385,25.98401,6755847.0,444938.0,COMMUNITY_VERIFIED,AMATEUR,Photographed,iNaturalist Suomi Finland,ETRS-TM35FIN-1km-N6755000-E444000
http://id.luomus.fi/MY.12445058,herkkutatti (fi) — Boletus edulis,Boletus edulis,2020-06-29,2020,Suomi,Uusimaa (U),1.0,60.343202,25.683784,6690360.0,427351.0,NEUTRAL,PROFESSIONAL,Preserved specimen,Agaricales Fennoscandiae orientalis,ETRS-TM35FIN-1km-N6690000-E427000
http://tun.fi/HR.3211/51900192-U,herkkutatti (fi) — Boletus edulis,Boletus edulis,2020-07-04,2020,Suomi,Pohjois-Häme (PH),100.0,62.81583,26.30194,6965264.0,464420.0,COMMUNITY_VERIFIED,AMATEUR,Photographed,iNaturalist Suomi Finland,ETRS-TM35FIN-1km-N6965000-E464000
http://tun.fi/HR.3211/52255644-U,herkkutatti (fi) — Boletus edulis,Boletus edulis,2020-07-07,2020,Suomi,Pohjois-Karjala (PK),10.0,62.41742,30.01431,6924314.0,655677.0,COMMUNITY_VERIFIED,AMATEUR,Photographed,iNaturalist Suomi Finland,ETRS-TM35FIN-1km-N6924000-E655000
http://tun.fi/HR.3211/52258660-U,herkkutatti (fi) — Boletus edulis,Boletus edulis,2020-07-07,2020,Suomi,Uusimaa (U),48.0,60.21629,24.88796,6677373.0,382980.0,NEUTRAL,AMATEUR,Photographed,iNaturalist Suomi Finland,ETRS-TM35FIN-1km-N6677000-E382000
http://tun.fi/JX.1137591#28,herkkutatti (fi) — Boletus edulis,Boletus edulis,2020-07-09,2020,Suomi,Etelä-Savo (ES),1000.0,61.958902,26.676664,6869645.0,483042.0,NEUTRAL,HOBBYIST,Photographed,The Atlas of Finnish Fungi,ETRS-TM35FIN-1km-N6869000-E483000
http://tun.fi/KE.176/5f0da846d5de584b628fe11a#Unit1,herkkutatti (fi) — Boletus edulis,Boletus edulis,2020-07-09,2020,Suomi,Varsinais-Suomi (V),50000.0,60.415996,24.387556,6700621.0,356069.0,NEUTRAL,AMATEUR,Observation,Löydös Open Finnish Observation Database,ETRS-TM35FIN-1km-N6700000-E356000
http://tun.fi/HR.3211/52566527-U,herkkutatti (fi) — Boletus edulis,Boletus edulis,2020-07-10,2020,Suomi,Pohjois-Häme (PH),24.0,62.503,26.39437,6930364.0,468804.0,COMMUNITY_VERIFIED,AMATEUR,Photographed,iNaturalist Suomi Finland,ETRS-TM35FIN-1km-N6930000-E468000
http://tun.fi/JX.1142206#123,herkkutatti (fi) — Boletus edulis,Boletus edulis,2020-07-11 - 2020-08-12,2020,Suomi,Etelä-Häme (EH),1.0,61.462,23.811,6818406.0,330080.0,NEUTRAL,HOBBYIST,Photographed,The Atlas of Finnish Fungi,ETRS-TM35FIN-1km-N6818000-E330000
http://tun.fi/HR.3211/52772141-U,herkkutatti (fi) — Boletus edulis,Boletus edulis,2020-07-12,2020,Suomi,Uusimaa (U),10.0,60.21118,24.90734,6676769.0,384035.0,COMMUNITY_VERIFIED,AMATEUR,Photographed,iNaturalist Suomi Finland,ETRS-TM35FIN-1km-N6676000-E384000
http://tun.fi/HR.3211/52774620-U,herkkutatti (fi) — Boletus edulis,Boletus edulis,2020-07-12,2020,Suomi,Uusimaa (U),10.0,60.21123,24.90739,6676775.0,384038.0,COMMUNITY_VERIFIED,AMATEUR,Photographed,iNaturalist Suomi Finland,ETRS-TM35FIN-1km-N6676000-E384000
http://tun.fi/JX.1200367#75,herkkutatti (fi) — Boletus edulis,Boletus edulis,2020-07-12,2020,Suomi,Pohjois-Häme (PH),1.0,62.318695,26.35392,6909852.0,466515.0,NEUTRAL,HOBBYIST,Photographed,The Atlas of Finnish Fungi,ETRS-TM35FIN-1km-N6909000-E466000
http://tun.fi/KE.176/5f0b4825d5de584b628fe063#Unit1,herkkutatti (fi) — Boletus edulis,Boletus edulis,2020-07-12,2020,Suomi,Uusimaa (U),1.0,60.115656,24.544207,6666829.0,363522.0,NEUTRAL,AMATEUR,Observation,Löydös Open Finnish Observation Database,ETRS-TM35FIN-1km-N6666000-E363000
http://tun.fi/JX.1139550#4,herkkutatti (fi) — Boletus edulis,Boletus edulis,2020-07-14,2020,Suomi,Etelä-Häme (EH),1.0,61.232029,25.635304,6789398.0,426733.0,NEUTRAL,HOBBYIST,Photographed,The Atlas of Finnish Fungi,ETRS-TM35FIN-1km-N6789000-E426000
http://tun.fi/HR.3211/53126227-U,herkkutatti (fi) — Boletus edulis,Boletus edulis,2020-07-15,2020,Suomi,Varsinais-Suomi (V),10.0,60.5396,24.25786,6714644.0,349578.0,COMMUNITY_VERIFIED,AMATEUR,Photographed,iNaturalist Suomi Finland,ETRS-TM35FIN-1km-N6714000-E349000
http://tun.fi/JX.1791463#21,herkkutatti (fi) — Boletus edulis,Boletus edulis,2020-07-15,2020,Suomi,Satakunta (St),1000.0,61.662724,23.469452,6841679.0,313105.0,NEUTRAL,HOBBYIST,Photographed,The Atlas of Finnish Fungi,ETRS-TM35FIN-1km-N6841000-E313000
http://tun.fi/HR.3211/53248706-U,herkkutatti (fi) — Boletus edulis,Boletus edulis,2020-07-16,2020,Suomi,Etelä-Karjala (EK),10.0,60.47924,27.47363,6704880.0,526036.0,COMMUNITY_VERIFIED,AMATEUR,Photographed,iNaturalist Suomi Finland,ETRS-TM35FIN-1km-N6704000-E526000
http://tun.fi/HR.3211/53258931-U,herkkutatti (fi) — Boletus edulis,Boletus edulis,2020-07-16,2020,Suomi,Etelä-Häme (EH),10.0,61.67,25.68789,6838120.0,430537.0,NEUTRAL,AMATEUR,Photographed,iNaturalist Suomi Finland,ETRS-TM35FIN-1km-N6838000-E430000
http://tun.fi/HR.3211/53267351-U,herkkutatti (fi) — Boletus edulis,Boletus edulis,2020-07-16,2020,Suomi,Etelä-Häme (EH),3406.0,61.66782,25.52887,6838057.0,422114.0,COMMUNITY_VERIFIED,AMATEUR,Photographed,iNaturalist Suomi Finland,ETRS-TM35FIN-1km-N6838000-E422000
http://tun.fi/HR.3211/53346371-U,herkkutatti (fi) — Boletus edulis,Boletus edulis,2020-07-17,2020,Suomi,Uusimaa (U),16.0,60.21136,24.90728,6676790.0,384032.0,COMMUNITY_VERIFIED,AMATEUR,Photographed,iNaturalist Suomi Finland,ETRS-TM35FIN-1km-N6676000-E384000
http://tun.fi/HR.3211/53348125-U,herkkutatti (fi) — Boletus edulis,Boletus edulis,2020-07-17,2020,Suomi,Uusimaa (U),10.0,60.21134,24.90689,6676788.0,384011.0,COMMUNITY_VERIFIED,AMATEUR,Photographed,iNaturalist Suomi Finland,ETRS-TM35FIN-1km-N6676000-E384000
http://tun.fi/HR.3211/53385680-U,herkkutatti (fi) — Boletus edulis,Boletus edulis,2020-07-17,2020,Suomi,Uusimaa (U),10.0,60.47088,25.01584,6705499.0,390917.0,COMMUNITY_VERIFIED,AMATEUR,Photographed,iNaturalist Suomi Finland,ETRS-TM35FIN-1km-N6705000-E390000
http://tun.fi/HR.3211/53444102-U,herkkutatti (fi) — Boletus edulis,Boletus edulis,2020-07-17,2020,Suomi,Pohjois-Karjala (PK),61.0,62.30833,29.69962,6911450.0,639939.0,COMMUNITY_VERIFIED,AMATEUR,Photographed,iNaturalist Suomi Finland,ETRS-TM35FIN-1km-N6911000-E639000
http://tun.fi/HR.3211/57365615-U,herkkutatti (fi) — Boletus edulis,Boletus edulis,2020-07-17,2020,Suomi,Varsinais-Suomi (V),100.0,60.2086,22.96142,6681492.0,276252.0,COMMUNITY_VERIFIED,AMATEUR,Photographed,iNaturalist Suomi Finland,ETRS-TM35FIN-1km-N6681000-E276000
http://tun.fi/JX.1110352#67,herkkutatti (fi) — Boletus edulis,Boletus edulis,2020-07-17,2020,Suomi,Etelä-Häme (EH),1.0,60.723129,24.848901,6733872.0,382660.0,NEUTRAL,HOBBYIST,Photographed,The Atlas of Finnish Fungi,ETRS-TM35FIN-1km-N6733000-E382000
http://tun.fi/JX.1140414#4,herkkutatti (fi) — Boletus edulis,Boletus edulis,2020-07-17,2020,Suomi,Uusimaa (U),1.0,60.206698,25.172193,6675835.0,398695.0,NEUTRAL,HOBBYIST,Photographed,The Atlas of Finnish Fungi,ETRS-TM35FIN-1km-N6675000-E398000
http://tun.fi/JX.1143093#3,herkkutatti (fi) — Boletus edulis,Boletus edulis,2020-07-17,2020,Suomi,Uusimaa (U),1.0,60.383055,25.68346,6694798.0,427421.0,NEUTRAL,HOBBYIST,Photographed,The Atlas of Finnish Fungi,ETRS-TM35FIN-1km-N6694000-E427000
http://tun.fi/HR.3211/53448022-U,herkkutatti (fi) — Boletus edulis,Boletus edulis,2020-07-18,2020,Suomi,Varsinais-Suomi (V),25000.0,60.5,21.9,6717956.0,220012.0,COMMUNITY_VERIFIED,AMATEUR,Photographed,iNaturalist Suomi Finland,ETRS-TM35FIN-1km-N6717000-E220000
http://tun.fi/HR.3211/53450085-U,herkkutatti (fi) — Boletus edulis,Boletus edulis,2020-07-18,2020,Suomi,Pohjois-Savo (PS),10.0,63.64937,27.15525,7057954.0,507690.0,COMMUNITY_VERIFIED,AMATEUR,Photographed,iNaturalist Suomi Finland,ETRS-TM35FIN-1km-N7057000-E507000
http://tun.fi/HR.3211/53453568-U,herkkutatti (fi) — Boletus edulis,Boletus edulis,2020-07-18,2020,Suomi,Pohjois-Savo (PS),10.0,62.96125,27.73917,6981488.0,537491.0,NEUTRAL,AMATEUR,Photographed,iNaturalist Suomi Finland,ETRS-TM35FIN-1km-N6981000-E537000
http://tun.fi/HR.3211/53460710-U,herkkutatti (fi) — Boletus edulis,Boletus edulis,2020-07-18,2020,Suomi,Etelä-Savo (ES),10.0,61.85351,28.95187,6859405.0,602714.0,COMMUNITY_VERIFIED,AMATEUR,Photographed,iNaturalist Suomi Finland,ETRS-TM35FIN-1km-N6859000-E602000
http://tun.fi/HR.3211/53461783-U,herkkutatti (fi) — Boletus edulis,Boletus edulis,2020-07-18,2020,Suomi,Pohjois-Savo (PS),25000.0,62.9,27.5,6974550.0,525430.0,COMMUNITY_VERIFIED,AMATEUR,Photographed,iNaturalist Suomi Finland,ETRS-TM35FIN-1km-N6974000-E525000
http://tun.fi/HR.3211/53494924-U,herkkutatti (fi) — Boletus edulis,Boletus edulis,2020-07-18,2020,Suomi,Kainuu (Kn),3700.0,64.52144,26.77336,7155142.0,489123.0,COMMUNITY_VERIFIED,AMATEUR,Photographed,iNaturalist Suomi Finland,ETRS-TM35FIN-1km-N7155000-E489000
http://tun.fi/HR.3211/53496184-U,herkkutatti (fi) — Boletus edulis,Boletus edulis,2020-07-18,2020,Suomi,Kainuu (Kn),19.0,64.53221,26.71724,7156353.0,486434.0,COMMUNITY_VERIFIED,AMATEUR,Photographed,iNaturalist Suomi Finland,ETRS-TM35FIN-1km-N7156000-E486000
http://tun.fi/HR.3211/53505479-U,herkkutatti (fi) — Boletus edulis,Boletus edulis,2020-07-18,2020,Suomi,Uusimaa (U),100.0,60.34458,25.0517,6691377.0,392472.0,COMMUNITY_VERIFIED,AMATEUR,Photographed,iNaturalist Suomi Finland,ETRS-TM35FIN-1km-N6691000-E392000
http://tun.fi/HR.3211/53507148-U,herkkutatti (fi) — Boletus edulis,Boletus edulis,2020-07-18,2020,Suomi,Etelä-Häme (EH),29.0,60.98828,25.50172,6762410.0,418940.0,COMMUNITY_VERIFIED,AMATEUR,Photographed,iNaturalist Suomi Finland,ETRS-TM35FIN-1km-N6762000-E418000
http://tun.fi/HR.3211/53518764-U,herkkutatti (fi) — Boletus edulis,Boletus edulis,2020-07-18,2020,Suomi,Etelä-Häme (EH),12.0,61.63928,25.63846,6834752.0,427849.0,COMMUNITY_VERIFIED,AMATEUR,Photographed,iNaturalist Suomi Finland,ETRS-TM35FIN-1km-N6834000-E427000
http://tun.fi/HR.3211/53520348-U,herkkutatti (fi) — Boletus edulis,Boletus edulis,2020-07-18,2020,Suomi,Etelä-Savo (ES),25000.0,61.5,27.9,6818816.0,547926.0,COMMUNITY_VERIFIED,AMATEUR,Photographed,iNaturalist Suomi Finland,ETRS-TM35FIN-1km-N6818000-E547000
http://tun.fi/JX.1140773#4,herkkutatti (fi) — Boletus edulis,Boletus edulis,2020-07-18,2020,Suomi,Keski-Pohjanmaa (KP),1.0,63.138304,23.139927,7006848.0,305491.0,NEUTRAL,HOBBYIST,Photographed,The Atlas of Finnish Fungi,ETRS-TM35FIN-1km-N7006000-E305000
http://tun.fi/JX.1141659#4,herkkutatti (fi) — Boletus edulis,Boletus edulis,2020-07-18,2020,Suomi,Pohjois-Häme (PH),100.0,62.318533,26.347698,6909837.0,466192.0,NEUTRAL,HOBBYIST,Photographed,The Atlas of Finnish Fungi,ETRS-TM35FIN-1km-N6909000-E466000
http://tun.fi/HR.3211/53580115-U,herkkutatti (fi) — Boletus edulis,Boletus edulis,2020-07-19,2020,Suomi,Uusimaa (U),63.0,60.02276,24.42286,6656746.0,356377.0,COMMUNITY_VERIFIED,AMATEUR,Photographed,iNaturalist Suomi Finland,ETRS-TM35FIN-1km-N6656000-E356000
http://tun.fi/HR.3211/53587715-U,herkkutatti (fi) — Boletus edulis,Boletus edulis,2020-07-19,2020,Suomi,Varsinais-Suomi (V),100.0,60.07832,23.02025,6666802.0,278634.0,COMMUNITY_VERIFIED,AMATEUR,Photographed,iNaturalist Suomi Finland,ETRS-TM35FIN-1km-N6666000-E278000
http://tun.fi/HR.3211/53591088-U,herkkutatti (fi) — Boletus edulis,Boletus edulis,2020-07-19,2020,Suomi,Etelä-Savo (ES),165.0,61.98113,28.2905,6872751.0,567632.0,COMMUNITY_VERIFIED,AMATEUR,Photographed,iNaturalist Suomi Finland,ETRS-TM35FIN-1km-N6872000-E567000
http://tun.fi/HR.3211/53596244-U,herkkutatti (fi) — Boletus edulis,Boletus edulis,2020-07-19,2020,Suomi,Uusimaa (U),274.0,60.02359,24.41879,6656847.0,356154.0,COMMUNITY_VERIFIED,AMATEUR,Photographed,iNaturalist Suomi Finland,ETRS-TM35FIN-1km-N6656000-E356000
http://tun.fi/HR.3211/53597346-U,herkkutatti (fi) — Boletus edulis,Boletus edulis,2020-07-19,2020,Suomi,Etelä-Häme (EH),474.0,60.67189,23.73154,6730685.0,321454.0,COMMUNITY_VERIFIED,AMATEUR,Photographed,iNaturalist Suomi Finland,ETRS-TM35FIN-1km-N6730000-E321000
http://tun.fi/HR.3211/53602038-U,herkkutatti (fi) — Boletus edulis,Boletus edulis,2020-07-19,2020,Suomi,Uusimaa (U),15.0,60.61344,25.2208,6721050.0,402612.0,COMMUNITY_VERIFIED,AMATEUR,Photographed,iNaturalist Suomi Finland,ETRS-TM35FIN-1km-N6721000-E402000
http://tun.fi/JX.1142009#4,herkkutatti (fi) — Boletus edulis,Boletus edulis,2020-07-19,2020,Suomi,Kainuu (Kn),1000.0,64.260042,27.645938,7126151.0,531300.0,NEUTRAL,HOBBYIST,Photographed,The Atlas of Finnish Fungi,ETRS-TM35FIN-1km-N7126000-E531000
http://tun.fi/HR.3211/53701664-U,herkkutatti (fi) — Boletus edulis,Boletus edulis,2020-07-20,2020,Suomi,Etelä-Häme (EH),100.0,61.46591,23.53069,6819603.0,315176.0,COMMUNITY_VERIFIED,AMATEUR,Photographed,iNaturalist Suomi Finland,ETRS-TM35FIN-1km-N6819000-E315000
http://tun.fi/HR.3211/53714613-U,herkkutatti (fi) — Boletus edulis,Boletus edulis,2020-07-20,2020,Suomi,Pohjois-Savo (PS),10.0,62.65197,27.0693,6946817.0,503553.0,COMMUNITY_VERIFIED,AMATEUR,Photographed,iNaturalist Suomi Finland,ETRS-TM35FIN-1km-N6946000-E503000
http://tun.fi/HR.3211/53714692-U,herkkutatti (fi) — Boletus edulis,Boletus edulis,2020-07-20,2020,Suomi,Pohjois-Savo (PS),10.0,62.65202,27.06929,6946822.0,503552.0,COMMUNITY_VERIFIED,AMATEUR,Photographed,iNaturalist Suomi Finland,ETRS-TM35FIN-1km-N6946000-E503000
http://tun.fi/HR.3211/53714742-U,herkkutatti (fi) — Boletus edulis,Boletus edulis,2020-07-20,2020,Suomi,Pohjois-Savo (PS),10.0,62.65196,27.06922,6946815.0,503549.0,COMMUNITY_VERIFIED,AMATEUR,Photographed,iNaturalist Suomi Finland,ETRS-TM35FIN-1km-N6946000-E503000
http://tun.fi/HR.3211/53715194-U,herkkutatti (fi) — Boletus edulis,Boletus edulis,2020-07-20,2020,Suomi,Perä-Pohjanmaa (PeP),100.0,65.903,24.70244,7311015.0,395345.0,COMMUNITY_VERIFIED,AMATEUR,Photographed,iNaturalist Suomi Finland,ETRS-TM35FIN-1km-N7311000-E395000
http://tun.fi/HR.3211/53715965-U,herkkutatti (fi) — Boletus edulis,Boletus edulis,2020-07-20,2020,Suomi,"Etelä-Savo (ES), Pohjois-Savo (PS)",25000.0,62.1,27.3,6885361.0,515679.0,COMMUNITY_VERIFIED,AMATEUR,Photographed,iNaturalist Suomi Finland,ETRS-TM35FIN-1km-N6885000-E515000
http://tun.fi/HR.3211/53718293-U,herkkutatti (fi) — Boletus edulis,Boletus edulis,2020-07-20,2020,Suomi,Etelä-Pohjanmaa (EP),25000.0,62.7,23.1,6958204.0,300503.0,COMMUNITY_VERIFIED,AMATEUR,Photographed,iNaturalist Suomi Finland,ETRS-TM35FIN-1km-N6958000-E300000
http://tun.fi/HR.3211/53727380-U,herkkutatti (fi) — Boletus edulis,Boletus edulis,2020-07-20,2020,Suomi,Etelä-Savo (ES),149.0,61.80163,26.82213,6852096.0,490624.0,COMMUNITY_VERIFIED,AMATEUR,Photographed,iNaturalist Suomi Finland,ETRS-TM35FIN-1km-N6852000-E490000
http://tun.fi/HR.3211/53728205-U,herkkutatti (fi) — Boletus edulis,Boletus edulis,2020-07-20,2020,Suomi,Etelä-Karjala (EK),10.0,60.52541,26.84818,6709938.0,491667.0,COMMUNITY_VERIFIED,AMATEUR,Photographed,iNaturalist Suomi Finland,ETRS-TM35FIN-1km-N6709000-E491000
http://tun.fi/HR.3211/53730360-U,herkkutatti (fi) — Boletus edulis,Boletus edulis,2020-07-20,2020,Suomi,Etelä-Savo (ES),25000.0,61.9,26.7,6863081.0,484219.0,COMMUNITY_VERIFIED,AMATEUR,Photographed,iNaturalist Suomi Finland,ETRS-TM35FIN-1km-N6863000-E484000
http://tun.fi/HR.3211/53754559-U,herkkutatti (fi) — Boletus edulis,Boletus edulis,2020-07-20,2020,Suomi,Uusimaa (U),24.0,60.35771,25.92964,6691730.0,440946.0,NEUTRAL,AMATEUR,Photographed,iNaturalist Suomi Finland,ETRS-TM35FIN-1km-N6691000-E440000
http://tun.fi/HR.3211/53779568-U,herkkutatti (fi) — Boletus edulis,Boletus edulis,2020-07-20,2020,Suomi,Uusimaa (U),275.0,60.22169,24.91881,6677919.0,384707.0,COMMUNITY_VERIFIED,AMATEUR,Photographed,iNaturalist Suomi Finland,ETRS-TM35FIN-1km-N6677000-E384000
http://tun.fi/HR.3211/53832287-U,herkkutatti (fi) — Boletus edulis,Boletus edulis,2020-07-20,2020,Suomi,Uusimaa (U),33657.0,60.20549,24.6559,6676604.0,370083.0,COMMUNITY_VERIFIED,AMATEUR,Photographed,iNaturalist Suomi Finland,ETRS-TM35FIN-1km-N6676000-E370000
http://tun.fi/JX.1145558#25,herkkutatti (fi) — Boletus edulis,Boletus edulis,2020-07-20,2020,Suomi,Pohjois-Häme (PH),100.0,62.04334,26.144583,6879303.0,455260.0,NEUTRAL,HOBBYIST,Observation,The Atlas of Finnish Fungi,ETRS-TM35FIN-1km-N6879000-E455000
http://tun.fi/HR.3211/53812557-U,herkkutatti (fi) — Boletus edulis,Boletus edulis,2020-07-21,2020,Suomi,Pohjois-Karjala (PK),32.0,62.30826,29.70254,6911449.0,640091.0,COMMUNITY_VERIFIED,AMATEUR,Photographed,iNaturalist Suomi Finland,ETRS-TM35FIN-1km-N6911000-E640000
http://tun.fi/HR.3211/53822029-U,herkkutatti (fi) — Boletus edulis,Boletus edulis,2020-07-21,2020,Suomi,Etelä-Häme (EH),24.0,61.25931,24.82467,6793614.0,383322.0,COMMUNITY_VERIFIED,AMATEUR,Photographed,iNaturalist Suomi Finland,ETRS-TM35FIN-1km-N6793000-E383000
http://tun.fi/HR.3211/53830716-U,herkkutatti (fi) — Boletus edulis,Boletus edulis,2020-07-21,2020,Suomi,Pohjois-Savo (PS),2500.0,62.65194,27.07504,6946814.0,503847.0,NEUTRAL,AMATEUR,Photographed,iNaturalist Suomi Finland,ETRS-TM35FIN-1km-N6946000-E503000
http://tun.fi/HR.3211/53831696-U,herkkutatti (fi) — Boletus edulis,Boletus edulis,2020-07-21,2020,Suomi,Pohjois-Savo (PS),10.0,62.65199,27.06944,6946819.0,503560.0,COMMUNITY_VERIFIED,AMATEUR,Photographed,iNaturalist Suomi Finland,ETRS-TM35FIN-1km-N6946000-E503000
http://tun.fi/HR.3211/53836721-U,herkkutatti (fi) — Boletus edulis,Boletus edulis,2020-07-21,2020,Suomi,Etelä-Savo (ES),30.0,61.13027,27.90602,6777636.0,548802.0,COMMUNITY_VERIFIED,AMATEUR,Photographed,iNaturalist Suomi Finland,ETRS-TM35FIN-1km-N6777000-E548000
http://tun.fi/HR.3211/53837333-U,herkkutatti (fi) — Boletus edulis,Boletus edulis,2020-07-21,2020,Suomi,Etelä-Häme (EH),10.0,61.5203,23.87752,6824723.0,333933.0,COMMUNITY_VERIFIED,AMATEUR,Photographed,iNaturalist Suomi Finland,ETRS-TM35FIN-1km-N6824000-E333000
http://tun.fi/HR.3211/53866796-U,herkkutatti (fi) — Boletus edulis,Boletus edulis,2020-07-21,2020,Suomi,Varsinais-Suomi (V),100.0,60.40309,22.52815,6704667.0,253740.0,COMMUNITY_VERIFIED,AMATEUR,Photographed,iNaturalist Suomi Finland,ETRS-TM35FIN-1km-N6704000-E253000
http://tun.fi/HR.3211/58317732-U,herkkutatti (fi) — Boletus edulis,Boletus edulis,2020-07-21,2020,Suomi,Etelä-Häme (EH),10.0,60.77076,23.87066,6741318.0,329574.0,COMMUNITY_VERIFIED,AMATEUR,Photographed,iNaturalist Suomi Finland,ETRS-TM35FIN-1km-N6741000-E329000
http://tun.fi/HR.3211/53924912-U,herkkutatti (fi) — Boletus edulis,Boletus edulis,2020-07-22,2020,Suomi,Varsinais-Suomi (V),12.0,60.33108,24.46225,6690981.0,359891.0,COMMUNITY_VERIFIED,AMATEUR,Photographed,iNaturalist Suomi Finland,ETRS-TM35FIN-1km-N6690000-E359000
http://tun.fi/HR.3211/53935614-U,herkkutatti (fi) — Boletus edulis,Boletus edulis,2020-07-22,2020,Suomi,Etelä-Savo (ES),10.0,61.48209,27.4892,6816585.0,526058.0,COMMUNITY_VERIFIED,AMATEUR,Photographed,iNaturalist Suomi Finland,ETRS-TM35FIN-1km-N6816000-E526000
http://tun.fi/HR.3211/53937570-U,herkkutatti (fi) — Boletus edulis,Boletus edulis,2020-07-22,2020,Suomi,Etelä-Häme (EH),33657.0,60.98267,25.66121,6761598.0,427555.0,COMMUNITY_VERIFIED,AMATEUR,Photographed,iNaturalist Suomi Finland,ETRS-TM35FIN-1km-N6761000-E427000
http://tun.fi/HR.3211/53968343-U,herkkutatti (fi) — Boletus edulis,Boletus edulis,2020-07-22,2020,Suomi,Uusimaa (U),10.0,59.84466,23.11907,6640483.0,282600.0,NEUTRAL,AMATEUR,Photographed,iNaturalist Suomi Finland,ETRS-TM35FIN-1km-N6640000-E282000
http://tun.fi/JX.1145514#7,herkkutatti (fi) — Boletus edulis,Boletus edulis,2020-07-22,2020,Suomi,Etelä-Savo (ES),1000.0,61.098715,28.245016,6774422.0,567125.0,NEUTRAL,HOBBYIST,Photographed,The Atlas of Finnish Fungi,ETRS-TM35FIN-1km-N6774000-E567000
http://tun.fi/JX.1205325#10,herkkutatti (fi) — Boletus edulis,Boletus edulis,2020-07-22,2020,Suomi,Uusimaa (U),1.0,60.448374,24.980731,6703051.0,388910.0,NEUTRAL,HOBBYIST,Photographed,The Atlas of Finnish Fungi,ETRS-TM35FIN-1km-N6703000-E388000
http://tun.fi/HR.3211/114567016-U,herkkutatti (fi) — Boletus edulis,Boletus edulis,2020-07-23,2020,Suomi,Uusimaa (U),25000.0,60.7,26.1,6729713.0,450849.0,COMMUNITY_VERIFIED,AMATEUR,Photographed,iNaturalist Suomi Finland,ETRS-TM35FIN-1km-N6729000-E450000
http://tun.fi/HR.3211/54037200-U,herkkutatti (fi) — Boletus edulis,Boletus edulis,2020-07-23,2020,Suomi,Pohjois-Karjala (PK),699.0,63.07034,29.82575,6996567.0,642754.0,COMMUNITY_VERIFIED,AMATEUR,Photographed,iNaturalist Suomi Finland,ETRS-TM35FIN-1km-N6996000-E642000
http://tun.fi/HR.3211/54037406-U,herkkutatti (fi) — Boletus edulis,Boletus edulis,2020-07-23,2020,Suomi,Etelä-Savo (ES),100.0,62.015,28.99222,6877453.0,604285.0,COMMUNITY_VERIFIED,AMATEUR,Photographed,iNaturalist Suomi Finland,ETRS-TM35FIN-1km-N6877000-E604000
http://tun.fi/HR.3211/54066007-U,herkkutatti (fi) — Boletus edulis,Boletus edulis,2020-07-23,2020,Suomi,Uusimaa (U),12.0,60.32692,24.69322,6690050.0,372623.0,COMMUNITY_VERIFIED,AMATEUR,Photographed,iNaturalist Suomi Finland,ETRS-TM35FIN-1km-N6690000-E372000
http://tun.fi/HR.3211/54172371-U,herkkutatti (fi) — Boletus edulis,Boletus edulis,2020-07-23,2020,Suomi,Satakunta (St),10.0,61.39708,22.61821,6814876.0,266096.0,COMMUNITY_VERIFIED,AMATEUR,Photographed,iNaturalist Suomi Finland,ETRS-TM35FIN-1km-N6814000-E266000
http://tun.fi/HR.3211/58039700-U,herkkutatti (fi) — Boletus edulis,Boletus edulis,2020-07-23,2020,Suomi,Etelä-Häme (EH),100.0,60.99859,25.55099,6763498.0,421631.0,COMMUNITY_VERIFIED,AMATEUR,Photographed,iNaturalist Suomi Finland,ETRS-TM35FIN-1km-N6763000-E421000
http://tun.fi/HR.3211/59706316-U,herkkutatti (fi) — Boletus edulis,Boletus edulis,2020-07-23,2020,Suomi,Pohjois-Häme (PH),10.0,62.89411,26.34752,6973960.0,466832.0,COMMUNITY_VERIFIED,AMATEUR,Photographed,iNaturalist Suomi Finland,ETRS-TM35FIN-1km-N6973000-E466000
http://tun.fi/JX.1142400#4,herkkutatti (fi) — Boletus edulis,Boletus edulis,2020-07-23,2020,Suomi,Perä-Pohjanmaa (PeP),1.0,66.498156,25.745408,7375999.0,444175.0,NEUTRAL,HOBBYIST,Photographed,The Atlas of Finnish Fungi,ETRS-TM35FIN-1km-N7375000-E444000
http://tun.fi/JX.1142418#10,herkkutatti (fi) — Boletus edulis,Boletus edulis,2020-07-23,2020,Suomi,Varsinais-Suomi (V),1.0,60.507939,21.211813,6721964.0,182390.0,NEUTRAL,HOBBYIST,Photographed,The Atlas of Finnish Fungi,ETRS-TM35FIN-1km-N6721000-E182000
http://tun.fi/JX.1142545#50,herkkutatti (fi) — Boletus edulis,Boletus edulis,2020-07-23,2020,Suomi,Perä-Pohjanmaa (PeP),1.0,66.505753,25.728119,7376862.0,443423.0,NEUTRAL,HOBBYIST,Observation,The Atlas of Finnish Fungi,ETRS-TM35FIN-1km-N7376000-E443000
http://tun.fi/HR.3211/54144613-U,herkkutatti (fi) — Boletus edulis,Boletus edulis,2020-07-24,2020,Suomi,Etelä-Häme (EH),10.0,61.37888,23.80228,6809177.0,329161.0,COMMUNITY_VERIFIED,AMATEUR,Photographed,iNaturalist Suomi Finland,ETRS-TM35FIN-1km-N6809000-E329000
http://tun.fi/HR.3211/54145135-U,herkkutatti (fi) — Boletus edulis,Boletus edulis,2020-07-24,2020,Suomi,Etelä-Karjala (EK),10.0,60.76557,27.3759,6736736.0,520481.0,NEUTRAL,AMATEUR,Photographed,iNaturalist Suomi Finland,ETRS-TM35FIN-1km-N6736000-E520000
http://tun.fi/HR.3211/54180384-U,herkkutatti (fi) — Boletus edulis,Boletus edulis,2020-07-24,2020,Suomi,Oulun Pohjanmaa (OP),10.0,65.47921,25.96691,7262257.0,452160.0,COMMUNITY_VERIFIED,AMATEUR,Photographed,iNaturalist Suomi Finland,ETRS-TM35FIN-1km-N7262000-E452000
http://tun.fi/HR.3211/54257161-U,herkkutatti (fi) — Boletus edulis,Boletus edulis,2020-07-24,2020,Suomi,Etelä-Häme (EH),60.0,61.95016,25.66068,6869354.0,429740.0,COMMUNITY_VERIFIED,AMATEUR,Photographed,iNaturalist Suomi Finland,ETRS-TM35FIN-1km-N6869000-E429000
http://tun.fi/JX.1143319#4,herkkutatti (fi) — Boletus edulis,Boletus edulis,2020-07-24,2020,Suomi,Oulun Pohjanmaa (OP),1000.0,65.609688,27.562641,7276522.0,525926.0,NEUTRAL,HOBBYIST,Photographed,The Atlas of Finnish Fungi,ETRS-TM35FIN-1km-N7276000-E525000
http://tun.fi/HR.3211/54243952-U,herkkutatti (fi) — Boletus edulis,Boletus edulis,2020-07-25,2020,Suomi,Varsinais-Suomi (V),100.0,60.42768,22.3663,6708018.0,245030.0,COMMUNITY_VERIFIED,AMATEUR,Photographed,iNaturalist Suomi Finland,ETRS-TM35FIN-1km-N6708000-E245000
http://tun.fi/HR.3211/54256281-U,herkkutatti (fi) — Boletus edulis,Boletus edulis,2020-07-25,2020,Suomi,Varsinais-Suomi (V),10.0,60.19518,23.67445,6677793.0,315656.0,COMMUNITY_VERIFIED,AMATEUR,Photographed,iNaturalist Suomi Finland,ETRS-TM35FIN-1km-N6677000-E315000
http://tun.fi/HR.3211/54283483-U,herkkutatti (fi) — Boletus edulis,Boletus edulis,2020-07-25,2020,Suomi,Etelä-Häme (EH),292.0,61.10345,24.7853,6776331.0,380623.0,COMMUNITY_VERIFIED,AMATEUR,Photographed,iNaturalist Suomi Finland,ETRS-TM35FIN-1km-N6776000-E380000
http://tun.fi/HR.3211/54284116-U,herkkutatti (fi) — Boletus edulis,Boletus edulis,2020-07-25,2020,Suomi,Uusimaa (U),16.0,60.38954,24.75803,6696898.0,376438.0,COMMUNITY_VERIFIED,AMATEUR,Photographed,iNaturalist Suomi Finland,ETRS-TM35FIN-1km-N6696000-E376000
http://tun.fi/JX.1143351#44,herkkutatti (fi) — Boletus edulis,Boletus edulis,2020-07-25,2020,Suomi,Perä-Pohjanmaa (PeP),100.0,66.650062,25.773796,7392904.0,445770.0,NEUTRAL,HOBBYIST,Photographed,The Atlas of Finnish Fungi,ETRS-TM35FIN-1km-N7392000-E445000
http://tun.fi/JX.1143630#14,herkkutatti (fi) — Boletus edulis,Boletus edulis,2020-07-25,2020,Suomi,Keski-Pohjanmaa (KP),1.0,64.059945,23.645192,7108006.0,336319.0,NEUTRAL,HOBBYIST,Photographed,The Atlas of Finnish Fungi,ETRS-TM35FIN-1km-N7108000-E336000
http://tun.fi/JX.1143665#4,herkkutatti (fi) — Boletus edulis,Boletus edulis,2020-07-25,2020,Suomi,Perä-Pohjanmaa (PeP),1.0,66.58336,25.67406,7385561.0,441203.0,NEUTRAL,HOBBYIST,Photographed,The Atlas of Finnish Fungi,ETRS-TM35FIN-1km-N7385000-E441000
http://tun.fi/JX.1169725#43,herkkutatti (fi) — Boletus edulis,Boletus edulis,2020-07-25,2020,Suomi,Perä-Pohjanmaa (PeP),1000.0,66.094032,25.265053,7331477.0,421555.0,NEUTRAL,HOBBYIST,Photographed,The Atlas of Finnish Fungi,ETRS-TM35FIN-1km-N7331000-E421000
http://tun.fi/HR.3211/54369375-U,herkkutatti (fi) — Boletus edulis,Boletus edulis,2020-07-26,2020,Suomi,Uusimaa (U),128.0,60.35198,25.06873,6692174.0,393436.0,COMMUNITY_VERIFIED,AMATEUR,Photographed,iNaturalist Suomi Finland,ETRS-TM35FIN-1km-N6692000-E393000
http://tun.fi/HR.3211/54375223-U,herkkutatti (fi) — Boletus edulis,Boletus edulis,2020-07-26,2020,Suomi,Etelä-Savo (ES),25000.0,61.1,26.9,6773934.0,494592.0,COMMUNITY_VERIFIED,AMATEUR,Photographed,iNaturalist Suomi Finland,ETRS-TM35FIN-1km-N6773000-E494000
http://tun.fi/HR.3211/54387636-U,herkkutatti (fi) — Boletus edulis,Boletus edulis,2020-07-26,2020,Suomi,Varsinais-Suomi (V),5822.0,60.54839,22.3851,6721367.0,247006.0,COMMUNITY_VERIFIED,AMATEUR,Photographed,iNaturalist Suomi Finland,ETRS-TM35FIN-1km-N6721000-E247000
http://tun.fi/HR.3211/54400252-U,herkkutatti (fi) — Boletus edulis,Boletus edulis,2020-07-26,2020,Suomi,Etelä-Häme (EH),34.0,60.98545,25.50037,6762096.0,418860.0,COMMUNITY_VERIFIED,AMATEUR,Photographed,iNaturalist Suomi Finland,ETRS-TM35FIN-1km-N6762000-E418000
http://tun.fi/HR.3211/54401370-U,herkkutatti (fi) — Boletus edulis,Boletus edulis,2020-07-26,2020,Suomi,Keski-Pohjanmaa (KP),400.0,63.73895,25.35329,7068974.0,418713.0,COMMUNITY_VERIFIED,AMATEUR,Photographed,iNaturalist Suomi Finland,ETRS-TM35FIN-1km-N7068000-E418000
http://tun.fi/HR.3211/54410582-U,herkkutatti (fi) — Boletus edulis,Boletus edulis,2020-07-26,2020,Suomi,Uusimaa (U),10.0,60.32052,25.05401,6688695.0,392520.0,COMMUNITY_VERIFIED,AMATEUR,Photographed,iNaturalist Suomi Finland,ETRS-TM35FIN-1km-N6688000-E392000
http://tun.fi/HR.3211/54418516-U,herkkutatti (fi) — Boletus edulis,Boletus edulis,2020-07-26,2020,Suomi,Etelä-Häme (EH),10.0,61.44007,23.82837,6815920.0,330886.0,COMMUNITY_VERIFIED,AMATEUR,Photographed,iNaturalist Suomi Finland,ETRS-TM35FIN-1km-N6815000-E330000
http://tun.fi/HR.3211/54420398-U,herkkutatti (fi) — Boletus edulis,Boletus edulis,2020-07-26,2020,Suomi,Etelä-Häme (EH),10.0,61.44286,23.83788,6816206.0,331408.0,COMMUNITY_VERIFIED,AMATEUR,Photographed,iNaturalist Suomi Finland,ETRS-TM35FIN-1km-N6816000-E331000
http://tun.fi/HR.3211/54420770-U,herkkutatti (fi) — Boletus edulis,Boletus edulis,2020-07-26,2020,Suomi,Uusimaa (U),2811.0,60.23708,24.24438,6681002.0,347430.0,COMMUNITY_VERIFIED,AMATEUR,Photographed,iNaturalist Suomi Finland,ETRS-TM35FIN-1km-N6681000-E347000
http://tun.fi/HR.3211/54421774-U,herkkutatti (fi) — Boletus edulis,Boletus edulis,2020-07-26,2020,Suomi,Etelä-Savo (ES),3200.0,61.47046,27.34927,6815242.0,518611.0,COMMUNITY_VERIFIED,AMATEUR,Photographed,iNaturalist Suomi Finland,ETRS-TM35FIN-1km-N6815000-E518000
http://tun.fi/HR.3211/54421939-U,herkkutatti (fi) — Boletus edulis,Boletus edulis,2020-07-26,2020,Suomi,Etelä-Savo (ES),10.0,61.47326,27.34089,6815552.0,518163.0,COMMUNITY_VERIFIED,AMATEUR,Photographed,iNaturalist Suomi Finland,ETRS-TM35FIN-1km-N6815000-E518000
http://tun.fi/HR.3211/70029579-U,herkkutatti (fi) — Boletus edulis,Boletus edulis,2020-07-26,2020,Suomi,Pohjois-Häme (PH),386.0,62.22958,26.2673,6899973.0,461914.0,COMMUNITY_VERIFIED,AMATEUR,Photographed,iNaturalist Suomi Finland,ETRS-TM35FIN-1km-N6899000-E461000
http://tun.fi/JX.1143253#7,herkkutatti (fi) — Boletus edulis,Boletus edulis,2020-07-26,2020,Suomi,Etelä-Häme (EH),1.0,60.808046,23.482787,6746537.0,308686.0,NEUTRAL,HOBBYIST,Photographed,The Atlas of Finnish Fungi,ETRS-TM35FIN-1km-N6746000-E308000
http://tun.fi/HR.3211/54501065-U,herkkutatti (fi) — Boletus edulis,Boletus edulis,2020-07-27,2020,Suomi,Etelä-Häme (EH),100.0,60.83403,24.4172,6747066.0,359605.0,COMMUNITY_VERIFIED,AMATEUR,Photographed,iNaturalist Suomi Finland,ETRS-TM35FIN-1km-N6747000-E359000
http://tun.fi/HR.3211/54545579-U,herkkutatti (fi) — Boletus edulis,Boletus edulis,2020-07-27,2020,Suomi,Uusimaa (U),10.0,60.18164,24.98906,6673340.0,388462.0,COMMUNITY_VERIFIED,AMATEUR,Photographed,iNaturalist Suomi Finland,ETRS-TM35FIN-1km-N6673000-E388000
http://tun.fi/HR.3211/55182890-U,herkkutatti (fi) — Boletus edulis,Boletus edulis,2020-07-27,2020,Suomi,Pohjois-Karjala (PK),10.0,62.16329,29.77257,6895463.0,644411.0,COMMUNITY_VERIFIED,AMATEUR,Photographed,iNaturalist Suomi Finland,ETRS-TM35FIN-1km-N6895000-E644000
http://tun.fi/JX.1144217#25,herkkutatti (fi) — Boletus edulis,Boletus edulis,2020-07-27 - 2020-07-30,2020,Suomi,Varsinais-Suomi (V),1000.0,60.530381,24.557633,6712969.0,365978.0,NEUTRAL,HOBBYIST,Photographed,The Atlas of Finnish Fungi,ETRS-TM35FIN-1km-N6712000-E365000
http://tun.fi/HR.3211/54611265-U,herkkutatti (fi) — Boletus edulis,Boletus edulis,2020-07-28,2020,Suomi,Satakunta (St),30.0,61.85035,22.93017,6864219.0,285890.0,COMMUNITY_VERIFIED,AMATEUR,Photographed,iNaturalist Suomi Finland,ETRS-TM35FIN-1km-N6864000-E285000
http://tun.fi/HR.3211/54611977-U,herkkutatti (fi) — Boletus edulis,Boletus edulis,2020-07-28,2020,Suomi,Etelä-Häme (EH),10.0,61.54736,23.80823,6827913.0,330398.0,COMMUNITY_VERIFIED,AMATEUR,Photographed,iNaturalist Suomi Finland,ETRS-TM35FIN-1km-N6827000-E330000
http://tun.fi/HR.3211/54623060-U,herkkutatti (fi) — Boletus edulis,Boletus edulis,2020-07-28,2020,Suomi,Etelä-Savo (ES),16.0,61.73986,29.54277,6847827.0,634294.0,COMMUNITY_VERIFIED,AMATEUR,Photographed,iNaturalist Suomi Finland,ETRS-TM35FIN-1km-N6847000-E634000
http://tun.fi/HR.3211/54624085-U,herkkutatti (fi) — Boletus edulis,Boletus edulis,2020-07-28,2020,Suomi,Pohjois-Häme (PH),10.0,62.33667,25.37024,6912751.0,415589.0,NEUTRAL,AMATEUR,Photographed,iNaturalist Suomi Finland,ETRS-TM35FIN-1km-N6912000-E415000
http://tun.fi/HR.3211/54631878-U,herkkutatti (fi) — Boletus edulis,Boletus edulis,2020-07-28,2020,Suomi,Pohjois-Häme (PH),10.0,62.33433,25.37447,6912485.0,415801.0,COMMUNITY_VERIFIED,AMATEUR,Photographed,iNaturalist Suomi Finland,ETRS-TM35FIN-1km-N6912000-E415000
http://tun.fi/HR.3211/54640327-U,herkkutatti (fi) — Boletus edulis,Boletus edulis,2020-07-28,2020,Suomi,Satakunta (St),19.0,61.8493,21.5403,6869469.0,212867.0,COMMUNITY_VERIFIED,AMATEUR,Photographed,iNaturalist Suomi Finland,ETRS-TM35FIN-1km-N6869000-E212000
http://tun.fi/HR.3211/54643344-U,herkkutatti (fi) — Boletus edulis,Boletus edulis,2020-07-28,2020,Suomi,Uusimaa (U),20.0,60.37204,24.77343,6694921.0,377221.0,COMMUNITY_VERIFIED,AMATEUR,Photographed,iNaturalist Suomi Finland,ETRS-TM35FIN-1km-N6694000-E377000
http://tun.fi/HR.3211/54645320-U,herkkutatti (fi) — Boletus edulis,Boletus edulis,2020-07-28,2020,Suomi,Uusimaa (U),137.0,60.64809,24.87747,6725466.0,383948.0,COMMUNITY_VERIFIED,AMATEUR,Photographed,iNaturalist Suomi Finland,ETRS-TM35FIN-1km-N6725000-E383000
http://tun.fi/HR.3211/77569893-U,herkkutatti (fi) — Boletus edulis,Boletus edulis,2020-07-28,2020,Suomi,Etelä-Häme (EH),10.0,61.0692,24.11168,6773935.0,344159.0,COMMUNITY_VERIFIED,AMATEUR,Photographed,iNaturalist Suomi Finland,ETRS-TM35FIN-1km-N6773000-E344000
http://tun.fi/HR.3211/81273101-U,herkkutatti (fi) — Boletus edulis,Boletus edulis,2020-07-28,2020,Suomi,Uusimaa (U),2559.0,60.04587,24.00458,6660300.0,333193.0,COMMUNITY_VERIFIED,AMATEUR,Photographed,iNaturalist Suomi Finland,ETRS-TM35FIN-1km-N6660000-E333000
http://tun.fi/JX.1143730#70,herkkutatti (fi) — Boletus edulis,Boletus edulis,2020-07-28,2020,Suomi,Varsinais-Suomi (V),1000.0,60.524894,24.470431,6712538.0,361171.0,NEUTRAL,HOBBYIST,Photographed,The Atlas of Finnish Fungi,ETRS-TM35FIN-1km-N6712000-E361000
http://tun.fi/JX.1144211#10,herkkutatti (fi) — Boletus edulis,Boletus edulis,2020-07-28,2020,Suomi,Keski-Pohjanmaa (KP),1000.0,63.960818,23.537577,7097252.0,330472.0,NEUTRAL,HOBBYIST,Photographed,The Atlas of Finnish Fungi,ETRS-TM35FIN-1km-N7097000-E330000
http://id.luomus.fi/MY.10270975,herkkutatti (fi) — Boletus edulis,Boletus edulis,2020-07-29,2020,Suomi,Uusimaa (U),100.0,60.2512,24.9272,6681190.0,385275.0,NEUTRAL,PROFESSIONAL,Preserved specimen,Agaricales Fennoscandiae orientalis,ETRS-TM35FIN-1km-N6681000-E385000
http://tun.fi/HR.3211/54720922-U,herkkutatti (fi) — Boletus edulis,Boletus edulis,2020-07-29,2020,Suomi,Keski-Pohjanmaa (KP),14.0,63.10949,23.03809,7003955.0,300166.0,COMMUNITY_VERIFIED,AMATEUR,Photographed,iNaturalist Suomi Finland,ETRS-TM35FIN-1km-N7003000-E300000
http://tun.fi/HR.3211/54721135-U,herkkutatti (fi) — Boletus edulis,Boletus edulis,2020-07-29,2020,Suomi,Etelä-Savo (ES),10.0,61.50618,27.2846,6819204.0,515148.0,COMMUNITY_VERIFIED,AMATEUR,Photographed,iNaturalist Suomi Finland,ETRS-TM35FIN-1km-N6819000-E515000
http://tun.fi/HR.3211/54726735-U,herkkutatti (fi) — Boletus edulis,Boletus edulis,2020-07-29,2020,Suomi,Uusimaa (U),100.0,60.27211,25.13506,6683175.0,396844.0,COMMUNITY_VERIFIED,AMATEUR,Photographed,iNaturalist Suomi Finland,ETRS-TM35FIN-1km-N6683000-E396000
http://tun.fi/HR.3211/54730696-U,herkkutatti (fi) — Boletus edulis,Boletus edulis,2020-07-29,2020,Suomi,Uusimaa (U),100.0,60.27067,25.13394,6683017.0,396777.0,COMMUNITY_VERIFIED,AMATEUR,Photographed,iNaturalist Suomi Finland,ETRS-TM35FIN-1km-N6683000-E396000
http://tun.fi/HR.3211/54731096-U,herkkutatti (fi) — Boletus edulis,Boletus edulis,2020-07-29,2020,Suomi,Pohjois-Häme (PH),10.0,62.55283,25.8762,6936272.0,442211.0,COMMUNITY_VERIFIED,AMATEUR,Photographed,iNaturalist Suomi Finland,ETRS-TM35FIN-1km-N6936000-E442000
http://tun.fi/HR.3211/54736521-U,herkkutatti (fi) — Boletus edulis,Boletus edulis,2020-07-29,2020,Suomi,Etelä-Häme (EH),24.0,60.78928,24.38562,6742152.0,357690.0,COMMUNITY_VERIFIED,AMATEUR,Photographed,iNaturalist Suomi Finland,ETRS-TM35FIN-1km-N6742000-E357000
http://tun.fi/HR.3211/54737693-U,herkkutatti (fi) — Boletus edulis,Boletus edulis,2020-07-29,2020,Suomi,Pohjois-Karjala (PK),20.0,62.20541,30.37782,6901647.0,675672.0,COMMUNITY_VERIFIED,AMATEUR,Photographed,iNaturalist Suomi Finland,ETRS-TM35FIN-1km-N6901000-E675000
http://tun.fi/HR.3211/54741265-U,herkkutatti (fi) — Boletus edulis,Boletus edulis,2020-07-29,2020,Suomi,Etelä-Häme (EH),165.0,61.29019,26.25656,6795338.0,460159.0,COMMUNITY_VERIFIED,AMATEUR,Photographed,iNaturalist Suomi Finland,ETRS-TM35FIN-1km-N6795000-E460000
http://tun.fi/HR.3211/54751908-U,herkkutatti (fi) — Boletus edulis,Boletus edulis,2020-07-29,2020,Suomi,Etelä-Häme (EH),100.0,61.44577,23.481,6817504.0,312410.0,COMMUNITY_VERIFIED,AMATEUR,Photographed,iNaturalist Suomi Finland,ETRS-TM35FIN-1km-N6817000-E312000
http://tun.fi/HR.3211/54751910-U,herkkutatti (fi) — Boletus edulis,Boletus edulis,2020-07-29,2020,Suomi,Etelä-Häme (EH),100.0,61.44577,23.481,6817504.0,312410.0,COMMUNITY_VERIFIED,AMATEUR,Photographed,iNaturalist Suomi Finland,ETRS-TM35FIN-1km-N6817000-E312000
http://tun.fi/HR.3211/54762393-U,herkkutatti (fi) — Boletus edulis,Boletus edulis,2020-07-29,2020,Suomi,Uusimaa (U),10.0,60.32185,25.02631,6688888.0,390995.0,COMMUNITY_VERIFIED,AMATEUR,Photographed,iNaturalist Suomi Finland,ETRS-TM35FIN-1km-N6688000-E390000
http://tun.fi/HR.3211/54776013-U,herkkutatti (fi) — Boletus edulis,Boletus edulis,2020-07-29,2020,Suomi,Etelä-Häme (EH),292.0,61.43163,23.84254,6814944.0,331596.0,COMMUNITY_VERIFIED,AMATEUR,Photographed,iNaturalist Suomi Finland,ETRS-TM35FIN-1km-N6814000-E331000
http://tun.fi/JX.1144062#4,herkkutatti (fi) — Boletus edulis,Boletus edulis,2020-07-29,2020,Suomi,Satakunta (St),1.0,60.845042,23.03848,6752030.0,284786.0,NEUTRAL,HOBBYIST,Photographed,The Atlas of Finnish Fungi,ETRS-TM35FIN-1km-N6752000-E284000
http://tun.fi/JX.1145964#22,herkkutatti (fi) — Boletus edulis,Boletus edulis,2020-07-29,2020,Suomi,Pohjois-Karjala (PK),1.0,63.219331,29.296326,7012093.0,615424.0,NEUTRAL,HOBBYIST,Photographed,The Atlas of Finnish Fungi,ETRS-TM35FIN-1km-N7012000-E615000
http://tun.fi/JX.1169739#16,herkkutatti (fi) — Boletus edulis,Boletus edulis,2020-07-29,2020,Suomi,Perä-Pohjanmaa (PeP),100.0,66.498131,25.779694,7375965.0,445700.0,NEUTRAL,HOBBYIST,Photographed,The Atlas of Finnish Fungi,ETRS-TM35FIN-1km-N7375000-E445000
http://tun.fi/HR.3211/54817243-U,herkkutatti (fi) — Boletus edulis,Boletus edulis,2020-07-30,2020,Suomi,Varsinais-Suomi (V),10.0,60.04034,23.7177,6660443.0,317195.0,COMMUNITY_VERIFIED,AMATEUR,Photographed,iNaturalist Suomi Finland,ETRS-TM35FIN-1km-N6660000-E317000
http://tun.fi/HR.3211/54818817-U,herkkutatti (fi) — Boletus edulis,Boletus edulis,2020-07-30,2020,Suomi,Etelä-Häme (EH),3000.0,61.33146,25.88152,6800221.0,440140.0,COMMUNITY_VERIFIED,AMATEUR,Photographed,iNaturalist Suomi Finland,ETRS-TM35FIN-1km-N6800000-E440000
http://tun.fi/HR.3211/54820098-U,herkkutatti (fi) — Boletus edulis,Boletus edulis,2020-07-30,2020,Suomi,Varsinais-Suomi (V),25000.0,60.5,21.9,6717956.0,220012.0,COMMUNITY_VERIFIED,AMATEUR,Photographed,iNaturalist Suomi Finland,ETRS-TM35FIN-1km-N6717000-E220000
http://tun.fi/HR.3211/54820581-U,herkkutatti (fi) — Boletus edulis,Boletus edulis,2020-07-30,2020,Suomi,Etelä-Häme (EH),100.0,61.51989,23.59782,6825422.0,319064.0,NEUTRAL,AMATEUR,Photographed,iNaturalist Suomi Finland,ETRS-TM35FIN-1km-N6825000-E319000
http://tun.fi/HR.3211/54841829-U,herkkutatti (fi) — Boletus edulis,Boletus edulis,2020-07-30,2020,Suomi,Pohjois-Häme (PH),100.0,63.06805,25.88787,6993658.0,443802.0,COMMUNITY_VERIFIED,AMATEUR,Photographed,iNaturalist Suomi Finland,ETRS-TM35FIN-1km-N6993000-E443000
http://tun.fi/HR.3211/54847487-U,herkkutatti (fi) — Boletus edulis,Boletus edulis,2020-07-30,2020,Suomi,Satakunta (St),10.0,61.33755,22.94761,6807117.0,283251.0,COMMUNITY_VERIFIED,AMATEUR,Photographed,iNaturalist Suomi Finland,ETRS-TM35FIN-1km-N6807000-E283000
http://tun.fi/HR.3211/55035406-U,herkkutatti (fi) — Boletus edulis,Boletus edulis,2020-07-30,2020,Suomi,Varsinais-Suomi (V),488.0,60.74542,21.75615,6745850.0,214325.0,COMMUNITY_VERIFIED,AMATEUR,Photographed,iNaturalist Suomi Finland,ETRS-TM35FIN-1km-N6745000-E214000
http://tun.fi/HR.3211/55035432-U,herkkutatti (fi) — Boletus edulis,Boletus edulis,2020-07-30,2020,Suomi,Varsinais-Suomi (V),488.0,60.74542,21.75615,6745850.0,214325.0,COMMUNITY_VERIFIED,AMATEUR,Photographed,iNaturalist Suomi Finland,ETRS-TM35FIN-1km-N6745000-E214000
http://tun.fi/JX.1144237#92,herkkutatti (fi) — Boletus edulis,Boletus edulis,2020-07-30,2020,Suomi,Varsinais-Suomi (V),100.0,60.124007,23.520115,6670316.0,306685.0,NEUTRAL,HOBBYIST,Observation,"Notebook, general observations",ETRS-TM35FIN-1km-N6670000-E306000
http://tun.fi/JX.1144300#64,herkkutatti (fi) — Boletus edulis,Boletus edulis,2020-07-30,2020,Suomi,Varsinais-Suomi (V),5000.0,60.528562,24.429008,6713028.0,358908.0,NEUTRAL,HOBBYIST,Photographed,The Atlas of Finnish Fungi,ETRS-TM35FIN-1km-N6713000-E358000
http://tun.fi/JX.1144374#7,herkkutatti (fi) — Boletus edulis,Boletus edulis,2020-07-30,2020,Suomi,Perä-Pohjanmaa (PeP),1.0,66.509916,25.767281,7377291.0,445174.0,NEUTRAL,HOBBYIST,Observation,The Atlas of Finnish Fungi,ETRS-TM35FIN-1km-N7377000-E445000
http://tun.fi/JX.1144611#68,herkkutatti (fi) — Boletus edulis,Boletus edulis,2020-07-30,2020,Suomi,Etelä-Häme (EH),1.0,61.839752,25.433966,6857323.0,417552.0,NEUTRAL,HOBBYIST,Observation,"Notebook, general observations",ETRS-TM35FIN-1km-N6857000-E417000
http://tun.fi/HR.3211/54907511-U,herkkutatti (fi) — Boletus edulis,Boletus edulis,2020-07-31,2020,Suomi,Keski-Pohjanmaa (KP),899.0,64.26461,24.83746,7128283.0,395243.0,COMMUNITY_VERIFIED,AMATEUR,Photographed,iNaturalist Suomi Finland,ETRS-TM35FIN-1km-N7128000-E395000
http://tun.fi/HR.3211/54912639-U,herkkutatti (fi) — Boletus edulis,Boletus edulis,2020-07-31,2020,Suomi,Pohjois-Häme (PH),10.0,62.23538,25.64914,6901136.0,429797.0,COMMUNITY_VERIFIED,AMATEUR,Photographed,iNaturalist Suomi Finland,ETRS-TM35FIN-1km-N6901000-E429000
http://tun.fi/HR.3211/54944163-U,herkkutatti (fi) — Boletus edulis,Boletus edulis,2020-07-31,2020,Suomi,Keski-Pohjanmaa (KP),10.0,63.80898,25.20431,7076973.0,411580.0,COMMUNITY_VERIFIED,AMATEUR,Photographed,iNaturalist Suomi Finland,ETRS-TM35FIN-1km-N7076000-E411000
http://tun.fi/HR.3211/54944389-U,herkkutatti (fi) — Boletus edulis,Boletus edulis,2020-07-31,2020,Suomi,"Pohjois-Häme (PH), Pohjois-Savo (PS)",25000.0,62.5,26.7,6929923.0,484528.0,COMMUNITY_VERIFIED,AMATEUR,Photographed,iNaturalist Suomi Finland,ETRS-TM35FIN-1km-N6929000-E484000
http://tun.fi/HR.3211/55403991-U,herkkutatti (fi) — Boletus edulis,Boletus edulis,2020-07-31,2020,Suomi,Oulun Pohjanmaa (OP),100.0,64.58148,26.5123,7161903.0,476644.0,COMMUNITY_VERIFIED,AMATEUR,Photographed,iNaturalist Suomi Finland,ETRS-TM35FIN-1km-N7161000-E476000
http://tun.fi/HR.3211/55016077-U,herkkutatti (fi) — Boletus edulis,Boletus edulis,2020-08-01,2020,Suomi,Uusimaa (U),87.0,60.38692,24.75372,6696614.0,376191.0,COMMUNITY_VERIFIED,AMATEUR,Photographed,iNaturalist Suomi Finland,ETRS-TM35FIN-1km-N6696000-E376000
http://tun.fi/HR.3211/55025590-U,herkkutatti (fi) — Boletus edulis,Boletus edulis,2020-08-01,2020,Suomi,Varsinais-Suomi (V),10.0,60.11516,23.79766,6668551.0,322050.0,COMMUNITY_VERIFIED,AMATEUR,Photographed,iNaturalist Suomi Finland,ETRS-TM35FIN-1km-N6668000-E322000
http://tun.fi/HR.3211/55032264-U,herkkutatti (fi) — Boletus edulis,Boletus edulis,2020-08-01,2020,Suomi,Pohjois-Häme (PH),10.0,62.79907,25.89736,6963685.0,443768.0,COMMUNITY_VERIFIED,AMATEUR,Photographed,iNaturalist Suomi Finland,ETRS-TM35FIN-1km-N6963000-E443000
http://tun.fi/HR.3211/55055820-U,herkkutatti (fi) — Boletus edulis,Boletus edulis,2020-08-01,2020,Suomi,Varsinais-Suomi (V),100.0,60.42833,22.36513,6708095.0,244971.0,COMMUNITY_VERIFIED,AMATEUR,Photographed,iNaturalist Suomi Finland,ETRS-TM35FIN-1km-N6708000-E244000
http://tun.fi/HR.3211/55074977-U,herkkutatti (fi) — Boletus edulis,Boletus edulis,2020-08-01,2020,Suomi,Kainuu (Kn),1052.0,64.81988,27.87688,7188670.0,541629.0,COMMUNITY_VERIFIED,AMATEUR,Photographed,iNaturalist Suomi Finland,ETRS-TM35FIN-1km-N7188000-E541000
http://tun.fi/HR.3211/55260896-U,herkkutatti (fi) — Boletus edulis,Boletus edulis,2020-08-01,2020,Suomi,Etelä-Häme (EH),643.0,61.25116,24.59173,6793145.0,370798.0,NEUTRAL,AMATEUR,Photographed,iNaturalist Suomi Finland,ETRS-TM35FIN-1km-N6793000-E370000
http://tun.fi/HR.3211/58816449-U,herkkutatti (fi) — Boletus edulis,Boletus edulis,2020-08-01,2020,Suomi,Uusimaa (U),20.0,60.33385,25.14478,6690034.0,397575.0,COMMUNITY_VERIFIED,AMATEUR,Photographed,iNaturalist Suomi Finland,ETRS-TM35FIN-1km-N6690000-E397000
http://tun.fi/JX.1144691#4,herkkutatti (fi) — Boletus edulis,Boletus edulis,2020-08-01,2020,Suomi,Etelä-Häme (EH),1.0,61.231412,25.635767,6789329.0,426756.0,NEUTRAL,HOBBYIST,Photographed,The Atlas of Finnish Fungi,ETRS-TM35FIN-1km-N6789000-E426000
http://tun.fi/JX.1146694#19,herkkutatti (fi) — Boletus edulis,Boletus edulis,2020-08-01,2020,Suomi,Uusimaa (U),1000.0,60.213593,24.682613,6677453.0,371594.0,NEUTRAL,HOBBYIST,Photographed,The Atlas of Finnish Fungi,ETRS-TM35FIN-1km-N6677000-E371000
http://tun.fi/HR.3211/55137067-U,herkkutatti (fi) — Boletus edulis,Boletus edulis,2020-08-02,2020,Suomi,Etelä-Savo (ES),10.0,61.16699,28.77203,6782680.0,595331.0,COMMUNITY_VERIFIED,AMATEUR,Photographed,iNaturalist Suomi Finland,ETRS-TM35FIN-1km-N6782000-E595000
http://tun.fi/HR.3211/55139000-U,herkkutatti (fi) — Boletus edulis,Boletus edulis,2020-08-02,2020,Suomi,Pohjois-Savo (PS),12.0,62.92304,27.65903,6977187.0,533470.0,COMMUNITY_VERIFIED,AMATEUR,Photographed,iNaturalist Suomi Finland,ETRS-TM35FIN-1km-N6977000-E533000
http://tun.fi/JX.1145168#13,herkkutatti (fi) — Boletus edulis,Boletus edulis,2020-08-02,2020,Suomi,Etelä-Häme (EH),1000.0,61.548178,23.542522,6828724.0,316292.0,NEUTRAL,HOBBYIST,Photographed,The Atlas of Finnish Fungi,ETRS-TM35FIN-1km-N6828000-E316000
http://id.luomus.fi/MY.12149245,herkkutatti (fi) — Boletus edulis,Boletus edulis,2020-08-03,2020,Suomi,Pohjois-Häme (PH),1.0,62.2062,25.8218,6897710.0,438710.0,NEUTRAL,PROFESSIONAL,Preserved specimen,Agaricales Fennoscandiae orientalis,ETRS-TM35FIN-1km-N6897000-E438000
http://tun.fi/HR.3211/55255336-U,herkkutatti (fi) — Boletus edulis,Boletus edulis,2020-08-03,2020,Suomi,Keski-Pohjanmaa (KP),10.0,64.23583,25.75975,7123881.0,439852.0,COMMUNITY_VERIFIED,AMATEUR,Photographed,iNaturalist Suomi Finland,ETRS-TM35FIN-1km-N7123000-E439000
http://tun.fi/HR.3211/55263412-U,herkkutatti (fi) — Boletus edulis,Boletus edulis,2020-08-03,2020,Suomi,Etelä-Savo (ES),10.0,61.67322,27.12703,6837785.0,506726.0,COMMUNITY_VERIFIED,AMATEUR,Photographed,iNaturalist Suomi Finland,ETRS-TM35FIN-1km-N6837000-E506000
http://tun.fi/JX.1145270#39,herkkutatti (fi) — Boletus edulis,Boletus edulis,2020-08-03,2020,Suomi,Uusimaa (U),100.0,59.920905,23.203063,6648691.0,287788.0,NEUTRAL,HOBBYIST,Photographed,The Atlas of Finnish Fungi,ETRS-TM35FIN-1km-N6648000-E287000
http://tun.fi/JX.1145270#81,herkkutatti (fi) — Boletus edulis,Boletus edulis,2020-08-03,2020,Suomi,Uusimaa (U),1000.0,59.910774,23.208481,6647546.0,288026.0,NEUTRAL,HOBBYIST,Photographed,The Atlas of Finnish Fungi,ETRS-TM35FIN-1km-N6647000-E288000
http://tun.fi/JX.1145386#21,herkkutatti (fi) — Boletus edulis,Boletus edulis,2020-08-03,2020,Suomi,Keski-Pohjanmaa (KP),1.0,64.027853,23.51366,7104779.0,329711.0,NEUTRAL,HOBBYIST,Photographed,The Atlas of Finnish Fungi,ETRS-TM35FIN-1km-N7104000-E329000
http://tun.fi/JX.1145386#68,herkkutatti (fi) — Boletus edulis,Boletus edulis,2020-08-03,2020,Suomi,Keski-Pohjanmaa (KP),1.0,64.010012,23.398313,7103106.0,323969.0,NEUTRAL,HOBBYIST,Photographed,The Atlas of Finnish Fungi,ETRS-TM35FIN-1km-N7103000-E323000
http://tun.fi/HR.3211/55381202-U,herkkutatti (fi) — Boletus edulis,Boletus edulis,2020-08-04,2020,Suomi,Oulun Pohjanmaa (OP),256.0,65.01152,25.4408,7210646.0,426512.0,COMMUNITY_VERIFIED,AMATEUR,Photographed,iNaturalist Suomi Finland,ETRS-TM35FIN-1km-N7210000-E426000
http://tun.fi/HR.3211/55408043-U,herkkutatti (fi) — Boletus edulis,Boletus edulis,2020-08-04,2020,Suomi,Keski-Pohjanmaa (KP),10.0,63.39014,22.38194,7037376.0,269361.0,COMMUNITY_VERIFIED,AMATEUR,Photographed,iNaturalist Suomi Finland,ETRS-TM35FIN-1km-N7037000-E269000
http://tun.fi/HR.3211/56140724-U,herkkutatti (fi) — Boletus edulis,Boletus edulis,2020-08-04,2020,Suomi,Oulun Pohjanmaa (OP),363.0,65.011,25.44234,7210586.0,426583.0,COMMUNITY_VERIFIED,AMATEUR,Photographed,iNaturalist Suomi Finland,ETRS-TM35FIN-1km-N7210000-E426000
http://tun.fi/JX.1145648#10,herkkutatti (fi) — Boletus edulis,Boletus edulis,2020-08-04,2020,Suomi,Satakunta (St),1.0,61.657627,23.475205,6841096.0,313378.0,NEUTRAL,HOBBYIST,Photographed,The Atlas of Finnish Fungi,ETRS-TM35FIN-1km-N6841000-E313000
http://tun.fi/JX.1145758#25,herkkutatti (fi) — Boletus edulis,Boletus edulis,2020-08-04,2020,Suomi,Koillismaa (Ks),1000.0,65.284369,28.367788,7240840.0,563810.0,NEUTRAL,HOBBYIST,Photographed,The Atlas of Finnish Fungi,ETRS-TM35FIN-1km-N7240000-E563000
http://tun.fi/JX.1203051#7,herkkutatti (fi) — Boletus edulis,Boletus edulis,2020-08-04,2020,Suomi,Pohjois-Häme (PH),1.0,62.318677,26.344056,6909855.0,466004.0,NEUTRAL,HOBBYIST,Photographed,The Atlas of Finnish Fungi,ETRS-TM35FIN-1km-N6909000-E466000
http://tun.fi/HR.3211/55473022-U,herkkutatti (fi) — Boletus edulis,Boletus edulis,2020-08-05,2020,Suomi,Etelä-Häme (EH),10.0,61.29028,26.25669,6795348.0,460166.0,COMMUNITY_VERIFIED,AMATEUR,Photographed,iNaturalist Suomi Finland,ETRS-TM35FIN-1km-N6795000-E460000
http://tun.fi/HR.3211/55475276-U,herkkutatti (fi) — Boletus edulis,Boletus edulis,2020-08-05,2020,Suomi,Etelä-Savo (ES),10.0,61.30818,28.75548,6798379.0,594018.0,COMMUNITY_VERIFIED,AMATEUR,Photographed,iNaturalist Suomi Finland,ETRS-TM35FIN-1km-N6798000-E594000
http://tun.fi/HR.3211/55489532-U,herkkutatti (fi) — Boletus edulis,Boletus edulis,2020-08-05,2020,Suomi,Uusimaa (U),10.0,60.29725,25.1572,6685940.0,398146.0,COMMUNITY_VERIFIED,AMATEUR,Photographed,iNaturalist Suomi Finland,ETRS-TM35FIN-1km-N6685000-E398000
http://tun.fi/HR.3211/55489821-U,herkkutatti (fi) — Boletus edulis,Boletus edulis,2020-08-05,2020,Suomi,Uusimaa (U),15.0,60.2948,25.15706,6685667.0,398131.0,COMMUNITY_VERIFIED,AMATEUR,Photographed,iNaturalist Suomi Finland,ETRS-TM35FIN-1km-N6685000-E398000
http://tun.fi/HR.3211/55500606-U,herkkutatti (fi) — Boletus edulis,Boletus edulis,2020-08-05,2020,Suomi,"Pohjois-Häme (PH), Pohjois-Savo (PS)",25000.0,62.5,26.7,6929923.0,484528.0,COMMUNITY_VERIFIED,AMATEUR,Photographed,iNaturalist Suomi Finland,ETRS-TM35FIN-1km-N6929000-E484000
http://tun.fi/HR.3211/55517304-U,herkkutatti (fi) — Boletus edulis,Boletus edulis,2020-08-05,2020,Suomi,Satakunta (St),1052.0,61.56942,21.52862,6838421.0,209631.0,COMMUNITY_VERIFIED,AMATEUR,Photographed,iNaturalist Suomi Finland,ETRS-TM35FIN-1km-N6838000-E209000
http://tun.fi/HR.3211/56411569-U,herkkutatti (fi) — Boletus edulis,Boletus edulis,2020-08-05,2020,Suomi,Satakunta (St),1329.0,61.42964,22.82612,6817770.0,277416.0,NEUTRAL,AMATEUR,Photographed,iNaturalist Suomi Finland,ETRS-TM35FIN-1km-N6817000-E277000
http://tun.fi/JX.1145794#82,herkkutatti (fi) — Boletus edulis,Boletus edulis,2020-08-05,2020,Suomi,Pohjois-Savo (PS),100.0,62.561577,28.633693,6937806.0,583983.0,NEUTRAL,HOBBYIST,Observation,"Notebook, general observations",ETRS-TM35FIN-1km-N6937000-E583000
http://tun.fi/HR.3211/55577022-U,herkkutatti (fi) — Boletus edulis,Boletus edulis,2020-08-06,2020,Suomi,Etelä-Häme (EH),10.0,61.06594,25.78731,6770739.0,434550.0,COMMUNITY_VERIFIED,AMATEUR,Photographed,iNaturalist Suomi Finland,ETRS-TM35FIN-1km-N6770000-E434000
http://tun.fi/HR.3211/55577560-U,herkkutatti (fi) — Boletus edulis,Boletus edulis,2020-08-06,2020,Suomi,Etelä-Häme (EH),10.0,61.06313,25.78623,6770427.0,434486.0,COMMUNITY_VERIFIED,AMATEUR,Photographed,iNaturalist Suomi Finland,ETRS-TM35FIN-1km-N6770000-E434000
http://tun.fi/HR.3211/55589029-U,herkkutatti (fi) — Boletus edulis,Boletus edulis,2020-08-06,2020,Suomi,Uusimaa (U),10.0,59.93072,23.33582,6649365.0,295264.0,COMMUNITY_VERIFIED,AMATEUR,Photographed,iNaturalist Suomi Finland,ETRS-TM35FIN-1km-N6649000-E295000
http://tun.fi/HR.3211/55609889-U,herkkutatti (fi) — Boletus edulis,Boletus edulis,2020-08-06,2020,Suomi,Pohjois-Häme (PH),1020.0,62.59312,26.7353,6940286.0,486407.0,COMMUNITY_VERIFIED,AMATEUR,Photographed,iNaturalist Suomi Finland,ETRS-TM35FIN-1km-N6940000-E486000
http://tun.fi/JX.1146031#35,herkkutatti (fi) — Boletus edulis,Boletus edulis,2020-08-06,2020,Suomi,Pohjois-Savo (PS),100.0,62.576424,28.644416,6939473.0,584492.0,NEUTRAL,HOBBYIST,Observation,"Notebook, general observations",ETRS-TM35FIN-1km-N6939000-E584000
http://tun.fi/JX.1146044#10,herkkutatti (fi) — Boletus edulis,Boletus edulis,2020-08-06,2020,Suomi,Uusimaa (U),1.0,60.355639,25.723464,6691702.0,429567.0,NEUTRAL,HOBBYIST,Observation,The Atlas of Finnish Fungi,ETRS-TM35FIN-1km-N6691000-E429000
http://tun.fi/JX.1148137#43,herkkutatti (fi) — Boletus edulis,Boletus edulis,2020-08-06,2020,Suomi,Etelä-Häme (EH),1000.0,61.468215,23.380359,6820297.0,307190.0,NEUTRAL,HOBBYIST,Photographed,The Atlas of Finnish Fungi,ETRS-TM35FIN-1km-N6820000-E307000
http://tun.fi/HR.3211/55680591-U,herkkutatti (fi) — Boletus edulis,Boletus edulis,2020-08-07,2020,Suomi,Etelä-Savo (ES),100.0,61.0619,28.27715,6770356.0,568939.0,COMMUNITY_VERIFIED,AMATEUR,Photographed,iNaturalist Suomi Finland,ETRS-TM35FIN-1km-N6770000-E568000
http://tun.fi/HR.3211/55682371-U,herkkutatti (fi) — Boletus edulis,Boletus edulis,2020-08-07,2020,Suomi,Pohjois-Häme (PH),100.0,63.25316,26.35513,7013960.0,467620.0,COMMUNITY_VERIFIED,AMATEUR,Photographed,iNaturalist Suomi Finland,ETRS-TM35FIN-1km-N7013000-E467000
http://tun.fi/HR.3211/55704394-U,herkkutatti (fi) — Boletus edulis,Boletus edulis,2020-08-07,2020,Suomi,Pohjois-Häme (PH),5973.0,62.24635,25.70061,6902303.0,432496.0,COMMUNITY_VERIFIED,AMATEUR,Photographed,iNaturalist Suomi Finland,ETRS-TM35FIN-1km-N6902000-E432000
http://tun.fi/HR.3211/55711054-U,herkkutatti (fi) — Boletus edulis,Boletus edulis,2020-08-07,2020,Suomi,Pohjois-Karjala (PK),100.0,62.61111,29.75611,6945283.0,641427.0,COMMUNITY_VERIFIED,AMATEUR,Photographed,iNaturalist Suomi Finland,ETRS-TM35FIN-1km-N6945000-E641000
http://tun.fi/HR.3211/55769840-U,herkkutatti (fi) — Boletus edulis,Boletus edulis,2020-08-07,2020,Suomi,"Etelä-Karjala (EK), Uusimaa (U)",25000.0,60.5,26.9,6707106.0,494490.0,COMMUNITY_VERIFIED,AMATEUR,Photographed,iNaturalist Suomi Finland,ETRS-TM35FIN-1km-N6707000-E494000
http://tun.fi/HR.3211/56004015-U,herkkutatti (fi) — Boletus edulis,Boletus edulis,2020-08-07,2020,Suomi,Etelä-Savo (ES),31.0,61.06244,28.18206,6770319.0,563806.0,COMMUNITY_VERIFIED,AMATEUR,Photographed,iNaturalist Suomi Finland,ETRS-TM35FIN-1km-N6770000-E563000
http://tun.fi/JX.1146307#4,herkkutatti (fi) — Boletus edulis,Boletus edulis,2020-08-07,2020,Suomi,Pohjois-Savo (PS),1000.0,62.54551,28.637977,6936022.0,584250.0,NEUTRAL,HOBBYIST,Observation,"Notebook, general observations",ETRS-TM35FIN-1km-N6936000-E584000
http://tun.fi/HR.3211/55770616-U,herkkutatti (fi) — Boletus edulis,Boletus edulis,2020-08-08,2020,Suomi,Satakunta (St),19.0,61.96459,23.01784,6876642.0,291278.0,COMMUNITY_VERIFIED,AMATEUR,Photographed,iNaturalist Suomi Finland,ETRS-TM35FIN-1km-N6876000-E291000
http://tun.fi/HR.3211/55772381-U,herkkutatti (fi) — Boletus edulis,Boletus edulis,2020-08-08,2020,Suomi,Pohjois-Häme (PH),11.0,62.29072,26.13392,6906869.0,455072.0,COMMUNITY_VERIFIED,AMATEUR,Photographed,iNaturalist Suomi Finland,ETRS-TM35FIN-1km-N6906000-E455000
http://tun.fi/HR.3211/55778270-U,herkkutatti (fi) — Boletus edulis,Boletus edulis,2020-08-08,2020,Suomi,"Pohjois-Häme (PH), Pohjois-Savo (PS)",25000.0,62.5,26.7,6929923.0,484528.0,COMMUNITY_VERIFIED,AMATEUR,Photographed,iNaturalist Suomi Finland,ETRS-TM35FIN-1km-N6929000-E484000
http://tun.fi/HR.3211/55778349-U,herkkutatti (fi) — Boletus edulis,Boletus edulis,2020-08-08,2020,Suomi,Pohjois-Häme (PH),10.0,62.59352,26.7431,6940329.0,486808.0,COMMUNITY_VERIFIED,AMATEUR,Photographed,iNaturalist Suomi Finland,ETRS-TM35FIN-1km-N6940000-E486000
http://tun.fi/HR.3211/55781851-U,herkkutatti (fi) — Boletus edulis,Boletus edulis,2020-08-08,2020,Suomi,Keski-Pohjanmaa (KP),118.0,64.23403,23.81258,7126967.0,345452.0,NEUTRAL,AMATEUR,Photographed,iNaturalist Suomi Finland,ETRS-TM35FIN-1km-N7126000-E345000
http://tun.fi/HR.3211/55789939-U,herkkutatti (fi) — Boletus edulis,Boletus edulis,2020-08-08,2020,Suomi,Uusimaa (U),100.0,60.35336,25.19994,6692122.0,400679.0,COMMUNITY_VERIFIED,AMATEUR,Photographed,iNaturalist Suomi Finland,ETRS-TM35FIN-1km-N6692000-E400000
http://tun.fi/HR.3211/55810110-U,herkkutatti (fi) — Boletus edulis,Boletus edulis,2020-08-08,2020,Suomi,Etelä-Savo (ES),10.0,61.22597,28.16526,6788516.0,562575.0,COMMUNITY_VERIFIED,AMATEUR,Photographed,iNaturalist Suomi Finland,ETRS-TM35FIN-1km-N6788000-E562000
http://tun.fi/JX.1146513#22,herkkutatti (fi) — Boletus edulis,Boletus edulis,2020-08-08,2020,Suomi,Keski-Pohjanmaa (KP),1.0,63.089593,23.105513,7001533.0,303430.0,NEUTRAL,HOBBYIST,Photographed,The Atlas of Finnish Fungi,ETRS-TM35FIN-1km-N7001000-E303000
http://tun.fi/JX.1146750#7,herkkutatti (fi) — Boletus edulis,Boletus edulis,2020-08-08,2020,Suomi,Keski-Pohjanmaa (KP),1.0,63.987864,23.762212,7099686.0,341617.0,NEUTRAL,HOBBYIST,Photographed,The Atlas of Finnish Fungi,ETRS-TM35FIN-1km-N7099000-E341000
http://tun.fi/HR.3211/55885818-U,herkkutatti (fi) — Boletus edulis,Boletus edulis,2020-08-09,2020,Suomi,Etelä-Häme (EH),4000.0,61.03859,24.94748,6768824.0,389136.0,COMMUNITY_VERIFIED,AMATEUR,Photographed,iNaturalist Suomi Finland,ETRS-TM35FIN-1km-N6768000-E389000
http://tun.fi/HR.3211/55886723-U,herkkutatti (fi) — Boletus edulis,Boletus edulis,2020-08-09,2020,Suomi,Etelä-Savo (ES),18.0,61.44506,26.78305,6812382.0,488432.0,COMMUNITY_VERIFIED,AMATEUR,Photographed,iNaturalist Suomi Finland,ETRS-TM35FIN-1km-N6812000-E488000
http://tun.fi/HR.3211/55887091-U,herkkutatti (fi) — Boletus edulis,Boletus edulis,2020-08-09,2020,Suomi,Uusimaa (U),2509.0,60.31186,25.1111,6687639.0,395645.0,COMMUNITY_VERIFIED,AMATEUR,Photographed,iNaturalist Suomi Finland,ETRS-TM35FIN-1km-N6687000-E395000
http://tun.fi/HR.3211/55894597-U,herkkutatti (fi) — Boletus edulis,Boletus edulis,2020-08-09,2020,Suomi,Etelä-Savo (ES),14.0,61.44487,26.78192,6812361.0,488371.0,COMMUNITY_VERIFIED,AMATEUR,Photographed,iNaturalist Suomi Finland,ETRS-TM35FIN-1km-N6812000-E488000
http://tun.fi/HR.3211/55895646-U,herkkutatti (fi) — Boletus edulis,Boletus edulis,2020-08-09,2020,Suomi,Etelä-Savo (ES),17.0,61.44491,26.78319,6812365.0,488439.0,COMMUNITY_VERIFIED,AMATEUR,Photographed,iNaturalist Suomi Finland,ETRS-TM35FIN-1km-N6812000-E488000
http://tun.fi/HR.3211/55895763-U,herkkutatti (fi) — Boletus edulis,Boletus edulis,2020-08-09,2020,Suomi,Etelä-Häme (EH),25000.0,61.1,25.5,6774857.0,419115.0,COMMUNITY_VERIFIED,AMATEUR,Photographed,iNaturalist Suomi Finland,ETRS-TM35FIN-1km-N6774000-E419000
http://tun.fi/HR.3211/55896260-U,herkkutatti (fi) — Boletus edulis,Boletus edulis,2020-08-09,2020,Suomi,Pohjois-Häme (PH),10.0,63.0848,25.8404,6995567.0,441437.0,COMMUNITY_VERIFIED,AMATEUR,Photographed,iNaturalist Suomi Finland,ETRS-TM35FIN-1km-N6995000-E441000
http://tun.fi/HR.3211/55896372-U,herkkutatti (fi) — Boletus edulis,Boletus edulis,2020-08-09,2020,Suomi,Pohjois-Häme (PH),56.0,63.08916,25.83581,6996057.0,441214.0,COMMUNITY_VERIFIED,AMATEUR,Photographed,iNaturalist Suomi Finland,ETRS-TM35FIN-1km-N6996000-E441000
http://tun.fi/HR.3211/55897551-U,herkkutatti (fi) — Boletus edulis,Boletus edulis,2020-08-09,2020,Suomi,Pohjois-Häme (PH),17.0,63.08372,25.83854,6995448.0,441341.0,COMMUNITY_VERIFIED,AMATEUR,Photographed,iNaturalist Suomi Finland,ETRS-TM35FIN-1km-N6995000-E441000
http://tun.fi/HR.3211/55897674-U,herkkutatti (fi) — Boletus edulis,Boletus edulis,2020-08-09,2020,Suomi,Pohjois-Häme (PH),10.0,63.08894,25.83777,6996031.0,441313.0,COMMUNITY_VERIFIED,AMATEUR,Photographed,iNaturalist Suomi Finland,ETRS-TM35FIN-1km-N6996000-E441000
http://tun.fi/HR.3211/55901702-U,herkkutatti (fi) — Boletus edulis,Boletus edulis,2020-08-09,2020,Suomi,Pohjois-Häme (PH),100.0,62.86611,26.22639,6970909.0,460637.0,COMMUNITY_VERIFIED,AMATEUR,Photographed,iNaturalist Suomi Finland,ETRS-TM35FIN-1km-N6970000-E460000
http://tun.fi/HR.3211/56124112-U,herkkutatti (fi) — Boletus edulis,Boletus edulis,2020-08-09,2020,Suomi,Etelä-Häme (EH),10.0,61.41,23.7378,6812811.0,325892.0,COMMUNITY_VERIFIED,AMATEUR,Photographed,iNaturalist Suomi Finland,ETRS-TM35FIN-1km-N6812000-E325000
http://tun.fi/JX.1147752#4,herkkutatti (fi) — Boletus edulis,Boletus edulis,2020-08-09,2020,Suomi,Varsinais-Suomi (V),10.0,60.592031,21.387118,6730472.0,192792.0,NEUTRAL,HOBBYIST,Photographed,The Atlas of Finnish Fungi,ETRS-TM35FIN-1km-N6730000-E192000
http://tun.fi/JX.1156878#4,herkkutatti (fi) — Boletus edulis,Boletus edulis,2020-08-09,2020,Suomi,Pohjois-Savo (PS),10000.0,62.601994,28.457002,6942090.0,574799.0,NEUTRAL,HOBBYIST,Photographed,The Atlas of Finnish Fungi,ETRS-TM35FIN-1km-N6942000-E574000
http://tun.fi/JX.1147350#4,herkkutatti (fi) — Boletus edulis,Boletus edulis,2020-08-10,2020,Suomi,Pohjois-Savo (PS),1.0,62.39392,28.78981,6919346.0,592525.0,NEUTRAL,HOBBYIST,Photographed,The Atlas of Finnish Fungi,ETRS-TM35FIN-1km-N6919000-E592000
http://tun.fi/JX.1147371#16,herkkutatti (fi) — Boletus edulis,Boletus edulis,2020-08-10,2020,Suomi,Perä-Pohjanmaa (PeP),1000.0,66.791917,24.173803,7411010.0,375750.0,NEUTRAL,HOBBYIST,Photographed,"Notebook, general observations",ETRS-TM35FIN-1km-N7411000-E375000
http://tun.fi/HR.3211/56115298-U,herkkutatti (fi) — Boletus edulis,Boletus edulis,2020-08-11,2020,Suomi,Uusimaa (U),25000.0,60.3,25.1,6686339.0,394977.0,COMMUNITY_VERIFIED,AMATEUR,Photographed,iNaturalist Suomi Finland,ETRS-TM35FIN-1km-N6686000-E394000
http://tun.fi/HR.3211/56831600-U,herkkutatti (fi) — Boletus edulis,Boletus edulis,2020-08-11,2020,Suomi,Varsinais-Suomi (V),64.0,60.60374,23.94511,6722538.0,332762.0,COMMUNITY_VERIFIED,AMATEUR,Photographed,iNaturalist Suomi Finland,ETRS-TM35FIN-1km-N6722000-E332000
http://tun.fi/HR.3211/56199594-U,herkkutatti (fi) — Boletus edulis,Boletus edulis,2020-08-12,2020,Suomi,Uusimaa (U),10.0,60.27078,24.46674,6684260.0,359881.0,COMMUNITY_VERIFIED,AMATEUR,Photographed,iNaturalist Suomi Finland,ETRS-TM35FIN-1km-N6684000-E359000
http://tun.fi/JX.1147715#10,herkkutatti (fi) — Boletus edulis,Boletus edulis,2020-08-12,2020,Suomi,Kainuu (Kn),1.0,64.52247,27.7923,7155475.0,538028.0,NEUTRAL,HOBBYIST,Photographed,The Atlas of Finnish Fungi,ETRS-TM35FIN-1km-N7155000-E538000
http://tun.fi/JX.1223832#4,herkkutatti (fi) — Boletus edulis,Boletus edulis,2020-08-12,2020,Suomi,Pohjois-Karjala (PK),100.0,62.10704,30.265197,6890398.0,670371.0,NEUTRAL,HOBBYIST,Photographed,The Atlas of Finnish Fungi,ETRS-TM35FIN-1km-N6890000-E670000
http://tun.fi/HR.3211/56297302-U,herkkutatti (fi) — Boletus edulis,Boletus edulis,2020-08-13,2020,Suomi,Uusimaa (U),10.0,60.20774,24.9564,6676301.0,386741.0,COMMUNITY_VERIFIED,AMATEUR,Photographed,iNaturalist Suomi Finland,ETRS-TM35FIN-1km-N6676000-E386000
http://tun.fi/HR.3211/56320177-U,herkkutatti (fi) — Boletus edulis,Boletus edulis,2020-08-13,2020,Suomi,Pohjois-Savo (PS),2819.0,62.7845,28.67325,6962689.0,585372.0,COMMUNITY_VERIFIED,AMATEUR,Photographed,iNaturalist Suomi Finland,ETRS-TM35FIN-1km-N6962000-E585000
http://tun.fi/HR.3211/56325657-U,herkkutatti (fi) — Boletus edulis,Boletus edulis,2020-08-13,2020,Suomi,Uusimaa (U),100.0,60.47797,24.63327,6706983.0,369918.0,COMMUNITY_VERIFIED,AMATEUR,Photographed,iNaturalist Suomi Finland,ETRS-TM35FIN-1km-N6706000-E369000
http://tun.fi/HR.3211/56328049-U,herkkutatti (fi) — Boletus edulis,Boletus edulis,2020-08-13,2020,Suomi,Uusimaa (U),25000.0,60.3,25.7,6685535.0,428133.0,NEUTRAL,AMATEUR,Photographed,iNaturalist Suomi Finland,ETRS-TM35FIN-1km-N6685000-E428000
http://tun.fi/JX.1147846#19,herkkutatti (fi) — Boletus edulis,Boletus edulis,2020-08-13,2020,Suomi,Etelä-Häme (EH),1.0,61.467874,23.372975,6820279.0,306792.0,NEUTRAL,HOBBYIST,Photographed,The Atlas of Finnish Fungi,ETRS-TM35FIN-1km-N6820000-E306000
http://tun.fi/JX.1147850#7,herkkutatti (fi) — Boletus edulis,Boletus edulis,2020-08-13,2020,Suomi,Pohjois-Häme (PH),100.0,62.251751,25.691888,6902913.0,432054.0,NEUTRAL,HOBBYIST,Photographed,The Atlas of Finnish Fungi,ETRS-TM35FIN-1km-N6902000-E432000
http://tun.fi/HR.3211/56392243-U,herkkutatti (fi) — Boletus edulis,Boletus edulis,2020-08-14,2020,Suomi,Uusimaa (U),24.0,60.21594,24.95118,6677223.0,386480.0,COMMUNITY_VERIFIED,AMATEUR,Photographed,iNaturalist Suomi Finland,ETRS-TM35FIN-1km-N6677000-E386000
http://tun.fi/JX.1148022#19,herkkutatti (fi) — Boletus edulis,Boletus edulis,2020-08-14,2020,Suomi,Pohjois-Häme (PH),100.0,62.194826,24.783106,6897859.0,384644.0,NEUTRAL,HOBBYIST,Observation,"Notebook, general observations",ETRS-TM35FIN-1km-N6897000-E384000
http://tun.fi/HR.3211/56505245-U,herkkutatti (fi) — Boletus edulis,Boletus edulis,2020-08-15,2020,Suomi,Pohjois-Häme (PH),19.0,62.30402,25.6677,6908761.0,430919.0,COMMUNITY_VERIFIED,AMATEUR,Photographed,iNaturalist Suomi Finland,ETRS-TM35FIN-1km-N6908000-E430000
http://tun.fi/HR.3211/56527142-U,herkkutatti (fi) — Boletus edulis,Boletus edulis,2020-08-15,2020,Suomi,Etelä-Pohjanmaa (EP),2400.0,63.06365,22.0467,7002331.0,249834.0,NEUTRAL,AMATEUR,Photographed,iNaturalist Suomi Finland,ETRS-TM35FIN-1km-N7002000-E249000
http://tun.fi/HR.3211/56532834-U,herkkutatti (fi) — Boletus edulis,Boletus edulis,2020-08-15,2020,Suomi,Etelä-Savo (ES),12.0,61.69469,27.40569,6840237.0,521462.0,COMMUNITY_VERIFIED,AMATEUR,Photographed,iNaturalist Suomi Finland,ETRS-TM35FIN-1km-N6840000-E521000
http://tun.fi/HR.3211/56542741-U,herkkutatti (fi) — Boletus edulis,Boletus edulis,2020-08-15,2020,Suomi,Uusimaa (U),10.0,60.23516,25.13851,6679056.0,396918.0,COMMUNITY_VERIFIED,AMATEUR,Photographed,iNaturalist Suomi Finland,ETRS-TM35FIN-1km-N6679000-E396000
http://tun.fi/HR.3211/56557684-U,herkkutatti (fi) — Boletus edulis,Boletus edulis,2020-08-15,2020,Suomi,Pohjois-Karjala (PK),628.0,62.5817,29.7329,6941958.0,640376.0,COMMUNITY_VERIFIED,AMATEUR,Photographed,iNaturalist Suomi Finland,ETRS-TM35FIN-1km-N6941000-E640000
http://tun.fi/JX.1145845#89,herkkutatti (fi) — Boletus edulis,Boletus edulis,2020-08-15,2020,Suomi,Kainuu (Kn),1000.0,63.900915,29.310777,7088028.0,613405.0,NEUTRAL,HOBBYIST,Observation,"Notebook, general observations",ETRS-TM35FIN-1km-N7088000-E613000
http://tun.fi/JX.1791374#23,herkkutatti (fi) — Boletus edulis,Boletus edulis,2020-08-15,2020,Suomi,Etelä-Häme (EH),1.0,61.559,23.519,6829996.0,315108.0,NEUTRAL,HOBBYIST,Photographed,The Atlas of Finnish Fungi,ETRS-TM35FIN-1km-N6829000-E315000
http://tun.fi/HR.3211/56616483-U,herkkutatti (fi) — Boletus edulis,Boletus edulis,2020-08-16,2020,Suomi,Satakunta (St),16.0,61.03151,22.50767,6774625.0,257402.0,COMMUNITY_VERIFIED,AMATEUR,Photographed,iNaturalist Suomi Finland,ETRS-TM35FIN-1km-N6774000-E257000
http://tun.fi/JX.1148532#19,herkkutatti (fi) — Boletus edulis,Boletus edulis,2020-08-16,2020,Suomi,Uusimaa (U),1.0,60.21303,24.915299,6676961.0,384482.0,NEUTRAL,HOBBYIST,Photographed,The Atlas of Finnish Fungi,ETRS-TM35FIN-1km-N6676000-E384000
http://tun.fi/HR.3211/56838794-U,herkkutatti (fi) — Boletus edulis,Boletus edulis,2020-08-18,2020,Suomi,Etelä-Häme (EH),400.0,61.51591,23.86311,6824271.0,333144.0,COMMUNITY_VERIFIED,AMATEUR,Photographed,iNaturalist Suomi Finland,ETRS-TM35FIN-1km-N6824000-E333000
http://tun.fi/JX.1156722#4,herkkutatti (fi) — Boletus edulis,Boletus edulis,2020-08-18,2020,Suomi,Etelä-Pohjanmaa (EP),1.0,63.073798,22.07804,7003337.0,251501.0,NEUTRAL,HOBBYIST,Photographed,The Atlas of Finnish Fungi,ETRS-TM35FIN-1km-N7003000-E251000
http://tun.fi/JX.1149875#19,herkkutatti (fi) — Boletus edulis,Boletus edulis,2020-08-19,2020,Suomi,Pohjois-Karjala (PK),1000.0,62.63308,29.871763,6947989.0,647251.0,NEUTRAL,HOBBYIST,Photographed,The Atlas of Finnish Fungi,ETRS-TM35FIN-1km-N6947000-E647000
http://tun.fi/JX.1149989#31,herkkutatti (fi) — Boletus edulis,Boletus edulis,2020-08-21,2020,Suomi,Pohjois-Savo (PS),1000.0,62.478546,27.815244,6927758.0,542029.0,NEUTRAL,HOBBYIST,Photographed,The Atlas of Finnish Fungi,ETRS-TM35FIN-1km-N6927000-E542000
http://tun.fi/JX.1150082#19,herkkutatti (fi) — Boletus edulis,Boletus edulis,2020-08-21,2020,Suomi,Pohjois-Karjala (PK),100.0,62.645193,30.214441,6950164.0,664744.0,NEUTRAL,HOBBYIST,Photographed,The Atlas of Finnish Fungi,ETRS-TM35FIN-1km-N6950000-E664000
http://tun.fi/JX.1151335#7,herkkutatti (fi) — Boletus edulis,Boletus edulis,2020-08-22,2020,Suomi,Keski-Pohjanmaa (KP),1.0,63.836934,23.122381,7084639.0,309323.0,NEUTRAL,HOBBYIST,Photographed,The Atlas of Finnish Fungi,ETRS-TM35FIN-1km-N7084000-E309000
http://id.luomus.fi/MY.10618752,herkkutatti (fi) — Boletus edulis,Boletus edulis,2020-08-24,2020,Suomi,Uusimaa (U),100.0,60.293498,25.421029,6685143.0,412716.0,NEUTRAL,PROFESSIONAL,Preserved specimen,Agaricales Fennoscandiae orientalis,ETRS-TM35FIN-1km-N6685000-E412000
http://tun.fi/HR.3211/57625959-U,herkkutatti (fi) — Boletus edulis,Boletus edulis,2020-08-26,2020,Suomi,Etelä-Häme (EH),3099.0,61.07303,23.53422,6775874.0,313043.0,NEUTRAL,AMATEUR,Photographed,iNaturalist Suomi Finland,ETRS-TM35FIN-1km-N6775000-E313000
http://tun.fi/HR.3211/57909496-U,herkkutatti (fi) — Boletus edulis,Boletus edulis,2020-08-29,2020,Suomi,Etelä-Savo (ES),100.0,61.39604,26.88741,6806908.0,493987.0,COMMUNITY_VERIFIED,AMATEUR,Photographed,iNaturalist Suomi Finland,ETRS-TM35FIN-1km-N6806000-E493000
http://tun.fi/HR.3211/58322003-U,herkkutatti (fi) — Boletus edulis,Boletus edulis,2020-09-02,2020,Suomi,Keski-Pohjanmaa (KP),10.0,63.50336,24.57874,7043954.0,379496.0,COMMUNITY_VERIFIED,AMATEUR,Photographed,iNaturalist Suomi Finland,ETRS-TM35FIN-1km-N7043000-E379000
http://tun.fi/JX.1153905#85,herkkutatti (fi) — Boletus edulis,Boletus edulis,2020-09-02,2020,Suomi,Uusimaa (U),1.0,60.201252,25.026133,6675461.0,390584.0,NEUTRAL,HOBBYIST,Photographed,The Atlas of Finnish Fungi,ETRS-TM35FIN-1km-N6675000-E390000
http://tun.fi/JX.1154577#7,herkkutatti (fi) — Boletus edulis,Boletus edulis,2020-09-03,2020,Suomi,Pohjois-Savo (PS),1.0,62.206497,28.942762,6898701.0,601057.0,NEUTRAL,HOBBYIST,Photographed,The Atlas of Finnish Fungi,ETRS-TM35FIN-1km-N6898000-E601000
http://tun.fi/HR.3211/58612484-U,herkkutatti (fi) — Boletus edulis,Boletus edulis,2020-09-05,2020,Suomi,Etelä-Häme (EH),64.0,61.47514,23.34478,6821172.0,305337.0,COMMUNITY_VERIFIED,AMATEUR,Photographed,iNaturalist Suomi Finland,ETRS-TM35FIN-1km-N6821000-E305000
http://tun.fi/JX.1155270#7,herkkutatti (fi) — Boletus edulis,Boletus edulis,2020-09-05,2020,Suomi,Inarin Lappi (InL),1000.0,69.437353,27.218131,7703146.0,508551.0,NEUTRAL,HOBBYIST,"Handled (catched, not preserved)","Notebook, general observations",ETRS-TM35FIN-1km-N7703000-E508000
http://tun.fi/HR.3211/58696570-U,herkkutatti (fi) — Boletus edulis,Boletus edulis,2020-09-06,2020,Suomi,Etelä-Häme (EH),100.0,61.44267,23.4719,6817186.0,311907.0,COMMUNITY_VERIFIED,AMATEUR,Photographed,iNaturalist Suomi Finland,ETRS-TM35FIN-1km-N6817000-E311000
http://tun.fi/HR.3211/58834087-U,herkkutatti (fi) — Boletus edulis,Boletus edulis,2020-09-07,2020,Suomi,Varsinais-Suomi (V),526.0,60.27779,22.95146,6689221.0,276173.0,COMMUNITY_VERIFIED,AMATEUR,Photographed,iNaturalist Suomi Finland,ETRS-TM35FIN-1km-N6689000-E276000
http://tun.fi/JX.1155419#4,herkkutatti (fi) — Boletus edulis,Boletus edulis,2020-09-07,2020,Suomi,Inarin Lappi (InL),1.0,68.973438,26.987822,7651401.0,499513.0,NEUTRAL,HOBBYIST,Photographed,The Atlas of Finnish Fungi,ETRS-TM35FIN-1km-N7651000-E499000
http://tun.fi/JX.1178360#4,herkkutatti (fi) — Boletus edulis,Boletus edulis,2020-09-07,2020,Suomi,Perä-Pohjanmaa (PeP),1000.0,66.519684,25.653323,7378484.0,440129.0,NEUTRAL,HOBBYIST,Photographed,The Atlas of Finnish Fungi,ETRS-TM35FIN-1km-N7378000-E440000
http://tun.fi/JX.1155475#76,herkkutatti (fi) — Boletus edulis,Boletus edulis,2020-09-07 - 2020-09-10,2020,Suomi,Uusimaa (U),1000.0,60.506187,24.695073,6710003.0,373423.0,NEUTRAL,HOBBYIST,Photographed,The Atlas of Finnish Fungi,ETRS-TM35FIN-1km-N6710000-E373000
http://tun.fi/JX.1155851#34,herkkutatti (fi) — Boletus edulis,Boletus edulis,2020-09-09,2020,Suomi,Etelä-Karjala (EK),1.0,60.675323,27.704758,6726832.0,538506.0,NEUTRAL,HOBBYIST,Photographed,The Atlas of Finnish Fungi,ETRS-TM35FIN-1km-N6726000-E538000
http://tun.fi/JX.1155971#13,herkkutatti (fi) — Boletus edulis,Boletus edulis,2020-09-10,2020,Suomi,Etelä-Karjala (EK),1.0,60.530228,27.569835,6710600.0,531275.0,NEUTRAL,HOBBYIST,Photographed,The Atlas of Finnish Fungi,ETRS-TM35FIN-1km-N6710000-E531000
http://tun.fi/JX.1155972#58,herkkutatti (fi) — Boletus edulis,Boletus edulis,2020-09-10,2020,Suomi,Etelä-Karjala (EK),1.0,60.527833,27.56672,6710332.0,531106.0,NEUTRAL,HOBBYIST,Observation,The Atlas of Finnish Fungi,ETRS-TM35FIN-1km-N6710000-E531000
http://tun.fi/JX.1156027#4,herkkutatti (fi) — Boletus edulis,Boletus edulis,2020-09-10,2020,Suomi,Uusimaa (U),1.0,60.39069,25.699024,6695632.0,428296.0,NEUTRAL,HOBBYIST,Photographed,The Atlas of Finnish Fungi,ETRS-TM35FIN-1km-N6695000-E428000
http://tun.fi/JX.1158807#10,herkkutatti (fi) — Boletus edulis,Boletus edulis,2020-09-10,2020,Suomi,Oulun Pohjanmaa (OP),1.0,65.20248,26.29302,7231207.0,466915.0,NEUTRAL,HOBBYIST,Photographed,The Atlas of Finnish Fungi,ETRS-TM35FIN-1km-N7231000-E466000
http://tun.fi/HR.3211/59218836-U,herkkutatti (fi) — Boletus edulis,Boletus edulis,2020-09-11,2020,Suomi,Etelä-Savo (ES),10.0,61.69842,27.41305,6840655.0,521849.0,COMMUNITY_VERIFIED,AMATEUR,Photographed,iNaturalist Suomi Finland,ETRS-TM35FIN-1km-N6840000-E521000
http://tun.fi/JX.1156264#4,herkkutatti (fi) — Boletus edulis,Boletus edulis,2020-09-11,2020,Suomi,Uusimaa (U),1.0,60.3604,25.69678,6692261.0,428106.0,NEUTRAL,HOBBYIST,Photographed,The Atlas of Finnish Fungi,ETRS-TM35FIN-1km-N6692000-E428000
http://tun.fi/HR.3211/59454146-U,herkkutatti (fi) — Boletus edulis,Boletus edulis,2020-09-13,2020,Suomi,Uusimaa (U),100.0,60.32362,24.83302,6689420.0,380329.0,COMMUNITY_VERIFIED,AMATEUR,Photographed,iNaturalist Suomi Finland,ETRS-TM35FIN-1km-N6689000-E380000
http://tun.fi/JX.1156828#4,herkkutatti (fi) — Boletus edulis,Boletus edulis,2020-09-13,2020,Suomi,Varsinais-Suomi (V),1000.0,60.310666,22.11327,6696016.0,230156.0,NEUTRAL,HOBBYIST,Photographed,The Atlas of Finnish Fungi,ETRS-TM35FIN-1km-N6696000-E230000
http://tun.fi/HR.3211/59601749-U,herkkutatti (fi) — Boletus edulis,Boletus edulis,2020-09-14,2020,Suomi,Uusimaa (U),10.0,60.24016,24.98648,6679860.0,388518.0,NEUTRAL,AMATEUR,Photographed,iNaturalist Suomi Finland,ETRS-TM35FIN-1km-N6679000-E388000
http://tun.fi/JX.1156934#16,herkkutatti (fi) — Boletus edulis,Boletus edulis,2020-09-14,2020,Suomi,Uusimaa (U),1.0,60.233707,25.023899,6679078.0,390568.0,NEUTRAL,HOBBYIST,Observation,The Atlas of Finnish Fungi,ETRS-TM35FIN-1km-N6679000-E390000
http://tun.fi/JX.1157503#13,herkkutatti (fi) — Boletus edulis,Boletus edulis,2020-09-15,2020,Suomi,Etelä-Savo (ES),1.0,61.687584,27.260399,6839406.0,513779.0,NEUTRAL,HOBBYIST,Observation,The Atlas of Finnish Fungi,ETRS-TM35FIN-1km-N6839000-E513000
http://tun.fi/HR.3211/59766261-U,herkkutatti (fi) — Boletus edulis,Boletus edulis,2020-09-16,2020,Suomi,Uusimaa (U),10.0,60.20628,24.99883,6676067.0,389087.0,COMMUNITY_VERIFIED,AMATEUR,Photographed,iNaturalist Suomi Finland,ETRS-TM35FIN-1km-N6676000-E389000
http://tun.fi/HR.3211/59784783-U,herkkutatti (fi) — Boletus edulis,Boletus edulis,2020-09-16,2020,Suomi,Uusimaa (U),1000.0,60.39412,24.7463,6697430.0,375809.0,COMMUNITY_VERIFIED,AMATEUR,Photographed,iNaturalist Suomi Finland,ETRS-TM35FIN-1km-N6697000-E375000
http://tun.fi/HR.3211/59785420-U,herkkutatti (fi) — Boletus edulis,Boletus edulis,2020-09-16,2020,Suomi,Uusimaa (U),10.0,60.34809,24.90522,6692016.0,384402.0,COMMUNITY_VERIFIED,AMATEUR,Photographed,iNaturalist Suomi Finland,ETRS-TM35FIN-1km-N6692000-E384000
http://tun.fi/JX.1157450#12,herkkutatti (fi) — Boletus edulis,Boletus edulis,2020-09-16,2020,Suomi,Varsinais-Suomi (V),1000.0,60.572943,23.964978,6719059.0,333690.0,NEUTRAL,HOBBYIST,Photographed,The Atlas of Finnish Fungi,ETRS-TM35FIN-1km-N6719000-E333000
http://tun.fi/JX.1157450#33,herkkutatti (fi) — Boletus edulis,Boletus edulis,2020-09-16,2020,Suomi,Varsinais-Suomi (V),1000.0,60.577754,23.982868,6719550.0,334694.0,NEUTRAL,HOBBYIST,Photographed,The Atlas of Finnish Fungi,ETRS-TM35FIN-1km-N6719000-E334000
http://tun.fi/HR.3211/59953131-U,herkkutatti (fi) — Boletus edulis,Boletus edulis,2020-09-18,2020,Suomi,Satakunta (St),134.0,61.21372,21.74808,6797930.0,218069.0,COMMUNITY_VERIFIED,AMATEUR,Photographed,iNaturalist Suomi Finland,ETRS-TM35FIN-1km-N6797000-E218000
http://tun.fi/HR.3211/59955937-U,herkkutatti (fi) — Boletus edulis,Boletus edulis,2020-09-18,2020,Suomi,Etelä-Pohjanmaa (EP),2400.0,62.38638,21.22189,6930579.0,201488.0,COMMUNITY_VERIFIED,AMATEUR,Photographed,iNaturalist Suomi Finland,ETRS-TM35FIN-1km-N6930000-E201000
http://tun.fi/HR.3211/59956447-U,herkkutatti (fi) — Boletus edulis,Boletus edulis,2020-09-18,2020,Suomi,Varsinais-Suomi (V),10.0,60.02676,22.57398,6662648.0,253450.0,COMMUNITY_VERIFIED,AMATEUR,Photographed,iNaturalist Suomi Finland,ETRS-TM35FIN-1km-N6662000-E253000
http://tun.fi/JX.1157859#10,herkkutatti (fi) — Boletus edulis,Boletus edulis,2020-09-18,2020,Suomi,Pohjois-Karjala (PK),1.0,62.092655,30.144607,6888485.0,664160.0,NEUTRAL,HOBBYIST,Observation,The Atlas of Finnish Fungi,ETRS-TM35FIN-1km-N6888000-E664000
http://tun.fi/JX.1158036#4,herkkutatti (fi) — Boletus edulis,Boletus edulis,2020-09-18,2020,Suomi,Pohjois-Karjala (PK),1.0,62.089343,30.160129,6888156.0,664988.0,NEUTRAL,HOBBYIST,Photographed,The Atlas of Finnish Fungi,ETRS-TM35FIN-1km-N6888000-E664000
http://tun.fi/HR.3211/60065538-U,herkkutatti (fi) — Boletus edulis,Boletus edulis,2020-09-19,2020,Suomi,Uusimaa (U),10.0,60.19082,25.00029,6674343.0,389116.0,NEUTRAL,AMATEUR,Photographed,iNaturalist Suomi Finland,ETRS-TM35FIN-1km-N6674000-E389000
http://tun.fi/HR.3211/60074386-U,herkkutatti (fi) — Boletus edulis,Boletus edulis,2020-09-19,2020,Suomi,Varsinais-Suomi (V),10.0,60.43809,23.04057,6706754.0,282169.0,COMMUNITY_VERIFIED,AMATEUR,Photographed,iNaturalist Suomi Finland,ETRS-TM35FIN-1km-N6706000-E282000
http://tun.fi/HR.3211/60291565-U,herkkutatti (fi) — Boletus edulis,Boletus edulis,2020-09-19,2020,Suomi,Satakunta (St),100.0,61.41528,22.62889,6816862.0,266801.0,COMMUNITY_VERIFIED,AMATEUR,Photographed,iNaturalist Suomi Finland,ETRS-TM35FIN-1km-N6816000-E266000
http://tun.fi/JX.1157943#13,herkkutatti (fi) — Boletus edulis,Boletus edulis,2020-09-19,2020,Suomi,Pohjois-Karjala (PK),1000.0,62.045122,30.257744,6883486.0,670328.0,NEUTRAL,HOBBYIST,Photographed,The Atlas of Finnish Fungi,ETRS-TM35FIN-1km-N6883000-E670000
http://tun.fi/JX.1158060#13,herkkutatti (fi) — Boletus edulis,Boletus edulis,2020-09-19,2020,Suomi,Perä-Pohjanmaa (PeP),1000.0,66.708922,27.419814,7398995.0,518524.0,NEUTRAL,HOBBYIST,Photographed,The Atlas of Finnish Fungi,ETRS-TM35FIN-1km-N7398000-E518000
http://tun.fi/JX.1158120#115,herkkutatti (fi) — Boletus edulis,Boletus edulis,2020-09-19,2020,Suomi,Pohjois-Karjala (PK),1.0,62.046042,30.259298,6883593.0,670405.0,NEUTRAL,HOBBYIST,Photographed,The Atlas of Finnish Fungi,ETRS-TM35FIN-1km-N6883000-E670000
http://tun.fi/JX.1159422#26,herkkutatti (fi) — Boletus edulis,Boletus edulis,2020-09-19,2020,Suomi,Pohjois-Karjala (PK),1.0,62.045604,30.250822,6883522.0,669965.0,NEUTRAL,HOBBYIST,Photographed,The Atlas of Finnish Fungi,ETRS-TM35FIN-1km-N6883000-E669000
http://tun.fi/HR.3211/60184319-U,herkkutatti (fi) — Boletus edulis,Boletus edulis,2020-09-20,2020,Suomi,Pohjois-Häme (PH),16.0,63.21179,25.63153,7009921.0,431191.0,COMMUNITY_VERIFIED,AMATEUR,Photographed,iNaturalist Suomi Finland,ETRS-TM35FIN-1km-N7009000-E431000
http://tun.fi/JX.1161979#67,herkkutatti (fi) — Boletus edulis,Boletus edulis,2020-09-20,2020,Suomi,Pohjois-Karjala (PK),100.0,62.076321,30.171834,6886736.0,665669.0,NEUTRAL,HOBBYIST,Photographed,The Atlas of Finnish Fungi,ETRS-TM35FIN-1km-N6886000-E665000
http://tun.fi/JX.1158515#4,herkkutatti (fi) — Boletus edulis,Boletus edulis,2020-09-21,2020,Suomi,Uusimaa (U),1.0,60.353109,25.671062,6691477.0,426671.0,NEUTRAL,HOBBYIST,Photographed,The Atlas of Finnish Fungi,ETRS-TM35FIN-1km-N6691000-E426000
http://tun.fi/JX.1158769#7,herkkutatti (fi) — Boletus edulis,Boletus edulis,2020-09-22,2020,Suomi,Uusimaa (U),1.0,60.26605,25.838706,6681608.0,435750.0,NEUTRAL,HOBBYIST,Photographed,The Atlas of Finnish Fungi,ETRS-TM35FIN-1km-N6681000-E435000
http://tun.fi/JX.1158770#4,herkkutatti (fi) — Boletus edulis,Boletus edulis,2020-09-22,2020,Suomi,Etelä-Häme (EH),1.0,60.678081,24.42233,6729695.0,359202.0,NEUTRAL,HOBBYIST,Observation,The Atlas of Finnish Fungi,ETRS-TM35FIN-1km-N6729000-E359000
http://tun.fi/HR.3211/60499102-U,herkkutatti (fi) — Boletus edulis,Boletus edulis,2020-09-23,2020,Suomi,Varsinais-Suomi (V),10.0,60.41506,23.01608,6704273.0,280667.0,COMMUNITY_VERIFIED,AMATEUR,Photographed,iNaturalist Suomi Finland,ETRS-TM35FIN-1km-N6704000-E280000
http://tun.fi/HR.3211/78603159-U,herkkutatti (fi) — Boletus edulis,Boletus edulis,2020-09-24,2020,Suomi,Keski-Pohjanmaa (KP),10.0,64.25,23.91406,7128502.0,350456.0,NEUTRAL,AMATEUR,Photographed,iNaturalist Suomi Finland,ETRS-TM35FIN-1km-N7128000-E350000
http://tun.fi/HR.3211/60723466-U,herkkutatti (fi) — Boletus edulis,Boletus edulis,2020-09-25,2020,Suomi,Uusimaa (U),10.0,60.02314,24.04375,6657672.0,335260.0,COMMUNITY_VERIFIED,AMATEUR,Photographed,iNaturalist Suomi Finland,ETRS-TM35FIN-1km-N6657000-E335000
http://tun.fi/JX.1159432#4,herkkutatti (fi) — Boletus edulis,Boletus edulis,2020-09-25,2020,Suomi,Uusimaa (U),1.0,60.265489,25.715933,6681671.0,428956.0,NEUTRAL,HOBBYIST,Photographed,The Atlas of Finnish Fungi,ETRS-TM35FIN-1km-N6681000-E428000
http://tun.fi/JX.1159445#62,herkkutatti (fi) — Boletus edulis,Boletus edulis,2020-09-25,2020,Suomi,Varsinais-Suomi (V),1000.0,60.318988,24.03823,6690611.0,336430.0,NEUTRAL,HOBBYIST,Photographed,The Atlas of Finnish Fungi,ETRS-TM35FIN-1km-N6690000-E336000
http://tun.fi/JX.1159451#19,herkkutatti (fi) — Boletus edulis,Boletus edulis,2020-09-25,2020,Suomi,Uusimaa (U),1000.0,60.1957,25.049495,6674804.0,391859.0,NEUTRAL,HOBBYIST,Observation,The Atlas of Finnish Fungi,ETRS-TM35FIN-1km-N6674000-E391000
http://tun.fi/HR.3211/60815390-U,herkkutatti (fi) — Boletus edulis,Boletus edulis,2020-09-26,2020,Suomi,Varsinais-Suomi (V),24.0,60.40225,22.31275,6705399.0,241885.0,COMMUNITY_VERIFIED,AMATEUR,Photographed,iNaturalist Suomi Finland,ETRS-TM35FIN-1km-N6705000-E241000
http://tun.fi/HR.3211/60826811-U,herkkutatti (fi) — Boletus edulis,Boletus edulis,2020-09-26,2020,Suomi,Varsinais-Suomi (V),16.0,60.60973,21.26815,6733001.0,186465.0,COMMUNITY_VERIFIED,AMATEUR,Photographed,iNaturalist Suomi Finland,ETRS-TM35FIN-1km-N6733000-E186000
http://tun.fi/HR.3211/60911931-U,herkkutatti (fi) — Boletus edulis,Boletus edulis,2020-09-26,2020,Suomi,Pohjois-Häme (PH),68.0,63.36979,25.56696,7027593.0,428338.0,NEUTRAL,AMATEUR,Photographed,iNaturalist Suomi Finland,ETRS-TM35FIN-1km-N7027000-E428000
http://tun.fi/JX.1169406#18,herkkutatti (fi) — Boletus edulis,Boletus edulis,2020-09-26,2020,Suomi,Etelä-Pohjanmaa (EP),1.0,63.088053,21.675257,7006544.0,231330.0,NEUTRAL,HOBBYIST,Photographed,The Atlas of Finnish Fungi,ETRS-TM35FIN-1km-N7006000-E231000
http://tun.fi/JX.1169406#4,herkkutatti (fi) — Boletus edulis,Boletus edulis,2020-09-26,2020,Suomi,Etelä-Pohjanmaa (EP),1.0,63.088746,21.674348,7006627.0,231291.0,NEUTRAL,HOBBYIST,Photographed,The Atlas of Finnish Fungi,ETRS-TM35FIN-1km-N7006000-E231000
http://tun.fi/JX.1169406#69,herkkutatti (fi) — Boletus edulis,Boletus edulis,2020-09-26,2020,Suomi,Etelä-Pohjanmaa (EP),10.0,63.08189,21.682474,7005829.0,231637.0,NEUTRAL,HOBBYIST,Observation,The Atlas of Finnish Fungi,ETRS-TM35FIN-1km-N7005000-E231000
http://tun.fi/JX.1159631#3,herkkutatti (fi) — Boletus edulis,Boletus edulis,2020-09-26 [13:30],2020,Suomi,Etelä-Häme (EH),1000.0,60.98958,23.456157,6766813.0,308331.0,NEUTRAL,HOBBYIST,Observation,"Notebook, general observations",ETRS-TM35FIN-1km-N6766000-E308000
http://tun.fi/HR.3211/60952749-U,herkkutatti (fi) — Boletus edulis,Boletus edulis,2020-09-27,2020,Suomi,Pohjois-Häme (PH),125.0,63.36725,25.58996,7027285.0,429482.0,COMMUNITY_VERIFIED,AMATEUR,Photographed,iNaturalist Suomi Finland,ETRS-TM35FIN-1km-N7027000-E429000
http://tun.fi/HR.3211/60960630-U,herkkutatti (fi) — Boletus edulis,Boletus edulis,2020-09-27,2020,Suomi,Pohjois-Häme (PH),263.0,63.35,25.58051,7025374.0,428967.0,COMMUNITY_VERIFIED,AMATEUR,Photographed,iNaturalist Suomi Finland,ETRS-TM35FIN-1km-N7025000-E428000
http://tun.fi/HR.3211/61233984-U,herkkutatti (fi) — Boletus edulis,Boletus edulis,2020-09-27,2020,Suomi,Pohjois-Häme (PH),39.0,63.37076,25.57462,7027693.0,428723.0,COMMUNITY_VERIFIED,AMATEUR,Photographed,iNaturalist Suomi Finland,ETRS-TM35FIN-1km-N7027000-E428000
http://tun.fi/JX.1159973#10,herkkutatti (fi) — Boletus edulis,Boletus edulis,2020-09-27,2020,Suomi,Etelä-Pohjanmaa (EP),100.0,63.073671,22.078255,7003321.0,251510.0,NEUTRAL,HOBBYIST,Observation,The Atlas of Finnish Fungi,ETRS-TM35FIN-1km-N7003000-E251000
http://tun.fi/JX.1160058#10,herkkutatti (fi) — Boletus edulis,Boletus edulis,2020-09-27 [12:30],2020,Suomi,Uusimaa (U),10000.0,60.173105,25.105165,6672198.0,394873.0,NEUTRAL,HOBBYIST,Photographed,The Atlas of Finnish Fungi,ETRS-TM35FIN-1km-N6672000-E394000
http://tun.fi/HR.3211/61202491-U,herkkutatti (fi) — Boletus edulis,Boletus edulis,2020-09-29,2020,Suomi,Uusimaa (U),10.0,60.21295,24.98965,6676825.0,388601.0,NEUTRAL,AMATEUR,Photographed,iNaturalist Suomi Finland,ETRS-TM35FIN-1km-N6676000-E388000
http://tun.fi/JX.1162021#94,herkkutatti (fi) — Boletus edulis,Boletus edulis,2020-09-29,2020,Suomi,Uusimaa (U),1000.0,60.267551,24.640023,6683544.0,369449.0,NEUTRAL,HOBBYIST,Photographed,The Atlas of Finnish Fungi,ETRS-TM35FIN-1km-N6683000-E369000
http://tun.fi/HR.3211/61572925-U,herkkutatti (fi) — Boletus edulis,Boletus edulis,2020-10-03,2020,Suomi,Varsinais-Suomi (V),100.0,60.61193,22.08201,6729635.0,230940.0,COMMUNITY_VERIFIED,AMATEUR,Photographed,iNaturalist Suomi Finland,ETRS-TM35FIN-1km-N6729000-E230000
http://tun.fi/HR.3211/61885559-U,herkkutatti (fi) — Boletus edulis,Boletus edulis,2020-10-03,2020,Suomi,Varsinais-Suomi (V),25000.0,60.5,21.9,6717956.0,220012.0,COMMUNITY_VERIFIED,AMATEUR,Photographed,iNaturalist Suomi Finland,ETRS-TM35FIN-1km-N6717000-E220000
http://tun.fi/JX.1161669#10,herkkutatti (fi) — Boletus edulis,Boletus edulis,2020-10-03,2020,Suomi,Uusimaa (U),1.0,60.160656,25.033811,6670929.0,390875.0,NEUTRAL,HOBBYIST,Observation,The Atlas of Finnish Fungi,ETRS-TM35FIN-1km-N6670000-E390000
http://tun.fi/JX.1161881#7,herkkutatti (fi) — Boletus edulis,Boletus edulis,2020-10-03,2020,Suomi,Etelä-Pohjanmaa (EP),1.0,63.073633,22.077741,7003320.0,251485.0,NEUTRAL,HOBBYIST,Observation,The Atlas of Finnish Fungi,ETRS-TM35FIN-1km-N7003000-E251000
http://tun.fi/JX.1163300#22,herkkutatti (fi) — Boletus edulis,Boletus edulis,2020-10-03 [11:30],2020,Suomi,Pohjois-Savo (PS),10000.0,61.981459,27.092114,6872118.0,504828.0,NEUTRAL,HOBBYIST,Photographed,The Atlas of Finnish Fungi,ETRS-TM35FIN-1km-N6872000-E504000
http://tun.fi/HR.3211/61652374-U,herkkutatti (fi) — Boletus edulis,Boletus edulis,2020-10-04,2020,Suomi,Uusimaa (U),23.0,60.24427,24.61448,6681004.0,367944.0,COMMUNITY_VERIFIED,AMATEUR,Photographed,iNaturalist Suomi Finland,ETRS-TM35FIN-1km-N6681000-E367000
http://tun.fi/HR.3211/61664165-U,herkkutatti (fi) — Boletus edulis,Boletus edulis,2020-10-04,2020,Suomi,Pohjois-Savo (PS),10.0,62.92881,27.64618,6977823.0,532811.0,COMMUNITY_VERIFIED,AMATEUR,Photographed,iNaturalist Suomi Finland,ETRS-TM35FIN-1km-N6977000-E532000
http://tun.fi/JX.1263240#3,herkkutatti (fi) — Boletus edulis,Boletus edulis,2020-10-04,2020,Suomi,Pohjois-Häme (PH),1000.0,62.266033,25.649719,6904548.0,429897.0,NEUTRAL,HOBBYIST,Photographed,The Atlas of Finnish Fungi,ETRS-TM35FIN-1km-N6904000-E429000
http://tun.fi/JX.1165245#46,herkkutatti (fi) — Boletus edulis,Boletus edulis,2020-10-04 [10:00],2020,Suomi,Pohjois-Savo (PS),10000.0,62.071188,27.092385,6882114.0,504828.0,NEUTRAL,HOBBYIST,Photographed,The Atlas of Finnish Fungi,ETRS-TM35FIN-1km-N6882000-E504000
http://tun.fi/HR.3211/197616414-U,herkkutatti (fi) — Boletus edulis,Boletus edulis,2020-10-07,2020,Suomi,Satakunta (St),459.0,61.33909,22.9657,6807228.0,284229.0,COMMUNITY_VERIFIED,AMATEUR,Photographed,iNaturalist Suomi Finland,ETRS-TM35FIN-1km-N6807000-E284000
http://tun.fi/HR.3211/62126298-U,herkkutatti (fi) — Boletus edulis,Boletus edulis,2020-10-07,2020,Suomi,Etelä-Savo (ES),25000.0,61.7,27.5,6840866.0,526463.0,COMMUNITY_VERIFIED,AMATEUR,Photographed,iNaturalist Suomi Finland,ETRS-TM35FIN-1km-N6840000-E526000
http://tun.fi/HR.3211/62566135-U,herkkutatti (fi) — Boletus edulis,Boletus edulis,2020-10-14,2020,Suomi,Etelä-Häme (EH),10.0,61.20624,24.05439,6789327.0,341757.0,COMMUNITY_VERIFIED,AMATEUR,Photographed,iNaturalist Suomi Finland,ETRS-TM35FIN-1km-N6789000-E341000
http://tun.fi/JX.1166053#34,herkkutatti (fi) — Boletus edulis,Boletus edulis,2020-10-17,2020,Suomi,Oulun Pohjanmaa (OP),1000.0,65.119137,25.616541,7222444.0,435056.0,NEUTRAL,HOBBYIST,Photographed,The Atlas of Finnish Fungi,ETRS-TM35FIN-1km-N7222000-E435000
http://tun.fi/JX.1260346#3,herkkutatti (fi) — Boletus edulis,Boletus edulis,2021-07-20,2021,Suomi,Koillismaa (Ks),1000.0,65.284369,28.367788,7240840.0,563810.0,NEUTRAL,HOBBYIST,Photographed,The Atlas of Finnish Fungi,ETRS-TM35FIN-1km-N7240000-E563000
http://tun.fi/HR.3211/88361639-U,herkkutatti (fi) — Boletus edulis,Boletus edulis,2021-07-24,2021,Suomi,Etelä-Häme (EH),100.0,61.06013,23.21345,6775398.0,295669.0,COMMUNITY_VERIFIED,AMATEUR,Photographed,iNaturalist Suomi Finland,ETRS-TM35FIN-1km-N6775000-E295000
http://tun.fi/JX.1271880#6,herkkutatti (fi) — Boletus edulis,Boletus edulis,2021-07-26 - 2021-08-30,2021,Suomi,Etelä-Häme (EH),1000.0,60.899499,25.439862,6752603.0,415357.0,NEUTRAL,HOBBYIST,Observation,"Notebook, general observations",ETRS-TM35FIN-1km-N6752000-E415000
http://tun.fi/HR.3211/88832011-U,herkkutatti (fi) — Boletus edulis,Boletus edulis,2021-07-27,2021,Suomi,Etelä-Savo (ES),32.0,61.77918,27.3149,6849622.0,516614.0,EXPERT_VERIFIED,AMATEUR,Photographed,iNaturalist Suomi Finland,ETRS-TM35FIN-1km-N6849000-E516000
http://tun.fi/JX.1263369#13,herkkutatti (fi) — Boletus edulis,Boletus edulis,2021-07-30,2021,Suomi,Pohjois-Häme (PH),1.0,62.194854,24.78302,6897863.0,384640.0,NEUTRAL,HOBBYIST,Observation,"Notebook, general observations",ETRS-TM35FIN-1km-N6897000-E384000
http://tun.fi/JX.1264978#9,herkkutatti (fi) — Boletus edulis,Boletus edulis,2021-08-02,2021,Suomi,Satakunta (St),100.0,61.37145,23.208225,6810050.0,297400.0,NEUTRAL,HOBBYIST,Photographed,The Atlas of Finnish Fungi,ETRS-TM35FIN-1km-N6810000-E297000
http://tun.fi/JX.1264845#3,herkkutatti (fi) — Boletus edulis,Boletus edulis,2021-08-04,2021,Suomi,Pohjois-Karjala (PK),100.0,63.563336,29.076411,7050031.0,603130.0,EXPERT_VERIFIED,HOBBYIST,Photographed,"Notebook, general observations",ETRS-TM35FIN-1km-N7050000-E603000
http://tun.fi/JX.1265238#70,herkkutatti (fi) — Boletus edulis,Boletus edulis,2021-08-05,2021,Suomi,Varsinais-Suomi (V),1000.0,60.203487,22.941671,6680990.0,275123.0,NEUTRAL,HOBBYIST,Photographed,The Atlas of Finnish Fungi,ETRS-TM35FIN-1km-N6680000-E275000
http://tun.fi/JX.1265233#15,herkkutatti (fi) — Boletus edulis,Boletus edulis,2021-08-05 [20:53],2021,Suomi,Satakunta (St),1.0,61.658951,23.462506,6841280.0,312714.0,NEUTRAL,HOBBYIST,Photographed,The Atlas of Finnish Fungi,ETRS-TM35FIN-1km-N6841000-E312000
http://tun.fi/JX.1265315#3,herkkutatti (fi) — Boletus edulis,Boletus edulis,2021-08-06 [13:34-13:34],2021,Suomi,Keski-Pohjanmaa (KP),1.0,63.090072,23.106964,7001582.0,303506.0,EXPERT_VERIFIED,HOBBYIST,Photographed,The Atlas of Finnish Fungi,ETRS-TM35FIN-1km-N7001000-E303000
http://tun.fi/JX.1265543#6,herkkutatti (fi) — Boletus edulis,Boletus edulis,2021-08-06 [20:57],2021,Suomi,Satakunta (St),1.0,61.65818,23.476641,6841153.0,313457.0,NEUTRAL,HOBBYIST,Photographed,The Atlas of Finnish Fungi,ETRS-TM35FIN-1km-N6841000-E313000
http://tun.fi/JX.1265543#15,herkkutatti (fi) — Boletus edulis,Boletus edulis,2021-08-06 [21:17],2021,Suomi,Satakunta (St),1.0,61.658704,23.473751,6841220.0,313308.0,NEUTRAL,HOBBYIST,Photographed,The Atlas of Finnish Fungi,ETRS-TM35FIN-1km-N6841000-E313000
http://tun.fi/HR.3211/90234282-U,herkkutatti (fi) — Boletus edulis,Boletus edulis,2021-08-07,2021,Suomi,"Etelä-Häme (EH), Uusimaa (U)",25000.0,60.7,24.9,6731209.0,385347.0,COMMUNITY_VERIFIED,AMATEUR,Photographed,iNaturalist Suomi Finland,ETRS-TM35FIN-1km-N6731000-E385000
http://tun.fi/HR.3211/90245277-U,herkkutatti (fi) — Boletus edulis,Boletus edulis,2021-08-07,2021,Suomi,Etelä-Savo (ES),25000.0,61.7,27.5,6840866.0,526463.0,COMMUNITY_VERIFIED,AMATEUR,Photographed,iNaturalist Suomi Finland,ETRS-TM35FIN-1km-N6840000-E526000
http://tun.fi/HR.3211/90364058-U,herkkutatti (fi) — Boletus edulis,Boletus edulis,2021-08-08,2021,Suomi,Etelä-Pohjanmaa (EP),25000.0,62.7,23.1,6958204.0,300503.0,COMMUNITY_VERIFIED,AMATEUR,Photographed,iNaturalist Suomi Finland,ETRS-TM35FIN-1km-N6958000-E300000
http://tun.fi/HR.3211/90404822-U,herkkutatti (fi) — Boletus edulis,Boletus edulis,2021-08-08,2021,Suomi,Varsinais-Suomi (V),488.0,60.74542,21.75615,6745850.0,214325.0,COMMUNITY_VERIFIED,AMATEUR,Photographed,iNaturalist Suomi Finland,ETRS-TM35FIN-1km-N6745000-E214000
http://tun.fi/HR.3211/90408672-U,herkkutatti (fi) — Boletus edulis,Boletus edulis,2021-08-08,2021,Suomi,Oulun Pohjanmaa (OP),172.0,65.10289,26.41464,7220050.0,472504.0,COMMUNITY_VERIFIED,AMATEUR,Photographed,iNaturalist Suomi Finland,ETRS-TM35FIN-1km-N7220000-E472000
http://tun.fi/HR.3211/90570741-U,herkkutatti (fi) — Boletus edulis,Boletus edulis,2021-08-08,2021,Suomi,Etelä-Häme (EH),27.0,61.06781,24.11366,6773776.0,344259.0,COMMUNITY_VERIFIED,AMATEUR,Photographed,iNaturalist Suomi Finland,ETRS-TM35FIN-1km-N6773000-E344000
http://tun.fi/JX.1265841#53,herkkutatti (fi) — Boletus edulis,Boletus edulis,2021-08-08,2021,Suomi,Pohjois-Häme (PH),1000.0,62.320228,26.348105,6910025.0,466216.0,NEUTRAL,HOBBYIST,Photographed,The Atlas of Finnish Fungi,ETRS-TM35FIN-1km-N6910000-E466000
http://tun.fi/JX.1265852#3,herkkutatti (fi) — Boletus edulis,Boletus edulis,2021-08-08,2021,Suomi,Etelä-Häme (EH),1.0,60.976123,25.561591,6760983.0,422149.0,NEUTRAL,HOBBYIST,Photographed,The Atlas of Finnish Fungi,ETRS-TM35FIN-1km-N6760000-E422000
http://tun.fi/JX.1266412#18,herkkutatti (fi) — Boletus edulis,Boletus edulis,2021-08-08,2021,Suomi,Varsinais-Suomi (V),1000.0,60.267834,23.003099,6687954.0,278975.0,NEUTRAL,HOBBYIST,Photographed,The Atlas of Finnish Fungi,ETRS-TM35FIN-1km-N6687000-E278000
http://tun.fi/JX.1265902#15,herkkutatti (fi) — Boletus edulis,Boletus edulis,2021-08-08 [16:38],2021,Suomi,Etelä-Häme (EH),1.0,61.519995,23.877674,6824689.0,333940.0,NEUTRAL,HOBBYIST,Photographed,The Atlas of Finnish Fungi,ETRS-TM35FIN-1km-N6824000-E333000
http://tun.fi/HR.3211/90552159-U,herkkutatti (fi) — Boletus edulis,Boletus edulis,2021-08-09,2021,Suomi,Varsinais-Suomi (V),25000.0,60.3,23.5,6689959.0,306593.0,COMMUNITY_VERIFIED,AMATEUR,Photographed,iNaturalist Suomi Finland,ETRS-TM35FIN-1km-N6689000-E306000
http://tun.fi/HR.3211/90663221-U,herkkutatti (fi) — Boletus edulis,Boletus edulis,2021-08-09,2021,Suomi,Pohjois-Karjala (PK),10.0,62.62027,29.67989,6946139.0,637476.0,COMMUNITY_VERIFIED,AMATEUR,Photographed,iNaturalist Suomi Finland,ETRS-TM35FIN-1km-N6946000-E637000
http://tun.fi/JX.1266231#3,herkkutatti (fi) — Boletus edulis,Boletus edulis,2021-08-09,2021,Suomi,Oulun Pohjanmaa (OP),1.0,65.15495,25.39343,7226683.0,424686.0,NEUTRAL,HOBBYIST,Photographed,The Atlas of Finnish Fungi,ETRS-TM35FIN-1km-N7226000-E424000
http://tun.fi/JX.1266400#30,herkkutatti (fi) — Boletus edulis,Boletus edulis,2021-08-09,2021,Suomi,Koillismaa (Ks),1000.0,65.284369,28.367788,7240840.0,563810.0,NEUTRAL,HOBBYIST,Photographed,The Atlas of Finnish Fungi,ETRS-TM35FIN-1km-N7240000-E563000
http://tun.fi/HR.3211/91383604-U,herkkutatti (fi) — Boletus edulis,Boletus edulis,2021-08-10,2021,Suomi,Etelä-Savo (ES),12.0,61.90312,27.20562,6863406.0,510805.0,COMMUNITY_VERIFIED,AMATEUR,Photographed,iNaturalist Suomi Finland,ETRS-TM35FIN-1km-N6863000-E510000
http://tun.fi/JX.1266613#3,herkkutatti (fi) — Boletus edulis,Boletus edulis,2021-08-10,2021,Suomi,Uusimaa (U),1.0,60.526659,25.116205,6711547.0,396611.0,NEUTRAL,HOBBYIST,Photographed,The Atlas of Finnish Fungi,ETRS-TM35FIN-1km-N6711000-E396000
http://tun.fi/HR.3211/90797781-U,herkkutatti (fi) — Boletus edulis,Boletus edulis,2021-08-11,2021,Suomi,Pohjois-Savo (PS),10.0,63.6246,27.08588,7055187.0,504258.0,COMMUNITY_VERIFIED,AMATEUR,Photographed,iNaturalist Suomi Finland,ETRS-TM35FIN-1km-N7055000-E504000
http://tun.fi/JX.1266713#12,herkkutatti (fi) — Boletus edulis,Boletus edulis,2021-08-11,2021,Suomi,Varsinais-Suomi (V),1000.0,60.536992,24.398655,6714039.0,357287.0,NEUTRAL,HOBBYIST,Photographed,The Atlas of Finnish Fungi,ETRS-TM35FIN-1km-N6714000-E357000
http://tun.fi/JX.1266802#9,herkkutatti (fi) — Boletus edulis,Boletus edulis,2021-08-11,2021,Suomi,Etelä-Häme (EH),1000.0,62.046904,23.936175,6883190.0,339815.0,NEUTRAL,HOBBYIST,Photographed,The Atlas of Finnish Fungi,ETRS-TM35FIN-1km-N6883000-E339000
http://tun.fi/JX.1266983#33,herkkutatti (fi) — Boletus edulis,Boletus edulis,2021-08-11,2021,Suomi,Pohjois-Häme (PH),100.0,62.043547,26.144231,6879327.0,455242.0,NEUTRAL,HOBBYIST,Photographed,The Atlas of Finnish Fungi,ETRS-TM35FIN-1km-N6879000-E455000
http://tun.fi/HR.3211/90866440-U,herkkutatti (fi) — Boletus edulis,Boletus edulis,2021-08-12,2021,Suomi,Keski-Pohjanmaa (KP),16.0,63.86377,24.95089,7083452.0,399300.0,COMMUNITY_VERIFIED,AMATEUR,Photographed,iNaturalist Suomi Finland,ETRS-TM35FIN-1km-N7083000-E399000
http://tun.fi/HR.3211/90925841-U,herkkutatti (fi) — Boletus edulis,Boletus edulis,2021-08-12,2021,Suomi,Pohjois-Häme (PH),61.0,62.25799,25.70991,6903590.0,433005.0,COMMUNITY_VERIFIED,AMATEUR,Photographed,iNaturalist Suomi Finland,ETRS-TM35FIN-1km-N6903000-E433000
http://tun.fi/HR.3211/91298278-U,herkkutatti (fi) — Boletus edulis,Boletus edulis,2021-08-12,2021,Suomi,Pohjois-Häme (PH),100.0,62.22898,25.68866,6900380.0,431836.0,COMMUNITY_VERIFIED,AMATEUR,Photographed,iNaturalist Suomi Finland,ETRS-TM35FIN-1km-N6900000-E431000
http://tun.fi/JX.1266957#21,herkkutatti (fi) — Boletus edulis,Boletus edulis,2021-08-12,2021,Suomi,Varsinais-Suomi (V),1000.0,60.525878,24.47157,6712646.0,361238.0,NEUTRAL,HOBBYIST,Photographed,The Atlas of Finnish Fungi,ETRS-TM35FIN-1km-N6712000-E361000
http://tun.fi/JX.1267344#6,herkkutatti (fi) — Boletus edulis,Boletus edulis,2021-08-12,2021,Suomi,Etelä-Häme (EH),100.0,62.053846,23.943222,6883946.0,340220.0,NEUTRAL,HOBBYIST,Photographed,The Atlas of Finnish Fungi,ETRS-TM35FIN-1km-N6883000-E340000
http://tun.fi/HR.3211/91080965-U,herkkutatti (fi) — Boletus edulis,Boletus edulis,2021-08-13,2021,Suomi,Pohjois-Savo (PS),100.0,62.86684,27.65301,6970923.0,533228.0,COMMUNITY_VERIFIED,AMATEUR,Photographed,iNaturalist Suomi Finland,ETRS-TM35FIN-1km-N6970000-E533000
http://tun.fi/HR.3211/91224896-U,herkkutatti (fi) — Boletus edulis,Boletus edulis,2021-08-13,2021,Suomi,Etelä-Häme (EH),20.0,61.37238,23.37186,6809657.0,306141.0,COMMUNITY_VERIFIED,AMATEUR,Photographed,iNaturalist Suomi Finland,ETRS-TM35FIN-1km-N6809000-E306000
http://tun.fi/JX.1267322#6,herkkutatti (fi) — Boletus edulis,Boletus edulis,2021-08-13,2021,Suomi,Etelä-Häme (EH),25000.0,61.200642,26.04175,6785514.0,448501.0,NEUTRAL,HOBBYIST,Observation,The Atlas of Finnish Fungi,ETRS-TM35FIN-1km-N6785000-E448000
http://tun.fi/JX.1342186#27,herkkutatti (fi) — Boletus edulis,Boletus edulis,2021-08-13,2021,Suomi,Pohjois-Häme (PH),100.0,62.327426,26.433775,6910785.0,470662.0,NEUTRAL,HOBBYIST,Photographed,The Atlas of Finnish Fungi,ETRS-TM35FIN-1km-N6910000-E470000
http://tun.fi/HR.3211/105627471-U,herkkutatti (fi) — Boletus edulis,Boletus edulis,2021-08-14,2021,Suomi,Pohjois-Häme (PH),100.0,62.2541,25.7159,6903150.0,433307.0,COMMUNITY_VERIFIED,AMATEUR,Photographed,iNaturalist Suomi Finland,ETRS-TM35FIN-1km-N6903000-E433000
http://tun.fi/HR.3211/91106824-U,herkkutatti (fi) — Boletus edulis,Boletus edulis,2021-08-14,2021,Suomi,Etelä-Häme (EH),10.0,61.86869,23.89433,6863458.0,336679.0,COMMUNITY_VERIFIED,AMATEUR,Photographed,iNaturalist Suomi Finland,ETRS-TM35FIN-1km-N6863000-E336000
http://tun.fi/HR.3211/91122244-U,herkkutatti (fi) — Boletus edulis,Boletus edulis,2021-08-14,2021,Suomi,Uusimaa (U),1299.0,60.25349,24.52789,6682206.0,363190.0,COMMUNITY_VERIFIED,AMATEUR,Photographed,iNaturalist Suomi Finland,ETRS-TM35FIN-1km-N6682000-E363000
http://tun.fi/HR.3211/91128784-U,herkkutatti (fi) — Boletus edulis,Boletus edulis,2021-08-14,2021,Suomi,Uusimaa (U),100.0,60.27235,24.90238,6683588.0,383977.0,COMMUNITY_VERIFIED,AMATEUR,Photographed,iNaturalist Suomi Finland,ETRS-TM35FIN-1km-N6683000-E383000
http://tun.fi/JX.1294834#30,herkkutatti (fi) — Boletus edulis,Boletus edulis,2021-08-14,2021,Suomi,Uusimaa (U),1000.0,60.32089,24.622433,6689517.0,368691.0,NEUTRAL,HOBBYIST,Photographed,The Atlas of Finnish Fungi,ETRS-TM35FIN-1km-N6689000-E368000
http://tun.fi/JX.1267465#9,herkkutatti (fi) — Boletus edulis,Boletus edulis,2021-08-14 [13:31],2021,Suomi,Varsinais-Suomi (V),100.0,60.177373,23.397327,6676618.0,300194.0,NEUTRAL,HOBBYIST,Photographed,"Notebook, general observations",ETRS-TM35FIN-1km-N6676000-E300000
http://tun.fi/HR.3211/91225761-U,herkkutatti (fi) — Boletus edulis,Boletus edulis,2021-08-15,2021,Suomi,Uusimaa (U),2492.0,59.97931,23.8702,6653239.0,325362.0,COMMUNITY_VERIFIED,AMATEUR,Photographed,iNaturalist Suomi Finland,ETRS-TM35FIN-1km-N6653000-E325000
http://tun.fi/HR.3211/91226701-U,herkkutatti (fi) — Boletus edulis,Boletus edulis,2021-08-15,2021,Suomi,Etelä-Häme (EH),19.0,61.79766,23.6428,6856211.0,323051.0,COMMUNITY_VERIFIED,AMATEUR,Photographed,iNaturalist Suomi Finland,ETRS-TM35FIN-1km-N6856000-E323000
http://tun.fi/HR.3211/91227151-U,herkkutatti (fi) — Boletus edulis,Boletus edulis,2021-08-15,2021,Suomi,Etelä-Häme (EH),1724.0,62.15215,25.48872,6892049.0,421244.0,COMMUNITY_VERIFIED,AMATEUR,Photographed,iNaturalist Suomi Finland,ETRS-TM35FIN-1km-N6892000-E421000
http://tun.fi/HR.3211/91231104-U,herkkutatti (fi) — Boletus edulis,Boletus edulis,2021-08-15,2021,Suomi,Etelä-Häme (EH),1058.0,60.78647,25.02709,6740619.0,392590.0,COMMUNITY_VERIFIED,AMATEUR,Photographed,iNaturalist Suomi Finland,ETRS-TM35FIN-1km-N6740000-E392000
http://tun.fi/HR.3211/91237721-U,herkkutatti (fi) — Boletus edulis,Boletus edulis,2021-08-15,2021,Suomi,Varsinais-Suomi (V),11.0,60.40409,22.33394,6705521.0,243065.0,COMMUNITY_VERIFIED,AMATEUR,Photographed,iNaturalist Suomi Finland,ETRS-TM35FIN-1km-N6705000-E243000
http://tun.fi/HR.3211/91267314-U,herkkutatti (fi) — Boletus edulis,Boletus edulis,2021-08-15,2021,Suomi,Etelä-Pohjanmaa (EP),2500.0,62.97557,22.36853,6991323.0,265359.0,COMMUNITY_VERIFIED,AMATEUR,Photographed,iNaturalist Suomi Finland,ETRS-TM35FIN-1km-N6991000-E265000
http://tun.fi/HR.3211/91311920-U,herkkutatti (fi) — Boletus edulis,Boletus edulis,2021-08-15,2021,Suomi,Uusimaa (U),196.0,60.3114,24.54854,6688610.0,364572.0,COMMUNITY_VERIFIED,AMATEUR,Photographed,iNaturalist Suomi Finland,ETRS-TM35FIN-1km-N6688000-E364000
http://tun.fi/JX.1267862#6,herkkutatti (fi) — Boletus edulis,Boletus edulis,2021-08-15,2021,Suomi,Uusimaa (U),1.0,60.381404,25.697916,6694599.0,428215.0,NEUTRAL,HOBBYIST,Photographed,The Atlas of Finnish Fungi,ETRS-TM35FIN-1km-N6694000-E428000
http://tun.fi/JX.1267929#6,herkkutatti (fi) — Boletus edulis,Boletus edulis,2021-08-15,2021,Suomi,Etelä-Häme (EH),5000.0,61.217769,26.108284,6787371.0,452103.0,NEUTRAL,HOBBYIST,Photographed,The Atlas of Finnish Fungi,ETRS-TM35FIN-1km-N6787000-E452000
http://tun.fi/HR.3211/91383387-U,herkkutatti (fi) — Boletus edulis,Boletus edulis,2021-08-16,2021,Suomi,Etelä-Häme (EH),10.0,61.83086,24.28742,6858321.0,357166.0,COMMUNITY_VERIFIED,AMATEUR,Photographed,iNaturalist Suomi Finland,ETRS-TM35FIN-1km-N6858000-E357000
http://tun.fi/HR.3211/91398685-U,herkkutatti (fi) — Boletus edulis,Boletus edulis,2021-08-16,2021,Suomi,Pohjois-Häme (PH),10.0,62.51766,24.13741,6935118.0,352652.0,COMMUNITY_VERIFIED,AMATEUR,Photographed,iNaturalist Suomi Finland,ETRS-TM35FIN-1km-N6935000-E352000
http://tun.fi/HR.3211/91413530-U,herkkutatti (fi) — Boletus edulis,Boletus edulis,2021-08-16,2021,Suomi,Uusimaa (U),10.0,60.58071,25.58968,6716916.0,422723.0,COMMUNITY_VERIFIED,AMATEUR,Photographed,iNaturalist Suomi Finland,ETRS-TM35FIN-1km-N6716000-E422000
http://tun.fi/HR.3211/91418787-U,herkkutatti (fi) — Boletus edulis,Boletus edulis,2021-08-16,2021,Suomi,Etelä-Savo (ES),100.0,61.19038,28.75907,6785266.0,594564.0,COMMUNITY_VERIFIED,AMATEUR,Photographed,iNaturalist Suomi Finland,ETRS-TM35FIN-1km-N6785000-E594000
http://tun.fi/HR.3211/91435215-U,herkkutatti (fi) — Boletus edulis,Boletus edulis,2021-08-16,2021,Suomi,Varsinais-Suomi (V),100.0,60.33369,24.59162,6691004.0,367042.0,COMMUNITY_VERIFIED,AMATEUR,Photographed,iNaturalist Suomi Finland,ETRS-TM35FIN-1km-N6691000-E367000
http://tun.fi/HR.3211/91438146-U,herkkutatti (fi) — Boletus edulis,Boletus edulis,2021-08-16,2021,Suomi,Pohjois-Häme (PH),59.0,62.21176,25.69082,6898460.0,431909.0,COMMUNITY_VERIFIED,AMATEUR,Photographed,iNaturalist Suomi Finland,ETRS-TM35FIN-1km-N6898000-E431000
http://tun.fi/HR.3211/91438150-U,herkkutatti (fi) — Boletus edulis,Boletus edulis,2021-08-16,2021,Suomi,Pohjois-Häme (PH),343.0,62.2124,25.6936,6898528.0,432055.0,COMMUNITY_VERIFIED,AMATEUR,Photographed,iNaturalist Suomi Finland,ETRS-TM35FIN-1km-N6898000-E432000
http://tun.fi/HR.3211/91443921-U,herkkutatti (fi) — Boletus edulis,Boletus edulis,2021-08-16,2021,Suomi,Etelä-Häme (EH),52.0,60.80671,24.7502,6743357.0,377596.0,COMMUNITY_VERIFIED,AMATEUR,Photographed,iNaturalist Suomi Finland,ETRS-TM35FIN-1km-N6743000-E377000
http://tun.fi/HR.3211/91959654-U,herkkutatti (fi) — Boletus edulis,Boletus edulis,2021-08-16,2021,Suomi,Pohjois-Häme (PH),20.0,62.27676,25.80797,6905583.0,438135.0,COMMUNITY_VERIFIED,AMATEUR,Photographed,iNaturalist Suomi Finland,ETRS-TM35FIN-1km-N6905000-E438000
http://tun.fi/HR.3211/95029798-U,herkkutatti (fi) — Boletus edulis,Boletus edulis,2021-08-16,2021,Suomi,Satakunta (St),58.0,61.32845,22.84964,6806434.0,277952.0,COMMUNITY_VERIFIED,AMATEUR,Photographed,iNaturalist Suomi Finland,ETRS-TM35FIN-1km-N6806000-E277000
http://tun.fi/HR.3211/95029801-U,herkkutatti (fi) — Boletus edulis,Boletus edulis,2021-08-16,2021,Suomi,Satakunta (St),58.0,61.32845,22.84964,6806434.0,277952.0,COMMUNITY_VERIFIED,AMATEUR,Photographed,iNaturalist Suomi Finland,ETRS-TM35FIN-1km-N6806000-E277000
http://tun.fi/HR.3211/99208180-U,herkkutatti (fi) — Boletus edulis,Boletus edulis,2021-08-16,2021,Suomi,Etelä-Häme (EH),25000.0,60.9,24.7,6753842.0,375213.0,COMMUNITY_VERIFIED,AMATEUR,Photographed,iNaturalist Suomi Finland,ETRS-TM35FIN-1km-N6753000-E375000
http://tun.fi/JX.1268025#11,herkkutatti (fi) — Boletus edulis,Boletus edulis,2021-08-16,2021,Suomi,Varsinais-Suomi (V),1000.0,59.936815,23.188014,6650509.0,287049.0,NEUTRAL,HOBBYIST,Photographed,The Atlas of Finnish Fungi,ETRS-TM35FIN-1km-N6650000-E287000
http://tun.fi/JX.1268096#6,herkkutatti (fi) — Boletus edulis,Boletus edulis,2021-08-16 [13:46],2021,Suomi,Varsinais-Suomi (V),1.0,60.380996,22.341081,6702925.0,243276.0,NEUTRAL,HOBBYIST,Photographed,The Atlas of Finnish Fungi,ETRS-TM35FIN-1km-N6702000-E243000
http://tun.fi/JX.1268223#12,herkkutatti (fi) — Boletus edulis,Boletus edulis,2021-08-16 [20:40],2021,Suomi,Pohjois-Häme (PH),1.0,62.244972,25.663981,6902188.0,430590.0,NEUTRAL,HOBBYIST,Photographed,The Atlas of Finnish Fungi,ETRS-TM35FIN-1km-N6902000-E430000
http://tun.fi/HR.3211/91505755-U,herkkutatti (fi) — Boletus edulis,Boletus edulis,2021-08-17,2021,Suomi,Varsinais-Suomi (V),105.0,60.06646,22.761,6666380.0,264142.0,COMMUNITY_VERIFIED,AMATEUR,Photographed,iNaturalist Suomi Finland,ETRS-TM35FIN-1km-N6666000-E264000
http://tun.fi/HR.3211/91505869-U,herkkutatti (fi) — Boletus edulis,Boletus edulis,2021-08-17,2021,Suomi,Satakunta (St),10.0,60.79336,22.39199,6748579.0,249297.0,COMMUNITY_VERIFIED,AMATEUR,Photographed,iNaturalist Suomi Finland,ETRS-TM35FIN-1km-N6748000-E249000
http://tun.fi/HR.3211/91507070-U,herkkutatti (fi) — Boletus edulis,Boletus edulis,2021-08-17,2021,Suomi,Varsinais-Suomi (V),10.0,60.47844,22.6839,6712475.0,262859.0,NEUTRAL,AMATEUR,Photographed,iNaturalist Suomi Finland,ETRS-TM35FIN-1km-N6712000-E262000
http://tun.fi/HR.3211/91509716-U,herkkutatti (fi) — Boletus edulis,Boletus edulis,2021-08-17,2021,Suomi,Etelä-Häme (EH),21.0,61.46835,23.89112,6818906.0,334380.0,COMMUNITY_VERIFIED,AMATEUR,Photographed,iNaturalist Suomi Finland,ETRS-TM35FIN-1km-N6818000-E334000
http://tun.fi/HR.3211/91516707-U,herkkutatti (fi) — Boletus edulis,Boletus edulis,2021-08-17,2021,Suomi,Etelä-Häme (EH),100.0,61.46612,23.53144,6819625.0,315218.0,COMMUNITY_VERIFIED,AMATEUR,Photographed,iNaturalist Suomi Finland,ETRS-TM35FIN-1km-N6819000-E315000
http://tun.fi/HR.3211/91516795-U,herkkutatti (fi) — Boletus edulis,Boletus edulis,2021-08-17,2021,Suomi,Etelä-Häme (EH),100.0,61.46612,23.53144,6819625.0,315218.0,COMMUNITY_VERIFIED,AMATEUR,Photographed,iNaturalist Suomi Finland,ETRS-TM35FIN-1km-N6819000-E315000
http://tun.fi/HR.3211/91523155-U,herkkutatti (fi) — Boletus edulis,Boletus edulis,2021-08-17,2021,Suomi,Satakunta (St),22.0,60.94636,22.16949,6766460.0,238462.0,COMMUNITY_VERIFIED,AMATEUR,Photographed,iNaturalist Suomi Finland,ETRS-TM35FIN-1km-N6766000-E238000
http://tun.fi/HR.3211/91523679-U,herkkutatti (fi) — Boletus edulis,Boletus edulis,2021-08-17,2021,Suomi,Etelä-Häme (EH),1051.0,61.02327,24.44679,6768070.0,362034.0,COMMUNITY_VERIFIED,AMATEUR,Photographed,iNaturalist Suomi Finland,ETRS-TM35FIN-1km-N6768000-E362000
http://tun.fi/HR.3211/91533576-U,herkkutatti (fi) — Boletus edulis,Boletus edulis,2021-08-17,2021,Suomi,Etelä-Häme (EH),100.0,60.79581,24.62786,6742378.0,370898.0,COMMUNITY_VERIFIED,AMATEUR,Photographed,iNaturalist Suomi Finland,ETRS-TM35FIN-1km-N6742000-E370000
http://tun.fi/HR.3211/91540611-U,herkkutatti (fi) — Boletus edulis,Boletus edulis,2021-08-17,2021,Suomi,Pohjois-Häme (PH),10.0,62.4167,25.91736,6921072.0,444073.0,COMMUNITY_VERIFIED,AMATEUR,Photographed,iNaturalist Suomi Finland,ETRS-TM35FIN-1km-N6921000-E444000
http://tun.fi/HR.3211/91540927-U,herkkutatti (fi) — Boletus edulis,Boletus edulis,2021-08-17,2021,Suomi,Pohjois-Häme (PH),10.0,62.41729,25.91739,6921137.0,444076.0,COMMUNITY_VERIFIED,AMATEUR,Photographed,iNaturalist Suomi Finland,ETRS-TM35FIN-1km-N6921000-E444000
http://tun.fi/HR.3211/91546911-U,herkkutatti (fi) — Boletus edulis,Boletus edulis,2021-08-17,2021,Suomi,Uusimaa (U),12.0,60.24985,24.79382,6681279.0,377890.0,COMMUNITY_VERIFIED,AMATEUR,Photographed,iNaturalist Suomi Finland,ETRS-TM35FIN-1km-N6681000-E377000
http://tun.fi/HR.3211/91547709-U,herkkutatti (fi) — Boletus edulis,Boletus edulis,2021-08-17,2021,Suomi,Pohjois-Häme (PH),899.0,62.42316,25.90886,6921799.0,443646.0,COMMUNITY_VERIFIED,AMATEUR,Photographed,iNaturalist Suomi Finland,ETRS-TM35FIN-1km-N6921000-E443000
http://tun.fi/HR.3211/91548058-U,herkkutatti (fi) — Boletus edulis,Boletus edulis,2021-08-17,2021,Suomi,Uusimaa (U),12.0,60.24966,24.79328,6681259.0,377859.0,COMMUNITY_VERIFIED,AMATEUR,Photographed,iNaturalist Suomi Finland,ETRS-TM35FIN-1km-N6681000-E377000
http://tun.fi/HR.3211/91554698-U,herkkutatti (fi) — Boletus edulis,Boletus edulis,2021-08-17,2021,Suomi,Etelä-Savo (ES),10.0,62.12472,29.0837,6889822.0,608680.0,COMMUNITY_VERIFIED,AMATEUR,Photographed,iNaturalist Suomi Finland,ETRS-TM35FIN-1km-N6889000-E608000
http://tun.fi/HR.3211/91565145-U,herkkutatti (fi) — Boletus edulis,Boletus edulis,2021-08-17,2021,Suomi,Uusimaa (U),25.0,60.24302,24.80236,6680503.0,378337.0,NEUTRAL,AMATEUR,Photographed,iNaturalist Suomi Finland,ETRS-TM35FIN-1km-N6680000-E378000
http://tun.fi/JX.1268280#6,herkkutatti (fi) — Boletus edulis,Boletus edulis,2021-08-17,2021,Suomi,Uusimaa (U),1000.0,59.89385,23.187573,6645731.0,286749.0,NEUTRAL,HOBBYIST,Photographed,The Atlas of Finnish Fungi,ETRS-TM35FIN-1km-N6645000-E286000
http://tun.fi/JX.1329058#9,herkkutatti (fi) — Boletus edulis,Boletus edulis,2021-08-17,2021,Suomi,Pohjois-Karjala (PK),1.0,62.108186,30.26634,6890528.0,670424.0,NEUTRAL,HOBBYIST,Photographed,The Atlas of Finnish Fungi,ETRS-TM35FIN-1km-N6890000-E670000
http://tun.fi/HR.3211/91612113-U,herkkutatti (fi) — Boletus edulis,Boletus edulis,2021-08-18,2021,Suomi,Keski-Pohjanmaa (KP),10.0,62.85086,23.84363,6972912.0,339355.0,COMMUNITY_VERIFIED,AMATEUR,Photographed,iNaturalist Suomi Finland,ETRS-TM35FIN-1km-N6972000-E339000
http://tun.fi/HR.3211/91614603-U,herkkutatti (fi) — Boletus edulis,Boletus edulis,2021-08-18,2021,Suomi,Pohjois-Häme (PH),2398.0,62.24373,24.44092,6903961.0,367060.0,COMMUNITY_VERIFIED,AMATEUR,Photographed,iNaturalist Suomi Finland,ETRS-TM35FIN-1km-N6903000-E367000
http://tun.fi/HR.3211/91619698-U,herkkutatti (fi) — Boletus edulis,Boletus edulis,2021-08-18,2021,Suomi,Satakunta (St),101.0,62.03484,22.91901,6884779.0,286595.0,COMMUNITY_VERIFIED,AMATEUR,Photographed,iNaturalist Suomi Finland,ETRS-TM35FIN-1km-N6884000-E286000
http://tun.fi/HR.3211/91639197-U,herkkutatti (fi) — Boletus edulis,Boletus edulis,2021-08-18,2021,Suomi,Pohjois-Karjala (PK),32.0,63.55803,29.0166,7049346.0,600180.0,COMMUNITY_VERIFIED,AMATEUR,Photographed,iNaturalist Suomi Finland,ETRS-TM35FIN-1km-N7049000-E600000
http://tun.fi/HR.3211/91644880-U,herkkutatti (fi) — Boletus edulis,Boletus edulis,2021-08-18,2021,Suomi,Uusimaa (U),10.0,60.17962,24.9906,6673112.0,388541.0,COMMUNITY_VERIFIED,AMATEUR,Photographed,iNaturalist Suomi Finland,ETRS-TM35FIN-1km-N6673000-E388000
http://tun.fi/HR.3211/91648376-U,herkkutatti (fi) — Boletus edulis,Boletus edulis,2021-08-18,2021,Suomi,Satakunta (St),10.0,61.13259,21.47781,6790113.0,202821.0,COMMUNITY_VERIFIED,AMATEUR,Photographed,iNaturalist Suomi Finland,ETRS-TM35FIN-1km-N6790000-E202000
http://tun.fi/HR.3211/91656378-U,herkkutatti (fi) — Boletus edulis,Boletus edulis,2021-08-18,2021,Suomi,Etelä-Häme (EH),10.0,61.35114,23.80271,6806089.0,329033.0,COMMUNITY_VERIFIED,AMATEUR,Photographed,iNaturalist Suomi Finland,ETRS-TM35FIN-1km-N6806000-E329000
http://tun.fi/HR.3211/91657508-U,herkkutatti (fi) — Boletus edulis,Boletus edulis,2021-08-18,2021,Suomi,Pohjois-Häme (PH),13.0,62.25143,25.81904,6902751.0,438658.0,COMMUNITY_VERIFIED,AMATEUR,Photographed,iNaturalist Suomi Finland,ETRS-TM35FIN-1km-N6902000-E438000
http://tun.fi/HR.3211/91664780-U,herkkutatti (fi) — Boletus edulis,Boletus edulis,2021-08-18,2021,Suomi,Etelä-Häme (EH),12.0,61.35107,23.80195,6806083.0,328992.0,COMMUNITY_VERIFIED,AMATEUR,Photographed,iNaturalist Suomi Finland,ETRS-TM35FIN-1km-N6806000-E328000
http://tun.fi/JX.1268738#21,herkkutatti (fi) — Boletus edulis,Boletus edulis,2021-08-18,2021,Suomi,Etelä-Häme (EH),1000.0,61.220411,26.063357,6787699.0,449694.0,NEUTRAL,HOBBYIST,Photographed,The Atlas of Finnish Fungi,ETRS-TM35FIN-1km-N6787000-E449000
http://tun.fi/JX.1268842#3,herkkutatti (fi) — Boletus edulis,Boletus edulis,2021-08-18,2021,Suomi,Koillismaa (Ks),1000.0,65.284369,28.367788,7240840.0,563810.0,NEUTRAL,HOBBYIST,Photographed,The Atlas of Finnish Fungi,ETRS-TM35FIN-1km-N7240000-E563000
http://tun.fi/JX.1268890#6,herkkutatti (fi) — Boletus edulis,Boletus edulis,2021-08-18 [16:20],2021,Suomi,Varsinais-Suomi (V),1.0,60.394565,22.402383,6704197.0,246756.0,NEUTRAL,HOBBYIST,Photographed,The Atlas of Finnish Fungi,ETRS-TM35FIN-1km-N6704000-E246000
http://tun.fi/JX.1268958#9,herkkutatti (fi) — Boletus edulis,Boletus edulis,2021-08-18 [18:21-20:28],2021,Suomi,Pohjois-Karjala (PK),1.0,62.629004,29.867648,6947525.0,647059.0,NEUTRAL,HOBBYIST,Photographed,The Atlas of Finnish Fungi,ETRS-TM35FIN-1km-N6947000-E647000
http://tun.fi/HR.3211/91718458-U,herkkutatti (fi) — Boletus edulis,Boletus edulis,2021-08-19,2021,Suomi,Keski-Pohjanmaa (KP),10.0,63.65343,22.89981,7064907.0,297077.0,COMMUNITY_VERIFIED,AMATEUR,Photographed,iNaturalist Suomi Finland,ETRS-TM35FIN-1km-N7064000-E297000
http://tun.fi/HR.3211/91720512-U,herkkutatti (fi) — Boletus edulis,Boletus edulis,2021-08-19,2021,Suomi,Etelä-Häme (EH),10.0,62.13723,25.6887,6890161.0,431631.0,NEUTRAL,AMATEUR,Photographed,iNaturalist Suomi Finland,ETRS-TM35FIN-1km-N6890000-E431000
http://tun.fi/HR.3211/91722224-U,herkkutatti (fi) — Boletus edulis,Boletus edulis,2021-08-19,2021,Suomi,Etelä-Häme (EH),11.0,61.44961,23.74264,6817207.0,326370.0,COMMUNITY_VERIFIED,AMATEUR,Photographed,iNaturalist Suomi Finland,ETRS-TM35FIN-1km-N6817000-E326000
http://tun.fi/HR.3211/91728143-U,herkkutatti (fi) — Boletus edulis,Boletus edulis,2021-08-19,2021,Suomi,Varsinais-Suomi (V),10.0,60.35041,22.36218,6699442.0,244197.0,COMMUNITY_VERIFIED,AMATEUR,Photographed,iNaturalist Suomi Finland,ETRS-TM35FIN-1km-N6699000-E244000
http://tun.fi/HR.3211/91756646-U,herkkutatti (fi) — Boletus edulis,Boletus edulis,2021-08-19,2021,Suomi,Etelä-Häme (EH),100.0,60.98801,25.50339,6762378.0,419030.0,COMMUNITY_VERIFIED,AMATEUR,Photographed,iNaturalist Suomi Finland,ETRS-TM35FIN-1km-N6762000-E419000
http://tun.fi/HR.3211/91756830-U,herkkutatti (fi) — Boletus edulis,Boletus edulis,2021-08-19,2021,Suomi,Etelä-Häme (EH),10.0,61.46834,23.48383,6820008.0,312696.0,COMMUNITY_VERIFIED,AMATEUR,Photographed,iNaturalist Suomi Finland,ETRS-TM35FIN-1km-N6820000-E312000
http://tun.fi/HR.3211/91759669-U,herkkutatti (fi) — Boletus edulis,Boletus edulis,2021-08-19,2021,Suomi,Uusimaa (U),100.0,60.27011,24.91812,6683311.0,384839.0,COMMUNITY_VERIFIED,AMATEUR,Photographed,iNaturalist Suomi Finland,ETRS-TM35FIN-1km-N6683000-E384000
http://tun.fi/HR.3211/91761706-U,herkkutatti (fi) — Boletus edulis,Boletus edulis,2021-08-19,2021,Suomi,Varsinais-Suomi (V),10.0,60.38581,23.96809,6698225.0,332901.0,COMMUNITY_VERIFIED,AMATEUR,Photographed,iNaturalist Suomi Finland,ETRS-TM35FIN-1km-N6698000-E332000
http://tun.fi/HR.3211/93693828-U,herkkutatti (fi) — Boletus edulis,Boletus edulis,2021-08-19,2021,Suomi,Uusimaa (U),100.0,60.16104,25.1093,6670849.0,395065.0,COMMUNITY_VERIFIED,AMATEUR,Photographed,iNaturalist Suomi Finland,ETRS-TM35FIN-1km-N6670000-E395000
http://tun.fi/JX.1268891#3,herkkutatti (fi) — Boletus edulis,Boletus edulis,2021-08-19,2021,Suomi,Koillismaa (Ks),1000.0,65.284369,28.367788,7240840.0,563810.0,NEUTRAL,HOBBYIST,Photographed,The Atlas of Finnish Fungi,ETRS-TM35FIN-1km-N7240000-E563000
http://tun.fi/KE.921/LGE.929167/2572871,herkkutatti (fi) — Boletus edulis,Boletus edulis,2021-08-19,2021,Suomi,Kainuu (Kn),1.0,64.165882,27.887604,7115801.0,543157.0,NEUTRAL,PROFESSIONAL,Observation,LajiGIS: Species mapping and surveys,ETRS-TM35FIN-1km-N7115000-E543000
http://tun.fi/JX.1268948#24,herkkutatti (fi) — Boletus edulis,Boletus edulis,2021-08-19 [17:29-17:58],2021,Suomi,Etelä-Häme (EH),1.0,61.995926,23.65359,6878248.0,324757.0,NEUTRAL,HOBBYIST,Photographed,The Atlas of Finnish Fungi,ETRS-TM35FIN-1km-N6878000-E324000
http://tun.fi/HR.3211/91833189-U,herkkutatti (fi) — Boletus edulis,Boletus edulis,2021-08-20,2021,Suomi,Uusimaa (U),46.0,60.24504,25.21542,6680038.0,401206.0,COMMUNITY_VERIFIED,AMATEUR,Photographed,iNaturalist Suomi Finland,ETRS-TM35FIN-1km-N6680000-E401000
http://tun.fi/HR.3211/91839250-U,herkkutatti (fi) — Boletus edulis,Boletus edulis,2021-08-20,2021,Suomi,Satakunta (St),1041.0,61.43023,21.875,6821454.0,226766.0,COMMUNITY_VERIFIED,AMATEUR,Photographed,iNaturalist Suomi Finland,ETRS-TM35FIN-1km-N6821000-E226000
http://tun.fi/HR.3211/91841883-U,herkkutatti (fi) — Boletus edulis,Boletus edulis,2021-08-20,2021,Suomi,Varsinais-Suomi (V),2822.0,60.59421,22.70735,6725266.0,264988.0,COMMUNITY_VERIFIED,AMATEUR,Photographed,iNaturalist Suomi Finland,ETRS-TM35FIN-1km-N6725000-E264000
http://tun.fi/HR.3211/91851782-U,herkkutatti (fi) — Boletus edulis,Boletus edulis,2021-08-20,2021,Suomi,Etelä-Häme (EH),100.0,61.86222,23.67694,6863304.0,325217.0,COMMUNITY_VERIFIED,AMATEUR,Photographed,iNaturalist Suomi Finland,ETRS-TM35FIN-1km-N6863000-E325000
http://tun.fi/HR.3211/91851844-U,herkkutatti (fi) — Boletus edulis,Boletus edulis,2021-08-20,2021,Suomi,Etelä-Häme (EH),100.0,61.85861,23.72194,6862782.0,327562.0,COMMUNITY_VERIFIED,AMATEUR,Photographed,iNaturalist Suomi Finland,ETRS-TM35FIN-1km-N6862000-E327000
http://tun.fi/HR.3211/91852749-U,herkkutatti (fi) — Boletus edulis,Boletus edulis,2021-08-20,2021,Suomi,Etelä-Savo (ES),32.0,61.67536,27.11213,6838022.0,505936.0,COMMUNITY_VERIFIED,AMATEUR,Photographed,iNaturalist Suomi Finland,ETRS-TM35FIN-1km-N6838000-E505000
http://tun.fi/HR.3211/91902009-U,herkkutatti (fi) — Boletus edulis,Boletus edulis,2021-08-20,2021,Suomi,Etelä-Savo (ES),100.0,61.71472,26.21556,6842651.0,458531.0,COMMUNITY_VERIFIED,AMATEUR,Photographed,iNaturalist Suomi Finland,ETRS-TM35FIN-1km-N6842000-E458000
http://tun.fi/JX.1269040#9,herkkutatti (fi) — Boletus edulis,Boletus edulis,2021-08-20,2021,Suomi,Varsinais-Suomi (V),1000.0,60.542288,24.486213,6714442.0,362111.0,NEUTRAL,HOBBYIST,Photographed,The Atlas of Finnish Fungi,ETRS-TM35FIN-1km-N6714000-E362000
http://tun.fi/JX.1269084#16,herkkutatti (fi) — Boletus edulis,Boletus edulis,2021-08-20,2021,Suomi,Varsinais-Suomi (V),1000.0,60.521485,24.50256,6712092.0,362919.0,NEUTRAL,HOBBYIST,Photographed,The Atlas of Finnish Fungi,ETRS-TM35FIN-1km-N6712000-E362000
http://tun.fi/JX.1269084#28,herkkutatti (fi) — Boletus edulis,Boletus edulis,2021-08-20,2021,Suomi,Varsinais-Suomi (V),1000.0,60.523964,24.500795,6712372.0,362833.0,NEUTRAL,HOBBYIST,Photographed,The Atlas of Finnish Fungi,ETRS-TM35FIN-1km-N6712000-E362000
http://tun.fi/JX.1269577#6,herkkutatti (fi) — Boletus edulis,Boletus edulis,2021-08-20,2021,Suomi,Pohjois-Savo (PS),1000.0,62.512669,27.739121,6931512.0,538061.0,NEUTRAL,HOBBYIST,Photographed,The Atlas of Finnish Fungi,ETRS-TM35FIN-1km-N6931000-E538000
http://tun.fi/KE.921/LGE.929171/2573252,herkkutatti (fi) — Boletus edulis,Boletus edulis,2021-08-20,2021,Suomi,Kainuu (Kn),1.0,64.140666,27.882915,7112988.0,542968.0,NEUTRAL,PROFESSIONAL,Observation,LajiGIS: Species mapping and surveys,ETRS-TM35FIN-1km-N7112000-E542000
http://tun.fi/HR.3211/91933332-U,herkkutatti (fi) — Boletus edulis,Boletus edulis,2021-08-21,2021,Suomi,Pohjois-Häme (PH),10.0,62.29885,25.75207,6908098.0,435282.0,COMMUNITY_VERIFIED,AMATEUR,Photographed,iNaturalist Suomi Finland,ETRS-TM35FIN-1km-N6908000-E435000
http://tun.fi/HR.3211/91934066-U,herkkutatti (fi) — Boletus edulis,Boletus edulis,2021-08-21,2021,Suomi,Satakunta (St),10.0,62.16993,23.25745,6898742.0,305147.0,COMMUNITY_VERIFIED,AMATEUR,Photographed,iNaturalist Suomi Finland,ETRS-TM35FIN-1km-N6898000-E305000
http://tun.fi/HR.3211/91942101-U,herkkutatti (fi) — Boletus edulis,Boletus edulis,2021-08-21,2021,Suomi,Pohjois-Häme (PH),10.0,62.40743,25.83918,6920109.0,440016.0,COMMUNITY_VERIFIED,AMATEUR,Photographed,iNaturalist Suomi Finland,ETRS-TM35FIN-1km-N6920000-E440000
http://tun.fi/HR.3211/91951185-U,herkkutatti (fi) — Boletus edulis,Boletus edulis,2021-08-21,2021,Suomi,"Etelä-Karjala (EK), Etelä-Savo (ES)",25000.0,60.9,27.3,6751690.0,516294.0,COMMUNITY_VERIFIED,AMATEUR,Photographed,iNaturalist Suomi Finland,ETRS-TM35FIN-1km-N6751000-E516000
http://tun.fi/HR.3211/91959892-U,herkkutatti (fi) — Boletus edulis,Boletus edulis,2021-08-21,2021,Suomi,Uusimaa (U),10.0,60.20357,25.1104,6675583.0,395261.0,COMMUNITY_VERIFIED,AMATEUR,Photographed,iNaturalist Suomi Finland,ETRS-TM35FIN-1km-N6675000-E395000
http://tun.fi/HR.3211/91963371-U,herkkutatti (fi) — Boletus edulis,Boletus edulis,2021-08-21,2021,Suomi,Uusimaa (U),540.0,60.27367,24.89966,6683740.0,383831.0,COMMUNITY_VERIFIED,AMATEUR,Photographed,iNaturalist Suomi Finland,ETRS-TM35FIN-1km-N6683000-E383000
http://tun.fi/HR.3211/91963621-U,herkkutatti (fi) — Boletus edulis,Boletus edulis,2021-08-21,2021,Suomi,Etelä-Häme (EH),25000.0,61.5,25.9,6818980.0,441428.0,COMMUNITY_VERIFIED,AMATEUR,Photographed,iNaturalist Suomi Finland,ETRS-TM35FIN-1km-N6818000-E441000
http://tun.fi/HR.3211/91968877-U,herkkutatti (fi) — Boletus edulis,Boletus edulis,2021-08-21,2021,Suomi,Varsinais-Suomi (V),100.0,60.48103,22.21242,6714555.0,237005.0,COMMUNITY_VERIFIED,AMATEUR,Photographed,iNaturalist Suomi Finland,ETRS-TM35FIN-1km-N6714000-E237000
http://tun.fi/HR.3211/91969492-U,herkkutatti (fi) — Boletus edulis,Boletus edulis,2021-08-21,2021,Suomi,Varsinais-Suomi (V),1700.0,60.41341,22.47661,6706009.0,250984.0,NEUTRAL,AMATEUR,Photographed,iNaturalist Suomi Finland,ETRS-TM35FIN-1km-N6706000-E250000
http://tun.fi/HR.3211/91975681-U,herkkutatti (fi) — Boletus edulis,Boletus edulis,2021-08-21,2021,Suomi,Uusimaa (U),100.0,60.27302,25.12629,6683290.0,396362.0,COMMUNITY_VERIFIED,AMATEUR,Photographed,iNaturalist Suomi Finland,ETRS-TM35FIN-1km-N6683000-E396000
http://tun.fi/HR.3211/91988999-U,herkkutatti (fi) — Boletus edulis,Boletus edulis,2021-08-21,2021,Suomi,Etelä-Pohjanmaa (EP),10.0,62.78331,22.75654,6968579.0,283582.0,COMMUNITY_VERIFIED,AMATEUR,Photographed,iNaturalist Suomi Finland,ETRS-TM35FIN-1km-N6968000-E283000
http://tun.fi/HR.3211/92095293-U,herkkutatti (fi) — Boletus edulis,Boletus edulis,2021-08-21,2021,Suomi,Oulun Pohjanmaa (OP),157.0,65.06652,25.45989,7216752.0,427561.0,COMMUNITY_VERIFIED,AMATEUR,Photographed,iNaturalist Suomi Finland,ETRS-TM35FIN-1km-N7216000-E427000
http://tun.fi/HR.3211/95370934-U,herkkutatti (fi) — Boletus edulis,Boletus edulis,2021-08-21,2021,Suomi,Satakunta (St),73.0,61.31191,22.87939,6804494.0,279426.0,COMMUNITY_VERIFIED,AMATEUR,Photographed,iNaturalist Suomi Finland,ETRS-TM35FIN-1km-N6804000-E279000
http://tun.fi/JX.1269579#27,herkkutatti (fi) — Boletus edulis,Boletus edulis,2021-08-21,2021,Suomi,Pohjois-Savo (PS),1000.0,62.560724,27.696883,6936842.0,535828.0,NEUTRAL,HOBBYIST,Photographed,The Atlas of Finnish Fungi,ETRS-TM35FIN-1km-N6936000-E535000
http://tun.fi/JX.1269591#18,herkkutatti (fi) — Boletus edulis,Boletus edulis,2021-08-21,2021,Suomi,Varsinais-Suomi (V),1000.0,60.525122,24.476847,6712543.0,361517.0,NEUTRAL,HOBBYIST,Photographed,The Atlas of Finnish Fungi,ETRS-TM35FIN-1km-N6712000-E361000
http://tun.fi/JX.1270028#3,herkkutatti (fi) — Boletus edulis,Boletus edulis,2021-08-21,2021,Suomi,Perä-Pohjanmaa (PeP),1.0,66.582068,25.669023,7385422.0,440976.0,NEUTRAL,HOBBYIST,Photographed,The Atlas of Finnish Fungi,ETRS-TM35FIN-1km-N7385000-E440000
http://tun.fi/JX.1270339#15,herkkutatti (fi) — Boletus edulis,Boletus edulis,2021-08-21,2021,Suomi,Etelä-Häme (EH),1000.0,62.03739,23.978273,6882028.0,341966.0,NEUTRAL,HOBBYIST,Photographed,The Atlas of Finnish Fungi,ETRS-TM35FIN-1km-N6882000-E341000
http://tun.fi/KE.921/LGE.929173/2573409,herkkutatti (fi) — Boletus edulis,Boletus edulis,2021-08-21,2021,Suomi,Kainuu (Kn),1.0,64.167784,27.874377,7116004.0,542511.0,NEUTRAL,PROFESSIONAL,Observation,LajiGIS: Species mapping and surveys,ETRS-TM35FIN-1km-N7116000-E542000
http://tun.fi/JX.1269376#9,herkkutatti (fi) — Boletus edulis,Boletus edulis,2021-08-21 [15:33-16:06],2021,Suomi,Keski-Pohjanmaa (KP),1.0,63.51462,23.532477,7047603.0,327525.0,NEUTRAL,HOBBYIST,Photographed,The Atlas of Finnish Fungi,ETRS-TM35FIN-1km-N7047000-E327000
http://tun.fi/HR.3211/92073753-U,herkkutatti (fi) — Boletus edulis,Boletus edulis,2021-08-22,2021,Suomi,Etelä-Häme (EH),10.0,61.00912,25.15981,6765202.0,400510.0,COMMUNITY_VERIFIED,AMATEUR,Photographed,iNaturalist Suomi Finland,ETRS-TM35FIN-1km-N6765000-E400000
http://tun.fi/HR.3211/92076689-U,herkkutatti (fi) — Boletus edulis,Boletus edulis,2021-08-22,2021,Suomi,Etelä-Häme (EH),10.0,61.34097,23.70903,6805206.0,323970.0,COMMUNITY_VERIFIED,AMATEUR,Photographed,iNaturalist Suomi Finland,ETRS-TM35FIN-1km-N6805000-E323000
http://tun.fi/HR.3211/92082488-U,herkkutatti (fi) — Boletus edulis,Boletus edulis,2021-08-22,2021,Suomi,Etelä-Häme (EH),10.0,61.33961,23.70798,6805057.0,323906.0,COMMUNITY_VERIFIED,AMATEUR,Photographed,iNaturalist Suomi Finland,ETRS-TM35FIN-1km-N6805000-E323000
http://tun.fi/HR.3211/92085435-U,herkkutatti (fi) — Boletus edulis,Boletus edulis,2021-08-22,2021,Suomi,Varsinais-Suomi (V),1100.0,60.62291,21.91025,6731572.0,221651.0,COMMUNITY_VERIFIED,AMATEUR,Photographed,iNaturalist Suomi Finland,ETRS-TM35FIN-1km-N6731000-E221000
http://tun.fi/HR.3211/92087601-U,herkkutatti (fi) — Boletus edulis,Boletus edulis,2021-08-22,2021,Suomi,Satakunta (St),10.0,61.20684,22.24876,6795106.0,244856.0,COMMUNITY_VERIFIED,AMATEUR,Photographed,iNaturalist Suomi Finland,ETRS-TM35FIN-1km-N6795000-E244000
http://tun.fi/HR.3211/92093295-U,herkkutatti (fi) — Boletus edulis,Boletus edulis,2021-08-22,2021,Suomi,Pohjois-Savo (PS),18.0,63.41732,27.5605,7032211.0,527985.0,COMMUNITY_VERIFIED,AMATEUR,Photographed,iNaturalist Suomi Finland,ETRS-TM35FIN-1km-N7032000-E527000
http://tun.fi/HR.3211/92102729-U,herkkutatti (fi) — Boletus edulis,Boletus edulis,2021-08-22,2021,Suomi,Uusimaa (U),255.0,60.19751,25.01884,6675057.0,390167.0,COMMUNITY_VERIFIED,AMATEUR,Photographed,iNaturalist Suomi Finland,ETRS-TM35FIN-1km-N6675000-E390000
http://tun.fi/KE.921/LGE.929175/2573459,herkkutatti (fi) — Boletus edulis,Boletus edulis,2021-08-22,2021,Suomi,Kainuu (Kn),1.0,64.337266,28.064155,7135029.0,551421.0,NEUTRAL,PROFESSIONAL,Observation,LajiGIS: Species mapping and surveys,ETRS-TM35FIN-1km-N7135000-E551000
http://tun.fi/HR.3211/92227595-U,herkkutatti (fi) — Boletus edulis,Boletus edulis,2021-08-23,2021,Suomi,Etelä-Savo (ES),65.0,61.99065,26.92444,6873142.0,496042.0,COMMUNITY_VERIFIED,AMATEUR,Photographed,iNaturalist Suomi Finland,ETRS-TM35FIN-1km-N6873000-E496000
http://tun.fi/HR.3211/92245390-U,herkkutatti (fi) — Boletus edulis,Boletus edulis,2021-08-23,2021,Suomi,Varsinais-Suomi (V),10.0,60.51597,22.35767,6717868.0,245249.0,COMMUNITY_VERIFIED,AMATEUR,Photographed,iNaturalist Suomi Finland,ETRS-TM35FIN-1km-N6717000-E245000
http://tun.fi/HR.3211/92252786-U,herkkutatti (fi) — Boletus edulis,Boletus edulis,2021-08-23,2021,Suomi,Etelä-Pohjanmaa (EP),2299.0,62.85331,22.95299,6975722.0,294082.0,COMMUNITY_VERIFIED,AMATEUR,Photographed,iNaturalist Suomi Finland,ETRS-TM35FIN-1km-N6975000-E294000
http://tun.fi/HR.3211/92267452-U,herkkutatti (fi) — Boletus edulis,Boletus edulis,2021-08-23,2021,Suomi,Etelä-Häme (EH),261.0,62.07387,25.64752,6883147.0,429337.0,COMMUNITY_VERIFIED,AMATEUR,Photographed,iNaturalist Suomi Finland,ETRS-TM35FIN-1km-N6883000-E429000
http://tun.fi/HR.3211/92276076-U,herkkutatti (fi) — Boletus edulis,Boletus edulis,2021-08-23,2021,Suomi,Varsinais-Suomi (V),25000.0,60.5,21.9,6717956.0,220012.0,COMMUNITY_VERIFIED,AMATEUR,Photographed,iNaturalist Suomi Finland,ETRS-TM35FIN-1km-N6717000-E220000
http://tun.fi/HR.3211/92379855-U,herkkutatti (fi) — Boletus edulis,Boletus edulis,2021-08-23,2021,Suomi,Varsinais-Suomi (V),10.0,60.47784,22.233,6714118.0,238108.0,COMMUNITY_VERIFIED,AMATEUR,Photographed,iNaturalist Suomi Finland,ETRS-TM35FIN-1km-N6714000-E238000
http://tun.fi/HR.3211/93055847-U,herkkutatti (fi) — Boletus edulis,Boletus edulis,2021-08-23,2021,Suomi,Etelä-Häme (EH),8291.0,60.90662,24.86285,6754277.0,384086.0,COMMUNITY_VERIFIED,AMATEUR,Photographed,iNaturalist Suomi Finland,ETRS-TM35FIN-1km-N6754000-E384000
http://tun.fi/HR.3211/96208313-U,herkkutatti (fi) — Boletus edulis,Boletus edulis,2021-08-23,2021,Suomi,Satakunta (St),104.0,61.51748,22.19145,6829868.0,244332.0,NEUTRAL,AMATEUR,Photographed,iNaturalist Suomi Finland,ETRS-TM35FIN-1km-N6829000-E244000
http://tun.fi/HR.3211/92338686-U,herkkutatti (fi) — Boletus edulis,Boletus edulis,2021-08-24,2021,Suomi,Etelä-Häme (EH),100.0,61.32245,24.67029,6800930.0,375295.0,COMMUNITY_VERIFIED,AMATEUR,Photographed,iNaturalist Suomi Finland,ETRS-TM35FIN-1km-N6800000-E375000
http://tun.fi/HR.3211/92339941-U,herkkutatti (fi) — Boletus edulis,Boletus edulis,2021-08-24,2021,Suomi,Etelä-Häme (EH),100.0,60.9708,25.47123,6760501.0,417246.0,NEUTRAL,AMATEUR,Photographed,iNaturalist Suomi Finland,ETRS-TM35FIN-1km-N6760000-E417000
http://tun.fi/HR.3211/93874635-U,herkkutatti (fi) — Boletus edulis,Boletus edulis,2021-08-24,2021,Suomi,Pohjois-Savo (PS),100.0,63.60703,27.11118,7053231.0,505515.0,COMMUNITY_VERIFIED,AMATEUR,Photographed,iNaturalist Suomi Finland,ETRS-TM35FIN-1km-N7053000-E505000
http://tun.fi/JX.1270134#30,herkkutatti (fi) — Boletus edulis,Boletus edulis,2021-08-24,2021,Suomi,Etelä-Häme (EH),1000.0,61.215184,26.062435,6787117.0,449636.0,NEUTRAL,HOBBYIST,Observation,The Atlas of Finnish Fungi,ETRS-TM35FIN-1km-N6787000-E449000
http://tun.fi/JX.1270591#9,herkkutatti (fi) — Boletus edulis,Boletus edulis,2021-08-24,2021,Suomi,Uusimaa (U),1000.0,60.213593,24.682613,6677453.0,371594.0,NEUTRAL,HOBBYIST,Photographed,The Atlas of Finnish Fungi,ETRS-TM35FIN-1km-N6677000-E371000
http://tun.fi/HR.3211/92462174-U,herkkutatti (fi) — Boletus edulis,Boletus edulis,2021-08-25,2021,Suomi,Pohjois-Häme (PH),10.0,62.66385,25.30901,6949274.0,413372.0,COMMUNITY_VERIFIED,AMATEUR,Photographed,iNaturalist Suomi Finland,ETRS-TM35FIN-1km-N6949000-E413000
http://tun.fi/HR.3211/92462831-U,herkkutatti (fi) — Boletus edulis,Boletus edulis,2021-08-25,2021,Suomi,Satakunta (St),56.0,61.3081,22.95295,6803823.0,283333.0,COMMUNITY_VERIFIED,AMATEUR,Photographed,iNaturalist Suomi Finland,ETRS-TM35FIN-1km-N6803000-E283000
http://tun.fi/HR.3211/92478987-U,herkkutatti (fi) — Boletus edulis,Boletus edulis,2021-08-25,2021,Suomi,Pohjois-Häme (PH),1004.0,62.41231,25.94963,6920555.0,445732.0,COMMUNITY_VERIFIED,AMATEUR,Photographed,iNaturalist Suomi Finland,ETRS-TM35FIN-1km-N6920000-E445000
http://tun.fi/JX.1364714#15,herkkutatti (fi) — Boletus edulis,Boletus edulis,2021-08-25 - 2021-08-26,2021,Suomi,Pohjois-Savo (PS),1000.0,62.237347,27.425939,6900695.0,522136.0,NEUTRAL,HOBBYIST,Observation,"Notebook, general observations",ETRS-TM35FIN-1km-N6900000-E522000
http://tun.fi/HR.3211/92567340-U,herkkutatti (fi) — Boletus edulis,Boletus edulis,2021-08-26,2021,Suomi,Uusimaa (U),10.0,60.32438,25.75183,6688191.0,431066.0,COMMUNITY_VERIFIED,AMATEUR,Photographed,iNaturalist Suomi Finland,ETRS-TM35FIN-1km-N6688000-E431000
http://tun.fi/HR.3211/92569616-U,herkkutatti (fi) — Boletus edulis,Boletus edulis,2021-08-26,2021,Suomi,Uusimaa (U),91.0,60.19888,24.71646,6675751.0,373413.0,COMMUNITY_VERIFIED,AMATEUR,Photographed,iNaturalist Suomi Finland,ETRS-TM35FIN-1km-N6675000-E373000
http://tun.fi/HR.3211/92578086-U,herkkutatti (fi) — Boletus edulis,Boletus edulis,2021-08-26,2021,Suomi,Uusimaa (U),10.0,60.45362,25.02916,6703555.0,391591.0,COMMUNITY_VERIFIED,AMATEUR,Photographed,iNaturalist Suomi Finland,ETRS-TM35FIN-1km-N6703000-E391000
http://tun.fi/HR.3211/92587773-U,herkkutatti (fi) — Boletus edulis,Boletus edulis,2021-08-26,2021,Suomi,Pohjois-Savo (PS),16.0,62.652,27.06923,6946820.0,503549.0,COMMUNITY_VERIFIED,AMATEUR,Photographed,iNaturalist Suomi Finland,ETRS-TM35FIN-1km-N6946000-E503000
http://tun.fi/HR.3211/92652570-U,herkkutatti (fi) — Boletus edulis,Boletus edulis,2021-08-27,2021,Suomi,Varsinais-Suomi (V),10.0,60.30667,22.31498,6694764.0,241251.0,NEUTRAL,AMATEUR,Photographed,iNaturalist Suomi Finland,ETRS-TM35FIN-1km-N6694000-E241000
http://tun.fi/HR.3211/92652723-U,herkkutatti (fi) — Boletus edulis,Boletus edulis,2021-08-27,2021,Suomi,Keski-Pohjanmaa (KP),10.0,63.58709,22.55982,7058653.0,279756.0,COMMUNITY_VERIFIED,AMATEUR,Photographed,iNaturalist Suomi Finland,ETRS-TM35FIN-1km-N7058000-E279000
http://tun.fi/HR.3211/92654466-U,herkkutatti (fi) — Boletus edulis,Boletus edulis,2021-08-27,2021,Suomi,Etelä-Häme (EH),899.0,61.46337,23.82815,6818513.0,331000.0,NEUTRAL,AMATEUR,Photographed,iNaturalist Suomi Finland,ETRS-TM35FIN-1km-N6818000-E331000
http://tun.fi/HR.3211/92659341-U,herkkutatti (fi) — Boletus edulis,Boletus edulis,2021-08-27,2021,Suomi,Etelä-Savo (ES),10.0,61.69935,27.25166,6840715.0,513312.0,COMMUNITY_VERIFIED,AMATEUR,Photographed,iNaturalist Suomi Finland,ETRS-TM35FIN-1km-N6840000-E513000
http://tun.fi/HR.3211/92659758-U,herkkutatti (fi) — Boletus edulis,Boletus edulis,2021-08-27,2021,Suomi,Etelä-Häme (EH),100.0,61.46334,23.95858,6818179.0,337946.0,COMMUNITY_VERIFIED,AMATEUR,Photographed,iNaturalist Suomi Finland,ETRS-TM35FIN-1km-N6818000-E337000
http://tun.fi/HR.3211/92662225-U,herkkutatti (fi) — Boletus edulis,Boletus edulis,2021-08-27,2021,Suomi,Varsinais-Suomi (V),100.0,60.62905,22.16722,6731192.0,235736.0,COMMUNITY_VERIFIED,AMATEUR,Photographed,iNaturalist Suomi Finland,ETRS-TM35FIN-1km-N6731000-E235000
http://tun.fi/HR.3211/92663452-U,herkkutatti (fi) — Boletus edulis,Boletus edulis,2021-08-27,2021,Suomi,Pohjois-Savo (PS),669.0,62.94621,27.86302,6979891.0,543795.0,COMMUNITY_VERIFIED,AMATEUR,Photographed,iNaturalist Suomi Finland,ETRS-TM35FIN-1km-N6979000-E543000
http://tun.fi/HR.3211/92668654-U,herkkutatti (fi) — Boletus edulis,Boletus edulis,2021-08-27,2021,Suomi,Etelä-Häme (EH),2000.0,60.82008,24.78517,6744781.0,379549.0,COMMUNITY_VERIFIED,AMATEUR,Photographed,iNaturalist Suomi Finland,ETRS-TM35FIN-1km-N6744000-E379000
http://tun.fi/HR.3211/92669953-U,herkkutatti (fi) — Boletus edulis,Boletus edulis,2021-08-27,2021,Suomi,Pohjois-Savo (PS),38.0,63.62561,27.16531,7055308.0,508195.0,COMMUNITY_VERIFIED,AMATEUR,Photographed,iNaturalist Suomi Finland,ETRS-TM35FIN-1km-N7055000-E508000
http://tun.fi/HR.3211/92671442-U,herkkutatti (fi) — Boletus edulis,Boletus edulis,2021-08-27,2021,Suomi,Satakunta (St),100.0,61.11159,21.59006,6787274.0,208658.0,COMMUNITY_VERIFIED,AMATEUR,Photographed,iNaturalist Suomi Finland,ETRS-TM35FIN-1km-N6787000-E208000
http://tun.fi/HR.3211/92682499-U,herkkutatti (fi) — Boletus edulis,Boletus edulis,2021-08-27,2021,Suomi,Varsinais-Suomi (V),10.0,60.60548,23.1148,6725131.0,287350.0,COMMUNITY_VERIFIED,AMATEUR,Photographed,iNaturalist Suomi Finland,ETRS-TM35FIN-1km-N6725000-E287000
http://tun.fi/HR.3211/92695662-U,herkkutatti (fi) — Boletus edulis,Boletus edulis,2021-08-27,2021,Suomi,Etelä-Häme (EH),100.0,61.04446,23.46113,6772906.0,308930.0,COMMUNITY_VERIFIED,AMATEUR,Photographed,iNaturalist Suomi Finland,ETRS-TM35FIN-1km-N6772000-E308000
http://tun.fi/HR.3211/92931530-U,herkkutatti (fi) — Boletus edulis,Boletus edulis,2021-08-27,2021,Suomi,Pohjois-Savo (PS),100.0,62.30333,27.80639,6908234.0,541816.0,COMMUNITY_VERIFIED,AMATEUR,Photographed,iNaturalist Suomi Finland,ETRS-TM35FIN-1km-N6908000-E541000
http://tun.fi/HR.3211/93338396-U,herkkutatti (fi) — Boletus edulis,Boletus edulis,2021-08-27,2021,Suomi,Etelä-Savo (ES),100.0,61.68796,27.30879,6839459.0,516340.0,COMMUNITY_VERIFIED,AMATEUR,Photographed,iNaturalist Suomi Finland,ETRS-TM35FIN-1km-N6839000-E516000
http://tun.fi/JX.1265083#507,herkkutatti (fi) — Boletus edulis,Boletus edulis,2021-08-27,2021,Suomi,Pohjois-Karjala (PK),1000.0,63.091099,29.546998,6998290.0,628584.0,NEUTRAL,HOBBYIST,Observation,"Notebook, general observations",ETRS-TM35FIN-1km-N6998000-E628000
http://tun.fi/JX.1270820#15,herkkutatti (fi) — Boletus edulis,Boletus edulis,2021-08-27 [16:22],2021,Suomi,Satakunta (St),1.0,60.842089,23.020787,6751760.0,283806.0,NEUTRAL,HOBBYIST,Photographed,The Atlas of Finnish Fungi,ETRS-TM35FIN-1km-N6751000-E283000
http://tun.fi/HR.3211/166936686-U,herkkutatti (fi) — Boletus edulis,Boletus edulis,2021-08-28,2021,Suomi,"Etelä-Häme (EH), Etelä-Savo (ES)",25000.0,61.7,26.1,6841094.0,452382.0,COMMUNITY_VERIFIED,AMATEUR,Photographed,iNaturalist Suomi Finland,ETRS-TM35FIN-1km-N6841000-E452000
http://tun.fi/HR.3211/92749625-U,herkkutatti (fi) — Boletus edulis,Boletus edulis,2021-08-28,2021,Suomi,Varsinais-Suomi (V),10.0,60.24044,23.80651,6682469.0,323216.0,COMMUNITY_VERIFIED,AMATEUR,Photographed,iNaturalist Suomi Finland,ETRS-TM35FIN-1km-N6682000-E323000
http://tun.fi/HR.3211/92757380-U,herkkutatti (fi) — Boletus edulis,Boletus edulis,2021-08-28,2021,Suomi,Etelä-Savo (ES),65.0,61.70027,26.23201,6841031.0,459382.0,COMMUNITY_VERIFIED,AMATEUR,Photographed,iNaturalist Suomi Finland,ETRS-TM35FIN-1km-N6841000-E459000
http://tun.fi/HR.3211/92762673-U,herkkutatti (fi) — Boletus edulis,Boletus edulis,2021-08-28,2021,Suomi,Etelä-Häme (EH),10.0,60.6399,24.23319,6725865.0,348695.0,COMMUNITY_VERIFIED,AMATEUR,Photographed,iNaturalist Suomi Finland,ETRS-TM35FIN-1km-N6725000-E348000
http://tun.fi/HR.3211/92764360-U,herkkutatti (fi) — Boletus edulis,Boletus edulis,2021-08-28,2021,Suomi,Etelä-Häme (EH),100.0,61.44946,23.36489,6818254.0,306248.0,COMMUNITY_VERIFIED,AMATEUR,Photographed,iNaturalist Suomi Finland,ETRS-TM35FIN-1km-N6818000-E306000
http://tun.fi/HR.3211/92771454-U,herkkutatti (fi) — Boletus edulis,Boletus edulis,2021-08-28,2021,Suomi,Varsinais-Suomi (V),10.0,60.53359,22.82853,6718096.0,271187.0,COMMUNITY_VERIFIED,AMATEUR,Photographed,iNaturalist Suomi Finland,ETRS-TM35FIN-1km-N6718000-E271000
http://tun.fi/HR.3211/92780076-U,herkkutatti (fi) — Boletus edulis,Boletus edulis,2021-08-28,2021,Suomi,Varsinais-Suomi (V),5393.0,60.25055,24.12173,6682791.0,340707.0,COMMUNITY_VERIFIED,AMATEUR,Photographed,iNaturalist Suomi Finland,ETRS-TM35FIN-1km-N6682000-E340000
http://tun.fi/HR.3211/92785583-U,herkkutatti (fi) — Boletus edulis,Boletus edulis,2021-08-28,2021,Suomi,Etelä-Häme (EH),20.0,62.04087,24.11153,6882098.0,348949.0,COMMUNITY_VERIFIED,AMATEUR,Photographed,iNaturalist Suomi Finland,ETRS-TM35FIN-1km-N6882000-E348000
http://tun.fi/HR.3211/92791280-U,herkkutatti (fi) — Boletus edulis,Boletus edulis,2021-08-28,2021,Suomi,Etelä-Häme (EH),10.0,61.61511,26.10948,6831628.0,452772.0,COMMUNITY_VERIFIED,AMATEUR,Photographed,iNaturalist Suomi Finland,ETRS-TM35FIN-1km-N6831000-E452000
http://tun.fi/HR.3211/92794239-U,herkkutatti (fi) — Boletus edulis,Boletus edulis,2021-08-28,2021,Suomi,Pohjois-Savo (PS),131.0,62.98396,27.67877,6983985.0,534401.0,COMMUNITY_VERIFIED,AMATEUR,Photographed,iNaturalist Suomi Finland,ETRS-TM35FIN-1km-N6983000-E534000
http://tun.fi/HR.3211/92838918-U,herkkutatti (fi) — Boletus edulis,Boletus edulis,2021-08-28,2021,Suomi,Varsinais-Suomi (V),100.0,60.52148,22.3562,6718486.0,245212.0,COMMUNITY_VERIFIED,AMATEUR,Photographed,iNaturalist Suomi Finland,ETRS-TM35FIN-1km-N6718000-E245000
http://tun.fi/HR.3211/92877465-U,herkkutatti (fi) — Boletus edulis,Boletus edulis,2021-08-28,2021,Suomi,Varsinais-Suomi (V),25000.0,60.5,21.9,6717956.0,220012.0,COMMUNITY_VERIFIED,AMATEUR,Photographed,iNaturalist Suomi Finland,ETRS-TM35FIN-1km-N6717000-E220000
http://tun.fi/HR.3211/92885097-U,herkkutatti (fi) — Boletus edulis,Boletus edulis,2021-08-28,2021,Suomi,Varsinais-Suomi (V),10.0,60.40273,22.39078,6705149.0,246181.0,COMMUNITY_VERIFIED,AMATEUR,Photographed,iNaturalist Suomi Finland,ETRS-TM35FIN-1km-N6705000-E246000
http://tun.fi/HR.3211/92924521-U,herkkutatti (fi) — Boletus edulis,Boletus edulis,2021-08-28,2021,Suomi,"Etelä-Savo (ES), Pohjois-Häme (PH)",25000.0,61.9,26.1,6863372.0,452690.0,NEUTRAL,AMATEUR,Photographed,iNaturalist Suomi Finland,ETRS-TM35FIN-1km-N6863000-E452000
http://tun.fi/HR.3211/93983641-U,herkkutatti (fi) — Boletus edulis,Boletus edulis,2021-08-28,2021,Suomi,Uusimaa (U),232.0,60.60132,24.68296,6720618.0,373132.0,NEUTRAL,AMATEUR,Photographed,iNaturalist Suomi Finland,ETRS-TM35FIN-1km-N6720000-E373000
http://tun.fi/HR.3211/95264744-U,herkkutatti (fi) — Boletus edulis,Boletus edulis,2021-08-28,2021,Suomi,Varsinais-Suomi (V),5128.0,60.32371,24.53252,6690014.0,363739.0,COMMUNITY_VERIFIED,AMATEUR,Photographed,iNaturalist Suomi Finland,ETRS-TM35FIN-1km-N6690000-E363000
http://tun.fi/JX.1271529#3,herkkutatti (fi) — Boletus edulis,Boletus edulis,2021-08-28,2021,Suomi,Uusimaa (U),1.0,60.339346,24.614322,6691588.0,368318.0,NEUTRAL,HOBBYIST,Photographed,The Atlas of Finnish Fungi,ETRS-TM35FIN-1km-N6691000-E368000
http://tun.fi/JX.1294833#36,herkkutatti (fi) — Boletus edulis,Boletus edulis,2021-08-28 - 2021-09-02,2021,Suomi,Uusimaa (U),1000.0,60.326028,24.729606,6689880.0,374628.0,NEUTRAL,HOBBYIST,Photographed,The Atlas of Finnish Fungi,ETRS-TM35FIN-1km-N6689000-E374000
http://tun.fi/JX.1271120#18,herkkutatti (fi) — Boletus edulis,Boletus edulis,2021-08-28 [14:40],2021,Suomi,Varsinais-Suomi (V),1.0,60.365676,22.33113,6701261.0,242607.0,NEUTRAL,HOBBYIST,Photographed,The Atlas of Finnish Fungi,ETRS-TM35FIN-1km-N6701000-E242000
http://tun.fi/HR.3211/92887274-U,herkkutatti (fi) — Boletus edulis,Boletus edulis,2021-08-29,2021,Suomi,Uusimaa (U),10.0,60.02872,24.0448,6658290.0,335346.0,COMMUNITY_VERIFIED,AMATEUR,Photographed,iNaturalist Suomi Finland,ETRS-TM35FIN-1km-N6658000-E335000
http://tun.fi/HR.3211/92888029-U,herkkutatti (fi) — Boletus edulis,Boletus edulis,2021-08-29,2021,Suomi,Uusimaa (U),100.0,60.31607,24.86153,6688528.0,381876.0,COMMUNITY_VERIFIED,AMATEUR,Photographed,iNaturalist Suomi Finland,ETRS-TM35FIN-1km-N6688000-E381000
http://tun.fi/HR.3211/92891683-U,herkkutatti (fi) — Boletus edulis,Boletus edulis,2021-08-29,2021,Suomi,Varsinais-Suomi (V),2900.0,60.30062,23.64831,6689600.0,314804.0,COMMUNITY_VERIFIED,AMATEUR,Photographed,iNaturalist Suomi Finland,ETRS-TM35FIN-1km-N6689000-E314000
http://tun.fi/HR.3211/92892917-U,herkkutatti (fi) — Boletus edulis,Boletus edulis,2021-08-29,2021,Suomi,Varsinais-Suomi (V),59.0,60.53246,24.16747,6714059.0,344587.0,COMMUNITY_VERIFIED,AMATEUR,Photographed,iNaturalist Suomi Finland,ETRS-TM35FIN-1km-N6714000-E344000
http://tun.fi/HR.3211/92892992-U,herkkutatti (fi) — Boletus edulis,Boletus edulis,2021-08-29,2021,Suomi,Varsinais-Suomi (V),39.0,60.53388,24.15951,6714236.0,344158.0,COMMUNITY_VERIFIED,AMATEUR,Photographed,iNaturalist Suomi Finland,ETRS-TM35FIN-1km-N6714000-E344000
http://tun.fi/HR.3211/92894051-U,herkkutatti (fi) — Boletus edulis,Boletus edulis,2021-08-29,2021,Suomi,Keski-Pohjanmaa (KP),10.0,63.38172,22.55487,7035829.0,277922.0,COMMUNITY_VERIFIED,AMATEUR,Photographed,iNaturalist Suomi Finland,ETRS-TM35FIN-1km-N7035000-E277000
http://tun.fi/HR.3211/92897536-U,herkkutatti (fi) — Boletus edulis,Boletus edulis,2021-08-29,2021,Suomi,Varsinais-Suomi (V),100.0,60.35575,22.45533,6699678.0,249371.0,COMMUNITY_VERIFIED,AMATEUR,Photographed,iNaturalist Suomi Finland,ETRS-TM35FIN-1km-N6699000-E249000
http://tun.fi/HR.3211/92906550-U,herkkutatti (fi) — Boletus edulis,Boletus edulis,2021-08-29,2021,Suomi,Etelä-Häme (EH),15.0,61.50857,23.82571,6823551.0,331116.0,COMMUNITY_VERIFIED,AMATEUR,Photographed,iNaturalist Suomi Finland,ETRS-TM35FIN-1km-N6823000-E331000
http://tun.fi/HR.3211/92911174-U,herkkutatti (fi) — Boletus edulis,Boletus edulis,2021-08-29,2021,Suomi,Uusimaa (U),151.0,60.27893,24.80605,6684494.0,378674.0,COMMUNITY_VERIFIED,AMATEUR,Photographed,iNaturalist Suomi Finland,ETRS-TM35FIN-1km-N6684000-E378000
http://tun.fi/HR.3211/92915072-U,herkkutatti (fi) — Boletus edulis,Boletus edulis,2021-08-29,2021,Suomi,Uusimaa (U),25000.0,60.3,25.3,6686037.0,406028.0,COMMUNITY_VERIFIED,AMATEUR,Photographed,iNaturalist Suomi Finland,ETRS-TM35FIN-1km-N6686000-E406000
http://tun.fi/HR.3211/92923725-U,herkkutatti (fi) — Boletus edulis,Boletus edulis,2021-08-29,2021,Suomi,Uusimaa (U),65.0,60.16084,24.65433,6671637.0,369819.0,COMMUNITY_VERIFIED,AMATEUR,Photographed,iNaturalist Suomi Finland,ETRS-TM35FIN-1km-N6671000-E369000
http://tun.fi/JX.1271359#9,herkkutatti (fi) — Boletus edulis,Boletus edulis,2021-08-29,2021,Suomi,"Etelä-Häme (EH), Etelä-Savo (ES)",50000.0,61.36448,26.217263,6803637.0,458152.0,NEUTRAL,HOBBYIST,Photographed,The Atlas of Finnish Fungi,ETRS-TM35FIN-1km-N6803000-E458000
http://tun.fi/HR.3211/113659745-U,herkkutatti (fi) — Boletus edulis,Boletus edulis,2021-08-30,2021,Suomi,Varsinais-Suomi (V),100.0,60.36729,23.94741,6696217.0,331666.0,COMMUNITY_VERIFIED,AMATEUR,Photographed,iNaturalist Suomi Finland,ETRS-TM35FIN-1km-N6696000-E331000
http://tun.fi/HR.3211/93026499-U,herkkutatti (fi) — Boletus edulis,Boletus edulis,2021-08-30,2021,Suomi,Pohjois-Häme (PH),10.0,62.66718,25.31699,6949634.0,413790.0,COMMUNITY_VERIFIED,AMATEUR,Photographed,iNaturalist Suomi Finland,ETRS-TM35FIN-1km-N6949000-E413000
http://tun.fi/HR.3211/93028333-U,herkkutatti (fi) — Boletus edulis,Boletus edulis,2021-08-30,2021,Suomi,Varsinais-Suomi (V),1899.0,60.28002,21.96608,6693223.0,221779.0,COMMUNITY_VERIFIED,AMATEUR,Photographed,iNaturalist Suomi Finland,ETRS-TM35FIN-1km-N6693000-E221000
http://tun.fi/HR.3211/93030350-U,herkkutatti (fi) — Boletus edulis,Boletus edulis,2021-08-30,2021,Suomi,Etelä-Häme (EH),100.0,61.0026,25.49439,6764014.0,418580.0,COMMUNITY_VERIFIED,AMATEUR,Photographed,iNaturalist Suomi Finland,ETRS-TM35FIN-1km-N6764000-E418000
http://tun.fi/JX.1273273#3,herkkutatti (fi) — Boletus edulis,Boletus edulis,2021-08-30,2021,Suomi,Uusimaa (U),10000.0,60.173105,25.105165,6672198.0,394873.0,NEUTRAL,HOBBYIST,Photographed,The Atlas of Finnish Fungi,ETRS-TM35FIN-1km-N6672000-E394000
http://tun.fi/HR.3211/93125282-U,herkkutatti (fi) — Boletus edulis,Boletus edulis,2021-08-31,2021,Suomi,Keski-Pohjanmaa (KP),10.0,64.09013,23.40593,7112002.0,324845.0,COMMUNITY_VERIFIED,AMATEUR,Photographed,iNaturalist Suomi Finland,ETRS-TM35FIN-1km-N7112000-E324000
http://tun.fi/HR.3211/93125774-U,herkkutatti (fi) — Boletus edulis,Boletus edulis,2021-08-31,2021,Suomi,Uusimaa (U),25000.0,60.1,24.7,6664778.0,372100.0,COMMUNITY_VERIFIED,AMATEUR,Photographed,iNaturalist Suomi Finland,ETRS-TM35FIN-1km-N6664000-E372000
http://tun.fi/HR.3211/93126957-U,herkkutatti (fi) — Boletus edulis,Boletus edulis,2021-08-31,2021,Suomi,Keski-Pohjanmaa (KP),10.0,64.09021,23.4058,7112012.0,324839.0,COMMUNITY_VERIFIED,AMATEUR,Photographed,iNaturalist Suomi Finland,ETRS-TM35FIN-1km-N7112000-E324000
http://tun.fi/HR.3211/93142965-U,herkkutatti (fi) — Boletus edulis,Boletus edulis,2021-08-31,2021,Suomi,Satakunta (St),10.0,61.24462,22.47649,6798439.0,257362.0,COMMUNITY_VERIFIED,AMATEUR,Photographed,iNaturalist Suomi Finland,ETRS-TM35FIN-1km-N6798000-E257000
http://tun.fi/HR.3211/93143058-U,herkkutatti (fi) — Boletus edulis,Boletus edulis,2021-08-31,2021,Suomi,Satakunta (St),10.0,61.24458,22.47648,6798435.0,257362.0,COMMUNITY_VERIFIED,AMATEUR,Photographed,iNaturalist Suomi Finland,ETRS-TM35FIN-1km-N6798000-E257000
http://tun.fi/HR.3211/93145122-U,herkkutatti (fi) — Boletus edulis,Boletus edulis,2021-08-31,2021,Suomi,Satakunta (St),13.0,61.24461,22.47659,6798438.0,257368.0,COMMUNITY_VERIFIED,AMATEUR,Photographed,iNaturalist Suomi Finland,ETRS-TM35FIN-1km-N6798000-E257000
http://tun.fi/HR.3211/93158287-U,herkkutatti (fi) — Boletus edulis,Boletus edulis,2021-08-31,2021,Suomi,Pohjois-Karjala (PK),65.0,63.45678,29.51809,7038953.0,625527.0,COMMUNITY_VERIFIED,AMATEUR,Photographed,iNaturalist Suomi Finland,ETRS-TM35FIN-1km-N7038000-E625000
http://tun.fi/HR.3211/93231897-U,herkkutatti (fi) — Boletus edulis,Boletus edulis,2021-08-31,2021,Suomi,Pohjois-Savo (PS),31.0,62.86761,27.65388,6971009.0,533271.0,COMMUNITY_VERIFIED,AMATEUR,Photographed,iNaturalist Suomi Finland,ETRS-TM35FIN-1km-N6971000-E533000
http://tun.fi/HR.3211/93228739-U,herkkutatti (fi) — Boletus edulis,Boletus edulis,2021-09-01,2021,Suomi,Etelä-Savo (ES),10.0,61.72086,27.90762,6843420.0,547973.0,COMMUNITY_VERIFIED,AMATEUR,Photographed,iNaturalist Suomi Finland,ETRS-TM35FIN-1km-N6843000-E547000
http://tun.fi/HR.3211/93266504-U,herkkutatti (fi) — Boletus edulis,Boletus edulis,2021-09-01,2021,Suomi,Varsinais-Suomi (V),10.0,60.40061,22.31335,6705214.0,241905.0,COMMUNITY_VERIFIED,AMATEUR,Photographed,iNaturalist Suomi Finland,ETRS-TM35FIN-1km-N6705000-E241000
http://tun.fi/HR.3211/93455920-U,herkkutatti (fi) — Boletus edulis,Boletus edulis,2021-09-01,2021,Suomi,Perä-Pohjanmaa (PeP),100.0,66.89547,25.12799,7420960.0,418037.0,COMMUNITY_VERIFIED,AMATEUR,Photographed,iNaturalist Suomi Finland,ETRS-TM35FIN-1km-N7420000-E418000
http://id.luomus.fi/MY.11928627,herkkutatti (fi) — Boletus edulis,Boletus edulis,2021-09-02,2021,Suomi,Uusimaa (U),100.0,60.293477,25.419222,6685143.0,412616.0,NEUTRAL,PROFESSIONAL,Preserved specimen,Agaricales Fennoscandiae orientalis,ETRS-TM35FIN-1km-N6685000-E412000
http://tun.fi/HR.3211/93454992-U,herkkutatti (fi) — Boletus edulis,Boletus edulis,2021-09-03,2021,Suomi,Varsinais-Suomi (V),10.0,60.1975,21.90515,6684310.0,217706.0,COMMUNITY_VERIFIED,AMATEUR,Photographed,iNaturalist Suomi Finland,ETRS-TM35FIN-1km-N6684000-E217000
http://tun.fi/HR.3211/93464760-U,herkkutatti (fi) — Boletus edulis,Boletus edulis,2021-09-03,2021,Suomi,Uusimaa (U),10.0,60.45359,25.02719,6703555.0,391483.0,COMMUNITY_VERIFIED,AMATEUR,Photographed,iNaturalist Suomi Finland,ETRS-TM35FIN-1km-N6703000-E391000
http://tun.fi/HR.3211/93570236-U,herkkutatti (fi) — Boletus edulis,Boletus edulis,2021-09-04,2021,Suomi,Pohjois-Savo (PS),252.0,63.6472,27.18417,7057716.0,509123.0,COMMUNITY_VERIFIED,AMATEUR,Photographed,iNaturalist Suomi Finland,ETRS-TM35FIN-1km-N7057000-E509000
http://tun.fi/HR.3211/93571130-U,herkkutatti (fi) — Boletus edulis,Boletus edulis,2021-09-04,2021,Suomi,"Keski-Pohjanmaa (KP), Oulun Pohjanmaa (OP)",25000.0,64.7,25.3,7176112.0,418926.0,COMMUNITY_VERIFIED,AMATEUR,Photographed,iNaturalist Suomi Finland,ETRS-TM35FIN-1km-N7176000-E418000
http://tun.fi/HR.3211/93571525-U,herkkutatti (fi) — Boletus edulis,Boletus edulis,2021-09-04,2021,Suomi,Oulun Pohjanmaa (OP),23.0,64.78012,25.32415,7185005.0,420332.0,COMMUNITY_VERIFIED,AMATEUR,Photographed,iNaturalist Suomi Finland,ETRS-TM35FIN-1km-N7185000-E420000
http://tun.fi/HR.3211/97743131-U,herkkutatti (fi) — Boletus edulis,Boletus edulis,2021-09-04,2021,Suomi,Uusimaa (U),51.0,59.98622,23.74212,6654354.0,318257.0,COMMUNITY_VERIFIED,AMATEUR,Photographed,iNaturalist Suomi Finland,ETRS-TM35FIN-1km-N6654000-E318000
http://tun.fi/JX.1273024#15,herkkutatti (fi) — Boletus edulis,Boletus edulis,2021-09-04,2021,Suomi,Varsinais-Suomi (V),1000.0,60.529166,24.560095,6712828.0,366108.0,NEUTRAL,HOBBYIST,Photographed,The Atlas of Finnish Fungi,ETRS-TM35FIN-1km-N6712000-E366000
http://tun.fi/JX.1273277#3,herkkutatti (fi) — Boletus edulis,Boletus edulis,2021-09-04 - 2021-09-05,2021,Suomi,Pohjois-Häme (PH),1.0,62.220259,25.808099,6899289.0,438026.0,NEUTRAL,HOBBYIST,Photographed,The Atlas of Finnish Fungi,ETRS-TM35FIN-1km-N6899000-E438000
http://tun.fi/JX.1273215#18,herkkutatti (fi) — Boletus edulis,Boletus edulis,2021-09-04 [17:44-18:20],2021,Suomi,Uusimaa (U),1.0,60.250306,25.063485,6680862.0,392814.0,NEUTRAL,HOBBYIST,Photographed,The Atlas of Finnish Fungi,ETRS-TM35FIN-1km-N6680000-E392000
http://tun.fi/HR.3211/93695416-U,herkkutatti (fi) — Boletus edulis,Boletus edulis,2021-09-05,2021,Suomi,Satakunta (St),100.0,61.81583,22.95056,6860312.0,286722.0,COMMUNITY_VERIFIED,AMATEUR,Photographed,iNaturalist Suomi Finland,ETRS-TM35FIN-1km-N6860000-E286000
http://tun.fi/HR.3211/93740039-U,herkkutatti (fi) — Boletus edulis,Boletus edulis,2021-09-05,2021,Suomi,Uusimaa (U),25.0,60.35638,25.1174,6692586.0,396135.0,COMMUNITY_VERIFIED,AMATEUR,Photographed,iNaturalist Suomi Finland,ETRS-TM35FIN-1km-N6692000-E396000
http://tun.fi/JX.1295086#3,herkkutatti (fi) — Boletus edulis,Boletus edulis,2021-09-05,2021,Suomi,Varsinais-Suomi (V),1.0,60.088685,22.486299,6669864.0,249042.0,NEUTRAL,HOBBYIST,Observation,"Notebook, general observations",ETRS-TM35FIN-1km-N6669000-E249000
http://tun.fi/JX.1294747#12,herkkutatti (fi) — Boletus edulis,Boletus edulis,2021-09-06,2021,Suomi,Pohjois-Häme (PH),100.0,62.403097,26.429605,6919217.0,470520.0,NEUTRAL,HOBBYIST,Photographed,The Atlas of Finnish Fungi,ETRS-TM35FIN-1km-N6919000-E470000
http://tun.fi/JX.1322587#34,herkkutatti (fi) — Boletus edulis,Boletus edulis,2021-09-06 - 2021-09-09,2021,Suomi,Uusimaa (U),1000.0,60.32868,24.670195,6690293.0,371358.0,NEUTRAL,HOBBYIST,Photographed,The Atlas of Finnish Fungi,ETRS-TM35FIN-1km-N6690000-E371000
http://tun.fi/HR.3211/93978978-U,herkkutatti (fi) — Boletus edulis,Boletus edulis,2021-09-07,2021,Suomi,Etelä-Häme (EH),10.0,61.62925,26.09882,6833211.0,452228.0,COMMUNITY_VERIFIED,AMATEUR,Photographed,iNaturalist Suomi Finland,ETRS-TM35FIN-1km-N6833000-E452000
http://tun.fi/JX.1273846#3,herkkutatti (fi) — Boletus edulis,Boletus edulis,2021-09-07,2021,Suomi,Etelä-Häme (EH),1000.0,61.191259,25.688106,6784798.0,429476.0,NEUTRAL,HOBBYIST,Photographed,The Atlas of Finnish Fungi,ETRS-TM35FIN-1km-N6784000-E429000
http://tun.fi/JX.1293028#60,herkkutatti (fi) — Boletus edulis,Boletus edulis,2021-09-07,2021,Suomi,Etelä-Häme (EH),1000.0,61.185256,25.717097,6784100.0,431021.0,NEUTRAL,HOBBYIST,Observation,The Atlas of Finnish Fungi,ETRS-TM35FIN-1km-N6784000-E431000
http://tun.fi/JX.1369337#48,herkkutatti (fi) — Boletus edulis,Boletus edulis,2021-09-07,2021,Suomi,Pohjois-Savo (PS),1000.0,62.237347,27.425939,6900695.0,522136.0,NEUTRAL,HOBBYIST,Observation,"Notebook, general observations",ETRS-TM35FIN-1km-N6900000-E522000
http://tun.fi/JX.1273953#18,herkkutatti (fi) — Boletus edulis,Boletus edulis,2021-09-07 [18:23-18:59],2021,Suomi,Etelä-Häme (EH),1.0,61.188141,25.671451,6784470.0,428574.0,NEUTRAL,HOBBYIST,Photographed,The Atlas of Finnish Fungi,ETRS-TM35FIN-1km-N6784000-E428000
http://tun.fi/HR.3211/94094531-U,herkkutatti (fi) — Boletus edulis,Boletus edulis,2021-09-08,2021,Suomi,Etelä-Häme (EH),16.0,61.65385,26.0728,6835970.0,450888.0,COMMUNITY_VERIFIED,AMATEUR,Photographed,iNaturalist Suomi Finland,ETRS-TM35FIN-1km-N6835000-E450000
http://tun.fi/HR.3211/94111840-U,herkkutatti (fi) — Boletus edulis,Boletus edulis,2021-09-08,2021,Suomi,Pohjois-Häme (PH),10.0,62.20784,25.90662,6897815.0,443125.0,COMMUNITY_VERIFIED,AMATEUR,Photographed,iNaturalist Suomi Finland,ETRS-TM35FIN-1km-N6897000-E443000
http://tun.fi/HR.3211/94192300-U,herkkutatti (fi) — Boletus edulis,Boletus edulis,2021-09-08,2021,Suomi,"Etelä-Häme (EH), Uusimaa (U)",25000.0,60.7,24.5,6731974.0,363518.0,COMMUNITY_VERIFIED,AMATEUR,Photographed,iNaturalist Suomi Finland,ETRS-TM35FIN-1km-N6731000-E363000
http://tun.fi/JX.1274040#27,herkkutatti (fi) — Boletus edulis,Boletus edulis,2021-09-08,2021,Suomi,Etelä-Häme (EH),100.0,61.208295,25.742807,6786638.0,432452.0,NEUTRAL,HOBBYIST,Photographed,The Atlas of Finnish Fungi,ETRS-TM35FIN-1km-N6786000-E432000
http://tun.fi/JX.1274396#9,herkkutatti (fi) — Boletus edulis,Boletus edulis,2021-09-08,2021,Suomi,Etelä-Häme (EH),1.0,61.230115,25.737333,6789075.0,432206.0,NEUTRAL,HOBBYIST,Photographed,The Atlas of Finnish Fungi,ETRS-TM35FIN-1km-N6789000-E432000
http://tun.fi/JX.1274095#6,herkkutatti (fi) — Boletus edulis,Boletus edulis,2021-09-08 [9:58-10:44],2021,Suomi,Etelä-Häme (EH),1.0,61.21043,25.731503,6786889.0,431851.0,NEUTRAL,HOBBYIST,Photographed,The Atlas of Finnish Fungi,ETRS-TM35FIN-1km-N6786000-E431000
http://tun.fi/JX.1316897#44,herkkutatti (fi) — Boletus edulis,Boletus edulis,2021-09-09,2021,Suomi,Perä-Pohjanmaa (PeP),1.0,66.161581,24.999997,7339361.0,409815.0,NEUTRAL,HOBBYIST,Photographed,The Atlas of Finnish Fungi,ETRS-TM35FIN-1km-N7339000-E409000
http://tun.fi/JX.1274346#21,herkkutatti (fi) — Boletus edulis,Boletus edulis,2021-09-09 [15:29-15:32],2021,Suomi,Etelä-Häme (EH),100.0,61.239252,25.385055,6790508.0,413318.0,NEUTRAL,HOBBYIST,Observation,The Atlas of Finnish Fungi,ETRS-TM35FIN-1km-N6790000-E413000
http://tun.fi/HR.3211/94339259-U,herkkutatti (fi) — Boletus edulis,Boletus edulis,2021-09-10,2021,Suomi,Etelä-Häme (EH),24.0,60.76202,23.874,6740337.0,329709.0,COMMUNITY_VERIFIED,AMATEUR,Photographed,iNaturalist Suomi Finland,ETRS-TM35FIN-1km-N6740000-E329000
http://tun.fi/HR.3211/94436318-U,herkkutatti (fi) — Boletus edulis,Boletus edulis,2021-09-10,2021,Suomi,Keski-Pohjanmaa (KP),24.0,63.83356,22.91037,7084914.0,298884.0,COMMUNITY_VERIFIED,AMATEUR,Photographed,iNaturalist Suomi Finland,ETRS-TM35FIN-1km-N7084000-E298000
http://tun.fi/JX.1274507#3,herkkutatti (fi) — Boletus edulis,Boletus edulis,2021-09-10,2021,Suomi,Perä-Pohjanmaa (PeP),1.0,66.129186,24.716545,7336190.0,396906.0,NEUTRAL,HOBBYIST,Photographed,The Atlas of Finnish Fungi,ETRS-TM35FIN-1km-N7336000-E396000
http://tun.fi/JX.1274655#18,herkkutatti (fi) — Boletus edulis,Boletus edulis,2021-09-10,2021,Suomi,Uusimaa (U),1000.0,60.192749,24.892964,6674743.0,383173.0,NEUTRAL,HOBBYIST,Observation,The Atlas of Finnish Fungi,ETRS-TM35FIN-1km-N6674000-E383000
http://tun.fi/JX.1274990#24,herkkutatti (fi) — Boletus edulis,Boletus edulis,2021-09-10,2021,Suomi,Perä-Pohjanmaa (PeP),1.0,66.058306,24.727411,7328275.0,397110.0,NEUTRAL,HOBBYIST,Photographed,The Atlas of Finnish Fungi,ETRS-TM35FIN-1km-N7328000-E397000
http://tun.fi/JX.1292821#21,herkkutatti (fi) — Boletus edulis,Boletus edulis,2021-09-10,2021,Suomi,Etelä-Häme (EH),100.0,61.217307,25.490113,6787929.0,418900.0,NEUTRAL,HOBBYIST,Photographed,The Atlas of Finnish Fungi,ETRS-TM35FIN-1km-N6787000-E418000
http://tun.fi/JX.1295040#3,herkkutatti (fi) — Boletus edulis,Boletus edulis,2021-09-10,2021,Suomi,Perä-Pohjanmaa (PeP),1.0,66.0594,24.72544,7328400.0,397025.0,NEUTRAL,HOBBYIST,Photographed,The Atlas of Finnish Fungi,ETRS-TM35FIN-1km-N7328000-E397000
http://tun.fi/HR.3211/94414476-U,herkkutatti (fi) — Boletus edulis,Boletus edulis,2021-09-11,2021,Suomi,Etelä-Savo (ES),100.0,61.47389,26.75028,6815600.0,486696.0,COMMUNITY_VERIFIED,AMATEUR,Photographed,iNaturalist Suomi Finland,ETRS-TM35FIN-1km-N6815000-E486000
http://tun.fi/HR.3211/94428263-U,herkkutatti (fi) — Boletus edulis,Boletus edulis,2021-09-11,2021,Suomi,Uusimaa (U),10.0,60.45353,25.02896,6703545.0,391580.0,NEUTRAL,AMATEUR,Photographed,iNaturalist Suomi Finland,ETRS-TM35FIN-1km-N6703000-E391000
http://tun.fi/HR.3211/94446477-U,herkkutatti (fi) — Boletus edulis,Boletus edulis,2021-09-11,2021,Suomi,Varsinais-Suomi (V),25000.0,60.5,21.7,6718825.0,209049.0,COMMUNITY_VERIFIED,AMATEUR,Photographed,iNaturalist Suomi Finland,ETRS-TM35FIN-1km-N6718000-E209000
http://tun.fi/JX.1272497#667,herkkutatti (fi) — Boletus edulis,Boletus edulis,2021-09-11,2021,Suomi,Kainuu (Kn),1000.0,64.335045,28.063177,7134780.0,551378.0,NEUTRAL,HOBBYIST,Observation,"Notebook, general observations",ETRS-TM35FIN-1km-N7134000-E551000
http://tun.fi/JX.1274785#3,herkkutatti (fi) — Boletus edulis,Boletus edulis,2021-09-11,2021,Suomi,Uusimaa (U),1.0,60.343676,25.08562,6691222.0,394341.0,NEUTRAL,HOBBYIST,Photographed,The Atlas of Finnish Fungi,ETRS-TM35FIN-1km-N6691000-E394000
http://tun.fi/JX.1274794#72,herkkutatti (fi) — Boletus edulis,Boletus edulis,2021-09-11,2021,Suomi,Perä-Pohjanmaa (PeP),10000.0,66.306017,24.618518,7356053.0,393231.0,NEUTRAL,HOBBYIST,Photographed,The Atlas of Finnish Fungi,ETRS-TM35FIN-1km-N7356000-E393000
http://tun.fi/JX.1274794#93,herkkutatti (fi) — Boletus edulis,Boletus edulis,2021-09-11,2021,Suomi,Perä-Pohjanmaa (PeP),10000.0,66.306017,24.618518,7356053.0,393231.0,NEUTRAL,HOBBYIST,Photographed,The Atlas of Finnish Fungi,ETRS-TM35FIN-1km-N7356000-E393000
http://tun.fi/JX.1274834#3,herkkutatti (fi) — Boletus edulis,Boletus edulis,2021-09-11,2021,Suomi,Uusimaa (U),1.0,60.21992,25.135978,6677363.0,396730.0,NEUTRAL,HOBBYIST,Photographed,The Atlas of Finnish Fungi,ETRS-TM35FIN-1km-N6677000-E396000
http://tun.fi/JX.1274952#6,herkkutatti (fi) — Boletus edulis,Boletus edulis,2021-09-11,2021,Suomi,Perä-Pohjanmaa (PeP),1.0,66.314461,24.638536,7356960.0,394164.0,NEUTRAL,HOBBYIST,Photographed,The Atlas of Finnish Fungi,ETRS-TM35FIN-1km-N7356000-E394000
http://tun.fi/HR.3211/138386280-U,herkkutatti (fi) — Boletus edulis,Boletus edulis,2021-09-12,2021,Suomi,Etelä-Savo (ES),100.0,61.79941,29.32101,6854020.0,622349.0,COMMUNITY_VERIFIED,AMATEUR,Photographed,iNaturalist Suomi Finland,ETRS-TM35FIN-1km-N6854000-E622000
http://tun.fi/HR.3211/94551306-U,herkkutatti (fi) — Boletus edulis,Boletus edulis,2021-09-12,2021,Suomi,Uusimaa (U),10.0,60.45353,25.02825,6703546.0,391541.0,COMMUNITY_VERIFIED,AMATEUR,Photographed,iNaturalist Suomi Finland,ETRS-TM35FIN-1km-N6703000-E391000
http://tun.fi/JX.1275019#66,herkkutatti (fi) — Boletus edulis,Boletus edulis,2021-09-12,2021,Suomi,Perä-Pohjanmaa (PeP),5000.0,66.164604,25.001659,7339695.0,409900.0,NEUTRAL,HOBBYIST,Photographed,The Atlas of Finnish Fungi,ETRS-TM35FIN-1km-N7339000-E409000
http://tun.fi/KE.921/LGE.1001498/2771053,herkkutatti (fi) — Boletus edulis,Boletus edulis,2021-09-12,2021,Suomi,Varsinais-Suomi (V),1.0,60.227834,23.861339,6680920.0,326183.0,NEUTRAL,PROFESSIONAL,Seen,LajiGIS: Species mapping and surveys,ETRS-TM35FIN-1km-N6680000-E326000
http://tun.fi/JX.1293025#9,herkkutatti (fi) — Boletus edulis,Boletus edulis,2021-09-15,2021,Suomi,Perä-Pohjanmaa (PeP),1000.0,66.445082,24.782167,7371276.0,401114.0,NEUTRAL,HOBBYIST,Observation,The Atlas of Finnish Fungi,ETRS-TM35FIN-1km-N7371000-E401000
http://tun.fi/JX.1293110#22,herkkutatti (fi) — Boletus edulis,Boletus edulis,2021-09-18,2021,Suomi,Pohjois-Savo (PS),1000.0,62.628338,28.493789,6945069.0,576620.0,NEUTRAL,HOBBYIST,Observation,"Notebook, general observations",ETRS-TM35FIN-1km-N6945000-E576000
http://tun.fi/JX.1294641#69,herkkutatti (fi) — Boletus edulis,Boletus edulis,2021-09-19 [16:23],2021,Suomi,Oulun Pohjanmaa (OP),1.0,65.10114,25.517449,7220545.0,430358.0,NEUTRAL,HOBBYIST,Photographed,"Notebook, general observations",ETRS-TM35FIN-1km-N7220000-E430000
http://tun.fi/KE.921/LGE.929166/2572684,herkkutatti (fi) — Boletus edulis,Boletus edulis,2021-09-21,2021,Suomi,Kainuu (Kn),1.0,64.166536,27.892191,7115877.0,543379.0,NEUTRAL,PROFESSIONAL,Observation,LajiGIS: Species mapping and surveys,ETRS-TM35FIN-1km-N7115000-E543000
http://tun.fi/JX.1329874#6,herkkutatti (fi) — Boletus edulis,Boletus edulis,2021-09-22,2021,Suomi,Perä-Pohjanmaa (PeP),100.0,66.534794,25.827554,7380011.0,447906.0,NEUTRAL,HOBBYIST,Photographed,The Atlas of Finnish Fungi,ETRS-TM35FIN-1km-N7380000-E447000
http://tun.fi/KE.921/LGE.1001644/2771841,herkkutatti (fi) — Boletus edulis,Boletus edulis,2021-09-23,2021,Suomi,Varsinais-Suomi (V),1.0,60.244683,23.815368,6682917.0,323729.0,NEUTRAL,PROFESSIONAL,Seen,LajiGIS: Species mapping and surveys,ETRS-TM35FIN-1km-N6682000-E323000
http://tun.fi/KE.921/LGE.1001647/2771968,herkkutatti (fi) — Boletus edulis,Boletus edulis,2021-09-24,2021,Suomi,Varsinais-Suomi (V),1.0,60.246752,23.820355,6683134.0,324016.0,NEUTRAL,PROFESSIONAL,Seen,LajiGIS: Species mapping and surveys,ETRS-TM35FIN-1km-N6683000-E324000
http://tun.fi/KE.921/LGE.1001647/2772062,herkkutatti (fi) — Boletus edulis,Boletus edulis,2021-09-24,2021,Suomi,Varsinais-Suomi (V),1.0,60.24538,23.813348,6683000.0,323621.0,NEUTRAL,PROFESSIONAL,Seen,LajiGIS: Species mapping and surveys,ETRS-TM35FIN-1km-N6683000-E323000
http://tun.fi/JX.1296029#12,herkkutatti (fi) — Boletus edulis,Boletus edulis,2021-09-28,2021,Suomi,Oulun Pohjanmaa (OP),1000.0,64.911777,25.738087,7199218.0,440299.0,NEUTRAL,HOBBYIST,Observation,"Notebook, general observations",ETRS-TM35FIN-1km-N7199000-E440000
http://tun.fi/JX.1296263#39,herkkutatti (fi) — Boletus edulis,Boletus edulis,2021-09-28,2021,Suomi,Varsinais-Suomi (V),1000.0,60.611001,22.123607,6729362.0,233204.0,NEUTRAL,HOBBYIST,Observation,"Notebook, general observations",ETRS-TM35FIN-1km-N6729000-E233000
http://tun.fi/KE.921/LGE.1001648/2772142,herkkutatti (fi) — Boletus edulis,Boletus edulis,2021-09-28,2021,Suomi,Varsinais-Suomi (V),1.0,60.247179,23.816426,6683192.0,323801.0,NEUTRAL,PROFESSIONAL,Seen,LajiGIS: Species mapping and surveys,ETRS-TM35FIN-1km-N6683000-E323000
http://tun.fi/HR.3211/99692851-U,herkkutatti (fi) — Boletus edulis,Boletus edulis,2021-10-29,2021,Suomi,Etelä-Häme (EH),8115.0,60.73319,24.76293,6735148.0,378010.0,COMMUNITY_VERIFIED,AMATEUR,Photographed,iNaturalist Suomi Finland,ETRS-TM35FIN-1km-N6735000-E378000
http://tun.fi/HR.3211/123200995-U,herkkutatti (fi) — Boletus edulis,Boletus edulis,2022-06-24,2022,Suomi,Pohjois-Savo (PS),12.0,62.32509,27.99124,6910791.0,551364.0,NEUTRAL,AMATEUR,Photographed,iNaturalist Suomi Finland,ETRS-TM35FIN-1km-N6910000-E551000
http://tun.fi/HR.3211/127966356-U,herkkutatti (fi) — Boletus edulis,Boletus edulis,2022-07-26,2022,Suomi,Pohjois-Savo (PS),10.0,62.99651,27.57353,6985331.0,529055.0,COMMUNITY_VERIFIED,AMATEUR,Photographed,iNaturalist Suomi Finland,ETRS-TM35FIN-1km-N6985000-E529000
http://tun.fi/HR.3211/128111683-U,herkkutatti (fi) — Boletus edulis,Boletus edulis,2022-07-27,2022,Suomi,Keski-Pohjanmaa (KP),596.0,64.26523,24.88496,7128275.0,397546.0,COMMUNITY_VERIFIED,AMATEUR,Photographed,iNaturalist Suomi Finland,ETRS-TM35FIN-1km-N7128000-E397000
http://tun.fi/HR.3211/128295981-U,herkkutatti (fi) — Boletus edulis,Boletus edulis,2022-07-28,2022,Suomi,Etelä-Häme (EH),16.0,61.78672,25.70375,6851103.0,431636.0,COMMUNITY_VERIFIED,AMATEUR,Photographed,iNaturalist Suomi Finland,ETRS-TM35FIN-1km-N6851000-E431000
http://tun.fi/JX.1426881#3,herkkutatti (fi) — Boletus edulis,Boletus edulis,2022-07-30,2022,Suomi,Perä-Pohjanmaa (PeP),1.0,66.58327,25.69369,7385532.0,442073.0,NEUTRAL,HOBBYIST,Photographed,The Atlas of Finnish Fungi,ETRS-TM35FIN-1km-N7385000-E442000
http://tun.fi/HR.3211/129257353-U,herkkutatti (fi) — Boletus edulis,Boletus edulis,2022-08-03,2022,Suomi,Satakunta (St),3000.0,61.90897,21.9594,6874318.0,235391.0,COMMUNITY_VERIFIED,AMATEUR,Photographed,iNaturalist Suomi Finland,ETRS-TM35FIN-1km-N6874000-E235000
http://tun.fi/JX.1428503#21,herkkutatti (fi) — Boletus edulis,Boletus edulis,2022-08-03,2022,Suomi,Uusimaa (U),100.0,59.830071,23.036738,6639132.0,277894.0,NEUTRAL,HOBBYIST,Photographed,The Atlas of Finnish Fungi,ETRS-TM35FIN-1km-N6639000-E277000
http://tun.fi/JX.1502126#9,herkkutatti (fi) — Boletus edulis,Boletus edulis,2022-08-03,2022,Suomi,Kittilän Lappi (KiL),1000.0,68.057221,24.06401,7552162.0,377615.0,NEUTRAL,HOBBYIST,Photographed,The Atlas of Finnish Fungi,ETRS-TM35FIN-1km-N7552000-E377000
http://tun.fi/HR.3211/129419543-U,herkkutatti (fi) — Boletus edulis,Boletus edulis,2022-08-04,2022,Suomi,Etelä-Häme (EH),2710.0,61.67743,24.35737,6841087.0,360153.0,COMMUNITY_VERIFIED,AMATEUR,Photographed,iNaturalist Suomi Finland,ETRS-TM35FIN-1km-N6841000-E360000
http://tun.fi/HR.3211/129657076-U,herkkutatti (fi) — Boletus edulis,Boletus edulis,2022-08-06,2022,Suomi,Etelä-Häme (EH),11.0,60.68348,24.89193,6729381.0,384865.0,COMMUNITY_VERIFIED,AMATEUR,Photographed,iNaturalist Suomi Finland,ETRS-TM35FIN-1km-N6729000-E384000
http://tun.fi/HR.3211/129665777-U,herkkutatti (fi) — Boletus edulis,Boletus edulis,2022-08-06,2022,Suomi,Pohjois-Savo (PS),100.0,62.91617,27.76895,6976484.0,539061.0,COMMUNITY_VERIFIED,AMATEUR,Photographed,iNaturalist Suomi Finland,ETRS-TM35FIN-1km-N6976000-E539000
http://tun.fi/HR.3211/141272361-U,herkkutatti (fi) — Boletus edulis,Boletus edulis,2022-08-06,2022,Suomi,Etelä-Häme (EH),3912.0,60.93856,24.11906,6759376.0,343917.0,COMMUNITY_VERIFIED,AMATEUR,Photographed,iNaturalist Suomi Finland,ETRS-TM35FIN-1km-N6759000-E343000
http://tun.fi/HR.3211/129786601-U,herkkutatti (fi) — Boletus edulis,Boletus edulis,2022-08-07,2022,Suomi,Keski-Pohjanmaa (KP),100.0,63.18991,23.6078,7011260.0,329354.0,COMMUNITY_VERIFIED,AMATEUR,Photographed,iNaturalist Suomi Finland,ETRS-TM35FIN-1km-N7011000-E329000
http://tun.fi/HR.3211/129816010-U,herkkutatti (fi) — Boletus edulis,Boletus edulis,2022-08-07,2022,Suomi,Etelä-Pohjanmaa (EP),10.0,63.11921,21.64055,7010153.0,229872.0,COMMUNITY_VERIFIED,AMATEUR,Photographed,iNaturalist Suomi Finland,ETRS-TM35FIN-1km-N7010000-E229000
http://tun.fi/HR.3211/130015737-U,herkkutatti (fi) — Boletus edulis,Boletus edulis,2022-08-08,2022,Suomi,"Keski-Pohjanmaa (KP), Oulun Pohjanmaa (OP)",25000.0,64.9,25.1,7198664.0,410061.0,COMMUNITY_VERIFIED,AMATEUR,Photographed,iNaturalist Suomi Finland,ETRS-TM35FIN-1km-N7198000-E410000
http://tun.fi/HR.3211/130365462-U,herkkutatti (fi) — Boletus edulis,Boletus edulis,2022-08-11,2022,Suomi,Etelä-Pohjanmaa (EP),10.0,62.86389,22.08072,6979990.0,249847.0,COMMUNITY_VERIFIED,AMATEUR,Photographed,iNaturalist Suomi Finland,ETRS-TM35FIN-1km-N6979000-E249000
http://tun.fi/KE.176/62f4faedd5de0b49ae925a23#Unit1,herkkutatti (fi) — Boletus edulis,Boletus edulis,2022-08-11,2022,Suomi,Sompion Lappi (SoL),1.0,67.295663,28.192643,7464835.0,551368.0,NEUTRAL,AMATEUR,Observation,Löydös Open Finnish Observation Database,ETRS-TM35FIN-1km-N7464000-E551000
http://tun.fi/HR.3211/130768720-U,herkkutatti (fi) — Boletus edulis,Boletus edulis,2022-08-14,2022,Suomi,Pohjois-Savo (PS),100.0,62.30554,27.80883,6908481.0,541940.0,COMMUNITY_VERIFIED,AMATEUR,Photographed,iNaturalist Suomi Finland,ETRS-TM35FIN-1km-N6908000-E541000
http://tun.fi/HR.3211/133851542-U,herkkutatti (fi) — Boletus edulis,Boletus edulis,2022-08-15,2022,Suomi,Keski-Pohjanmaa (KP),98.0,63.62276,25.92555,7055427.0,446742.0,COMMUNITY_VERIFIED,AMATEUR,Photographed,iNaturalist Suomi Finland,ETRS-TM35FIN-1km-N7055000-E446000
http://tun.fi/HR.3211/137309691-U,herkkutatti (fi) — Boletus edulis,Boletus edulis,2022-08-15,2022,Suomi,Oulun Pohjanmaa (OP),100.0,64.94656,25.54418,7203292.0,431217.0,COMMUNITY_VERIFIED,AMATEUR,Photographed,iNaturalist Suomi Finland,ETRS-TM35FIN-1km-N7203000-E431000
http://tun.fi/JX.1432741#14,herkkutatti (fi) — Boletus edulis,Boletus edulis,2022-08-15,2022,Suomi,Perä-Pohjanmaa (PeP),10.0,66.508125,25.654454,7377194.0,440152.0,NEUTRAL,HOBBYIST,Photographed,The Atlas of Finnish Fungi,ETRS-TM35FIN-1km-N7377000-E440000
http://tun.fi/HR.3211/131190900-U,herkkutatti (fi) — Boletus edulis,Boletus edulis,2022-08-17,2022,Suomi,Pohjois-Karjala (PK),2799.0,62.22016,30.37984,6903294.0,675691.0,COMMUNITY_VERIFIED,AMATEUR,Photographed,iNaturalist Suomi Finland,ETRS-TM35FIN-1km-N6903000-E675000
http://tun.fi/HR.3211/131317017-U,herkkutatti (fi) — Boletus edulis,Boletus edulis,2022-08-17,2022,Suomi,Oulun Pohjanmaa (OP),100.0,65.07132,25.46523,7217281.0,427825.0,COMMUNITY_VERIFIED,AMATEUR,Photographed,iNaturalist Suomi Finland,ETRS-TM35FIN-1km-N7217000-E427000
http://tun.fi/HR.3211/131317443-U,herkkutatti (fi) — Boletus edulis,Boletus edulis,2022-08-17,2022,Suomi,Oulun Pohjanmaa (OP),100.0,65.07182,25.46702,7217334.0,427910.0,COMMUNITY_VERIFIED,AMATEUR,Photographed,iNaturalist Suomi Finland,ETRS-TM35FIN-1km-N7217000-E427000
http://tun.fi/JX.1502715#6,herkkutatti (fi) — Boletus edulis,Boletus edulis,2022-08-19,2022,Suomi,Oulun Pohjanmaa (OP),100.0,65.007418,25.489756,7210132.0,428807.0,NEUTRAL,HOBBYIST,Photographed,The Atlas of Finnish Fungi,ETRS-TM35FIN-1km-N7210000-E428000
http://tun.fi/JX.1427444#249,herkkutatti (fi) — Boletus edulis,Boletus edulis,2022-08-21,2022,Suomi,Kainuu (Kn),1.0,64.462795,28.858143,7149895.0,589371.0,NEUTRAL,HOBBYIST,Observation,"Notebook, general observations",ETRS-TM35FIN-1km-N7149000-E589000
http://tun.fi/JX.1434590#9,herkkutatti (fi) — Boletus edulis,Boletus edulis,2022-08-21,2022,Suomi,Etelä-Häme (EH),1000.0,61.20054,26.089304,6785466.0,451057.0,NEUTRAL,HOBBYIST,Observation,The Atlas of Finnish Fungi,ETRS-TM35FIN-1km-N6785000-E451000
http://tun.fi/JX.1436636#25,herkkutatti (fi) — Boletus edulis,Boletus edulis,2022-08-26,2022,Suomi,Perä-Pohjanmaa (PeP),1000.0,65.829586,24.154412,7303862.0,370022.0,NEUTRAL,HOBBYIST,Photographed,The Atlas of Finnish Fungi,ETRS-TM35FIN-1km-N7303000-E370000
http://tun.fi/HR.3211/140986985-U,herkkutatti (fi) — Boletus edulis,Boletus edulis,2022-08-27,2022,Suomi,Oulun Pohjanmaa (OP),100.0,64.92766,25.91226,7200836.0,448570.0,COMMUNITY_VERIFIED,AMATEUR,Photographed,iNaturalist Suomi Finland,ETRS-TM35FIN-1km-N7200000-E448000
http://tun.fi/JX.1436761#3,herkkutatti (fi) — Boletus edulis,Boletus edulis,2022-08-27,2022,Suomi,Etelä-Häme (EH),1.0,61.000144,25.292518,6764008.0,407658.0,NEUTRAL,HOBBYIST,Photographed,The Atlas of Finnish Fungi,ETRS-TM35FIN-1km-N6764000-E407000
http://tun.fi/HR.3211/132796836-U,herkkutatti (fi) — Boletus edulis,Boletus edulis,2022-08-29,2022,Suomi,Pohjois-Karjala (PK),19.0,62.60373,29.73905,6944425.0,640587.0,COMMUNITY_VERIFIED,AMATEUR,Photographed,iNaturalist Suomi Finland,ETRS-TM35FIN-1km-N6944000-E640000
http://tun.fi/JX.1439035#6,herkkutatti (fi) — Boletus edulis,Boletus edulis,2022-08-30,2022,Suomi,Perä-Pohjanmaa (PeP),1.0,66.8706,25.8498,7417421.0,449585.0,NEUTRAL,HOBBYIST,Photographed,The Atlas of Finnish Fungi,ETRS-TM35FIN-1km-N7417000-E449000
http://tun.fi/JX.1438544#30,herkkutatti (fi) — Boletus edulis,Boletus edulis,2022-08-31 [13:44],2022,Suomi,Pohjois-Häme (PH),1.0,62.043385,26.144327,6879309.0,455248.0,NEUTRAL,HOBBYIST,Photographed,The Atlas of Finnish Fungi,ETRS-TM35FIN-1km-N6879000-E455000
http://tun.fi/JX.1439587#108,herkkutatti (fi) — Boletus edulis,Boletus edulis,2022-09-03,2022,Suomi,Oulun Pohjanmaa (OP),1000.0,64.755416,26.201165,7181436.0,461986.0,NEUTRAL,HOBBYIST,Photographed,The Atlas of Finnish Fungi,ETRS-TM35FIN-1km-N7181000-E461000
http://tun.fi/JX.1625268#3,herkkutatti (fi) — Boletus edulis,Boletus edulis,2022-09-03,2022,Suomi,"Uusimaa (U), Varsinais-Suomi (V)",1000.0,60.282897,24.50457,6685528.0,362023.0,NEUTRAL,HOBBYIST,Photographed,The Atlas of Finnish Fungi,ETRS-TM35FIN-1km-N6685000-E362000
http://tun.fi/JX.1439117#24,herkkutatti (fi) — Boletus edulis,Boletus edulis,2022-09-03 [9:52],2022,Suomi,Perä-Pohjanmaa (PeP),1.0,66.502346,25.797563,7376421.0,446505.0,NEUTRAL,HOBBYIST,Observation,The Atlas of Finnish Fungi,ETRS-TM35FIN-1km-N7376000-E446000
http://tun.fi/JX.1439783#3,herkkutatti (fi) — Boletus edulis,Boletus edulis,2022-09-06,2022,Suomi,Etelä-Häme (EH),1.0,61.003516,25.211222,6764501.0,403272.0,NEUTRAL,HOBBYIST,Photographed,The Atlas of Finnish Fungi,ETRS-TM35FIN-1km-N6764000-E403000
http://tun.fi/HR.3211/134394089-U,herkkutatti (fi) — Boletus edulis,Boletus edulis,2022-09-10,2022,Suomi,Varsinais-Suomi (V),2400.0,60.54742,21.34085,6725734.0,189837.0,COMMUNITY_VERIFIED,AMATEUR,Photographed,iNaturalist Suomi Finland,ETRS-TM35FIN-1km-N6725000-E189000
http://tun.fi/JX.1440764#42,herkkutatti (fi) — Boletus edulis,Boletus edulis,2022-09-10 [12:28],2022,Suomi,Pohjois-Häme (PH),1.0,62.58826,26.63525,6939770.0,481266.0,NEUTRAL,HOBBYIST,Photographed,The Atlas of Finnish Fungi,ETRS-TM35FIN-1km-N6939000-E481000
http://tun.fi/HR.3211/134705609-U,herkkutatti (fi) — Boletus edulis,Boletus edulis,2022-09-11,2022,Suomi,Varsinais-Suomi (V),10.0,60.36975,21.35645,6705922.0,188994.0,COMMUNITY_VERIFIED,AMATEUR,Photographed,iNaturalist Suomi Finland,ETRS-TM35FIN-1km-N6705000-E188000
http://tun.fi/JX.1441941#3,herkkutatti (fi) — Boletus edulis,Boletus edulis,2022-09-12,2022,Suomi,Keski-Pohjanmaa (KP),1.0,63.772534,26.064626,7072006.0,453880.0,NEUTRAL,HOBBYIST,Photographed,The Atlas of Finnish Fungi,ETRS-TM35FIN-1km-N7072000-E453000
http://tun.fi/JX.1442083#3,herkkutatti (fi) — Boletus edulis,Boletus edulis,2022-09-12,2022,Suomi,Varsinais-Suomi (V),10.0,60.593233,21.389081,6730596.0,192911.0,NEUTRAL,HOBBYIST,Photographed,The Atlas of Finnish Fungi,ETRS-TM35FIN-1km-N6730000-E192000
http://tun.fi/HR.3211/160866748-U,herkkutatti (fi) — Boletus edulis,Boletus edulis,2022-09-15,2022,Suomi,Varsinais-Suomi (V),100.0,60.45107,22.33354,6710746.0,243414.0,COMMUNITY_VERIFIED,AMATEUR,Photographed,iNaturalist Suomi Finland,ETRS-TM35FIN-1km-N6710000-E243000
http://tun.fi/JX.1448733#7,herkkutatti (fi) — Boletus edulis,Boletus edulis,2022-09-16,2022,Suomi,Etelä-Pohjanmaa (EP),1.0,63.088271,21.680592,7006545.0,231600.0,NEUTRAL,HOBBYIST,Photographed,The Atlas of Finnish Fungi,ETRS-TM35FIN-1km-N7006000-E231000
http://tun.fi/HR.3211/135344984-U,herkkutatti (fi) — Boletus edulis,Boletus edulis,2022-09-17,2022,Suomi,Etelä-Häme (EH),10.0,61.403,25.13242,6809105.0,400283.0,COMMUNITY_VERIFIED,AMATEUR,Photographed,iNaturalist Suomi Finland,ETRS-TM35FIN-1km-N6809000-E400000
http://tun.fi/HR.3211/135364711-U,herkkutatti (fi) — Boletus edulis,Boletus edulis,2022-09-17,2022,Suomi,Varsinais-Suomi (V),100.0,60.40344,22.45619,6704978.0,249784.0,COMMUNITY_VERIFIED,AMATEUR,Photographed,iNaturalist Suomi Finland,ETRS-TM35FIN-1km-N6704000-E249000
http://tun.fi/HR.3211/135504425-U,herkkutatti (fi) — Boletus edulis,Boletus edulis,2022-09-18,2022,Suomi,Varsinais-Suomi (V),1200.0,60.4162,22.27474,6707100.0,239906.0,COMMUNITY_VERIFIED,AMATEUR,Photographed,iNaturalist Suomi Finland,ETRS-TM35FIN-1km-N6707000-E239000
http://tun.fi/HR.3211/135522918-U,herkkutatti (fi) — Boletus edulis,Boletus edulis,2022-09-18,2022,Suomi,Varsinais-Suomi (V),10.0,60.43351,22.28705,6708976.0,240721.0,COMMUNITY_VERIFIED,AMATEUR,Photographed,iNaturalist Suomi Finland,ETRS-TM35FIN-1km-N6708000-E240000
http://tun.fi/HR.3211/135652989-U,herkkutatti (fi) — Boletus edulis,Boletus edulis,2022-09-19,2022,Suomi,Varsinais-Suomi (V),23.0,60.55979,22.45437,6722370.0,250887.0,COMMUNITY_VERIFIED,AMATEUR,Photographed,iNaturalist Suomi Finland,ETRS-TM35FIN-1km-N6722000-E250000
http://tun.fi/JX.1443602#27,herkkutatti (fi) — Boletus edulis,Boletus edulis,2022-09-19 [17:26-19:16],2022,Suomi,Varsinais-Suomi (V),1.0,60.208165,22.953144,6681471.0,275791.0,NEUTRAL,HOBBYIST,Photographed,The Atlas of Finnish Fungi,ETRS-TM35FIN-1km-N6681000-E275000
http://tun.fi/JX.1449808#7,herkkutatti (fi) — Boletus edulis,Boletus edulis,2022-09-20,2022,Suomi,Varsinais-Suomi (V),100.0,60.429616,22.515348,6707664.0,253236.0,NEUTRAL,HOBBYIST,Photographed,The Atlas of Finnish Fungi,ETRS-TM35FIN-1km-N6707000-E253000
http://tun.fi/JX.1443788#18,herkkutatti (fi) — Boletus edulis,Boletus edulis,2022-09-20 [17:33-17:58],2022,Suomi,Varsinais-Suomi (V),1.0,60.448746,23.120342,6707678.0,286624.0,NEUTRAL,HOBBYIST,Photographed,The Atlas of Finnish Fungi,ETRS-TM35FIN-1km-N6707000-E286000
http://tun.fi/JX.1443806#9,herkkutatti (fi) — Boletus edulis,Boletus edulis,2022-09-20 [18:27-19:27],2022,Suomi,Varsinais-Suomi (V),10000.0,60.488192,23.084543,6712181.0,284917.0,NEUTRAL,HOBBYIST,Photographed,The Atlas of Finnish Fungi,ETRS-TM35FIN-1km-N6712000-E284000
http://tun.fi/HR.3211/159860184-U,herkkutatti (fi) — Boletus edulis,Boletus edulis,2022-09-24,2022,Suomi,Etelä-Häme (EH),5177.0,60.73731,24.75485,6735622.0,377585.0,NEUTRAL,AMATEUR,Photographed,iNaturalist Suomi Finland,ETRS-TM35FIN-1km-N6735000-E377000
http://tun.fi/HR.3211/136420566-U,herkkutatti (fi) — Boletus edulis,Boletus edulis,2022-09-25,2022,Suomi,Satakunta (St),10.0,62.04422,23.04162,6885425.0,293065.0,COMMUNITY_VERIFIED,AMATEUR,Photographed,iNaturalist Suomi Finland,ETRS-TM35FIN-1km-N6885000-E293000
http://tun.fi/JX.1444833#21,herkkutatti (fi) — Boletus edulis,Boletus edulis,2022-09-25 [16:31-17:36],2022,Suomi,Varsinais-Suomi (V),1.0,60.451541,23.083952,6708107.0,284642.0,NEUTRAL,HOBBYIST,Photographed,The Atlas of Finnish Fungi,ETRS-TM35FIN-1km-N6708000-E284000
http://tun.fi/HR.3211/136802133-U,herkkutatti (fi) — Boletus edulis,Boletus edulis,2022-09-28,2022,Suomi,Pohjois-Savo (PS),10.0,63.56485,27.19712,7048542.0,509792.0,COMMUNITY_VERIFIED,AMATEUR,Photographed,iNaturalist Suomi Finland,ETRS-TM35FIN-1km-N7048000-E509000
http://tun.fi/HR.3211/137291175-U,herkkutatti (fi) — Boletus edulis,Boletus edulis,2022-10-02,2022,Suomi,Etelä-Häme (EH),100.0,61.05953,25.0459,6770993.0,394521.0,COMMUNITY_VERIFIED,AMATEUR,Photographed,iNaturalist Suomi Finland,ETRS-TM35FIN-1km-N6770000-E394000
http://tun.fi/HR.3211/137450328-U,herkkutatti (fi) — Boletus edulis,Boletus edulis,2022-10-03,2022,Suomi,Ahvenanmaa (A),244.0,60.22178,19.61414,6699019.0,91371.0,COMMUNITY_VERIFIED,AMATEUR,Photographed,iNaturalist Suomi Finland,ETRS-TM35FIN-1km-N6699000-E91000
http://tun.fi/HR.3211/138099766-U,herkkutatti (fi) — Boletus edulis,Boletus edulis,2022-10-09,2022,Suomi,Pohjois-Karjala (PK),10.0,62.62044,29.81337,6946449.0,644319.0,COMMUNITY_VERIFIED,AMATEUR,Photographed,iNaturalist Suomi Finland,ETRS-TM35FIN-1km-N6946000-E644000
http://tun.fi/HR.3211/150411873-U,herkkutatti (fi) — Boletus edulis,Boletus edulis,2022-10-09,2022,Suomi,Uusimaa (U),27.0,60.16172,24.74971,6671551.0,375114.0,COMMUNITY_VERIFIED,AMATEUR,Photographed,iNaturalist Suomi Finland,ETRS-TM35FIN-1km-N6671000-E375000
http://tun.fi/JX.1449357#3,herkkutatti (fi) — Boletus edulis,Boletus edulis,2022-10-15,2022,Suomi,Uusimaa (U),10000.0,60.262809,25.09998,6682194.0,394873.0,NEUTRAL,HOBBYIST,Photographed,The Atlas of Finnish Fungi,ETRS-TM35FIN-1km-N6682000-E394000
http://tun.fi/JX.1449930#3,herkkutatti (fi) — Boletus edulis,Boletus edulis,2022-10-16 [14:35],2022,Suomi,Etelä-Karjala (EK),1.0,60.646751,27.224672,6723464.0,512287.0,NEUTRAL,HOBBYIST,Observation,"Notebook, general observations",ETRS-TM35FIN-1km-N6723000-E512000
http://tun.fi/JX.1450512#9,herkkutatti (fi) — Boletus edulis,Boletus edulis,2022-10-23 [17:26-18:25],2022,Suomi,Varsinais-Suomi (V),1.0,60.379522,23.170481,6699815.0,288931.0,NEUTRAL,HOBBYIST,Photographed,The Atlas of Finnish Fungi,ETRS-TM35FIN-1km-N6699000-E288000
http://tun.fi/JX.1501669#3,herkkutatti (fi) — Boletus edulis,Boletus edulis,2022-10-24 [13:30],2022,Suomi,Etelä-Karjala (EK),1.0,60.656998,27.122239,6724590.0,506684.0,NEUTRAL,HOBBYIST,Observation,"Notebook, general observations",ETRS-TM35FIN-1km-N6724000-E506000
http://tun.fi/JX.1623792#23,herkkutatti (fi) — Boletus edulis,Boletus edulis,2022-10-29 - 2022-10-30,2022,Suomi,Uusimaa (U),1000.0,59.830302,23.033883,6639167.0,277735.0,NEUTRAL,HOBBYIST,Photographed,The Atlas of Finnish Fungi,ETRS-TM35FIN-1km-N6639000-E277000
http://tun.fi/JX.1608227#3,herkkutatti (fi) — Boletus edulis,Boletus edulis,2023-07-09,2023,Suomi,Etelä-Häme (EH),1000.0,61.201037,26.088494,6785522.0,451014.0,NEUTRAL,HOBBYIST,Photographed,The Atlas of Finnish Fungi,ETRS-TM35FIN-1km-N6785000-E451000
http://tun.fi/JX.1608749#3,herkkutatti (fi) — Boletus edulis,Boletus edulis,2023-07-10,2023,Suomi,Etelä-Häme (EH),1.0,61.011399,25.652626,6764807.0,427157.0,NEUTRAL,HOBBYIST,Photographed,The Atlas of Finnish Fungi,ETRS-TM35FIN-1km-N6764000-E427000
http://tun.fi/HR.3211/172698834-U,herkkutatti (fi) — Boletus edulis,Boletus edulis,2023-07-13,2023,Suomi,Etelä-Savo (ES),100.0,61.59173,26.46541,6828817.0,471627.0,COMMUNITY_VERIFIED,AMATEUR,Photographed,iNaturalist Suomi Finland,ETRS-TM35FIN-1km-N6828000-E471000
http://tun.fi/JX.1610637#23,herkkutatti (fi) — Boletus edulis,Boletus edulis,2023-07-13 [18:38],2023,Suomi,Pohjois-Häme (PH),1.0,62.318121,26.347633,6909791.0,466189.0,NEUTRAL,HOBBYIST,Photographed,The Atlas of Finnish Fungi,ETRS-TM35FIN-1km-N6909000-E466000
http://tun.fi/HR.3211/172821459-U,herkkutatti (fi) — Boletus edulis,Boletus edulis,2023-07-14,2023,Suomi,Etelä-Häme (EH),25000.0,61.1,24.5,6776504.0,365217.0,COMMUNITY_VERIFIED,AMATEUR,Photographed,iNaturalist Suomi Finland,ETRS-TM35FIN-1km-N6776000-E365000
http://tun.fi/HR.3211/172821512-U,herkkutatti (fi) — Boletus edulis,Boletus edulis,2023-07-14,2023,Suomi,Etelä-Häme (EH),100.0,61.17588,24.55916,6784829.0,368738.0,COMMUNITY_VERIFIED,AMATEUR,Photographed,iNaturalist Suomi Finland,ETRS-TM35FIN-1km-N6784000-E368000
http://tun.fi/HR.3211/173018758-U,herkkutatti (fi) — Boletus edulis,Boletus edulis,2023-07-15,2023,Suomi,Etelä-Häme (EH),100.0,61.16897,25.86591,6782138.0,438991.0,COMMUNITY_VERIFIED,AMATEUR,Photographed,iNaturalist Suomi Finland,ETRS-TM35FIN-1km-N6782000-E438000
http://tun.fi/JX.1612596#7,herkkutatti (fi) — Boletus edulis,Boletus edulis,2023-07-17,2023,Suomi,Etelä-Häme (EH),50000.0,61.659,23.961,6840053.0,339094.0,NEUTRAL,HOBBYIST,Photographed,The Atlas of Finnish Fungi,ETRS-TM35FIN-1km-N6840000-E339000
http://tun.fi/JX.1629153#3,herkkutatti (fi) — Boletus edulis,Boletus edulis,2023-07-18,2023,Suomi,Etelä-Häme (EH),1.0,61.507462,23.871677,6823309.0,333554.0,NEUTRAL,HOBBYIST,Observation,"Notebook, general observations",ETRS-TM35FIN-1km-N6823000-E333000
http://tun.fi/HR.3211/176144567-U,herkkutatti (fi) — Boletus edulis,Boletus edulis,2023-07-19,2023,Suomi,Laatokan Karjala (LK),126.0,61.55233,29.50035,6826861.0,632857.0,COMMUNITY_VERIFIED,AMATEUR,Photographed,iNaturalist Suomi Finland,ETRS-TM35FIN-1km-N6826000-E632000
http://tun.fi/HR.3211/176144518-U,herkkutatti (fi) — Boletus edulis,Boletus edulis,2023-07-20,2023,Suomi,Laatokan Karjala (LK),243.0,61.55258,29.5009,6826890.0,632885.0,COMMUNITY_VERIFIED,AMATEUR,Photographed,iNaturalist Suomi Finland,ETRS-TM35FIN-1km-N6826000-E632000
http://tun.fi/JX.1613030#9,herkkutatti (fi) — Boletus edulis,Boletus edulis,2023-07-20 [11:19],2023,Suomi,Etelä-Häme (EH),1.0,61.468413,23.814528,6819110.0,330302.0,NEUTRAL,HOBBYIST,Photographed,The Atlas of Finnish Fungi,ETRS-TM35FIN-1km-N6819000-E330000
http://tun.fi/JX.1619671#3,herkkutatti (fi) — Boletus edulis,Boletus edulis,2023-07-20 [13:05],2023,Suomi,Etelä-Karjala (EK),1.0,60.728732,27.3875,6732636.0,521138.0,NEUTRAL,HOBBYIST,Observation,"Notebook, general observations",ETRS-TM35FIN-1km-N6732000-E521000
http://tun.fi/HR.3211/174073347-U,herkkutatti (fi) — Boletus edulis,Boletus edulis,2023-07-21,2023,Suomi,"Etelä-Häme (EH), Etelä-Savo (ES)",25000.0,61.7,26.1,6841094.0,452382.0,COMMUNITY_VERIFIED,AMATEUR,Photographed,iNaturalist Suomi Finland,ETRS-TM35FIN-1km-N6841000-E452000
http://tun.fi/JX.1615019#15,herkkutatti (fi) — Boletus edulis,Boletus edulis,2023-07-21,2023,Suomi,Satakunta (St),1000.0,61.658626,23.460769,6841248.0,312619.0,NEUTRAL,HOBBYIST,Photographed,The Atlas of Finnish Fungi,ETRS-TM35FIN-1km-N6841000-E312000
http://tun.fi/HR.3211/174240389-U,herkkutatti (fi) — Boletus edulis,Boletus edulis,2023-07-22,2023,Suomi,Etelä-Savo (ES),441.0,61.20981,26.99945,6786158.0,499971.0,NEUTRAL,AMATEUR,Photographed,iNaturalist Suomi Finland,ETRS-TM35FIN-1km-N6786000-E499000
http://tun.fi/JX.1616106#19,herkkutatti (fi) — Boletus edulis,Boletus edulis,2023-07-23,2023,Suomi,"Etelä-Häme (EH), Satakunta (St)",1000.0,61.659401,23.477275,6841287.0,313498.0,NEUTRAL,HOBBYIST,Photographed,The Atlas of Finnish Fungi,ETRS-TM35FIN-1km-N6841000-E313000
http://tun.fi/JX.1616106#5,herkkutatti (fi) — Boletus edulis,Boletus edulis,2023-07-23,2023,Suomi,"Etelä-Häme (EH), Satakunta (St)",1000.0,61.659401,23.477275,6841287.0,313498.0,NEUTRAL,HOBBYIST,Photographed,The Atlas of Finnish Fungi,ETRS-TM35FIN-1km-N6841000-E313000
http://tun.fi/HR.3211/174898325-U,herkkutatti (fi) — Boletus edulis,Boletus edulis,2023-07-25,2023,Suomi,Pohjois-Savo (PS),10.0,63.56199,27.55181,7048326.0,527413.0,COMMUNITY_VERIFIED,AMATEUR,Photographed,iNaturalist Suomi Finland,ETRS-TM35FIN-1km-N7048000-E527000
http://tun.fi/JX.1610844#1130,herkkutatti (fi) — Boletus edulis,Boletus edulis,2023-07-25,2023,Suomi,Etelä-Savo (ES),1000.0,61.413439,29.176865,6810777.0,616171.0,NEUTRAL,HOBBYIST,"Handled (catched, not preserved)","Notebook, general observations",ETRS-TM35FIN-1km-N6810000-E616000
http://tun.fi/HR.3211/175061796-U,herkkutatti (fi) — Boletus edulis,Boletus edulis,2023-07-26,2023,Suomi,Pohjois-Savo (PS),100.0,62.30377,27.80683,6908283.0,541838.0,COMMUNITY_VERIFIED,AMATEUR,Photographed,iNaturalist Suomi Finland,ETRS-TM35FIN-1km-N6908000-E541000
http://tun.fi/HR.3211/183092995-U,herkkutatti (fi) — Boletus edulis,Boletus edulis,2023-07-27,2023,Suomi,Uusimaa (U),20.0,60.22445,24.92233,6678221.0,384912.0,COMMUNITY_VERIFIED,AMATEUR,Photographed,iNaturalist Suomi Finland,ETRS-TM35FIN-1km-N6678000-E384000
http://tun.fi/HR.3211/175499271-U,herkkutatti (fi) — Boletus edulis,Boletus edulis,2023-07-29,2023,Suomi,Etelä-Savo (ES),100.0,61.12883,28.44083,6777993.0,577609.0,COMMUNITY_VERIFIED,AMATEUR,Photographed,iNaturalist Suomi Finland,ETRS-TM35FIN-1km-N6777000-E577000
http://tun.fi/HR.3211/175503881-U,herkkutatti (fi) — Boletus edulis,Boletus edulis,2023-07-29,2023,Suomi,Pohjois-Karjala (PK),11.0,62.57927,29.87174,6941998.0,647516.0,COMMUNITY_VERIFIED,AMATEUR,Photographed,iNaturalist Suomi Finland,ETRS-TM35FIN-1km-N6941000-E647000
http://tun.fi/HR.3211/175511118-U,herkkutatti (fi) — Boletus edulis,Boletus edulis,2023-07-29,2023,Suomi,Pohjois-Savo (PS),31.0,62.78916,28.52566,6963021.0,577831.0,COMMUNITY_VERIFIED,AMATEUR,Photographed,iNaturalist Suomi Finland,ETRS-TM35FIN-1km-N6963000-E577000
http://tun.fi/HR.3211/232551942-U,herkkutatti (fi) — Boletus edulis,Boletus edulis,2023-07-29,2023,Suomi,Etelä-Savo (ES),100.0,61.82607,28.87075,6856224.0,598534.0,COMMUNITY_VERIFIED,AMATEUR,Photographed,iNaturalist Suomi Finland,ETRS-TM35FIN-1km-N6856000-E598000
http://tun.fi/HR.3211/193629275-U,herkkutatti (fi) — Boletus edulis,Boletus edulis,2023-07-30,2023,Suomi,Oulun Pohjanmaa (OP),100.0,65.02444,25.64778,7211861.0,436297.0,COMMUNITY_VERIFIED,AMATEUR,Photographed,iNaturalist Suomi Finland,ETRS-TM35FIN-1km-N7211000-E436000
http://tun.fi/JX.1620398#3,herkkutatti (fi) — Boletus edulis,Boletus edulis,2023-07-30,2023,Suomi,Etelä-Häme (EH),1.0,60.904357,25.243076,6753412.0,404699.0,NEUTRAL,HOBBYIST,Photographed,The Atlas of Finnish Fungi,ETRS-TM35FIN-1km-N6753000-E404000
http://tun.fi/HR.3211/175918081-U,herkkutatti (fi) — Boletus edulis,Boletus edulis,2023-07-31,2023,Suomi,Pohjois-Savo (PS),10.0,63.05445,28.35598,6992380.0,568553.0,COMMUNITY_VERIFIED,AMATEUR,Photographed,iNaturalist Suomi Finland,ETRS-TM35FIN-1km-N6992000-E568000
http://tun.fi/HR.3211/175929379-U,herkkutatti (fi) — Boletus edulis,Boletus edulis,2023-07-31,2023,Suomi,Keski-Pohjanmaa (KP),92.0,64.01441,26.08353,7098943.0,455199.0,NEUTRAL,AMATEUR,Photographed,iNaturalist Suomi Finland,ETRS-TM35FIN-1km-N7098000-E455000
http://tun.fi/JX.2431795#3,herkkutatti (fi) — Boletus edulis,Boletus edulis,2023-07-31,2023,Suomi,Etelä-Häme (EH),1.0,60.994869,24.694489,6764411.0,375303.0,NEUTRAL,HOBBYIST,Photographed,"Notebook, general observations",ETRS-TM35FIN-1km-N6764000-E375000
http://tun.fi/HR.3211/176115124-U,herkkutatti (fi) — Boletus edulis,Boletus edulis,2023-08-01,2023,Suomi,Pohjois-Karjala (PK),100.0,61.89013,29.67232,6864831.0,640445.0,COMMUNITY_VERIFIED,AMATEUR,Photographed,iNaturalist Suomi Finland,ETRS-TM35FIN-1km-N6864000-E640000
http://tun.fi/HR.3211/186891748-U,herkkutatti (fi) — Boletus edulis,Boletus edulis,2023-08-01,2023,Suomi,Pohjois-Savo (PS),10.0,63.37752,27.43341,7027727.0,521670.0,COMMUNITY_VERIFIED,AMATEUR,Photographed,iNaturalist Suomi Finland,ETRS-TM35FIN-1km-N7027000-E521000
http://tun.fi/HR.3211/176467883-U,herkkutatti (fi) — Boletus edulis,Boletus edulis,2023-08-02,2023,Suomi,Satakunta (St),32.0,61.49553,22.19981,6827395.0,244596.0,COMMUNITY_VERIFIED,AMATEUR,Photographed,iNaturalist Suomi Finland,ETRS-TM35FIN-1km-N6827000-E244000
http://tun.fi/JX.1621951#27,herkkutatti (fi) — Boletus edulis,Boletus edulis,2023-08-02 [14:10-19:21],2023,Suomi,Varsinais-Suomi (V),10000.0,60.214163,22.936706,6682193.0,274921.0,NEUTRAL,HOBBYIST,Photographed,The Atlas of Finnish Fungi,ETRS-TM35FIN-1km-N6682000-E274000
http://tun.fi/JX.1622440#3,herkkutatti (fi) — Boletus edulis,Boletus edulis,2023-08-03,2023,Suomi,Perä-Pohjanmaa (PeP),1.0,66.52803,25.574278,7379492.0,436638.0,NEUTRAL,HOBBYIST,Photographed,The Atlas of Finnish Fungi,ETRS-TM35FIN-1km-N7379000-E436000
http://tun.fi/JX.1680914#9,herkkutatti (fi) — Boletus edulis,Boletus edulis,2023-08-03,2023,Suomi,Etelä-Häme (EH),1000.0,61.560247,23.519499,6830132.0,315141.0,NEUTRAL,HOBBYIST,Photographed,The Atlas of Finnish Fungi,ETRS-TM35FIN-1km-N6830000-E315000
http://tun.fi/JX.1622363#12,herkkutatti (fi) — Boletus edulis,Boletus edulis,2023-08-03 [19:24-20:09],2023,Suomi,Varsinais-Suomi (V),1.0,60.4738,23.088829,6710567.0,285058.0,NEUTRAL,HOBBYIST,Photographed,The Atlas of Finnish Fungi,ETRS-TM35FIN-1km-N6710000-E285000
http://tun.fi/HR.3211/176583188-U,herkkutatti (fi) — Boletus edulis,Boletus edulis,2023-08-04,2023,Suomi,Uusimaa (U),10.0,60.24368,25.21662,6679885.0,401269.0,COMMUNITY_VERIFIED,AMATEUR,Photographed,iNaturalist Suomi Finland,ETRS-TM35FIN-1km-N6679000-E401000
http://tun.fi/HR.3211/176977920-U,herkkutatti (fi) — Boletus edulis,Boletus edulis,2023-08-04,2023,Suomi,Etelä-Häme (EH),150.0,61.1538,23.8932,6783891.0,332824.0,NEUTRAL,AMATEUR,Observation,iNaturalist Suomi Finland,ETRS-TM35FIN-1km-N6783000-E332000
http://tun.fi/JX.1622633#48,herkkutatti (fi) — Boletus edulis,Boletus edulis,2023-08-04 [18:29],2023,Suomi,Etelä-Häme (EH),10.0,61.337894,23.511977,6805410.0,313417.0,NEUTRAL,HOBBYIST,Observation,"Notebook, general observations",ETRS-TM35FIN-1km-N6805000-E313000
http://tun.fi/HR.3211/176730730-U,herkkutatti (fi) — Boletus edulis,Boletus edulis,2023-08-05,2023,Suomi,Uusimaa (U),74.0,60.06594,24.21569,6662020.0,345038.0,COMMUNITY_VERIFIED,AMATEUR,Photographed,iNaturalist Suomi Finland,ETRS-TM35FIN-1km-N6662000-E345000
http://tun.fi/HR.3211/176744074-U,herkkutatti (fi) — Boletus edulis,Boletus edulis,2023-08-05,2023,Suomi,Etelä-Häme (EH),100.0,61.29574,25.53557,6796610.0,421538.0,COMMUNITY_VERIFIED,AMATEUR,Photographed,iNaturalist Suomi Finland,ETRS-TM35FIN-1km-N6796000-E421000
http://tun.fi/HR.3211/176750445-U,herkkutatti (fi) — Boletus edulis,Boletus edulis,2023-08-05,2023,Suomi,Uusimaa (U),10.0,60.30439,25.20421,6686663.0,400766.0,COMMUNITY_VERIFIED,AMATEUR,Photographed,iNaturalist Suomi Finland,ETRS-TM35FIN-1km-N6686000-E400000
http://tun.fi/HR.3211/176754784-U,herkkutatti (fi) — Boletus edulis,Boletus edulis,2023-08-05,2023,Suomi,Varsinais-Suomi (V),100.0,60.40847,22.23608,6706394.0,237718.0,COMMUNITY_VERIFIED,AMATEUR,Photographed,iNaturalist Suomi Finland,ETRS-TM35FIN-1km-N6706000-E237000
http://tun.fi/HR.3211/176775628-U,herkkutatti (fi) — Boletus edulis,Boletus edulis,2023-08-05,2023,Suomi,Uusimaa (U),357.0,60.432,25.0368,6701135.0,391940.0,COMMUNITY_VERIFIED,AMATEUR,Photographed,iNaturalist Suomi Finland,ETRS-TM35FIN-1km-N6701000-E391000
http://tun.fi/JX.1622806#18,herkkutatti (fi) — Boletus edulis,Boletus edulis,2023-08-05,2023,Suomi,Uusimaa (U),1000.0,60.213593,24.682613,6677453.0,371594.0,NEUTRAL,HOBBYIST,Photographed,The Atlas of Finnish Fungi,ETRS-TM35FIN-1km-N6677000-E371000
http://tun.fi/JX.1623989#13,herkkutatti (fi) — Boletus edulis,Boletus edulis,2023-08-05,2023,Suomi,Varsinais-Suomi (V),1000.0,60.447203,23.071085,6707666.0,283903.0,NEUTRAL,HOBBYIST,Photographed,The Atlas of Finnish Fungi,ETRS-TM35FIN-1km-N6707000-E283000
http://tun.fi/JX.1627202#46,herkkutatti (fi) — Boletus edulis,Boletus edulis,2023-08-05,2023,Suomi,Etelä-Pohjanmaa (EP),1.0,63.038242,21.610269,7001283.0,227592.0,NEUTRAL,HOBBYIST,Photographed,The Atlas of Finnish Fungi,ETRS-TM35FIN-1km-N7001000-E227000
http://tun.fi/JX.1623199#3,herkkutatti (fi) — Boletus edulis,Boletus edulis,2023-08-05 [15:00-15:00],2023,Suomi,Varsinais-Suomi (V),10000.0,60.623587,21.787367,6732173.0,214945.0,NEUTRAL,HOBBYIST,Photographed,"Notebook, general observations",ETRS-TM35FIN-1km-N6732000-E214000
http://tun.fi/JX.1622802#54,herkkutatti (fi) — Boletus edulis,Boletus edulis,2023-08-05 [15:06-16:25],2023,Suomi,Varsinais-Suomi (V),1.0,60.431868,23.018466,6706135.0,280912.0,NEUTRAL,HOBBYIST,Photographed,The Atlas of Finnish Fungi,ETRS-TM35FIN-1km-N6706000-E280000
http://tun.fi/HR.3211/176945648-U,herkkutatti (fi) — Boletus edulis,Boletus edulis,2023-08-06,2023,Suomi,Oulun Pohjanmaa (OP),10.0,65.026,25.62631,7212056.0,435289.0,COMMUNITY_VERIFIED,AMATEUR,Photographed,iNaturalist Suomi Finland,ETRS-TM35FIN-1km-N7212000-E435000
http://tun.fi/HR.3211/177350604-U,herkkutatti (fi) — Boletus edulis,Boletus edulis,2023-08-06,2023,Suomi,Etelä-Häme (EH),25000.0,61.3,24.7,6798377.0,376779.0,COMMUNITY_VERIFIED,AMATEUR,Photographed,iNaturalist Suomi Finland,ETRS-TM35FIN-1km-N6798000-E376000
http://tun.fi/JX.1623180#20,herkkutatti (fi) — Boletus edulis,Boletus edulis,2023-08-06,2023,Suomi,Satakunta (St),1.0,61.659066,23.460997,6841297.0,312635.0,NEUTRAL,HOBBYIST,Photographed,The Atlas of Finnish Fungi,ETRS-TM35FIN-1km-N6841000-E312000
http://tun.fi/JX.1679048#9,herkkutatti (fi) — Boletus edulis,Boletus edulis,2023-08-06,2023,Suomi,Etelä-Savo (ES),100.0,62.03261,26.766596,6877835.0,487788.0,NEUTRAL,HOBBYIST,Photographed,The Atlas of Finnish Fungi,ETRS-TM35FIN-1km-N6877000-E487000
http://tun.fi/HR.3211/177134383-U,herkkutatti (fi) — Boletus edulis,Boletus edulis,2023-08-07,2023,Suomi,Etelä-Häme (EH),1100.0,61.50854,23.90905,6823334.0,335547.0,COMMUNITY_VERIFIED,AMATEUR,Photographed,iNaturalist Suomi Finland,ETRS-TM35FIN-1km-N6823000-E335000
http://tun.fi/HR.3211/177138661-U,herkkutatti (fi) — Boletus edulis,Boletus edulis,2023-08-07,2023,Suomi,Etelä-Häme (EH),10.0,60.93639,24.21327,6758914.0,349009.0,COMMUNITY_VERIFIED,AMATEUR,Photographed,iNaturalist Suomi Finland,ETRS-TM35FIN-1km-N6758000-E349000
http://tun.fi/HR.3211/177159785-U,herkkutatti (fi) — Boletus edulis,Boletus edulis,2023-08-07,2023,Suomi,Etelä-Savo (ES),10.0,61.7477,29.37644,6848368.0,625481.0,COMMUNITY_VERIFIED,AMATEUR,Photographed,iNaturalist Suomi Finland,ETRS-TM35FIN-1km-N6848000-E625000
http://tun.fi/HR.3211/192710765-U,herkkutatti (fi) — Boletus edulis,Boletus edulis,2023-08-07,2023,Suomi,Varsinais-Suomi (V),100.0,59.95097,23.01259,6652662.0,277353.0,COMMUNITY_VERIFIED,AMATEUR,Photographed,iNaturalist Suomi Finland,ETRS-TM35FIN-1km-N6652000-E277000
http://tun.fi/JX.1623856#6,herkkutatti (fi) — Boletus edulis,Boletus edulis,2023-08-07,2023,Suomi,Perä-Pohjanmaa (PeP),1.0,66.618004,26.177655,7389038.0,463584.0,NEUTRAL,HOBBYIST,Photographed,The Atlas of Finnish Fungi,ETRS-TM35FIN-1km-N7389000-E463000
http://tun.fi/HR.3211/192710966-U,herkkutatti (fi) — Boletus edulis,Boletus edulis,2023-08-08,2023,Suomi,Varsinais-Suomi (V),100.0,59.94642,23.0809,6651928.0,281134.0,COMMUNITY_VERIFIED,AMATEUR,Photographed,iNaturalist Suomi Finland,ETRS-TM35FIN-1km-N6651000-E281000
http://tun.fi/HR.3211/193716516-U,herkkutatti (fi) — Boletus edulis,Boletus edulis,2023-08-08,2023,Suomi,Oulun Pohjanmaa (OP),10.0,65.05832,25.47133,7215825.0,428077.0,COMMUNITY_VERIFIED,AMATEUR,Photographed,iNaturalist Suomi Finland,ETRS-TM35FIN-1km-N7215000-E428000
http://tun.fi/JX.1621340#2195,herkkutatti (fi) — Boletus edulis,Boletus edulis,2023-08-08,2023,Suomi,Pohjois-Häme (PH),100.0,63.090015,25.703287,6996280.0,434524.0,NEUTRAL,HOBBYIST,Observation,"Notebook, general observations",ETRS-TM35FIN-1km-N6996000-E434000
http://tun.fi/JX.1624234#13,herkkutatti (fi) — Boletus edulis,Boletus edulis,2023-08-08,2023,Suomi,Etelä-Häme (EH),5000.0,61.209836,26.112664,6786484.0,452326.0,NEUTRAL,HOBBYIST,Observation,The Atlas of Finnish Fungi,ETRS-TM35FIN-1km-N6786000-E452000
http://tun.fi/JX.1627785#47,herkkutatti (fi) — Boletus edulis,Boletus edulis,2023-08-08,2023,Suomi,Etelä-Pohjanmaa (EP),1.0,63.037947,21.611103,7001247.0,227631.0,NEUTRAL,HOBBYIST,Photographed,The Atlas of Finnish Fungi,ETRS-TM35FIN-1km-N7001000-E227000
http://tun.fi/HR.3211/177479258-U,herkkutatti (fi) — Boletus edulis,Boletus edulis,2023-08-09,2023,Suomi,Uusimaa (U),10.0,60.24462,25.20278,6680010.0,400505.0,COMMUNITY_VERIFIED,AMATEUR,Photographed,iNaturalist Suomi Finland,ETRS-TM35FIN-1km-N6680000-E400000
http://tun.fi/HR.3211/177501736-U,herkkutatti (fi) — Boletus edulis,Boletus edulis,2023-08-09,2023,Suomi,Pohjois-Häme (PH),10.0,62.22804,25.7398,6900223.0,434492.0,COMMUNITY_VERIFIED,AMATEUR,Photographed,iNaturalist Suomi Finland,ETRS-TM35FIN-1km-N6900000-E434000
http://tun.fi/HR.3211/177554504-U,herkkutatti (fi) — Boletus edulis,Boletus edulis,2023-08-09,2023,Suomi,Varsinais-Suomi (V),100.0,60.54137,22.22806,6721201.0,238350.0,COMMUNITY_VERIFIED,AMATEUR,Photographed,iNaturalist Suomi Finland,ETRS-TM35FIN-1km-N6721000-E238000
http://tun.fi/HR.3211/177574837-U,herkkutatti (fi) — Boletus edulis,Boletus edulis,2023-08-09,2023,Suomi,Uusimaa (U),357.0,60.25623,24.7912,6681995.0,377769.0,COMMUNITY_VERIFIED,AMATEUR,Photographed,iNaturalist Suomi Finland,ETRS-TM35FIN-1km-N6681000-E377000
http://tun.fi/HR.3211/327915198-U,herkkutatti (fi) — Boletus edulis,Boletus edulis,2023-08-09,2023,Suomi,Oulun Pohjanmaa (OP),100.0,64.80674,25.36494,7187920.0,422347.0,COMMUNITY_VERIFIED,AMATEUR,Photographed,iNaturalist Suomi Finland,ETRS-TM35FIN-1km-N7187000-E422000
http://tun.fi/JX.1621340#2317,herkkutatti (fi) — Boletus edulis,Boletus edulis,2023-08-09,2023,Suomi,Etelä-Häme (EH),1000.0,62.099776,25.623492,6886057.0,428141.0,NEUTRAL,HOBBYIST,"Handled (catched, not preserved)","Notebook, general observations",ETRS-TM35FIN-1km-N6886000-E428000
http://tun.fi/JX.1624440#3,herkkutatti (fi) — Boletus edulis,Boletus edulis,2023-08-09 [11:25],2023,Suomi,Etelä-Savo (ES),1.0,61.092985,28.198156,6773737.0,564612.0,NEUTRAL,HOBBYIST,Photographed,The Atlas of Finnish Fungi,ETRS-TM35FIN-1km-N6773000-E564000
http://tun.fi/HR.3211/177626140-U,herkkutatti (fi) — Boletus edulis,Boletus edulis,2023-08-10,2023,Suomi,Uusimaa (U),10.0,60.37326,24.7444,6695111.0,375625.0,COMMUNITY_VERIFIED,AMATEUR,Photographed,iNaturalist Suomi Finland,ETRS-TM35FIN-1km-N6695000-E375000
http://tun.fi/JX.1624959#24,herkkutatti (fi) — Boletus edulis,Boletus edulis,2023-08-10 [16:31-17:52],2023,Suomi,Varsinais-Suomi (V),1.0,60.334332,23.216414,6694642.0,291172.0,NEUTRAL,HOBBYIST,Photographed,The Atlas of Finnish Fungi,ETRS-TM35FIN-1km-N6694000-E291000
http://tun.fi/JX.1624759#9,herkkutatti (fi) — Boletus edulis,Boletus edulis,2023-08-10 [8:55],2023,Suomi,Pohjois-Häme (PH),1.0,62.043428,26.142186,6879316.0,455136.0,NEUTRAL,HOBBYIST,Photographed,The Atlas of Finnish Fungi,ETRS-TM35FIN-1km-N6879000-E455000
http://tun.fi/HR.3211/327948671-U,herkkutatti (fi) — Boletus edulis,Boletus edulis,2023-08-11,2023,Suomi,Etelä-Häme (EH),100.0,62.05171,23.83418,6883982.0,334512.0,COMMUNITY_VERIFIED,AMATEUR,Photographed,iNaturalist Suomi Finland,ETRS-TM35FIN-1km-N6883000-E334000
http://tun.fi/JX.1625967#1040,herkkutatti (fi) — Boletus edulis,Boletus edulis,2023-08-11,2023,Suomi,Uusimaa (U),1000.0,60.296346,24.520487,6686991.0,362953.0,NEUTRAL,HOBBYIST,"Handled (catched, not preserved)","Notebook, general observations",ETRS-TM35FIN-1km-N6686000-E362000
http://tun.fi/JX.1625967#189,herkkutatti (fi) — Boletus edulis,Boletus edulis,2023-08-11,2023,Suomi,Uusimaa (U),1000.0,60.318559,24.525797,6689455.0,363345.0,NEUTRAL,HOBBYIST,"Handled (catched, not preserved)","Notebook, general observations",ETRS-TM35FIN-1km-N6689000-E363000
http://tun.fi/JX.1628103#15,herkkutatti (fi) — Boletus edulis,Boletus edulis,2023-08-11,2023,Suomi,Etelä-Pohjanmaa (EP),1.0,63.042672,21.596258,7001835.0,226926.0,NEUTRAL,HOBBYIST,Photographed,The Atlas of Finnish Fungi,ETRS-TM35FIN-1km-N7001000-E226000
http://tun.fi/HR.3211/177989981-U,herkkutatti (fi) — Boletus edulis,Boletus edulis,2023-08-12,2023,Suomi,Uusimaa (U),10.0,60.31178,25.17199,6687535.0,399008.0,COMMUNITY_VERIFIED,AMATEUR,Photographed,iNaturalist Suomi Finland,ETRS-TM35FIN-1km-N6687000-E399000
http://tun.fi/HR.3211/177999118-U,herkkutatti (fi) — Boletus edulis,Boletus edulis,2023-08-12,2023,Suomi,Etelä-Pohjanmaa (EP),10.0,63.01133,22.32851,6995446.0,263624.0,NEUTRAL,AMATEUR,Photographed,iNaturalist Suomi Finland,ETRS-TM35FIN-1km-N6995000-E263000
http://tun.fi/HR.3211/177999192-U,herkkutatti (fi) — Boletus edulis,Boletus edulis,2023-08-12,2023,Suomi,Etelä-Pohjanmaa (EP),10.0,63.01132,22.32853,6995445.0,263625.0,NEUTRAL,AMATEUR,Photographed,iNaturalist Suomi Finland,ETRS-TM35FIN-1km-N6995000-E263000
http://tun.fi/HR.3211/177999546-U,herkkutatti (fi) — Boletus edulis,Boletus edulis,2023-08-12,2023,Suomi,"Satakunta (St), Varsinais-Suomi (V)",25000.0,60.7,22.7,6737060.0,265339.0,COMMUNITY_VERIFIED,AMATEUR,Photographed,iNaturalist Suomi Finland,ETRS-TM35FIN-1km-N6737000-E265000
http://tun.fi/HR.3211/178131383-U,herkkutatti (fi) — Boletus edulis,Boletus edulis,2023-08-13,2023,Suomi,Etelä-Häme (EH),10.0,61.25018,26.08234,6791001.0,450761.0,COMMUNITY_VERIFIED,AMATEUR,Photographed,iNaturalist Suomi Finland,ETRS-TM35FIN-1km-N6791000-E450000
http://tun.fi/HR.3211/178141457-U,herkkutatti (fi) — Boletus edulis,Boletus edulis,2023-08-13,2023,Suomi,Uusimaa (U),10.0,60.18112,24.99896,6673265.0,389010.0,COMMUNITY_VERIFIED,AMATEUR,Photographed,iNaturalist Suomi Finland,ETRS-TM35FIN-1km-N6673000-E389000
http://tun.fi/HR.3211/178141653-U,herkkutatti (fi) — Boletus edulis,Boletus edulis,2023-08-13,2023,Suomi,Uusimaa (U),100.0,60.28783,25.18814,6684844.0,399827.0,COMMUNITY_VERIFIED,AMATEUR,Photographed,iNaturalist Suomi Finland,ETRS-TM35FIN-1km-N6684000-E399000
http://tun.fi/HR.3211/178144854-U,herkkutatti (fi) — Boletus edulis,Boletus edulis,2023-08-13,2023,Suomi,Uusimaa (U),100.0,60.27156,25.22823,6682972.0,401995.0,COMMUNITY_VERIFIED,AMATEUR,Photographed,iNaturalist Suomi Finland,ETRS-TM35FIN-1km-N6682000-E401000
http://tun.fi/HR.3211/178149175-U,herkkutatti (fi) — Boletus edulis,Boletus edulis,2023-08-13,2023,Suomi,Etelä-Häme (EH),100.0,61.45862,24.13234,6817234.0,347177.0,COMMUNITY_VERIFIED,AMATEUR,Photographed,iNaturalist Suomi Finland,ETRS-TM35FIN-1km-N6817000-E347000
http://tun.fi/HR.3211/197814100-U,herkkutatti (fi) — Boletus edulis,Boletus edulis,2023-08-13,2023,Suomi,Uusimaa (U),100.0,60.2411,25.15272,6679695.0,397724.0,COMMUNITY_VERIFIED,AMATEUR,Photographed,iNaturalist Suomi Finland,ETRS-TM35FIN-1km-N6679000-E397000
http://tun.fi/HR.3211/261967943-U,herkkutatti (fi) — Boletus edulis,Boletus edulis,2023-08-13,2023,Suomi,Varsinais-Suomi (V),150.0,60.48727,22.3795,6714593.0,246221.0,COMMUNITY_VERIFIED,AMATEUR,Photographed,iNaturalist Suomi Finland,ETRS-TM35FIN-1km-N6714000-E246000
http://tun.fi/JX.1626251#174,herkkutatti (fi) — Boletus edulis,Boletus edulis,2023-08-13 - 2023-08-17,2023,Suomi,Pohjois-Karjala (PK),1.0,63.114006,29.777003,7001321.0,640082.0,NEUTRAL,HOBBYIST,Photographed,The Atlas of Finnish Fungi,ETRS-TM35FIN-1km-N7001000-E640000
http://tun.fi/HR.3211/178376519-U,herkkutatti (fi) — Boletus edulis,Boletus edulis,2023-08-14,2023,Suomi,Uusimaa (U),25000.0,60.3,25.1,6686339.0,394977.0,COMMUNITY_VERIFIED,AMATEUR,Photographed,iNaturalist Suomi Finland,ETRS-TM35FIN-1km-N6686000-E394000
http://tun.fi/HR.3211/178394897-U,herkkutatti (fi) — Boletus edulis,Boletus edulis,2023-08-14,2023,Suomi,Uusimaa (U),25000.0,60.3,25.1,6686339.0,394977.0,COMMUNITY_VERIFIED,AMATEUR,Photographed,iNaturalist Suomi Finland,ETRS-TM35FIN-1km-N6686000-E394000
http://tun.fi/HR.3211/182152996-U,herkkutatti (fi) — Boletus edulis,Boletus edulis,2023-08-14,2023,Suomi,Etelä-Häme (EH),20.0,60.72272,24.7528,6734002.0,377418.0,COMMUNITY_VERIFIED,AMATEUR,Photographed,iNaturalist Suomi Finland,ETRS-TM35FIN-1km-N6734000-E377000
http://tun.fi/JX.1649250#3,herkkutatti (fi) — Boletus edulis,Boletus edulis,2023-08-14,2023,Suomi,Pohjois-Savo (PS),1.0,62.44314,28.8066,6924852.0,593240.0,NEUTRAL,HOBBYIST,Photographed,The Atlas of Finnish Fungi,ETRS-TM35FIN-1km-N6924000-E593000
http://tun.fi/JX.1758487#11,herkkutatti (fi) — Boletus edulis,Boletus edulis,2023-08-14 [15:00-17:00],2023,Suomi,Etelä-Häme (EH),100.0,61.509845,23.784578,6823799.0,328935.0,NEUTRAL,HOBBYIST,Photographed,"Notebook, general observations",ETRS-TM35FIN-1km-N6823000-E328000
http://tun.fi/HR.3211/178514291-U,herkkutatti (fi) — Boletus edulis,Boletus edulis,2023-08-15,2023,Suomi,Etelä-Häme (EH),19.0,61.64607,24.99718,6836386.0,393896.0,COMMUNITY_VERIFIED,AMATEUR,Photographed,iNaturalist Suomi Finland,ETRS-TM35FIN-1km-N6836000-E393000
http://tun.fi/HR.3211/178565432-U,herkkutatti (fi) — Boletus edulis,Boletus edulis,2023-08-15,2023,Suomi,Uusimaa (U),10.0,60.21809,24.99062,6677395.0,388672.0,COMMUNITY_VERIFIED,AMATEUR,Photographed,iNaturalist Suomi Finland,ETRS-TM35FIN-1km-N6677000-E388000
http://tun.fi/JX.1626794#39,herkkutatti (fi) — Boletus edulis,Boletus edulis,2023-08-15 [14:00-16:11],2023,Suomi,Varsinais-Suomi (V),1.0,60.428938,23.062149,6705664.0,283294.0,NEUTRAL,HOBBYIST,Photographed,The Atlas of Finnish Fungi,ETRS-TM35FIN-1km-N6705000-E283000
http://tun.fi/HR.3211/178688298-U,herkkutatti (fi) — Boletus edulis,Boletus edulis,2023-08-16,2023,Suomi,Varsinais-Suomi (V),10.0,59.96075,22.86081,6654270.0,268953.0,COMMUNITY_VERIFIED,AMATEUR,Photographed,iNaturalist Suomi Finland,ETRS-TM35FIN-1km-N6654000-E268000
http://tun.fi/HR.3211/178696326-U,herkkutatti (fi) — Boletus edulis,Boletus edulis,2023-08-16,2023,Suomi,Etelä-Häme (EH),2945.0,60.86913,23.9327,6752107.0,333463.0,COMMUNITY_VERIFIED,AMATEUR,Photographed,iNaturalist Suomi Finland,ETRS-TM35FIN-1km-N6752000-E333000
http://tun.fi/HR.3211/178965864-U,herkkutatti (fi) — Boletus edulis,Boletus edulis,2023-08-16,2023,Suomi,Uusimaa (U),100.0,60.1803,24.88211,6673376.0,382527.0,COMMUNITY_VERIFIED,AMATEUR,Photographed,iNaturalist Suomi Finland,ETRS-TM35FIN-1km-N6673000-E382000
http://tun.fi/HR.3211/179297990-U,herkkutatti (fi) — Boletus edulis,Boletus edulis,2023-08-16,2023,Suomi,"Uusimaa (U), Varsinais-Suomi (V)",25000.0,60.1,23.7,6667134.0,316525.0,COMMUNITY_VERIFIED,AMATEUR,Photographed,iNaturalist Suomi Finland,ETRS-TM35FIN-1km-N6667000-E316000
http://tun.fi/JX.1688956#16,herkkutatti (fi) — Boletus edulis,Boletus edulis,2023-08-16,2023,Suomi,Etelä-Pohjanmaa (EP),1.0,63.051975,21.610356,7002809.0,227724.0,NEUTRAL,HOBBYIST,Photographed,The Atlas of Finnish Fungi,ETRS-TM35FIN-1km-N7002000-E227000
http://tun.fi/JX.1688956#22,herkkutatti (fi) — Boletus edulis,Boletus edulis,2023-08-16,2023,Suomi,Etelä-Pohjanmaa (EP),1.0,63.052044,21.610472,7002816.0,227731.0,NEUTRAL,HOBBYIST,Photographed,The Atlas of Finnish Fungi,ETRS-TM35FIN-1km-N7002000-E227000
http://tun.fi/JX.1688956#46,herkkutatti (fi) — Boletus edulis,Boletus edulis,2023-08-16,2023,Suomi,Etelä-Pohjanmaa (EP),1.0,63.054458,21.619497,7003046.0,228208.0,NEUTRAL,HOBBYIST,Photographed,The Atlas of Finnish Fungi,ETRS-TM35FIN-1km-N7003000-E228000
http://tun.fi/JX.1688956#9,herkkutatti (fi) — Boletus edulis,Boletus edulis,2023-08-16,2023,Suomi,Etelä-Pohjanmaa (EP),1.0,63.051892,21.609986,7002801.0,227705.0,NEUTRAL,HOBBYIST,Photographed,The Atlas of Finnish Fungi,ETRS-TM35FIN-1km-N7002000-E227000
http://tun.fi/HR.3211/181503562-U,herkkutatti (fi) — Boletus edulis,Boletus edulis,2023-08-17,2023,Suomi,Varsinais-Suomi (V),5201.0,60.23075,22.95168,6683988.0,275864.0,COMMUNITY_VERIFIED,AMATEUR,Photographed,iNaturalist Suomi Finland,ETRS-TM35FIN-1km-N6683000-E275000
http://tun.fi/HR.3211/189724306-U,herkkutatti (fi) — Boletus edulis,Boletus edulis,2023-08-17,2023,Suomi,Etelä-Häme (EH),10.0,60.73465,24.07361,6736789.0,340442.0,COMMUNITY_VERIFIED,AMATEUR,Photographed,iNaturalist Suomi Finland,ETRS-TM35FIN-1km-N6736000-E340000
http://tun.fi/JX.1627499#21,herkkutatti (fi) — Boletus edulis,Boletus edulis,2023-08-17 [13:42-19:09],2023,Suomi,Varsinais-Suomi (V),1.0,60.354848,23.563236,6695876.0,310421.0,NEUTRAL,HOBBYIST,Photographed,The Atlas of Finnish Fungi,ETRS-TM35FIN-1km-N6695000-E310000
http://tun.fi/HR.3211/191756785-U,herkkutatti (fi) — Boletus edulis,Boletus edulis,2023-08-18,2023,Suomi,Oulun Pohjanmaa (OP),61.0,65.04219,24.57191,7215354.0,385703.0,COMMUNITY_VERIFIED,AMATEUR,Photographed,iNaturalist Suomi Finland,ETRS-TM35FIN-1km-N7215000-E385000
http://tun.fi/HR.3211/179368175-U,herkkutatti (fi) — Boletus edulis,Boletus edulis,2023-08-19,2023,Suomi,Uusimaa (U),10.0,60.15804,24.76452,6671113.0,375922.0,NEUTRAL,AMATEUR,Photographed,iNaturalist Suomi Finland,ETRS-TM35FIN-1km-N6671000-E375000
http://tun.fi/JX.1627998#35,herkkutatti (fi) — Boletus edulis,Boletus edulis,2023-08-19,2023,Suomi,"Uusimaa (U), Varsinais-Suomi (V)",1000.0,60.317297,24.523639,6689318.0,363221.0,NEUTRAL,HOBBYIST,Photographed,The Atlas of Finnish Fungi,ETRS-TM35FIN-1km-N6689000-E363000
http://tun.fi/HR.3211/179310358-U,herkkutatti (fi) — Boletus edulis,Boletus edulis,2023-08-20,2023,Suomi,"Etelä-Häme (EH), Uusimaa (U)",25000.0,60.9,25.1,6753147.0,396907.0,COMMUNITY_VERIFIED,AMATEUR,Photographed,iNaturalist Suomi Finland,ETRS-TM35FIN-1km-N6753000-E396000
http://tun.fi/HR.3211/179314878-U,herkkutatti (fi) — Boletus edulis,Boletus edulis,2023-08-20,2023,Suomi,"Satakunta (St), Varsinais-Suomi (V)",25000.0,60.7,22.7,6737060.0,265339.0,NEUTRAL,AMATEUR,Photographed,iNaturalist Suomi Finland,ETRS-TM35FIN-1km-N6737000-E265000
http://tun.fi/HR.3211/179717791-U,herkkutatti (fi) — Boletus edulis,Boletus edulis,2023-08-20,2023,Suomi,Etelä-Häme (EH),161.0,61.51012,23.63807,6824224.0,321147.0,COMMUNITY_VERIFIED,AMATEUR,Photographed,iNaturalist Suomi Finland,ETRS-TM35FIN-1km-N6824000-E321000
http://tun.fi/JX.1628449#74,herkkutatti (fi) — Boletus edulis,Boletus edulis,2023-08-20,2023,Suomi,Uusimaa (U),1000.0,60.213593,24.682613,6677453.0,371594.0,NEUTRAL,HOBBYIST,Photographed,The Atlas of Finnish Fungi,ETRS-TM35FIN-1km-N6677000-E371000
http://tun.fi/JX.1628406#21,herkkutatti (fi) — Boletus edulis,Boletus edulis,2023-08-20 [13:27],2023,Suomi,Etelä-Häme (EH),1.0,61.472553,23.804857,6819596.0,329810.0,NEUTRAL,HOBBYIST,Observation,The Atlas of Finnish Fungi,ETRS-TM35FIN-1km-N6819000-E329000
http://tun.fi/JX.1628406#51,herkkutatti (fi) — Boletus edulis,Boletus edulis,2023-08-20 [13:53],2023,Suomi,Etelä-Häme (EH),1.0,61.468453,23.811403,6819123.0,330136.0,NEUTRAL,HOBBYIST,Observation,The Atlas of Finnish Fungi,ETRS-TM35FIN-1km-N6819000-E330000
http://tun.fi/JX.1628406#117,herkkutatti (fi) — Boletus edulis,Boletus edulis,2023-08-20 [14:42],2023,Suomi,Etelä-Häme (EH),1.0,61.468642,23.815046,6819134.0,330331.0,NEUTRAL,HOBBYIST,Observation,The Atlas of Finnish Fungi,ETRS-TM35FIN-1km-N6819000-E330000
http://tun.fi/JX.2388646#172,herkkutatti (fi) — Boletus edulis,Boletus edulis,2023-08-21,2023,Suomi,Uusimaa (U),1.0,60.193295,25.097041,6674460.0,394488.0,NEUTRAL,PROFESSIONAL,Observation,Species Observations from Helsinki Nature Surveys,ETRS-TM35FIN-1km-N6674000-E394000
http://tun.fi/JX.1628668#18,herkkutatti (fi) — Boletus edulis,Boletus edulis,2023-08-21 [14:51-17:27],2023,Suomi,Varsinais-Suomi (V),1.0,60.252728,22.967983,6686378.0,276916.0,NEUTRAL,HOBBYIST,Photographed,The Atlas of Finnish Fungi,ETRS-TM35FIN-1km-N6686000-E276000
http://tun.fi/HR.3211/193717350-U,herkkutatti (fi) — Boletus edulis,Boletus edulis,2023-08-22,2023,Suomi,Oulun Pohjanmaa (OP),10.0,65.01594,25.50567,7211065.0,429581.0,NEUTRAL,AMATEUR,Photographed,iNaturalist Suomi Finland,ETRS-TM35FIN-1km-N7211000-E429000
http://tun.fi/JX.1629191#15,herkkutatti (fi) — Boletus edulis,Boletus edulis,2023-08-22,2023,Suomi,Pohjois-Karjala (PK),1000.0,63.1278,30.614411,7004958.0,682207.0,NEUTRAL,HOBBYIST,Observation,"Notebook, general observations",ETRS-TM35FIN-1km-N7004000-E682000
http://tun.fi/JX.1628968#12,herkkutatti (fi) — Boletus edulis,Boletus edulis,2023-08-22 [11:08-11:13],2023,Suomi,Varsinais-Suomi (V),1.0,60.516893,23.202933,6714994.0,291601.0,NEUTRAL,HOBBYIST,Photographed,The Atlas of Finnish Fungi,ETRS-TM35FIN-1km-N6714000-E291000
http://tun.fi/HR.3211/179956322-U,herkkutatti (fi) — Boletus edulis,Boletus edulis,2023-08-24,2023,Suomi,Uusimaa (U),40.0,60.21269,25.27249,6676352.0,404271.0,COMMUNITY_VERIFIED,AMATEUR,Photographed,iNaturalist Suomi Finland,ETRS-TM35FIN-1km-N6676000-E404000
http://tun.fi/HR.3211/179960971-U,herkkutatti (fi) — Boletus edulis,Boletus edulis,2023-08-24,2023,Suomi,Etelä-Pohjanmaa (EP),1001.0,62.50639,21.2103,6943964.0,202089.0,COMMUNITY_VERIFIED,AMATEUR,Photographed,iNaturalist Suomi Finland,ETRS-TM35FIN-1km-N6943000-E202000
http://tun.fi/HR.3211/179964440-U,herkkutatti (fi) — Boletus edulis,Boletus edulis,2023-08-24,2023,Suomi,Uusimaa (U),36.0,60.21266,25.27283,6676348.0,404290.0,COMMUNITY_VERIFIED,AMATEUR,Photographed,iNaturalist Suomi Finland,ETRS-TM35FIN-1km-N6676000-E404000
http://tun.fi/HR.3211/179986788-U,herkkutatti (fi) — Boletus edulis,Boletus edulis,2023-08-24,2023,Suomi,Uusimaa (U),19.0,60.21235,25.2715,6676316.0,404215.0,COMMUNITY_VERIFIED,AMATEUR,Photographed,iNaturalist Suomi Finland,ETRS-TM35FIN-1km-N6676000-E404000
http://tun.fi/HR.3211/179994976-U,herkkutatti (fi) — Boletus edulis,Boletus edulis,2023-08-24,2023,Suomi,Uusimaa (U),18.0,60.21223,25.27086,6676303.0,404179.0,COMMUNITY_VERIFIED,AMATEUR,Photographed,iNaturalist Suomi Finland,ETRS-TM35FIN-1km-N6676000-E404000
http://tun.fi/JX.1629757#33,herkkutatti (fi) — Boletus edulis,Boletus edulis,2023-08-24 [19:07],2023,Suomi,Uusimaa (U),10.0,60.22299,24.924968,6678052.0,385052.0,NEUTRAL,HOBBYIST,Observation,"Notebook, general observations",ETRS-TM35FIN-1km-N6678000-E385000
http://tun.fi/HR.3211/180143900-U,herkkutatti (fi) — Boletus edulis,Boletus edulis,2023-08-25,2023,Suomi,Uusimaa (U),100.0,60.17914,24.69915,6673587.0,372377.0,COMMUNITY_VERIFIED,AMATEUR,Photographed,iNaturalist Suomi Finland,ETRS-TM35FIN-1km-N6673000-E372000
http://tun.fi/HR.3211/185588947-U,herkkutatti (fi) — Boletus edulis,Boletus edulis,2023-08-25,2023,Suomi,"Etelä-Häme (EH), Satakunta (St)",25000.0,60.9,23.3,6757317.0,299311.0,COMMUNITY_VERIFIED,AMATEUR,Photographed,iNaturalist Suomi Finland,ETRS-TM35FIN-1km-N6757000-E299000
http://tun.fi/HR.3211/180235254-U,herkkutatti (fi) — Boletus edulis,Boletus edulis,2023-08-26,2023,Suomi,Etelä-Häme (EH),10.0,61.65226,26.06942,6835796.0,450706.0,COMMUNITY_VERIFIED,AMATEUR,Photographed,iNaturalist Suomi Finland,ETRS-TM35FIN-1km-N6835000-E450000
http://tun.fi/HR.3211/180242951-U,herkkutatti (fi) — Boletus edulis,Boletus edulis,2023-08-26,2023,Suomi,Uusimaa (U),100.0,60.18397,24.73014,6674065.0,374114.0,COMMUNITY_VERIFIED,AMATEUR,Photographed,iNaturalist Suomi Finland,ETRS-TM35FIN-1km-N6674000-E374000
http://tun.fi/HR.3211/180249114-U,herkkutatti (fi) — Boletus edulis,Boletus edulis,2023-08-26,2023,Suomi,Varsinais-Suomi (V),10.0,60.5484,21.49251,6725136.0,198145.0,COMMUNITY_VERIFIED,AMATEUR,Photographed,iNaturalist Suomi Finland,ETRS-TM35FIN-1km-N6725000-E198000
http://tun.fi/HR.3211/180266840-U,herkkutatti (fi) — Boletus edulis,Boletus edulis,2023-08-26,2023,Suomi,Varsinais-Suomi (V),10.0,60.12024,23.3948,6670270.0,299708.0,COMMUNITY_VERIFIED,AMATEUR,Photographed,iNaturalist Suomi Finland,ETRS-TM35FIN-1km-N6670000-E299000
http://tun.fi/HR.3211/180270620-U,herkkutatti (fi) — Boletus edulis,Boletus edulis,2023-08-26,2023,Suomi,Keski-Pohjanmaa (KP),10.0,63.85155,23.1111,7086299.0,308868.0,COMMUNITY_VERIFIED,AMATEUR,Photographed,iNaturalist Suomi Finland,ETRS-TM35FIN-1km-N7086000-E308000
http://tun.fi/HR.3211/180288971-U,herkkutatti (fi) — Boletus edulis,Boletus edulis,2023-08-26,2023,Suomi,"Uusimaa (U), Varsinais-Suomi (V)",25000.0,60.5,24.7,6709308.0,373653.0,COMMUNITY_VERIFIED,AMATEUR,Photographed,iNaturalist Suomi Finland,ETRS-TM35FIN-1km-N6709000-E373000
http://tun.fi/HR.3211/180327953-U,herkkutatti (fi) — Boletus edulis,Boletus edulis,2023-08-26,2023,Suomi,Uusimaa (U),29.0,60.22647,24.91617,6678456.0,384578.0,COMMUNITY_VERIFIED,AMATEUR,Photographed,iNaturalist Suomi Finland,ETRS-TM35FIN-1km-N6678000-E384000
http://tun.fi/HR.3211/181877506-U,herkkutatti (fi) — Boletus edulis,Boletus edulis,2023-08-26,2023,Suomi,Uusimaa (U),25000.0,60.5,25.1,6708607.0,395619.0,COMMUNITY_VERIFIED,AMATEUR,Photographed,iNaturalist Suomi Finland,ETRS-TM35FIN-1km-N6708000-E395000
http://tun.fi/JX.1641396#23,herkkutatti (fi) — Boletus edulis,Boletus edulis,2023-08-26,2023,Suomi,Etelä-Häme (EH),1000.0,60.672015,24.396221,6729075.0,357750.0,NEUTRAL,HOBBYIST,Photographed,The Atlas of Finnish Fungi,ETRS-TM35FIN-1km-N6729000-E357000
http://tun.fi/JX.1630359#18,herkkutatti (fi) — Boletus edulis,Boletus edulis,2023-08-26 [15:01],2023,Suomi,Etelä-Häme (EH),1.0,62.05457,23.942841,6884028.0,340204.0,NEUTRAL,HOBBYIST,Photographed,The Atlas of Finnish Fungi,ETRS-TM35FIN-1km-N6884000-E340000
http://tun.fi/HR.3211/180415638-U,herkkutatti (fi) — Boletus edulis,Boletus edulis,2023-08-27,2023,Suomi,Keski-Pohjanmaa (KP),10.0,63.42678,22.24612,7041947.0,262890.0,COMMUNITY_VERIFIED,AMATEUR,Photographed,iNaturalist Suomi Finland,ETRS-TM35FIN-1km-N7041000-E262000
http://tun.fi/HR.3211/183631231-U,herkkutatti (fi) — Boletus edulis,Boletus edulis,2023-08-27,2023,Suomi,Varsinais-Suomi (V),10.0,60.23618,22.25604,6687160.0,237435.0,COMMUNITY_VERIFIED,AMATEUR,Photographed,iNaturalist Suomi Finland,ETRS-TM35FIN-1km-N6687000-E237000
http://tun.fi/JX.1631567#27,herkkutatti (fi) — Boletus edulis,Boletus edulis,2023-08-27,2023,Suomi,Uusimaa (U),1000.0,60.213593,24.682613,6677453.0,371594.0,NEUTRAL,HOBBYIST,Photographed,The Atlas of Finnish Fungi,ETRS-TM35FIN-1km-N6677000-E371000
http://tun.fi/HR.3211/180623393-U,herkkutatti (fi) — Boletus edulis,Boletus edulis,2023-08-28,2023,Suomi,"Etelä-Karjala (EK), Uusimaa (U)",25000.0,60.7,26.7,6729415.0,483605.0,COMMUNITY_VERIFIED,AMATEUR,Photographed,iNaturalist Suomi Finland,ETRS-TM35FIN-1km-N6729000-E483000
http://tun.fi/JX.1631594#3,herkkutatti (fi) — Boletus edulis,Boletus edulis,2023-08-28,2023,Suomi,Perä-Pohjanmaa (PeP),1.0,66.5786,25.65922,7385044.0,440533.0,NEUTRAL,HOBBYIST,Photographed,The Atlas of Finnish Fungi,ETRS-TM35FIN-1km-N7385000-E440000
http://tun.fi/HR.3211/180740749-U,herkkutatti (fi) — Boletus edulis,Boletus edulis,2023-08-29,2023,Suomi,Satakunta (St),10.0,61.12421,21.54362,6788884.0,206279.0,COMMUNITY_VERIFIED,AMATEUR,Photographed,iNaturalist Suomi Finland,ETRS-TM35FIN-1km-N6788000-E206000
http://tun.fi/HR.3211/180750235-U,herkkutatti (fi) — Boletus edulis,Boletus edulis,2023-08-29,2023,Suomi,Enontekiön Lappi (EnL),100.0,68.11308,23.87191,7558769.0,369917.0,COMMUNITY_VERIFIED,AMATEUR,Photographed,iNaturalist Suomi Finland,ETRS-TM35FIN-1km-N7558000-E369000
http://tun.fi/HR.3211/180790589-U,herkkutatti (fi) — Boletus edulis,Boletus edulis,2023-08-29,2023,Suomi,Uusimaa (U),25.0,60.19611,24.91683,6675075.0,384508.0,COMMUNITY_VERIFIED,AMATEUR,Photographed,iNaturalist Suomi Finland,ETRS-TM35FIN-1km-N6675000-E384000
http://tun.fi/JX.1641701#6,herkkutatti (fi) — Boletus edulis,Boletus edulis,2023-08-30,2023,Suomi,Etelä-Pohjanmaa (EP),10.0,63.08392,21.672952,7006094.0,231176.0,NEUTRAL,HOBBYIST,Photographed,The Atlas of Finnish Fungi,ETRS-TM35FIN-1km-N7006000-E231000
http://tun.fi/HR.3211/181057632-U,herkkutatti (fi) — Boletus edulis,Boletus edulis,2023-08-31,2023,Suomi,Varsinais-Suomi (V),10.0,60.14875,22.00154,6678482.0,222629.0,COMMUNITY_VERIFIED,AMATEUR,Photographed,iNaturalist Suomi Finland,ETRS-TM35FIN-1km-N6678000-E222000
http://tun.fi/JX.1662366#3,herkkutatti (fi) — Boletus edulis,Boletus edulis,2023-08-31,2023,Suomi,Keski-Pohjanmaa (KP),100.0,63.464388,23.776286,7041377.0,339362.0,NEUTRAL,HOBBYIST,Observation,"Notebook, general observations",ETRS-TM35FIN-1km-N7041000-E339000
http://tun.fi/HR.3211/181183010-U,herkkutatti (fi) — Boletus edulis,Boletus edulis,2023-09-01,2023,Suomi,Etelä-Häme (EH),21.0,61.25583,24.57145,6793706.0,369730.0,COMMUNITY_VERIFIED,AMATEUR,Photographed,iNaturalist Suomi Finland,ETRS-TM35FIN-1km-N6793000-E369000
http://tun.fi/HR.3211/181218024-U,herkkutatti (fi) — Boletus edulis,Boletus edulis,2023-09-01,2023,Suomi,Etelä-Pohjanmaa (EP),24.0,62.75622,23.03538,6964659.0,297604.0,COMMUNITY_VERIFIED,AMATEUR,Photographed,iNaturalist Suomi Finland,ETRS-TM35FIN-1km-N6964000-E297000
http://tun.fi/HR.3211/181323494-U,herkkutatti (fi) — Boletus edulis,Boletus edulis,2023-09-01,2023,Suomi,Uusimaa (U),10.0,60.24031,25.21575,6679511.0,401210.0,COMMUNITY_VERIFIED,AMATEUR,Photographed,iNaturalist Suomi Finland,ETRS-TM35FIN-1km-N6679000-E401000
http://tun.fi/HR.3211/182062587-U,herkkutatti (fi) — Boletus edulis,Boletus edulis,2023-09-01,2023,Suomi,Uusimaa (U),100.0,60.24034,25.2158,6679514.0,401213.0,COMMUNITY_VERIFIED,AMATEUR,Photographed,iNaturalist Suomi Finland,ETRS-TM35FIN-1km-N6679000-E401000
http://tun.fi/HR.3211/193731238-U,herkkutatti (fi) — Boletus edulis,Boletus edulis,2023-09-01,2023,Suomi,Oulun Pohjanmaa (OP),42.0,65.01921,25.65449,7211271.0,436601.0,COMMUNITY_VERIFIED,AMATEUR,Photographed,iNaturalist Suomi Finland,ETRS-TM35FIN-1km-N7211000-E436000
http://tun.fi/JX.1634501#41,herkkutatti (fi) — Boletus edulis,Boletus edulis,2023-09-01,2023,Suomi,"Uusimaa (U), Varsinais-Suomi (V)",1000.0,60.317297,24.523639,6689318.0,363221.0,NEUTRAL,HOBBYIST,Photographed,The Atlas of Finnish Fungi,ETRS-TM35FIN-1km-N6689000-E363000
http://tun.fi/JX.1634839#7,herkkutatti (fi) — Boletus edulis,Boletus edulis,2023-09-01,2023,Suomi,Etelä-Häme (EH),1000.0,61.480927,23.541686,6821244.0,315850.0,NEUTRAL,HOBBYIST,Observation,The Atlas of Finnish Fungi,ETRS-TM35FIN-1km-N6821000-E315000
http://tun.fi/JX.1696420#7,herkkutatti (fi) — Boletus edulis,Boletus edulis,2023-09-01,2023,Suomi,Etelä-Häme (EH),1000.0,62.205235,24.982882,6898680.0,395077.0,NEUTRAL,HOBBYIST,Observation,"Notebook, general observations",ETRS-TM35FIN-1km-N6898000-E395000
http://tun.fi/HR.3211/181319760-U,herkkutatti (fi) — Boletus edulis,Boletus edulis,2023-09-02,2023,Suomi,Etelä-Häme (EH),10.0,60.77811,23.83999,6742216.0,327944.0,COMMUNITY_VERIFIED,AMATEUR,Photographed,iNaturalist Suomi Finland,ETRS-TM35FIN-1km-N6742000-E327000
http://tun.fi/HR.3211/181330546-U,herkkutatti (fi) — Boletus edulis,Boletus edulis,2023-09-02,2023,Suomi,Satakunta (St),100.0,61.60632,21.44866,6842881.0,205745.0,COMMUNITY_VERIFIED,AMATEUR,Photographed,iNaturalist Suomi Finland,ETRS-TM35FIN-1km-N6842000-E205000
http://tun.fi/HR.3211/181330637-U,herkkutatti (fi) — Boletus edulis,Boletus edulis,2023-09-02,2023,Suomi,Satakunta (St),498.0,61.6076,21.44207,6843053.0,205408.0,COMMUNITY_VERIFIED,AMATEUR,Photographed,iNaturalist Suomi Finland,ETRS-TM35FIN-1km-N6843000-E205000
http://tun.fi/HR.3211/181381394-U,herkkutatti (fi) — Boletus edulis,Boletus edulis,2023-09-02,2023,Suomi,Varsinais-Suomi (V),27.0,60.30333,21.96947,6695799.0,222164.0,NEUTRAL,AMATEUR,Observation,iNaturalist Suomi Finland,ETRS-TM35FIN-1km-N6695000-E222000
http://tun.fi/HR.3211/181398415-U,herkkutatti (fi) — Boletus edulis,Boletus edulis,2023-09-02,2023,Suomi,Keski-Pohjanmaa (KP),1811.0,63.4287,22.24626,7042160.0,262913.0,NEUTRAL,AMATEUR,Photographed,iNaturalist Suomi Finland,ETRS-TM35FIN-1km-N7042000-E262000
http://tun.fi/HR.3211/181416758-U,herkkutatti (fi) — Boletus edulis,Boletus edulis,2023-09-02,2023,Suomi,Varsinais-Suomi (V),25000.0,60.5,22.3,6716320.0,241944.0,COMMUNITY_VERIFIED,AMATEUR,Photographed,iNaturalist Suomi Finland,ETRS-TM35FIN-1km-N6716000-E241000
http://tun.fi/JX.1634944#9,herkkutatti (fi) — Boletus edulis,Boletus edulis,2023-09-02,2023,Suomi,Etelä-Häme (EH),1000.0,61.444012,23.387799,6817585.0,307433.0,NEUTRAL,HOBBYIST,Photographed,The Atlas of Finnish Fungi,ETRS-TM35FIN-1km-N6817000-E307000
http://tun.fi/HR.3211/181517198-U,herkkutatti (fi) — Boletus edulis,Boletus edulis,2023-09-03,2023,Suomi,"Satakunta (St), Varsinais-Suomi (V)",25000.0,60.7,22.7,6737060.0,265339.0,COMMUNITY_VERIFIED,AMATEUR,Photographed,iNaturalist Suomi Finland,ETRS-TM35FIN-1km-N6737000-E265000
http://tun.fi/HR.3211/181525874-U,herkkutatti (fi) — Boletus edulis,Boletus edulis,2023-09-03,2023,Suomi,Oulun Pohjanmaa (OP),13.0,64.94303,26.81067,7202120.0,491054.0,COMMUNITY_VERIFIED,AMATEUR,Photographed,iNaturalist Suomi Finland,ETRS-TM35FIN-1km-N7202000-E491000
http://tun.fi/HR.3211/181534770-U,herkkutatti (fi) — Boletus edulis,Boletus edulis,2023-09-03,2023,Suomi,Pohjois-Savo (PS),10.0,62.87786,27.61854,6972133.0,531462.0,COMMUNITY_VERIFIED,AMATEUR,Photographed,iNaturalist Suomi Finland,ETRS-TM35FIN-1km-N6972000-E531000
http://tun.fi/HR.3211/181538073-U,herkkutatti (fi) — Boletus edulis,Boletus edulis,2023-09-03,2023,Suomi,Varsinais-Suomi (V),10.0,60.27908,23.82697,6686714.0,324555.0,COMMUNITY_VERIFIED,AMATEUR,Photographed,iNaturalist Suomi Finland,ETRS-TM35FIN-1km-N6686000-E324000
http://tun.fi/HR.3211/181545426-U,herkkutatti (fi) — Boletus edulis,Boletus edulis,2023-09-03,2023,Suomi,Uusimaa (U),100.0,60.32766,24.82563,6689884.0,379936.0,COMMUNITY_VERIFIED,AMATEUR,Photographed,iNaturalist Suomi Finland,ETRS-TM35FIN-1km-N6689000-E379000
http://tun.fi/HR.3211/181568056-U,herkkutatti (fi) — Boletus edulis,Boletus edulis,2023-09-03,2023,Suomi,Inarin Lappi (InL),25000.0,69.9,27.1,7754728.0,503854.0,COMMUNITY_VERIFIED,AMATEUR,Photographed,iNaturalist Suomi Finland,ETRS-TM35FIN-1km-N7754000-E503000
http://tun.fi/HR.3211/181607805-U,herkkutatti (fi) — Boletus edulis,Boletus edulis,2023-09-03,2023,Suomi,"Etelä-Häme (EH), Varsinais-Suomi (V)",25000.0,60.7,24.3,6732406.0,352605.0,COMMUNITY_VERIFIED,AMATEUR,Photographed,iNaturalist Suomi Finland,ETRS-TM35FIN-1km-N6732000-E352000
http://tun.fi/HR.3211/190068274-U,herkkutatti (fi) — Boletus edulis,Boletus edulis,2023-09-03,2023,Suomi,Uusimaa (U),20.0,60.23654,24.87112,6679657.0,382119.0,COMMUNITY_VERIFIED,AMATEUR,Photographed,iNaturalist Suomi Finland,ETRS-TM35FIN-1km-N6679000-E382000
http://tun.fi/JX.1635021#15,herkkutatti (fi) — Boletus edulis,Boletus edulis,2023-09-03,2023,Suomi,Etelä-Häme (EH),1000.0,61.467543,23.373766,6820239.0,306833.0,NEUTRAL,HOBBYIST,Observation,The Atlas of Finnish Fungi,ETRS-TM35FIN-1km-N6820000-E306000
http://tun.fi/JX.1645163#3,herkkutatti (fi) — Boletus edulis,Boletus edulis,2023-09-03,2023,Suomi,Perä-Pohjanmaa (PeP),1.0,66.487744,25.765267,7374821.0,445036.0,NEUTRAL,HOBBYIST,Preserved specimen,The Atlas of Finnish Fungi,ETRS-TM35FIN-1km-N7374000-E445000
http://id.luomus.fi/MY.17048429,herkkutatti (fi) — Boletus edulis,Boletus edulis,2023-09-04,2023,Suomi,Etelä-Häme (EH),100.0,61.009253,24.133501,6767210.0,345042.0,NEUTRAL,PROFESSIONAL,Preserved specimen,Agaricales Fennoscandiae orientalis,ETRS-TM35FIN-1km-N6767000-E345000
http://tun.fi/HR.3211/181700429-U,herkkutatti (fi) — Boletus edulis,Boletus edulis,2023-09-04,2023,Suomi,Pohjois-Savo (PS),10.0,63.35977,27.40327,7025739.0,520176.0,COMMUNITY_VERIFIED,AMATEUR,Photographed,iNaturalist Suomi Finland,ETRS-TM35FIN-1km-N7025000-E520000
http://tun.fi/HR.3211/181700455-U,herkkutatti (fi) — Boletus edulis,Boletus edulis,2023-09-04,2023,Suomi,Pohjois-Savo (PS),822.0,63.35998,27.4031,7025763.0,520167.0,COMMUNITY_VERIFIED,AMATEUR,Photographed,iNaturalist Suomi Finland,ETRS-TM35FIN-1km-N7025000-E520000
http://tun.fi/HR.3211/181707620-U,herkkutatti (fi) — Boletus edulis,Boletus edulis,2023-09-04,2023,Suomi,Pohjois-Savo (PS),10.0,63.36106,27.40254,7025883.0,520138.0,COMMUNITY_VERIFIED,AMATEUR,Photographed,iNaturalist Suomi Finland,ETRS-TM35FIN-1km-N7025000-E520000
http://tun.fi/HR.3211/181727351-U,herkkutatti (fi) — Boletus edulis,Boletus edulis,2023-09-04,2023,Suomi,Varsinais-Suomi (V),22.0,60.21357,23.77091,6679574.0,321100.0,COMMUNITY_VERIFIED,AMATEUR,Photographed,iNaturalist Suomi Finland,ETRS-TM35FIN-1km-N6679000-E321000
http://tun.fi/HR.3211/181745670-U,herkkutatti (fi) — Boletus edulis,Boletus edulis,2023-09-04,2023,Suomi,Etelä-Savo (ES),963.0,61.10034,28.45798,6774840.0,578604.0,COMMUNITY_VERIFIED,AMATEUR,Photographed,iNaturalist Suomi Finland,ETRS-TM35FIN-1km-N6774000-E578000
http://tun.fi/HR.3211/181755050-U,herkkutatti (fi) — Boletus edulis,Boletus edulis,2023-09-04,2023,Suomi,Uusimaa (U),100.0,60.20994,24.67154,6677069.0,370967.0,COMMUNITY_VERIFIED,AMATEUR,Photographed,iNaturalist Suomi Finland,ETRS-TM35FIN-1km-N6677000-E370000
http://tun.fi/HR.3211/181890579-U,herkkutatti (fi) — Boletus edulis,Boletus edulis,2023-09-04,2023,Suomi,Varsinais-Suomi (V),208.0,60.45351,22.33734,6711002.0,243642.0,COMMUNITY_VERIFIED,AMATEUR,Photographed,iNaturalist Suomi Finland,ETRS-TM35FIN-1km-N6711000-E243000
http://tun.fi/HR.3211/183694322-U,herkkutatti (fi) — Boletus edulis,Boletus edulis,2023-09-04,2023,Suomi,Uusimaa (U),10.0,60.23753,24.82601,6679849.0,379626.0,NEUTRAL,AMATEUR,Photographed,iNaturalist Suomi Finland,ETRS-TM35FIN-1km-N6679000-E379000
http://tun.fi/JX.1634138#5,herkkutatti (fi) — Boletus edulis,Boletus edulis,2023-09-04,2023,Suomi,Uusimaa (U),1000.0,60.59217,26.625063,6717422.0,479462.0,NEUTRAL,HOBBYIST,Photographed,The Atlas of Finnish Fungi,ETRS-TM35FIN-1km-N6717000-E479000
http://tun.fi/JX.1634039#22,herkkutatti (fi) — Boletus edulis,Boletus edulis,2023-09-04 [15:07-15:07],2023,Suomi,Satakunta (St),100.0,61.446848,23.045146,6818955.0,289201.0,NEUTRAL,HOBBYIST,Photographed,The Atlas of Finnish Fungi,ETRS-TM35FIN-1km-N6818000-E289000
http://tun.fi/HR.3211/181876843-U,herkkutatti (fi) — Boletus edulis,Boletus edulis,2023-09-05,2023,Suomi,Uusimaa (U),10.0,60.296,24.56265,6686867.0,365288.0,COMMUNITY_VERIFIED,AMATEUR,Photographed,iNaturalist Suomi Finland,ETRS-TM35FIN-1km-N6686000-E365000
http://tun.fi/HR.3211/181889829-U,herkkutatti (fi) — Boletus edulis,Boletus edulis,2023-09-05,2023,Suomi,Varsinais-Suomi (V),47.0,60.40407,22.23899,6705893.0,237843.0,COMMUNITY_VERIFIED,AMATEUR,Photographed,iNaturalist Suomi Finland,ETRS-TM35FIN-1km-N6705000-E237000
http://tun.fi/JX.1634305#5,herkkutatti (fi) — Boletus edulis,Boletus edulis,2023-09-05,2023,Suomi,Satakunta (St),1.0,61.770656,23.06152,6854927.0,292256.0,NEUTRAL,HOBBYIST,Photographed,The Atlas of Finnish Fungi,ETRS-TM35FIN-1km-N6854000-E292000
http://tun.fi/JX.1642315#7,herkkutatti (fi) — Boletus edulis,Boletus edulis,2023-09-05,2023,Suomi,Etelä-Pohjanmaa (EP),10.0,63.083248,21.627447,7006211.0,228877.0,NEUTRAL,HOBBYIST,Observation,The Atlas of Finnish Fungi,ETRS-TM35FIN-1km-N7006000-E228000
http://tun.fi/JX.1634309#16,herkkutatti (fi) — Boletus edulis,Boletus edulis,2023-09-05 [12:17-12:17],2023,Suomi,Satakunta (St),1.0,61.77124,23.060305,6854996.0,292196.0,NEUTRAL,HOBBYIST,Photographed,The Atlas of Finnish Fungi,ETRS-TM35FIN-1km-N6854000-E292000
http://id.luomus.fi/MY.17048473,herkkutatti (fi) — Boletus edulis,Boletus edulis,2023-09-06,2023,Suomi,Uusimaa (U),100.0,60.293477,25.419222,6685143.0,412616.0,NEUTRAL,PROFESSIONAL,Preserved specimen,Agaricales Fennoscandiae orientalis,ETRS-TM35FIN-1km-N6685000-E412000
http://tun.fi/HR.3211/182028590-U,herkkutatti (fi) — Boletus edulis,Boletus edulis,2023-09-06,2023,Suomi,Etelä-Häme (EH),10.0,61.85651,24.83631,6860092.0,386155.0,COMMUNITY_VERIFIED,AMATEUR,Photographed,iNaturalist Suomi Finland,ETRS-TM35FIN-1km-N6860000-E386000
http://tun.fi/HR.3211/182031195-U,herkkutatti (fi) — Boletus edulis,Boletus edulis,2023-09-06,2023,Suomi,Etelä-Savo (ES),3594.0,60.92432,27.00389,6754359.0,500212.0,COMMUNITY_VERIFIED,AMATEUR,Photographed,iNaturalist Suomi Finland,ETRS-TM35FIN-1km-N6754000-E500000
http://tun.fi/HR.3211/182067299-U,herkkutatti (fi) — Boletus edulis,Boletus edulis,2023-09-06,2023,Suomi,Uusimaa (U),10.0,60.24569,25.01468,6680428.0,390098.0,COMMUNITY_VERIFIED,AMATEUR,Photographed,iNaturalist Suomi Finland,ETRS-TM35FIN-1km-N6680000-E390000
http://tun.fi/HR.3211/182068084-U,herkkutatti (fi) — Boletus edulis,Boletus edulis,2023-09-06,2023,Suomi,Varsinais-Suomi (V),10.0,60.40138,22.32019,6705273.0,242287.0,COMMUNITY_VERIFIED,AMATEUR,Photographed,iNaturalist Suomi Finland,ETRS-TM35FIN-1km-N6705000-E242000
http://tun.fi/HR.3211/182095937-U,herkkutatti (fi) — Boletus edulis,Boletus edulis,2023-09-06,2023,Suomi,Uusimaa (U),357.0,60.25677,24.79072,6682056.0,377744.0,COMMUNITY_VERIFIED,AMATEUR,Photographed,iNaturalist Suomi Finland,ETRS-TM35FIN-1km-N6682000-E377000
http://tun.fi/JX.1634605#7,herkkutatti (fi) — Boletus edulis,Boletus edulis,2023-09-06 [13:51-14:18],2023,Suomi,Uusimaa (U),100.0,60.209927,25.03622,6676410.0,391171.0,NEUTRAL,HOBBYIST,Observation,Noteworthy macrofungi - complete lists,ETRS-TM35FIN-1km-N6676000-E391000
http://tun.fi/HR.3211/182292863-U,herkkutatti (fi) — Boletus edulis,Boletus edulis,2023-09-07,2023,Suomi,Uusimaa (U),956.0,59.96691,23.43002,6653104.0,300741.0,COMMUNITY_VERIFIED,AMATEUR,Photographed,iNaturalist Suomi Finland,ETRS-TM35FIN-1km-N6653000-E300000
http://tun.fi/HR.3211/182304343-U,herkkutatti (fi) — Boletus edulis,Boletus edulis,2023-09-07,2023,Suomi,Etelä-Häme (EH),182.0,61.46479,23.53217,6819475.0,315249.0,COMMUNITY_VERIFIED,AMATEUR,Photographed,iNaturalist Suomi Finland,ETRS-TM35FIN-1km-N6819000-E315000
http://tun.fi/HR.3211/182431094-U,herkkutatti (fi) — Boletus edulis,Boletus edulis,2023-09-07,2023,Suomi,Varsinais-Suomi (V),35.0,60.44686,23.2191,6707152.0,292039.0,NEUTRAL,AMATEUR,Photographed,iNaturalist Suomi Finland,ETRS-TM35FIN-1km-N6707000-E292000
http://tun.fi/HR.3211/215050730-U,herkkutatti (fi) — Boletus edulis,Boletus edulis,2023-09-07,2023,Suomi,Varsinais-Suomi (V),10.0,60.30521,24.39797,6688240.0,356230.0,COMMUNITY_VERIFIED,AMATEUR,Photographed,iNaturalist Suomi Finland,ETRS-TM35FIN-1km-N6688000-E356000
http://tun.fi/JX.1635009#27,herkkutatti (fi) — Boletus edulis,Boletus edulis,2023-09-07,2023,Suomi,Uusimaa (U),1000.0,60.346637,25.205163,6691370.0,400952.0,NEUTRAL,HOBBYIST,Photographed,The Atlas of Finnish Fungi,ETRS-TM35FIN-1km-N6691000-E400000
http://tun.fi/JX.1635012#47,herkkutatti (fi) — Boletus edulis,Boletus edulis,2023-09-07 - 2023-09-09,2023,Suomi,Uusimaa (U),1000.0,60.274847,25.160767,6683439.0,398273.0,NEUTRAL,HOBBYIST,Photographed,The Atlas of Finnish Fungi,ETRS-TM35FIN-1km-N6683000-E398000
http://tun.fi/JX.1634901#7,herkkutatti (fi) — Boletus edulis,Boletus edulis,2023-09-07 [17:50-18:05],2023,Suomi,Uusimaa (U),1000.0,60.216316,24.988301,6677201.0,388537.0,NEUTRAL,HOBBYIST,Observation,Noteworthy macrofungi - complete lists,ETRS-TM35FIN-1km-N6677000-E388000
http://tun.fi/HR.3211/182303956-U,herkkutatti (fi) — Boletus edulis,Boletus edulis,2023-09-08,2023,Suomi,Etelä-Häme (EH),10.0,60.98576,24.51365,6763755.0,365487.0,COMMUNITY_VERIFIED,AMATEUR,Photographed,iNaturalist Suomi Finland,ETRS-TM35FIN-1km-N6763000-E365000
http://tun.fi/HR.3211/193728114-U,herkkutatti (fi) — Boletus edulis,Boletus edulis,2023-09-08,2023,Suomi,Oulun Pohjanmaa (OP),61.0,64.97709,25.74487,7206490.0,440766.0,COMMUNITY_VERIFIED,AMATEUR,Photographed,iNaturalist Suomi Finland,ETRS-TM35FIN-1km-N7206000-E440000
http://tun.fi/HR.3211/382639792-U,herkkutatti (fi) — Boletus edulis,Boletus edulis,2023-09-08,2023,Suomi,Uusimaa (U),16.0,60.17101,25.04109,6672070.0,391313.0,COMMUNITY_VERIFIED,AMATEUR,Photographed,iNaturalist Suomi Finland,ETRS-TM35FIN-1km-N6672000-E391000
http://tun.fi/JX.1635269#14,herkkutatti (fi) — Boletus edulis,Boletus edulis,2023-09-08,2023,Suomi,Satakunta (St),1000.0,61.427472,23.03309,6816839.0,288427.0,NEUTRAL,HOBBYIST,Observation,The Atlas of Finnish Fungi,ETRS-TM35FIN-1km-N6816000-E288000
http://tun.fi/JX.1636979#50,herkkutatti (fi) — Boletus edulis,Boletus edulis,2023-09-08,2023,Suomi,Pohjois-Karjala (PK),1.0,62.200425,30.288265,6900852.0,671046.0,NEUTRAL,HOBBYIST,Photographed,The Atlas of Finnish Fungi,ETRS-TM35FIN-1km-N6900000-E671000
http://tun.fi/JX.1697758#26,herkkutatti (fi) — Boletus edulis,Boletus edulis,2023-09-08,2023,Suomi,Satakunta (St),1000.0,61.790228,23.127381,6856895.0,295856.0,NEUTRAL,HOBBYIST,Observation,"Notebook, general observations",ETRS-TM35FIN-1km-N6856000-E295000
http://tun.fi/JX.1635083#3,herkkutatti (fi) — Boletus edulis,Boletus edulis,2023-09-08 [12:28-13:08],2023,Suomi,Satakunta (St),1.0,61.636017,23.193709,6839531.0,298345.0,NEUTRAL,HOBBYIST,Photographed,The Atlas of Finnish Fungi,ETRS-TM35FIN-1km-N6839000-E298000
http://tun.fi/JX.1635099#3,herkkutatti (fi) — Boletus edulis,Boletus edulis,2023-09-08 [15:14-15:15],2023,Suomi,Satakunta (St),1.0,61.406005,22.989317,6814594.0,285949.0,NEUTRAL,HOBBYIST,Photographed,The Atlas of Finnish Fungi,ETRS-TM35FIN-1km-N6814000-E285000
http://tun.fi/HR.3211/182422666-U,herkkutatti (fi) — Boletus edulis,Boletus edulis,2023-09-09,2023,Suomi,"Satakunta (St), Varsinais-Suomi (V)",25000.0,60.7,22.7,6737060.0,265339.0,COMMUNITY_VERIFIED,AMATEUR,Photographed,iNaturalist Suomi Finland,ETRS-TM35FIN-1km-N6737000-E265000
http://tun.fi/HR.3211/182430546-U,herkkutatti (fi) — Boletus edulis,Boletus edulis,2023-09-09,2023,Suomi,Etelä-Savo (ES),25000.0,61.9,26.7,6863081.0,484219.0,COMMUNITY_VERIFIED,AMATEUR,Photographed,iNaturalist Suomi Finland,ETRS-TM35FIN-1km-N6863000-E484000
http://tun.fi/HR.3211/182438225-U,herkkutatti (fi) — Boletus edulis,Boletus edulis,2023-09-09,2023,Suomi,Etelä-Häme (EH),1052.0,61.00449,25.5676,6764135.0,422544.0,COMMUNITY_VERIFIED,AMATEUR,Photographed,iNaturalist Suomi Finland,ETRS-TM35FIN-1km-N6764000-E422000
http://tun.fi/HR.3211/182439390-U,herkkutatti (fi) — Boletus edulis,Boletus edulis,2023-09-09,2023,Suomi,Uusimaa (U),10.0,60.29299,25.14699,6685481.0,397569.0,COMMUNITY_VERIFIED,AMATEUR,Photographed,iNaturalist Suomi Finland,ETRS-TM35FIN-1km-N6685000-E397000
http://tun.fi/HR.3211/182439485-U,herkkutatti (fi) — Boletus edulis,Boletus edulis,2023-09-09,2023,Suomi,Uusimaa (U),10.0,60.29286,25.14716,6685467.0,397578.0,COMMUNITY_VERIFIED,AMATEUR,Photographed,iNaturalist Suomi Finland,ETRS-TM35FIN-1km-N6685000-E397000
http://tun.fi/HR.3211/182439936-U,herkkutatti (fi) — Boletus edulis,Boletus edulis,2023-09-09,2023,Suomi,Uusimaa (U),1061.0,60.81359,25.86694,6742558.0,438362.0,COMMUNITY_VERIFIED,AMATEUR,Photographed,iNaturalist Suomi Finland,ETRS-TM35FIN-1km-N6742000-E438000
http://tun.fi/HR.3211/182455323-U,herkkutatti (fi) — Boletus edulis,Boletus edulis,2023-09-09,2023,Suomi,Varsinais-Suomi (V),10.0,60.03919,22.77465,6663298.0,264707.0,COMMUNITY_VERIFIED,AMATEUR,Photographed,iNaturalist Suomi Finland,ETRS-TM35FIN-1km-N6663000-E264000
http://tun.fi/HR.3211/182500736-U,herkkutatti (fi) — Boletus edulis,Boletus edulis,2023-09-09,2023,Suomi,Varsinais-Suomi (V),25000.0,60.5,22.3,6716320.0,241944.0,COMMUNITY_VERIFIED,AMATEUR,Photographed,iNaturalist Suomi Finland,ETRS-TM35FIN-1km-N6716000-E241000
http://tun.fi/HR.3211/182520335-U,herkkutatti (fi) — Boletus edulis,Boletus edulis,2023-09-09,2023,Suomi,Varsinais-Suomi (V),699.0,60.44751,22.25976,6710640.0,239333.0,COMMUNITY_VERIFIED,AMATEUR,Photographed,iNaturalist Suomi Finland,ETRS-TM35FIN-1km-N6710000-E239000
http://tun.fi/HR.3211/182789268-U,herkkutatti (fi) — Boletus edulis,Boletus edulis,2023-09-09,2023,Suomi,Varsinais-Suomi (V),10.0,60.37026,23.00096,6699340.0,279533.0,COMMUNITY_VERIFIED,AMATEUR,Photographed,iNaturalist Suomi Finland,ETRS-TM35FIN-1km-N6699000-E279000
http://tun.fi/HR.3211/186809167-U,herkkutatti (fi) — Boletus edulis,Boletus edulis,2023-09-09,2023,Suomi,Etelä-Häme (EH),10.0,60.86301,23.43743,6752786.0,306553.0,COMMUNITY_VERIFIED,AMATEUR,Photographed,iNaturalist Suomi Finland,ETRS-TM35FIN-1km-N6752000-E306000
http://tun.fi/JX.1635274#105,herkkutatti (fi) — Boletus edulis,Boletus edulis,2023-09-09 [10:00],2023,Suomi,Etelä-Häme (EH),1.0,61.464082,23.811781,6818635.0,330133.0,NEUTRAL,HOBBYIST,Observation,The Atlas of Finnish Fungi,ETRS-TM35FIN-1km-N6818000-E330000
http://tun.fi/JX.1635274#144,herkkutatti (fi) — Boletus edulis,Boletus edulis,2023-09-09 [10:55],2023,Suomi,Etelä-Häme (EH),1.0,61.466211,23.81125,6818874.0,330116.0,NEUTRAL,HOBBYIST,Observation,The Atlas of Finnish Fungi,ETRS-TM35FIN-1km-N6818000-E330000
http://tun.fi/JX.1635396#96,herkkutatti (fi) — Boletus edulis,Boletus edulis,2023-09-09 [17:36-19:12],2023,Suomi,Uusimaa (U),1.0,60.194828,25.012357,6674769.0,389799.0,NEUTRAL,HOBBYIST,Photographed,The Atlas of Finnish Fungi,ETRS-TM35FIN-1km-N6674000-E389000
http://tun.fi/HR.3211/182646747-U,herkkutatti (fi) — Boletus edulis,Boletus edulis,2023-09-10,2023,Suomi,Varsinais-Suomi (V),100.0,60.17696,23.27681,6676944.0,293514.0,COMMUNITY_VERIFIED,AMATEUR,Photographed,iNaturalist Suomi Finland,ETRS-TM35FIN-1km-N6676000-E293000
http://tun.fi/HR.3211/182657292-U,herkkutatti (fi) — Boletus edulis,Boletus edulis,2023-09-10,2023,Suomi,Etelä-Häme (EH),30.0,61.35087,23.80312,6806058.0,329053.0,COMMUNITY_VERIFIED,AMATEUR,Photographed,iNaturalist Suomi Finland,ETRS-TM35FIN-1km-N6806000-E329000
http://tun.fi/HR.3211/182681065-U,herkkutatti (fi) — Boletus edulis,Boletus edulis,2023-09-10,2023,Suomi,Varsinais-Suomi (V),25000.0,60.7,21.9,6740186.0,221740.0,COMMUNITY_VERIFIED,AMATEUR,Photographed,iNaturalist Suomi Finland,ETRS-TM35FIN-1km-N6740000-E221000
http://tun.fi/HR.3211/213959158-U,herkkutatti (fi) — Boletus edulis,Boletus edulis,2023-09-10,2023,Suomi,Uusimaa (U),2294.0,60.39462,25.53592,6696258.0,419317.0,NEUTRAL,AMATEUR,Observation,iNaturalist Suomi Finland,ETRS-TM35FIN-1km-N6696000-E419000
http://tun.fi/JX.1635958#41,herkkutatti (fi) — Boletus edulis,Boletus edulis,2023-09-10,2023,Suomi,Etelä-Häme (EH),1000.0,61.707329,25.290841,6842763.0,409629.0,NEUTRAL,HOBBYIST,Preserved specimen,"Notebook, general observations",ETRS-TM35FIN-1km-N6842000-E409000
http://tun.fi/JX.1637622#11,herkkutatti (fi) — Boletus edulis,Boletus edulis,2023-09-11,2023,Suomi,Varsinais-Suomi (V),1000.0,60.542275,24.483829,6714445.0,361981.0,NEUTRAL,HOBBYIST,Photographed,The Atlas of Finnish Fungi,ETRS-TM35FIN-1km-N6714000-E361000
http://tun.fi/HR.3211/182916161-U,herkkutatti (fi) — Boletus edulis,Boletus edulis,2023-09-12,2023,Suomi,Varsinais-Suomi (V),490.0,60.40226,22.31179,6705404.0,241832.0,COMMUNITY_VERIFIED,AMATEUR,Photographed,iNaturalist Suomi Finland,ETRS-TM35FIN-1km-N6705000-E241000
http://tun.fi/HR.3211/182918810-U,herkkutatti (fi) — Boletus edulis,Boletus edulis,2023-09-12,2023,Suomi,Etelä-Pohjanmaa (EP),10.0,62.08196,21.32295,6896297.0,203724.0,COMMUNITY_VERIFIED,AMATEUR,Photographed,iNaturalist Suomi Finland,ETRS-TM35FIN-1km-N6896000-E203000
http://tun.fi/HR.3211/182978169-U,herkkutatti (fi) — Boletus edulis,Boletus edulis,2023-09-12,2023,Suomi,Ahvenanmaa (A),1526.0,60.21318,20.2237,6694438.0,124914.0,COMMUNITY_VERIFIED,AMATEUR,Photographed,iNaturalist Suomi Finland,ETRS-TM35FIN-1km-N6694000-E124000
http://tun.fi/HR.3211/182988499-U,herkkutatti (fi) — Boletus edulis,Boletus edulis,2023-09-12,2023,Suomi,Uusimaa (U),119.0,60.25867,24.80399,6682243.0,378485.0,COMMUNITY_VERIFIED,AMATEUR,Photographed,iNaturalist Suomi Finland,ETRS-TM35FIN-1km-N6682000-E378000
http://tun.fi/JX.1638055#104,herkkutatti (fi) — Boletus edulis,Boletus edulis,2023-09-12 - 2023-09-14,2023,Suomi,Uusimaa (U),5000.0,60.334937,24.687604,6690945.0,372376.0,NEUTRAL,HOBBYIST,Photographed,The Atlas of Finnish Fungi,ETRS-TM35FIN-1km-N6690000-E372000
http://tun.fi/HR.3211/183091697-U,herkkutatti (fi) — Boletus edulis,Boletus edulis,2023-09-13,2023,Suomi,Etelä-Häme (EH),100.0,61.45109,23.75346,6817343.0,326955.0,COMMUNITY_VERIFIED,AMATEUR,Photographed,iNaturalist Suomi Finland,ETRS-TM35FIN-1km-N6817000-E326000
http://tun.fi/HR.3211/183100109-U,herkkutatti (fi) — Boletus edulis,Boletus edulis,2023-09-13,2023,Suomi,Uusimaa (U),10.0,60.22443,25.04505,6678011.0,391708.0,COMMUNITY_VERIFIED,AMATEUR,Photographed,iNaturalist Suomi Finland,ETRS-TM35FIN-1km-N6678000-E391000
http://tun.fi/HR.3211/183109731-U,herkkutatti (fi) — Boletus edulis,Boletus edulis,2023-09-13,2023,Suomi,Varsinais-Suomi (V),25000.0,60.5,22.3,6716320.0,241944.0,COMMUNITY_VERIFIED,AMATEUR,Photographed,iNaturalist Suomi Finland,ETRS-TM35FIN-1km-N6716000-E241000
http://tun.fi/JX.1668628#11,herkkutatti (fi) — Boletus edulis,Boletus edulis,2023-09-13,2023,Suomi,Etelä-Häme (EH),1.0,60.969972,25.624732,6760225.0,425552.0,NEUTRAL,HOBBYIST,Photographed,The Atlas of Finnish Fungi,ETRS-TM35FIN-1km-N6760000-E425000
http://tun.fi/JX.2388650#132,herkkutatti (fi) — Boletus edulis,Boletus edulis,2023-09-13,2023,Suomi,Uusimaa (U),1.0,60.192733,25.097416,6674397.0,394507.0,NEUTRAL,PROFESSIONAL,Observation,Species Observations from Helsinki Nature Surveys,ETRS-TM35FIN-1km-N6674000-E394000
http://tun.fi/HR.3211/183226528-U,herkkutatti (fi) — Boletus edulis,Boletus edulis,2023-09-14,2023,Suomi,Etelä-Häme (EH),21.0,60.89462,24.88701,6752898.0,385353.0,COMMUNITY_VERIFIED,AMATEUR,Photographed,iNaturalist Suomi Finland,ETRS-TM35FIN-1km-N6752000-E385000
http://tun.fi/HR.3211/183516260-U,herkkutatti (fi) — Boletus edulis,Boletus edulis,2023-09-14,2023,Suomi,Uusimaa (U),193.0,60.20484,25.17542,6675623.0,398869.0,COMMUNITY_VERIFIED,AMATEUR,Photographed,iNaturalist Suomi Finland,ETRS-TM35FIN-1km-N6675000-E398000
http://tun.fi/HR.3211/183656498-U,herkkutatti (fi) — Boletus edulis,Boletus edulis,2023-09-14,2023,Suomi,Uusimaa (U),100.0,60.32588,24.72824,6689867.0,374553.0,COMMUNITY_VERIFIED,AMATEUR,Photographed,iNaturalist Suomi Finland,ETRS-TM35FIN-1km-N6689000-E374000
http://tun.fi/JX.1638822#3,herkkutatti (fi) — Boletus edulis,Boletus edulis,2023-09-14,2023,Suomi,Uusimaa (U),1000.0,60.070232,23.858483,6663383.0,325189.0,NEUTRAL,HOBBYIST,Observation,"Notebook, general observations",ETRS-TM35FIN-1km-N6663000-E325000
http://tun.fi/HR.3211/183488732-U,herkkutatti (fi) — Boletus edulis,Boletus edulis,2023-09-15,2023,Suomi,Satakunta (St),100.0,61.12849,21.49616,6789574.0,203768.0,COMMUNITY_VERIFIED,AMATEUR,Photographed,iNaturalist Suomi Finland,ETRS-TM35FIN-1km-N6789000-E203000
http://tun.fi/JX.1638895#3,herkkutatti (fi) — Boletus edulis,Boletus edulis,2023-09-15,2023,Suomi,Uusimaa (U),1000.0,59.989571,24.436611,6653020.0,357005.0,NEUTRAL,HOBBYIST,Observation,"Notebook, general observations",ETRS-TM35FIN-1km-N6653000-E357000
http://tun.fi/JX.1638148#5,herkkutatti (fi) — Boletus edulis,Boletus edulis,2023-09-15 [9:28-12:57],2023,Suomi,Uusimaa (U),5000.0,60.328297,24.679893,6690225.0,371888.0,NEUTRAL,HOBBYIST,Observation,Noteworthy macrofungi - complete lists,ETRS-TM35FIN-1km-N6690000-E371000
http://tun.fi/HR.3211/183482917-U,herkkutatti (fi) — Boletus edulis,Boletus edulis,2023-09-16,2023,Suomi,Uusimaa (U),10.0,60.19171,24.92205,6674576.0,384782.0,COMMUNITY_VERIFIED,AMATEUR,Photographed,iNaturalist Suomi Finland,ETRS-TM35FIN-1km-N6674000-E384000
http://tun.fi/HR.3211/183626600-U,herkkutatti (fi) — Boletus edulis,Boletus edulis,2023-09-16,2023,Suomi,Uusimaa (U),13.0,60.10938,24.7159,6665788.0,373037.0,COMMUNITY_VERIFIED,AMATEUR,Photographed,iNaturalist Suomi Finland,ETRS-TM35FIN-1km-N6665000-E373000
http://tun.fi/JX.1638570#36,herkkutatti (fi) — Boletus edulis,Boletus edulis,2023-09-16 [15:39-16:57],2023,Suomi,Varsinais-Suomi (V),100.0,60.473312,23.088325,6710515.0,285025.0,NEUTRAL,HOBBYIST,Photographed,The Atlas of Finnish Fungi,ETRS-TM35FIN-1km-N6710000-E285000
http://tun.fi/JX.1638620#9,herkkutatti (fi) — Boletus edulis,Boletus edulis,2023-09-16 [16:20-18:41],2023,Suomi,Uusimaa (U),1000.0,60.018451,23.786548,6657819.0,320908.0,NEUTRAL,HOBBYIST,Observation,Noteworthy macrofungi - complete lists,ETRS-TM35FIN-1km-N6657000-E320000
http://tun.fi/HR.3211/183628942-U,herkkutatti (fi) — Boletus edulis,Boletus edulis,2023-09-17,2023,Suomi,Etelä-Savo (ES),19.0,61.12165,28.4512,6777205.0,578186.0,COMMUNITY_VERIFIED,AMATEUR,Photographed,iNaturalist Suomi Finland,ETRS-TM35FIN-1km-N6777000-E578000
http://tun.fi/HR.3211/183658478-U,herkkutatti (fi) — Boletus edulis,Boletus edulis,2023-09-17,2023,Suomi,Etelä-Häme (EH),300.0,61.00626,25.57559,6764323.0,422980.0,COMMUNITY_VERIFIED,AMATEUR,Photographed,iNaturalist Suomi Finland,ETRS-TM35FIN-1km-N6764000-E422000
http://tun.fi/JX.1639022#3,herkkutatti (fi) — Boletus edulis,Boletus edulis,2023-09-17,2023,Suomi,Uusimaa (U),1000.0,59.993774,24.437295,6653489.0,357055.0,NEUTRAL,HOBBYIST,Observation,"Notebook, general observations",ETRS-TM35FIN-1km-N6653000-E357000
http://tun.fi/JX.1638909#7,herkkutatti (fi) — Boletus edulis,Boletus edulis,2023-09-17 [15:57-16:26],2023,Suomi,Varsinais-Suomi (V),1000.0,60.066434,23.678288,6663445.0,315156.0,NEUTRAL,HOBBYIST,Observation,Noteworthy macrofungi - complete lists,ETRS-TM35FIN-1km-N6663000-E315000
http://tun.fi/HR.3211/183832079-U,herkkutatti (fi) — Boletus edulis,Boletus edulis,2023-09-18,2023,Suomi,Uusimaa (U),23.0,60.10201,24.41889,6665576.0,356501.0,COMMUNITY_VERIFIED,AMATEUR,Photographed,iNaturalist Suomi Finland,ETRS-TM35FIN-1km-N6665000-E356000
http://tun.fi/HR.3211/198196640-U,herkkutatti (fi) — Boletus edulis,Boletus edulis,2023-09-19,2023,Suomi,Etelä-Häme (EH),31.0,61.34706,25.30968,6802617.0,409585.0,COMMUNITY_VERIFIED,AMATEUR,Photographed,iNaturalist Suomi Finland,ETRS-TM35FIN-1km-N6802000-E409000
http://tun.fi/HR.3211/184098906-U,herkkutatti (fi) — Boletus edulis,Boletus edulis,2023-09-20,2023,Suomi,Pohjois-Häme (PH),11.0,62.24012,25.89376,6901422.0,442518.0,COMMUNITY_VERIFIED,AMATEUR,Photographed,iNaturalist Suomi Finland,ETRS-TM35FIN-1km-N6901000-E442000
http://tun.fi/JX.1639517#11,herkkutatti (fi) — Boletus edulis,Boletus edulis,2023-09-20 [17:42-18:27],2023,Suomi,Uusimaa (U),1000.0,59.819103,22.909158,6638348.0,270674.0,NEUTRAL,HOBBYIST,Observation,Noteworthy macrofungi - complete lists,ETRS-TM35FIN-1km-N6638000-E270000
http://tun.fi/HR.3211/184281383-U,herkkutatti (fi) — Boletus edulis,Boletus edulis,2023-09-21,2023,Suomi,Uusimaa (U),10.0,60.24094,25.14554,6679688.0,397326.0,COMMUNITY_VERIFIED,AMATEUR,Photographed,iNaturalist Suomi Finland,ETRS-TM35FIN-1km-N6679000-E397000
http://tun.fi/JX.1639731#17,herkkutatti (fi) — Boletus edulis,Boletus edulis,2023-09-21,2023,Suomi,Varsinais-Suomi (V),100.0,60.270994,23.39844,6687031.0,300825.0,NEUTRAL,HOBBYIST,Photographed,The Atlas of Finnish Fungi,ETRS-TM35FIN-1km-N6687000-E300000
http://tun.fi/HR.3211/184355185-U,herkkutatti (fi) — Boletus edulis,Boletus edulis,2023-09-22,2023,Suomi,Varsinais-Suomi (V),19.0,60.53291,24.18096,6714077.0,345329.0,COMMUNITY_VERIFIED,AMATEUR,Photographed,iNaturalist Suomi Finland,ETRS-TM35FIN-1km-N6714000-E345000
http://tun.fi/JX.1639921#19,herkkutatti (fi) — Boletus edulis,Boletus edulis,2023-09-22 [17:45-19:02],2023,Suomi,"Uusimaa (U), Varsinais-Suomi (V)",10000.0,60.055086,23.675094,6662202.0,314905.0,NEUTRAL,HOBBYIST,Observation,Noteworthy macrofungi - complete lists,ETRS-TM35FIN-1km-N6662000-E314000
http://tun.fi/JX.1640350#19,herkkutatti (fi) — Boletus edulis,Boletus edulis,2023-09-24 [15:32-16:36],2023,Suomi,Varsinais-Suomi (V),1000.0,60.4369,24.31486,6703084.0,352235.0,NEUTRAL,HOBBYIST,Observation,Noteworthy macrofungi - complete lists,ETRS-TM35FIN-1km-N6703000-E352000
http://tun.fi/JX.1640556#234,herkkutatti (fi) — Boletus edulis,Boletus edulis,2023-09-25 [10:18-13:52],2023,Suomi,Uusimaa (U),1000.0,60.101402,25.054803,6664295.0,391846.0,NEUTRAL,HOBBYIST,Observation,"Notebook, general observations",ETRS-TM35FIN-1km-N6664000-E391000
http://tun.fi/JX.1640735#42,herkkutatti (fi) — Boletus edulis,Boletus edulis,2023-09-26,2023,Suomi,Etelä-Häme (EH),1.0,60.677968,24.422468,6729682.0,359209.0,NEUTRAL,HOBBYIST,Photographed,The Atlas of Finnish Fungi,ETRS-TM35FIN-1km-N6729000-E359000
http://tun.fi/JX.1647763#33,herkkutatti (fi) — Boletus edulis,Boletus edulis,2023-09-26 [17:52] - 2023-10-16 [12:58],2023,Suomi,Uusimaa (U),1.0,60.191713,25.0008,6674442.0,389147.0,NEUTRAL,HOBBYIST,Photographed,The Atlas of Finnish Fungi,ETRS-TM35FIN-1km-N6674000-E389000
http://tun.fi/JX.1644167#19,herkkutatti (fi) — Boletus edulis,Boletus edulis,2023-10-08 [13:28-15:33],2023,Suomi,Uusimaa (U),1000.0,60.305284,25.1497,6686845.0,397753.0,NEUTRAL,HOBBYIST,Observation,Noteworthy macrofungi - complete lists,ETRS-TM35FIN-1km-N6686000-E397000
http://tun.fi/HR.3211/186845138-U,herkkutatti (fi) — Boletus edulis,Boletus edulis,2023-10-09,2023,Suomi,Varsinais-Suomi (V),10.0,60.43679,22.2492,6709490.0,238667.0,COMMUNITY_VERIFIED,AMATEUR,Photographed,iNaturalist Suomi Finland,ETRS-TM35FIN-1km-N6709000-E238000
http://tun.fi/JX.2403646#5,herkkutatti (fi) — Boletus edulis,Boletus edulis,2024-07-15,2024,Suomi,Varsinais-Suomi (V),1.0,60.107109,22.929902,6670310.0,273810.0,NEUTRAL,HOBBYIST,Photographed,The Atlas of Finnish Fungi,ETRS-TM35FIN-1km-N6670000-E273000
http://tun.fi/JX.1749805#56,herkkutatti (fi) — Boletus edulis,Boletus edulis,2024-07-21,2024,Suomi,Uusimaa (U),1.0,60.20022,24.822834,6675701.0,379313.0,NEUTRAL,HOBBYIST,Photographed,The Atlas of Finnish Fungi,ETRS-TM35FIN-1km-N6675000-E379000
http://tun.fi/HR.3211/230932524-U,herkkutatti (fi) — Boletus edulis,Boletus edulis,2024-07-22,2024,Suomi,Pohjois-Häme (PH),10.0,62.22108,25.84259,6899348.0,439821.0,COMMUNITY_VERIFIED,AMATEUR,Photographed,iNaturalist Suomi Finland,ETRS-TM35FIN-1km-N6899000-E439000
http://tun.fi/HR.3211/230968912-U,herkkutatti (fi) — Boletus edulis,Boletus edulis,2024-07-22,2024,Suomi,Pohjois-Savo (PS),10.0,63.29941,27.38018,7019007.0,519061.0,NEUTRAL,AMATEUR,Photographed,iNaturalist Suomi Finland,ETRS-TM35FIN-1km-N7019000-E519000
http://tun.fi/HR.3211/230969147-U,herkkutatti (fi) — Boletus edulis,Boletus edulis,2024-07-22,2024,Suomi,Pohjois-Savo (PS),50.0,63.29936,27.38133,7019002.0,519118.0,NEUTRAL,AMATEUR,Photographed,iNaturalist Suomi Finland,ETRS-TM35FIN-1km-N7019000-E519000
http://tun.fi/JX.1750429#69,herkkutatti (fi) — Boletus edulis,Boletus edulis,2024-07-22,2024,Suomi,Uusimaa (U),10000.0,60.626258,26.342776,6721328.0,464038.0,NEUTRAL,HOBBYIST,Photographed,The Atlas of Finnish Fungi,ETRS-TM35FIN-1km-N6721000-E464000
http://tun.fi/HR.3211/359457479-U,herkkutatti (fi) — Boletus edulis,Boletus edulis,2024-07-23,2024,Suomi,Pohjois-Häme (PH),160.0,62.60895,25.79832,6942596.0,438323.0,COMMUNITY_VERIFIED,AMATEUR,Photographed,iNaturalist Suomi Finland,ETRS-TM35FIN-1km-N6942000-E438000
http://tun.fi/HR.3211/232451736-U,herkkutatti (fi) — Boletus edulis,Boletus edulis,2024-07-29,2024,Suomi,Uusimaa (U),10.0,60.25484,24.44362,6682534.0,358534.0,COMMUNITY_VERIFIED,AMATEUR,Photographed,iNaturalist Suomi Finland,ETRS-TM35FIN-1km-N6682000-E358000
http://tun.fi/JX.1754229#3,herkkutatti (fi) — Boletus edulis,Boletus edulis,2024-07-31,2024,Suomi,Satakunta (St),1000.0,61.661237,23.463932,6841538.0,312802.0,NEUTRAL,HOBBYIST,Photographed,The Atlas of Finnish Fungi,ETRS-TM35FIN-1km-N6841000-E312000
http://tun.fi/HR.3211/233477267-U,herkkutatti (fi) — Boletus edulis,Boletus edulis,2024-08-03,2024,Suomi,"Etelä-Pohjanmaa (EP), Keski-Pohjanmaa (KP)",25000.0,63.3,22.1,7028403.0,254515.0,COMMUNITY_VERIFIED,AMATEUR,Photographed,iNaturalist Suomi Finland,ETRS-TM35FIN-1km-N7028000-E254000
http://tun.fi/JX.1755350#7,herkkutatti (fi) — Boletus edulis,Boletus edulis,2024-08-04 [13:08-13:52],2024,Suomi,"Uusimaa (U), Varsinais-Suomi (V)",10000.0,60.055086,23.675094,6662202.0,314905.0,NEUTRAL,HOBBYIST,Observation,Noteworthy macrofungi - complete lists,ETRS-TM35FIN-1km-N6662000-E314000
http://tun.fi/JX.1755566#6,herkkutatti (fi) — Boletus edulis,Boletus edulis,2024-08-04 [19:38-20:34],2024,Suomi,Varsinais-Suomi (V),1.0,60.333922,23.215962,6694597.0,291144.0,NEUTRAL,HOBBYIST,Photographed,The Atlas of Finnish Fungi,ETRS-TM35FIN-1km-N6694000-E291000
http://tun.fi/HR.3211/234132832-U,herkkutatti (fi) — Boletus edulis,Boletus edulis,2024-08-06,2024,Suomi,Etelä-Savo (ES),10.0,61.59788,27.12793,6829393.0,506790.0,COMMUNITY_VERIFIED,AMATEUR,Photographed,iNaturalist Suomi Finland,ETRS-TM35FIN-1km-N6829000-E506000
http://tun.fi/JX.1756299#119,herkkutatti (fi) — Boletus edulis,Boletus edulis,2024-08-06 - 2024-08-12,2024,Suomi,Uusimaa (U),1000.0,60.32823,24.657203,6690265.0,370639.0,NEUTRAL,HOBBYIST,Photographed,The Atlas of Finnish Fungi,ETRS-TM35FIN-1km-N6690000-E370000
http://tun.fi/HR.3211/234336621-U,herkkutatti (fi) — Boletus edulis,Boletus edulis,2024-08-07,2024,Suomi,Etelä-Savo (ES),10.0,61.61235,27.12777,6831004.0,506778.0,COMMUNITY_VERIFIED,AMATEUR,Photographed,iNaturalist Suomi Finland,ETRS-TM35FIN-1km-N6831000-E506000
http://tun.fi/JX.1757139#9,herkkutatti (fi) — Boletus edulis,Boletus edulis,2024-08-09 [11:04-12:00],2024,Suomi,Etelä-Häme (EH),100.0,61.538663,25.669308,6823511.0,429254.0,NEUTRAL,HOBBYIST,Observation,Noteworthy macrofungi - complete lists,ETRS-TM35FIN-1km-N6823000-E429000
http://tun.fi/JX.1757464#9,herkkutatti (fi) — Boletus edulis,Boletus edulis,2024-08-10 [8:42-9:57],2024,Suomi,Etelä-Häme (EH),1.0,61.459012,25.761002,6814544.0,433961.0,NEUTRAL,HOBBYIST,Photographed,The Atlas of Finnish Fungi,ETRS-TM35FIN-1km-N6814000-E433000
http://tun.fi/HR.3211/235067320-U,herkkutatti (fi) — Boletus edulis,Boletus edulis,2024-08-11,2024,Suomi,Uusimaa (U),10.0,60.24311,25.21757,6679820.0,401320.0,COMMUNITY_VERIFIED,AMATEUR,Photographed,iNaturalist Suomi Finland,ETRS-TM35FIN-1km-N6679000-E401000
http://tun.fi/HR.3211/254494741-U,herkkutatti (fi) — Boletus edulis,Boletus edulis,2024-08-11,2024,Suomi,Oulun Pohjanmaa (OP),100.0,65.01806,25.51067,7211295.0,429822.0,COMMUNITY_VERIFIED,AMATEUR,Photographed,iNaturalist Suomi Finland,ETRS-TM35FIN-1km-N7211000-E429000
http://tun.fi/JX.1757927#87,herkkutatti (fi) — Boletus edulis,Boletus edulis,2024-08-11,2024,Suomi,Varsinais-Suomi (V),1000.0,60.528011,24.550848,6712713.0,365598.0,NEUTRAL,HOBBYIST,Photographed,The Atlas of Finnish Fungi,ETRS-TM35FIN-1km-N6712000-E365000
http://tun.fi/HR.3211/235381543-U,herkkutatti (fi) — Boletus edulis,Boletus edulis,2024-08-12,2024,Suomi,Etelä-Pohjanmaa (EP),1005.0,62.50639,21.2103,6943964.0,202089.0,COMMUNITY_VERIFIED,AMATEUR,Photographed,iNaturalist Suomi Finland,ETRS-TM35FIN-1km-N6943000-E202000
http://tun.fi/JX.1758340#3,herkkutatti (fi) — Boletus edulis,Boletus edulis,2024-08-12,2024,Suomi,Etelä-Savo (ES),1.0,61.785615,29.30877,6852461.0,621759.0,NEUTRAL,HOBBYIST,Photographed,The Atlas of Finnish Fungi,ETRS-TM35FIN-1km-N6852000-E621000
http://tun.fi/JX.1759821#60,herkkutatti (fi) — Boletus edulis,Boletus edulis,2024-08-12,2024,Suomi,Etelä-Pohjanmaa (EP),1.0,62.970683,21.504697,6994228.0,221622.0,NEUTRAL,HOBBYIST,Photographed,The Atlas of Finnish Fungi,ETRS-TM35FIN-1km-N6994000-E221000
http://tun.fi/JX.1777495#5,herkkutatti (fi) — Boletus edulis,Boletus edulis,2024-08-12,2024,Suomi,Etelä-Häme (EH),1.0,60.699692,25.034037,6730945.0,392679.0,NEUTRAL,HOBBYIST,Photographed,The Atlas of Finnish Fungi,ETRS-TM35FIN-1km-N6730000-E392000
http://tun.fi/HR.3211/235688020-U,herkkutatti (fi) — Boletus edulis,Boletus edulis,2024-08-14,2024,Suomi,Etelä-Häme (EH),48.0,60.92811,23.8208,6758960.0,327710.0,COMMUNITY_VERIFIED,AMATEUR,Photographed,iNaturalist Suomi Finland,ETRS-TM35FIN-1km-N6758000-E327000
http://tun.fi/HR.3211/235718191-U,herkkutatti (fi) — Boletus edulis,Boletus edulis,2024-08-14,2024,Suomi,Uusimaa (U),10.0,60.06488,24.28711,6661736.0,349007.0,NEUTRAL,AMATEUR,Photographed,iNaturalist Suomi Finland,ETRS-TM35FIN-1km-N6661000-E349000
http://tun.fi/JX.1758920#9,herkkutatti (fi) — Boletus edulis,Boletus edulis,2024-08-14 [16:00-19:33],2024,Suomi,Pohjois-Häme (PH),1000.0,62.163555,26.262885,6892619.0,461600.0,NEUTRAL,HOBBYIST,Observation,Noteworthy macrofungi - complete lists,ETRS-TM35FIN-1km-N6892000-E461000
http://tun.fi/HR.3211/235888293-U,herkkutatti (fi) — Boletus edulis,Boletus edulis,2024-08-15,2024,Suomi,Uusimaa (U),52.0,60.35478,25.10067,6692434.0,395207.0,COMMUNITY_VERIFIED,AMATEUR,Photographed,iNaturalist Suomi Finland,ETRS-TM35FIN-1km-N6692000-E395000
http://tun.fi/HR.3211/235897888-U,herkkutatti (fi) — Boletus edulis,Boletus edulis,2024-08-15,2024,Suomi,Etelä-Häme (EH),10.0,60.72995,23.57014,6737595.0,312980.0,NEUTRAL,AMATEUR,Photographed,iNaturalist Suomi Finland,ETRS-TM35FIN-1km-N6737000-E312000
http://tun.fi/HR.3211/235933138-U,herkkutatti (fi) — Boletus edulis,Boletus edulis,2024-08-15,2024,Suomi,Etelä-Häme (EH),10.0,61.50766,23.80544,6823502.0,330033.0,COMMUNITY_VERIFIED,AMATEUR,Photographed,iNaturalist Suomi Finland,ETRS-TM35FIN-1km-N6823000-E330000
http://tun.fi/HR.3211/236108343-U,herkkutatti (fi) — Boletus edulis,Boletus edulis,2024-08-16,2024,Suomi,Varsinais-Suomi (V),25000.0,60.5,21.9,6717956.0,220012.0,COMMUNITY_VERIFIED,AMATEUR,Photographed,iNaturalist Suomi Finland,ETRS-TM35FIN-1km-N6717000-E220000
http://tun.fi/HR.3211/245123606-U,herkkutatti (fi) — Boletus edulis,Boletus edulis,2024-08-16,2024,Suomi,Etelä-Savo (ES),100.0,61.95993,25.98543,6870133.0,446792.0,COMMUNITY_VERIFIED,AMATEUR,Photographed,iNaturalist Suomi Finland,ETRS-TM35FIN-1km-N6870000-E446000
http://tun.fi/JX.1759430#3,herkkutatti (fi) — Boletus edulis,Boletus edulis,2024-08-16,2024,Suomi,Oulun Pohjanmaa (OP),1000.0,64.928669,25.739747,7201099.0,440416.0,NEUTRAL,HOBBYIST,Preserved specimen,The Atlas of Finnish Fungi,ETRS-TM35FIN-1km-N7201000-E440000
http://tun.fi/HR.3211/236237030-U,herkkutatti (fi) — Boletus edulis,Boletus edulis,2024-08-17,2024,Suomi,"Satakunta (St), Varsinais-Suomi (V)",25000.0,60.7,22.7,6737060.0,265339.0,COMMUNITY_VERIFIED,AMATEUR,Photographed,iNaturalist Suomi Finland,ETRS-TM35FIN-1km-N6737000-E265000
http://tun.fi/HR.3211/236242569-U,herkkutatti (fi) — Boletus edulis,Boletus edulis,2024-08-17,2024,Suomi,Uusimaa (U),74.0,60.05973,24.23931,6661273.0,346324.0,COMMUNITY_VERIFIED,AMATEUR,Photographed,iNaturalist Suomi Finland,ETRS-TM35FIN-1km-N6661000-E346000
http://tun.fi/HR.3211/236249447-U,herkkutatti (fi) — Boletus edulis,Boletus edulis,2024-08-17,2024,Suomi,Uusimaa (U),11.0,60.64543,25.07486,6724837.0,394730.0,COMMUNITY_VERIFIED,AMATEUR,Photographed,iNaturalist Suomi Finland,ETRS-TM35FIN-1km-N6724000-E394000
http://tun.fi/HR.3211/236253268-U,herkkutatti (fi) — Boletus edulis,Boletus edulis,2024-08-17,2024,Suomi,Uusimaa (U),1299.0,60.3285,24.64363,6690323.0,369892.0,COMMUNITY_VERIFIED,AMATEUR,Photographed,iNaturalist Suomi Finland,ETRS-TM35FIN-1km-N6690000-E369000
http://tun.fi/HR.3211/236254378-U,herkkutatti (fi) — Boletus edulis,Boletus edulis,2024-08-17,2024,Suomi,Uusimaa (U),20.0,60.42169,25.07347,6699928.0,393924.0,COMMUNITY_VERIFIED,AMATEUR,Photographed,iNaturalist Suomi Finland,ETRS-TM35FIN-1km-N6699000-E393000
http://tun.fi/HR.3211/236278789-U,herkkutatti (fi) — Boletus edulis,Boletus edulis,2024-08-17,2024,Suomi,Varsinais-Suomi (V),25000.0,60.3,22.3,6694083.0,240354.0,COMMUNITY_VERIFIED,AMATEUR,Photographed,iNaturalist Suomi Finland,ETRS-TM35FIN-1km-N6694000-E240000
http://tun.fi/HR.3211/236289972-U,herkkutatti (fi) — Boletus edulis,Boletus edulis,2024-08-17,2024,Suomi,Varsinais-Suomi (V),25000.0,60.3,22.3,6694083.0,240354.0,COMMUNITY_VERIFIED,AMATEUR,Photographed,iNaturalist Suomi Finland,ETRS-TM35FIN-1km-N6694000-E240000
http://tun.fi/HR.3211/236290014-U,herkkutatti (fi) — Boletus edulis,Boletus edulis,2024-08-17,2024,Suomi,Uusimaa (U),100.0,60.85788,25.69402,6747665.0,429054.0,COMMUNITY_VERIFIED,AMATEUR,Photographed,iNaturalist Suomi Finland,ETRS-TM35FIN-1km-N6747000-E429000
http://tun.fi/HR.3211/236297312-U,herkkutatti (fi) — Boletus edulis,Boletus edulis,2024-08-17,2024,Suomi,Etelä-Häme (EH),2149.0,60.74665,23.58521,6739410.0,313898.0,COMMUNITY_VERIFIED,AMATEUR,Photographed,iNaturalist Suomi Finland,ETRS-TM35FIN-1km-N6739000-E313000
http://tun.fi/HR.3211/236299338-U,herkkutatti (fi) — Boletus edulis,Boletus edulis,2024-08-17,2024,Suomi,Etelä-Häme (EH),10.0,61.2892,25.58741,6795820.0,424300.0,NEUTRAL,AMATEUR,Photographed,iNaturalist Suomi Finland,ETRS-TM35FIN-1km-N6795000-E424000
http://tun.fi/HR.3211/240952639-U,herkkutatti (fi) — Boletus edulis,Boletus edulis,2024-08-17,2024,Suomi,Satakunta (St),849.0,61.81877,23.21063,6859813.0,300427.0,COMMUNITY_VERIFIED,AMATEUR,Photographed,iNaturalist Suomi Finland,ETRS-TM35FIN-1km-N6859000-E300000
http://tun.fi/JX.1759721#3,herkkutatti (fi) — Boletus edulis,Boletus edulis,2024-08-17,2024,Suomi,Uusimaa (U),1.0,60.354361,25.032381,6692498.0,391438.0,NEUTRAL,HOBBYIST,Photographed,The Atlas of Finnish Fungi,ETRS-TM35FIN-1km-N6692000-E391000
http://tun.fi/JX.1759830#3,herkkutatti (fi) — Boletus edulis,Boletus edulis,2024-08-17,2024,Suomi,Etelä-Häme (EH),1000.0,61.197317,26.081054,6785113.0,450608.0,NEUTRAL,HOBBYIST,Photographed,The Atlas of Finnish Fungi,ETRS-TM35FIN-1km-N6785000-E450000
http://tun.fi/JX.1786136#3,herkkutatti (fi) — Boletus edulis,Boletus edulis,2024-08-17,2024,Suomi,Pohjois-Häme (PH),1.0,62.318565,26.354444,6909837.0,466543.0,NEUTRAL,HOBBYIST,Photographed,The Atlas of Finnish Fungi,ETRS-TM35FIN-1km-N6909000-E466000
http://tun.fi/JX.1759630#9,herkkutatti (fi) — Boletus edulis,Boletus edulis,2024-08-17 [11:31-14:19],2024,Suomi,Etelä-Häme (EH),1000.0,61.533615,25.670302,6822948.0,429294.0,NEUTRAL,HOBBYIST,Observation,Noteworthy macrofungi - complete lists,ETRS-TM35FIN-1km-N6822000-E429000
http://tun.fi/HR.3211/236457348-U,herkkutatti (fi) — Boletus edulis,Boletus edulis,2024-08-18,2024,Suomi,Etelä-Häme (EH),10.0,61.64988,25.00511,6836798.0,394329.0,COMMUNITY_VERIFIED,AMATEUR,Photographed,iNaturalist Suomi Finland,ETRS-TM35FIN-1km-N6836000-E394000
http://tun.fi/HR.3211/236460176-U,herkkutatti (fi) — Boletus edulis,Boletus edulis,2024-08-18,2024,Suomi,Varsinais-Suomi (V),10.0,61.05872,21.38308,6782341.0,197025.0,COMMUNITY_VERIFIED,AMATEUR,Photographed,iNaturalist Suomi Finland,ETRS-TM35FIN-1km-N6782000-E197000
http://tun.fi/HR.3211/236551493-U,herkkutatti (fi) — Boletus edulis,Boletus edulis,2024-08-18,2024,Suomi,Varsinais-Suomi (V),69.0,60.50215,22.46681,6715913.0,251126.0,COMMUNITY_VERIFIED,AMATEUR,Photographed,iNaturalist Suomi Finland,ETRS-TM35FIN-1km-N6715000-E251000
http://tun.fi/HR.3211/236581400-U,herkkutatti (fi) — Boletus edulis,Boletus edulis,2024-08-18,2024,Suomi,Uusimaa (U),10.0,60.70178,25.2066,6730908.0,402104.0,COMMUNITY_VERIFIED,AMATEUR,Photographed,iNaturalist Suomi Finland,ETRS-TM35FIN-1km-N6730000-E402000
http://tun.fi/HR.3211/236747714-U,herkkutatti (fi) — Boletus edulis,Boletus edulis,2024-08-18,2024,Suomi,Uusimaa (U),100.0,60.36998,25.00075,6694289.0,389746.0,COMMUNITY_VERIFIED,AMATEUR,Photographed,iNaturalist Suomi Finland,ETRS-TM35FIN-1km-N6694000-E389000
http://tun.fi/HR.3211/236754970-U,herkkutatti (fi) — Boletus edulis,Boletus edulis,2024-08-18,2024,Suomi,Uusimaa (U),100.0,60.23854,25.01389,6679633.0,390030.0,COMMUNITY_VERIFIED,AMATEUR,Photographed,iNaturalist Suomi Finland,ETRS-TM35FIN-1km-N6679000-E390000
http://tun.fi/JX.1760014#3,herkkutatti (fi) — Boletus edulis,Boletus edulis,2024-08-18,2024,Suomi,Pohjois-Häme (PH),1.0,62.255271,25.707033,6903290.0,432849.0,NEUTRAL,HOBBYIST,Observation,"Notebook, general observations",ETRS-TM35FIN-1km-N6903000-E432000
http://tun.fi/JX.2434924#3,herkkutatti (fi) — Boletus edulis,Boletus edulis,2024-08-18,2024,Suomi,Uusimaa (U),1.0,60.305561,25.20518,6686792.0,400823.0,NEUTRAL,HOBBYIST,Observation,"Notebook, general observations",ETRS-TM35FIN-1km-N6686000-E400000
http://tun.fi/JX.1780335#5,herkkutatti (fi) — Boletus edulis,Boletus edulis,2024-08-18 [10:08-11:46],2024,Suomi,Etelä-Häme (EH),100.0,60.733816,24.866093,6735030.0,383635.0,NEUTRAL,HOBBYIST,Observation,Noteworthy macrofungi - complete lists,ETRS-TM35FIN-1km-N6735000-E383000
http://tun.fi/JX.1760011#42,herkkutatti (fi) — Boletus edulis,Boletus edulis,2024-08-18 [13:21-16:28],2024,Suomi,Varsinais-Suomi (V),10000.0,60.398651,23.095319,6702185.0,284917.0,NEUTRAL,HOBBYIST,Photographed,The Atlas of Finnish Fungi,ETRS-TM35FIN-1km-N6702000-E284000
http://tun.fi/JX.1761180#9,herkkutatti (fi) — Boletus edulis,Boletus edulis,2024-08-18 [14:41-14:47],2024,Suomi,Etelä-Häme (EH),1.0,61.497026,25.666124,6818878.0,428991.0,NEUTRAL,HOBBYIST,Observation,Noteworthy macrofungi - complete lists,ETRS-TM35FIN-1km-N6818000-E428000
http://tun.fi/HR.3211/236682327-U,herkkutatti (fi) — Boletus edulis,Boletus edulis,2024-08-19,2024,Suomi,Uusimaa (U),10.0,60.70695,26.6436,6730201.0,480548.0,COMMUNITY_VERIFIED,AMATEUR,Photographed,iNaturalist Suomi Finland,ETRS-TM35FIN-1km-N6730000-E480000
http://tun.fi/HR.3211/236700268-U,herkkutatti (fi) — Boletus edulis,Boletus edulis,2024-08-19,2024,Suomi,Varsinais-Suomi (V),10.0,60.4784,21.94568,6715359.0,222348.0,COMMUNITY_VERIFIED,AMATEUR,Photographed,iNaturalist Suomi Finland,ETRS-TM35FIN-1km-N6715000-E222000
http://tun.fi/HR.3211/236870254-U,herkkutatti (fi) — Boletus edulis,Boletus edulis,2024-08-20,2024,Suomi,Pohjois-Savo (PS),10.0,62.38292,27.66324,6917016.0,534302.0,COMMUNITY_VERIFIED,AMATEUR,Photographed,iNaturalist Suomi Finland,ETRS-TM35FIN-1km-N6917000-E534000
http://tun.fi/JX.1760609#6,herkkutatti (fi) — Boletus edulis,Boletus edulis,2024-08-20 [14:31-15:57],2024,Suomi,Varsinais-Suomi (V),1.0,60.383475,23.166405,6700268.0,288732.0,NEUTRAL,HOBBYIST,Photographed,The Atlas of Finnish Fungi,ETRS-TM35FIN-1km-N6700000-E288000
http://tun.fi/HR.3211/237062741-U,herkkutatti (fi) — Boletus edulis,Boletus edulis,2024-08-21,2024,Suomi,Varsinais-Suomi (V),49.0,60.50458,22.45018,6716247.0,250232.0,COMMUNITY_VERIFIED,AMATEUR,Photographed,iNaturalist Suomi Finland,ETRS-TM35FIN-1km-N6716000-E250000
http://tun.fi/HR.3211/237073788-U,herkkutatti (fi) — Boletus edulis,Boletus edulis,2024-08-21,2024,Suomi,Varsinais-Suomi (V),10.0,60.9239,21.49672,6766839.0,201882.0,COMMUNITY_VERIFIED,AMATEUR,Photographed,iNaturalist Suomi Finland,ETRS-TM35FIN-1km-N6766000-E201000
http://tun.fi/HR.3211/237082219-U,herkkutatti (fi) — Boletus edulis,Boletus edulis,2024-08-21,2024,Suomi,Satakunta (St),10.0,60.8468,23.04813,6752194.0,285322.0,COMMUNITY_VERIFIED,AMATEUR,Photographed,iNaturalist Suomi Finland,ETRS-TM35FIN-1km-N6752000-E285000
http://tun.fi/HR.3211/237082768-U,herkkutatti (fi) — Boletus edulis,Boletus edulis,2024-08-21,2024,Suomi,Satakunta (St),10.0,60.84714,23.04867,6752230.0,285353.0,NEUTRAL,AMATEUR,Photographed,iNaturalist Suomi Finland,ETRS-TM35FIN-1km-N6752000-E285000
http://tun.fi/HR.3211/237105471-U,herkkutatti (fi) — Boletus edulis,Boletus edulis,2024-08-21,2024,Suomi,Uusimaa (U),10.0,60.19338,24.59235,6675383.0,366512.0,COMMUNITY_VERIFIED,AMATEUR,Photographed,iNaturalist Suomi Finland,ETRS-TM35FIN-1km-N6675000-E366000
http://tun.fi/HR.3211/237116285-U,herkkutatti (fi) — Boletus edulis,Boletus edulis,2024-08-21,2024,Suomi,Uusimaa (U),10.0,60.4802,25.10961,6706385.0,396101.0,COMMUNITY_VERIFIED,AMATEUR,Photographed,iNaturalist Suomi Finland,ETRS-TM35FIN-1km-N6706000-E396000
http://tun.fi/JX.2233401#5,herkkutatti (fi) — Boletus edulis,Boletus edulis,2024-08-21,2024,Suomi,Uusimaa (U),1000.0,60.350113,26.039362,6690790.0,446987.0,NEUTRAL,HOBBYIST,Photographed,The Atlas of Finnish Fungi,ETRS-TM35FIN-1km-N6690000-E446000
http://tun.fi/JX.1760977#3,herkkutatti (fi) — Boletus edulis,Boletus edulis,2024-08-21 [15:24-17:10],2024,Suomi,Uusimaa (U),1.0,60.210377,25.024037,6676481.0,390498.0,NEUTRAL,HOBBYIST,Photographed,The Atlas of Finnish Fungi,ETRS-TM35FIN-1km-N6676000-E390000
http://tun.fi/HR.3211/237309031-U,herkkutatti (fi) — Boletus edulis,Boletus edulis,2024-08-22,2024,Suomi,Varsinais-Suomi (V),10.0,60.47623,22.38715,6713336.0,246555.0,COMMUNITY_VERIFIED,AMATEUR,Photographed,iNaturalist Suomi Finland,ETRS-TM35FIN-1km-N6713000-E246000
http://tun.fi/HR.3211/240195339-U,herkkutatti (fi) — Boletus edulis,Boletus edulis,2024-08-22,2024,Suomi,Uusimaa (U),100.0,60.23217,25.08334,6678810.0,393854.0,NEUTRAL,AMATEUR,Photographed,iNaturalist Suomi Finland,ETRS-TM35FIN-1km-N6678000-E393000
http://tun.fi/HR.3211/363347060-U,herkkutatti (fi) — Boletus edulis,Boletus edulis,2024-08-22,2024,Suomi,Uusimaa (U),100.0,60.23217,25.08334,6678810.0,393854.0,NEUTRAL,AMATEUR,Photographed,iNaturalist Suomi Finland,ETRS-TM35FIN-1km-N6678000-E393000
http://tun.fi/JX.1761453#1935,herkkutatti (fi) — Boletus edulis,Boletus edulis,2024-08-22,2024,Suomi,Etelä-Savo (ES),100.0,61.039609,27.220773,6767220.0,511926.0,NEUTRAL,HOBBYIST,"Handled (catched, not preserved)","Notebook, general observations",ETRS-TM35FIN-1km-N6767000-E511000
http://tun.fi/JX.1761453#2059,herkkutatti (fi) — Boletus edulis,Boletus edulis,2024-08-22,2024,Suomi,Etelä-Savo (ES),1000.0,61.089949,26.940321,6772808.0,496781.0,NEUTRAL,HOBBYIST,"Handled (catched, not preserved)","Notebook, general observations",ETRS-TM35FIN-1km-N6772000-E496000
http://tun.fi/JX.1761453#691,herkkutatti (fi) — Boletus edulis,Boletus edulis,2024-08-22,2024,Suomi,Etelä-Savo (ES),100.0,60.921988,27.351951,6754149.0,519083.0,NEUTRAL,HOBBYIST,"Handled (catched, not preserved)","Notebook, general observations",ETRS-TM35FIN-1km-N6754000-E519000
http://tun.fi/JX.1761264#9,herkkutatti (fi) — Boletus edulis,Boletus edulis,2024-08-22 [18:29-20:31],2024,Suomi,Varsinais-Suomi (V),1000.0,60.041482,23.709086,6660592.0,316721.0,NEUTRAL,HOBBYIST,Observation,Noteworthy macrofungi - complete lists,ETRS-TM35FIN-1km-N6660000-E316000
http://tun.fi/HR.3211/237491167-U,herkkutatti (fi) — Boletus edulis,Boletus edulis,2024-08-23,2024,Suomi,Pohjois-Savo (PS),25000.0,63.3,27.3,7019055.0,515057.0,COMMUNITY_VERIFIED,AMATEUR,Photographed,iNaturalist Suomi Finland,ETRS-TM35FIN-1km-N7019000-E515000
http://tun.fi/JX.1761453#1313,herkkutatti (fi) — Boletus edulis,Boletus edulis,2024-08-23,2024,Suomi,Laatokan Karjala (LK),100.0,61.573994,29.330083,6828937.0,623726.0,NEUTRAL,HOBBYIST,"Handled (catched, not preserved)","Notebook, general observations",ETRS-TM35FIN-1km-N6828000-E623000
http://tun.fi/JX.1761453#465,herkkutatti (fi) — Boletus edulis,Boletus edulis,2024-08-23,2024,Suomi,Laatokan Karjala (LK),1000.0,61.589873,29.359994,6830764.0,625250.0,NEUTRAL,HOBBYIST,"Handled (catched, not preserved)","Notebook, general observations",ETRS-TM35FIN-1km-N6830000-E625000
http://tun.fi/JX.1761453#944,herkkutatti (fi) — Boletus edulis,Boletus edulis,2024-08-23,2024,Suomi,Laatokan Karjala (LK),100.0,61.572805,29.332777,6828810.0,623873.0,NEUTRAL,HOBBYIST,"Handled (catched, not preserved)","Notebook, general observations",ETRS-TM35FIN-1km-N6828000-E623000
http://tun.fi/HR.3211/237618801-U,herkkutatti (fi) — Boletus edulis,Boletus edulis,2024-08-24,2024,Suomi,Etelä-Savo (ES),100.0,61.22256,27.4215,6787651.0,522638.0,COMMUNITY_VERIFIED,AMATEUR,Photographed,iNaturalist Suomi Finland,ETRS-TM35FIN-1km-N6787000-E522000
http://tun.fi/HR.3211/237633225-U,herkkutatti (fi) — Boletus edulis,Boletus edulis,2024-08-24,2024,Suomi,Uusimaa (U),100.0,60.30556,25.20876,6686787.0,401021.0,COMMUNITY_VERIFIED,AMATEUR,Photographed,iNaturalist Suomi Finland,ETRS-TM35FIN-1km-N6686000-E401000
http://tun.fi/HR.3211/237672980-U,herkkutatti (fi) — Boletus edulis,Boletus edulis,2024-08-24,2024,Suomi,Uusimaa (U),100.0,60.3091,25.21894,6687166.0,401594.0,COMMUNITY_VERIFIED,AMATEUR,Photographed,iNaturalist Suomi Finland,ETRS-TM35FIN-1km-N6687000-E401000
http://tun.fi/JX.1761453#2259,herkkutatti (fi) — Boletus edulis,Boletus edulis,2024-08-24,2024,Suomi,Etelä-Savo (ES),1.0,61.125392,28.676253,6777912.0,590298.0,NEUTRAL,HOBBYIST,"Handled (catched, not preserved)","Notebook, general observations",ETRS-TM35FIN-1km-N6777000-E590000
http://tun.fi/JX.1761869#18,herkkutatti (fi) — Boletus edulis,Boletus edulis,2024-08-24 [15:25-19:07],2024,Suomi,Varsinais-Suomi (V),1.0,60.264332,22.795615,6688264.0,267470.0,NEUTRAL,HOBBYIST,Photographed,The Atlas of Finnish Fungi,ETRS-TM35FIN-1km-N6688000-E267000
http://tun.fi/HR.3211/237802475-U,herkkutatti (fi) — Boletus edulis,Boletus edulis,2024-08-25,2024,Suomi,Etelä-Häme (EH),1062.0,60.78647,25.02709,6740619.0,392590.0,COMMUNITY_VERIFIED,AMATEUR,Photographed,iNaturalist Suomi Finland,ETRS-TM35FIN-1km-N6740000-E392000
http://tun.fi/HR.3211/237803020-U,herkkutatti (fi) — Boletus edulis,Boletus edulis,2024-08-25,2024,Suomi,Etelä-Häme (EH),1062.0,60.78647,25.02709,6740619.0,392590.0,COMMUNITY_VERIFIED,AMATEUR,Photographed,iNaturalist Suomi Finland,ETRS-TM35FIN-1km-N6740000-E392000
http://tun.fi/HR.3211/237833809-U,herkkutatti (fi) — Boletus edulis,Boletus edulis,2024-08-25,2024,Suomi,"Etelä-Karjala (EK), Etelä-Savo (ES)",25000.0,60.9,27.3,6751690.0,516294.0,COMMUNITY_VERIFIED,AMATEUR,Photographed,iNaturalist Suomi Finland,ETRS-TM35FIN-1km-N6751000-E516000
http://tun.fi/HR.3211/237835435-U,herkkutatti (fi) — Boletus edulis,Boletus edulis,2024-08-25,2024,Suomi,Pohjois-Savo (PS),100.0,63.64397,27.18818,7057356.0,509322.0,COMMUNITY_VERIFIED,AMATEUR,Photographed,iNaturalist Suomi Finland,ETRS-TM35FIN-1km-N7057000-E509000
http://tun.fi/JX.1762059#42,herkkutatti (fi) — Boletus edulis,Boletus edulis,2024-08-25 [10:23-11:39],2024,Suomi,Etelä-Pohjanmaa (EP),1.0,62.480789,21.636938,6939221.0,223767.0,NEUTRAL,HOBBYIST,Observation,The Atlas of Finnish Fungi,ETRS-TM35FIN-1km-N6939000-E223000
http://tun.fi/JX.1762524#107,herkkutatti (fi) — Boletus edulis,Boletus edulis,2024-08-26,2024,Suomi,Uusimaa (U),1.0,60.597005,24.787715,6719940.0,378850.0,NEUTRAL,HOBBYIST,Photographed,The Atlas of Finnish Fungi,ETRS-TM35FIN-1km-N6719000-E378000
http://tun.fi/HR.3211/238254931-U,herkkutatti (fi) — Boletus edulis,Boletus edulis,2024-08-27,2024,Suomi,Pohjois-Karjala (PK),100.0,63.08149,29.81691,6997789.0,642253.0,COMMUNITY_VERIFIED,AMATEUR,Photographed,iNaturalist Suomi Finland,ETRS-TM35FIN-1km-N6997000-E642000
http://tun.fi/HR.3211/238294242-U,herkkutatti (fi) — Boletus edulis,Boletus edulis,2024-08-27,2024,Suomi,Etelä-Pohjanmaa (EP),4163.0,63.29674,21.74184,7029461.0,236590.0,COMMUNITY_VERIFIED,AMATEUR,Photographed,iNaturalist Suomi Finland,ETRS-TM35FIN-1km-N7029000-E236000
http://tun.fi/HR.3211/238596008-U,herkkutatti (fi) — Boletus edulis,Boletus edulis,2024-08-29,2024,Suomi,Uusimaa (U),10.0,60.29721,24.61706,6686892.0,368299.0,COMMUNITY_VERIFIED,AMATEUR,Photographed,iNaturalist Suomi Finland,ETRS-TM35FIN-1km-N6686000-E368000
http://tun.fi/JX.1763139#5,herkkutatti (fi) — Boletus edulis,Boletus edulis,2024-08-29 [16:24-17:01],2024,Suomi,Etelä-Savo (ES),1000.0,62.10732,26.467174,6886251.0,472190.0,NEUTRAL,HOBBYIST,Observation,Noteworthy macrofungi - complete lists,ETRS-TM35FIN-1km-N6886000-E472000
http://tun.fi/HR.3211/238763901-U,herkkutatti (fi) — Boletus edulis,Boletus edulis,2024-08-30,2024,Suomi,Pohjois-Häme (PH),851.0,62.18439,25.74676,6895354.0,434760.0,NEUTRAL,AMATEUR,Photographed,iNaturalist Suomi Finland,ETRS-TM35FIN-1km-N6895000-E434000
http://tun.fi/HR.3211/238980633-U,herkkutatti (fi) — Boletus edulis,Boletus edulis,2024-08-31,2024,Suomi,Etelä-Häme (EH),100.0,61.45548,23.74467,6817855.0,326511.0,COMMUNITY_VERIFIED,AMATEUR,Photographed,iNaturalist Suomi Finland,ETRS-TM35FIN-1km-N6817000-E326000
http://tun.fi/HR.3211/238984078-U,herkkutatti (fi) — Boletus edulis,Boletus edulis,2024-08-31,2024,Suomi,Satakunta (St),1039.0,61.44304,23.29672,6817745.0,302576.0,NEUTRAL,AMATEUR,Photographed,iNaturalist Suomi Finland,ETRS-TM35FIN-1km-N6817000-E302000
http://tun.fi/JX.1799265#26,herkkutatti (fi) — Boletus edulis,Boletus edulis,2024-08-31,2024,Suomi,Etelä-Pohjanmaa (EP),1000.0,63.274524,21.617422,7027509.0,230159.0,NEUTRAL,HOBBYIST,Observation,The Atlas of Finnish Fungi,ETRS-TM35FIN-1km-N7027000-E230000
http://tun.fi/HR.3211/239186133-U,herkkutatti (fi) — Boletus edulis,Boletus edulis,2024-09-01,2024,Suomi,Uusimaa (U),100.0,60.47627,25.15024,6705884.0,398321.0,COMMUNITY_VERIFIED,AMATEUR,Photographed,iNaturalist Suomi Finland,ETRS-TM35FIN-1km-N6705000-E398000
http://tun.fi/HR.3211/239562702-U,herkkutatti (fi) — Boletus edulis,Boletus edulis,2024-09-01,2024,Suomi,Etelä-Savo (ES),21.0,61.45389,27.40605,6813414.0,521648.0,COMMUNITY_VERIFIED,AMATEUR,Photographed,iNaturalist Suomi Finland,ETRS-TM35FIN-1km-N6813000-E521000
http://tun.fi/HR.3211/239362161-U,herkkutatti (fi) — Boletus edulis,Boletus edulis,2024-09-02,2024,Suomi,Perä-Pohjanmaa (PeP),10.0,65.91053,24.75498,7311767.0,397768.0,COMMUNITY_VERIFIED,AMATEUR,Photographed,iNaturalist Suomi Finland,ETRS-TM35FIN-1km-N7311000-E397000
http://tun.fi/HR.3211/239395789-U,herkkutatti (fi) — Boletus edulis,Boletus edulis,2024-09-02,2024,Suomi,Perä-Pohjanmaa (PeP),100.0,66.65517,27.53309,7393042.0,523574.0,NEUTRAL,AMATEUR,Photographed,iNaturalist Suomi Finland,ETRS-TM35FIN-1km-N7393000-E523000
http://tun.fi/HR.3211/239405304-U,herkkutatti (fi) — Boletus edulis,Boletus edulis,2024-09-02,2024,Suomi,Pohjois-Karjala (PK),10.0,62.65285,29.22233,6948875.0,613886.0,COMMUNITY_VERIFIED,AMATEUR,Photographed,iNaturalist Suomi Finland,ETRS-TM35FIN-1km-N6948000-E613000
http://tun.fi/HR.3211/239566988-U,herkkutatti (fi) — Boletus edulis,Boletus edulis,2024-09-02,2024,Suomi,Oulun Pohjanmaa (OP),100.0,65.05718,25.46066,7215710.0,427572.0,COMMUNITY_VERIFIED,AMATEUR,Photographed,iNaturalist Suomi Finland,ETRS-TM35FIN-1km-N7215000-E427000
http://tun.fi/HR.3211/254538263-U,herkkutatti (fi) — Boletus edulis,Boletus edulis,2024-09-02,2024,Suomi,Oulun Pohjanmaa (OP),10.0,65.01697,25.51254,7211172.0,429907.0,COMMUNITY_VERIFIED,AMATEUR,Photographed,iNaturalist Suomi Finland,ETRS-TM35FIN-1km-N7211000-E429000
http://tun.fi/JX.1764639#8,herkkutatti (fi) — Boletus edulis,Boletus edulis,2024-09-02,2024,Suomi,Pohjois-Savo (PS),1000.0,62.091838,27.775578,6884655.0,540500.0,NEUTRAL,HOBBYIST,Observation,The Atlas of Finnish Fungi,ETRS-TM35FIN-1km-N6884000-E540000
http://tun.fi/HR.3211/239632002-U,herkkutatti (fi) — Boletus edulis,Boletus edulis,2024-09-03,2024,Suomi,Etelä-Savo (ES),100.0,61.8755,28.86037,6861713.0,597830.0,NEUTRAL,AMATEUR,Photographed,iNaturalist Suomi Finland,ETRS-TM35FIN-1km-N6861000-E597000
http://tun.fi/HR.3211/239710260-U,herkkutatti (fi) — Boletus edulis,Boletus edulis,2024-09-03,2024,Suomi,Etelä-Pohjanmaa (EP),1005.0,62.50639,21.2103,6943964.0,202089.0,COMMUNITY_VERIFIED,AMATEUR,Photographed,iNaturalist Suomi Finland,ETRS-TM35FIN-1km-N6943000-E202000
http://tun.fi/HR.3211/239788381-U,herkkutatti (fi) — Boletus edulis,Boletus edulis,2024-09-04,2024,Suomi,Oulun Pohjanmaa (OP),30.0,65.06092,25.46968,7216117.0,428006.0,COMMUNITY_VERIFIED,AMATEUR,Photographed,iNaturalist Suomi Finland,ETRS-TM35FIN-1km-N7216000-E428000
http://tun.fi/HR.3211/239803759-U,herkkutatti (fi) — Boletus edulis,Boletus edulis,2024-09-04,2024,Suomi,Oulun Pohjanmaa (OP),10.0,65.06199,25.46499,7216241.0,427788.0,COMMUNITY_VERIFIED,AMATEUR,Photographed,iNaturalist Suomi Finland,ETRS-TM35FIN-1km-N7216000-E427000
http://tun.fi/HR.3211/239809346-U,herkkutatti (fi) — Boletus edulis,Boletus edulis,2024-09-04,2024,Suomi,Keski-Pohjanmaa (KP),3826.0,63.84149,23.125,7085138.0,309482.0,COMMUNITY_VERIFIED,AMATEUR,Photographed,iNaturalist Suomi Finland,ETRS-TM35FIN-1km-N7085000-E309000
http://tun.fi/HR.3211/240150704-U,herkkutatti (fi) — Boletus edulis,Boletus edulis,2024-09-04,2024,Suomi,Oulun Pohjanmaa (OP),924.0,64.89413,25.6206,7197369.0,434700.0,NEUTRAL,AMATEUR,Photographed,iNaturalist Suomi Finland,ETRS-TM35FIN-1km-N7197000-E434000
http://tun.fi/JX.1764949#52,herkkutatti (fi) — Boletus edulis,Boletus edulis,2024-09-04,2024,Suomi,Etelä-Savo (ES),1.0,61.809893,29.305127,6855157.0,621471.0,NEUTRAL,HOBBYIST,Preserved specimen,The Atlas of Finnish Fungi,ETRS-TM35FIN-1km-N6855000-E621000
http://tun.fi/HR.3211/239931853-U,herkkutatti (fi) — Boletus edulis,Boletus edulis,2024-09-05,2024,Suomi,Pohjois-Savo (PS),10.0,63.17786,27.62817,7005562.0,531625.0,COMMUNITY_VERIFIED,AMATEUR,Photographed,iNaturalist Suomi Finland,ETRS-TM35FIN-1km-N7005000-E531000
http://tun.fi/HR.3211/239956495-U,herkkutatti (fi) — Boletus edulis,Boletus edulis,2024-09-05,2024,Suomi,Pohjois-Savo (PS),100.0,63.64626,27.17151,7057609.0,508496.0,COMMUNITY_VERIFIED,AMATEUR,Photographed,iNaturalist Suomi Finland,ETRS-TM35FIN-1km-N7057000-E508000
http://tun.fi/HR.3211/239967670-U,herkkutatti (fi) — Boletus edulis,Boletus edulis,2024-09-05,2024,Suomi,Oulun Pohjanmaa (OP),24.0,65.0564,25.47902,7215603.0,428433.0,COMMUNITY_VERIFIED,AMATEUR,Photographed,iNaturalist Suomi Finland,ETRS-TM35FIN-1km-N7215000-E428000
http://tun.fi/HR.3211/240908289-U,herkkutatti (fi) — Boletus edulis,Boletus edulis,2024-09-05,2024,Suomi,Pohjois-Savo (PS),10.0,63.21027,27.51903,7009124.0,526102.0,NEUTRAL,AMATEUR,Photographed,iNaturalist Suomi Finland,ETRS-TM35FIN-1km-N7009000-E526000
http://tun.fi/JX.1765521#3,herkkutatti (fi) — Boletus edulis,Boletus edulis,2024-09-05,2024,Suomi,Perä-Pohjanmaa (PeP),1.0,66.48091,25.36307,7374471.0,427115.0,NEUTRAL,HOBBYIST,Photographed,The Atlas of Finnish Fungi,ETRS-TM35FIN-1km-N7374000-E427000
http://tun.fi/JX.1765454#3,herkkutatti (fi) — Boletus edulis,Boletus edulis,2024-09-05 [17:59-19:59],2024,Suomi,Etelä-Savo (ES),1.0,61.799596,29.332177,6854062.0,622937.0,NEUTRAL,HOBBYIST,Observation,The Atlas of Finnish Fungi,ETRS-TM35FIN-1km-N6854000-E622000
http://tun.fi/HR.3211/240128728-U,herkkutatti (fi) — Boletus edulis,Boletus edulis,2024-09-06,2024,Suomi,Uusimaa (U),10.0,60.13413,24.3407,6669323.0,352299.0,COMMUNITY_VERIFIED,AMATEUR,Photographed,iNaturalist Suomi Finland,ETRS-TM35FIN-1km-N6669000-E352000
http://tun.fi/HR.3211/241175045-U,herkkutatti (fi) — Boletus edulis,Boletus edulis,2024-09-06,2024,Suomi,Uusimaa (U),100.0,60.05798,24.29085,6660960.0,349184.0,COMMUNITY_VERIFIED,AMATEUR,Photographed,iNaturalist Suomi Finland,ETRS-TM35FIN-1km-N6660000-E349000
http://tun.fi/HR.3211/240282144-U,herkkutatti (fi) — Boletus edulis,Boletus edulis,2024-09-07,2024,Suomi,Perä-Pohjanmaa (PeP),10.0,66.49869,25.74422,7376060.0,444124.0,COMMUNITY_VERIFIED,AMATEUR,Photographed,iNaturalist Suomi Finland,ETRS-TM35FIN-1km-N7376000-E444000
http://tun.fi/HR.3211/240282877-U,herkkutatti (fi) — Boletus edulis,Boletus edulis,2024-09-07,2024,Suomi,Uusimaa (U),100.0,60.20069,25.16603,6675175.0,398335.0,COMMUNITY_VERIFIED,AMATEUR,Photographed,iNaturalist Suomi Finland,ETRS-TM35FIN-1km-N6675000-E398000
http://tun.fi/HR.3211/240290178-U,herkkutatti (fi) — Boletus edulis,Boletus edulis,2024-09-07,2024,Suomi,Uusimaa (U),10.0,60.08054,24.2953,6663461.0,349534.0,COMMUNITY_VERIFIED,AMATEUR,Photographed,iNaturalist Suomi Finland,ETRS-TM35FIN-1km-N6663000-E349000
http://tun.fi/HR.3211/240292563-U,herkkutatti (fi) — Boletus edulis,Boletus edulis,2024-09-07,2024,Suomi,Uusimaa (U),100.0,60.19955,25.16432,6675051.0,398237.0,COMMUNITY_VERIFIED,AMATEUR,Photographed,iNaturalist Suomi Finland,ETRS-TM35FIN-1km-N6675000-E398000
http://tun.fi/HR.3211/240324737-U,herkkutatti (fi) — Boletus edulis,Boletus edulis,2024-09-07,2024,Suomi,Perä-Pohjanmaa (PeP),10.0,66.13444,25.01337,7336318.0,410322.0,COMMUNITY_VERIFIED,AMATEUR,Photographed,iNaturalist Suomi Finland,ETRS-TM35FIN-1km-N7336000-E410000
http://tun.fi/JX.1766033#6,herkkutatti (fi) — Boletus edulis,Boletus edulis,2024-09-07,2024,Suomi,Varsinais-Suomi (V),100.0,60.322313,24.522986,6689877.0,363206.0,NEUTRAL,HOBBYIST,Photographed,The Atlas of Finnish Fungi,ETRS-TM35FIN-1km-N6689000-E363000
http://tun.fi/HR.3211/240504855-U,herkkutatti (fi) — Boletus edulis,Boletus edulis,2024-09-08,2024,Suomi,Oulun Pohjanmaa (OP),10.0,64.83328,25.68814,7190520.0,437756.0,COMMUNITY_VERIFIED,AMATEUR,Photographed,iNaturalist Suomi Finland,ETRS-TM35FIN-1km-N7190000-E437000
http://tun.fi/HR.3211/257131270-U,herkkutatti (fi) — Boletus edulis,Boletus edulis,2024-09-08,2024,Suomi,Perä-Pohjanmaa (PeP),10.0,66.49899,25.72099,7376114.0,443091.0,COMMUNITY_VERIFIED,AMATEUR,Photographed,iNaturalist Suomi Finland,ETRS-TM35FIN-1km-N7376000-E443000
http://tun.fi/JX.1768298#3,herkkutatti (fi) — Boletus edulis,Boletus edulis,2024-09-08,2024,Suomi,Pohjois-Karjala (PK),1.0,62.091103,29.874395,6887658.0,650069.0,NEUTRAL,HOBBYIST,Photographed,The Atlas of Finnish Fungi,ETRS-TM35FIN-1km-N6887000-E650000
http://tun.fi/HR.3211/240734161-U,herkkutatti (fi) — Boletus edulis,Boletus edulis,2024-09-09,2024,Suomi,Uusimaa (U),10.0,60.26906,25.19133,6682749.0,399946.0,COMMUNITY_VERIFIED,AMATEUR,Photographed,iNaturalist Suomi Finland,ETRS-TM35FIN-1km-N6682000-E399000
http://tun.fi/HR.3211/240753017-U,herkkutatti (fi) — Boletus edulis,Boletus edulis,2024-09-09,2024,Suomi,Etelä-Savo (ES),25000.0,61.7,27.3,6840801.0,515885.0,COMMUNITY_VERIFIED,AMATEUR,Photographed,iNaturalist Suomi Finland,ETRS-TM35FIN-1km-N6840000-E515000
http://tun.fi/JX.1766624#6,herkkutatti (fi) — Boletus edulis,Boletus edulis,2024-09-09,2024,Suomi,Pohjois-Karjala (PK),1000.0,62.622092,29.658309,6946295.0,636360.0,NEUTRAL,HOBBYIST,Photographed,The Atlas of Finnish Fungi,ETRS-TM35FIN-1km-N6946000-E636000
http://tun.fi/JX.1766807#28,herkkutatti (fi) — Boletus edulis,Boletus edulis,2024-09-09,2024,Suomi,Perä-Pohjanmaa (PeP),1000.0,66.461538,25.805602,7371865.0,446771.0,NEUTRAL,HOBBYIST,Photographed,The Atlas of Finnish Fungi,ETRS-TM35FIN-1km-N7371000-E446000
http://tun.fi/JX.1768119#3,herkkutatti (fi) — Boletus edulis,Boletus edulis,2024-09-11,2024,Suomi,Keski-Pohjanmaa (KP),100.0,63.77217,26.064937,7071965.0,453893.0,NEUTRAL,HOBBYIST,Photographed,The Atlas of Finnish Fungi,ETRS-TM35FIN-1km-N7071000-E453000
http://tun.fi/HR.3211/241242726-U,herkkutatti (fi) — Boletus edulis,Boletus edulis,2024-09-12,2024,Suomi,Uusimaa (U),10.0,60.29285,24.56193,6686518.0,365235.0,NEUTRAL,AMATEUR,Photographed,iNaturalist Suomi Finland,ETRS-TM35FIN-1km-N6686000-E365000
http://tun.fi/HR.3211/241284864-U,herkkutatti (fi) — Boletus edulis,Boletus edulis,2024-09-12,2024,Suomi,Oulun Pohjanmaa (OP),10.0,65.00354,25.46002,7209735.0,427396.0,COMMUNITY_VERIFIED,AMATEUR,Photographed,iNaturalist Suomi Finland,ETRS-TM35FIN-1km-N7209000-E427000
http://tun.fi/HR.3211/241433808-U,herkkutatti (fi) — Boletus edulis,Boletus edulis,2024-09-13,2024,Suomi,Etelä-Savo (ES),10.0,61.20214,28.73641,6786543.0,593311.0,COMMUNITY_VERIFIED,AMATEUR,Photographed,iNaturalist Suomi Finland,ETRS-TM35FIN-1km-N6786000-E593000
http://tun.fi/JX.1768227#9,herkkutatti (fi) — Boletus edulis,Boletus edulis,2024-09-13 [9:52-13:34],2024,Suomi,Uusimaa (U),1000.0,60.288705,25.191159,6684935.0,399988.0,NEUTRAL,HOBBYIST,Observation,Noteworthy macrofungi - complete lists,ETRS-TM35FIN-1km-N6684000-E399000
http://tun.fi/HR.3211/241610145-U,herkkutatti (fi) — Boletus edulis,Boletus edulis,2024-09-14,2024,Suomi,Varsinais-Suomi (V),488.0,60.74542,21.75615,6745850.0,214325.0,COMMUNITY_VERIFIED,AMATEUR,Photographed,iNaturalist Suomi Finland,ETRS-TM35FIN-1km-N6745000-E214000
http://tun.fi/HR.3211/241625271-U,herkkutatti (fi) — Boletus edulis,Boletus edulis,2024-09-14,2024,Suomi,Pohjois-Savo (PS),10.0,63.5649,27.19747,7048547.0,509810.0,COMMUNITY_VERIFIED,AMATEUR,Photographed,iNaturalist Suomi Finland,ETRS-TM35FIN-1km-N7048000-E509000
http://tun.fi/HR.3211/241625409-U,herkkutatti (fi) — Boletus edulis,Boletus edulis,2024-09-14,2024,Suomi,Pohjois-Häme (PH),100.0,62.13739,26.1642,6889768.0,456422.0,COMMUNITY_VERIFIED,AMATEUR,Photographed,iNaturalist Suomi Finland,ETRS-TM35FIN-1km-N6889000-E456000
http://tun.fi/HR.3211/241712558-U,herkkutatti (fi) — Boletus edulis,Boletus edulis,2024-09-14,2024,Suomi,Varsinais-Suomi (V),25000.0,60.3,22.9,6691871.0,273468.0,COMMUNITY_VERIFIED,AMATEUR,Photographed,iNaturalist Suomi Finland,ETRS-TM35FIN-1km-N6691000-E273000
http://tun.fi/HR.3211/242261979-U,herkkutatti (fi) — Boletus edulis,Boletus edulis,2024-09-14,2024,Suomi,Pohjois-Savo (PS),5210.0,63.36645,27.40968,7026486.0,520492.0,NEUTRAL,AMATEUR,Photographed,iNaturalist Suomi Finland,ETRS-TM35FIN-1km-N7026000-E520000
http://tun.fi/JX.1768486#3,herkkutatti (fi) — Boletus edulis,Boletus edulis,2024-09-14,2024,Suomi,Uusimaa (U),1.0,60.393553,25.057653,6696820.0,392961.0,NEUTRAL,HOBBYIST,Photographed,The Atlas of Finnish Fungi,ETRS-TM35FIN-1km-N6696000-E392000
http://tun.fi/JX.1768466#15,herkkutatti (fi) — Boletus edulis,Boletus edulis,2024-09-14 [8:04-9:22],2024,Suomi,Varsinais-Suomi (V),1000.0,60.041719,23.708709,6660620.0,316702.0,NEUTRAL,HOBBYIST,Observation,Noteworthy macrofungi - complete lists,ETRS-TM35FIN-1km-N6660000-E316000
http://tun.fi/HR.3211/241833811-U,herkkutatti (fi) — Boletus edulis,Boletus edulis,2024-09-15,2024,Suomi,Uusimaa (U),10.0,60.29252,25.14627,6685430.0,397527.0,COMMUNITY_VERIFIED,AMATEUR,Photographed,iNaturalist Suomi Finland,ETRS-TM35FIN-1km-N6685000-E397000
http://tun.fi/HR.3211/241860254-U,herkkutatti (fi) — Boletus edulis,Boletus edulis,2024-09-15,2024,Suomi,Uusimaa (U),100.0,60.06692,24.38533,6661743.0,354481.0,COMMUNITY_VERIFIED,AMATEUR,Photographed,iNaturalist Suomi Finland,ETRS-TM35FIN-1km-N6661000-E354000
http://tun.fi/HR.3211/254539420-U,herkkutatti (fi) — Boletus edulis,Boletus edulis,2024-09-15,2024,Suomi,Oulun Pohjanmaa (OP),100.0,65.01924,25.65194,7211277.0,436480.0,COMMUNITY_VERIFIED,AMATEUR,Photographed,iNaturalist Suomi Finland,ETRS-TM35FIN-1km-N7211000-E436000
http://tun.fi/HR.3211/254539527-U,herkkutatti (fi) — Boletus edulis,Boletus edulis,2024-09-15,2024,Suomi,Oulun Pohjanmaa (OP),100.0,65.02467,25.64343,7211891.0,436093.0,COMMUNITY_VERIFIED,AMATEUR,Photographed,iNaturalist Suomi Finland,ETRS-TM35FIN-1km-N7211000-E436000
http://tun.fi/HR.3211/254539844-U,herkkutatti (fi) — Boletus edulis,Boletus edulis,2024-09-15,2024,Suomi,Oulun Pohjanmaa (OP),100.0,65.0225,25.63005,7211663.0,435457.0,COMMUNITY_VERIFIED,AMATEUR,Photographed,iNaturalist Suomi Finland,ETRS-TM35FIN-1km-N7211000-E435000
http://tun.fi/JX.1768805#111,herkkutatti (fi) — Boletus edulis,Boletus edulis,2024-09-15 [13:51-15:53],2024,Suomi,Etelä-Häme (EH),1.0,61.465922,23.811964,6818840.0,330152.0,NEUTRAL,HOBBYIST,Observation,The Atlas of Finnish Fungi,ETRS-TM35FIN-1km-N6818000-E330000
http://tun.fi/HR.3211/242078486-U,herkkutatti (fi) — Boletus edulis,Boletus edulis,2024-09-16,2024,Suomi,Uusimaa (U),300.0,60.26288,24.89027,6682555.0,383273.0,COMMUNITY_VERIFIED,AMATEUR,Photographed,iNaturalist Suomi Finland,ETRS-TM35FIN-1km-N6682000-E383000
http://tun.fi/JX.1769133#45,herkkutatti (fi) — Boletus edulis,Boletus edulis,2024-09-16 [16:27-19:09],2024,Suomi,Varsinais-Suomi (V),1.0,60.094944,22.870806,6669161.0,270444.0,NEUTRAL,HOBBYIST,Photographed,The Atlas of Finnish Fungi,ETRS-TM35FIN-1km-N6669000-E270000
http://tun.fi/HR.3211/242254706-U,herkkutatti (fi) — Boletus edulis,Boletus edulis,2024-09-17,2024,Suomi,Varsinais-Suomi (V),25000.0,60.3,22.5,6693312.0,251391.0,COMMUNITY_VERIFIED,AMATEUR,Photographed,iNaturalist Suomi Finland,ETRS-TM35FIN-1km-N6693000-E251000
http://tun.fi/HR.3211/242254806-U,herkkutatti (fi) — Boletus edulis,Boletus edulis,2024-09-17,2024,Suomi,Varsinais-Suomi (V),25000.0,60.3,22.5,6693312.0,251391.0,COMMUNITY_VERIFIED,AMATEUR,Photographed,iNaturalist Suomi Finland,ETRS-TM35FIN-1km-N6693000-E251000
http://tun.fi/HR.3211/242264809-U,herkkutatti (fi) — Boletus edulis,Boletus edulis,2024-09-17,2024,Suomi,Pohjois-Savo (PS),25000.0,63.3,27.5,7019117.0,525083.0,NEUTRAL,AMATEUR,Photographed,iNaturalist Suomi Finland,ETRS-TM35FIN-1km-N7019000-E525000
http://tun.fi/HR.3211/242265133-U,herkkutatti (fi) — Boletus edulis,Boletus edulis,2024-09-17,2024,Suomi,Pohjois-Savo (PS),10.0,63.36101,27.40273,7025877.0,520148.0,NEUTRAL,AMATEUR,Photographed,iNaturalist Suomi Finland,ETRS-TM35FIN-1km-N7025000-E520000
http://tun.fi/HR.3211/242268092-U,herkkutatti (fi) — Boletus edulis,Boletus edulis,2024-09-17,2024,Suomi,Pohjois-Savo (PS),25000.0,63.3,27.5,7019117.0,525083.0,NEUTRAL,AMATEUR,Photographed,iNaturalist Suomi Finland,ETRS-TM35FIN-1km-N7019000-E525000
http://tun.fi/HR.3211/242268145-U,herkkutatti (fi) — Boletus edulis,Boletus edulis,2024-09-17,2024,Suomi,Pohjois-Savo (PS),121.0,63.36064,27.3991,7025835.0,519967.0,NEUTRAL,AMATEUR,Photographed,iNaturalist Suomi Finland,ETRS-TM35FIN-1km-N7025000-E519000
http://tun.fi/HR.3211/242268189-U,herkkutatti (fi) — Boletus edulis,Boletus edulis,2024-09-17,2024,Suomi,Pohjois-Savo (PS),25000.0,63.3,27.5,7019117.0,525083.0,NEUTRAL,AMATEUR,Photographed,iNaturalist Suomi Finland,ETRS-TM35FIN-1km-N7019000-E525000
http://tun.fi/HR.3211/242268207-U,herkkutatti (fi) — Boletus edulis,Boletus edulis,2024-09-17,2024,Suomi,Pohjois-Savo (PS),25000.0,63.3,27.5,7019117.0,525083.0,NEUTRAL,AMATEUR,Photographed,iNaturalist Suomi Finland,ETRS-TM35FIN-1km-N7019000-E525000
http://tun.fi/HR.3211/242312133-U,herkkutatti (fi) — Boletus edulis,Boletus edulis,2024-09-17,2024,Suomi,Satakunta (St),10.0,61.37791,22.93749,6811640.0,282990.0,COMMUNITY_VERIFIED,AMATEUR,Photographed,iNaturalist Suomi Finland,ETRS-TM35FIN-1km-N6811000-E282000
http://tun.fi/HR.3211/243279101-U,herkkutatti (fi) — Boletus edulis,Boletus edulis,2024-09-17,2024,Suomi,Uusimaa (U),100.0,60.22846,24.57646,6679320.0,365775.0,NEUTRAL,AMATEUR,Photographed,iNaturalist Suomi Finland,ETRS-TM35FIN-1km-N6679000-E365000
http://tun.fi/HR.3211/242491195-U,herkkutatti (fi) — Boletus edulis,Boletus edulis,2024-09-18,2024,Suomi,Etelä-Häme (EH),100.0,60.7639,23.87756,6740537.0,329913.0,COMMUNITY_VERIFIED,AMATEUR,Photographed,iNaturalist Suomi Finland,ETRS-TM35FIN-1km-N6740000-E329000
http://tun.fi/HR.3211/242504924-U,herkkutatti (fi) — Boletus edulis,Boletus edulis,2024-09-18,2024,Suomi,Varsinais-Suomi (V),21.0,60.3525,22.22156,6700229.0,236467.0,COMMUNITY_VERIFIED,AMATEUR,Photographed,iNaturalist Suomi Finland,ETRS-TM35FIN-1km-N6700000-E236000
http://tun.fi/HR.3211/242505867-U,herkkutatti (fi) — Boletus edulis,Boletus edulis,2024-09-18,2024,Suomi,Uusimaa (U),131.0,60.26116,25.31392,6681690.0,406704.0,COMMUNITY_VERIFIED,AMATEUR,Photographed,iNaturalist Suomi Finland,ETRS-TM35FIN-1km-N6681000-E406000
http://tun.fi/HR.3211/244259514-U,herkkutatti (fi) — Boletus edulis,Boletus edulis,2024-09-18,2024,Suomi,Etelä-Häme (EH),165.0,62.20213,25.53712,6897559.0,423892.0,COMMUNITY_VERIFIED,AMATEUR,Photographed,iNaturalist Suomi Finland,ETRS-TM35FIN-1km-N6897000-E423000
http://tun.fi/HR.3211/298407500-U,herkkutatti (fi) — Boletus edulis,Boletus edulis,2024-09-18,2024,Suomi,Varsinais-Suomi (V),100.0,60.69425,22.00876,6739088.0,227634.0,COMMUNITY_VERIFIED,AMATEUR,Photographed,iNaturalist Suomi Finland,ETRS-TM35FIN-1km-N6739000-E227000
http://tun.fi/HR.3211/298407522-U,herkkutatti (fi) — Boletus edulis,Boletus edulis,2024-09-18,2024,Suomi,Varsinais-Suomi (V),100.0,60.69422,22.00682,6739093.0,227529.0,COMMUNITY_VERIFIED,AMATEUR,Photographed,iNaturalist Suomi Finland,ETRS-TM35FIN-1km-N6739000-E227000
http://tun.fi/HR.3211/298407536-U,herkkutatti (fi) — Boletus edulis,Boletus edulis,2024-09-18,2024,Suomi,Varsinais-Suomi (V),100.0,60.69396,22.00874,6739056.0,227631.0,COMMUNITY_VERIFIED,AMATEUR,Photographed,iNaturalist Suomi Finland,ETRS-TM35FIN-1km-N6739000-E227000
http://tun.fi/HR.3211/242632222-U,herkkutatti (fi) — Boletus edulis,Boletus edulis,2024-09-19,2024,Suomi,Uusimaa (U),10.0,60.2337,25.13901,6678892.0,396941.0,COMMUNITY_VERIFIED,AMATEUR,Photographed,iNaturalist Suomi Finland,ETRS-TM35FIN-1km-N6678000-E396000
http://tun.fi/HR.3211/242659877-U,herkkutatti (fi) — Boletus edulis,Boletus edulis,2024-09-19,2024,Suomi,Uusimaa (U),699.0,60.15825,24.52522,6671610.0,362645.0,COMMUNITY_VERIFIED,AMATEUR,Photographed,iNaturalist Suomi Finland,ETRS-TM35FIN-1km-N6671000-E362000
http://tun.fi/HR.3211/242715108-U,herkkutatti (fi) — Boletus edulis,Boletus edulis,2024-09-19,2024,Suomi,Uusimaa (U),10.0,60.23781,25.14281,6679344.0,397165.0,NEUTRAL,AMATEUR,Photographed,iNaturalist Suomi Finland,ETRS-TM35FIN-1km-N6679000-E397000
http://tun.fi/HR.3211/242716826-U,herkkutatti (fi) — Boletus edulis,Boletus edulis,2024-09-19,2024,Suomi,Varsinais-Suomi (V),10.0,60.42108,22.33307,6707413.0,243151.0,COMMUNITY_VERIFIED,AMATEUR,Photographed,iNaturalist Suomi Finland,ETRS-TM35FIN-1km-N6707000-E243000
http://tun.fi/HR.3211/246301678-U,herkkutatti (fi) — Boletus edulis,Boletus edulis,2024-09-19,2024,Suomi,Uusimaa (U),20.0,60.54222,25.11114,6713288.0,396383.0,COMMUNITY_VERIFIED,AMATEUR,Photographed,iNaturalist Suomi Finland,ETRS-TM35FIN-1km-N6713000-E396000
http://tun.fi/HR.3211/242813566-U,herkkutatti (fi) — Boletus edulis,Boletus edulis,2024-09-20,2024,Suomi,Uusimaa (U),10.0,60.15303,24.36648,6671370.0,353814.0,COMMUNITY_VERIFIED,AMATEUR,Photographed,iNaturalist Suomi Finland,ETRS-TM35FIN-1km-N6671000-E353000
http://tun.fi/HR.3211/242823924-U,herkkutatti (fi) — Boletus edulis,Boletus edulis,2024-09-20,2024,Suomi,Pohjois-Savo (PS),25000.0,63.3,27.5,7019117.0,525083.0,NEUTRAL,AMATEUR,Photographed,iNaturalist Suomi Finland,ETRS-TM35FIN-1km-N7019000-E525000
http://tun.fi/HR.3211/242826785-U,herkkutatti (fi) — Boletus edulis,Boletus edulis,2024-09-20,2024,Suomi,Varsinais-Suomi (V),10.0,60.44437,22.38741,6709792.0,246320.0,COMMUNITY_VERIFIED,AMATEUR,Photographed,iNaturalist Suomi Finland,ETRS-TM35FIN-1km-N6709000-E246000
http://tun.fi/HR.3211/242853588-U,herkkutatti (fi) — Boletus edulis,Boletus edulis,2024-09-20,2024,Suomi,Uusimaa (U),25000.0,60.1,24.7,6664778.0,372100.0,COMMUNITY_VERIFIED,AMATEUR,Photographed,iNaturalist Suomi Finland,ETRS-TM35FIN-1km-N6664000-E372000
http://tun.fi/HR.3211/242874155-U,herkkutatti (fi) — Boletus edulis,Boletus edulis,2024-09-20,2024,Suomi,Varsinais-Suomi (V),10.0,60.58333,22.42616,6725095.0,249525.0,COMMUNITY_VERIFIED,AMATEUR,Photographed,iNaturalist Suomi Finland,ETRS-TM35FIN-1km-N6725000-E249000
http://tun.fi/HR.3211/244642880-U,herkkutatti (fi) — Boletus edulis,Boletus edulis,2024-09-20,2024,Suomi,Etelä-Häme (EH),15.0,61.64573,24.99617,6836350.0,393841.0,COMMUNITY_VERIFIED,AMATEUR,Photographed,iNaturalist Suomi Finland,ETRS-TM35FIN-1km-N6836000-E393000
http://tun.fi/HR.3211/243039345-U,herkkutatti (fi) — Boletus edulis,Boletus edulis,2024-09-21,2024,Suomi,Varsinais-Suomi (V),25000.0,60.5,21.3,6720662.0,187128.0,COMMUNITY_VERIFIED,AMATEUR,Photographed,iNaturalist Suomi Finland,ETRS-TM35FIN-1km-N6720000-E187000
http://tun.fi/HR.3211/243051492-U,herkkutatti (fi) — Boletus edulis,Boletus edulis,2024-09-21,2024,Suomi,Varsinais-Suomi (V),10.0,60.31051,24.22761,6689214.0,346845.0,COMMUNITY_VERIFIED,AMATEUR,Photographed,iNaturalist Suomi Finland,ETRS-TM35FIN-1km-N6689000-E346000
http://tun.fi/HR.3211/243051608-U,herkkutatti (fi) — Boletus edulis,Boletus edulis,2024-09-21,2024,Suomi,Varsinais-Suomi (V),10.0,60.31042,24.2278,6689203.0,346855.0,COMMUNITY_VERIFIED,AMATEUR,Photographed,iNaturalist Suomi Finland,ETRS-TM35FIN-1km-N6689000-E346000
http://tun.fi/HR.3211/243051767-U,herkkutatti (fi) — Boletus edulis,Boletus edulis,2024-09-21,2024,Suomi,Varsinais-Suomi (V),10.0,60.31038,24.22792,6689199.0,346862.0,COMMUNITY_VERIFIED,AMATEUR,Photographed,iNaturalist Suomi Finland,ETRS-TM35FIN-1km-N6689000-E346000
http://tun.fi/HR.3211/243051837-U,herkkutatti (fi) — Boletus edulis,Boletus edulis,2024-09-21,2024,Suomi,Varsinais-Suomi (V),10.0,60.31047,24.22796,6689208.0,346864.0,NEUTRAL,AMATEUR,Photographed,iNaturalist Suomi Finland,ETRS-TM35FIN-1km-N6689000-E346000
http://tun.fi/HR.3211/243062149-U,herkkutatti (fi) — Boletus edulis,Boletus edulis,2024-09-21,2024,Suomi,Uusimaa (U),168.0,60.23615,25.14756,6679152.0,397423.0,COMMUNITY_VERIFIED,AMATEUR,Photographed,iNaturalist Suomi Finland,ETRS-TM35FIN-1km-N6679000-E397000
http://tun.fi/HR.3211/243071482-U,herkkutatti (fi) — Boletus edulis,Boletus edulis,2024-09-21,2024,Suomi,Satakunta (St),10.0,61.12883,21.49369,6789623.0,203639.0,COMMUNITY_VERIFIED,AMATEUR,Photographed,iNaturalist Suomi Finland,ETRS-TM35FIN-1km-N6789000-E203000
http://tun.fi/HR.3211/243521920-U,herkkutatti (fi) — Boletus edulis,Boletus edulis,2024-09-21,2024,Suomi,Varsinais-Suomi (V),69.0,60.30152,24.49415,6687624.0,361527.0,COMMUNITY_VERIFIED,AMATEUR,Photographed,iNaturalist Suomi Finland,ETRS-TM35FIN-1km-N6687000-E361000
http://tun.fi/HR.3211/243202764-U,herkkutatti (fi) — Boletus edulis,Boletus edulis,2024-09-22,2024,Suomi,Etelä-Häme (EH),249.0,61.45482,23.84993,6817506.0,332114.0,NEUTRAL,AMATEUR,Photographed,iNaturalist Suomi Finland,ETRS-TM35FIN-1km-N6817000-E332000
http://tun.fi/HR.3211/243307850-U,herkkutatti (fi) — Boletus edulis,Boletus edulis,2024-09-22,2024,Suomi,Varsinais-Suomi (V),25000.0,60.3,21.3,6698443.0,185199.0,COMMUNITY_VERIFIED,AMATEUR,Photographed,iNaturalist Suomi Finland,ETRS-TM35FIN-1km-N6698000-E185000
http://tun.fi/HR.3211/243323291-U,herkkutatti (fi) — Boletus edulis,Boletus edulis,2024-09-22,2024,Suomi,Varsinais-Suomi (V),25000.0,60.3,21.5,6697504.0,196227.0,COMMUNITY_VERIFIED,AMATEUR,Photographed,iNaturalist Suomi Finland,ETRS-TM35FIN-1km-N6697000-E196000
http://tun.fi/HR.3211/243766975-U,herkkutatti (fi) — Boletus edulis,Boletus edulis,2024-09-24,2024,Suomi,Varsinais-Suomi (V),25000.0,60.3,22.3,6694083.0,240354.0,COMMUNITY_VERIFIED,AMATEUR,Photographed,iNaturalist Suomi Finland,ETRS-TM35FIN-1km-N6694000-E240000
http://tun.fi/JX.1771857#12,herkkutatti (fi) — Boletus edulis,Boletus edulis,2024-09-24,2024,Suomi,Uusimaa (U),1.0,60.269847,24.64515,6683790.0,369743.0,NEUTRAL,HOBBYIST,Photographed,The Atlas of Finnish Fungi,ETRS-TM35FIN-1km-N6683000-E369000
http://tun.fi/HR.3211/244114998-U,herkkutatti (fi) — Boletus edulis,Boletus edulis,2024-09-26,2024,Suomi,Etelä-Savo (ES),14.0,60.94646,26.81359,6756839.0,489902.0,COMMUNITY_VERIFIED,AMATEUR,Photographed,iNaturalist Suomi Finland,ETRS-TM35FIN-1km-N6756000-E489000
http://tun.fi/HR.3211/244135831-U,herkkutatti (fi) — Boletus edulis,Boletus edulis,2024-09-26,2024,Suomi,Varsinais-Suomi (V),100.0,60.8607,21.73787,6758741.0,214360.0,COMMUNITY_VERIFIED,AMATEUR,Photographed,iNaturalist Suomi Finland,ETRS-TM35FIN-1km-N6758000-E214000
http://tun.fi/JX.1771746#136,herkkutatti (fi) — Boletus edulis,Boletus edulis,2024-09-26,2024,Suomi,Uusimaa (U),1000.0,60.275707,25.795135,6682726.0,433358.0,NEUTRAL,HOBBYIST,Photographed,The Atlas of Finnish Fungi,ETRS-TM35FIN-1km-N6682000-E433000
http://tun.fi/HR.3211/244267075-U,herkkutatti (fi) — Boletus edulis,Boletus edulis,2024-09-27,2024,Suomi,Varsinais-Suomi (V),10.0,60.47289,22.1726,6713810.0,234753.0,COMMUNITY_VERIFIED,AMATEUR,Photographed,iNaturalist Suomi Finland,ETRS-TM35FIN-1km-N6713000-E234000
http://tun.fi/HR.3211/244278163-U,herkkutatti (fi) — Boletus edulis,Boletus edulis,2024-09-27,2024,Suomi,Uusimaa (U),10.0,60.18736,25.14509,6673723.0,397133.0,COMMUNITY_VERIFIED,AMATEUR,Photographed,iNaturalist Suomi Finland,ETRS-TM35FIN-1km-N6673000-E397000
http://tun.fi/HR.3211/244653897-U,herkkutatti (fi) — Boletus edulis,Boletus edulis,2024-09-29,2024,Suomi,Uusimaa (U),25000.0,60.3,24.9,6686674.0,383926.0,COMMUNITY_VERIFIED,AMATEUR,Photographed,iNaturalist Suomi Finland,ETRS-TM35FIN-1km-N6686000-E383000
http://tun.fi/HR.3211/244695648-U,herkkutatti (fi) — Boletus edulis,Boletus edulis,2024-09-29,2024,Suomi,Varsinais-Suomi (V),105.0,60.43176,22.51399,6707908.0,253179.0,COMMUNITY_VERIFIED,AMATEUR,Photographed,iNaturalist Suomi Finland,ETRS-TM35FIN-1km-N6707000-E253000
http://tun.fi/HR.3211/244723396-U,herkkutatti (fi) — Boletus edulis,Boletus edulis,2024-09-29,2024,Suomi,Varsinais-Suomi (V),25000.0,60.3,22.5,6693312.0,251391.0,COMMUNITY_VERIFIED,AMATEUR,Photographed,iNaturalist Suomi Finland,ETRS-TM35FIN-1km-N6693000-E251000
http://tun.fi/HR.3211/244877147-U,herkkutatti (fi) — Boletus edulis,Boletus edulis,2024-09-29,2024,Suomi,Varsinais-Suomi (V),721.0,60.46432,22.31596,6712288.0,242553.0,COMMUNITY_VERIFIED,AMATEUR,Photographed,iNaturalist Suomi Finland,ETRS-TM35FIN-1km-N6712000-E242000
http://tun.fi/HR.3211/250768491-U,herkkutatti (fi) — Boletus edulis,Boletus edulis,2024-09-29,2024,Suomi,Uusimaa (U),14.0,60.14965,24.74959,6670207.0,375062.0,COMMUNITY_VERIFIED,AMATEUR,Photographed,iNaturalist Suomi Finland,ETRS-TM35FIN-1km-N6670000-E375000
http://tun.fi/HR.3211/244888748-U,herkkutatti (fi) — Boletus edulis,Boletus edulis,2024-09-30,2024,Suomi,Uusimaa (U),10.0,60.4855,25.12584,6706949.0,397010.0,COMMUNITY_VERIFIED,AMATEUR,Photographed,iNaturalist Suomi Finland,ETRS-TM35FIN-1km-N6706000-E397000
http://tun.fi/HR.3211/254234983-U,herkkutatti (fi) — Boletus edulis,Boletus edulis,2024-09-30,2024,Suomi,Oulun Pohjanmaa (OP),100.0,64.9732,24.63525,7207556.0,388396.0,COMMUNITY_VERIFIED,AMATEUR,Photographed,iNaturalist Suomi Finland,ETRS-TM35FIN-1km-N7207000-E388000
http://tun.fi/HR.3211/254235712-U,herkkutatti (fi) — Boletus edulis,Boletus edulis,2024-09-30,2024,Suomi,Oulun Pohjanmaa (OP),10.0,64.99217,24.66346,7209620.0,389805.0,COMMUNITY_VERIFIED,AMATEUR,Photographed,iNaturalist Suomi Finland,ETRS-TM35FIN-1km-N7209000-E389000
http://tun.fi/JX.2308286#7,herkkutatti (fi) — Boletus edulis,Boletus edulis,2024-09-30,2024,Suomi,Uusimaa (U),100.0,59.859371,23.017273,6642457.0,277000.0,NEUTRAL,HOBBYIST,Photographed,The Atlas of Finnish Fungi,ETRS-TM35FIN-1km-N6642000-E277000
http://tun.fi/JX.1772433#13,herkkutatti (fi) — Boletus edulis,Boletus edulis,2024-09-30 [15:53-17:54],2024,Suomi,Uusimaa (U),1000.0,60.286175,24.587261,6685722.0,366607.0,NEUTRAL,HOBBYIST,Observation,Noteworthy macrofungi - complete lists,ETRS-TM35FIN-1km-N6685000-E366000
http://tun.fi/HR.3211/245027066-U,herkkutatti (fi) — Boletus edulis,Boletus edulis,2024-10-01,2024,Suomi,Varsinais-Suomi (V),12.0,60.25496,23.75093,6684235.0,320221.0,COMMUNITY_VERIFIED,AMATEUR,Photographed,iNaturalist Suomi Finland,ETRS-TM35FIN-1km-N6684000-E320000
http://tun.fi/HR.3211/245041215-U,herkkutatti (fi) — Boletus edulis,Boletus edulis,2024-10-01,2024,Suomi,Uusimaa (U),10.0,60.14612,24.88441,6669567.0,382533.0,COMMUNITY_VERIFIED,AMATEUR,Photographed,iNaturalist Suomi Finland,ETRS-TM35FIN-1km-N6669000-E382000
http://tun.fi/HR.3211/245081780-U,herkkutatti (fi) — Boletus edulis,Boletus edulis,2024-10-01,2024,Suomi,Uusimaa (U),10.0,60.48014,25.1164,6706367.0,396474.0,COMMUNITY_VERIFIED,AMATEUR,Photographed,iNaturalist Suomi Finland,ETRS-TM35FIN-1km-N6706000-E396000
http://tun.fi/HR.3211/258485703-U,herkkutatti (fi) — Boletus edulis,Boletus edulis,2024-10-02,2024,Suomi,Varsinais-Suomi (V),10.0,60.48404,24.42562,6708087.0,358535.0,COMMUNITY_VERIFIED,AMATEUR,Photographed,iNaturalist Suomi Finland,ETRS-TM35FIN-1km-N6708000-E358000
http://tun.fi/HR.3211/246003200-U,herkkutatti (fi) — Boletus edulis,Boletus edulis,2024-10-05,2024,Suomi,Uusimaa (U),100.0,60.13111,24.68833,6668261.0,371589.0,COMMUNITY_VERIFIED,AMATEUR,Photographed,iNaturalist Suomi Finland,ETRS-TM35FIN-1km-N6668000-E371000
http://tun.fi/JX.1773397#3,herkkutatti (fi) — Boletus edulis,Boletus edulis,2024-10-05,2024,Suomi,Etelä-Häme (EH),1.0,60.996107,25.510523,6763271.0,419436.0,NEUTRAL,HOBBYIST,Photographed,The Atlas of Finnish Fungi,ETRS-TM35FIN-1km-N6763000-E419000
http://tun.fi/HR.3211/245930265-U,herkkutatti (fi) — Boletus edulis,Boletus edulis,2024-10-06,2024,Suomi,Uusimaa (U),100.0,60.27755,25.19198,6683693.0,400008.0,COMMUNITY_VERIFIED,AMATEUR,Photographed,iNaturalist Suomi Finland,ETRS-TM35FIN-1km-N6683000-E400000
http://tun.fi/HR.3211/246929459-U,herkkutatti (fi) — Boletus edulis,Boletus edulis,2024-10-12,2024,Suomi,Uusimaa (U),10.0,59.81355,22.8978,6637770.0,270001.0,NEUTRAL,AMATEUR,Photographed,iNaturalist Suomi Finland,ETRS-TM35FIN-1km-N6637000-E270000
http://tun.fi/JX.1775108#8,herkkutatti (fi) — Boletus edulis,Boletus edulis,2024-10-12 - 2024-10-16,2024,Suomi,Uusimaa (U),100.0,60.277159,25.807582,6682875.0,434049.0,NEUTRAL,HOBBYIST,Photographed,The Atlas of Finnish Fungi,ETRS-TM35FIN-1km-N6682000-E434000
http://tun.fi/HR.3211/247154270-U,herkkutatti (fi) — Boletus edulis,Boletus edulis,2024-10-13,2024,Suomi,Uusimaa (U),10.0,60.30269,25.20209,6686477.0,400644.0,COMMUNITY_VERIFIED,AMATEUR,Photographed,iNaturalist Suomi Finland,ETRS-TM35FIN-1km-N6686000-E400000
http://tun.fi/HR.3211/247171445-U,herkkutatti (fi) — Boletus edulis,Boletus edulis,2024-10-13,2024,Suomi,Uusimaa (U),100.0,60.37131,25.55407,6693640.0,420260.0,COMMUNITY_VERIFIED,AMATEUR,Photographed,iNaturalist Suomi Finland,ETRS-TM35FIN-1km-N6693000-E420000
http://tun.fi/JX.1775373#36,herkkutatti (fi) — Boletus edulis,Boletus edulis,2024-10-13 [15:09-17:23],2024,Suomi,Etelä-Häme (EH),1.0,61.472342,23.806064,6819570.0,329873.0,NEUTRAL,HOBBYIST,Observation,The Atlas of Finnish Fungi,ETRS-TM35FIN-1km-N6819000-E329000
http://tun.fi/HR.3211/247532565-U,herkkutatti (fi) — Boletus edulis,Boletus edulis,2024-10-15,2024,Suomi,Uusimaa (U),100.0,60.17948,25.06611,6672972.0,392728.0,COMMUNITY_VERIFIED,AMATEUR,Photographed,iNaturalist Suomi Finland,ETRS-TM35FIN-1km-N6672000-E392000
http://tun.fi/HR.3211/249049226-U,herkkutatti (fi) — Boletus edulis,Boletus edulis,2024-10-25,2024,Suomi,Uusimaa (U),10.0,60.10733,24.487,6666022.0,360308.0,COMMUNITY_VERIFIED,AMATEUR,Photographed,iNaturalist Suomi Finland,ETRS-TM35FIN-1km-N6666000-E360000
http://tun.fi/JX.1778491#7,herkkutatti (fi) — Boletus edulis,Boletus edulis,2024-10-26,2024,Suomi,Etelä-Häme (EH),1.0,60.98826,25.653564,6762229.0,427155.0,NEUTRAL,HOBBYIST,Photographed,The Atlas of Finnish Fungi,ETRS-TM35FIN-1km-N6762000-E427000
http://tun.fi/JX.1778493#3,herkkutatti (fi) — Boletus edulis,Boletus edulis,2024-10-27,2024,Suomi,Uusimaa (U),1.0,60.460447,25.188062,6704064.0,400352.0,NEUTRAL,HOBBYIST,Photographed,The Atlas of Finnish Fungi,ETRS-TM35FIN-1km-N6704000-E400000
http://tun.fi/HR.3211/291407599-U,herkkutatti (fi) — Boletus edulis,Boletus edulis,2025-06-21,2025,Suomi,Uusimaa (U),16.0,59.82445,22.98276,6638690.0,274834.0,NEUTRAL,AMATEUR,Photographed,iNaturalist Suomi Finland,ETRS-TM35FIN-1km-N6638000-E274000
http://tun.fi/JX.2299986#3,herkkutatti (fi) — Boletus edulis,Boletus edulis,2025-06-27,2025,Suomi,Etelä-Häme (EH),1.0,61.175548,23.895031,6786307.0,333037.0,NEUTRAL,HOBBYIST,Observation,"Notebook, general observations",ETRS-TM35FIN-1km-N6786000-E333000
http://tun.fi/JX.2300945#112,herkkutatti (fi) — Boletus edulis,Boletus edulis,2025-06-28 - 2025-08-03,2025,Suomi,Uusimaa (U),1000.0,60.547722,26.136942,6712722.0,452659.0,NEUTRAL,HOBBYIST,Photographed,The Atlas of Finnish Fungi,ETRS-TM35FIN-1km-N6712000-E452000
http://tun.fi/JX.2304501#24,herkkutatti (fi) — Boletus edulis,Boletus edulis,2025-07-03,2025,Suomi,Uusimaa (U),1.0,60.254647,24.60232,6682183.0,367313.0,NEUTRAL,HOBBYIST,Photographed,The Atlas of Finnish Fungi,ETRS-TM35FIN-1km-N6682000-E367000
http://tun.fi/JX.2305266#63,herkkutatti (fi) — Boletus edulis,Boletus edulis,2025-07-04 - 2025-07-12,2025,Suomi,Uusimaa (U),1.0,60.253384,24.787594,6681684.0,377558.0,NEUTRAL,HOBBYIST,Photographed,The Atlas of Finnish Fungi,ETRS-TM35FIN-1km-N6681000-E377000
http://tun.fi/JX.2415110#5,herkkutatti (fi) — Boletus edulis,Boletus edulis,2025-07-08,2025,Suomi,Satakunta (St),100.0,61.660967,23.469181,6841485.0,313077.0,NEUTRAL,HOBBYIST,Photographed,The Atlas of Finnish Fungi,ETRS-TM35FIN-1km-N6841000-E313000
http://tun.fi/JX.2307892#5,herkkutatti (fi) — Boletus edulis,Boletus edulis,2025-07-08 - 2025-07-10,2025,Suomi,Kainuu (Kn),5000.0,65.467654,29.535367,7262940.0,617441.0,NEUTRAL,HOBBYIST,Photographed,The Atlas of Finnish Fungi,ETRS-TM35FIN-1km-N7262000-E617000
http://tun.fi/HR.3211/297577591-U,herkkutatti (fi) — Boletus edulis,Boletus edulis,2025-07-11,2025,Suomi,Pohjois-Savo (PS),100.0,62.82247,28.19516,6966376.0,560904.0,NEUTRAL,AMATEUR,Photographed,iNaturalist Suomi Finland,ETRS-TM35FIN-1km-N6966000-E560000
http://tun.fi/HR.3211/297278546-U,herkkutatti (fi) — Boletus edulis,Boletus edulis,2025-07-12,2025,Suomi,Uusimaa (U),552.0,60.20551,25.1607,6675720.0,398055.0,COMMUNITY_VERIFIED,AMATEUR,Photographed,iNaturalist Suomi Finland,ETRS-TM35FIN-1km-N6675000-E398000
http://tun.fi/HR.3211/324571936-U,herkkutatti (fi) — Boletus edulis,Boletus edulis,2025-07-12,2025,Suomi,Enontekiön Lappi (EnL),100.0,68.33453,22.93476,7585685.0,332613.0,COMMUNITY_VERIFIED,AMATEUR,Photographed,iNaturalist Suomi Finland,ETRS-TM35FIN-1km-N7585000-E332000
http://tun.fi/JX.2315536#13,herkkutatti (fi) — Boletus edulis,Boletus edulis,2025-07-12,2025,Suomi,Satakunta (St),1000.0,61.661237,23.463932,6841538.0,312802.0,NEUTRAL,HOBBYIST,Photographed,The Atlas of Finnish Fungi,ETRS-TM35FIN-1km-N6841000-E312000
http://tun.fi/JX.2313326#11,herkkutatti (fi) — Boletus edulis,Boletus edulis,2025-07-13,2025,Suomi,Uusimaa (U),1000.0,60.393085,25.646909,6695955.0,425428.0,NEUTRAL,HOBBYIST,Photographed,The Atlas of Finnish Fungi,ETRS-TM35FIN-1km-N6695000-E425000
http://tun.fi/JX.2311134#10,herkkutatti (fi) — Boletus edulis,Boletus edulis,2025-07-14 [12:57-13:34],2025,Suomi,Varsinais-Suomi (V),1.0,60.325176,23.53335,6692660.0,308600.0,NEUTRAL,HOBBYIST,Photographed,The Atlas of Finnish Fungi,ETRS-TM35FIN-1km-N6692000-E308000
http://tun.fi/HR.3211/299488626-U,herkkutatti (fi) — Boletus edulis,Boletus edulis,2025-07-20,2025,Suomi,Uusimaa (U),10.0,60.67666,26.01941,6727174.0,446428.0,NEUTRAL,AMATEUR,Photographed,iNaturalist Suomi Finland,ETRS-TM35FIN-1km-N6727000-E446000
http://tun.fi/HR.3211/303970145-U,herkkutatti (fi) — Boletus edulis,Boletus edulis,2025-08-05,2025,Suomi,Uusimaa (U),10.0,60.16976,25.43118,6671352.0,412950.0,COMMUNITY_VERIFIED,AMATEUR,Photographed,iNaturalist Suomi Finland,ETRS-TM35FIN-1km-N6671000-E412000
http://tun.fi/JX.2327169#96,herkkutatti (fi) — Boletus edulis,Boletus edulis,2025-08-11 - 2025-08-17,2025,Suomi,Uusimaa (U),1000.0,60.298374,24.831743,6686611.0,380158.0,NEUTRAL,HOBBYIST,Photographed,The Atlas of Finnish Fungi,ETRS-TM35FIN-1km-N6686000-E380000
http://tun.fi/JX.2326896#3,herkkutatti (fi) — Boletus edulis,Boletus edulis,2025-08-11 [12:01],2025,Suomi,Inarin Lappi (InL),1.0,69.649159,27.098189,7726753.0,503812.0,NEUTRAL,HOBBYIST,Photographed,"Notebook, general observations",ETRS-TM35FIN-1km-N7726000-E503000
http://tun.fi/HR.3211/306277325-U,herkkutatti (fi) — Boletus edulis,Boletus edulis,2025-08-14,2025,Suomi,Uusimaa (U),32.0,60.2175,24.9181,6677454.0,384653.0,COMMUNITY_VERIFIED,AMATEUR,Photographed,iNaturalist Suomi Finland,ETRS-TM35FIN-1km-N6677000-E384000
http://tun.fi/HR.3211/306314227-U,herkkutatti (fi) — Boletus edulis,Boletus edulis,2025-08-14,2025,Suomi,Uusimaa (U),100.0,60.37795,25.65677,6694260.0,425938.0,COMMUNITY_VERIFIED,AMATEUR,Photographed,iNaturalist Suomi Finland,ETRS-TM35FIN-1km-N6694000-E425000
http://tun.fi/JX.2328150#21,herkkutatti (fi) — Boletus edulis,Boletus edulis,2025-08-14 [15:13-17:45],2025,Suomi,Varsinais-Suomi (V),1.0,60.431799,23.019753,6706123.0,280982.0,NEUTRAL,HOBBYIST,Observation,The Atlas of Finnish Fungi,ETRS-TM35FIN-1km-N6706000-E280000
http://tun.fi/HR.3211/306452557-U,herkkutatti (fi) — Boletus edulis,Boletus edulis,2025-08-15,2025,Suomi,Uusimaa (U),231.0,60.24793,24.60632,6681427.0,367507.0,COMMUNITY_VERIFIED,AMATEUR,Photographed,iNaturalist Suomi Finland,ETRS-TM35FIN-1km-N6681000-E367000
http://tun.fi/HR.3211/316489295-U,herkkutatti (fi) — Boletus edulis,Boletus edulis,2025-08-15,2025,Suomi,Uusimaa (U),192.0,60.15571,24.56404,6671247.0,364788.0,COMMUNITY_VERIFIED,AMATEUR,Photographed,iNaturalist Suomi Finland,ETRS-TM35FIN-1km-N6671000-E364000
http://tun.fi/HR.3211/322098095-U,herkkutatti (fi) — Boletus edulis,Boletus edulis,2025-08-16,2025,Suomi,Inarin Lappi (InL),100.0,69.13045,27.23954,7668928.0,509524.0,COMMUNITY_VERIFIED,AMATEUR,Photographed,iNaturalist Suomi Finland,ETRS-TM35FIN-1km-N7668000-E509000
http://tun.fi/JX.2366842#19,herkkutatti (fi) — Boletus edulis,Boletus edulis,2025-08-16,2025,Suomi,"Inarin Lappi (InL), Sompion Lappi (SoL)",1000.0,68.363828,27.640636,7583571.0,526360.0,NEUTRAL,HOBBYIST,Photographed,The Atlas of Finnish Fungi,ETRS-TM35FIN-1km-N7583000-E526000
http://tun.fi/JX.2415080#3,herkkutatti (fi) — Boletus edulis,Boletus edulis,2025-08-16,2025,Suomi,Satakunta (St),100.0,61.660967,23.469181,6841485.0,313077.0,NEUTRAL,HOBBYIST,Photographed,The Atlas of Finnish Fungi,ETRS-TM35FIN-1km-N6841000-E313000
http://tun.fi/JX.2329110#29,herkkutatti (fi) — Boletus edulis,Boletus edulis,2025-08-16 - 2025-08-18,2025,Suomi,Enontekiön Lappi (EnL),1000.0,69.050837,20.801188,7672525.0,253013.0,NEUTRAL,HOBBYIST,Photographed,The Atlas of Finnish Fungi,ETRS-TM35FIN-1km-N7672000-E253000
http://tun.fi/JX.2328808#42,herkkutatti (fi) — Boletus edulis,Boletus edulis,2025-08-16 [10:53],2025,Suomi,Etelä-Häme (EH),1.0,61.464384,23.812087,6818668.0,330151.0,NEUTRAL,HOBBYIST,Observation,"Notebook, general observations",ETRS-TM35FIN-1km-N6818000-E330000
http://tun.fi/JX.2328760#12,herkkutatti (fi) — Boletus edulis,Boletus edulis,2025-08-16 [6:43-8:59],2025,Suomi,Varsinais-Suomi (V),1.0,60.504206,22.278098,6716871.0,240794.0,NEUTRAL,HOBBYIST,Photographed,The Atlas of Finnish Fungi,ETRS-TM35FIN-1km-N6716000-E240000
http://tun.fi/HR.3211/307457902-U,herkkutatti (fi) — Boletus edulis,Boletus edulis,2025-08-17,2025,Suomi,Uusimaa (U),25000.0,60.3,25.1,6686339.0,394977.0,COMMUNITY_VERIFIED,AMATEUR,Photographed,iNaturalist Suomi Finland,ETRS-TM35FIN-1km-N6686000-E394000
http://tun.fi/JX.2329319#9,herkkutatti (fi) — Boletus edulis,Boletus edulis,2025-08-17,2025,Suomi,Etelä-Häme (EH),1.0,61.020208,25.518365,6765945.0,419921.0,NEUTRAL,HOBBYIST,Photographed,The Atlas of Finnish Fungi,ETRS-TM35FIN-1km-N6765000-E419000
http://tun.fi/JX.2415015#7,herkkutatti (fi) — Boletus edulis,Boletus edulis,2025-08-17,2025,Suomi,Satakunta (St),1000.0,61.70007,23.251145,6846494.0,301811.0,NEUTRAL,HOBBYIST,Photographed,The Atlas of Finnish Fungi,ETRS-TM35FIN-1km-N6846000-E301000
http://tun.fi/HR.3211/307256382-U,herkkutatti (fi) — Boletus edulis,Boletus edulis,2025-08-18,2025,Suomi,Uusimaa (U),98.0,60.23931,24.95925,6679811.0,387008.0,NEUTRAL,AMATEUR,Photographed,iNaturalist Suomi Finland,ETRS-TM35FIN-1km-N6679000-E387000
http://tun.fi/HR.3211/307274392-U,herkkutatti (fi) — Boletus edulis,Boletus edulis,2025-08-18,2025,Suomi,Etelä-Häme (EH),10.0,60.99216,24.53467,6764425.0,366650.0,COMMUNITY_VERIFIED,AMATEUR,Photographed,iNaturalist Suomi Finland,ETRS-TM35FIN-1km-N6764000-E366000
http://tun.fi/HR.3211/307310271-U,herkkutatti (fi) — Boletus edulis,Boletus edulis,2025-08-18,2025,Suomi,Keski-Pohjanmaa (KP),2687.0,63.05852,23.70345,6996384.0,333411.0,NEUTRAL,AMATEUR,Photographed,iNaturalist Suomi Finland,ETRS-TM35FIN-1km-N6996000-E333000
http://tun.fi/JX.2431834#9,herkkutatti (fi) — Boletus edulis,Boletus edulis,2025-08-18,2025,Suomi,Enontekiön Lappi (EnL),1000.0,69.046707,20.810464,7672022.0,253343.0,NEUTRAL,HOBBYIST,Photographed,The Atlas of Finnish Fungi,ETRS-TM35FIN-1km-N7672000-E253000
http://tun.fi/HR.3211/307523969-U,herkkutatti (fi) — Boletus edulis,Boletus edulis,2025-08-19,2025,Suomi,Etelä-Häme (EH),100.0,61.99632,24.32527,6876659.0,359917.0,COMMUNITY_VERIFIED,AMATEUR,Photographed,iNaturalist Suomi Finland,ETRS-TM35FIN-1km-N6876000-E359000
http://tun.fi/HR.3211/307589595-U,herkkutatti (fi) — Boletus edulis,Boletus edulis,2025-08-19,2025,Suomi,Uusimaa (U),100.0,60.37302,25.71519,6693646.0,429149.0,COMMUNITY_VERIFIED,AMATEUR,Photographed,iNaturalist Suomi Finland,ETRS-TM35FIN-1km-N6693000-E429000
http://tun.fi/HR.3211/376946139-U,herkkutatti (fi) — Boletus edulis,Boletus edulis,2025-08-19,2025,Suomi,Uusimaa (U),7218.0,60.31443,24.53146,6688983.0,363642.0,COMMUNITY_VERIFIED,AMATEUR,Photographed,iNaturalist Suomi Finland,ETRS-TM35FIN-1km-N6688000-E363000
http://tun.fi/HR.3211/307694409-U,herkkutatti (fi) — Boletus edulis,Boletus edulis,2025-08-20,2025,Suomi,Etelä-Häme (EH),10.0,61.22678,26.02114,6788442.0,447438.0,NEUTRAL,AMATEUR,Photographed,iNaturalist Suomi Finland,ETRS-TM35FIN-1km-N6788000-E447000
http://tun.fi/HR.3211/307801865-U,herkkutatti (fi) — Boletus edulis,Boletus edulis,2025-08-20,2025,Suomi,Pohjois-Häme (PH),32.0,62.64575,26.82963,6946133.0,491267.0,COMMUNITY_VERIFIED,AMATEUR,Photographed,iNaturalist Suomi Finland,ETRS-TM35FIN-1km-N6946000-E491000
http://tun.fi/JX.2415012#3,herkkutatti (fi) — Boletus edulis,Boletus edulis,2025-08-20,2025,Suomi,Etelä-Häme (EH),1000.0,61.54517,23.540952,6828378.0,316177.0,NEUTRAL,HOBBYIST,Photographed,The Atlas of Finnish Fungi,ETRS-TM35FIN-1km-N6828000-E316000
http://tun.fi/HR.3211/308195963-U,herkkutatti (fi) — Boletus edulis,Boletus edulis,2025-08-22,2025,Suomi,Varsinais-Suomi (V),100.0,60.49793,22.20263,6716473.0,236605.0,COMMUNITY_VERIFIED,AMATEUR,Photographed,iNaturalist Suomi Finland,ETRS-TM35FIN-1km-N6716000-E236000
http://tun.fi/HR.3211/308385519-U,herkkutatti (fi) — Boletus edulis,Boletus edulis,2025-08-23,2025,Suomi,Uusimaa (U),1799.0,60.66853,25.04812,6727453.0,393344.0,COMMUNITY_VERIFIED,AMATEUR,Photographed,iNaturalist Suomi Finland,ETRS-TM35FIN-1km-N6727000-E393000
http://tun.fi/HR.3211/308385579-U,herkkutatti (fi) — Boletus edulis,Boletus edulis,2025-08-23,2025,Suomi,Uusimaa (U),1871.0,60.66853,25.04812,6727453.0,393344.0,COMMUNITY_VERIFIED,AMATEUR,Photographed,iNaturalist Suomi Finland,ETRS-TM35FIN-1km-N6727000-E393000
http://tun.fi/HR.3211/308385708-U,herkkutatti (fi) — Boletus edulis,Boletus edulis,2025-08-23,2025,Suomi,Uusimaa (U),1818.0,60.66853,25.04812,6727453.0,393344.0,COMMUNITY_VERIFIED,AMATEUR,Photographed,iNaturalist Suomi Finland,ETRS-TM35FIN-1km-N6727000-E393000
http://tun.fi/HR.3211/308421757-U,herkkutatti (fi) — Boletus edulis,Boletus edulis,2025-08-23,2025,Suomi,Etelä-Häme (EH),16.0,61.03893,23.98198,6770882.0,337009.0,COMMUNITY_VERIFIED,AMATEUR,Photographed,iNaturalist Suomi Finland,ETRS-TM35FIN-1km-N6770000-E337000
http://tun.fi/HR.3211/308450779-U,herkkutatti (fi) — Boletus edulis,Boletus edulis,2025-08-23,2025,Suomi,Uusimaa (U),212.0,60.22491,24.97298,6678185.0,387719.0,COMMUNITY_VERIFIED,AMATEUR,Photographed,iNaturalist Suomi Finland,ETRS-TM35FIN-1km-N6678000-E387000
http://tun.fi/HR.3211/308502048-U,herkkutatti (fi) — Boletus edulis,Boletus edulis,2025-08-23,2025,Suomi,Uusimaa (U),266.0,60.21032,25.03494,6676456.0,391102.0,COMMUNITY_VERIFIED,AMATEUR,Photographed,iNaturalist Suomi Finland,ETRS-TM35FIN-1km-N6676000-E391000
http://tun.fi/HR.3211/308502765-U,herkkutatti (fi) — Boletus edulis,Boletus edulis,2025-08-23,2025,Suomi,Uusimaa (U),287.0,60.21325,25.03421,6676784.0,391071.0,COMMUNITY_VERIFIED,AMATEUR,Photographed,iNaturalist Suomi Finland,ETRS-TM35FIN-1km-N6676000-E391000
http://tun.fi/JX.2331888#7,herkkutatti (fi) — Boletus edulis,Boletus edulis,2025-08-23,2025,Suomi,Etelä-Häme (EH),1000.0,61.999727,23.960812,6877878.0,340856.0,NEUTRAL,HOBBYIST,Photographed,The Atlas of Finnish Fungi,ETRS-TM35FIN-1km-N6877000-E340000
http://tun.fi/JX.2331268#18,herkkutatti (fi) — Boletus edulis,Boletus edulis,2025-08-23 [9:01-11:08],2025,Suomi,Etelä-Häme (EH),1.0,61.468587,23.814413,6819130.0,330297.0,NEUTRAL,HOBBYIST,Observation,"Notebook, general observations",ETRS-TM35FIN-1km-N6819000-E330000
http://tun.fi/HR.3211/308770573-U,herkkutatti (fi) — Boletus edulis,Boletus edulis,2025-08-24,2025,Suomi,Ahvenanmaa (A),10.0,60.31188,19.93944,6707040.0,110396.0,NEUTRAL,AMATEUR,Photographed,iNaturalist Suomi Finland,ETRS-TM35FIN-1km-N6707000-E110000
http://tun.fi/HR.3211/333570427-U,herkkutatti (fi) — Boletus edulis,Boletus edulis,2025-08-24,2025,Suomi,Uusimaa (U),10.0,60.23394,24.8787,6679354.0,382530.0,COMMUNITY_VERIFIED,AMATEUR,Photographed,iNaturalist Suomi Finland,ETRS-TM35FIN-1km-N6679000-E382000
http://tun.fi/JX.2423727#3,herkkutatti (fi) — Boletus edulis,Boletus edulis,2025-08-24,2025,Suomi,Uusimaa (U),1.0,60.499085,24.997319,6708670.0,389994.0,NEUTRAL,HOBBYIST,Observation,"Notebook, general observations",ETRS-TM35FIN-1km-N6708000-E389000
http://tun.fi/KE.176/68b9c85bd5de76a3ffda2dcb#Unit1,herkkutatti (fi) — Boletus edulis,Boletus edulis,2025-08-24,2025,Suomi,Varsinais-Suomi (V),1.0,60.549723,21.30792,6726146.0,188058.0,NEUTRAL,AMATEUR,Observation,Löydös Open Finnish Observation Database,ETRS-TM35FIN-1km-N6726000-E188000
http://tun.fi/JX.2331897#12,herkkutatti (fi) — Boletus edulis,Boletus edulis,2025-08-24 [7:28-18:13],2025,Suomi,Varsinais-Suomi (V),1.0,60.404097,22.284527,6705716.0,240347.0,NEUTRAL,HOBBYIST,Photographed,The Atlas of Finnish Fungi,ETRS-TM35FIN-1km-N6705000-E240000
http://tun.fi/JX.2332760#22,herkkutatti (fi) — Boletus edulis,Boletus edulis,2025-08-25,2025,Suomi,Satakunta (St),100.0,61.683376,23.436657,6844073.0,311496.0,NEUTRAL,HOBBYIST,Photographed,The Atlas of Finnish Fungi,ETRS-TM35FIN-1km-N6844000-E311000
http://tun.fi/HR.3211/309212262-U,herkkutatti (fi) — Boletus edulis,Boletus edulis,2025-08-26,2025,Suomi,Uusimaa (U),100.0,60.33133,25.15393,6689740.0,398072.0,COMMUNITY_VERIFIED,AMATEUR,Photographed,iNaturalist Suomi Finland,ETRS-TM35FIN-1km-N6689000-E398000
http://tun.fi/HR.3211/309233583-U,herkkutatti (fi) — Boletus edulis,Boletus edulis,2025-08-26,2025,Suomi,Sompion Lappi (SoL),10.0,67.60787,28.60736,7500034.0,568326.0,COMMUNITY_VERIFIED,AMATEUR,Photographed,iNaturalist Suomi Finland,ETRS-TM35FIN-1km-N7500000-E568000
http://tun.fi/HR.3211/309234877-U,herkkutatti (fi) — Boletus edulis,Boletus edulis,2025-08-26,2025,Suomi,Etelä-Häme (EH),100.0,60.99079,25.48023,6762716.0,417784.0,COMMUNITY_VERIFIED,AMATEUR,Photographed,iNaturalist Suomi Finland,ETRS-TM35FIN-1km-N6762000-E417000
http://tun.fi/JX.2332493#27,herkkutatti (fi) — Boletus edulis,Boletus edulis,2025-08-26,2025,Suomi,Etelä-Häme (EH),1.0,61.042554,25.473924,6768489.0,417578.0,NEUTRAL,HOBBYIST,Photographed,The Atlas of Finnish Fungi,ETRS-TM35FIN-1km-N6768000-E417000
http://tun.fi/JX.2332663#14,herkkutatti (fi) — Boletus edulis,Boletus edulis,2025-08-26,2025,Suomi,Varsinais-Suomi (V),1.0,60.111293,23.547046,6668822.0,308109.0,NEUTRAL,HOBBYIST,Observation,"Notebook, general observations",ETRS-TM35FIN-1km-N6668000-E308000
http://tun.fi/JX.2332557#5,herkkutatti (fi) — Boletus edulis,Boletus edulis,2025-08-26 [12:22-15:13],2025,Suomi,Uusimaa (U),1000.0,60.102784,24.670313,6665140.0,370482.0,NEUTRAL,HOBBYIST,Observation,Noteworthy macrofungi - complete lists,ETRS-TM35FIN-1km-N6665000-E370000
http://tun.fi/JX.2337740#5,herkkutatti (fi) — Boletus edulis,Boletus edulis,2025-08-27,2025,Suomi,Varsinais-Suomi (V),100.0,59.988744,23.202667,6656239.0,288199.0,NEUTRAL,HOBBYIST,Observation,"Notebook, general observations",ETRS-TM35FIN-1km-N6656000-E288000
http://tun.fi/HR.3211/309656030-U,herkkutatti (fi) — Boletus edulis,Boletus edulis,2025-08-28,2025,Suomi,Etelä-Savo (ES),10.0,61.20556,28.72528,6786908.0,592703.0,COMMUNITY_VERIFIED,AMATEUR,Photographed,iNaturalist Suomi Finland,ETRS-TM35FIN-1km-N6786000-E592000
http://tun.fi/HR.3211/309677463-U,herkkutatti (fi) — Boletus edulis,Boletus edulis,2025-08-28,2025,Suomi,Etelä-Häme (EH),52.0,60.97969,25.57516,6761365.0,422892.0,NEUTRAL,AMATEUR,Photographed,iNaturalist Suomi Finland,ETRS-TM35FIN-1km-N6761000-E422000
http://tun.fi/HR.3211/309699402-U,herkkutatti (fi) — Boletus edulis,Boletus edulis,2025-08-28,2025,Suomi,Etelä-Savo (ES),10.0,61.20895,28.7466,6787316.0,593838.0,COMMUNITY_VERIFIED,AMATEUR,Photographed,iNaturalist Suomi Finland,ETRS-TM35FIN-1km-N6787000-E593000
http://tun.fi/HR.3211/309718080-U,herkkutatti (fi) — Boletus edulis,Boletus edulis,2025-08-28,2025,Suomi,Uusimaa (U),10.0,60.28713,24.44967,6686116.0,359008.0,NEUTRAL,AMATEUR,Photographed,iNaturalist Suomi Finland,ETRS-TM35FIN-1km-N6686000-E359000
http://tun.fi/HR.3211/309820175-U,herkkutatti (fi) — Boletus edulis,Boletus edulis,2025-08-28,2025,Suomi,Etelä-Pohjanmaa (EP),188.0,63.28846,21.77168,7028419.0,238007.0,COMMUNITY_VERIFIED,AMATEUR,Photographed,iNaturalist Suomi Finland,ETRS-TM35FIN-1km-N7028000-E238000
http://tun.fi/JX.2338383#15,herkkutatti (fi) — Boletus edulis,Boletus edulis,2025-08-29 [12:12],2025,Suomi,Pohjois-Häme (PH),1.0,62.585377,26.640304,6939447.0,481524.0,NEUTRAL,HOBBYIST,Photographed,The Atlas of Finnish Fungi,ETRS-TM35FIN-1km-N6939000-E481000
http://tun.fi/HR.3211/310154532-U,herkkutatti (fi) — Boletus edulis,Boletus edulis,2025-08-30,2025,Suomi,Varsinais-Suomi (V),10.0,60.15683,21.30004,6682536.0,183840.0,NEUTRAL,AMATEUR,Photographed,iNaturalist Suomi Finland,ETRS-TM35FIN-1km-N6682000-E183000
http://tun.fi/HR.3211/310157661-U,herkkutatti (fi) — Boletus edulis,Boletus edulis,2025-08-30,2025,Suomi,Keski-Pohjanmaa (KP),33.0,62.85087,23.84341,6972914.0,339344.0,COMMUNITY_VERIFIED,AMATEUR,Photographed,iNaturalist Suomi Finland,ETRS-TM35FIN-1km-N6972000-E339000
http://tun.fi/HR.3211/310169631-U,herkkutatti (fi) — Boletus edulis,Boletus edulis,2025-08-30,2025,Suomi,Oulun Pohjanmaa (OP),100.0,64.77197,25.40081,7184003.0,423953.0,COMMUNITY_VERIFIED,AMATEUR,Photographed,iNaturalist Suomi Finland,ETRS-TM35FIN-1km-N7184000-E423000
http://tun.fi/HR.3211/310234889-U,herkkutatti (fi) — Boletus edulis,Boletus edulis,2025-08-30,2025,Suomi,Etelä-Häme (EH),10.0,61.46799,25.06362,6816449.0,396825.0,COMMUNITY_VERIFIED,AMATEUR,Photographed,iNaturalist Suomi Finland,ETRS-TM35FIN-1km-N6816000-E396000
http://tun.fi/HR.3211/310430286-U,herkkutatti (fi) — Boletus edulis,Boletus edulis,2025-08-30,2025,Suomi,Uusimaa (U),100.0,60.27579,25.20881,6683472.0,400933.0,COMMUNITY_VERIFIED,AMATEUR,Photographed,iNaturalist Suomi Finland,ETRS-TM35FIN-1km-N6683000-E400000
http://tun.fi/HR.3211/318246121-U,herkkutatti (fi) — Boletus edulis,Boletus edulis,2025-08-30,2025,Suomi,Uusimaa (U),10.0,60.21472,24.69891,6677548.0,372502.0,COMMUNITY_VERIFIED,AMATEUR,Photographed,iNaturalist Suomi Finland,ETRS-TM35FIN-1km-N6677000-E372000
http://tun.fi/HR.3211/318246183-U,herkkutatti (fi) — Boletus edulis,Boletus edulis,2025-08-30,2025,Suomi,Uusimaa (U),71.0,60.21224,24.69178,6677286.0,372097.0,COMMUNITY_VERIFIED,AMATEUR,Photographed,iNaturalist Suomi Finland,ETRS-TM35FIN-1km-N6677000-E372000
http://tun.fi/HR.3211/318246206-U,herkkutatti (fi) — Boletus edulis,Boletus edulis,2025-08-30,2025,Suomi,Uusimaa (U),17.0,60.21232,24.69134,6677295.0,372073.0,COMMUNITY_VERIFIED,AMATEUR,Photographed,iNaturalist Suomi Finland,ETRS-TM35FIN-1km-N6677000-E372000
http://tun.fi/HR.3211/318246222-U,herkkutatti (fi) — Boletus edulis,Boletus edulis,2025-08-30,2025,Suomi,Uusimaa (U),108.0,60.2136,24.69164,6677437.0,372094.0,COMMUNITY_VERIFIED,AMATEUR,Photographed,iNaturalist Suomi Finland,ETRS-TM35FIN-1km-N6677000-E372000
http://tun.fi/HR.3211/310427176-U,herkkutatti (fi) — Boletus edulis,Boletus edulis,2025-08-31,2025,Suomi,Etelä-Häme (EH),99.0,60.87537,23.75256,6753272.0,323722.0,COMMUNITY_VERIFIED,AMATEUR,Photographed,iNaturalist Suomi Finland,ETRS-TM35FIN-1km-N6753000-E323000
http://tun.fi/HR.3211/310461969-U,herkkutatti (fi) — Boletus edulis,Boletus edulis,2025-08-31,2025,Suomi,Etelä-Savo (ES),27.0,61.87777,28.86162,6861967.0,597888.0,NEUTRAL,AMATEUR,Photographed,iNaturalist Suomi Finland,ETRS-TM35FIN-1km-N6861000-E597000
http://tun.fi/HR.3211/310471524-U,herkkutatti (fi) — Boletus edulis,Boletus edulis,2025-08-31,2025,Suomi,Etelä-Savo (ES),14.0,61.87704,28.86788,6861896.0,598220.0,COMMUNITY_VERIFIED,AMATEUR,Photographed,iNaturalist Suomi Finland,ETRS-TM35FIN-1km-N6861000-E598000
http://tun.fi/HR.3211/310473547-U,herkkutatti (fi) — Boletus edulis,Boletus edulis,2025-08-31,2025,Suomi,Varsinais-Suomi (V),100.0,60.53249,22.35696,6719708.0,245340.0,COMMUNITY_VERIFIED,AMATEUR,Photographed,iNaturalist Suomi Finland,ETRS-TM35FIN-1km-N6719000-E245000
http://tun.fi/HR.3211/310475721-U,herkkutatti (fi) — Boletus edulis,Boletus edulis,2025-08-31,2025,Suomi,Etelä-Savo (ES),10.0,61.87781,28.86236,6861973.0,597927.0,COMMUNITY_VERIFIED,AMATEUR,Photographed,iNaturalist Suomi Finland,ETRS-TM35FIN-1km-N6861000-E597000
http://tun.fi/HR.3211/310518210-U,herkkutatti (fi) — Boletus edulis,Boletus edulis,2025-08-31,2025,Suomi,Etelä-Karjala (EK),100.0,60.45692,26.94209,6702301.0,496816.0,COMMUNITY_VERIFIED,AMATEUR,Photographed,iNaturalist Suomi Finland,ETRS-TM35FIN-1km-N6702000-E496000
http://tun.fi/HR.3211/310519709-U,herkkutatti (fi) — Boletus edulis,Boletus edulis,2025-08-31,2025,Suomi,Pohjois-Karjala (PK),217.0,63.12022,30.73138,7004452.0,688149.0,COMMUNITY_VERIFIED,AMATEUR,Photographed,iNaturalist Suomi Finland,ETRS-TM35FIN-1km-N7004000-E688000
http://tun.fi/HR.3211/310537178-U,herkkutatti (fi) — Boletus edulis,Boletus edulis,2025-08-31,2025,Suomi,Varsinais-Suomi (V),10.0,60.42294,22.26898,6707872.0,239643.0,COMMUNITY_VERIFIED,AMATEUR,Photographed,iNaturalist Suomi Finland,ETRS-TM35FIN-1km-N6707000-E239000
http://tun.fi/HR.3211/310553121-U,herkkutatti (fi) — Boletus edulis,Boletus edulis,2025-08-31,2025,Suomi,Etelä-Häme (EH),43.0,60.93317,24.14428,6758716.0,345256.0,COMMUNITY_VERIFIED,AMATEUR,Photographed,iNaturalist Suomi Finland,ETRS-TM35FIN-1km-N6758000-E345000
http://tun.fi/HR.3211/311658143-U,herkkutatti (fi) — Boletus edulis,Boletus edulis,2025-08-31,2025,Suomi,Etelä-Häme (EH),100.0,60.98589,25.6848,6761931.0,428839.0,COMMUNITY_VERIFIED,AMATEUR,Photographed,iNaturalist Suomi Finland,ETRS-TM35FIN-1km-N6761000-E428000
http://tun.fi/HR.3211/380771878-U,herkkutatti (fi) — Boletus edulis,Boletus edulis,2025-08-31,2025,Suomi,Varsinais-Suomi (V),10.0,60.36752,24.46288,6695037.0,360082.0,COMMUNITY_VERIFIED,AMATEUR,Photographed,iNaturalist Suomi Finland,ETRS-TM35FIN-1km-N6695000-E360000
http://tun.fi/JX.2340297#29,herkkutatti (fi) — Boletus edulis,Boletus edulis,2025-08-31,2025,Suomi,Uusimaa (U),1000.0,59.89136,23.213064,6645373.0,288158.0,NEUTRAL,HOBBYIST,Photographed,The Atlas of Finnish Fungi,ETRS-TM35FIN-1km-N6645000-E288000
http://tun.fi/HR.3211/310721977-U,herkkutatti (fi) — Boletus edulis,Boletus edulis,2025-09-01,2025,Suomi,Varsinais-Suomi (V),10.0,59.95598,21.77714,6658023.0,208497.0,COMMUNITY_VERIFIED,AMATEUR,Photographed,iNaturalist Suomi Finland,ETRS-TM35FIN-1km-N6658000-E208000
http://tun.fi/HR.3211/310731307-U,herkkutatti (fi) — Boletus edulis,Boletus edulis,2025-09-01,2025,Suomi,Uusimaa (U),10.0,60.2905,24.76212,6685864.0,376289.0,COMMUNITY_VERIFIED,AMATEUR,Photographed,iNaturalist Suomi Finland,ETRS-TM35FIN-1km-N6685000-E376000
http://tun.fi/HR.3211/310735656-U,herkkutatti (fi) — Boletus edulis,Boletus edulis,2025-09-01,2025,Suomi,"Etelä-Häme (EH), Varsinais-Suomi (V)",25000.0,60.7,23.3,6735065.0,298055.0,COMMUNITY_VERIFIED,AMATEUR,Photographed,iNaturalist Suomi Finland,ETRS-TM35FIN-1km-N6735000-E298000
http://tun.fi/HR.3211/310744797-U,herkkutatti (fi) — Boletus edulis,Boletus edulis,2025-09-01,2025,Suomi,Etelä-Savo (ES),10.0,62.04221,29.10372,6880668.0,610022.0,COMMUNITY_VERIFIED,AMATEUR,Photographed,iNaturalist Suomi Finland,ETRS-TM35FIN-1km-N6880000-E610000
http://tun.fi/HR.3211/310750663-U,herkkutatti (fi) — Boletus edulis,Boletus edulis,2025-09-01,2025,Suomi,Sompion Lappi (SoL),699.0,67.97248,28.95962,7541097.0,582008.0,COMMUNITY_VERIFIED,AMATEUR,Photographed,iNaturalist Suomi Finland,ETRS-TM35FIN-1km-N7541000-E582000
http://tun.fi/HR.3211/310810679-U,herkkutatti (fi) — Boletus edulis,Boletus edulis,2025-09-01,2025,Suomi,Pohjois-Karjala (PK),10.0,62.72775,29.62344,6957987.0,634094.0,COMMUNITY_VERIFIED,AMATEUR,Photographed,iNaturalist Suomi Finland,ETRS-TM35FIN-1km-N6957000-E634000
http://tun.fi/HR.3211/310832144-U,herkkutatti (fi) — Boletus edulis,Boletus edulis,2025-09-01,2025,Suomi,Pohjois-Häme (PH),100.0,62.35749,25.49843,6914909.0,422281.0,NEUTRAL,AMATEUR,Photographed,iNaturalist Suomi Finland,ETRS-TM35FIN-1km-N6914000-E422000
http://tun.fi/JX.2340835#10,herkkutatti (fi) — Boletus edulis,Boletus edulis,2025-09-01,2025,Suomi,Varsinais-Suomi (V),1.0,60.448709,23.120882,6707672.0,286653.0,NEUTRAL,HOBBYIST,Photographed,The Atlas of Finnish Fungi,ETRS-TM35FIN-1km-N6707000-E286000
http://tun.fi/HR.3211/310957556-U,herkkutatti (fi) — Boletus edulis,Boletus edulis,2025-09-02,2025,Suomi,Varsinais-Suomi (V),12.0,60.46846,22.33016,6712693.0,243366.0,COMMUNITY_VERIFIED,AMATEUR,Photographed,iNaturalist Suomi Finland,ETRS-TM35FIN-1km-N6712000-E243000
http://tun.fi/HR.3211/311000150-U,herkkutatti (fi) — Boletus edulis,Boletus edulis,2025-09-02,2025,Suomi,Satakunta (St),100.0,61.11363,21.58653,6787516.0,208487.0,COMMUNITY_VERIFIED,AMATEUR,Photographed,iNaturalist Suomi Finland,ETRS-TM35FIN-1km-N6787000-E208000
http://tun.fi/HR.3211/311201039-U,herkkutatti (fi) — Boletus edulis,Boletus edulis,2025-09-03,2025,Suomi,Etelä-Savo (ES),10.0,61.64251,27.3358,6834403.0,517795.0,NEUTRAL,AMATEUR,Photographed,iNaturalist Suomi Finland,ETRS-TM35FIN-1km-N6834000-E517000
http://tun.fi/HR.3211/311216674-U,herkkutatti (fi) — Boletus edulis,Boletus edulis,2025-09-03,2025,Suomi,Oulun Pohjanmaa (OP),24.0,65.06354,25.46882,7216410.0,427973.0,COMMUNITY_VERIFIED,AMATEUR,Photographed,iNaturalist Suomi Finland,ETRS-TM35FIN-1km-N7216000-E427000
http://tun.fi/HR.3211/311220798-U,herkkutatti (fi) — Boletus edulis,Boletus edulis,2025-09-03,2025,Suomi,Uusimaa (U),25000.0,60.3,24.9,6686674.0,383926.0,COMMUNITY_VERIFIED,AMATEUR,Photographed,iNaturalist Suomi Finland,ETRS-TM35FIN-1km-N6686000-E383000
http://tun.fi/HR.3211/311249528-U,herkkutatti (fi) — Boletus edulis,Boletus edulis,2025-09-03,2025,Suomi,Oulun Pohjanmaa (OP),100.0,65.06625,25.46075,7216721.0,427601.0,COMMUNITY_VERIFIED,AMATEUR,Photographed,iNaturalist Suomi Finland,ETRS-TM35FIN-1km-N7216000-E427000
http://tun.fi/HR.3211/311264886-U,herkkutatti (fi) — Boletus edulis,Boletus edulis,2025-09-03,2025,Suomi,Varsinais-Suomi (V),10.0,60.47067,22.33534,6712918.0,243667.0,COMMUNITY_VERIFIED,AMATEUR,Photographed,iNaturalist Suomi Finland,ETRS-TM35FIN-1km-N6712000-E243000
http://tun.fi/HR.3211/311269313-U,herkkutatti (fi) — Boletus edulis,Boletus edulis,2025-09-03,2025,Suomi,Pohjois-Savo (PS),14.0,62.76407,27.02737,6959304.0,501399.0,NEUTRAL,AMATEUR,Photographed,iNaturalist Suomi Finland,ETRS-TM35FIN-1km-N6959000-E501000
http://tun.fi/HR.3211/311446413-U,herkkutatti (fi) — Boletus edulis,Boletus edulis,2025-09-03,2025,Suomi,Oulun Pohjanmaa (OP),144.0,65.06361,25.46813,7216418.0,427940.0,COMMUNITY_VERIFIED,AMATEUR,Photographed,iNaturalist Suomi Finland,ETRS-TM35FIN-1km-N7216000-E427000
http://tun.fi/HR.3211/311977392-U,herkkutatti (fi) — Boletus edulis,Boletus edulis,2025-09-03,2025,Suomi,Pohjois-Häme (PH),36.0,62.25375,25.75547,6903071.0,435362.0,COMMUNITY_VERIFIED,AMATEUR,Photographed,iNaturalist Suomi Finland,ETRS-TM35FIN-1km-N6903000-E435000
http://tun.fi/HR.3211/312410289-U,herkkutatti (fi) — Boletus edulis,Boletus edulis,2025-09-03,2025,Suomi,Oulun Pohjanmaa (OP),10.0,65.06342,25.46891,7216396.0,427977.0,COMMUNITY_VERIFIED,AMATEUR,Photographed,iNaturalist Suomi Finland,ETRS-TM35FIN-1km-N7216000-E427000
http://tun.fi/HR.3211/337740825-U,herkkutatti (fi) — Boletus edulis,Boletus edulis,2025-09-03,2025,Suomi,Uusimaa (U),100.0,60.19988,24.73868,6675820.0,374648.0,COMMUNITY_VERIFIED,AMATEUR,Photographed,iNaturalist Suomi Finland,ETRS-TM35FIN-1km-N6675000-E374000
http://tun.fi/JX.2341598#29,herkkutatti (fi) — Boletus edulis,Boletus edulis,2025-09-04,2025,Suomi,Uusimaa (U),1000.0,60.251047,24.605245,6681776.0,367456.0,NEUTRAL,HOBBYIST,Photographed,The Atlas of Finnish Fungi,ETRS-TM35FIN-1km-N6681000-E367000
http://tun.fi/HR.3211/311644169-U,herkkutatti (fi) — Boletus edulis,Boletus edulis,2025-09-05,2025,Suomi,Uusimaa (U),100.0,60.22384,25.02895,6677972.0,390815.0,NEUTRAL,AMATEUR,Photographed,iNaturalist Suomi Finland,ETRS-TM35FIN-1km-N6677000-E390000
http://tun.fi/HR.3211/311714698-U,herkkutatti (fi) — Boletus edulis,Boletus edulis,2025-09-05,2025,Suomi,Uusimaa (U),10.0,60.17582,25.02969,6672624.0,390696.0,COMMUNITY_VERIFIED,AMATEUR,Photographed,iNaturalist Suomi Finland,ETRS-TM35FIN-1km-N6672000-E390000
http://tun.fi/HR.3211/311753737-U,herkkutatti (fi) — Boletus edulis,Boletus edulis,2025-09-05,2025,Suomi,Etelä-Häme (EH),88.0,60.93521,24.13922,6758955.0,344992.0,COMMUNITY_VERIFIED,AMATEUR,Photographed,iNaturalist Suomi Finland,ETRS-TM35FIN-1km-N6758000-E344000
http://tun.fi/HR.3211/314403852-U,herkkutatti (fi) — Boletus edulis,Boletus edulis,2025-09-05,2025,Suomi,"Etelä-Häme (EH), Uusimaa (U)",25000.0,60.7,24.9,6731209.0,385347.0,COMMUNITY_VERIFIED,AMATEUR,Photographed,iNaturalist Suomi Finland,ETRS-TM35FIN-1km-N6731000-E385000
http://tun.fi/HR.3211/324526060-U,herkkutatti (fi) — Boletus edulis,Boletus edulis,2025-09-05,2025,Suomi,Kittilän Lappi (KiL),100.0,67.61983,24.17239,7503222.0,379891.0,COMMUNITY_VERIFIED,AMATEUR,Photographed,iNaturalist Suomi Finland,ETRS-TM35FIN-1km-N7503000-E379000
http://tun.fi/HR.3211/311859591-U,herkkutatti (fi) — Boletus edulis,Boletus edulis,2025-09-06,2025,Suomi,Pohjois-Karjala (PK),10.0,62.58499,29.82242,6942523.0,644956.0,COMMUNITY_VERIFIED,AMATEUR,Photographed,iNaturalist Suomi Finland,ETRS-TM35FIN-1km-N6942000-E644000
http://tun.fi/HR.3211/311864703-U,herkkutatti (fi) — Boletus edulis,Boletus edulis,2025-09-06,2025,Suomi,Pohjois-Karjala (PK),100.0,62.58113,29.8128,6942071.0,644481.0,COMMUNITY_VERIFIED,AMATEUR,Photographed,iNaturalist Suomi Finland,ETRS-TM35FIN-1km-N6942000-E644000
http://tun.fi/HR.3211/311867543-U,herkkutatti (fi) — Boletus edulis,Boletus edulis,2025-09-06,2025,Suomi,Pohjois-Karjala (PK),10.0,62.61001,29.81357,6945288.0,644380.0,COMMUNITY_VERIFIED,AMATEUR,Photographed,iNaturalist Suomi Finland,ETRS-TM35FIN-1km-N6945000-E644000
http://tun.fi/HR.3211/311872899-U,herkkutatti (fi) — Boletus edulis,Boletus edulis,2025-09-06,2025,Suomi,Varsinais-Suomi (V),10.0,60.47782,22.35505,6713636.0,244806.0,COMMUNITY_VERIFIED,AMATEUR,Photographed,iNaturalist Suomi Finland,ETRS-TM35FIN-1km-N6713000-E244000
http://tun.fi/HR.3211/311876774-U,herkkutatti (fi) — Boletus edulis,Boletus edulis,2025-09-06,2025,Suomi,Etelä-Pohjanmaa (EP),170.0,62.28181,21.379,6918245.0,208577.0,COMMUNITY_VERIFIED,AMATEUR,Photographed,iNaturalist Suomi Finland,ETRS-TM35FIN-1km-N6918000-E208000
http://tun.fi/HR.3211/311889259-U,herkkutatti (fi) — Boletus edulis,Boletus edulis,2025-09-06,2025,Suomi,Satakunta (St),197.0,61.47699,21.35987,6828917.0,199799.0,COMMUNITY_VERIFIED,AMATEUR,Photographed,iNaturalist Suomi Finland,ETRS-TM35FIN-1km-N6828000-E199000
http://tun.fi/HR.3211/311900550-U,herkkutatti (fi) — Boletus edulis,Boletus edulis,2025-09-06,2025,Suomi,Uusimaa (U),15.0,60.21582,24.85607,6677377.0,381211.0,COMMUNITY_VERIFIED,AMATEUR,Photographed,iNaturalist Suomi Finland,ETRS-TM35FIN-1km-N6677000-E381000
http://tun.fi/HR.3211/311941015-U,herkkutatti (fi) — Boletus edulis,Boletus edulis,2025-09-06,2025,Suomi,Uusimaa (U),10.0,60.22005,24.88233,6677801.0,382681.0,COMMUNITY_VERIFIED,AMATEUR,Photographed,iNaturalist Suomi Finland,ETRS-TM35FIN-1km-N6677000-E382000
http://tun.fi/HR.3211/311993067-U,herkkutatti (fi) — Boletus edulis,Boletus edulis,2025-09-06,2025,Suomi,Etelä-Savo (ES),100.0,61.42689,27.1121,6810344.0,505982.0,COMMUNITY_VERIFIED,AMATEUR,Photographed,iNaturalist Suomi Finland,ETRS-TM35FIN-1km-N6810000-E505000
http://tun.fi/HR.3211/312016506-U,herkkutatti (fi) — Boletus edulis,Boletus edulis,2025-09-06,2025,Suomi,Ahvenanmaa (A),3489.0,60.09406,19.93807,6682883.0,107723.0,NEUTRAL,AMATEUR,Photographed,iNaturalist Suomi Finland,ETRS-TM35FIN-1km-N6682000-E107000
http://tun.fi/HR.3211/316699638-U,herkkutatti (fi) — Boletus edulis,Boletus edulis,2025-09-06,2025,Suomi,Uusimaa (U),100.0,59.89835,23.67695,6644757.0,314132.0,COMMUNITY_VERIFIED,AMATEUR,Photographed,iNaturalist Suomi Finland,ETRS-TM35FIN-1km-N6644000-E314000
http://tun.fi/HR.3211/390053138-U,herkkutatti (fi) — Boletus edulis,Boletus edulis,2025-09-06,2025,Suomi,Varsinais-Suomi (V),10.0,60.48555,22.38505,6714380.0,246512.0,NEUTRAL,AMATEUR,Photographed,iNaturalist Suomi Finland,ETRS-TM35FIN-1km-N6714000-E246000
http://tun.fi/JX.2342218#90,herkkutatti (fi) — Boletus edulis,Boletus edulis,2025-09-06 [10:48],2025,Suomi,Etelä-Häme (EH),1.0,61.46789,23.816201,6819048.0,330389.0,NEUTRAL,HOBBYIST,Observation,"Notebook, general observations",ETRS-TM35FIN-1km-N6819000-E330000
http://tun.fi/HR.3211/312142889-U,herkkutatti (fi) — Boletus edulis,Boletus edulis,2025-09-07,2025,Suomi,Etelä-Savo (ES),2348.0,61.18349,28.36936,6783998.0,573633.0,NEUTRAL,AMATEUR,Photographed,iNaturalist Suomi Finland,ETRS-TM35FIN-1km-N6783000-E573000
http://tun.fi/HR.3211/312143296-U,herkkutatti (fi) — Boletus edulis,Boletus edulis,2025-09-07,2025,Suomi,Pohjois-Karjala (PK),10.0,62.58493,29.8172,6942504.0,644688.0,COMMUNITY_VERIFIED,AMATEUR,Photographed,iNaturalist Suomi Finland,ETRS-TM35FIN-1km-N6942000-E644000
http://tun.fi/HR.3211/312176387-U,herkkutatti (fi) — Boletus edulis,Boletus edulis,2025-09-07,2025,Suomi,Etelä-Häme (EH),10.0,61.46609,23.73924,6819050.0,326281.0,COMMUNITY_VERIFIED,AMATEUR,Photographed,iNaturalist Suomi Finland,ETRS-TM35FIN-1km-N6819000-E326000
http://tun.fi/HR.3211/312235288-U,herkkutatti (fi) — Boletus edulis,Boletus edulis,2025-09-07,2025,Suomi,Varsinais-Suomi (V),25000.0,60.3,21.3,6698443.0,185199.0,COMMUNITY_VERIFIED,AMATEUR,Photographed,iNaturalist Suomi Finland,ETRS-TM35FIN-1km-N6698000-E185000
http://tun.fi/HR.3211/312396258-U,herkkutatti (fi) — Boletus edulis,Boletus edulis,2025-09-07,2025,Suomi,Oulun Pohjanmaa (OP),31.0,65.02072,25.45004,7211660.0,426972.0,NEUTRAL,AMATEUR,Photographed,iNaturalist Suomi Finland,ETRS-TM35FIN-1km-N7211000-E426000
http://tun.fi/JX.2342186#1073,herkkutatti (fi) — Boletus edulis,Boletus edulis,2025-09-07,2025,Suomi,Etelä-Savo (ES),100.0,61.416109,29.156238,6811039.0,615080.0,NEUTRAL,HOBBYIST,Observation,"Notebook, general observations",ETRS-TM35FIN-1km-N6811000-E615000
http://tun.fi/JX.2342186#764,herkkutatti (fi) — Boletus edulis,Boletus edulis,2025-09-07,2025,Suomi,Laatokan Karjala (LK),1000.0,61.575952,29.596886,6829691.0,637881.0,NEUTRAL,HOBBYIST,Observation,"Notebook, general observations",ETRS-TM35FIN-1km-N6829000-E637000
http://tun.fi/JX.2344553#3,herkkutatti (fi) — Boletus edulis,Boletus edulis,2025-09-09,2025,Suomi,Keski-Pohjanmaa (KP),1.0,64.715615,24.534424,7179048.0,382521.0,NEUTRAL,HOBBYIST,Photographed,The Atlas of Finnish Fungi,ETRS-TM35FIN-1km-N7179000-E382000
http://tun.fi/JX.2344566#30,herkkutatti (fi) — Boletus edulis,Boletus edulis,2025-09-09,2025,Suomi,Etelä-Häme (EH),1000.0,61.090339,25.004514,6774491.0,392392.0,NEUTRAL,HOBBYIST,Photographed,The Atlas of Finnish Fungi,ETRS-TM35FIN-1km-N6774000-E392000
http://tun.fi/JX.2344610#9,herkkutatti (fi) — Boletus edulis,Boletus edulis,2025-09-09,2025,Suomi,Etelä-Pohjanmaa (EP),1000.0,63.05838,21.696365,7003146.0,232086.0,NEUTRAL,HOBBYIST,Observation,"Notebook, general observations",ETRS-TM35FIN-1km-N7003000-E232000
http://tun.fi/HR.3211/312890322-U,herkkutatti (fi) — Boletus edulis,Boletus edulis,2025-09-10,2025,Suomi,Pohjois-Karjala (PK),100.0,63.5304,28.11677,7045173.0,555537.0,NEUTRAL,AMATEUR,Photographed,iNaturalist Suomi Finland,ETRS-TM35FIN-1km-N7045000-E555000
http://tun.fi/HR.3211/312912758-U,herkkutatti (fi) — Boletus edulis,Boletus edulis,2025-09-10,2025,Suomi,Uusimaa (U),10.0,60.25919,24.61869,6682656.0,368237.0,COMMUNITY_VERIFIED,AMATEUR,Photographed,iNaturalist Suomi Finland,ETRS-TM35FIN-1km-N6682000-E368000
http://tun.fi/JX.2344982#41,herkkutatti (fi) — Boletus edulis,Boletus edulis,2025-09-10 [16:15-16:39],2025,Suomi,Etelä-Häme (EH),100.0,61.201554,25.098702,6786723.0,397829.0,NEUTRAL,HOBBYIST,Photographed,The Atlas of Finnish Fungi,ETRS-TM35FIN-1km-N6786000-E397000
http://tun.fi/HR.3211/313118963-U,herkkutatti (fi) — Boletus edulis,Boletus edulis,2025-09-11,2025,Suomi,Uusimaa (U),145.0,60.18939,24.81033,6674518.0,378580.0,COMMUNITY_VERIFIED,AMATEUR,Photographed,iNaturalist Suomi Finland,ETRS-TM35FIN-1km-N6674000-E378000
http://tun.fi/JX.2345414#5,herkkutatti (fi) — Boletus edulis,Boletus edulis,2025-09-11,2025,Suomi,Etelä-Häme (EH),100.0,61.220636,25.149249,6788770.0,400605.0,NEUTRAL,HOBBYIST,Photographed,The Atlas of Finnish Fungi,ETRS-TM35FIN-1km-N6788000-E400000
http://tun.fi/HR.3211/313313740-U,herkkutatti (fi) — Boletus edulis,Boletus edulis,2025-09-12,2025,Suomi,"Etelä-Häme (EH), Etelä-Savo (ES)",25000.0,61.7,26.3,6840964.0,462960.0,COMMUNITY_VERIFIED,AMATEUR,Photographed,iNaturalist Suomi Finland,ETRS-TM35FIN-1km-N6840000-E462000
http://tun.fi/HR.3211/313321196-U,herkkutatti (fi) — Boletus edulis,Boletus edulis,2025-09-12,2025,Suomi,Etelä-Savo (ES),10.0,61.87065,28.86343,6861177.0,598006.0,NEUTRAL,AMATEUR,Photographed,iNaturalist Suomi Finland,ETRS-TM35FIN-1km-N6861000-E598000
http://tun.fi/HR.3211/313324115-U,herkkutatti (fi) — Boletus edulis,Boletus edulis,2025-09-12,2025,Suomi,Etelä-Savo (ES),10.0,61.8728,28.86389,6861417.0,598024.0,NEUTRAL,AMATEUR,Photographed,iNaturalist Suomi Finland,ETRS-TM35FIN-1km-N6861000-E598000
http://tun.fi/HR.3211/315303776-U,herkkutatti (fi) — Boletus edulis,Boletus edulis,2025-09-12,2025,Suomi,Etelä-Häme (EH),100.0,60.98594,25.68068,6761941.0,428616.0,NEUTRAL,AMATEUR,Photographed,iNaturalist Suomi Finland,ETRS-TM35FIN-1km-N6761000-E428000
http://tun.fi/JX.2345769#81,herkkutatti (fi) — Boletus edulis,Boletus edulis,2025-09-12 [10:07-15:03],2025,Suomi,Etelä-Häme (EH),1.0,61.108013,24.956539,6776539.0,389867.0,NEUTRAL,HOBBYIST,Photographed,The Atlas of Finnish Fungi,ETRS-TM35FIN-1km-N6776000-E389000
http://tun.fi/HR.3211/313492458-U,herkkutatti (fi) — Boletus edulis,Boletus edulis,2025-09-13,2025,Suomi,Etelä-Häme (EH),11.0,60.86718,24.3702,6750858.0,357199.0,COMMUNITY_VERIFIED,AMATEUR,Photographed,iNaturalist Suomi Finland,ETRS-TM35FIN-1km-N6750000-E357000
http://tun.fi/HR.3211/313519883-U,herkkutatti (fi) — Boletus edulis,Boletus edulis,2025-09-13,2025,Suomi,Pohjois-Savo (PS),10.0,62.92716,27.42451,6977546.0,521557.0,COMMUNITY_VERIFIED,AMATEUR,Photographed,iNaturalist Suomi Finland,ETRS-TM35FIN-1km-N6977000-E521000
http://tun.fi/HR.3211/313525113-U,herkkutatti (fi) — Boletus edulis,Boletus edulis,2025-09-13,2025,Suomi,Uusimaa (U),12.0,59.9758,23.92492,6652706.0,328396.0,COMMUNITY_VERIFIED,AMATEUR,Photographed,iNaturalist Suomi Finland,ETRS-TM35FIN-1km-N6652000-E328000
http://tun.fi/HR.3211/313536389-U,herkkutatti (fi) — Boletus edulis,Boletus edulis,2025-09-13,2025,Suomi,Uusimaa (U),10.0,60.21561,24.99282,6677116.0,388786.0,COMMUNITY_VERIFIED,AMATEUR,Photographed,iNaturalist Suomi Finland,ETRS-TM35FIN-1km-N6677000-E388000
http://tun.fi/HR.3211/313570683-U,herkkutatti (fi) — Boletus edulis,Boletus edulis,2025-09-13,2025,Suomi,Uusimaa (U),32.0,60.21103,24.90669,6676754.0,383998.0,COMMUNITY_VERIFIED,AMATEUR,Photographed,iNaturalist Suomi Finland,ETRS-TM35FIN-1km-N6676000-E383000
http://tun.fi/HR.3211/313622705-U,herkkutatti (fi) — Boletus edulis,Boletus edulis,2025-09-13,2025,Suomi,Pohjois-Häme (PH),100.0,62.25279,25.82853,6902893.0,439154.0,NEUTRAL,AMATEUR,Photographed,iNaturalist Suomi Finland,ETRS-TM35FIN-1km-N6902000-E439000
http://tun.fi/JX.2345993#96,herkkutatti (fi) — Boletus edulis,Boletus edulis,2025-09-13 [11:38],2025,Suomi,Etelä-Häme (EH),1.0,61.46813,23.815958,6819075.0,330377.0,NEUTRAL,HOBBYIST,Observation,"Notebook, general observations",ETRS-TM35FIN-1km-N6819000-E330000
http://tun.fi/JX.2345962#60,herkkutatti (fi) — Boletus edulis,Boletus edulis,2025-09-13 [9:34-10:29],2025,Suomi,Uusimaa (U),1.0,60.243116,25.20407,6679841.0,400572.0,NEUTRAL,HOBBYIST,Observation,The Atlas of Finnish Fungi,ETRS-TM35FIN-1km-N6679000-E400000
http://tun.fi/JX.2467910#60,herkkutatti (fi) — Boletus edulis,Boletus edulis,2025-09-13 [9:34-10:29],2025,Suomi,Uusimaa (U),1.0,60.243116,25.20407,6679841.0,400572.0,NEUTRAL,HOBBYIST,Observation,The Atlas of Finnish Fungi,ETRS-TM35FIN-1km-N6679000-E400000
http://tun.fi/HR.3211/313819949-U,herkkutatti (fi) — Boletus edulis,Boletus edulis,2025-09-14,2025,Suomi,Uusimaa (U),10.0,60.31521,25.14433,6687960.0,397491.0,COMMUNITY_VERIFIED,AMATEUR,Photographed,iNaturalist Suomi Finland,ETRS-TM35FIN-1km-N6687000-E397000
http://tun.fi/HR.3211/313822495-U,herkkutatti (fi) — Boletus edulis,Boletus edulis,2025-09-14,2025,Suomi,Uusimaa (U),10.0,60.31453,25.1441,6687884.0,397477.0,COMMUNITY_VERIFIED,AMATEUR,Photographed,iNaturalist Suomi Finland,ETRS-TM35FIN-1km-N6687000-E397000
http://tun.fi/HR.3211/314150009-U,herkkutatti (fi) — Boletus edulis,Boletus edulis,2025-09-15,2025,Suomi,Varsinais-Suomi (V),25000.0,60.5,22.3,6716320.0,241944.0,COMMUNITY_VERIFIED,AMATEUR,Photographed,iNaturalist Suomi Finland,ETRS-TM35FIN-1km-N6716000-E241000
http://tun.fi/HR.3211/314302775-U,herkkutatti (fi) — Boletus edulis,Boletus edulis,2025-09-16,2025,Suomi,Pohjois-Savo (PS),10.0,62.8748,27.59865,6971783.0,530454.0,COMMUNITY_VERIFIED,AMATEUR,Photographed,iNaturalist Suomi Finland,ETRS-TM35FIN-1km-N6971000-E530000
http://tun.fi/HR.3211/314305086-U,herkkutatti (fi) — Boletus edulis,Boletus edulis,2025-09-16,2025,Suomi,Oulun Pohjanmaa (OP),715.0,65.02287,24.62853,7213101.0,388287.0,COMMUNITY_VERIFIED,AMATEUR,Photographed,iNaturalist Suomi Finland,ETRS-TM35FIN-1km-N7213000-E388000
http://tun.fi/HR.3211/314368048-U,herkkutatti (fi) — Boletus edulis,Boletus edulis,2025-09-16,2025,Suomi,Oulun Pohjanmaa (OP),10.0,65.02034,24.6395,7212799.0,388793.0,COMMUNITY_VERIFIED,AMATEUR,Photographed,iNaturalist Suomi Finland,ETRS-TM35FIN-1km-N7212000-E388000
http://tun.fi/HR.3211/314368949-U,herkkutatti (fi) — Boletus edulis,Boletus edulis,2025-09-16,2025,Suomi,Oulun Pohjanmaa (OP),10.0,65.06771,25.45989,7216885.0,427564.0,NEUTRAL,AMATEUR,Photographed,iNaturalist Suomi Finland,ETRS-TM35FIN-1km-N7216000-E427000
http://tun.fi/HR.3211/314376003-U,herkkutatti (fi) — Boletus edulis,Boletus edulis,2025-09-16,2025,Suomi,Oulun Pohjanmaa (OP),24.0,65.02015,24.63924,7212779.0,388780.0,COMMUNITY_VERIFIED,AMATEUR,Photographed,iNaturalist Suomi Finland,ETRS-TM35FIN-1km-N7212000-E388000
http://tun.fi/HR.3211/314582289-U,herkkutatti (fi) — Boletus edulis,Boletus edulis,2025-09-17,2025,Suomi,Oulun Pohjanmaa (OP),958.0,65.06263,25.46786,7216310.0,427925.0,COMMUNITY_VERIFIED,AMATEUR,Photographed,iNaturalist Suomi Finland,ETRS-TM35FIN-1km-N7216000-E427000
http://tun.fi/JX.2347164#7,herkkutatti (fi) — Boletus edulis,Boletus edulis,2025-09-17 [10:23-10:57],2025,Suomi,Uusimaa (U),1000.0,60.191666,25.140209,6674211.0,396876.0,NEUTRAL,HOBBYIST,Observation,Noteworthy macrofungi - complete lists,ETRS-TM35FIN-1km-N6674000-E396000
http://tun.fi/HR.3211/314753938-U,herkkutatti (fi) — Boletus edulis,Boletus edulis,2025-09-18,2025,Suomi,Pohjois-Savo (PS),10.0,62.98746,27.73196,6984404.0,537092.0,NEUTRAL,AMATEUR,Photographed,iNaturalist Suomi Finland,ETRS-TM35FIN-1km-N6984000-E537000
http://tun.fi/HR.3211/314757914-U,herkkutatti (fi) — Boletus edulis,Boletus edulis,2025-09-18,2025,Suomi,Pohjois-Savo (PS),100.0,62.98771,27.73094,6984431.0,537040.0,NEUTRAL,AMATEUR,Photographed,iNaturalist Suomi Finland,ETRS-TM35FIN-1km-N6984000-E537000
http://tun.fi/HR.3211/314758094-U,herkkutatti (fi) — Boletus edulis,Boletus edulis,2025-09-18,2025,Suomi,Pohjois-Savo (PS),10.0,62.98405,27.72361,6984019.0,536673.0,COMMUNITY_VERIFIED,AMATEUR,Photographed,iNaturalist Suomi Finland,ETRS-TM35FIN-1km-N6984000-E536000
http://tun.fi/JX.2407895#39,herkkutatti (fi) — Boletus edulis,Boletus edulis,2025-09-18,2025,Suomi,Pohjois-Karjala (PK),1000.0,62.122141,30.267838,6892085.0,670423.0,NEUTRAL,HOBBYIST,Photographed,The Atlas of Finnish Fungi,ETRS-TM35FIN-1km-N6892000-E670000
http://tun.fi/HR.3211/314964649-U,herkkutatti (fi) — Boletus edulis,Boletus edulis,2025-09-19,2025,Suomi,Pohjois-Savo (PS),10.0,62.89842,27.819,6974537.0,541629.0,COMMUNITY_VERIFIED,AMATEUR,Photographed,iNaturalist Suomi Finland,ETRS-TM35FIN-1km-N6974000-E541000
http://tun.fi/HR.3211/314986835-U,herkkutatti (fi) — Boletus edulis,Boletus edulis,2025-09-19,2025,Suomi,Pohjois-Savo (PS),12.0,62.63733,27.04726,6945185.0,502424.0,COMMUNITY_VERIFIED,AMATEUR,Photographed,iNaturalist Suomi Finland,ETRS-TM35FIN-1km-N6945000-E502000
http://tun.fi/HR.3211/336254262-U,herkkutatti (fi) — Boletus edulis,Boletus edulis,2025-09-19,2025,Suomi,Uusimaa (U),100.0,60.18007,24.73191,6673627.0,374197.0,COMMUNITY_VERIFIED,AMATEUR,Photographed,iNaturalist Suomi Finland,ETRS-TM35FIN-1km-N6673000-E374000
http://tun.fi/HR.3211/315210214-U,herkkutatti (fi) — Boletus edulis,Boletus edulis,2025-09-20,2025,Suomi,Pohjois-Savo (PS),10.0,62.88288,27.88514,6972851.0,545014.0,COMMUNITY_VERIFIED,AMATEUR,Photographed,iNaturalist Suomi Finland,ETRS-TM35FIN-1km-N6972000-E545000
http://tun.fi/HR.3211/315210887-U,herkkutatti (fi) — Boletus edulis,Boletus edulis,2025-09-20,2025,Suomi,Varsinais-Suomi (V),10.0,60.45688,23.62825,6707044.0,314587.0,COMMUNITY_VERIFIED,AMATEUR,Photographed,iNaturalist Suomi Finland,ETRS-TM35FIN-1km-N6707000-E314000
http://tun.fi/HR.3211/315211046-U,herkkutatti (fi) — Boletus edulis,Boletus edulis,2025-09-20,2025,Suomi,Varsinais-Suomi (V),10.0,60.45685,23.62837,6707040.0,314593.0,COMMUNITY_VERIFIED,AMATEUR,Photographed,iNaturalist Suomi Finland,ETRS-TM35FIN-1km-N6707000-E314000
http://tun.fi/HR.3211/315483177-U,herkkutatti (fi) — Boletus edulis,Boletus edulis,2025-09-21,2025,Suomi,Pohjois-Häme (PH),137.0,62.39622,25.93318,6918777.0,444853.0,COMMUNITY_VERIFIED,AMATEUR,Photographed,iNaturalist Suomi Finland,ETRS-TM35FIN-1km-N6918000-E444000
http://tun.fi/HR.3211/315483325-U,herkkutatti (fi) — Boletus edulis,Boletus edulis,2025-09-21,2025,Suomi,Pohjois-Häme (PH),153.0,62.39673,25.93223,6918834.0,444805.0,COMMUNITY_VERIFIED,AMATEUR,Photographed,iNaturalist Suomi Finland,ETRS-TM35FIN-1km-N6918000-E444000
http://tun.fi/HR.3211/315504131-U,herkkutatti (fi) — Boletus edulis,Boletus edulis,2025-09-21,2025,Suomi,Uusimaa (U),13.0,60.13829,25.00058,6668494.0,388955.0,COMMUNITY_VERIFIED,AMATEUR,Photographed,iNaturalist Suomi Finland,ETRS-TM35FIN-1km-N6668000-E388000
http://tun.fi/HR.3211/315529421-U,herkkutatti (fi) — Boletus edulis,Boletus edulis,2025-09-21,2025,Suomi,Varsinais-Suomi (V),100.0,60.42791,22.34932,6708109.0,244098.0,COMMUNITY_VERIFIED,AMATEUR,Photographed,iNaturalist Suomi Finland,ETRS-TM35FIN-1km-N6708000-E244000
http://tun.fi/HR.3211/315556811-U,herkkutatti (fi) — Boletus edulis,Boletus edulis,2025-09-21,2025,Suomi,Pohjois-Savo (PS),10.0,63.01645,27.42926,6987496.0,521732.0,NEUTRAL,AMATEUR,Photographed,iNaturalist Suomi Finland,ETRS-TM35FIN-1km-N6987000-E521000
http://tun.fi/HR.3211/315557005-U,herkkutatti (fi) — Boletus edulis,Boletus edulis,2025-09-21,2025,Suomi,Pohjois-Savo (PS),10.0,63.01644,27.42927,6987494.0,521732.0,COMMUNITY_VERIFIED,AMATEUR,Photographed,iNaturalist Suomi Finland,ETRS-TM35FIN-1km-N6987000-E521000
http://tun.fi/HR.3211/316285787-U,herkkutatti (fi) — Boletus edulis,Boletus edulis,2025-09-21,2025,Suomi,Uusimaa (U),100.0,60.26791,25.82421,6681829.0,434951.0,COMMUNITY_VERIFIED,AMATEUR,Photographed,iNaturalist Suomi Finland,ETRS-TM35FIN-1km-N6681000-E434000
http://tun.fi/JX.2342186#1433,herkkutatti (fi) — Boletus edulis,Boletus edulis,2025-09-21,2025,Suomi,Kainuu (Kn),1000.0,64.156387,28.218342,7115009.0,559255.0,NEUTRAL,HOBBYIST,Observation,"Notebook, general observations",ETRS-TM35FIN-1km-N7115000-E559000
http://tun.fi/HR.3211/315776393-U,herkkutatti (fi) — Boletus edulis,Boletus edulis,2025-09-22,2025,Suomi,Pohjois-Savo (PS),100.0,63.64628,27.17151,7057612.0,508496.0,COMMUNITY_VERIFIED,AMATEUR,Photographed,iNaturalist Suomi Finland,ETRS-TM35FIN-1km-N7057000-E508000
http://tun.fi/JX.2355106#3,herkkutatti (fi) — Boletus edulis,Boletus edulis,2025-09-22 [11:48] - 2025-10-11 [13:27],2025,Suomi,Etelä-Häme (EH),1.0,61.468664,23.814591,6819138.0,330307.0,NEUTRAL,HOBBYIST,Observation,"Notebook, general observations",ETRS-TM35FIN-1km-N6819000-E330000
http://tun.fi/JX.2354872#3,herkkutatti (fi) — Boletus edulis,Boletus edulis,2025-09-22 [14:50],2025,Suomi,Etelä-Karjala (EK),1.0,60.652562,27.223862,6724111.0,512241.0,NEUTRAL,HOBBYIST,Observation,"Notebook, general observations",ETRS-TM35FIN-1km-N6724000-E512000
http://tun.fi/HR.3211/316080171-U,herkkutatti (fi) — Boletus edulis,Boletus edulis,2025-09-23,2025,Suomi,Varsinais-Suomi (V),100.0,60.52851,22.55065,6718530.0,255922.0,COMMUNITY_VERIFIED,AMATEUR,Photographed,iNaturalist Suomi Finland,ETRS-TM35FIN-1km-N6718000-E255000
http://tun.fi/HR.3211/316278451-U,herkkutatti (fi) — Boletus edulis,Boletus edulis,2025-09-24,2025,Suomi,Pohjois-Savo (PS),10.0,63.01507,27.44487,6987347.0,522523.0,COMMUNITY_VERIFIED,AMATEUR,Photographed,iNaturalist Suomi Finland,ETRS-TM35FIN-1km-N6987000-E522000
http://tun.fi/HR.3211/316810609-U,herkkutatti (fi) — Boletus edulis,Boletus edulis,2025-09-26,2025,Suomi,Etelä-Savo (ES),10.0,61.45324,27.40432,6813341.0,521557.0,COMMUNITY_VERIFIED,AMATEUR,Photographed,iNaturalist Suomi Finland,ETRS-TM35FIN-1km-N6813000-E521000
http://tun.fi/JX.2350224#78,herkkutatti (fi) — Boletus edulis,Boletus edulis,2025-09-26,2025,Suomi,Varsinais-Suomi (V),1000.0,60.544134,24.482722,6714656.0,361929.0,NEUTRAL,HOBBYIST,Photographed,The Atlas of Finnish Fungi,ETRS-TM35FIN-1km-N6714000-E361000
http://tun.fi/JX.2350270#42,herkkutatti (fi) — Boletus edulis,Boletus edulis,2025-09-26,2025,Suomi,Varsinais-Suomi (V),1000.0,60.544104,24.555926,6714500.0,365941.0,NEUTRAL,HOBBYIST,Photographed,The Atlas of Finnish Fungi,ETRS-TM35FIN-1km-N6714000-E365000
http://tun.fi/JX.2350454#30,herkkutatti (fi) — Boletus edulis,Boletus edulis,2025-09-26,2025,Suomi,Varsinais-Suomi (V),100.0,60.542938,24.554379,6714373.0,365851.0,NEUTRAL,HOBBYIST,Photographed,The Atlas of Finnish Fungi,ETRS-TM35FIN-1km-N6714000-E365000
http://tun.fi/HR.3211/316967671-U,herkkutatti (fi) — Boletus edulis,Boletus edulis,2025-09-27,2025,Suomi,Varsinais-Suomi (V),10.0,60.62528,21.70071,6732741.0,210229.0,COMMUNITY_VERIFIED,AMATEUR,Photographed,iNaturalist Suomi Finland,ETRS-TM35FIN-1km-N6732000-E210000
http://tun.fi/HR.3211/316976267-U,herkkutatti (fi) — Boletus edulis,Boletus edulis,2025-09-27,2025,Suomi,Uusimaa (U),10.0,59.84475,23.24429,6640088.0,289610.0,COMMUNITY_VERIFIED,AMATEUR,Photographed,iNaturalist Suomi Finland,ETRS-TM35FIN-1km-N6640000-E289000
http://tun.fi/HR.3211/342019190-U,herkkutatti (fi) — Boletus edulis,Boletus edulis,2025-09-27,2025,Suomi,Uusimaa (U),10.0,59.84482,23.24423,6640096.0,289607.0,COMMUNITY_VERIFIED,AMATEUR,Photographed,iNaturalist Suomi Finland,ETRS-TM35FIN-1km-N6640000-E289000
http://tun.fi/JX.2350665#60,herkkutatti (fi) — Boletus edulis,Boletus edulis,2025-09-27,2025,Suomi,Uusimaa (U),1000.0,60.4991,24.694557,6709215.0,373367.0,NEUTRAL,HOBBYIST,Photographed,The Atlas of Finnish Fungi,ETRS-TM35FIN-1km-N6709000-E373000
http://tun.fi/HR.3211/317258622-U,herkkutatti (fi) — Boletus edulis,Boletus edulis,2025-09-28,2025,Suomi,Keski-Pohjanmaa (KP),10.0,63.25136,24.15718,7016759.0,357279.0,COMMUNITY_VERIFIED,AMATEUR,Photographed,iNaturalist Suomi Finland,ETRS-TM35FIN-1km-N7016000-E357000
http://tun.fi/HR.3211/317482735-U,herkkutatti (fi) — Boletus edulis,Boletus edulis,2025-09-28,2025,Suomi,Varsinais-Suomi (V),29.0,60.28681,24.49826,6685977.0,361692.0,COMMUNITY_VERIFIED,AMATEUR,Photographed,iNaturalist Suomi Finland,ETRS-TM35FIN-1km-N6685000-E361000
http://tun.fi/HR.3211/320212197-U,herkkutatti (fi) — Boletus edulis,Boletus edulis,2025-09-28,2025,Suomi,Uusimaa (U),100.0,60.29003,24.5719,6686184.0,365775.0,COMMUNITY_VERIFIED,AMATEUR,Photographed,iNaturalist Suomi Finland,ETRS-TM35FIN-1km-N6686000-E365000
http://tun.fi/HR.3211/317692406-U,herkkutatti (fi) — Boletus edulis,Boletus edulis,2025-09-29,2025,Suomi,Pohjois-Karjala (PK),10.0,63.01427,28.57053,6988151.0,579508.0,COMMUNITY_VERIFIED,AMATEUR,Photographed,iNaturalist Suomi Finland,ETRS-TM35FIN-1km-N6988000-E579000
http://tun.fi/JX.2351427#69,herkkutatti (fi) — Boletus edulis,Boletus edulis,2025-09-29 [9:51-13:55],2025,Suomi,Varsinais-Suomi (V),1.0,60.518933,22.358965,6718193.0,245343.0,NEUTRAL,HOBBYIST,Observation,"Notebook, general observations",ETRS-TM35FIN-1km-N6718000-E245000
http://tun.fi/HR.3211/317750094-U,herkkutatti (fi) — Boletus edulis,Boletus edulis,2025-09-30,2025,Suomi,Pohjois-Savo (PS),10.0,62.89508,27.60434,6974045.0,530722.0,COMMUNITY_VERIFIED,AMATEUR,Photographed,iNaturalist Suomi Finland,ETRS-TM35FIN-1km-N6974000-E530000
http://tun.fi/JX.2351741#35,herkkutatti (fi) — Boletus edulis,Boletus edulis,2025-09-30,2025,Suomi,Uusimaa (U),1000.0,59.892484,23.220066,6645470.0,288565.0,NEUTRAL,HOBBYIST,Observation,The Atlas of Finnish Fungi,ETRS-TM35FIN-1km-N6645000-E288000
http://tun.fi/JX.2351759#9,herkkutatti (fi) — Boletus edulis,Boletus edulis,2025-09-30,2025,Suomi,Uusimaa (U),1.0,59.906439,23.498849,6646170.0,304224.0,NEUTRAL,HOBBYIST,Photographed,The Atlas of Finnish Fungi,ETRS-TM35FIN-1km-N6646000-E304000
http://tun.fi/HR.3211/318151964-U,herkkutatti (fi) — Boletus edulis,Boletus edulis,2025-10-02,2025,Suomi,Uusimaa (U),32.0,60.0233,24.46962,6656705.0,358984.0,COMMUNITY_VERIFIED,AMATEUR,Photographed,iNaturalist Suomi Finland,ETRS-TM35FIN-1km-N6656000-E358000
http://tun.fi/HR.3211/388942906-U,herkkutatti (fi) — Boletus edulis,Boletus edulis,2025-10-03,2025,Suomi,Uusimaa (U),10.0,60.8591,25.59357,6747914.0,423600.0,COMMUNITY_VERIFIED,AMATEUR,Photographed,iNaturalist Suomi Finland,ETRS-TM35FIN-1km-N6747000-E423000
http://tun.fi/HR.3211/318603422-U,herkkutatti (fi) — Boletus edulis,Boletus edulis,2025-10-04,2025,Suomi,Pohjois-Häme (PH),113.0,62.59132,26.70768,6940092.0,484988.0,COMMUNITY_VERIFIED,AMATEUR,Photographed,iNaturalist Suomi Finland,ETRS-TM35FIN-1km-N6940000-E484000
http://tun.fi/HR.3211/318669189-U,herkkutatti (fi) — Boletus edulis,Boletus edulis,2025-10-04,2025,Suomi,Ahvenanmaa (A),100.0,60.09466,20.46448,6679935.0,136904.0,COMMUNITY_VERIFIED,AMATEUR,Photographed,iNaturalist Suomi Finland,ETRS-TM35FIN-1km-N6679000-E136000
http://tun.fi/HR.3211/318893261-U,herkkutatti (fi) — Boletus edulis,Boletus edulis,2025-10-05,2025,Suomi,Pohjois-Savo (PS),10.0,62.16454,27.80188,6892770.0,541774.0,COMMUNITY_VERIFIED,AMATEUR,Photographed,iNaturalist Suomi Finland,ETRS-TM35FIN-1km-N6892000-E541000
http://tun.fi/JX.2353550#3,herkkutatti (fi) — Boletus edulis,Boletus edulis,2025-10-05,2025,Suomi,Etelä-Häme (EH),1000.0,61.739548,25.303171,6846331.0,410371.0,NEUTRAL,HOBBYIST,Observation,The Atlas of Finnish Fungi,ETRS-TM35FIN-1km-N6846000-E410000
http://tun.fi/HR.3211/319351459-U,herkkutatti (fi) — Boletus edulis,Boletus edulis,2025-10-07,2025,Suomi,Uusimaa (U),12.0,60.14673,24.87763,6669647.0,382158.0,COMMUNITY_VERIFIED,AMATEUR,Photographed,iNaturalist Suomi Finland,ETRS-TM35FIN-1km-N6669000-E382000
http://tun.fi/HR.3211/319716900-U,herkkutatti (fi) — Boletus edulis,Boletus edulis,2025-10-09,2025,Suomi,Etelä-Häme (EH),100.0,61.49839,24.49092,6820874.0,366450.0,COMMUNITY_VERIFIED,AMATEUR,Photographed,iNaturalist Suomi Finland,ETRS-TM35FIN-1km-N6820000-E366000
http://tun.fi/HR.3211/319941944-U,herkkutatti (fi) — Boletus edulis,Boletus edulis,2025-10-10,2025,Suomi,Uusimaa (U),100.0,60.2261,25.01408,6678248.0,389999.0,COMMUNITY_VERIFIED,AMATEUR,Photographed,iNaturalist Suomi Finland,ETRS-TM35FIN-1km-N6678000-E389000
http://tun.fi/HR.3211/319953053-U,herkkutatti (fi) — Boletus edulis,Boletus edulis,2025-10-10,2025,Suomi,Pohjois-Savo (PS),10.0,62.90047,27.59717,6974642.0,530352.0,COMMUNITY_VERIFIED,AMATEUR,Photographed,iNaturalist Suomi Finland,ETRS-TM35FIN-1km-N6974000-E530000
http://tun.fi/HR.3211/320107622-U,herkkutatti (fi) — Boletus edulis,Boletus edulis,2025-10-11,2025,Suomi,Varsinais-Suomi (V),10.0,60.43752,22.51631,6708540.0,253350.0,COMMUNITY_VERIFIED,AMATEUR,Photographed,iNaturalist Suomi Finland,ETRS-TM35FIN-1km-N6708000-E253000
http://tun.fi/JX.2355900#3,herkkutatti (fi) — Boletus edulis,Boletus edulis,2025-10-12,2025,Suomi,Keski-Pohjanmaa (KP),1.0,63.772452,26.064434,7071997.0,453870.0,NEUTRAL,HOBBYIST,Photographed,The Atlas of Finnish Fungi,ETRS-TM35FIN-1km-N7071000-E453000
http://tun.fi/JX.2355590#97,herkkutatti (fi) — Boletus edulis,Boletus edulis,2025-10-13,2025,Suomi,Uusimaa (U),1000.0,59.85519,23.071058,6641808.0,279987.0,NEUTRAL,HOBBYIST,Photographed,The Atlas of Finnish Fungi,ETRS-TM35FIN-1km-N6641000-E279000
http://tun.fi/HR.3211/322696893-U,herkkutatti (fi) — Boletus edulis,Boletus edulis,2025-10-16,2025,Suomi,Oulun Pohjanmaa (OP),10.0,65.01202,25.5024,7210631.0,429416.0,COMMUNITY_VERIFIED,AMATEUR,Photographed,iNaturalist Suomi Finland,ETRS-TM35FIN-1km-N7210000-E429000
http://tun.fi/HR.3211/321569673-U,herkkutatti (fi) — Boletus edulis,Boletus edulis,2025-10-18,2025,Suomi,Uusimaa (U),155.0,59.95392,24.37677,6649184.0,353505.0,NEUTRAL,AMATEUR,Photographed,iNaturalist Suomi Finland,ETRS-TM35FIN-1km-N6649000-E353000
http://tun.fi/JX.2362623#5,herkkutatti (fi) — Boletus edulis,Boletus edulis,2025-10-26,2025,Suomi,Oulun Pohjanmaa (OP),10000.0,65.112791,25.399672,7221977.0,424859.0,NEUTRAL,HOBBYIST,Photographed,"Notebook, general observations",ETRS-TM35FIN-1km-N7221000-E424000
http://tun.fi/JX.2362630#5,herkkutatti (fi) — Boletus edulis,Boletus edulis,2025-10-30,2025,Suomi,Oulun Pohjanmaa (OP),10000.0,65.118249,26.038195,7221977.0,454846.0,NEUTRAL,HOBBYIST,Photographed,"Notebook, general observations",ETRS-TM35FIN-1km-N7221000-E454000
http://tun.fi/JX.2362578#55,herkkutatti (fi) — Boletus edulis,Boletus edulis,2025-11-01,2025,Suomi,Varsinais-Suomi (V),100.0,60.423398,22.336205,6707658.0,243341.0,NEUTRAL,HOBBYIST,Photographed,The Atlas of Finnish Fungi,ETRS-TM35FIN-1km-N6707000-E243000
http://tun.fi/HR.3211/325011148-U,herkkutatti (fi) — Boletus edulis,Boletus edulis,2025-11-05,2025,Suomi,Oulun Pohjanmaa (OP),100.0,65.02666,25.47171,7212297.0,428009.0,COMMUNITY_VERIFIED,AMATEUR,Photographed,iNaturalist Suomi Finland,ETRS-TM35FIN-1km-N7212000-E428000
http://tun.fi/HR.3211/377972866-U,herkkutatti (fi) — Boletus edulis,Boletus edulis,2026-07-04,2026,Suomi,Pohjois-Karjala (PK),10.0,62.61535,29.50599,6945232.0,628579.0,COMMUNITY_VERIFIED,AMATEUR,Photographed,iNaturalist Suomi Finland,ETRS-TM35FIN-1km-N6945000-E628000
http://tun.fi/HR.3211/380627816-U,herkkutatti (fi) — Boletus edulis,Boletus edulis,2026-07-12,2026,Suomi,Uusimaa (U),100.0,60.3202,25.01185,6688728.0,390191.0,COMMUNITY_VERIFIED,AMATEUR,Photographed,iNaturalist Suomi Finland,ETRS-TM35FIN-1km-N6688000-E390000
http://tun.fi/HR.3211/380979595-U,herkkutatti (fi) — Boletus edulis,Boletus edulis,2026-07-12,2026,Suomi,Varsinais-Suomi (V),25000.0,60.7,22.1,6739355.0,232638.0,COMMUNITY_VERIFIED,AMATEUR,Photographed,iNaturalist Suomi Finland,ETRS-TM35FIN-1km-N6739000-E232000
http://tun.fi/HR.3211/381441159-U,herkkutatti (fi) — Boletus edulis,Boletus edulis,2026-07-14,2026,Suomi,Etelä-Häme (EH),100.0,61.99539,24.32424,6876558.0,359859.0,COMMUNITY_VERIFIED,AMATEUR,Photographed,iNaturalist Suomi Finland,ETRS-TM35FIN-1km-N6876000-E359000
http://tun.fi/HR.3211/382905189-U,herkkutatti (fi) — Boletus edulis,Boletus edulis,2026-07-15,2026,Suomi,Etelä-Savo (ES),10.0,61.17752,26.86099,6782570.0,492525.0,COMMUNITY_VERIFIED,AMATEUR,Photographed,iNaturalist Suomi Finland,ETRS-TM35FIN-1km-N6782000-E492000
http://tun.fi/HR.3211/381977091-U,herkkutatti (fi) — Boletus edulis,Boletus edulis,2026-07-16,2026,Suomi,Pohjois-Häme (PH),100.0,62.60594,25.79382,6942265.0,438085.0,COMMUNITY_VERIFIED,AMATEUR,Photographed,iNaturalist Suomi Finland,ETRS-TM35FIN-1km-N6942000-E438000
http://tun.fi/HR.3211/382588165-U,herkkutatti (fi) — Boletus edulis,Boletus edulis,2026-07-18,2026,Suomi,Etelä-Karjala (EK),48.0,60.4592,26.93454,6702556.0,496401.0,COMMUNITY_VERIFIED,AMATEUR,Photographed,iNaturalist Suomi Finland,ETRS-TM35FIN-1km-N6702000-E496000
http://tun.fi/HR.3211/382672681-U,herkkutatti (fi) — Boletus edulis,Boletus edulis,2026-07-18,2026,Suomi,Pohjois-Karjala (PK),100.0,62.74039,28.73527,6957859.0,588669.0,COMMUNITY_VERIFIED,AMATEUR,Photographed,iNaturalist Suomi Finland,ETRS-TM35FIN-1km-N6957000-E588000
http://tun.fi/HR.3211/382864160-U,herkkutatti (fi) — Boletus edulis,Boletus edulis,2026-07-19,2026,Suomi,Uusimaa (U),52.0,60.24084,24.76567,6680329.0,376298.0,COMMUNITY_VERIFIED,AMATEUR,Photographed,iNaturalist Suomi Finland,ETRS-TM35FIN-1km-N6680000-E376000
http://tun.fi/HR.3211/382882892-U,herkkutatti (fi) — Boletus edulis,Boletus edulis,2026-07-19,2026,Suomi,Uusimaa (U),258.0,60.21516,24.70215,6677591.0,372683.0,COMMUNITY_VERIFIED,AMATEUR,Photographed,iNaturalist Suomi Finland,ETRS-TM35FIN-1km-N6677000-E372000
http://tun.fi/HR.3211/382935714-U,herkkutatti (fi) — Boletus edulis,Boletus edulis,2026-07-19,2026,Suomi,Satakunta (St),100.0,62.06565,23.3535,6886853.0,309491.0,COMMUNITY_VERIFIED,AMATEUR,Photographed,iNaturalist Suomi Finland,ETRS-TM35FIN-1km-N6886000-E309000
http://tun.fi/HR.3211/382947925-U,herkkutatti (fi) — Boletus edulis,Boletus edulis,2026-07-19,2026,Suomi,Satakunta (St),10.0,62.06575,23.35075,6886872.0,309348.0,NEUTRAL,AMATEUR,Photographed,iNaturalist Suomi Finland,ETRS-TM35FIN-1km-N6886000-E309000
http://tun.fi/HR.3211/383058143-U,herkkutatti (fi) — Boletus edulis,Boletus edulis,2026-07-19,2026,Suomi,"Etelä-Häme (EH), Pohjois-Häme (PH)",25000.0,62.3,25.7,6908282.0,432566.0,COMMUNITY_VERIFIED,AMATEUR,Photographed,iNaturalist Suomi Finland,ETRS-TM35FIN-1km-N6908000-E432000
http://tun.fi/HR.3211/385680369-U,herkkutatti (fi) — Boletus edulis,Boletus edulis,2026-07-19,2026,Suomi,Varsinais-Suomi (V),488.0,60.74542,21.75615,6745850.0,214325.0,NEUTRAL,AMATEUR,Photographed,iNaturalist Suomi Finland,ETRS-TM35FIN-1km-N6745000-E214000
http://tun.fi/HR.3211/383400458-U,herkkutatti (fi) — Boletus edulis,Boletus edulis,2026-07-20,2026,Suomi,Varsinais-Suomi (V),25000.0,60.7,22.1,6739355.0,232638.0,COMMUNITY_VERIFIED,AMATEUR,Photographed,iNaturalist Suomi Finland,ETRS-TM35FIN-1km-N6739000-E232000
http://tun.fi/JX.2485685#12,herkkutatti (fi) — Boletus edulis,Boletus edulis,2026-07-20 - 2026-07-27,2026,Suomi,Uusimaa (U),1.0,60.210959,24.6801,6677166.0,371445.0,NEUTRAL,HOBBYIST,Photographed,The Atlas of Finnish Fungi,ETRS-TM35FIN-1km-N6677000-E371000
http://tun.fi/HR.3211/383583618-U,herkkutatti (fi) — Boletus edulis,Boletus edulis,2026-07-21,2026,Suomi,Etelä-Häme (EH),13.0,62.1465,25.77517,6891105.0,436159.0,COMMUNITY_VERIFIED,AMATEUR,Photographed,iNaturalist Suomi Finland,ETRS-TM35FIN-1km-N6891000-E436000
http://tun.fi/HR.3211/383704017-U,herkkutatti (fi) — Boletus edulis,Boletus edulis,2026-07-21,2026,Suomi,Etelä-Häme (EH),10.0,61.71211,24.96389,6843795.0,392363.0,COMMUNITY_VERIFIED,AMATEUR,Photographed,iNaturalist Suomi Finland,ETRS-TM35FIN-1km-N6843000-E392000
http://tun.fi/HR.3211/383869285-U,herkkutatti (fi) — Boletus edulis,Boletus edulis,2026-07-22,2026,Suomi,Varsinais-Suomi (V),25.0,60.44737,22.42364,6709986.0,248334.0,COMMUNITY_VERIFIED,AMATEUR,Photographed,iNaturalist Suomi Finland,ETRS-TM35FIN-1km-N6709000-E248000
http://tun.fi/HR.3211/383949522-U,herkkutatti (fi) — Boletus edulis,Boletus edulis,2026-07-22,2026,Suomi,Etelä-Savo (ES),10.0,60.87806,26.74229,6749234.0,486009.0,COMMUNITY_VERIFIED,AMATEUR,Photographed,iNaturalist Suomi Finland,ETRS-TM35FIN-1km-N6749000-E486000
http://tun.fi/HR.3211/384284098-U,herkkutatti (fi) — Boletus edulis,Boletus edulis,2026-07-23,2026,Suomi,Uusimaa (U),11.0,60.35456,25.48838,6691856.0,416595.0,COMMUNITY_VERIFIED,AMATEUR,Photographed,iNaturalist Suomi Finland,ETRS-TM35FIN-1km-N6691000-E416000
http://tun.fi/HR.3211/384499001-U,herkkutatti (fi) — Boletus edulis,Boletus edulis,2026-07-24,2026,Suomi,Uusimaa (U),162.0,60.35374,25.48891,6691764.0,416622.0,COMMUNITY_VERIFIED,AMATEUR,Photographed,iNaturalist Suomi Finland,ETRS-TM35FIN-1km-N6691000-E416000
http://tun.fi/HR.3211/384825031-U,herkkutatti (fi) — Boletus edulis,Boletus edulis,2026-07-25,2026,Suomi,Varsinais-Suomi (V),23.0,60.4501,22.54606,6709828.0,255080.0,COMMUNITY_VERIFIED,AMATEUR,Photographed,iNaturalist Suomi Finland,ETRS-TM35FIN-1km-N6709000-E255000
http://tun.fi/HR.3211/384872149-U,herkkutatti (fi) — Boletus edulis,Boletus edulis,2026-07-25,2026,Suomi,Etelä-Savo (ES),10.0,60.87801,26.74237,6749228.0,486013.0,COMMUNITY_VERIFIED,AMATEUR,Photographed,iNaturalist Suomi Finland,ETRS-TM35FIN-1km-N6749000-E486000
http://tun.fi/JX.2488359#7,herkkutatti (fi) — Boletus edulis,Boletus edulis,2026-07-25,2026,Suomi,Varsinais-Suomi (V),1.0,60.509,22.118,6718046.0,232055.0,NEUTRAL,HOBBYIST,Photographed,The Atlas of Finnish Fungi,ETRS-TM35FIN-1km-N6718000-E232000
http://tun.fi/HR.3211/385875245-U,herkkutatti (fi) — Boletus edulis,Boletus edulis,2026-07-27,2026,Suomi,Etelä-Savo (ES),12.0,61.65852,27.25706,6836168.0,513616.0,COMMUNITY_VERIFIED,AMATEUR,Photographed,iNaturalist Suomi Finland,ETRS-TM35FIN-1km-N6836000-E513000
http://tun.fi/HR.3211/385976230-U,herkkutatti (fi) — Boletus edulis,Boletus edulis,2026-07-28,2026,Suomi,Varsinais-Suomi (V),13.0,60.43528,22.36977,6708849.0,245280.0,COMMUNITY_VERIFIED,AMATEUR,Photographed,iNaturalist Suomi Finland,ETRS-TM35FIN-1km-N6708000-E245000
http://tun.fi/HR.3211/385984387-U,herkkutatti (fi) — Boletus edulis,Boletus edulis,2026-07-28,2026,Suomi,Etelä-Häme (EH),53.0,61.34584,23.62338,6805982.0,319419.0,COMMUNITY_VERIFIED,AMATEUR,Photographed,iNaturalist Suomi Finland,ETRS-TM35FIN-1km-N6805000-E319000
http://tun.fi/HR.3211/386024004-U,herkkutatti (fi) — Boletus edulis,Boletus edulis,2026-07-28,2026,Suomi,Uusimaa (U),25000.0,60.5,26.1,6707439.0,450544.0,COMMUNITY_VERIFIED,AMATEUR,Photographed,iNaturalist Suomi Finland,ETRS-TM35FIN-1km-N6707000-E450000
http://tun.fi/HR.3211/386233711-U,herkkutatti (fi) — Boletus edulis,Boletus edulis,2026-07-29,2026,Suomi,Etelä-Häme (EH),13.0,61.44279,23.83214,6816213.0,331102.0,COMMUNITY_VERIFIED,AMATEUR,Photographed,iNaturalist Suomi Finland,ETRS-TM35FIN-1km-N6816000-E331000
http://tun.fi/HR.3211/386241152-U,herkkutatti (fi) — Boletus edulis,Boletus edulis,2026-07-29,2026,Suomi,Etelä-Häme (EH),24.0,61.51775,23.95332,6824248.0,337949.0,COMMUNITY_VERIFIED,AMATEUR,Photographed,iNaturalist Suomi Finland,ETRS-TM35FIN-1km-N6824000-E337000
http://tun.fi/HR.3211/386250968-U,herkkutatti (fi) — Boletus edulis,Boletus edulis,2026-07-29,2026,Suomi,Etelä-Häme (EH),10.0,61.5265,23.95238,6825225.0,337945.0,COMMUNITY_VERIFIED,AMATEUR,Photographed,iNaturalist Suomi Finland,ETRS-TM35FIN-1km-N6825000-E337000
http://tun.fi/HR.3211/386251782-U,herkkutatti (fi) — Boletus edulis,Boletus edulis,2026-07-29,2026,Suomi,Etelä-Häme (EH),43.0,61.52152,23.94368,6824692.0,337456.0,COMMUNITY_VERIFIED,AMATEUR,Photographed,iNaturalist Suomi Finland,ETRS-TM35FIN-1km-N6824000-E337000
http://tun.fi/HR.3211/387946476-U,herkkutatti (fi) — Boletus edulis,Boletus edulis,2026-07-30,2026,Suomi,Keski-Pohjanmaa (KP),14.0,62.85067,23.84474,6972889.0,339411.0,COMMUNITY_VERIFIED,AMATEUR,Photographed,iNaturalist Suomi Finland,ETRS-TM35FIN-1km-N6972000-E339000
http://tun.fi/HR.3211/386809698-U,herkkutatti (fi) — Boletus edulis,Boletus edulis,2026-07-31,2026,Suomi,Oulun Pohjanmaa (OP),10.0,65.05646,25.48032,7215608.0,428495.0,COMMUNITY_VERIFIED,AMATEUR,Photographed,iNaturalist Suomi Finland,ETRS-TM35FIN-1km-N7215000-E428000
http://tun.fi/HR.3211/386954459-U,herkkutatti (fi) — Boletus edulis,Boletus edulis,2026-07-31,2026,Suomi,Etelä-Häme (EH),70.0,61.52842,23.93972,6825470.0,337282.0,COMMUNITY_VERIFIED,AMATEUR,Photographed,iNaturalist Suomi Finland,ETRS-TM35FIN-1km-N6825000-E337000
http://tun.fi/HR.3211/386976379-U,herkkutatti (fi) — Boletus edulis,Boletus edulis,2026-07-31,2026,Suomi,Etelä-Häme (EH),115.0,61.526,23.94648,6825184.0,337629.0,COMMUNITY_VERIFIED,AMATEUR,Photographed,iNaturalist Suomi Finland,ETRS-TM35FIN-1km-N6825000-E337000
http://tun.fi/HR.3211/387129244-U,herkkutatti (fi) — Boletus edulis,Boletus edulis,2026-08-01,2026,Suomi,"Satakunta (St), Varsinais-Suomi (V)",25000.0,60.7,22.7,6737060.0,265339.0,COMMUNITY_VERIFIED,AMATEUR,Photographed,iNaturalist Suomi Finland,ETRS-TM35FIN-1km-N6737000-E265000
http://tun.fi/HR.3211/387151612-U,herkkutatti (fi) — Boletus edulis,Boletus edulis,2026-08-01,2026,Suomi,Varsinais-Suomi (V),10.0,60.1451,23.54006,6672604.0,307918.0,COMMUNITY_VERIFIED,AMATEUR,Photographed,iNaturalist Suomi Finland,ETRS-TM35FIN-1km-N6672000-E307000
http://tun.fi/HR.3211/387266431-U,herkkutatti (fi) — Boletus edulis,Boletus edulis,2026-08-01,2026,Suomi,Pohjois-Häme (PH),87.0,62.35924,25.49195,6915112.0,421950.0,COMMUNITY_VERIFIED,AMATEUR,Photographed,iNaturalist Suomi Finland,ETRS-TM35FIN-1km-N6915000-E421000
http://tun.fi/JX.2491077#6,herkkutatti (fi) — Boletus edulis,Boletus edulis,2026-08-01 [17:05-17:19],2026,Suomi,Varsinais-Suomi (V),1.0,60.45783,23.063638,6708873.0,283568.0,NEUTRAL,HOBBYIST,Photographed,The Atlas of Finnish Fungi,ETRS-TM35FIN-1km-N6708000-E283000
http://tun.fi/HR.3211/387503036-U,herkkutatti (fi) — Boletus edulis,Boletus edulis,2026-08-02,2026,Suomi,Pohjois-Häme (PH),17.0,62.22357,25.76838,6899696.0,435968.0,COMMUNITY_VERIFIED,AMATEUR,Photographed,iNaturalist Suomi Finland,ETRS-TM35FIN-1km-N6899000-E435000
http://tun.fi/HR.3211/394680980-U,herkkutatti (fi) — Boletus edulis,Boletus edulis,2026-08-02,2026,Suomi,Pohjois-Häme (PH),10.0,62.16255,26.14281,6892585.0,455344.0,COMMUNITY_VERIFIED,AMATEUR,Photographed,iNaturalist Suomi Finland,ETRS-TM35FIN-1km-N6892000-E455000
http://tun.fi/HR.3211/387872280-U,herkkutatti (fi) — Boletus edulis,Boletus edulis,2026-08-03,2026,Suomi,Uusimaa (U),72.0,60.1562,24.55727,6671316.0,364415.0,COMMUNITY_VERIFIED,AMATEUR,Photographed,iNaturalist Suomi Finland,ETRS-TM35FIN-1km-N6671000-E364000
http://tun.fi/HR.3211/388087737-U,herkkutatti (fi) — Boletus edulis,Boletus edulis,2026-08-04,2026,Suomi,Pohjois-Savo (PS),10.0,63.5634,27.1911,7048379.0,509494.0,COMMUNITY_VERIFIED,AMATEUR,Photographed,iNaturalist Suomi Finland,ETRS-TM35FIN-1km-N7048000-E509000
http://tun.fi/HR.3211/388119345-U,herkkutatti (fi) — Boletus edulis,Boletus edulis,2026-08-04,2026,Suomi,Etelä-Häme (EH),25000.0,61.3,24.7,6798377.0,376779.0,NEUTRAL,AMATEUR,Photographed,iNaturalist Suomi Finland,ETRS-TM35FIN-1km-N6798000-E376000
http://tun.fi/HR.3211/388152365-U,herkkutatti (fi) — Boletus edulis,Boletus edulis,2026-08-04,2026,Suomi,Etelä-Häme (EH),10.0,61.2564,24.64429,6793626.0,373638.0,COMMUNITY_VERIFIED,AMATEUR,Photographed,iNaturalist Suomi Finland,ETRS-TM35FIN-1km-N6793000-E373000
http://tun.fi/HR.3211/390219207-U,herkkutatti (fi) — Boletus edulis,Boletus edulis,2026-08-04,2026,Suomi,Varsinais-Suomi (V),25000.0,60.3,22.5,6693312.0,251391.0,COMMUNITY_VERIFIED,AMATEUR,Photographed,iNaturalist Suomi Finland,ETRS-TM35FIN-1km-N6693000-E251000
http://tun.fi/JX.2492513#17,herkkutatti (fi) — Boletus edulis,Boletus edulis,2026-08-04,2026,Suomi,Pohjois-Karjala (PK),1000.0,62.581705,29.820889,6942153.0,644892.0,NEUTRAL,HOBBYIST,Observation,"Notebook, general observations",ETRS-TM35FIN-1km-N6942000-E644000
http://tun.fi/HR.3211/388489942-U,herkkutatti (fi) — Boletus edulis,Boletus edulis,2026-08-05,2026,Suomi,Varsinais-Suomi (V),10.0,60.43179,22.37128,6708456.0,245336.0,NEUTRAL,AMATEUR,Photographed,iNaturalist Suomi Finland,ETRS-TM35FIN-1km-N6708000-E245000
http://tun.fi/HR.3211/388694893-U,herkkutatti (fi) — Boletus edulis,Boletus edulis,2026-08-06,2026,Suomi,Oulun Pohjanmaa (OP),10.0,65.06471,25.46819,7216541.0,427946.0,NEUTRAL,AMATEUR,Photographed,iNaturalist Suomi Finland,ETRS-TM35FIN-1km-N7216000-E427000
http://tun.fi/HR.3211/388725316-U,herkkutatti (fi) — Boletus edulis,Boletus edulis,2026-08-06,2026,Suomi,Pohjois-Häme (PH),63.0,62.24804,25.65536,6902539.0,430149.0,COMMUNITY_VERIFIED,AMATEUR,Photographed,iNaturalist Suomi Finland,ETRS-TM35FIN-1km-N6902000-E430000
http://tun.fi/HR.3211/388846460-U,herkkutatti (fi) — Boletus edulis,Boletus edulis,2026-08-06,2026,Suomi,Etelä-Häme (EH),25000.0,61.9,24.3,6865993.0,358131.0,COMMUNITY_VERIFIED,AMATEUR,Photographed,iNaturalist Suomi Finland,ETRS-TM35FIN-1km-N6865000-E358000
http://tun.fi/HR.3211/388854487-U,herkkutatti (fi) — Boletus edulis,Boletus edulis,2026-08-06,2026,Suomi,Oulun Pohjanmaa (OP),100.0,64.77187,25.40069,7183992.0,423947.0,COMMUNITY_VERIFIED,AMATEUR,Photographed,iNaturalist Suomi Finland,ETRS-TM35FIN-1km-N7183000-E423000
http://tun.fi/HR.3211/388949438-U,herkkutatti (fi) — Boletus edulis,Boletus edulis,2026-08-07,2026,Suomi,Varsinais-Suomi (V),10.0,60.46964,22.33048,6712823.0,243393.0,COMMUNITY_VERIFIED,AMATEUR,Photographed,iNaturalist Suomi Finland,ETRS-TM35FIN-1km-N6712000-E243000
http://tun.fi/HR.3211/389102450-U,herkkutatti (fi) — Boletus edulis,Boletus edulis,2026-08-07,2026,Suomi,Oulun Pohjanmaa (OP),10.0,64.77252,25.40438,7184060.0,424124.0,COMMUNITY_VERIFIED,AMATEUR,Photographed,iNaturalist Suomi Finland,ETRS-TM35FIN-1km-N7184000-E424000
http://tun.fi/HR.3211/389148551-U,herkkutatti (fi) — Boletus edulis,Boletus edulis,2026-08-07,2026,Suomi,Varsinais-Suomi (V),25000.0,60.5,22.5,6715552.0,252912.0,COMMUNITY_VERIFIED,AMATEUR,Photographed,iNaturalist Suomi Finland,ETRS-TM35FIN-1km-N6715000-E252000
http://tun.fi/HR.3211/397484834-U,herkkutatti (fi) — Boletus edulis,Boletus edulis,2026-08-07,2026,Suomi,Varsinais-Suomi (V),488.0,60.74542,21.75615,6745850.0,214325.0,COMMUNITY_VERIFIED,AMATEUR,Photographed,iNaturalist Suomi Finland,ETRS-TM35FIN-1km-N6745000-E214000
http://tun.fi/JX.2500336#3,herkkutatti (fi) — Boletus edulis,Boletus edulis,2026-08-07,2026,Suomi,Oulun Pohjanmaa (OP),1.0,64.804981,25.966833,7187122.0,450927.0,NEUTRAL,HOBBYIST,Observation,"Notebook, general observations",ETRS-TM35FIN-1km-N7187000-E450000
http://tun.fi/JX.2494733#9,herkkutatti (fi) — Boletus edulis,Boletus edulis,2026-08-07 [15:32-18:19],2026,Suomi,Varsinais-Suomi (V),10000.0,60.214163,22.936706,6682193.0,274921.0,NEUTRAL,HOBBYIST,Photographed,The Atlas of Finnish Fungi,ETRS-TM35FIN-1km-N6682000-E274000
http://tun.fi/HR.3211/389275931-U,herkkutatti (fi) — Boletus edulis,Boletus edulis,2026-08-08,2026,Suomi,Pohjois-Savo (PS),754162.0,62.92214,27.31097,6976953.0,515794.0,COMMUNITY_VERIFIED,AMATEUR,Photographed,iNaturalist Suomi Finland,ETRS-TM35FIN-1km-N6976000-E515000
http://tun.fi/HR.3211/389577702-U,herkkutatti (fi) — Boletus edulis,Boletus edulis,2026-08-08,2026,Suomi,Uusimaa (U),10.0,60.26022,24.84295,6682344.0,380646.0,COMMUNITY_VERIFIED,AMATEUR,Photographed,iNaturalist Suomi Finland,ETRS-TM35FIN-1km-N6682000-E380000
http://tun.fi/HR.3211/389596834-U,herkkutatti (fi) — Boletus edulis,Boletus edulis,2026-08-08,2026,Suomi,Pohjois-Häme (PH),100.0,62.256,25.7575,6903320.0,435472.0,COMMUNITY_VERIFIED,AMATEUR,Photographed,iNaturalist Suomi Finland,ETRS-TM35FIN-1km-N6903000-E435000
http://tun.fi/HR.3211/391838635-U,herkkutatti (fi) — Boletus edulis,Boletus edulis,2026-08-08,2026,Suomi,Etelä-Häme (EH),100.0,61.4951,23.46947,6823027.0,312093.0,COMMUNITY_VERIFIED,AMATEUR,Photographed,iNaturalist Suomi Finland,ETRS-TM35FIN-1km-N6823000-E312000
http://tun.fi/HR.3211/389578139-U,herkkutatti (fi) — Boletus edulis,Boletus edulis,2026-08-09,2026,Suomi,Oulun Pohjanmaa (OP),10.0,65.06511,25.46256,7216592.0,427683.0,COMMUNITY_VERIFIED,AMATEUR,Photographed,iNaturalist Suomi Finland,ETRS-TM35FIN-1km-N7216000-E427000
http://tun.fi/HR.3211/389614865-U,herkkutatti (fi) — Boletus edulis,Boletus edulis,2026-08-09,2026,Suomi,Varsinais-Suomi (V),10.0,60.31322,24.45124,6689017.0,359207.0,NEUTRAL,AMATEUR,Photographed,iNaturalist Suomi Finland,ETRS-TM35FIN-1km-N6689000-E359000
http://tun.fi/HR.3211/389624636-U,herkkutatti (fi) — Boletus edulis,Boletus edulis,2026-08-09,2026,Suomi,Pohjois-Häme (PH),14.0,62.26707,25.8647,6904450.0,441060.0,COMMUNITY_VERIFIED,AMATEUR,Photographed,iNaturalist Suomi Finland,ETRS-TM35FIN-1km-N6904000-E441000
http://tun.fi/HR.3211/389625327-U,herkkutatti (fi) — Boletus edulis,Boletus edulis,2026-08-09,2026,Suomi,Pohjois-Häme (PH),20.0,62.2666,25.8651,6904398.0,441080.0,COMMUNITY_VERIFIED,AMATEUR,Photographed,iNaturalist Suomi Finland,ETRS-TM35FIN-1km-N6904000-E441000
http://tun.fi/HR.3211/389626065-U,herkkutatti (fi) — Boletus edulis,Boletus edulis,2026-08-09,2026,Suomi,Pohjois-Häme (PH),14.0,62.26633,25.86524,6904368.0,441087.0,NEUTRAL,AMATEUR,Photographed,iNaturalist Suomi Finland,ETRS-TM35FIN-1km-N6904000-E441000
http://tun.fi/HR.3211/389634640-U,herkkutatti (fi) — Boletus edulis,Boletus edulis,2026-08-09,2026,Suomi,Pohjois-Häme (PH),10.0,62.2615,25.86529,6903829.0,441080.0,COMMUNITY_VERIFIED,AMATEUR,Photographed,iNaturalist Suomi Finland,ETRS-TM35FIN-1km-N6903000-E441000
http://tun.fi/HR.3211/389670566-U,herkkutatti (fi) — Boletus edulis,Boletus edulis,2026-08-09,2026,Suomi,Etelä-Häme (EH),25000.0,61.9,24.3,6865993.0,358131.0,COMMUNITY_VERIFIED,AMATEUR,Photographed,iNaturalist Suomi Finland,ETRS-TM35FIN-1km-N6865000-E358000
http://tun.fi/HR.3211/389678377-U,herkkutatti (fi) — Boletus edulis,Boletus edulis,2026-08-09,2026,Suomi,Oulun Pohjanmaa (OP),104.0,65.05835,25.60105,7215687.0,434179.0,NEUTRAL,AMATEUR,Photographed,iNaturalist Suomi Finland,ETRS-TM35FIN-1km-N7215000-E434000
http://tun.fi/HR.3211/389950748-U,herkkutatti (fi) — Boletus edulis,Boletus edulis,2026-08-09,2026,Suomi,"Satakunta (St), Varsinais-Suomi (V)",25000.0,60.7,22.3,6738556.0,243536.0,COMMUNITY_VERIFIED,AMATEUR,Photographed,iNaturalist Suomi Finland,ETRS-TM35FIN-1km-N6738000-E243000
http://tun.fi/HR.3211/396451374-U,herkkutatti (fi) — Boletus edulis,Boletus edulis,2026-08-09,2026,Suomi,Etelä-Häme (EH),25000.0,61.5,24.5,6821037.0,366922.0,COMMUNITY_VERIFIED,AMATEUR,Photographed,iNaturalist Suomi Finland,ETRS-TM35FIN-1km-N6821000-E366000
http://tun.fi/JX.2500340#3,herkkutatti (fi) — Boletus edulis,Boletus edulis,2026-08-09,2026,Suomi,Oulun Pohjanmaa (OP),1.0,64.756258,25.886907,7181757.0,447036.0,NEUTRAL,HOBBYIST,Observation,"Notebook, general observations",ETRS-TM35FIN-1km-N7181000-E447000
http://tun.fi/HR.3211/389969737-U,herkkutatti (fi) — Boletus edulis,Boletus edulis,2026-08-10,2026,Suomi,Keski-Pohjanmaa (KP),549.0,64.27791,24.9564,7129574.0,401051.0,COMMUNITY_VERIFIED,AMATEUR,Photographed,iNaturalist Suomi Finland,ETRS-TM35FIN-1km-N7129000-E401000
http://tun.fi/JX.2496587#3,herkkutatti (fi) — Boletus edulis,Boletus edulis,2026-08-10,2026,Suomi,Etelä-Häme (EH),1.0,61.022979,23.516204,6770356.0,311775.0,NEUTRAL,HOBBYIST,Observation,"Notebook, general observations",ETRS-TM35FIN-1km-N6770000-E311000
http://tun.fi/HR.3211/390232218-U,herkkutatti (fi) — Boletus edulis,Boletus edulis,2026-08-11,2026,Suomi,Oulun Pohjanmaa (OP),26.0,65.05656,25.48036,7215619.0,428497.0,COMMUNITY_VERIFIED,AMATEUR,Photographed,iNaturalist Suomi Finland,ETRS-TM35FIN-1km-N7215000-E428000
http://tun.fi/HR.3211/390303313-U,herkkutatti (fi) — Boletus edulis,Boletus edulis,2026-08-11,2026,Suomi,Etelä-Häme (EH),40.0,60.77386,23.34086,6743155.0,300759.0,NEUTRAL,AMATEUR,Photographed,iNaturalist Suomi Finland,ETRS-TM35FIN-1km-N6743000-E300000
http://tun.fi/HR.3211/390497716-U,herkkutatti (fi) — Boletus edulis,Boletus edulis,2026-08-12,2026,Suomi,Pohjois-Savo (PS),100.0,63.55959,27.57506,7048069.0,528570.0,COMMUNITY_VERIFIED,AMATEUR,Photographed,iNaturalist Suomi Finland,ETRS-TM35FIN-1km-N7048000-E528000
http://tun.fi/HR.3211/390567489-U,herkkutatti (fi) — Boletus edulis,Boletus edulis,2026-08-12,2026,Suomi,Pohjois-Savo (PS),10.0,62.90794,27.56245,6975458.0,528580.0,COMMUNITY_VERIFIED,AMATEUR,Photographed,iNaturalist Suomi Finland,ETRS-TM35FIN-1km-N6975000-E528000
http://tun.fi/HR.3211/390781433-U,herkkutatti (fi) — Boletus edulis,Boletus edulis,2026-08-13,2026,Suomi,Pohjois-Savo (PS),100.0,63.64638,27.16687,7057622.0,508266.0,COMMUNITY_VERIFIED,AMATEUR,Photographed,iNaturalist Suomi Finland,ETRS-TM35FIN-1km-N7057000-E508000
http://tun.fi/HR.3211/390803488-U,herkkutatti (fi) — Boletus edulis,Boletus edulis,2026-08-13,2026,Suomi,Etelä-Häme (EH),100.0,61.54675,23.56933,6828491.0,317708.0,COMMUNITY_VERIFIED,AMATEUR,Photographed,iNaturalist Suomi Finland,ETRS-TM35FIN-1km-N6828000-E317000
http://tun.fi/HR.3211/390864399-U,herkkutatti (fi) — Boletus edulis,Boletus edulis,2026-08-13,2026,Suomi,Etelä-Häme (EH),10.0,61.49227,23.79665,6821812.0,329481.0,COMMUNITY_VERIFIED,AMATEUR,Photographed,iNaturalist Suomi Finland,ETRS-TM35FIN-1km-N6821000-E329000
http://tun.fi/HR.3211/390870048-U,herkkutatti (fi) — Boletus edulis,Boletus edulis,2026-08-13,2026,Suomi,Pohjois-Savo (PS),10.0,63.5386,27.467,7045686.0,523219.0,COMMUNITY_VERIFIED,AMATEUR,Photographed,iNaturalist Suomi Finland,ETRS-TM35FIN-1km-N7045000-E523000
http://tun.fi/HR.3211/390895521-U,herkkutatti (fi) — Boletus edulis,Boletus edulis,2026-08-13,2026,Suomi,Varsinais-Suomi (V),100.0,60.44979,22.45133,6710150.0,249874.0,COMMUNITY_VERIFIED,AMATEUR,Photographed,iNaturalist Suomi Finland,ETRS-TM35FIN-1km-N6710000-E249000
http://tun.fi/HR.3211/391113071-U,herkkutatti (fi) — Boletus edulis,Boletus edulis,2026-08-14,2026,Suomi,Oulun Pohjanmaa (OP),731.0,65.02067,25.4595,7211644.0,427418.0,COMMUNITY_VERIFIED,AMATEUR,Photographed,iNaturalist Suomi Finland,ETRS-TM35FIN-1km-N7211000-E427000
http://tun.fi/HR.3211/391225789-U,herkkutatti (fi) — Boletus edulis,Boletus edulis,2026-08-14,2026,Suomi,Oulun Pohjanmaa (OP),100.0,64.77202,25.40084,7184008.0,423954.0,COMMUNITY_VERIFIED,AMATEUR,Photographed,iNaturalist Suomi Finland,ETRS-TM35FIN-1km-N7184000-E423000
http://tun.fi/JX.2497748#147,herkkutatti (fi) — Boletus edulis,Boletus edulis,2026-08-14,2026,Suomi,Uusimaa (U),1.0,60.402903,25.747026,6696940.0,430967.0,NEUTRAL,HOBBYIST,Photographed,The Atlas of Finnish Fungi,ETRS-TM35FIN-1km-N6696000-E430000
http://tun.fi/JX.2498048#7,herkkutatti (fi) — Boletus edulis,Boletus edulis,2026-08-14,2026,Suomi,Etelä-Häme (EH),1000.0,61.480158,23.363846,6821679.0,306381.0,NEUTRAL,HOBBYIST,Observation,"Notebook, general observations",ETRS-TM35FIN-1km-N6821000-E306000
http://tun.fi/HR.3211/391677562-U,herkkutatti (fi) — Boletus edulis,Boletus edulis,2026-08-16,2026,Suomi,Etelä-Häme (EH),26.0,61.64698,25.00304,6836478.0,394209.0,COMMUNITY_VERIFIED,AMATEUR,Photographed,iNaturalist Suomi Finland,ETRS-TM35FIN-1km-N6836000-E394000
http://tun.fi/HR.3211/392404853-U,herkkutatti (fi) — Boletus edulis,Boletus edulis,2026-08-16,2026,Suomi,Kainuu (Kn),44.0,64.14118,28.25565,7113350.0,561104.0,COMMUNITY_VERIFIED,AMATEUR,Photographed,iNaturalist Suomi Finland,ETRS-TM35FIN-1km-N7113000-E561000
http://tun.fi/JX.2499040#5,herkkutatti (fi) — Boletus edulis,Boletus edulis,2026-08-16,2026,Suomi,Perä-Pohjanmaa (PeP),1.0,66.500089,25.746352,7376214.0,444222.0,NEUTRAL,HOBBYIST,Photographed,The Atlas of Finnish Fungi,ETRS-TM35FIN-1km-N7376000-E444000
http://tun.fi/HR.3211/392059724-U,herkkutatti (fi) — Boletus edulis,Boletus edulis,2026-08-17,2026,Suomi,Oulun Pohjanmaa (OP),100.0,65.07841,25.74136,7217784.0,440825.0,COMMUNITY_VERIFIED,AMATEUR,Photographed,iNaturalist Suomi Finland,ETRS-TM35FIN-1km-N7217000-E440000
http://tun.fi/HR.3211/392128853-U,herkkutatti (fi) — Boletus edulis,Boletus edulis,2026-08-17,2026,Suomi,Keski-Pohjanmaa (KP),10.0,62.85093,23.84318,6972921.0,339333.0,COMMUNITY_VERIFIED,AMATEUR,Photographed,iNaturalist Suomi Finland,ETRS-TM35FIN-1km-N6972000-E339000
http://tun.fi/HR.3211/392329601-U,herkkutatti (fi) — Boletus edulis,Boletus edulis,2026-08-18,2026,Suomi,Perä-Pohjanmaa (PeP),100.0,66.30565,23.67012,7357954.0,350737.0,COMMUNITY_VERIFIED,AMATEUR,Photographed,iNaturalist Suomi Finland,ETRS-TM35FIN-1km-N7357000-E350000
http://tun.fi/HR.3211/392400101-U,herkkutatti (fi) — Boletus edulis,Boletus edulis,2026-08-18,2026,Suomi,Etelä-Pohjanmaa (EP),10.0,62.76515,22.85514,6966231.0,288476.0,COMMUNITY_VERIFIED,AMATEUR,Photographed,iNaturalist Suomi Finland,ETRS-TM35FIN-1km-N6966000-E288000
http://tun.fi/HR.3211/392423947-U,herkkutatti (fi) — Boletus edulis,Boletus edulis,2026-08-18,2026,Suomi,Etelä-Häme (EH),187.0,61.48031,23.5012,6821290.0,313693.0,COMMUNITY_VERIFIED,AMATEUR,Photographed,iNaturalist Suomi Finland,ETRS-TM35FIN-1km-N6821000-E313000
http://tun.fi/HR.3211/392855473-U,herkkutatti (fi) — Boletus edulis,Boletus edulis,2026-08-19,2026,Suomi,Etelä-Pohjanmaa (EP),100.0,62.90743,22.07124,6984868.0,249737.0,COMMUNITY_VERIFIED,AMATEUR,Photographed,iNaturalist Suomi Finland,ETRS-TM35FIN-1km-N6984000-E249000
http://tun.fi/HR.3211/392867588-U,herkkutatti (fi) — Boletus edulis,Boletus edulis,2026-08-19,2026,Suomi,Perä-Pohjanmaa (PeP),56.0,66.50653,25.69452,7376979.0,441931.0,COMMUNITY_VERIFIED,AMATEUR,Photographed,iNaturalist Suomi Finland,ETRS-TM35FIN-1km-N7376000-E441000
http://tun.fi/HR.3211/393842216-U,herkkutatti (fi) — Boletus edulis,Boletus edulis,2026-08-19,2026,Suomi,Perä-Pohjanmaa (PeP),100.0,66.51373,25.6906,7377785.0,441773.0,NEUTRAL,AMATEUR,Photographed,iNaturalist Suomi Finland,ETRS-TM35FIN-1km-N7377000-E441000
http://tun.fi/HR.3211/392887772-U,herkkutatti (fi) — Boletus edulis,Boletus edulis,2026-08-20,2026,Suomi,Perä-Pohjanmaa (PeP),100.0,66.51002,25.68322,7377378.0,441436.0,COMMUNITY_VERIFIED,AMATEUR,Photographed,iNaturalist Suomi Finland,ETRS-TM35FIN-1km-N7377000-E441000
http://tun.fi/HR.3211/393015574-U,herkkutatti (fi) — Boletus edulis,Boletus edulis,2026-08-20,2026,Suomi,Pohjois-Häme (PH),31.0,63.08823,26.04663,6995778.0,451857.0,NEUTRAL,AMATEUR,Photographed,iNaturalist Suomi Finland,ETRS-TM35FIN-1km-N6995000-E451000
http://tun.fi/HR.3211/393133815-U,herkkutatti (fi) — Boletus edulis,Boletus edulis,2026-08-20,2026,Suomi,Oulun Pohjanmaa (OP),10.0,65.02078,25.48278,7211630.0,428515.0,COMMUNITY_VERIFIED,AMATEUR,Photographed,iNaturalist Suomi Finland,ETRS-TM35FIN-1km-N7211000-E428000
http://tun.fi/HR.3211/393874028-U,herkkutatti (fi) — Boletus edulis,Boletus edulis,2026-08-20,2026,Suomi,Etelä-Pohjanmaa (EP),100.0,62.79377,22.28167,6971428.0,259480.0,COMMUNITY_VERIFIED,AMATEUR,Photographed,iNaturalist Suomi Finland,ETRS-TM35FIN-1km-N6971000-E259000
http://tun.fi/HR.3211/393205464-U,herkkutatti (fi) — Boletus edulis,Boletus edulis,2026-08-21,2026,Suomi,Perä-Pohjanmaa (PeP),105.0,66.49157,25.69718,7375309.0,442014.0,COMMUNITY_VERIFIED,AMATEUR,Photographed,iNaturalist Suomi Finland,ETRS-TM35FIN-1km-N7375000-E442000
http://tun.fi/HR.3211/393475407-U,herkkutatti (fi) — Boletus edulis,Boletus edulis,2026-08-21,2026,Suomi,Etelä-Savo (ES),100.0,61.84345,26.45377,6856862.0,471245.0,COMMUNITY_VERIFIED,AMATEUR,Photographed,iNaturalist Suomi Finland,ETRS-TM35FIN-1km-N6856000-E471000
http://tun.fi/HR.3211/397248333-U,herkkutatti (fi) — Boletus edulis,Boletus edulis,2026-08-21,2026,Suomi,Etelä-Savo (ES),152.0,61.84469,26.4553,6857000.0,471326.0,COMMUNITY_VERIFIED,AMATEUR,Photographed,iNaturalist Suomi Finland,ETRS-TM35FIN-1km-N6857000-E471000
http://tun.fi/HR.3211/393443912-U,herkkutatti (fi) — Boletus edulis,Boletus edulis,2026-08-22,2026,Suomi,Etelä-Savo (ES),25000.0,61.5,28.3,6819176.0,569218.0,COMMUNITY_VERIFIED,AMATEUR,Photographed,iNaturalist Suomi Finland,ETRS-TM35FIN-1km-N6819000-E569000
http://tun.fi/HR.3211/393502710-U,herkkutatti (fi) — Boletus edulis,Boletus edulis,2026-08-22,2026,Suomi,Pohjois-Karjala (PK),100.0,61.88564,29.69038,6864371.0,641415.0,COMMUNITY_VERIFIED,AMATEUR,Photographed,iNaturalist Suomi Finland,ETRS-TM35FIN-1km-N6864000-E641000
http://tun.fi/HR.3211/393585444-U,herkkutatti (fi) — Boletus edulis,Boletus edulis,2026-08-22,2026,Suomi,Oulun Pohjanmaa (OP),14.0,64.77186,25.4007,7183991.0,423947.0,NEUTRAL,AMATEUR,Photographed,iNaturalist Suomi Finland,ETRS-TM35FIN-1km-N7183000-E423000
http://tun.fi/HR.3211/393778423-U,herkkutatti (fi) — Boletus edulis,Boletus edulis,2026-08-23,2026,Suomi,Etelä-Pohjanmaa (EP),100.0,63.01332,22.10213,6996521.0,252202.0,COMMUNITY_VERIFIED,AMATEUR,Photographed,iNaturalist Suomi Finland,ETRS-TM35FIN-1km-N6996000-E252000
http://tun.fi/HR.3211/393782484-U,herkkutatti (fi) — Boletus edulis,Boletus edulis,2026-08-23,2026,Suomi,Satakunta (St),998.0,61.68843,21.53807,6851603.0,211244.0,NEUTRAL,AMATEUR,Photographed,iNaturalist Suomi Finland,ETRS-TM35FIN-1km-N6851000-E211000
http://tun.fi/HR.3211/393836053-U,herkkutatti (fi) — Boletus edulis,Boletus edulis,2026-08-23,2026,Suomi,Uusimaa (U),16.0,60.15888,24.91298,6670937.0,384163.0,NEUTRAL,AMATEUR,Photographed,iNaturalist Suomi Finland,ETRS-TM35FIN-1km-N6670000-E384000
http://tun.fi/HR.3211/394068060-U,herkkutatti (fi) — Boletus edulis,Boletus edulis,2026-08-24,2026,Suomi,Pohjois-Karjala (PK),10.0,62.80823,29.531,6966759.0,629018.0,COMMUNITY_VERIFIED,AMATEUR,Photographed,iNaturalist Suomi Finland,ETRS-TM35FIN-1km-N6966000-E629000
http://tun.fi/HR.3211/394072944-U,herkkutatti (fi) — Boletus edulis,Boletus edulis,2026-08-24,2026,Suomi,Etelä-Häme (EH),340.0,62.12117,25.76901,6888290.0,435784.0,COMMUNITY_VERIFIED,AMATEUR,Photographed,iNaturalist Suomi Finland,ETRS-TM35FIN-1km-N6888000-E435000
http://tun.fi/HR.3211/394084088-U,herkkutatti (fi) — Boletus edulis,Boletus edulis,2026-08-24,2026,Suomi,Pohjois-Savo (PS),25000.0,63.3,27.3,7019055.0,515057.0,COMMUNITY_VERIFIED,AMATEUR,Photographed,iNaturalist Suomi Finland,ETRS-TM35FIN-1km-N7019000-E515000
http://tun.fi/HR.3211/394084203-U,herkkutatti (fi) — Boletus edulis,Boletus edulis,2026-08-24,2026,Suomi,Pohjois-Savo (PS),230.0,63.35959,27.40053,7025718.0,520039.0,COMMUNITY_VERIFIED,AMATEUR,Photographed,iNaturalist Suomi Finland,ETRS-TM35FIN-1km-N7025000-E520000
http://tun.fi/HR.3211/394084229-U,herkkutatti (fi) — Boletus edulis,Boletus edulis,2026-08-24,2026,Suomi,Pohjois-Savo (PS),25000.0,63.3,27.3,7019055.0,515057.0,COMMUNITY_VERIFIED,AMATEUR,Photographed,iNaturalist Suomi Finland,ETRS-TM35FIN-1km-N7019000-E515000
http://tun.fi/HR.3211/394084241-U,herkkutatti (fi) — Boletus edulis,Boletus edulis,2026-08-24,2026,Suomi,Pohjois-Savo (PS),25000.0,63.3,27.3,7019055.0,515057.0,COMMUNITY_VERIFIED,AMATEUR,Photographed,iNaturalist Suomi Finland,ETRS-TM35FIN-1km-N7019000-E515000
http://tun.fi/HR.3211/394084266-U,herkkutatti (fi) — Boletus edulis,Boletus edulis,2026-08-24,2026,Suomi,Pohjois-Savo (PS),10.0,63.35965,27.39582,7025724.0,519803.0,COMMUNITY_VERIFIED,AMATEUR,Photographed,iNaturalist Suomi Finland,ETRS-TM35FIN-1km-N7025000-E519000
http://tun.fi/HR.3211/394084281-U,herkkutatti (fi) — Boletus edulis,Boletus edulis,2026-08-24,2026,Suomi,Pohjois-Savo (PS),110.0,63.3596,27.3963,7025718.0,519827.0,NEUTRAL,AMATEUR,Photographed,iNaturalist Suomi Finland,ETRS-TM35FIN-1km-N7025000-E519000
http://tun.fi/HR.3211/394084317-U,herkkutatti (fi) — Boletus edulis,Boletus edulis,2026-08-24,2026,Suomi,Pohjois-Savo (PS),25000.0,63.3,27.3,7019055.0,515057.0,COMMUNITY_VERIFIED,AMATEUR,Photographed,iNaturalist Suomi Finland,ETRS-TM35FIN-1km-N7019000-E515000
http://tun.fi/HR.3211/394098815-U,herkkutatti (fi) — Boletus edulis,Boletus edulis,2026-08-24,2026,Suomi,Etelä-Savo (ES),10.0,61.17579,26.86962,6782376.0,492988.0,COMMUNITY_VERIFIED,AMATEUR,Photographed,iNaturalist Suomi Finland,ETRS-TM35FIN-1km-N6782000-E492000
http://tun.fi/HR.3211/394142986-U,herkkutatti (fi) — Boletus edulis,Boletus edulis,2026-08-24,2026,Suomi,Etelä-Pohjanmaa (EP),100.0,63.08199,21.62251,7006093.0,228617.0,COMMUNITY_VERIFIED,AMATEUR,Photographed,iNaturalist Suomi Finland,ETRS-TM35FIN-1km-N7006000-E228000
http://tun.fi/HR.3211/394466749-U,herkkutatti (fi) — Boletus edulis,Boletus edulis,2026-08-24,2026,Suomi,Pohjois-Savo (PS),57.0,62.78803,27.28837,6962006.0,514713.0,COMMUNITY_VERIFIED,AMATEUR,Photographed,iNaturalist Suomi Finland,ETRS-TM35FIN-1km-N6962000-E514000
http://tun.fi/JX.2502627#30,herkkutatti (fi) — Boletus edulis,Boletus edulis,2026-08-24 [9:50-10:42],2026,Suomi,Etelä-Häme (EH),1.0,61.495947,25.684131,6818738.0,429947.0,NEUTRAL,HOBBYIST,Photographed,The Atlas of Finnish Fungi,ETRS-TM35FIN-1km-N6818000-E429000
http://tun.fi/HR.3211/394368484-U,herkkutatti (fi) — Boletus edulis,Boletus edulis,2026-08-25,2026,Suomi,Keski-Pohjanmaa (KP),83.0,64.06579,24.50257,7106735.0,378157.0,COMMUNITY_VERIFIED,AMATEUR,Photographed,iNaturalist Suomi Finland,ETRS-TM35FIN-1km-N7106000-E378000
http://tun.fi/HR.3211/394372520-U,herkkutatti (fi) — Boletus edulis,Boletus edulis,2026-08-25,2026,Suomi,Etelä-Savo (ES),82.0,61.19605,26.87958,6784632.0,493528.0,COMMUNITY_VERIFIED,AMATEUR,Photographed,iNaturalist Suomi Finland,ETRS-TM35FIN-1km-N6784000-E493000
http://tun.fi/HR.3211/394616200-U,herkkutatti (fi) — Boletus edulis,Boletus edulis,2026-08-26,2026,Suomi,Pohjois-Karjala (PK),100.0,63.07429,29.8336,6997024.0,643131.0,COMMUNITY_VERIFIED,AMATEUR,Photographed,iNaturalist Suomi Finland,ETRS-TM35FIN-1km-N6997000-E643000
http://tun.fi/HR.3211/394631685-U,herkkutatti (fi) — Boletus edulis,Boletus edulis,2026-08-26,2026,Suomi,Pohjois-Karjala (PK),6464.0,62.19585,29.5267,6898564.0,631468.0,COMMUNITY_VERIFIED,AMATEUR,Photographed,iNaturalist Suomi Finland,ETRS-TM35FIN-1km-N6898000-E631000
http://tun.fi/HR.3211/394903442-U,herkkutatti (fi) — Boletus edulis,Boletus edulis,2026-08-26,2026,Suomi,Uusimaa (U),1577.0,60.30806,24.83269,6687689.0,380254.0,COMMUNITY_VERIFIED,AMATEUR,Photographed,iNaturalist Suomi Finland,ETRS-TM35FIN-1km-N6687000-E380000
http://tun.fi/HR.3211/395832286-U,herkkutatti (fi) — Boletus edulis,Boletus edulis,2026-08-26,2026,Suomi,Pohjois-Savo (PS),22.0,63.33786,27.34598,7023281.0,517323.0,NEUTRAL,AMATEUR,Photographed,iNaturalist Suomi Finland,ETRS-TM35FIN-1km-N7023000-E517000
http://tun.fi/HR.3211/395832975-U,herkkutatti (fi) — Boletus edulis,Boletus edulis,2026-08-26,2026,Suomi,Pohjois-Savo (PS),27.0,63.33783,27.34354,7023277.0,517201.0,NEUTRAL,AMATEUR,Photographed,iNaturalist Suomi Finland,ETRS-TM35FIN-1km-N7023000-E517000
http://tun.fi/HR.3211/396861322-U,herkkutatti (fi) — Boletus edulis,Boletus edulis,2026-08-26,2026,Suomi,Etelä-Savo (ES),100.0,61.77684,26.75984,6849345.0,487330.0,COMMUNITY_VERIFIED,AMATEUR,Photographed,iNaturalist Suomi Finland,ETRS-TM35FIN-1km-N6849000-E487000
http://tun.fi/HR.3211/394921366-U,herkkutatti (fi) — Boletus edulis,Boletus edulis,2026-08-27,2026,Suomi,Pohjois-Häme (PH),10.0,63.09018,25.83131,6996175.0,440989.0,COMMUNITY_VERIFIED,AMATEUR,Photographed,iNaturalist Suomi Finland,ETRS-TM35FIN-1km-N6996000-E440000
http://tun.fi/HR.3211/394922159-U,herkkutatti (fi) — Boletus edulis,Boletus edulis,2026-08-27,2026,Suomi,Etelä-Savo (ES),10.0,60.87787,26.74001,6749213.0,485885.0,COMMUNITY_VERIFIED,AMATEUR,Photographed,iNaturalist Suomi Finland,ETRS-TM35FIN-1km-N6749000-E485000
http://tun.fi/HR.3211/394957209-U,herkkutatti (fi) — Boletus edulis,Boletus edulis,2026-08-27,2026,Suomi,Pohjois-Karjala (PK),10.0,63.77461,28.58859,7072874.0,578322.0,COMMUNITY_VERIFIED,AMATEUR,Photographed,iNaturalist Suomi Finland,ETRS-TM35FIN-1km-N7072000-E578000
http://tun.fi/HR.3211/394991477-U,herkkutatti (fi) — Boletus edulis,Boletus edulis,2026-08-27,2026,Suomi,Pohjois-Karjala (PK),38.0,63.46801,29.18777,7039599.0,609023.0,COMMUNITY_VERIFIED,AMATEUR,Photographed,iNaturalist Suomi Finland,ETRS-TM35FIN-1km-N7039000-E609000
http://tun.fi/HR.3211/395440913-U,herkkutatti (fi) — Boletus edulis,Boletus edulis,2026-08-29,2026,Suomi,Etelä-Häme (EH),10.0,61.65121,26.0719,6835677.0,450836.0,COMMUNITY_VERIFIED,AMATEUR,Photographed,iNaturalist Suomi Finland,ETRS-TM35FIN-1km-N6835000-E450000
http://tun.fi/HR.3211/395460513-U,herkkutatti (fi) — Boletus edulis,Boletus edulis,2026-08-29,2026,Suomi,Etelä-Pohjanmaa (EP),55.0,62.99006,22.1659,6993690.0,255229.0,COMMUNITY_VERIFIED,AMATEUR,Photographed,iNaturalist Suomi Finland,ETRS-TM35FIN-1km-N6993000-E255000
http://tun.fi/HR.3211/395477795-U,herkkutatti (fi) — Boletus edulis,Boletus edulis,2026-08-29,2026,Suomi,Etelä-Häme (EH),10.0,61.54581,23.8058,6827747.0,330260.0,COMMUNITY_VERIFIED,AMATEUR,Photographed,iNaturalist Suomi Finland,ETRS-TM35FIN-1km-N6827000-E330000
http://tun.fi/HR.3211/395502117-U,herkkutatti (fi) — Boletus edulis,Boletus edulis,2026-08-29,2026,Suomi,Etelä-Häme (EH),10.0,61.49566,23.82796,6822108.0,331165.0,COMMUNITY_VERIFIED,AMATEUR,Photographed,iNaturalist Suomi Finland,ETRS-TM35FIN-1km-N6822000-E331000
http://tun.fi/HR.3211/395514222-U,herkkutatti (fi) — Boletus edulis,Boletus edulis,2026-08-29,2026,Suomi,Oulun Pohjanmaa (OP),25000.0,65.3,26.9,7241897.0,495320.0,COMMUNITY_VERIFIED,AMATEUR,Photographed,iNaturalist Suomi Finland,ETRS-TM35FIN-1km-N7241000-E495000
http://tun.fi/HR.3211/395521359-U,herkkutatti (fi) — Boletus edulis,Boletus edulis,2026-08-29,2026,Suomi,Uusimaa (U),301.0,60.16862,24.95207,6671953.0,386366.0,COMMUNITY_VERIFIED,AMATEUR,Photographed,iNaturalist Suomi Finland,ETRS-TM35FIN-1km-N6671000-E386000
http://tun.fi/HR.3211/395992556-U,herkkutatti (fi) — Boletus edulis,Boletus edulis,2026-08-30,2026,Suomi,Uusimaa (U),703.0,60.19842,25.10474,6675018.0,394931.0,COMMUNITY_VERIFIED,AMATEUR,Photographed,iNaturalist Suomi Finland,ETRS-TM35FIN-1km-N6675000-E394000
http://tun.fi/HR.3211/395999406-U,herkkutatti (fi) — Boletus edulis,Boletus edulis,2026-08-30,2026,Suomi,Uusimaa (U),25000.0,60.1,25.1,6664071.0,394336.0,COMMUNITY_VERIFIED,AMATEUR,Photographed,iNaturalist Suomi Finland,ETRS-TM35FIN-1km-N6664000-E394000
http://tun.fi/HR.3211/396000574-U,herkkutatti (fi) — Boletus edulis,Boletus edulis,2026-08-30,2026,Suomi,Uusimaa (U),25000.0,60.1,25.1,6664071.0,394336.0,COMMUNITY_VERIFIED,AMATEUR,Photographed,iNaturalist Suomi Finland,ETRS-TM35FIN-1km-N6664000-E394000
http://tun.fi/HR.3211/396348387-U,herkkutatti (fi) — Boletus edulis,Boletus edulis,2026-09-01,2026,Suomi,Pohjois-Karjala (PK),100.0,63.07896,29.82531,6997525.0,642689.0,COMMUNITY_VERIFIED,AMATEUR,Photographed,iNaturalist Suomi Finland,ETRS-TM35FIN-1km-N6997000-E642000
http://tun.fi/HR.3211/396367191-U,herkkutatti (fi) — Boletus edulis,Boletus edulis,2026-09-01,2026,Suomi,Pohjois-Karjala (PK),100.0,63.07896,29.82535,6997526.0,642691.0,NEUTRAL,AMATEUR,Photographed,iNaturalist Suomi Finland,ETRS-TM35FIN-1km-N6997000-E642000
http://tun.fi/HR.3211/396369491-U,herkkutatti (fi) — Boletus edulis,Boletus edulis,2026-09-01,2026,Suomi,Etelä-Savo (ES),14.0,60.89463,26.78471,6751071.0,488318.0,COMMUNITY_VERIFIED,AMATEUR,Photographed,iNaturalist Suomi Finland,ETRS-TM35FIN-1km-N6751000-E488000
http://tun.fi/HR.3211/396379089-U,herkkutatti (fi) — Boletus edulis,Boletus edulis,2026-09-01,2026,Suomi,Pohjois-Savo (PS),10.0,63.34904,27.39251,7024540.0,519645.0,NEUTRAL,AMATEUR,Photographed,iNaturalist Suomi Finland,ETRS-TM35FIN-1km-N7024000-E519000
http://tun.fi/HR.3211/396393149-U,herkkutatti (fi) — Boletus edulis,Boletus edulis,2026-09-01,2026,Suomi,Etelä-Savo (ES),10.0,60.89446,26.78485,6751052.0,488326.0,COMMUNITY_VERIFIED,AMATEUR,Photographed,iNaturalist Suomi Finland,ETRS-TM35FIN-1km-N6751000-E488000
http://tun.fi/JX.2509634#19,herkkutatti (fi) — Boletus edulis,Boletus edulis,2026-09-01,2026,Suomi,Etelä-Häme (EH),1.0,61.00122,25.648966,6763678.0,426936.0,NEUTRAL,HOBBYIST,Photographed,The Atlas of Finnish Fungi,ETRS-TM35FIN-1km-N6763000-E426000
http://tun.fi/HR.3211/396614716-U,herkkutatti (fi) — Boletus edulis,Boletus edulis,2026-09-02,2026,Suomi,Oulun Pohjanmaa (OP),13.0,65.06151,25.52971,7216116.0,430831.0,COMMUNITY_VERIFIED,AMATEUR,Photographed,iNaturalist Suomi Finland,ETRS-TM35FIN-1km-N7216000-E430000
http://tun.fi/HR.3211/396678638-U,herkkutatti (fi) — Boletus edulis,Boletus edulis,2026-09-02,2026,Suomi,Sompion Lappi (SoL),100.0,67.43176,26.59753,7479570.0,482764.0,NEUTRAL,AMATEUR,Photographed,iNaturalist Suomi Finland,ETRS-TM35FIN-1km-N7479000-E482000
http://tun.fi/HR.3211/397194445-U,herkkutatti (fi) — Boletus edulis,Boletus edulis,2026-09-04,2026,Suomi,Etelä-Savo (ES),10.0,60.87781,26.75267,6749204.0,486573.0,COMMUNITY_VERIFIED,AMATEUR,Photographed,iNaturalist Suomi Finland,ETRS-TM35FIN-1km-N6749000-E486000
http://tun.fi/HR.3211/397403003-U,herkkutatti (fi) — Boletus edulis,Boletus edulis,2026-09-05,2026,Suomi,Oulun Pohjanmaa (OP),10.0,64.90217,25.56941,7198318.0,432297.0,COMMUNITY_VERIFIED,AMATEUR,Photographed,iNaturalist Suomi Finland,ETRS-TM35FIN-1km-N7198000-E432000
http://tun.fi/HR.3211/398682405-U,herkkutatti (fi) — Boletus edulis,Boletus edulis,2026-09-05,2026,Suomi,Uusimaa (U),13.0,60.31381,24.659,6688657.0,370682.0,COMMUNITY_VERIFIED,AMATEUR,Photographed,iNaturalist Suomi Finland,ETRS-TM35FIN-1km-N6688000-E370000
http://tun.fi/JX.2510911#11,herkkutatti (fi) — Boletus edulis,Boletus edulis,2026-09-05,2026,Suomi,Etelä-Häme (EH),1.0,61.231112,25.63621,6789295.0,426780.0,NEUTRAL,HOBBYIST,Photographed,The Atlas of Finnish Fungi,ETRS-TM35FIN-1km-N6789000-E426000
http://tun.fi/HR.3211/397695251-U,herkkutatti (fi) — Boletus edulis,Boletus edulis,2026-09-06,2026,Suomi,Uusimaa (U),1377.0,60.17792,25.02612,6672864.0,390505.0,COMMUNITY_VERIFIED,AMATEUR,Photographed,iNaturalist Suomi Finland,ETRS-TM35FIN-1km-N6672000-E390000
http://tun.fi/HR.3211/397705459-U,herkkutatti (fi) — Boletus edulis,Boletus edulis,2026-09-06,2026,Suomi,Uusimaa (U),10.0,60.18239,24.72322,6673902.0,373724.0,COMMUNITY_VERIFIED,AMATEUR,Photographed,iNaturalist Suomi Finland,ETRS-TM35FIN-1km-N6673000-E373000
http://tun.fi/HR.3211/398101182-U,herkkutatti (fi) — Boletus edulis,Boletus edulis,2026-09-07,2026,Suomi,Pohjois-Karjala (PK),664.0,62.38981,30.08921,6921424.0,659690.0,COMMUNITY_VERIFIED,AMATEUR,Photographed,iNaturalist Suomi Finland,ETRS-TM35FIN-1km-N6921000-E659000
http://tun.fi/HR.3211/398156776-U,herkkutatti (fi) — Boletus edulis,Boletus edulis,2026-09-07,2026,Suomi,Uusimaa (U),10.0,60.38763,24.75059,6696699.0,376021.0,COMMUNITY_VERIFIED,AMATEUR,Photographed,iNaturalist Suomi Finland,ETRS-TM35FIN-1km-N6696000-E376000
http://tun.fi/JX.2512512#5,herkkutatti (fi) — Boletus edulis,Boletus edulis,2026-09-07,2026,Suomi,Varsinais-Suomi (V),1.0,60.12979,23.49964,6671019.0,305585.0,NEUTRAL,HOBBYIST,Photographed,The Atlas of Finnish Fungi,ETRS-TM35FIN-1km-N6671000-E305000
http://tun.fi/HR.3211/399047039-U,herkkutatti (fi) — Boletus edulis,Boletus edulis,2026-09-10,2026,Suomi,Uusimaa (U),100.0,60.22992,25.14758,6678458.0,397404.0,COMMUNITY_VERIFIED,AMATEUR,Photographed,iNaturalist Suomi Finland,ETRS-TM35FIN-1km-N6678000-E397000
http://tun.fi/JX.2514272#5,herkkutatti (fi) — Boletus edulis,Boletus edulis,2026-09-10,2026,Suomi,Pohjois-Savo (PS),1.0,62.388045,28.789016,6918691.0,592502.0,NEUTRAL,HOBBYIST,Photographed,The Atlas of Finnish Fungi,ETRS-TM35FIN-1km-N6918000-E592000
http://tun.fi/HR.3211/399226783-U,herkkutatti (fi) — Boletus edulis,Boletus edulis,2026-09-11,2026,Suomi,Varsinais-Suomi (V),17.0,60.41145,22.38594,6706137.0,245983.0,COMMUNITY_VERIFIED,AMATEUR,Photographed,iNaturalist Suomi Finland,ETRS-TM35FIN-1km-N6706000-E245000
http://tun.fi/HR.3211/399253887-U,herkkutatti (fi) — Boletus edulis,Boletus edulis,2026-09-11,2026,Suomi,Uusimaa (U),20.0,60.20337,25.0675,6675629.0,392883.0,COMMUNITY_VERIFIED,AMATEUR,Photographed,iNaturalist Suomi Finland,ETRS-TM35FIN-1km-N6675000-E392000
http://tun.fi/HR.3211/399261651-U,herkkutatti (fi) — Boletus edulis,Boletus edulis,2026-09-11,2026,Suomi,Etelä-Savo (ES),25000.0,61.5,27.1,6818490.0,505341.0,COMMUNITY_VERIFIED,AMATEUR,Photographed,iNaturalist Suomi Finland,ETRS-TM35FIN-1km-N6818000-E505000
http://tun.fi/HR.3211/399316229-U,herkkutatti (fi) — Boletus edulis,Boletus edulis,2026-09-11,2026,Suomi,Uusimaa (U),100.0,60.22824,25.04795,6678430.0,391882.0,COMMUNITY_VERIFIED,AMATEUR,Photographed,iNaturalist Suomi Finland,ETRS-TM35FIN-1km-N6678000-E391000
http://tun.fi/JX.2514165#51,herkkutatti (fi) — Boletus edulis,Boletus edulis,2026-09-11,2026,Suomi,Uusimaa (U),100.0,60.189997,24.66323,6674866.0,370426.0,NEUTRAL,HOBBYIST,Photographed,The Atlas of Finnish Fungi,ETRS-TM35FIN-1km-N6674000-E370000
http://tun.fi/HR.3211/399475076-U,herkkutatti (fi) — Boletus edulis,Boletus edulis,2026-09-12,2026,Suomi,Uusimaa (U),10.0,60.20636,24.86436,6676309.0,381636.0,COMMUNITY_VERIFIED,AMATEUR,Photographed,iNaturalist Suomi Finland,ETRS-TM35FIN-1km-N6676000-E381000
http://tun.fi/HR.3211/399479685-U,herkkutatti (fi) — Boletus edulis,Boletus edulis,2026-09-12,2026,Suomi,Uusimaa (U),25000.0,60.3,25.1,6686339.0,394977.0,COMMUNITY_VERIFIED,AMATEUR,Photographed,iNaturalist Suomi Finland,ETRS-TM35FIN-1km-N6686000-E394000
http://tun.fi/HR.3211/399504443-U,herkkutatti (fi) — Boletus edulis,Boletus edulis,2026-09-12,2026,Suomi,Uusimaa (U),10.0,60.297,25.89122,6685004.0,438713.0,NEUTRAL,AMATEUR,Photographed,iNaturalist Suomi Finland,ETRS-TM35FIN-1km-N6685000-E438000
http://tun.fi/HR.3211/399504463-U,herkkutatti (fi) — Boletus edulis,Boletus edulis,2026-09-12,2026,Suomi,Uusimaa (U),10.0,60.29702,25.89125,6685006.0,438715.0,NEUTRAL,AMATEUR,Photographed,iNaturalist Suomi Finland,ETRS-TM35FIN-1km-N6685000-E438000
http://tun.fi/HR.3211/399522873-U,herkkutatti (fi) — Boletus edulis,Boletus edulis,2026-09-12,2026,Suomi,Uusimaa (U),10.0,60.21812,24.95053,6677467.0,386452.0,COMMUNITY_VERIFIED,AMATEUR,Photographed,iNaturalist Suomi Finland,ETRS-TM35FIN-1km-N6677000-E386000
http://tun.fi/HR.3211/399547007-U,herkkutatti (fi) — Boletus edulis,Boletus edulis,2026-09-12,2026,Suomi,Varsinais-Suomi (V),729.0,60.17769,23.27606,6677027.0,293477.0,COMMUNITY_VERIFIED,AMATEUR,Photographed,iNaturalist Suomi Finland,ETRS-TM35FIN-1km-N6677000-E293000
http://tun.fi/HR.3211/399563719-U,herkkutatti (fi) — Boletus edulis,Boletus edulis,2026-09-12,2026,Suomi,Uusimaa (U),100.0,60.23956,24.66706,6680375.0,370835.0,COMMUNITY_VERIFIED,AMATEUR,Photographed,iNaturalist Suomi Finland,ETRS-TM35FIN-1km-N6680000-E370000
http://tun.fi/HR.3211/400659938-U,herkkutatti (fi) — Boletus edulis,Boletus edulis,2026-09-12,2026,Suomi,Uusimaa (U),16.0,60.1865,24.79979,6674216.0,377985.0,COMMUNITY_VERIFIED,AMATEUR,Photographed,iNaturalist Suomi Finland,ETRS-TM35FIN-1km-N6674000-E377000
http://tun.fi/JX.2514424#84,herkkutatti (fi) — Boletus edulis,Boletus edulis,2026-09-12 [9:42-11:15],2026,Suomi,Uusimaa (U),1.0,60.247028,25.168106,6680331.0,398594.0,NEUTRAL,HOBBYIST,Observation,The Atlas of Finnish Fungi,ETRS-TM35FIN-1km-N6680000-E398000
http://tun.fi/HR.3211/399826595-U,herkkutatti (fi) — Boletus edulis,Boletus edulis,2026-09-13,2026,Suomi,Uusimaa (U),10.0,60.1799,24.99716,6673132.0,388906.0,COMMUNITY_VERIFIED,AMATEUR,Photographed,iNaturalist Suomi Finland,ETRS-TM35FIN-1km-N6673000-E388000
http://tun.fi/HR.3211/399849270-U,herkkutatti (fi) — Boletus edulis,Boletus edulis,2026-09-13,2026,Suomi,Uusimaa (U),28.0,60.16076,24.76926,6671407.0,376195.0,COMMUNITY_VERIFIED,AMATEUR,Photographed,iNaturalist Suomi Finland,ETRS-TM35FIN-1km-N6671000-E376000
http://tun.fi/HR.3211/399853365-U,herkkutatti (fi) — Boletus edulis,Boletus edulis,2026-09-13,2026,Suomi,Pohjois-Karjala (PK),165.0,62.58601,29.81234,6942614.0,644433.0,COMMUNITY_VERIFIED,AMATEUR,Photographed,iNaturalist Suomi Finland,ETRS-TM35FIN-1km-N6942000-E644000
http://tun.fi/HR.3211/399859028-U,herkkutatti (fi) — Boletus edulis,Boletus edulis,2026-09-13,2026,Suomi,Uusimaa (U),10.0,60.18035,24.99678,6673183.0,388886.0,COMMUNITY_VERIFIED,AMATEUR,Photographed,iNaturalist Suomi Finland,ETRS-TM35FIN-1km-N6673000-E388000
http://tun.fi/HR.3211/399905250-U,herkkutatti (fi) — Boletus edulis,Boletus edulis,2026-09-13,2026,Suomi,Uusimaa (U),100.0,60.18187,24.65952,6673968.0,370190.0,COMMUNITY_VERIFIED,AMATEUR,Photographed,iNaturalist Suomi Finland,ETRS-TM35FIN-1km-N6673000-E370000
http://tun.fi/HR.3211/400661748-U,herkkutatti (fi) — Boletus edulis,Boletus edulis,2026-09-13,2026,Suomi,Uusimaa (U),62.0,60.16166,24.76749,6671510.0,376101.0,COMMUNITY_VERIFIED,AMATEUR,Photographed,iNaturalist Suomi Finland,ETRS-TM35FIN-1km-N6671000-E376000
http://tun.fi/HR.3211/400207803-U,herkkutatti (fi) — Boletus edulis,Boletus edulis,2026-09-14,2026,Suomi,Etelä-Häme (EH),10.0,61.01091,25.71536,6764685.0,430547.0,NEUTRAL,AMATEUR,Photographed,iNaturalist Suomi Finland,ETRS-TM35FIN-1km-N6764000-E430000
http://tun.fi/HR.3211/400470444-U,herkkutatti (fi) — Boletus edulis,Boletus edulis,2026-09-14,2026,Suomi,Uusimaa (U),10.0,59.82677,22.93563,6639109.0,272210.0,NEUTRAL,AMATEUR,Photographed,iNaturalist Suomi Finland,ETRS-TM35FIN-1km-N6639000-E272000
http://tun.fi/HR.3211/400470591-U,herkkutatti (fi) — Boletus edulis,Boletus edulis,2026-09-14,2026,Suomi,Uusimaa (U),13.0,59.82834,22.94341,6639257.0,272657.0,NEUTRAL,AMATEUR,Photographed,iNaturalist Suomi Finland,ETRS-TM35FIN-1km-N6639000-E272000
