{"type": "FeatureCollection", "metadata": {"crs": "EPSG:3067", "grid_size_m": 1000, "grid_cell_count": 1598}, "features": [{"type": "Feature", "geometry": {"type": "Polygon", "coordinates": [[[22.89865159880908, 59.806665441392774], [22.916430698939045, 59.807219338093745], [22.915333229030107, 59.816176046148655], [22.897549383351286, 59.81562195121507], [22.89865159880908, 59.806665441392774]]]}, "properties": {"grid_id": "ETRS-TM35FIN-1km-N6637000-E270000", "northing_min": 6637000, "easting_min": 270000, "grid_size_m": 1000}}, {"type": "Feature", "geometry": {"type": "Polygon", "coordinates": [[[22.897549383351286, 59.81562195121507], [22.915333229030107, 59.816176046148655], [22.914235070197805, 59.82513272967118], [22.896446476017466, 59.82457843639897], [22.897549383351286, 59.81562195121507]]]}, "properties": {"grid_id": "ETRS-TM35FIN-1km-N6638000-E270000", "northing_min": 6638000, "easting_min": 270000, "grid_size_m": 1000}}, {"type": "Feature", "geometry": {"type": "Polygon", "coordinates": [[[22.968688887791743, 59.81782392952914], [22.98647547144035, 59.81836842289926], [22.985396312661724, 59.82732589124926], [22.967604978097704, 59.826781202951636], [22.968688887791743, 59.81782392952914]]]}, "properties": {"grid_id": "ETRS-TM35FIN-1km-N6638000-E274000", "northing_min": 6638000, "easting_min": 274000, "grid_size_m": 1000}}, {"type": "Feature", "geometry": {"type": "Polygon", "coordinates": [[[22.932024353908716, 59.825684621977864], [22.949814324194236, 59.82623411313307], [22.948724980566336, 59.8351911664449], [22.930930257610527, 59.83464147855113], [22.932024353908716, 59.825684621977864]]]}, "properties": {"grid_id": "ETRS-TM35FIN-1km-N6639000-E272000", "northing_min": 6639000, "easting_min": 272000, "grid_size_m": 1000}}, {"type": "Feature", "geometry": {"type": "Polygon", "coordinates": [[[23.020981011938336, 59.82840806254821], [23.038774370732614, 59.82894554518484], [23.037708799448133, 59.83790356938692], [23.019910684994827, 59.83736589427977], [23.020981011938336, 59.82840806254821]]]}, "properties": {"grid_id": "ETRS-TM35FIN-1km-N6639000-E277000", "northing_min": 6639000, "easting_min": 277000, "grid_size_m": 1000}}, {"type": "Feature", "geometry": {"type": "Polygon", "coordinates": [[[23.108907921762405, 59.8400302369701], [23.126709353643573, 59.84055589475799], [23.125666914863114, 59.849514845188494], [23.107860721432417, 59.84898899910105], [23.108907921762405, 59.8400302369701]]]}, "properties": {"grid_id": "ETRS-TM35FIN-1km-N6640000-E282000", "northing_min": 6640000, "easting_min": 282000, "grid_size_m": 1000}}, {"type": "Feature", "geometry": {"type": "Polygon", "coordinates": [[[23.233531587444336, 59.84365935135676], [23.251337539122787, 59.84416817747298], [23.250328447221886, 59.853128422045465], [23.23251773000383, 59.85261941361941], [23.233531587444336, 59.84365935135676]]]}, "properties": {"grid_id": "ETRS-TM35FIN-1km-N6640000-E289000", "northing_min": 6640000, "easting_min": 289000, "grid_size_m": 1000}}, {"type": "Feature", "geometry": {"type": "Polygon", "coordinates": [[[23.054446101829367, 59.84739703349193], [23.072250311947727, 59.8479300930741], [23.07119292619045, 59.85688845241884], [23.053383953304657, 59.856355201869974], [23.054446101829367, 59.84739703349193]]]}, "properties": {"grid_id": "ETRS-TM35FIN-1km-N6641000-E279000", "northing_min": 6641000, "easting_min": 279000, "grid_size_m": 1000}}, {"type": "Feature", "geometry": {"type": "Polygon", "coordinates": [[[23.017768013383954, 59.85528148596893], [23.035575648046272, 59.85581954632641], [23.034508066746767, 59.864777499047605], [23.016695667529298, 59.86423924591012], [23.017768013383954, 59.85528148596893]]]}, "properties": {"grid_id": "ETRS-TM35FIN-1km-N6642000-E277000", "northing_min": 6642000, "easting_min": 277000, "grid_size_m": 1000}}, {"type": "Feature", "geometry": {"type": "Polygon", "coordinates": [[[23.67528207142412, 59.891515384748544], [23.693122108239123, 59.89196467496228], [23.692230087698572, 59.90092911730594], [23.674385260161163, 59.90047966588286], [23.67528207142412, 59.891515384748544]]]}, "properties": {"grid_id": "ETRS-TM35FIN-1km-N6644000-E314000", "northing_min": 6644000, "easting_min": 314000, "grid_size_m": 1000}}, {"type": "Feature", "geometry": {"type": "Polygon", "coordinates": [[[23.17497034329996, 59.88691576415552], [23.192798224702255, 59.88743273027203], [23.191771615758004, 59.896392310679964], [23.173938955626745, 59.89587515918933], [23.17497034329996, 59.88691576415552]]]}, "properties": {"grid_id": "ETRS-TM35FIN-1km-N6645000-E286000", "northing_min": 6645000, "easting_min": 286000, "grid_size_m": 1000}}, {"type": "Feature", "geometry": {"type": "Polygon", "coordinates": [[[23.210626751666087, 59.88794728740471], [23.228455921208816, 59.888459435379495], [23.22743887143229, 59.89741938396121], [23.209604922021605, 59.896907052328636], [23.210626751666087, 59.88794728740471]]]}, "properties": {"grid_id": "ETRS-TM35FIN-1km-N6645000-E288000", "northing_min": 6645000, "easting_min": 288000, "grid_size_m": 1000}}, {"type": "Feature", "geometry": {"type": "Polygon", "coordinates": [[[23.49502325822714, 59.90481504054471], [23.5128670914544, 59.90528878888945], [23.511926002409776, 59.91425153792181], [23.494077377582734, 59.913777619578426], [23.49502325822714, 59.90481504054471]]]}, "properties": {"grid_id": "ETRS-TM35FIN-1km-N6646000-E304000", "northing_min": 6646000, "easting_min": 304000, "grid_size_m": 1000}}, {"type": "Feature", "geometry": {"type": "Polygon", "coordinates": [[[22.513403445380263, 59.88400000743561], [22.53121486517345, 59.884606410445144], [22.53001033249131, 59.89355850789086], [22.512194150995526, 59.89295188763152], [22.513403445380263, 59.88400000743561]]]}, "properties": {"grid_id": "ETRS-TM35FIN-1km-N6647000-E249000", "northing_min": 6647000, "easting_min": 249000, "grid_size_m": 1000}}, {"type": "Feature", "geometry": {"type": "Polygon", "coordinates": [[[23.190744360681304, 59.90535186813252], [23.208582449229926, 59.90586679439632], [23.207559332722184, 59.91482651360049], [23.18971645890067, 59.91431140262241], [23.190744360681304, 59.90535186813252]]]}, "properties": {"grid_id": "ETRS-TM35FIN-1km-N6647000-E287000", "northing_min": 6647000, "easting_min": 287000, "grid_size_m": 1000}}, {"type": "Feature", "geometry": {"type": "Polygon", "coordinates": [[[23.208582449229926, 59.90586679439632], [23.226421181494498, 59.90637930978531], [23.22540285082919, 59.915339212844636], [23.207559332722184, 59.91482651360049], [23.208582449229926, 59.90586679439632]]]}, "properties": {"grid_id": "ETRS-TM35FIN-1km-N6647000-E288000", "northing_min": 6647000, "easting_min": 288000, "grid_size_m": 1000}}, {"type": "Feature", "geometry": {"type": "Polygon", "coordinates": [[[24.297809735073027, 59.93271222060736], [24.31568205892493, 59.93307737508966], [24.314956637227684, 59.94204686343193], [24.29707949777228, 59.94168157774579], [24.297809735073027, 59.93271222060736]]]}, "properties": {"grid_id": "ETRS-TM35FIN-1km-N6647000-E349000", "northing_min": 6647000, "easting_min": 349000, "grid_size_m": 1000}}, {"type": "Feature", "geometry": {"type": "Polygon", "coordinates": [[[23.18971645890067, 59.91431140262241], [23.207559332722184, 59.91482651360049], [23.206535571928843, 59.92378620993386], [23.18868790984395, 59.92327091414223], [23.18971645890067, 59.91431140262241]]]}, "properties": {"grid_id": "ETRS-TM35FIN-1km-N6648000-E287000", "northing_min": 6648000, "easting_min": 287000, "grid_size_m": 1000}}, {"type": "Feature", "geometry": {"type": "Polygon", "coordinates": [[[23.331487094784226, 59.92732571818091], [23.34933983185138, 59.927821708403414], [23.348353776586, 59.936782830188406], [23.330496243768646, 59.93628666193733], [23.331487094784226, 59.92732571818091]]]}, "properties": {"grid_id": "ETRS-TM35FIN-1km-N6649000-E295000", "northing_min": 6649000, "easting_min": 295000, "grid_size_m": 1000}}, {"type": "Feature", "geometry": {"type": "Polygon", "coordinates": [[[24.367879368480803, 59.95209805353363], [24.38576314071158, 59.95245378241167], [24.385056093934715, 59.96142375223196], [24.36716749843402, 59.961067895479665], [24.367879368480803, 59.95209805353363]]]}, "properties": {"grid_id": "ETRS-TM35FIN-1km-N6649000-E353000", "northing_min": 6649000, "easting_min": 353000, "grid_size_m": 1000}}, {"type": "Feature", "geometry": {"type": "Polygon", "coordinates": [[[23.18765871293831, 59.93223040268464], [23.205511166279678, 59.93274588338918], [23.204486115203792, 59.94170553395915], [23.186628867610224, 59.94118986824225], [23.18765871293831, 59.93223040268464]]]}, "properties": {"grid_id": "ETRS-TM35FIN-1km-N6650000-E287000", "northing_min": 6650000, "easting_min": 287000, "grid_size_m": 1000}}, {"type": "Feature", "geometry": {"type": "Polygon", "coordinates": [[[23.07949911586996, 59.93804518319512], [23.097352424533224, 59.93857533109572], [23.09629795263155, 59.94753383519226], [23.07843985020641, 59.94700349701703], [23.07949911586996, 59.93804518319512]]]}, "properties": {"grid_id": "ETRS-TM35FIN-1km-N6651000-E281000", "northing_min": 6651000, "easting_min": 281000, "grid_size_m": 1000}}, {"type": "Feature", "geometry": {"type": "Polygon", "coordinates": [[[23.722615110461806, 59.95560892854213], [23.740490430759493, 59.95605209239836], [23.73960890545886, 59.96501687246445], [23.72172877188992, 59.9645735493846], [23.722615110461806, 59.95560892854213]]]}, "properties": {"grid_id": "ETRS-TM35FIN-1km-N6651000-E317000", "northing_min": 6651000, "easting_min": 317000, "grid_size_m": 1000}}, {"type": "Feature", "geometry": {"type": "Polygon", "coordinates": [[[23.007014146091034, 59.94485800679786], [23.024869560291293, 59.94539799961743], [23.02379524034724, 59.954355713539634], [23.005935031769333, 59.95381552690234], [23.007014146091034, 59.94485800679786]]]}, "properties": {"grid_id": "ETRS-TM35FIN-1km-N6652000-E277000", "northing_min": 6652000, "easting_min": 277000, "grid_size_m": 1000}}, {"type": "Feature", "geometry": {"type": "Polygon", "coordinates": [[[23.918440335657035, 59.96931697609646], [23.936326421616158, 59.96973367052622], [23.935497351273497, 59.97870012572742], [23.9176064437399, 59.97828328151446], [23.918440335657035, 59.96931697609646]]]}, "properties": {"grid_id": "ETRS-TM35FIN-1km-N6652000-E328000", "northing_min": 6652000, "easting_min": 328000, "grid_size_m": 1000}}, {"type": "Feature", "geometry": {"type": "Polygon", "coordinates": [[[23.416885833109106, 59.96562869876579], [23.43476085654246, 59.966113312963564], [23.43379635931055, 59.97507522539762], [23.41591652537073, 59.97459043710398], [23.416885833109106, 59.96562869876579]]]}, "properties": {"grid_id": "ETRS-TM35FIN-1km-N6653000-E300000", "northing_min": 6653000, "easting_min": 300000, "grid_size_m": 1000}}, {"type": "Feature", "geometry": {"type": "Polygon", "coordinates": [[[23.863936892089253, 59.97701821517932], [23.88182621111958, 59.97744232609736], [23.88098214492776, 59.986408309890685], [23.8630880027045, 59.98598404650776], [23.863936892089253, 59.97701821517932]]]}, "properties": {"grid_id": "ETRS-TM35FIN-1km-N6653000-E325000", "northing_min": 6653000, "easting_min": 325000, "grid_size_m": 1000}}, {"type": "Feature", "geometry": {"type": "Polygon", "coordinates": [[[24.43664419756483, 59.98938772474116], [24.454549053017182, 59.989734261610025], [24.45385956407573, 59.9987046659668], [24.435949871626626, 59.99835800442747], [24.43664419756483, 59.98938772474116]]]}, "properties": {"grid_id": "ETRS-TM35FIN-1km-N6653000-E357000", "northing_min": 6653000, "easting_min": 357000, "grid_size_m": 1000}}, {"type": "Feature", "geometry": {"type": "Polygon", "coordinates": [[[22.844101177030936, 59.95780094857255], [22.86195994837192, 59.9583630567619], [22.860841092107098, 59.96731894561559], [22.842977525916208, 59.96675663565891], [22.844101177030936, 59.95780094857255]]]}, "properties": {"grid_id": "ETRS-TM35FIN-1km-N6654000-E268000", "northing_min": 6654000, "easting_min": 268000, "grid_size_m": 1000}}, {"type": "Feature", "geometry": {"type": "Polygon", "coordinates": [[[23.737844185648694, 59.982946372218436], [23.755734512049116, 59.98338759222265], [23.754856139386014, 59.992352470515925], [23.736960990151385, 59.991911091896675], [23.737844185648694, 59.982946372218436]]]}, "properties": {"grid_id": "ETRS-TM35FIN-1km-N6654000-E318000", "northing_min": 6654000, "easting_min": 318000, "grid_size_m": 1000}}, {"type": "Feature", "geometry": {"type": "Polygon", "coordinates": [[[23.003774762088725, 59.971730495015166], [23.021644568414388, 59.97227106960081], [23.020568215225058, 59.981228711723276], [23.00269360552405, 59.98068794300679], [23.003774762088725, 59.971730495015166]]]}, "properties": {"grid_id": "ETRS-TM35FIN-1km-N6655000-E277000", "northing_min": 6655000, "easting_min": 277000, "grid_size_m": 1000}}, {"type": "Feature", "geometry": {"type": "Polygon", "coordinates": [[[23.736960990151385, 59.991911091896675], [23.754856139386014, 59.992352470515925], [23.753977212030566, 60.00131732875582], [23.73607723693309, 60.00087579143594], [23.736960990151385, 59.991911091896675]]]}, "properties": {"grid_id": "ETRS-TM35FIN-1km-N6655000-E318000", "northing_min": 6655000, "easting_min": 318000, "grid_size_m": 1000}}, {"type": "Feature", "geometry": {"type": "Polygon", "coordinates": [[[23.19935115839452, 59.98650344327302], [23.217233071143124, 59.98701761692312], [23.216208948337346, 59.9959773147751], [23.19832222273134, 59.995462956377324], [23.19935115839452, 59.98650344327302]]]}, "properties": {"grid_id": "ETRS-TM35FIN-1km-N6656000-E288000", "northing_min": 6656000, "easting_min": 288000, "grid_size_m": 1000}}, {"type": "Feature", "geometry": {"type": "Polygon", "coordinates": [[[24.416640966941532, 60.0159491725171], [24.43455990293831, 60.01629851237092], [24.433864259407287, 60.02526874062377], [24.415940477657276, 60.0249192750255], [24.416640966941532, 60.0159491725171]]]}, "properties": {"grid_id": "ETRS-TM35FIN-1km-N6656000-E356000", "northing_min": 6656000, "easting_min": 356000, "grid_size_m": 1000}}, {"type": "Feature", "geometry": {"type": "Polygon", "coordinates": [[[24.452479278523157, 60.01664542345344], [24.470399090644158, 60.01698990564626], [24.469713139790358, 60.02596038277308], [24.451788481136514, 60.02561577657912], [24.452479278523157, 60.01664542345344]]]}, "properties": {"grid_id": "ETRS-TM35FIN-1km-N6656000-E358000", "northing_min": 6656000, "easting_min": 358000, "grid_size_m": 1000}}, {"type": "Feature", "geometry": {"type": "Polygon", "coordinates": [[[23.771003089159937, 60.01072143851248], [23.788909001473456, 60.011158285406204], [23.788038628589867, 60.02012341866565], [23.77012788336313, 60.01968641463564], [23.771003089159937, 60.01072143851248]]]}, "properties": {"grid_id": "ETRS-TM35FIN-1km-N6657000-E320000", "northing_min": 6657000, "easting_min": 320000, "grid_size_m": 1000}}, {"type": "Feature", "geometry": {"type": "Polygon", "coordinates": [[[24.039648100711762, 60.01701946852975], [24.05756193814059, 60.01741992780181], [24.056764116077005, 60.02638731386551], [24.03884543868864, 60.02598671049123], [24.039648100711762, 60.01701946852975]]]}, "properties": {"grid_id": "ETRS-TM35FIN-1km-N6657000-E335000", "northing_min": 6657000, "easting_min": 335000, "grid_size_m": 1000}}, {"type": "Feature", "geometry": {"type": "Polygon", "coordinates": [[[21.768331543593245, 59.95543340260552], [21.786161612150227, 59.95614095177522], [21.78475272407567, 59.965083090315204], [21.766917891070456, 59.964375287575116], [21.768331543593245, 59.95543340260552]]]}, "properties": {"grid_id": "ETRS-TM35FIN-1km-N6658000-E208000", "northing_min": 6658000, "easting_min": 208000, "grid_size_m": 1000}}, {"type": "Feature", "geometry": {"type": "Polygon", "coordinates": [[[23.57314686066919, 60.014719317429424], [23.591051354462373, 60.015182994124885], [23.590127263510073, 60.02414633031007], [23.572217939322677, 60.02368248684739], [23.57314686066919, 60.014719317429424]]]}, "properties": {"grid_id": "ETRS-TM35FIN-1km-N6658000-E309000", "northing_min": 6658000, "easting_min": 309000, "grid_size_m": 1000}}, {"type": "Feature", "geometry": {"type": "Polygon", "coordinates": [[[24.03884543868864, 60.02598671049123], [24.056764116077005, 60.02638731386551], [24.0559657895521, 60.03535468124973], [24.038042269157938, 60.034953933695334], [24.03884543868864, 60.02598671049123]]]}, "properties": {"grid_id": "ETRS-TM35FIN-1km-N6658000-E335000", "northing_min": 6658000, "easting_min": 335000, "grid_size_m": 1000}}, {"type": "Feature", "geometry": {"type": "Polygon", "coordinates": [[[23.142577237047806, 60.01182320260985], [23.160471636571994, 60.01234519391676], [23.159431108768928, 60.02130426550166], [23.141531889076045, 60.020782086554505], [23.142577237047806, 60.01182320260985]]]}, "properties": {"grid_id": "ETRS-TM35FIN-1km-N6659000-E285000", "northing_min": 6659000, "easting_min": 285000, "grid_size_m": 1000}}, {"type": "Feature", "geometry": {"type": "Polygon", "coordinates": [[[23.696699702808772, 60.035842761341485], [23.714617888248775, 60.03628978814094], [23.7137264984354, 60.04525422691368], [23.695803472948597, 60.044807039246244], [23.696699702808772, 60.035842761341485]]]}, "properties": {"grid_id": "ETRS-TM35FIN-1km-N6660000-E316000", "northing_min": 6660000, "easting_min": 316000, "grid_size_m": 1000}}, {"type": "Feature", "geometry": {"type": "Polygon", "coordinates": [[[23.714617888248775, 60.03628978814094], [23.732536636933837, 60.03673438810658], [23.731650087668278, 60.0456989868783], [23.7137264984354, 60.04525422691368], [23.714617888248775, 60.03628978814094]]]}, "properties": {"grid_id": "ETRS-TM35FIN-1km-N6660000-E317000", "northing_min": 6660000, "easting_min": 317000, "grid_size_m": 1000}}, {"type": "Feature", "geometry": {"type": "Polygon", "coordinates": [[[24.001383387054535, 60.04311206633493], [24.019310733630277, 60.04351781688718], [24.018501699075564, 60.0524848573583], [24.000569504301293, 60.05207896072765], [24.001383387054535, 60.04311206633493]]]}, "properties": {"grid_id": "ETRS-TM35FIN-1km-N6660000-E333000", "northing_min": 6660000, "easting_min": 333000, "grid_size_m": 1000}}, {"type": "Feature", "geometry": {"type": "Polygon", "coordinates": [[[24.288280598132943, 60.04931248341596], [24.306215761673045, 60.04967934908471], [24.30548435837657, 60.05864860827324], [24.28754433967763, 60.058281610475944], [24.288280598132943, 60.04931248341596]]]}, "properties": {"grid_id": "ETRS-TM35FIN-1km-N6660000-E349000", "northing_min": 6660000, "easting_min": 349000, "grid_size_m": 1000}}, {"type": "Feature", "geometry": {"type": "Polygon", "coordinates": [[[24.233727092154297, 60.05716602467047], [24.251665703505644, 60.057540318547844], [24.250919263802853, 60.066509160871426], [24.23297579548489, 60.066134732174845], [24.233727092154297, 60.05716602467047]]]}, "properties": {"grid_id": "ETRS-TM35FIN-1km-N6661000-E346000", "northing_min": 6661000, "easting_min": 346000, "grid_size_m": 1000}}, {"type": "Feature", "geometry": {"type": "Polygon", "coordinates": [[[24.28754433967763, 60.058281610475944], [24.30548435837657, 60.05864860827324], [24.304752492086674, 60.06761784981647], [24.2868076151673, 60.06725071981906], [24.28754433967763, 60.058281610475944]]]}, "properties": {"grid_id": "ETRS-TM35FIN-1km-N6661000-E349000", "northing_min": 6661000, "easting_min": 349000, "grid_size_m": 1000}}, {"type": "Feature", "geometry": {"type": "Polygon", "coordinates": [[[24.37724903248239, 60.06009227543233], [24.39519133552226, 60.060447110597494], [24.394483766467957, 60.06941700004057], [24.376536603172223, 60.06906203704254], [24.37724903248239, 60.06009227543233]]]}, "properties": {"grid_id": "ETRS-TM35FIN-1km-N6661000-E354000", "northing_min": 6661000, "easting_min": 354000, "grid_size_m": 1000}}, {"type": "Feature", "geometry": {"type": "Polygon", "coordinates": [[[22.56672110225955, 60.02069955821965], [22.58460730925749, 60.021299564881524], [22.58341057709902, 60.03025212417413], [22.565519560984466, 60.02965190194578], [22.56672110225955, 60.02069955821965]]]}, "properties": {"grid_id": "ETRS-TM35FIN-1km-N6662000-E253000", "northing_min": 6662000, "easting_min": 253000, "grid_size_m": 1000}}, {"type": "Feature", "geometry": {"type": "Polygon", "coordinates": [[[23.65905264407176, 60.05286931445944], [23.676979375015517, 60.05332151976736], [23.676077165440084, 60.06228559507184], [23.658145589372328, 60.06183322698234], [23.65905264407176, 60.05286931445944]]]}, "properties": {"grid_id": "ETRS-TM35FIN-1km-N6662000-E314000", "northing_min": 6662000, "easting_min": 314000, "grid_size_m": 1000}}, {"type": "Feature", "geometry": {"type": "Polygon", "coordinates": [[[24.215032802827004, 60.06575787083355], [24.23297579548489, 60.066134732174845], [24.23222402315531, 60.075103421741936], [24.21427617089188, 60.07472642463508], [24.215032802827004, 60.06575787083355]]]}, "properties": {"grid_id": "ETRS-TM35FIN-1km-N6662000-E345000", "northing_min": 6662000, "easting_min": 345000, "grid_size_m": 1000}}, {"type": "Feature", "geometry": {"type": "Polygon", "coordinates": [[[22.762361795891422, 60.036121311326326], [22.78026095733719, 60.036694922134046], [22.779116446661327, 60.04564977040299], [22.761212465863796, 60.045075953394466], [22.762361795891422, 60.036121311326326]]]}, "properties": {"grid_id": "ETRS-TM35FIN-1km-N6663000-E264000", "northing_min": 6663000, "easting_min": 264000, "grid_size_m": 1000}}, {"type": "Feature", "geometry": {"type": "Polygon", "coordinates": [[[23.676077165440084, 60.06228559507184], [23.6940093123549, 60.062735534025705], [23.693111380612176, 60.07169975089032], [23.675174385017495, 60.07124964993692], [23.676077165440084, 60.06228559507184]]]}, "properties": {"grid_id": "ETRS-TM35FIN-1km-N6663000-E315000", "northing_min": 6663000, "easting_min": 315000, "grid_size_m": 1000}}, {"type": "Feature", "geometry": {"type": "Polygon", "coordinates": [[[23.855423819542697, 60.06667564841655], [23.87336150717437, 60.06710128769571], [23.872512089588767, 60.076067076669915], [23.854569548343402, 60.075641284099554], [23.855423819542697, 60.06667564841655]]]}, "properties": {"grid_id": "ETRS-TM35FIN-1km-N6663000-E325000", "northing_min": 6663000, "easting_min": 325000, "grid_size_m": 1000}}, {"type": "Feature", "geometry": {"type": "Polygon", "coordinates": [[[24.286070424186732, 60.076219811442655], [24.30402016239084, 60.076587073711806], [24.303287368876067, 60.08555627995662], [24.2853327663202, 60.085188885344], [24.286070424186732, 60.076219811442655]]]}, "properties": {"grid_id": "ETRS-TM35FIN-1km-N6663000-E349000", "northing_min": 6663000, "easting_min": 349000, "grid_size_m": 1000}}, {"type": "Feature", "geometry": {"type": "Polygon", "coordinates": [[[24.69840063425057, 60.093022717778226], [24.716365136537146, 60.09333407954397], [24.715743938229256, 60.102306072079536], [24.69777455968939, 60.10199459804052], [24.69840063425057, 60.093022717778226]]]}, "properties": {"grid_id": "ETRS-TM35FIN-1km-N6664000-E372000", "northing_min": 6664000, "easting_min": 372000, "grid_size_m": 1000}}, {"type": "Feature", "geometry": {"type": "Polygon", "coordinates": [[[25.039790479035506, 60.098521668432745], [25.057761930585137, 60.09878669917415], [25.05723344469082, 60.10776065820181], [25.0392571106842, 60.10749553186177], [25.039790479035506, 60.098521668432745]]]}, "properties": {"grid_id": "ETRS-TM35FIN-1km-N6664000-E391000", "northing_min": 6664000, "easting_min": 391000, "grid_size_m": 1000}}, {"type": "Feature", "geometry": {"type": "Polygon", "coordinates": [[[25.093705835283107, 60.09930944226496], [25.11167828225485, 60.099567154435086], [25.111164445514806, 60.10854139498792], [25.09318711519717, 60.10828358985461], [25.093705835283107, 60.09930944226496]]]}, "properties": {"grid_id": "ETRS-TM35FIN-1km-N6664000-E394000", "northing_min": 6664000, "easting_min": 394000, "grid_size_m": 1000}}, {"type": "Feature", "geometry": {"type": "Polygon", "coordinates": [[[22.724246986613977, 60.05287525766894], [22.742154333315746, 60.053454124670665], [22.740998725746575, 60.062408508376755], [22.723086554952587, 60.061829433224254], [22.724246986613977, 60.05287525766894]]]}, "properties": {"grid_id": "ETRS-TM35FIN-1km-N6665000-E262000", "northing_min": 6665000, "easting_min": 262000, "grid_size_m": 1000}}, {"type": "Feature", "geometry": {"type": "Polygon", "coordinates": [[[24.410320580995933, 60.09667947510128], [24.428283238948538, 60.09702994910975], [24.42758362146581, 60.10600002294597], [24.40961609017504, 60.105649422578466], [24.410320580995933, 60.09667947510128]]]}, "properties": {"grid_id": "ETRS-TM35FIN-1km-N6665000-E356000", "northing_min": 6665000, "easting_min": 356000, "grid_size_m": 1000}}, {"type": "Feature", "geometry": {"type": "Polygon", "coordinates": [[[24.661836996489136, 60.10136433506677], [24.6798055780818, 60.10168068566708], [24.679174227606268, 60.11065243652316], [24.661200767388696, 60.11033597183426], [24.661836996489136, 60.10136433506677]]]}, "properties": {"grid_id": "ETRS-TM35FIN-1km-N6665000-E370000", "northing_min": 6665000, "easting_min": 370000, "grid_size_m": 1000}}, {"type": "Feature", "geometry": {"type": "Polygon", "coordinates": [[[24.715743938229256, 60.102306072079536], [24.733713710618343, 60.10261510767727], [24.733096998149136, 60.11158719553591], [24.71512234607208, 60.1112780484813], [24.715743938229256, 60.102306072079536]]]}, "properties": {"grid_id": "ETRS-TM35FIN-1km-N6665000-E373000", "northing_min": 6665000, "easting_min": 373000, "grid_size_m": 1000}}, {"type": "Feature", "geometry": {"type": "Polygon", "coordinates": [[[22.758911626929507, 60.06298516092335], [22.776825255480944, 60.06355939066742], [22.775678573691124, 60.072514162643635], [22.757760116732253, 60.07193972636458], [22.758911626929507, 60.06298516092335]]]}, "properties": {"grid_id": "ETRS-TM35FIN-1km-N6666000-E264000", "northing_min": 6666000, "easting_min": 264000, "grid_size_m": 1000}}, {"type": "Feature", "geometry": {"type": "Polygon", "coordinates": [[[23.009767241498253, 60.07080381434233], [23.027690735637503, 60.071344104664256], [23.02661171794426, 60.080301677302224], [23.008683386625815, 60.07976119256041], [23.009767241498253, 60.07080381434233]]]}, "properties": {"grid_id": "ETRS-TM35FIN-1km-N6666000-E278000", "northing_min": 6666000, "easting_min": 278000, "grid_size_m": 1000}}, {"type": "Feature", "geometry": {"type": "Polygon", "coordinates": [[[24.481488864146105, 60.10703719852099], [24.4994581510437, 60.10737804814173], [24.498777599638526, 60.11634860175619], [24.480803434757085, 60.11600762921365], [24.481488864146105, 60.10703719852099]]]}, "properties": {"grid_id": "ETRS-TM35FIN-1km-N6666000-E360000", "northing_min": 6666000, "easting_min": 360000, "grid_size_m": 1000}}, {"type": "Feature", "geometry": {"type": "Polygon", "coordinates": [[[24.535398015362965, 60.108052433324225], [24.553368586622284, 60.108385968654765], [24.552702671467248, 60.1173568857741], [24.534727221077514, 60.117023230152135], [24.535398015362965, 60.108052433324225]]]}, "properties": {"grid_id": "ETRS-TM35FIN-1km-N6666000-E363000", "northing_min": 6666000, "easting_min": 363000, "grid_size_m": 1000}}, {"type": "Feature", "geometry": {"type": "Polygon", "coordinates": [[[23.69041417353258, 60.098592279323015], [23.708366303307887, 60.09904043402834], [23.707470956716325, 60.108004730914], [23.689513965533173, 60.10755641472996], [23.69041417353258, 60.098592279323015]]]}, "properties": {"grid_id": "ETRS-TM35FIN-1km-N6667000-E316000", "northing_min": 6667000, "easting_min": 316000, "grid_size_m": 1000}}, {"type": "Feature", "geometry": {"type": "Polygon", "coordinates": [[[23.330497980087124, 60.09807923572712], [23.34844298360089, 60.09857619455465], [23.34744988003971, 60.1075370741779], [23.32950002273987, 60.10703993635685], [23.330497980087124, 60.09807923572712]]]}, "properties": {"grid_id": "ETRS-TM35FIN-1km-N6668000-E296000", "northing_min": 6668000, "easting_min": 296000, "grid_size_m": 1000}}, {"type": "Feature", "geometry": {"type": "Polygon", "coordinates": [[[23.54587882514438, 60.103882287092965], [23.563831167973596, 60.104350068072215], [23.56289635274094, 60.11331302771229], [23.544939149585602, 60.11284507818949], [23.54587882514438, 60.103882287092965]]]}, "properties": {"grid_id": "ETRS-TM35FIN-1km-N6668000-E308000", "northing_min": 6668000, "easting_min": 308000, "grid_size_m": 1000}}, {"type": "Feature", "geometry": {"type": "Polygon", "coordinates": [[[23.79726436041376, 60.11020980180916], [23.815224709260356, 60.110643512925876], [23.81435799274765, 60.11960874058761], [23.79639277643648, 60.119174873142946], [23.79726436041376, 60.11020980180916]]]}, "properties": {"grid_id": "ETRS-TM35FIN-1km-N6668000-E322000", "northing_min": 6668000, "easting_min": 322000, "grid_size_m": 1000}}, {"type": "Feature", "geometry": {"type": "Polygon", "coordinates": [[[24.677910325181415, 60.12859588946142], [24.695893952993885, 60.128910141653805], [24.695266288575464, 60.13788195712934], [24.677277772516625, 60.137567591540815], [24.677910325181415, 60.12859588946142]]]}, "properties": {"grid_id": "ETRS-TM35FIN-1km-N6668000-E371000", "northing_min": 6668000, "easting_min": 371000, "grid_size_m": 1000}}, {"type": "Feature", "geometry": {"type": "Polygon", "coordinates": [[[24.713877978802977, 60.129221952878574], [24.73186239951739, 60.129531323028665], [24.731244512655863, 60.138503362660366], [24.71325520298656, 60.13819388087157], [24.713877978802977, 60.129221952878574]]]}, "properties": {"grid_id": "ETRS-TM35FIN-1km-N6668000-E373000", "northing_min": 6668000, "easting_min": 373000, "grid_size_m": 1000}}, {"type": "Feature", "geometry": {"type": "Polygon", "coordinates": [[[24.983684022464626, 60.133606134313055], [25.001673995523163, 60.133878876061615], [25.001129483457863, 60.14285248476488], [24.9831346164818, 60.14257964456912], [24.983684022464626, 60.133606134313055]]]}, "properties": {"grid_id": "ETRS-TM35FIN-1km-N6668000-E388000", "northing_min": 6668000, "easting_min": 388000, "grid_size_m": 1000}}, {"type": "Feature", "geometry": {"type": "Polygon", "coordinates": [[[22.486622280613705, 60.08093509956556], [22.504539146186737, 60.08154630913307], [22.50331779451285, 60.09049781087042], [22.48539610146288, 60.08988638146685], [22.486622280613705, 60.08093509956556]]]}, "properties": {"grid_id": "ETRS-TM35FIN-1km-N6669000-E249000", "northing_min": 6669000, "easting_min": 249000, "grid_size_m": 1000}}, {"type": "Feature", "geometry": {"type": "Polygon", "coordinates": [[[22.80924145600224, 60.09156605262997], [22.827171748602723, 60.09213362495024], [22.82603740623158, 60.10108893596193], [22.808102274213788, 60.100521159369265], [22.80924145600224, 60.09156605262997]]]}, "properties": {"grid_id": "ETRS-TM35FIN-1km-N6669000-E267000", "northing_min": 6669000, "easting_min": 267000, "grid_size_m": 1000}}, {"type": "Feature", "geometry": {"type": "Polygon", "coordinates": [[[22.8630344823383, 60.09326149086805], [22.88096691740819, 60.09382178408039], [22.879847097107152, 60.102777702711414], [22.86190982071353, 60.10221720782578], [22.8630344823383, 60.09326149086805]]]}, "properties": {"grid_id": "ETRS-TM35FIN-1km-N6669000-E270000", "northing_min": 6669000, "easting_min": 270000, "grid_size_m": 1000}}, {"type": "Feature", "geometry": {"type": "Polygon", "coordinates": [[[23.526982541769602, 60.11237469540755], [23.544939149585602, 60.11284507818949], [23.54399887868737, 60.12180784818582], [23.526037408015945, 60.12133729589692], [23.526982541769602, 60.11237469540755]]]}, "properties": {"grid_id": "ETRS-TM35FIN-1km-N6669000-E307000", "northing_min": 6669000, "easting_min": 307000, "grid_size_m": 1000}}, {"type": "Feature", "geometry": {"type": "Polygon", "coordinates": [[[24.33557576619673, 60.13113084318799], [24.35355612628189, 60.13149158238652], [24.3528351920738, 60.14046107573599], [24.334849947936274, 60.140100206393726], [24.33557576619673, 60.13113084318799]]]}, "properties": {"grid_id": "ETRS-TM35FIN-1km-N6669000-E352000", "northing_min": 6669000, "easting_min": 352000, "grid_size_m": 1000}}, {"type": "Feature", "geometry": {"type": "Polygon", "coordinates": [[[24.35355612628189, 60.13149158238652], [24.371536943421248, 60.13184988193322], [24.370820893673795, 60.140819504549064], [24.3528351920738, 60.14046107573599], [24.35355612628189, 60.13149158238652]]]}, "properties": {"grid_id": "ETRS-TM35FIN-1km-N6669000-E353000", "northing_min": 6669000, "easting_min": 353000, "grid_size_m": 1000}}, {"type": "Feature", "geometry": {"type": "Polygon", "coordinates": [[[24.875172847881487, 60.14089129406286], [24.89316557557359, 60.14117879358618], [24.892591340436397, 60.15015178285484], [24.87459371763925, 60.14986417954906], [24.875172847881487, 60.14089129406286]]]}, "properties": {"grid_id": "ETRS-TM35FIN-1km-N6669000-E382000", "northing_min": 6669000, "easting_min": 382000, "grid_size_m": 1000}}, {"type": "Feature", "geometry": {"type": "Polygon", "coordinates": [[[22.915723773017696, 60.10389140943252], [22.933663166459553, 60.10444462088734], [22.932557174293358, 60.113401114844656], [22.914612934606676, 60.11284770420927], [22.915723773017696, 60.10389140943252]]]}, "properties": {"grid_id": "ETRS-TM35FIN-1km-N6670000-E273000", "northing_min": 6670000, "easting_min": 273000, "grid_size_m": 1000}}, {"type": "Feature", "geometry": {"type": "Polygon", "coordinates": [[[23.382367461296468, 60.117485268380435], [23.400324054822335, 60.11797528784638], [23.39934427582067, 60.126936655526606], [23.381382820726106, 60.12644645948656], [23.382367461296468, 60.117485268380435]]]}, "properties": {"grid_id": "ETRS-TM35FIN-1km-N6670000-E299000", "northing_min": 6670000, "easting_min": 299000, "grid_size_m": 1000}}, {"type": "Feature", "geometry": {"type": "Polygon", "coordinates": [[[23.508076536276857, 60.12086430963807], [23.526037408015945, 60.12133729589692], [23.525091675329858, 60.13029987518842], [23.50712593820731, 60.1298267184583], [23.508076536276857, 60.12086430963807]]]}, "properties": {"grid_id": "ETRS-TM35FIN-1km-N6670000-E306000", "northing_min": 6670000, "easting_min": 306000, "grid_size_m": 1000}}, {"type": "Feature", "geometry": {"type": "Polygon", "coordinates": [[[24.748620827863473, 60.14778253676314], [24.76661581151305, 60.14808724426757], [24.76600693131669, 60.15705947262287], [24.748007051821343, 60.15675465511792], [24.748620827863473, 60.14778253676314]]]}, "properties": {"grid_id": "ETRS-TM35FIN-1km-N6670000-E375000", "northing_min": 6670000, "easting_min": 375000, "grid_size_m": 1000}}, {"type": "Feature", "geometry": {"type": "Polygon", "coordinates": [[[24.910589327854215, 60.15043694230141], [24.928587676791405, 60.150719657790724], [24.92802287442096, 60.15969283654171], [24.91001962662835, 60.159410018974675], [24.910589327854215, 60.15043694230141]]]}, "properties": {"grid_id": "ETRS-TM35FIN-1km-N6670000-E384000", "northing_min": 6670000, "easting_min": 384000, "grid_size_m": 1000}}, {"type": "Feature", "geometry": {"type": "Polygon", "coordinates": [[[25.018584735695676, 60.152096572505215], [25.03658518860042, 60.15236462223878], [25.036049785997985, 60.16133839495822], [25.0180444323558, 60.16107024843246], [25.018584735695676, 60.152096572505215]]]}, "properties": {"grid_id": "ETRS-TM35FIN-1km-N6670000-E390000", "northing_min": 6670000, "easting_min": 390000, "grid_size_m": 1000}}, {"type": "Feature", "geometry": {"type": "Polygon", "coordinates": [[[25.07258711070448, 60.152893387753956], [25.090588573694813, 60.15315410335371], [25.090067875117523, 60.162128161162386], [25.072061510486105, 60.16186735141421], [25.07258711070448, 60.152893387753956]]]}, "properties": {"grid_id": "ETRS-TM35FIN-1km-N6670000-E393000", "northing_min": 6670000, "easting_min": 393000, "grid_size_m": 1000}}, {"type": "Feature", "geometry": {"type": "Polygon", "coordinates": [[[25.108590367170763, 60.15341237406172], [25.126592488026947, 60.15366819978915], [25.126081593616085, 60.162642443250355], [25.108074570530235, 60.16238652513739], [25.108590367170763, 60.15341237406172]]]}, "properties": {"grid_id": "ETRS-TM35FIN-1km-N6670000-E395000", "northing_min": 6670000, "easting_min": 395000, "grid_size_m": 1000}}, {"type": "Feature", "geometry": {"type": "Polygon", "coordinates": [[[25.432675620985645, 60.15764307310107], [25.450683103279992, 60.15785487494205], [25.450260495927935, 60.16683063052827], [25.43224810660603, 60.16661875218036], [25.432675620985645, 60.15764307310107]]]}, "properties": {"grid_id": "ETRS-TM35FIN-1km-N6670000-E413000", "northing_min": 6670000, "easting_min": 413000, "grid_size_m": 1000}}, {"type": "Feature", "geometry": {"type": "Polygon", "coordinates": [[[23.48916080361549, 60.12935112704796], [23.50712593820731, 60.1298267184583], [23.506174737606926, 60.13878910598233], [23.48820473510491, 60.13831334313552], [23.48916080361549, 60.12935112704796]]]}, "properties": {"grid_id": "ETRS-TM35FIN-1km-N6671000-E305000", "northing_min": 6671000, "easting_min": 305000, "grid_size_m": 1000}}, {"type": "Feature", "geometry": {"type": "Polygon", "coordinates": [[[24.352113800403167, 60.14943055163018], [24.3701043895519, 60.14978910977993], [24.36938743064955, 60.15875869762342], [24.351391950861224, 60.15840001006668], [24.352113800403167, 60.14943055163018]]]}, "properties": {"grid_id": "ETRS-TM35FIN-1km-N6671000-E353000", "northing_min": 6671000, "easting_min": 353000, "grid_size_m": 1000}}, {"type": "Feature", "geometry": {"type": "Polygon", "coordinates": [[[24.388095433481013, 60.150145226399516], [24.40608692909916, 60.15049890136653], [24.405379752692756, 60.15946874538882], [24.387383365624757, 60.15911494277163], [24.388095433481013, 60.150145226399516]]]}, "properties": {"grid_id": "ETRS-TM35FIN-1km-N6671000-E355000", "northing_min": 6671000, "easting_min": 355000, "grid_size_m": 1000}}, {"type": "Feature", "geometry": {"type": "Polygon", "coordinates": [[[24.51404521510219, 60.15256966971826], [24.53203978594581, 60.15290624976146], [24.531366860762432, 60.16187696272907], [24.513367395719712, 60.161540261187845], [24.51404521510219, 60.15256966971826]]]}, "properties": {"grid_id": "ETRS-TM35FIN-1km-N6671000-E362000", "northing_min": 6671000, "easting_min": 362000, "grid_size_m": 1000}}, {"type": "Feature", "geometry": {"type": "Polygon", "coordinates": [[[24.55003478373058, 60.15324038720323], [24.56803020536092, 60.153572081928736], [24.567367069718212, 60.162543035254515], [24.549366753128048, 60.1622112207896], [24.55003478373058, 60.15324038720323]]]}, "properties": {"grid_id": "ETRS-TM35FIN-1km-N6671000-E364000", "northing_min": 6671000, "easting_min": 364000, "grid_size_m": 1000}}, {"type": "Feature", "geometry": {"type": "Polygon", "coordinates": [[[24.640016068410482, 60.154874431400195], [24.65801356281912, 60.155193910850734], [24.657374907563796, 60.164165449679906], [24.63937251634177, 60.16384585488815], [24.640016068410482, 60.154874431400195]]]}, "properties": {"grid_id": "ETRS-TM35FIN-1km-N6671000-E369000", "northing_min": 6671000, "easting_min": 369000, "grid_size_m": 1000}}, {"type": "Feature", "geometry": {"type": "Polygon", "coordinates": [[[24.748007051821343, 60.15675465511792], [24.76600693131669, 60.15705947262287], [24.76539766445624, 60.166031685017934], [24.747392886014296, 60.16572675745262], [24.748007051821343, 60.15675465511792]]]}, "properties": {"grid_id": "ETRS-TM35FIN-1km-N6671000-E375000", "northing_min": 6671000, "easting_min": 375000, "grid_size_m": 1000}}, {"type": "Feature", "geometry": {"type": "Polygon", "coordinates": [[[24.76600693131669, 60.15705947262287], [24.784007197476058, 60.15736184609842], [24.783402829908074, 60.16633416767342], [24.76539766445624, 60.166031685017934], [24.76600693131669, 60.15705947262287]]]}, "properties": {"grid_id": "ETRS-TM35FIN-1km-N6671000-E376000", "northing_min": 6671000, "easting_min": 376000, "grid_size_m": 1000}}, {"type": "Feature", "geometry": {"type": "Polygon", "coordinates": [[[24.946026480951843, 60.159973209173565], [24.964030443116176, 60.16025113677379], [24.963475086887268, 60.169224501704875], [24.945466222123894, 60.16894647373384], [24.946026480951843, 60.159973209173565]]]}, "properties": {"grid_id": "ETRS-TM35FIN-1km-N6671000-E386000", "northing_min": 6671000, "easting_min": 386000, "grid_size_m": 1000}}, {"type": "Feature", "geometry": {"type": "Polygon", "coordinates": [[[25.414235988953404, 60.16640442651345], [25.43224810660603, 60.16661875218036], [25.431820320557097, 60.17559441717876], [25.41380329300586, 60.17538001408007], [25.414235988953404, 60.16640442651345]]]}, "properties": {"grid_id": "ETRS-TM35FIN-1km-N6671000-E412000", "northing_min": 6671000, "easting_min": 412000, "grid_size_m": 1000}}, {"type": "Feature", "geometry": {"type": "Polygon", "coordinates": [[[23.52414534317717, 60.13926243327624], [23.54211654874869, 60.139733324854944], [23.541174488644717, 60.14869603151616], [23.52319841102311, 60.14822497015445], [23.52414534317717, 60.13926243327624]]]}, "properties": {"grid_id": "ETRS-TM35FIN-1km-N6672000-E307000", "northing_min": 6672000, "easting_min": 307000, "grid_size_m": 1000}}, {"type": "Feature", "geometry": {"type": "Polygon", "coordinates": [[[24.315402369219107, 60.15767530822153], [24.33339692935337, 60.158038880224666], [24.33266972820742, 60.16700819084483], [24.3146702751622, 60.16664448760688], [24.315402369219107, 60.15767530822153]]]}, "properties": {"grid_id": "ETRS-TM35FIN-1km-N6672000-E351000", "northing_min": 6672000, "easting_min": 351000, "grid_size_m": 1000}}, {"type": "Feature", "geometry": {"type": "Polygon", "coordinates": [[[24.72938849768583, 60.165419385082366], [24.747392886014296, 60.16572675745262], [24.7467783300937, 60.174698843766016], [24.728769040064098, 60.17439136039464], [24.72938849768583, 60.165419385082366]]]}, "properties": {"grid_id": "ETRS-TM35FIN-1km-N6672000-E374000", "northing_min": 6672000, "easting_min": 374000, "grid_size_m": 1000}}, {"type": "Feature", "geometry": {"type": "Polygon", "coordinates": [[[24.81941430942497, 60.166931797839446], [24.837420617280785, 60.16722694514432], [24.836830575046296, 60.176199573249136], [24.81881936377176, 60.17590431934817], [24.81941430942497, 60.166931797839446]]]}, "properties": {"grid_id": "ETRS-TM35FIN-1km-N6672000-E379000", "northing_min": 6672000, "easting_min": 379000, "grid_size_m": 1000}}, {"type": "Feature", "geometry": {"type": "Polygon", "coordinates": [[[25.017503785805538, 60.1700439091876], [25.035514043291876, 60.17031215255828], [25.03497796017775, 60.179285895038575], [25.016962795737772, 60.179017554770176], [25.017503785805538, 60.1700439091876]]]}, "properties": {"grid_id": "ETRS-TM35FIN-1km-N6672000-E390000", "northing_min": 6672000, "easting_min": 390000, "grid_size_m": 1000}}, {"type": "Feature", "geometry": {"type": "Polygon", "coordinates": [[[25.035514043291876, 60.17031215255828], [25.053524641186176, 60.17057794954595], [25.0529934653304, 60.17955178804178], [25.03497796017775, 60.179285895038575], [25.035514043291876, 60.17031215255828]]]}, "properties": {"grid_id": "ETRS-TM35FIN-1km-N6672000-E391000", "northing_min": 6672000, "easting_min": 391000, "grid_size_m": 1000}}, {"type": "Feature", "geometry": {"type": "Polygon", "coordinates": [[[25.053524641186176, 60.17057794954595], [25.071535576378583, 60.17084130005905], [25.071009308083102, 60.1798152336882], [25.0529934653304, 60.17955178804178], [25.053524641186176, 60.17057794954595]]]}, "properties": {"grid_id": "ETRS-TM35FIN-1km-N6672000-E392000", "northing_min": 6672000, "easting_min": 392000, "grid_size_m": 1000}}, {"type": "Feature", "geometry": {"type": "Polygon", "coordinates": [[[25.089546845758885, 60.17110220400693], [25.107558446216515, 60.171360661299765], [25.107041993936342, 60.18033478254858], [25.089025485322864, 60.18007623188712], [25.089546845758885, 60.17110220400693]]]}, "properties": {"grid_id": "ETRS-TM35FIN-1km-N6672000-E394000", "northing_min": 6672000, "easting_min": 394000, "grid_size_m": 1000}}, {"type": "Feature", "geometry": {"type": "Polygon", "coordinates": [[[19.76620265657345, 59.9956356161786], [19.783986486423426, 59.99661356028717], [19.782035857469783, 60.00552165323337], [19.76424732282396, 60.0045433597009], [19.76620265657345, 59.9956356161786]]]}, "properties": {"grid_id": "ETRS-TM35FIN-1km-N6673000-E97000", "northing_min": 6673000, "easting_min": 97000, "grid_size_m": 1000}}, {"type": "Feature", "geometry": {"type": "Polygon", "coordinates": [[[24.65673584668333, 60.173136972181], [24.674743543807704, 60.1734542372286], [24.67410898032073, 60.18242585798621], [24.65609637981485, 60.18210847835264], [24.65673584668333, 60.173136972181]]]}, "properties": {"grid_id": "ETRS-TM35FIN-1km-N6673000-E370000", "northing_min": 6673000, "easting_min": 370000, "grid_size_m": 1000}}, {"type": "Feature", "geometry": {"type": "Polygon", "coordinates": [[[24.6927516438158, 60.17376905701882], [24.71076014360296, 60.174081431443355], [24.71013538795786, 60.18305327872994], [24.692121984070877, 60.18274079148144], [24.6927516438158, 60.17376905701882]]]}, "properties": {"grid_id": "ETRS-TM35FIN-1km-N6673000-E372000", "northing_min": 6673000, "easting_min": 372000, "grid_size_m": 1000}}, {"type": "Feature", "geometry": {"type": "Polygon", "coordinates": [[[24.71076014360296, 60.174081431443355], [24.728769040064098, 60.17439136039464], [24.728149188873832, 60.183363319624064], [24.71013538795786, 60.18305327872994], [24.71076014360296, 60.174081431443355]]]}, "properties": {"grid_id": "ETRS-TM35FIN-1km-N6673000-E373000", "northing_min": 6673000, "easting_min": 373000, "grid_size_m": 1000}}, {"type": "Feature", "geometry": {"type": "Polygon", "coordinates": [[[24.728769040064098, 60.17439136039464], [24.7467783300937, 60.174698843766016], [24.746163383710506, 60.183670914057046], [24.728149188873832, 60.183363319624064], [24.728769040064098, 60.17439136039464]]]}, "properties": {"grid_id": "ETRS-TM35FIN-1km-N6673000-E374000", "northing_min": 6673000, "easting_min": 374000, "grid_size_m": 1000}}, {"type": "Feature", "geometry": {"type": "Polygon", "coordinates": [[[24.81881936377176, 60.17590431934817], [24.836830575046296, 60.176199573249136], [24.83624015788513, 60.185172185626705], [24.818224040083866, 60.1848768250716], [24.81881936377176, 60.17590431934817]]]}, "properties": {"grid_id": "ETRS-TM35FIN-1km-N6673000-E379000", "northing_min": 6673000, "easting_min": 379000, "grid_size_m": 1000}}, {"type": "Feature", "geometry": {"type": "Polygon", "coordinates": [[[24.872854119266805, 60.17678274234312], [24.890866445995563, 60.177070657335314], [24.89029075041717, 60.18604358438459], [24.872273516163155, 60.1857555653837], [24.872854119266805, 60.17678274234312]]]}, "properties": {"grid_id": "ETRS-TM35FIN-1km-N6673000-E382000", "northing_min": 6673000, "easting_min": 382000, "grid_size_m": 1000}}, {"type": "Feature", "geometry": {"type": "Polygon", "coordinates": [[[24.98093350144451, 60.178473532808354], [24.99894797512273, 60.17874676732902], [24.998401731471926, 60.18772029990572], [24.980382348346314, 60.18744696666952], [24.98093350144451, 60.178473532808354]]]}, "properties": {"grid_id": "ETRS-TM35FIN-1km-N6673000-E388000", "northing_min": 6673000, "easting_min": 388000, "grid_size_m": 1000}}, {"type": "Feature", "geometry": {"type": "Polygon", "coordinates": [[[24.99894797512273, 60.17874676732902], [25.016962795737772, 60.179017554770176], [25.016421461845006, 60.187991185179925], [24.998401731471926, 60.18772029990572], [24.99894797512273, 60.17874676732902]]]}, "properties": {"grid_id": "ETRS-TM35FIN-1km-N6673000-E389000", "northing_min": 6673000, "easting_min": 389000, "grid_size_m": 1000}}, {"type": "Feature", "geometry": {"type": "Polygon", "coordinates": [[[25.143075992829232, 60.180844540903884], [25.16109347688018, 60.181095748422074], [25.16059143190126, 60.190070129718066], [25.14256903570721, 60.18981883142932], [25.143075992829232, 60.180844540903884]]]}, "properties": {"grid_id": "ETRS-TM35FIN-1km-N6673000-E397000", "northing_min": 6673000, "easting_min": 397000, "grid_size_m": 1000}}, {"type": "Feature", "geometry": {"type": "Polygon", "coordinates": [[[24.65609637981485, 60.18210847835264], [24.67410898032073, 60.18242585798621], [24.67347401358942, 60.19139746247531], [24.655456506595044, 60.191079968193336], [24.65609637981485, 60.18210847835264]]]}, "properties": {"grid_id": "ETRS-TM35FIN-1km-N6674000-E370000", "northing_min": 6674000, "easting_min": 370000, "grid_size_m": 1000}}, {"type": "Feature", "geometry": {"type": "Polygon", "coordinates": [[[24.67410898032073, 60.18242585798621], [24.692121984070877, 60.18274079148144], [24.69149192418904, 60.19171250973752], [24.67347401358942, 60.19139746247531], [24.67410898032073, 60.18242585798621]]]}, "properties": {"grid_id": "ETRS-TM35FIN-1km-N6674000-E371000", "northing_min": 6674000, "easting_min": 371000, "grid_size_m": 1000}}, {"type": "Feature", "geometry": {"type": "Polygon", "coordinates": [[[24.692121984070877, 60.18274079148144], [24.71013538795786, 60.18305327872994], [24.709510235283705, 60.19202510987144], [24.69149192418904, 60.19171250973752], [24.692121984070877, 60.18274079148144]]]}, "properties": {"grid_id": "ETRS-TM35FIN-1km-N6674000-E372000", "northing_min": 6674000, "easting_min": 372000, "grid_size_m": 1000}}, {"type": "Feature", "geometry": {"type": "Polygon", "coordinates": [[[24.728149188873832, 60.183363319624064], [24.746163383710506, 60.183670914057046], [24.745548046515243, 60.19264296832448], [24.72752894376279, 60.19233526276938], [24.728149188873832, 60.183363319624064]]]}, "properties": {"grid_id": "ETRS-TM35FIN-1km-N6674000-E374000", "northing_min": 6674000, "easting_min": 374000, "grid_size_m": 1000}}, {"type": "Feature", "geometry": {"type": "Polygon", "coordinates": [[[24.782192942710733, 60.18427876311671], [24.800208300655612, 60.184579017534055], [24.79960768929594, 60.19355139987672], [24.78158742239393, 60.19325103698291], [24.782192942710733, 60.18427876311671]]]}, "properties": {"grid_id": "ETRS-TM35FIN-1km-N6674000-E377000", "northing_min": 6674000, "easting_min": 377000, "grid_size_m": 1000}}, {"type": "Feature", "geometry": {"type": "Polygon", "coordinates": [[[24.800208300655612, 60.184579017534055], [24.818224040083866, 60.1848768250716], [24.8176283380229, 60.19384931500868], [24.79960768929594, 60.19355139987672], [24.800208300655612, 60.184579017534055]]]}, "properties": {"grid_id": "ETRS-TM35FIN-1km-N6674000-E378000", "northing_min": 6674000, "easting_min": 378000, "grid_size_m": 1000}}, {"type": "Feature", "geometry": {"type": "Polygon", "coordinates": [[[24.89029075041717, 60.18604358438459], [24.90830835059867, 60.186329156001165], [24.90773720005764, 60.19530217067665], [24.889714688911212, 60.19501649587716], [24.89029075041717, 60.18604358438459]]]}, "properties": {"grid_id": "ETRS-TM35FIN-1km-N6674000-E383000", "northing_min": 6674000, "easting_min": 383000, "grid_size_m": 1000}}, {"type": "Feature", "geometry": {"type": "Polygon", "coordinates": [[[24.90830835059867, 60.186329156001165], [24.92632631359529, 60.18661228013509], [24.925760074344094, 60.1955853971109], [24.90773720005764, 60.19530217067665], [24.90830835059867, 60.186329156001165]]]}, "properties": {"grid_id": "ETRS-TM35FIN-1km-N6674000-E384000", "northing_min": 6674000, "easting_min": 384000, "grid_size_m": 1000}}, {"type": "Feature", "geometry": {"type": "Polygon", "coordinates": [[[24.998401731471926, 60.18772029990572], [25.016421461845006, 60.187991185179925], [25.015879783819386, 60.196964800416346], [24.997855140573606, 60.19669381725576], [24.998401731471926, 60.18772029990572]]]}, "properties": {"grid_id": "ETRS-TM35FIN-1km-N6674000-E389000", "northing_min": 6674000, "easting_min": 389000, "grid_size_m": 1000}}, {"type": "Feature", "geometry": {"type": "Polygon", "coordinates": [[[25.034441536350883, 60.188259622398796], [25.052461951874516, 60.18852561146987], [25.05193010051622, 60.19749941982992], [25.033904771506197, 60.19723333463858], [25.034441536350883, 60.188259622398796]]]}, "properties": {"grid_id": "ETRS-TM35FIN-1km-N6674000-E391000", "northing_min": 6674000, "easting_min": 391000, "grid_size_m": 1000}}, {"type": "Feature", "geometry": {"type": "Polygon", "coordinates": [[[25.088503793513077, 60.189050244802786], [25.106525213396104, 60.1893088888838], [25.106008104301843, 60.198282980305194], [25.087981770032776, 60.19802424275368], [25.088503793513077, 60.189050244802786]]]}, "properties": {"grid_id": "ETRS-TM35FIN-1km-N6674000-E394000", "northing_min": 6674000, "easting_min": 394000, "grid_size_m": 1000}}, {"type": "Feature", "geometry": {"type": "Polygon", "coordinates": [[[25.106525213396104, 60.1893088888838], [25.124546961833094, 60.18956508445541], [25.124034767419193, 60.198539268463875], [25.106008104301843, 60.198282980305194], [25.106525213396104, 60.1893088888838]]]}, "properties": {"grid_id": "ETRS-TM35FIN-1km-N6674000-E395000", "northing_min": 6674000, "easting_min": 395000, "grid_size_m": 1000}}, {"type": "Feature", "geometry": {"type": "Polygon", "coordinates": [[[25.124546961833094, 60.18956508445541], [25.14256903570721, 60.18981883142932], [25.1420617562652, 60.19879310714137], [25.124034767419193, 60.198539268463875], [25.124546961833094, 60.18956508445541]]]}, "properties": {"grid_id": "ETRS-TM35FIN-1km-N6674000-E396000", "northing_min": 6674000, "easting_min": 396000, "grid_size_m": 1000}}, {"type": "Feature", "geometry": {"type": "Polygon", "coordinates": [[[24.58339057685852, 60.18978552306786], [24.601406438338746, 60.19011280432678], [24.600751431805303, 60.19908392841191], [24.5827306622002, 60.19875652891537], [24.58339057685852, 60.18978552306786]]]}, "properties": {"grid_id": "ETRS-TM35FIN-1km-N6675000-E366000", "northing_min": 6675000, "easting_min": 366000, "grid_size_m": 1000}}, {"type": "Feature", "geometry": {"type": "Polygon", "coordinates": [[[24.709510235283705, 60.19202510987144], [24.72752894376279, 60.19233526276938], [24.726908304378306, 60.20130718982939], [24.70888468522505, 60.2009969248666], [24.709510235283705, 60.19202510987144]]]}, "properties": {"grid_id": "ETRS-TM35FIN-1km-N6675000-E373000", "northing_min": 6675000, "easting_min": 373000, "grid_size_m": 1000}}, {"type": "Feature", "geometry": {"type": "Polygon", "coordinates": [[[24.72752894376279, 60.19233526276938], [24.745548046515243, 60.19264296832448], [24.744932318158018, 60.20161500656717], [24.726908304378306, 60.20130718982939], [24.72752894376279, 60.19233526276938]]]}, "properties": {"grid_id": "ETRS-TM35FIN-1km-N6675000-E374000", "northing_min": 6675000, "easting_min": 374000, "grid_size_m": 1000}}, {"type": "Feature", "geometry": {"type": "Polygon", "coordinates": [[[24.763567540429587, 60.192948226430694], [24.78158742239393, 60.19325103698291], [24.780981517139377, 60.202223294944076], [24.762956723449932, 60.201920374973824], [24.763567540429587, 60.192948226430694]]]}, "properties": {"grid_id": "ETRS-TM35FIN-1km-N6675000-E376000", "northing_min": 6675000, "easting_min": 376000, "grid_size_m": 1000}}, {"type": "Feature", "geometry": {"type": "Polygon", "coordinates": [[[24.8176283380229, 60.19384931500868], [24.83564936546166, 60.194144782276105], [24.835058197439874, 60.20311736319643], [24.817032257250062, 60.20282178915855], [24.8176283380229, 60.19384931500868]]]}, "properties": {"grid_id": "ETRS-TM35FIN-1km-N6675000-E379000", "northing_min": 6675000, "easting_min": 379000, "grid_size_m": 1000}}, {"type": "Feature", "geometry": {"type": "Polygon", "coordinates": [[[24.90773720005764, 60.19530217067665], [24.925760074344094, 60.1955853971109], [24.925193475068337, 60.20455849864135], [24.907165686376505, 60.20427516985096], [24.90773720005764, 60.19530217067665]]]}, "properties": {"grid_id": "ETRS-TM35FIN-1km-N6675000-E384000", "northing_min": 6675000, "easting_min": 384000, "grid_size_m": 1000}}, {"type": "Feature", "geometry": {"type": "Polygon", "coordinates": [[[25.015879783819386, 60.196964800416346], [25.033904771506197, 60.19723333463858], [25.03336766533824, 60.20620703175763], [25.015337761352672, 60.20593840047913], [25.015879783819386, 60.196964800416346]]]}, "properties": {"grid_id": "ETRS-TM35FIN-1km-N6675000-E390000", "northing_min": 6675000, "easting_min": 390000, "grid_size_m": 1000}}, {"type": "Feature", "geometry": {"type": "Polygon", "coordinates": [[[25.05193010051622, 60.19749941982992], [25.069955767731265, 60.19776305589856], [25.06942849507549, 60.2067369444793], [25.051397910952836, 60.20647321312161], [25.05193010051622, 60.19749941982992]]]}, "properties": {"grid_id": "ETRS-TM35FIN-1km-N6675000-E392000", "northing_min": 6675000, "easting_min": 392000, "grid_size_m": 1000}}, {"type": "Feature", "geometry": {"type": "Polygon", "coordinates": [[[25.087981770032776, 60.19802424275368], [25.106008104301843, 60.198282980305194], [25.10549066635924, 60.20725705681264], [25.087459414584856, 60.20699822573966], [25.087981770032776, 60.19802424275368]]]}, "properties": {"grid_id": "ETRS-TM35FIN-1km-N6675000-E394000", "northing_min": 6675000, "easting_min": 394000, "grid_size_m": 1000}}, {"type": "Feature", "geometry": {"type": "Polygon", "coordinates": [[[25.106008104301843, 60.198282980305194], [25.124034767419193, 60.198539268463875], [25.12352224727658, 60.20751343760889], [25.10549066635924, 60.20725705681264], [25.106008104301843, 60.198282980305194]]]}, "properties": {"grid_id": "ETRS-TM35FIN-1km-N6675000-E395000", "northing_min": 6675000, "easting_min": 395000, "grid_size_m": 1000}}, {"type": "Feature", "geometry": {"type": "Polygon", "coordinates": [[[25.160089067719888, 60.19904449625016], [25.17811669866293, 60.19929343570355], [25.177618933660423, 60.20826787745728], [25.159586384050108, 60.208018848018405], [25.160089067719888, 60.19904449625016]]]}, "properties": {"grid_id": "ETRS-TM35FIN-1km-N6675000-E398000", "northing_min": 6675000, "easting_min": 398000, "grid_size_m": 1000}}, {"type": "Feature", "geometry": {"type": "Polygon", "coordinates": [[[23.268548663264802, 60.16825441380869], [23.286530665570982, 60.16876011891204], [23.285517881481002, 60.177720279321605], [23.26753100260688, 60.177214391825885], [23.268548663264802, 60.16825441380869]]]}, "properties": {"grid_id": "ETRS-TM35FIN-1km-N6676000-E293000", "northing_min": 6676000, "easting_min": 293000, "grid_size_m": 1000}}, {"type": "Feature", "geometry": {"type": "Polygon", "coordinates": [[[23.39443605618758, 60.17174316588499], [23.4124224887527, 60.17223180817961], [23.411443856540092, 60.18119322087318], [23.393452543450586, 60.180704402302844], [23.39443605618758, 60.17174316588499]]]}, "properties": {"grid_id": "ETRS-TM35FIN-1km-N6676000-E300000", "northing_min": 6676000, "easting_min": 300000, "grid_size_m": 1000}}, {"type": "Feature", "geometry": {"type": "Polygon", "coordinates": [[[24.654816226660166, 60.20005144170169], [24.6728386432528, 60.20036905069455], [24.67220286894945, 60.2093406226425], [24.654175539646033, 60.209022898876235], [24.654816226660166, 60.20005144170169]]]}, "properties": {"grid_id": "ETRS-TM35FIN-1km-N6676000-E370000", "northing_min": 6676000, "easting_min": 370000, "grid_size_m": 1000}}, {"type": "Feature", "geometry": {"type": "Polygon", "coordinates": [[[24.853084513564358, 60.203410488385245], [24.871111202506786, 60.20370116462396], [24.87052949129273, 60.212673940822064], [24.852497885812042, 60.2123831595211], [24.853084513564358, 60.203410488385245]]]}, "properties": {"grid_id": "ETRS-TM35FIN-1km-N6676000-E381000", "northing_min": 6676000, "easting_min": 381000, "grid_size_m": 1000}}, {"type": "Feature", "geometry": {"type": "Polygon", "coordinates": [[[24.889138261150013, 60.20398939181232], [24.907165686376505, 60.20427516985096], [24.906593809229975, 60.21324815352343], [24.88856146680548, 60.212962272189316], [24.889138261150013, 60.20398939181232]]]}, "properties": {"grid_id": "ETRS-TM35FIN-1km-N6676000-E383000", "northing_min": 6676000, "easting_min": 383000, "grid_size_m": 1000}}, {"type": "Feature", "geometry": {"type": "Polygon", "coordinates": [[[24.907165686376505, 60.20427516985096], [24.925193475068337, 60.20455849864135], [24.924626515445503, 60.21353158472577], [24.906593809229975, 60.21324815352343], [24.907165686376505, 60.20427516985096]]]}, "properties": {"grid_id": "ETRS-TM35FIN-1km-N6676000-E384000", "northing_min": 6676000, "easting_min": 384000, "grid_size_m": 1000}}, {"type": "Feature", "geometry": {"type": "Polygon", "coordinates": [[[24.943221624107178, 60.20483937808575], [24.96125013037432, 60.205117808087344], [24.960693006764828, 60.21409109634483], [24.942659582330954, 60.21381256569854], [24.943221624107178, 60.20483937808575]]]}, "properties": {"grid_id": "ETRS-TM35FIN-1km-N6676000-E386000", "northing_min": 6676000, "easting_min": 386000, "grid_size_m": 1000}}, {"type": "Feature", "geometry": {"type": "Polygon", "coordinates": [[[24.979278990750664, 60.205393788550076], [24.997308202116734, 60.20566731937878], [24.99676091578994, 60.214640806274296], [24.97872678562525, 60.214367176568494], [24.979278990750664, 60.205393788550076]]]}, "properties": {"grid_id": "ETRS-TM35FIN-1km-N6676000-E388000", "northing_min": 6676000, "easting_min": 388000, "grid_size_m": 1000}}, {"type": "Feature", "geometry": {"type": "Polygon", "coordinates": [[[24.997308202116734, 60.20566731937878], [25.015337761352672, 60.20593840047913], [25.014795394136264, 60.21491198536785], [24.99676091578994, 60.214640806274296], [24.997308202116734, 60.20566731937878]]]}, "properties": {"grid_id": "ETRS-TM35FIN-1km-N6676000-E389000", "northing_min": 6676000, "easting_min": 389000, "grid_size_m": 1000}}, {"type": "Feature", "geometry": {"type": "Polygon", "coordinates": [[[25.015337761352672, 60.20593840047913], [25.03336766533824, 60.20620703175763], [25.032830217541193, 60.21518071375555], [25.014795394136264, 60.21491198536785], [25.015337761352672, 60.20593840047913]]]}, "properties": {"grid_id": "ETRS-TM35FIN-1km-N6676000-E390000", "northing_min": 6676000, "easting_min": 390000, "grid_size_m": 1000}}, {"type": "Feature", "geometry": {"type": "Polygon", "coordinates": [[[25.03336766533824, 60.20620703175763], [25.051397910952836, 60.20647321312161], [25.05086538288134, 60.21544699134468], [25.032830217541193, 60.21518071375555], [25.03336766533824, 60.20620703175763]]]}, "properties": {"grid_id": "ETRS-TM35FIN-1km-N6676000-E391000", "northing_min": 6676000, "easting_min": 391000, "grid_size_m": 1000}}, {"type": "Feature", "geometry": {"type": "Polygon", "coordinates": [[[25.267786368998888, 60.20947626358157], [25.28582077165265, 60.20971058800872], [25.28535222660654, 60.21868553667489], [25.2673129005008, 60.218451127522144], [25.267786368998888, 60.20947626358157]]]}, "properties": {"grid_id": "ETRS-TM35FIN-1km-N6676000-E404000", "northing_min": 6676000, "easting_min": 404000, "grid_size_m": 1000}}, {"type": "Feature", "geometry": {"type": "Polygon", "coordinates": [[[23.26753100260688, 60.177214391825885], [23.285517881481002, 60.177720279321605], [23.28450445471054, 60.18668041724679], [23.26651269619663, 60.18617434725957], [23.26753100260688, 60.177214391825885]]]}, "properties": {"grid_id": "ETRS-TM35FIN-1km-N6677000-E293000", "northing_min": 6677000, "easting_min": 293000, "grid_size_m": 1000}}, {"type": "Feature", "geometry": {"type": "Polygon", "coordinates": [[[23.663386060368367, 60.187780500851076], [23.68138636742316, 60.18823271580889], [23.68048043314109, 60.1971966472144], [23.662475234446553, 60.196744269021885], [23.663386060368367, 60.187780500851076]]]}, "properties": {"grid_id": "ETRS-TM35FIN-1km-N6677000-E315000", "northing_min": 6677000, "easting_min": 315000, "grid_size_m": 1000}}, {"type": "Feature", "geometry": {"type": "Polygon", "coordinates": [[[23.879427011081187, 60.19304590668776], [23.897434013445416, 60.19346881343101], [23.89658681815368, 60.20243463522313], [23.878574918161807, 60.20201157577559], [23.879427011081187, 60.19304590668776]]]}, "properties": {"grid_id": "ETRS-TM35FIN-1km-N6677000-E327000", "northing_min": 6677000, "easting_min": 327000, "grid_size_m": 1000}}, {"type": "Feature", "geometry": {"type": "Polygon", "coordinates": [[[24.654175539646033, 60.209022898876235], [24.67220286894945, 60.2093406226425], [24.671566690317533, 60.21831217831781], [24.65353444518802, 60.2179943397155], [24.654175539646033, 60.209022898876235]]]}, "properties": {"grid_id": "ETRS-TM35FIN-1km-N6677000-E370000", "northing_min": 6677000, "easting_min": 370000, "grid_size_m": 1000}}, {"type": "Feature", "geometry": {"type": "Polygon", "coordinates": [[[24.67220286894945, 60.2093406226425], [24.690230602581373, 60.2096558976247], [24.689599340137832, 60.218627567253144], [24.671566690317533, 60.21831217831781], [24.67220286894945, 60.2093406226425]]]}, "properties": {"grid_id": "ETRS-TM35FIN-1km-N6677000-E371000", "northing_min": 6677000, "easting_min": 371000, "grid_size_m": 1000}}, {"type": "Feature", "geometry": {"type": "Polygon", "coordinates": [[[24.690230602581373, 60.2096558976247], [24.708258737426046, 60.20996872371412], [24.70763239153039, 60.21894050641275], [24.689599340137832, 60.218627567253144], [24.690230602581373, 60.2096558976247]]]}, "properties": {"grid_id": "ETRS-TM35FIN-1km-N6677000-E372000", "northing_min": 6677000, "easting_min": 372000, "grid_size_m": 1000}}, {"type": "Feature", "geometry": {"type": "Polygon", "coordinates": [[[24.780375226602324, 60.211195536999156], [24.798405320759578, 60.21149611702338], [24.797803562898512, 60.22046845182535], [24.779768550437588, 60.22016776314708], [24.780375226602324, 60.211195536999156]]]}, "properties": {"grid_id": "ETRS-TM35FIN-1km-N6677000-E377000", "northing_min": 6677000, "easting_min": 377000, "grid_size_m": 1000}}, {"type": "Feature", "geometry": {"type": "Polygon", "coordinates": [[[24.852497885812042, 60.2123831595211], [24.87052949129273, 60.212673940822064], [24.869947410046535, 60.22164670140443], [24.85191088490767, 60.2213558149839], [24.852497885812042, 60.2123831595211]]]}, "properties": {"grid_id": "ETRS-TM35FIN-1km-N6677000-E381000", "northing_min": 6677000, "easting_min": 381000, "grid_size_m": 1000}}, {"type": "Feature", "geometry": {"type": "Polygon", "coordinates": [[[24.87052949129273, 60.212673940822064], [24.88856146680548, 60.212962272189316], [24.88798430554913, 60.22193513700744], [24.869947410046535, 60.22164670140443], [24.87052949129273, 60.212673940822064]]]}, "properties": {"grid_id": "ETRS-TM35FIN-1km-N6677000-E382000", "northing_min": 6677000, "easting_min": 382000, "grid_size_m": 1000}}, {"type": "Feature", "geometry": {"type": "Polygon", "coordinates": [[[24.906593809229975, 60.21324815352343], [24.924626515445503, 60.21353158472577], [24.924059195152683, 60.22250465536356], [24.90602156829235, 60.22222112169339], [24.906593809229975, 60.21324815352343]]]}, "properties": {"grid_id": "ETRS-TM35FIN-1km-N6677000-E384000", "northing_min": 6677000, "easting_min": 384000, "grid_size_m": 1000}}, {"type": "Feature", "geometry": {"type": "Polygon", "coordinates": [[[24.942659582330954, 60.21381256569854], [24.960693006764828, 60.21409109634483], [24.960135528728735, 60.223064369265984], [24.942097183006243, 60.222785737920084], [24.942659582330954, 60.21381256569854]]]}, "properties": {"grid_id": "ETRS-TM35FIN-1km-N6677000-E386000", "northing_min": 6677000, "easting_min": 386000, "grid_size_m": 1000}}, {"type": "Feature", "geometry": {"type": "Polygon", "coordinates": [[[24.97872678562525, 60.214367176568494], [24.99676091578994, 60.214640806274296], [24.99621328128145, 60.223614277941905], [24.97817422919549, 60.223340549305036], [24.97872678562525, 60.214367176568494]]]}, "properties": {"grid_id": "ETRS-TM35FIN-1km-N6677000-E388000", "northing_min": 6677000, "easting_min": 388000, "grid_size_m": 1000}}, {"type": "Feature", "geometry": {"type": "Polygon", "coordinates": [[[25.014795394136264, 60.21491198536785], [25.032830217541193, 60.21518071375555], [25.03229242780887, 60.22415438063202], [25.014252681861183, 60.223885555082134], [25.014795394136264, 60.21491198536785]]]}, "properties": {"grid_id": "ETRS-TM35FIN-1km-N6677000-E390000", "northing_min": 6677000, "easting_min": 390000, "grid_size_m": 1000}}, {"type": "Feature", "geometry": {"type": "Polygon", "coordinates": [[[25.12300940111336, 60.21648759189035], [25.14104622926588, 60.21674161412515], [25.14053798113002, 60.225715845396735], [25.12249622863731, 60.225461731308144], [25.12300940111336, 60.21648759189035]]]}, "properties": {"grid_id": "ETRS-TM35FIN-1km-N6677000-E396000", "northing_min": 6677000, "easting_min": 396000, "grid_size_m": 1000}}, {"type": "Feature", "geometry": {"type": "Polygon", "coordinates": [[[21.990932424034078, 60.14402157255477], [22.008870697470055, 60.144700302314746], [22.00751154388637, 60.15364529039056], [21.98956843542202, 60.15296631637062], [21.990932424034078, 60.14402157255477]]]}, "properties": {"grid_id": "ETRS-TM35FIN-1km-N6678000-E222000", "northing_min": 6678000, "easting_min": 222000, "grid_size_m": 1000}}, {"type": "Feature", "geometry": {"type": "Polygon", "coordinates": [[[23.662475234446553, 60.196744269021885], [23.68048043314109, 60.1971966472144], [23.67957392341356, 60.20616055819147], [23.661563829990303, 60.205708016675416], [23.662475234446553, 60.196744269021885]]]}, "properties": {"grid_id": "ETRS-TM35FIN-1km-N6678000-E315000", "northing_min": 6678000, "easting_min": 315000, "grid_size_m": 1000}}, {"type": "Feature", "geometry": {"type": "Polygon", "coordinates": [[[23.698486207280983, 60.19764658301429], [23.716492553776643, 60.198094076266756], [23.715595835047857, 60.20705831125882], [23.697584592796854, 60.20661065643758], [23.698486207280983, 60.19764658301429]]]}, "properties": {"grid_id": "ETRS-TM35FIN-1km-N6678000-E317000", "northing_min": 6678000, "easting_min": 317000, "grid_size_m": 1000}}, {"type": "Feature", "geometry": {"type": "Polygon", "coordinates": [[[24.779768550437588, 60.22016776314708], [24.797803562898512, 60.22046845182535], [24.79720142218525, 60.2294407707784], [24.779161488299586, 60.229139973386786], [24.779768550437588, 60.22016776314708]]]}, "properties": {"grid_id": "ETRS-TM35FIN-1km-N6678000-E377000", "northing_min": 6678000, "easting_min": 377000, "grid_size_m": 1000}}, {"type": "Feature", "geometry": {"type": "Polygon", "coordinates": [[[24.90602156829235, 60.22222112169339], [24.924059195152683, 60.22250465536356], [24.923491513866576, 60.23147771055402], [24.905448963237536, 60.23119407436007], [24.90602156829235, 60.22222112169339]]]}, "properties": {"grid_id": "ETRS-TM35FIN-1km-N6678000-E384000", "northing_min": 6678000, "easting_min": 384000, "grid_size_m": 1000}}, {"type": "Feature", "geometry": {"type": "Polygon", "coordinates": [[[24.924059195152683, 60.22250465536356], [24.942097183006243, 60.222785737920084], [24.941534425812527, 60.231758894749774], [24.923491513866576, 60.23147771055402], [24.924059195152683, 60.22250465536356]]]}, "properties": {"grid_id": "ETRS-TM35FIN-1km-N6678000-E385000", "northing_min": 6678000, "easting_min": 385000, "grid_size_m": 1000}}, {"type": "Feature", "geometry": {"type": "Polygon", "coordinates": [[[24.960135528728735, 60.223064369265984], [24.97817422919549, 60.223340549305036], [24.977621321146465, 60.232313906759146], [24.959577695948315, 60.232037626850236], [24.960135528728735, 60.223064369265984]]]}, "properties": {"grid_id": "ETRS-TM35FIN-1km-N6678000-E387000", "northing_min": 6678000, "easting_min": 387000, "grid_size_m": 1000}}, {"type": "Feature", "geometry": {"type": "Polygon", "coordinates": [[[24.99621328128145, 60.223614277941905], [25.014252681861183, 60.223885555082134], [25.01370962421808, 60.232859109621536], [24.995665298279132, 60.23258773438111], [24.99621328128145, 60.223614277941905]]]}, "properties": {"grid_id": "ETRS-TM35FIN-1km-N6678000-E389000", "northing_min": 6678000, "easting_min": 389000, "grid_size_m": 1000}}, {"type": "Feature", "geometry": {"type": "Polygon", "coordinates": [[[25.03229242780887, 60.22415438063202], [25.05033251599833, 60.22442075449881], [25.049799310000044, 60.2333945025837], [25.031754295834713, 60.233128032386695], [25.03229242780887, 60.22415438063202]]]}, "properties": {"grid_id": "ETRS-TM35FIN-1km-N6678000-E391000", "northing_min": 6678000, "easting_min": 391000, "grid_size_m": 1000}}, {"type": "Feature", "geometry": {"type": "Polygon", "coordinates": [[[25.068372943303007, 60.224684676590506], [25.086413706595977, 60.224946146816016], [25.085890353459025, 60.23392008490596], [25.06784466358472, 60.23365852012053], [25.068372943303007, 60.224684676590506]]]}, "properties": {"grid_id": "ETRS-TM35FIN-1km-N6678000-E393000", "northing_min": 6678000, "easting_min": 393000, "grid_size_m": 1000}}, {"type": "Feature", "geometry": {"type": "Polygon", "coordinates": [[[25.12249622863731, 60.225461731308144], [25.14053798113002, 60.225715845396735], [25.140029409517098, 60.23469006185469], [25.121982729555832, 60.23443585586214], [25.12249622863731, 60.225461731308144]]]}, "properties": {"grid_id": "ETRS-TM35FIN-1km-N6678000-E396000", "northing_min": 6678000, "easting_min": 396000, "grid_size_m": 1000}}, {"type": "Feature", "geometry": {"type": "Polygon", "coordinates": [[[25.14053798113002, 60.225715845396735], [25.158580057099748, 60.22596750726309], [25.158076413245514, 60.234941814739514], [25.140029409517098, 60.23469006185469], [25.14053798113002, 60.225715845396735]]]}, "properties": {"grid_id": "ETRS-TM35FIN-1km-N6678000-E397000", "northing_min": 6678000, "easting_min": 397000, "grid_size_m": 1000}}, {"type": "Feature", "geometry": {"type": "Polygon", "coordinates": [[[20.45000906990466, 60.08552900787407], [20.46786698847355, 60.08641560071073], [20.46609397740563, 60.09533640812096], [20.448231296351636, 60.09444949746478], [20.45000906990466, 60.08552900787407]]]}, "properties": {"grid_id": "ETRS-TM35FIN-1km-N6679000-E136000", "northing_min": 6679000, "easting_min": 136000, "grid_size_m": 1000}}, {"type": "Feature", "geometry": {"type": "Polygon", "coordinates": [[[23.769632968074497, 60.20838661363661], [23.787646470860675, 60.208824493225826], [23.78676878282087, 60.217789345805976], [23.768750379163624, 60.217351308072985], [23.769632968074497, 60.20838661363661]]]}, "properties": {"grid_id": "ETRS-TM35FIN-1km-N6679000-E321000", "northing_min": 6679000, "easting_min": 321000, "grid_size_m": 1000}}, {"type": "Feature", "geometry": {"type": "Polygon", "coordinates": [[[24.562713307570093, 60.225339242329134], [24.580748399572077, 60.22566944691867], [24.580086804557734, 60.23464038640113], [24.562046792348262, 60.234310062432435], [24.562713307570093, 60.225339242329134]]]}, "properties": {"grid_id": "ETRS-TM35FIN-1km-N6679000-E365000", "northing_min": 6679000, "easting_min": 365000, "grid_size_m": 1000}}, {"type": "Feature", "geometry": {"type": "Polygon", "coordinates": [[[24.70700564718136, 60.22791227296116], [24.725044017051207, 60.228222874485404], [24.724421797037824, 60.237194737191984], [24.70637850402181, 60.23688402335814], [24.70700564718136, 60.22791227296116]]]}, "properties": {"grid_id": "ETRS-TM35FIN-1km-N6679000-E373000", "northing_min": 6679000, "easting_min": 373000, "grid_size_m": 1000}}, {"type": "Feature", "geometry": {"type": "Polygon", "coordinates": [[[24.779161488299586, 60.229139973386786], [24.79720142218525, 60.2294407707784], [24.79659889827657, 60.238413073881524], [24.778554039842305, 60.23811216771725], [24.779161488299586, 60.229139973386786]]]}, "properties": {"grid_id": "ETRS-TM35FIN-1km-N6679000-E377000", "northing_min": 6679000, "easting_min": 377000, "grid_size_m": 1000}}, {"type": "Feature", "geometry": {"type": "Polygon", "coordinates": [[[24.815241739266256, 60.22973911687512], [24.833282436418337, 60.23003501157395], [24.832689762634974, 60.23900752956902], [24.814644140249815, 60.23871152786648], [24.815241739266256, 60.22973911687512]]]}, "properties": {"grid_id": "ETRS-TM35FIN-1km-N6679000-E379000", "northing_min": 6679000, "easting_min": 379000, "grid_size_m": 1000}}, {"type": "Feature", "geometry": {"type": "Polygon", "coordinates": [[[24.86936495843655, 60.23061944637024], [24.887406777052096, 60.230907986265876], [24.886828880985096, 60.23988081996396], [24.868782136130704, 60.23959217571875], [24.86936495843655, 60.23061944637024]]]}, "properties": {"grid_id": "ETRS-TM35FIN-1km-N6679000-E382000", "northing_min": 6679000, "easting_min": 382000, "grid_size_m": 1000}}, {"type": "Feature", "geometry": {"type": "Polygon", "coordinates": [[[24.959577695948315, 60.232037626850236], [24.977621321146465, 60.232313906759146], [24.977068061162857, 60.24128724893042], [24.959019508105463, 60.2410108690971], [24.959577695948315, 60.232037626850236]]]}, "properties": {"grid_id": "ETRS-TM35FIN-1km-N6679000-E387000", "northing_min": 6679000, "easting_min": 387000, "grid_size_m": 1000}}, {"type": "Feature", "geometry": {"type": "Polygon", "coordinates": [[[24.977621321146465, 60.232313906759146], [24.995665298279132, 60.23258773438111], [24.995116966470462, 60.24156117559152], [24.977068061162857, 60.24128724893042], [24.977621321146465, 60.232313906759146]]]}, "properties": {"grid_id": "ETRS-TM35FIN-1km-N6679000-E388000", "northing_min": 6679000, "easting_min": 388000, "grid_size_m": 1000}}, {"type": "Feature", "geometry": {"type": "Polygon", "coordinates": [[[25.01370962421808, 60.232859109621536], [25.031754295834713, 60.233128032386695], [25.031215821311797, 60.24210166901921], [25.01316622089724, 60.24183264898572], [25.01370962421808, 60.232859109621536]]]}, "properties": {"grid_id": "ETRS-TM35FIN-1km-N6679000-E390000", "northing_min": 6679000, "easting_min": 390000, "grid_size_m": 1000}}, {"type": "Feature", "geometry": {"type": "Polygon", "coordinates": [[[25.121982729555832, 60.23443585586214], [25.140029409517098, 60.23469006185469], [25.139520514136954, 60.24366426349896], [25.121468903575987, 60.243409965552246], [25.121982729555832, 60.23443585586214]]]}, "properties": {"grid_id": "ETRS-TM35FIN-1km-N6679000-E396000", "northing_min": 6679000, "easting_min": 396000, "grid_size_m": 1000}}, {"type": "Feature", "geometry": {"type": "Polygon", "coordinates": [[[25.140029409517098, 60.23469006185469], [25.158076413245514, 60.234941814739514], [25.15757244875557, 60.243916107451994], [25.139520514136954, 60.24366426349896], [25.140029409517098, 60.23469006185469]]]}, "properties": {"grid_id": "ETRS-TM35FIN-1km-N6679000-E397000", "northing_min": 6679000, "easting_min": 397000, "grid_size_m": 1000}}, {"type": "Feature", "geometry": {"type": "Polygon", "coordinates": [[[25.19417137947746, 60.23543796083893], [25.21221933571695, 60.23568235388212], [25.211730165612522, 60.244656914482746], [25.193677277628176, 60.24441243302965], [25.19417137947746, 60.23543796083893]]]}, "properties": {"grid_id": "ETRS-TM35FIN-1km-N6679000-E400000", "northing_min": 6679000, "easting_min": 400000, "grid_size_m": 1000}}, {"type": "Feature", "geometry": {"type": "Polygon", "coordinates": [[[25.21221933571695, 60.23568235388212], [25.230267603195514, 60.23592429347475], [25.229783365115225, 60.244898941599025], [25.211730165612522, 60.244656914482746], [25.21221933571695, 60.23568235388212]]]}, "properties": {"grid_id": "ETRS-TM35FIN-1km-N6679000-E401000", "northing_min": 6679000, "easting_min": 401000, "grid_size_m": 1000}}, {"type": "Feature", "geometry": {"type": "Polygon", "coordinates": [[[22.940560358419326, 60.19456122805439], [22.95854976016229, 60.19511156221646], [22.95744649299425, 60.20406820866637], [22.93945221321443, 60.203517675985594], [22.940560358419326, 60.19456122805439]]]}, "properties": {"grid_id": "ETRS-TM35FIN-1km-N6680000-E275000", "northing_min": 6680000, "easting_min": 275000, "grid_size_m": 1000}}, {"type": "Feature", "geometry": {"type": "Polygon", "coordinates": [[[23.85884794541632, 60.21951704458624], [23.876869107558683, 60.21994285549933], [23.87601538890538, 60.22890846612664], [23.857989320324233, 60.22848250137993], [23.85884794541632, 60.21951704458624]]]}, "properties": {"grid_id": "ETRS-TM35FIN-1km-N6680000-E326000", "northing_min": 6680000, "easting_min": 326000, "grid_size_m": 1000}}, {"type": "Feature", "geometry": {"type": "Polygon", "coordinates": [[[23.876869107558683, 60.21994285549933], [23.894890812097135, 60.22036622060498], [23.894042000368263, 60.229331984186246], [23.87601538890538, 60.22890846612664], [23.876869107558683, 60.21994285549933]]]}, "properties": {"grid_id": "ETRS-TM35FIN-1km-N6680000-E327000", "northing_min": 6680000, "easting_min": 327000, "grid_size_m": 1000}}, {"type": "Feature", "geometry": {"type": "Polygon", "coordinates": [[[24.634209354881218, 60.23561665259588], [24.652251032479658, 60.23593717238251], [24.651608713497865, 60.24490856420731], [24.633562111077094, 60.24458792851233], [24.634209354881218, 60.23561665259588]]]}, "properties": {"grid_id": "ETRS-TM35FIN-1km-N6680000-E369000", "northing_min": 6680000, "easting_min": 369000, "grid_size_m": 1000}}, {"type": "Feature", "geometry": {"type": "Polygon", "coordinates": [[[24.652251032479658, 60.23593717238251], [24.670293118618414, 60.23625524084483], [24.669655724825336, 60.245226747693785], [24.651608713497865, 60.24490856420731], [24.652251032479658, 60.23593717238251]]]}, "properties": {"grid_id": "ETRS-TM35FIN-1km-N6680000-E370000", "northing_min": 6680000, "easting_min": 370000, "grid_size_m": 1000}}, {"type": "Feature", "geometry": {"type": "Polygon", "coordinates": [[[24.76050956807367, 60.23780880947757], [24.778554039842305, 60.23811216771725], [24.77794620471932, 60.24708434613735], [24.759896805622272, 60.24678087818075], [24.76050956807367, 60.23780880947757]]]}, "properties": {"grid_id": "ETRS-TM35FIN-1km-N6680000-E376000", "northing_min": 6680000, "easting_min": 376000, "grid_size_m": 1000}}, {"type": "Feature", "geometry": {"type": "Polygon", "coordinates": [[[24.79659889827657, 60.238413073881524], [24.814644140249815, 60.23871152786648], [24.814046160821395, 60.24768392306583], [24.795995990828843, 60.24738536113372], [24.79659889827657, 60.238413073881524]]]}, "properties": {"grid_id": "ETRS-TM35FIN-1km-N6680000-E378000", "northing_min": 6680000, "easting_min": 378000, "grid_size_m": 1000}}, {"type": "Feature", "geometry": {"type": "Polygon", "coordinates": [[[25.01316622089724, 60.24183264898572], [25.031215821311797, 60.24210166901921], [25.030677003932826, 60.251075290529236], [25.012622471588568, 60.25080617317424], [25.01316622089724, 60.24183264898572]]]}, "properties": {"grid_id": "ETRS-TM35FIN-1km-N6680000-E390000", "northing_min": 6680000, "easting_min": 390000, "grid_size_m": 1000}}, {"type": "Feature", "geometry": {"type": "Polygon", "coordinates": [[[25.049265764582348, 60.24236823559907], [25.067316047576742, 60.24263234863315], [25.066787094977375, 60.251606162128105], [25.048731879440748, 60.251341953544596], [25.049265764582348, 60.24236823559907]]]}, "properties": {"grid_id": "ETRS-TM35FIN-1km-N6680000-E392000", "northing_min": 6680000, "easting_min": 392000, "grid_size_m": 1000}}, {"type": "Feature", "geometry": {"type": "Polygon", "coordinates": [[[25.15757244875557, 60.243916107451994], [25.17562470429753, 60.24416549732429], [25.175125353196723, 60.25313986550423], [25.157068163342228, 60.25289038540048], [25.15757244875557, 60.243916107451994]]]}, "properties": {"grid_id": "ETRS-TM35FIN-1km-N6680000-E398000", "northing_min": 6680000, "easting_min": 398000, "grid_size_m": 1000}}, {"type": "Feature", "geometry": {"type": "Polygon", "coordinates": [[[25.193677277628176, 60.24441243302965], [25.211730165612522, 60.244656914482746], [25.211240683989683, 60.253631460465755], [25.19318286112514, 60.25338689055447], [25.193677277628176, 60.24441243302965]]]}, "properties": {"grid_id": "ETRS-TM35FIN-1km-N6680000-E400000", "northing_min": 6680000, "easting_min": 400000, "grid_size_m": 1000}}, {"type": "Feature", "geometry": {"type": "Polygon", "coordinates": [[[25.211730165612522, 60.244656914482746], [25.229783365115225, 60.244898941599025], [25.229298818652197, 60.253873575153534], [25.211240683989683, 60.253631460465755], [25.211730165612522, 60.244656914482746]]]}, "properties": {"grid_id": "ETRS-TM35FIN-1km-N6680000-E401000", "northing_min": 6680000, "easting_min": 401000, "grid_size_m": 1000}}, {"type": "Feature", "geometry": {"type": "Polygon", "coordinates": [[[22.93945221321443, 60.203517675985594], [22.95744649299425, 60.20406820866637], [22.956342525465374, 60.21302483074181], [22.93834336457898, 60.2124740994345], [22.93945221321443, 60.203517675985594]]]}, "properties": {"grid_id": "ETRS-TM35FIN-1km-N6681000-E275000", "northing_min": 6681000, "easting_min": 275000, "grid_size_m": 1000}}, {"type": "Feature", "geometry": {"type": "Polygon", "coordinates": [[[22.95744649299425, 60.20406820866637], [22.975441473134783, 60.204616303209264], [22.974342387338215, 60.21357312303823], [22.956342525465374, 60.21302483074181], [22.95744649299425, 60.20406820866637]]]}, "properties": {"grid_id": "ETRS-TM35FIN-1km-N6681000-E276000", "northing_min": 6681000, "easting_min": 276000, "grid_size_m": 1000}}, {"type": "Feature", "geometry": {"type": "Polygon", "coordinates": [[[24.236646633377635, 60.23691376759126], [24.25468344978969, 60.237288322360804], [24.25393239671407, 60.24625694227137], [24.235890661129137, 60.245882252091306], [24.236646633377635, 60.23691376759126]]]}, "properties": {"grid_id": "ETRS-TM35FIN-1km-N6681000-E347000", "northing_min": 6681000, "easting_min": 347000, "grid_size_m": 1000}}, {"type": "Feature", "geometry": {"type": "Polygon", "coordinates": [[[24.597470145459233, 60.24393930094068], [24.615515920689027, 60.24426484071959], [24.614863337273402, 60.25323598337538], [24.5968126348373, 60.2529103258557], [24.597470145459233, 60.24393930094068]]]}, "properties": {"grid_id": "ETRS-TM35FIN-1km-N6681000-E367000", "northing_min": 6681000, "easting_min": 367000, "grid_size_m": 1000}}, {"type": "Feature", "geometry": {"type": "Polygon", "coordinates": [[[24.723799180981295, 60.24616658380713], [24.74184779666673, 60.24647495736878], [24.74122971396637, 60.255446899438525], [24.723176168526408, 60.2551384143296], [24.723799180981295, 60.24616658380713]]]}, "properties": {"grid_id": "ETRS-TM35FIN-1km-N6681000-E374000", "northing_min": 6681000, "easting_min": 374000, "grid_size_m": 1000}}, {"type": "Feature", "geometry": {"type": "Polygon", "coordinates": [[[24.77794620471932, 60.24708434613735], [24.795995990828843, 60.24738536113372], [24.79539269949802, 60.25635763253395], [24.77733798258379, 60.25605650864607], [24.77794620471932, 60.24708434613735]]]}, "properties": {"grid_id": "ETRS-TM35FIN-1km-N6681000-E377000", "northing_min": 6681000, "easting_min": 377000, "grid_size_m": 1000}}, {"type": "Feature", "geometry": {"type": "Polygon", "coordinates": [[[24.922355067019353, 60.24942377459048], [24.94040783653413, 60.24970516223125], [24.939844003806485, 60.25867827288184], [24.921786300809686, 60.25839678343521], [24.922355067019353, 60.24942377459048]]]}, "properties": {"grid_id": "ETRS-TM35FIN-1km-N6681000-E385000", "northing_min": 6681000, "easting_min": 385000, "grid_size_m": 1000}}, {"type": "Feature", "geometry": {"type": "Polygon", "coordinates": [[[25.301534412507408, 60.25481748000738], [25.319594059075957, 60.255047317338445], [25.319133899545754, 60.264022361109674], [25.301069313321317, 60.26379244059631], [25.301534412507408, 60.25481748000738]]]}, "properties": {"grid_id": "ETRS-TM35FIN-1km-N6681000-E406000", "northing_min": 6681000, "easting_min": 406000, "grid_size_m": 1000}}, {"type": "Feature", "geometry": {"type": "Polygon", "coordinates": [[[25.69890947279205, 60.2593065166085], [25.716974838628378, 60.259482311384986], [25.716623413098905, 60.26845896048972], [25.698553102469706, 60.268283102072544], [25.69890947279205, 60.2593065166085]]]}, "properties": {"grid_id": "ETRS-TM35FIN-1km-N6681000-E428000", "northing_min": 6681000, "easting_min": 428000, "grid_size_m": 1000}}, {"type": "Feature", "geometry": {"type": "Polygon", "coordinates": [[[25.807304961954074, 60.26032442536396], [25.8253716234188, 60.260485475771006], [25.82504987077009, 60.269462488051204], [25.80697826334846, 60.269301379337605], [25.807304961954074, 60.26032442536396]]]}, "properties": {"grid_id": "ETRS-TM35FIN-1km-N6681000-E434000", "northing_min": 6681000, "easting_min": 434000, "grid_size_m": 1000}}, {"type": "Feature", "geometry": {"type": "Polygon", "coordinates": [[[25.8253716234188, 60.260485475771006], [25.843438489805905, 60.26064406858307], [25.84312168329822, 60.269621138280655], [25.82504987077009, 60.269462488051204], [25.8253716234188, 60.260485475771006]]]}, "properties": {"grid_id": "ETRS-TM35FIN-1km-N6681000-E435000", "northing_min": 6681000, "easting_min": 435000, "grid_size_m": 1000}}, {"type": "Feature", "geometry": {"type": "Polygon", "coordinates": [[[19.926878286626682, 60.08550673062675], [19.94471676424119, 60.08646388560922], [19.94280244265568, 60.09537498789124], [19.92495922356152, 60.09441749016838], [19.926878286626682, 60.08550673062675]]]}, "properties": {"grid_id": "ETRS-TM35FIN-1km-N6682000-E107000", "northing_min": 6682000, "easting_min": 107000, "grid_size_m": 1000}}, {"type": "Feature", "geometry": {"type": "Polygon", "coordinates": [[[21.285828748886498, 60.15140060836428], [21.303750382304603, 60.15217481251569], [21.302199340088286, 60.16110949244473], [21.284272891566953, 60.16033500995333], [21.285828748886498, 60.15140060836428]]]}, "properties": {"grid_id": "ETRS-TM35FIN-1km-N6682000-E183000", "northing_min": 6682000, "easting_min": 183000, "grid_size_m": 1000}}, {"type": "Feature", "geometry": {"type": "Polygon", "coordinates": [[[22.201019138199005, 60.18779656539004], [22.218986922299695, 60.18844712370027], [22.21768254715814, 60.19739485888272], [22.19970990688529, 60.196744066167135], [22.201019138199005, 60.18779656539004]]]}, "properties": {"grid_id": "ETRS-TM35FIN-1km-N6682000-E234000", "northing_min": 6682000, "easting_min": 234000, "grid_size_m": 1000}}, {"type": "Feature", "geometry": {"type": "Polygon", "coordinates": [[[22.920344907751453, 60.21192092930561], [22.93834336457898, 60.2124740994345], [22.937233811884532, 60.22143049839215], [22.919230471507202, 60.220877128655395], [22.920344907751453, 60.21192092930561]]]}, "properties": {"grid_id": "ETRS-TM35FIN-1km-N6682000-E274000", "northing_min": 6682000, "easting_min": 274000, "grid_size_m": 1000}}, {"type": "Feature", "geometry": {"type": "Polygon", "coordinates": [[[23.785011732554516, 60.23571899121724], [23.803040506146157, 60.23615489867232], [23.802166053594497, 60.2451198490165], [23.78413236932851, 60.244683784038905], [23.785011732554516, 60.23571899121724]]]}, "properties": {"grid_id": "ETRS-TM35FIN-1km-N6682000-E322000", "northing_min": 6682000, "easting_min": 322000, "grid_size_m": 1000}}, {"type": "Feature", "geometry": {"type": "Polygon", "coordinates": [[[23.803040506146157, 60.23615489867232], [23.821069835528686, 60.236588359153004], [23.820200294149235, 60.24555346613962], [23.802166053594497, 60.2451198490165], [23.803040506146157, 60.23615489867232]]]}, "properties": {"grid_id": "ETRS-TM35FIN-1km-N6682000-E323000", "northing_min": 6682000, "easting_min": 323000, "grid_size_m": 1000}}, {"type": "Feature", "geometry": {"type": "Polygon", "coordinates": [[[24.109612157868753, 60.24319081892461], [24.12765046018049, 60.24358265865512], [24.12686448222472, 60.25255029379038], [24.108821260699987, 60.25215831239752], [24.109612157868753, 60.24319081892461]]]}, "properties": {"grid_id": "ETRS-TM35FIN-1km-N6682000-E340000", "northing_min": 6682000, "easting_min": 340000, "grid_size_m": 1000}}, {"type": "Feature", "geometry": {"type": "Polygon", "coordinates": [[[24.434375527745967, 60.24986904784531], [24.45242234970535, 60.25021677603569], [24.451724991509245, 60.25918681012724], [24.433673242697065, 60.25883895617108], [24.434375527745967, 60.24986904784531]]]}, "properties": {"grid_id": "ETRS-TM35FIN-1km-N6682000-E358000", "northing_min": 6682000, "easting_min": 358000, "grid_size_m": 1000}}, {"type": "Feature", "geometry": {"type": "Polygon", "coordinates": [[[24.488517321495618, 60.250904876814694], [24.50656546507765, 60.25124524916558], [24.505882889816696, 60.260215655249326], [24.48782981819628, 60.25987515978534], [24.488517321495618, 60.250904876814694]]]}, "properties": {"grid_id": "ETRS-TM35FIN-1km-N6682000-E361000", "northing_min": 6682000, "easting_min": 361000, "grid_size_m": 1000}}, {"type": "Feature", "geometry": {"type": "Polygon", "coordinates": [[[24.52461404295092, 60.25158316933369], [24.542663051989823, 60.25191863720225], [24.541990333971707, 60.26088928685879], [24.523936396117975, 60.260553697646095], [24.52461404295092, 60.25158316933369]]]}, "properties": {"grid_id": "ETRS-TM35FIN-1km-N6682000-E363000", "northing_min": 6682000, "easting_min": 363000, "grid_size_m": 1000}}, {"type": "Feature", "geometry": {"type": "Polygon", "coordinates": [[[24.5968126348373, 60.2529103258557], [24.614863337273402, 60.25323598337538], [24.614210338327023, 60.26220710956142], [24.59615470555671, 60.26188133423664], [24.5968126348373, 60.2529103258557]]]}, "properties": {"grid_id": "ETRS-TM35FIN-1km-N6682000-E367000", "northing_min": 6682000, "easting_min": 367000, "grid_size_m": 1000}}, {"type": "Feature", "geometry": {"type": "Polygon", "coordinates": [[[24.614863337273402, 60.25323598337538], [24.632914455240186, 60.2535591880244], [24.63226638700088, 60.26253043113057], [24.614210338327023, 60.26220710956142], [24.614863337273402, 60.25323598337538]]]}, "properties": {"grid_id": "ETRS-TM35FIN-1km-N6682000-E368000", "northing_min": 6682000, "easting_min": 368000, "grid_size_m": 1000}}, {"type": "Feature", "geometry": {"type": "Polygon", "coordinates": [[[24.77733798258379, 60.25605650864607], [24.79539269949802, 60.25635763253395], [24.794789023939636, 60.26532988808122], [24.776729373088457, 60.26502865524227], [24.77733798258379, 60.25605650864607]]]}, "properties": {"grid_id": "ETRS-TM35FIN-1km-N6682000-E377000", "northing_min": 6682000, "easting_min": 377000, "grid_size_m": 1000}}, {"type": "Feature", "geometry": {"type": "Polygon", "coordinates": [[[24.79539269949802, 60.25635763253395], [24.81344780063974, 60.25665630247219], [24.812849059363185, 60.2656286660846], [24.794789023939636, 60.26532988808122], [24.79539269949802, 60.25635763253395]]]}, "properties": {"grid_id": "ETRS-TM35FIN-1km-N6682000-E378000", "northing_min": 6682000, "easting_min": 378000, "grid_size_m": 1000}}, {"type": "Feature", "geometry": {"type": "Polygon", "coordinates": [[[24.831503282876287, 60.2569525183575], [24.849559143074597, 60.25724628008745], [24.848970271385127, 60.26621885717217], [24.83090947622364, 60.26592498914908], [24.831503282876287, 60.2569525183575]]]}, "properties": {"grid_id": "ETRS-TM35FIN-1km-N6682000-E380000", "northing_min": 6682000, "easting_min": 380000, "grid_size_m": 1000}}, {"type": "Feature", "geometry": {"type": "Polygon", "coordinates": [[[24.849559143074597, 60.25724628008745], [24.867615378101174, 60.257537587560506], [24.867031441711365, 60.266510270052194], [24.848970271385127, 60.26621885717217], [24.849559143074597, 60.25724628008745]]]}, "properties": {"grid_id": "ETRS-TM35FIN-1km-N6682000-E381000", "northing_min": 6682000, "easting_min": 381000, "grid_size_m": 1000}}, {"type": "Feature", "geometry": {"type": "Polygon", "coordinates": [[[24.885671984822146, 60.25782644067595], [24.903728960103212, 60.25811283933385], [24.90315489531091, 60.26708572998065], [24.885092984065658, 60.266799227688345], [24.885671984822146, 60.25782644067595]]]}, "properties": {"grid_id": "ETRS-TM35FIN-1km-N6682000-E383000", "northing_min": 6682000, "easting_min": 383000, "grid_size_m": 1000}}, {"type": "Feature", "geometry": {"type": "Polygon", "coordinates": [[[25.084318293894565, 60.260841809380544], [25.102379116361888, 60.261101202655496], [25.101859368210132, 60.270075174760855], [25.083793606324353, 60.26981568760624], [25.084318293894565, 60.260841809380544]]]}, "properties": {"grid_id": "ETRS-TM35FIN-1km-N6682000-E394000", "northing_min": 6682000, "easting_min": 394000, "grid_size_m": 1000}}, {"type": "Feature", "geometry": {"type": "Polygon", "coordinates": [[[25.174625684021937, 60.2621142189695], [25.192688129685926, 60.26236133341345], [25.192193083027774, 60.27133576160663], [25.174125696487597, 60.27108855772006], [25.174625684021937, 60.2621142189695]]]}, "properties": {"grid_id": "ETRS-TM35FIN-1km-N6682000-E399000", "northing_min": 6682000, "easting_min": 399000, "grid_size_m": 1000}}, {"type": "Feature", "geometry": {"type": "Polygon", "coordinates": [[[25.210750890568807, 60.26260599183132], [25.228813963529618, 60.26284819413847], [25.22832879947034, 60.271822798553934], [25.210260785069945, 60.271580508579504], [25.210750890568807, 60.26260599183132]]]}, "properties": {"grid_id": "ETRS-TM35FIN-1km-N6682000-E401000", "northing_min": 6682000, "easting_min": 401000, "grid_size_m": 1000}}, {"type": "Feature", "geometry": {"type": "Polygon", "coordinates": [[[25.78890686418387, 60.269137812195645], [25.80697826334846, 60.269301379337605], [25.80665135648576, 60.278278320019446], [25.78857500840089, 60.278114693649385], [25.78890686418387, 60.269137812195645]]]}, "properties": {"grid_id": "ETRS-TM35FIN-1km-N6682000-E433000", "northing_min": 6682000, "easting_min": 433000, "grid_size_m": 1000}}, {"type": "Feature", "geometry": {"type": "Polygon", "coordinates": [[[25.80697826334846, 60.269301379337605], [25.82504987077009, 60.269462488051204], [25.824727913014847, 60.27843948707153], [25.80665135648576, 60.278278320019446], [25.80697826334846, 60.269301379337605]]]}, "properties": {"grid_id": "ETRS-TM35FIN-1km-N6682000-E434000", "northing_min": 6682000, "easting_min": 434000, "grid_size_m": 1000}}, {"type": "Feature", "geometry": {"type": "Polygon", "coordinates": [[[22.937233811884532, 60.22143049839215], [22.955237856949932, 60.221981428434], [22.954132486821432, 60.2309380017342], [22.936123554501897, 60.23038687284974], [22.937233811884532, 60.22143049839215]]]}, "properties": {"grid_id": "ETRS-TM35FIN-1km-N6683000-E275000", "northing_min": 6683000, "easting_min": 275000, "grid_size_m": 1000}}, {"type": "Feature", "geometry": {"type": "Polygon", "coordinates": [[[23.802166053594497, 60.2451198490165], [23.820200294149235, 60.24555346613962], [23.819330199588528, 60.25451855336861], [23.801291044753984, 60.254084779517626], [23.802166053594497, 60.2451198490165]]]}, "properties": {"grid_id": "ETRS-TM35FIN-1km-N6683000-E323000", "northing_min": 6683000, "easting_min": 323000, "grid_size_m": 1000}}, {"type": "Feature", "geometry": {"type": "Polygon", "coordinates": [[[23.820200294149235, 60.24555346613962], [23.83823508788513, 60.24598463525868], [23.837369908099934, 60.25494987833483], [23.819330199588528, 60.25451855336861], [23.820200294149235, 60.24555346613962]]]}, "properties": {"grid_id": "ETRS-TM35FIN-1km-N6683000-E324000", "northing_min": 6683000, "easting_min": 324000, "grid_size_m": 1000}}, {"type": "Feature", "geometry": {"type": "Polygon", "coordinates": [[[24.63226638700088, 60.26253043113057], [24.65032284844712, 60.262851298832224], [24.649679301644078, 60.27182264162942], [24.631617905989106, 60.2715016578293], [24.63226638700088, 60.26253043113057]]]}, "properties": {"grid_id": "ETRS-TM35FIN-1km-N6683000-E369000", "northing_min": 6683000, "easting_min": 369000, "grid_size_m": 1000}}, {"type": "Feature", "geometry": {"type": "Polygon", "coordinates": [[[24.885092984065658, 60.266799227688345], [24.90315489531091, 60.26708572998065], [24.90258046476507, 60.27605860512073], [24.884513614418136, 60.27577199913733], [24.885092984065658, 60.266799227688345]]]}, "properties": {"grid_id": "ETRS-TM35FIN-1km-N6683000-E383000", "northing_min": 6683000, "easting_min": 383000, "grid_size_m": 1000}}, {"type": "Feature", "geometry": {"type": "Polygon", "coordinates": [[[24.90315489531091, 60.26708572998065], [24.921217172309632, 60.267369776830044], [24.92064768119393, 60.27634275477432], [24.90258046476507, 60.27605860512073], [24.90315489531091, 60.26708572998065]]]}, "properties": {"grid_id": "ETRS-TM35FIN-1km-N6683000-E384000", "northing_min": 6683000, "easting_min": 384000, "grid_size_m": 1000}}, {"type": "Feature", "geometry": {"type": "Polygon", "coordinates": [[[24.95734281101553, 60.26793050380771], [24.97540616644575, 60.26820718374199], [24.974851495563108, 60.27718046477677], [24.956783199734236, 60.27690368469941], [24.95734281101553, 60.26793050380771]]]}, "properties": {"grid_id": "ETRS-TM35FIN-1km-N6683000-E387000", "northing_min": 6683000, "easting_min": 387000, "grid_size_m": 1000}}, {"type": "Feature", "geometry": {"type": "Polygon", "coordinates": [[[25.11992546131155, 60.270332205438066], [25.137991882486578, 60.27058677954896], [25.137481689129142, 60.27956092193777], [25.11941032480175, 60.27930625567145], [25.11992546131155, 60.270332205438066]]]}, "properties": {"grid_id": "ETRS-TM35FIN-1km-N6683000-E396000", "northing_min": 6683000, "easting_min": 396000, "grid_size_m": 1000}}, {"type": "Feature", "geometry": {"type": "Polygon", "coordinates": [[[25.156058628592834, 60.270838897005355], [25.174125696487597, 60.27108855772006], [25.173625390307777, 60.28006288175601], [25.15555337867967, 60.279813130661715], [25.156058628592834, 60.270838897005355]]]}, "properties": {"grid_id": "ETRS-TM35FIN-1km-N6683000-E398000", "northing_min": 6683000, "easting_min": 398000, "grid_size_m": 1000}}, {"type": "Feature", "geometry": {"type": "Polygon", "coordinates": [[[25.174125696487597, 60.27108855772006], [25.192193083027774, 60.27133576160663], [25.19169772086757, 60.28031017513413], [25.173625390307777, 60.28006288175601], [25.174125696487597, 60.27108855772006]]]}, "properties": {"grid_id": "ETRS-TM35FIN-1km-N6683000-E399000", "northing_min": 6683000, "easting_min": 399000, "grid_size_m": 1000}}, {"type": "Feature", "geometry": {"type": "Polygon", "coordinates": [[[25.192193083027774, 60.27133576160663], [25.210260785069945, 60.271580508579504], [25.2097703672128, 60.28055501071042], [25.19169772086757, 60.28031017513413], [25.192193083027774, 60.27133576160663]]]}, "properties": {"grid_id": "ETRS-TM35FIN-1km-N6683000-E400000", "northing_min": 6683000, "easting_min": 400000, "grid_size_m": 1000}}, {"type": "Feature", "geometry": {"type": "Polygon", "coordinates": [[[25.210260785069945, 60.271580508579504], [25.22832879947034, 60.271822798553934], [25.227843326196894, 60.280797388400124], [25.2097703672128, 60.28055501071042], [25.210260785069945, 60.271580508579504]]]}, "properties": {"grid_id": "ETRS-TM35FIN-1km-N6683000-E401000", "northing_min": 6683000, "easting_min": 401000, "grid_size_m": 1000}}, {"type": "Feature", "geometry": {"type": "Polygon", "coordinates": [[[21.89291195057363, 60.194252150677855], [21.910874912807497, 60.19494449234752], [21.909486327063238, 60.20388806207331], [21.89151851553193, 60.203195471026135], [21.89291195057363, 60.194252150677855]]]}, "properties": {"grid_id": "ETRS-TM35FIN-1km-N6684000-E217000", "northing_min": 6684000, "easting_min": 217000, "grid_size_m": 1000}}, {"type": "Feature", "geometry": {"type": "Polygon", "coordinates": [[[23.74717693341211, 60.252768766157565], [23.765214408556318, 60.253209885761144], [23.76432900964812, 60.26217448014487], [23.74628661861924, 60.26173320108518], [23.74717693341211, 60.252768766157565]]]}, "properties": {"grid_id": "ETRS-TM35FIN-1km-N6684000-E320000", "northing_min": 6684000, "easting_min": 320000, "grid_size_m": 1000}}, {"type": "Feature", "geometry": {"type": "Polygon", "coordinates": [[[23.819330199588528, 60.25451855336861], [23.837369908099934, 60.25494987833483], [23.836504177748736, 60.263915101733836], [23.81845955135086, 60.263483620835416], [23.819330199588528, 60.25451855336861]]]}, "properties": {"grid_id": "ETRS-TM35FIN-1km-N6684000-E324000", "northing_min": 6684000, "easting_min": 324000, "grid_size_m": 1000}}, {"type": "Feature", "geometry": {"type": "Polygon", "coordinates": [[[24.451027189249846, 60.268156827150754], [24.469084312503004, 60.268502353345156], [24.468390999289376, 60.27747247831662], [24.450328942528685, 60.27712682710402], [24.451027189249846, 60.268156827150754]]]}, "properties": {"grid_id": "ETRS-TM35FIN-1km-N6684000-E359000", "northing_min": 6684000, "easting_min": 359000, "grid_size_m": 1000}}, {"type": "Feature", "geometry": {"type": "Polygon", "coordinates": [[[24.79418496380881, 60.274302127774476], [24.81224993664965, 60.274601013902135], [24.811650432156657, 60.28357334592375], [24.793580518760255, 60.28327435161273], [24.79418496380881, 60.274302127774476]]]}, "properties": {"grid_id": "ETRS-TM35FIN-1km-N6684000-E378000", "northing_min": 6684000, "easting_min": 378000, "grid_size_m": 1000}}, {"type": "Feature", "geometry": {"type": "Polygon", "coordinates": [[[25.15555337867967, 60.279813130661715], [25.173625390307777, 60.28006288175601], [25.173124765196214, 60.289037191077306], [25.155047806688863, 60.288787349553964], [25.15555337867967, 60.279813130661715]]]}, "properties": {"grid_id": "ETRS-TM35FIN-1km-N6684000-E398000", "northing_min": 6684000, "easting_min": 398000, "grid_size_m": 1000}}, {"type": "Feature", "geometry": {"type": "Polygon", "coordinates": [[[25.173625390307777, 60.28006288175601], [25.19169772086757, 60.28031017513413], [25.191202042921866, 60.289284573995936], [25.173124765196214, 60.289037191077306], [25.173625390307777, 60.28006288175601]]]}, "properties": {"grid_id": "ETRS-TM35FIN-1km-N6684000-E399000", "northing_min": 6684000, "easting_min": 399000, "grid_size_m": 1000}}, {"type": "Feature", "geometry": {"type": "Polygon", "coordinates": [[[25.2097703672128, 60.28055501071042], [25.227843326196894, 60.280797388400124], [25.22735754343146, 60.28977196367714], [25.209279636716747, 60.28952949822417], [25.2097703672128, 60.28055501071042]]]}, "properties": {"grid_id": "ETRS-TM35FIN-1km-N6684000-E401000", "northing_min": 6684000, "easting_min": 401000, "grid_size_m": 1000}}, {"type": "Feature", "geometry": {"type": "Polygon", "coordinates": [[[21.31703138230215, 60.179751362356974], [21.33496943243364, 60.18052156022477], [21.33342509549606, 60.189456686300986], [21.315482219531173, 60.1886862113576], [21.31703138230215, 60.179751362356974]]]}, "properties": {"grid_id": "ETRS-TM35FIN-1km-N6685000-E185000", "northing_min": 6685000, "easting_min": 185000, "grid_size_m": 1000}}, {"type": "Feature", "geometry": {"type": "Polygon", "coordinates": [[[23.115182077467633, 60.244746605173994], [23.133202790051687, 60.24527350827743], [23.132144983071655, 60.25423197521266], [23.11411937091022, 60.25370488180614], [23.115182077467633, 60.244746605173994]]]}, "properties": {"grid_id": "ETRS-TM35FIN-1km-N6685000-E285000", "northing_min": 6685000, "easting_min": 285000, "grid_size_m": 1000}}, {"type": "Feature", "geometry": {"type": "Polygon", "coordinates": [[[24.450328942528685, 60.27712682710402], [24.468390999289376, 60.27747247831662], [24.467697244347605, 60.28644258628408], [24.449630250946818, 60.28609680998499], [24.450328942528685, 60.27712682710402]]]}, "properties": {"grid_id": "ETRS-TM35FIN-1km-N6685000-E359000", "northing_min": 6685000, "easting_min": 359000, "grid_size_m": 1000}}, {"type": "Feature", "geometry": {"type": "Polygon", "coordinates": [[[24.48645349777813, 60.27781567492831], [24.504516434861902, 60.27815641682036], [24.50383255438741, 60.287126772303765], [24.485764679873085, 60.28678590709662], [24.48645349777813, 60.27781567492831]]]}, "properties": {"grid_id": "ETRS-TM35FIN-1km-N6685000-E361000", "northing_min": 6685000, "easting_min": 361000, "grid_size_m": 1000}}, {"type": "Feature", "geometry": {"type": "Polygon", "coordinates": [[[24.504516434861902, 60.27815641682036], [24.522579807407176, 60.2784947038749], [24.521900864754272, 60.28746518178752], [24.50383255438741, 60.287126772303765], [24.504516434861902, 60.27815641682036]]]}, "properties": {"grid_id": "ETRS-TM35FIN-1km-N6685000-E362000", "northing_min": 6685000, "easting_min": 362000, "grid_size_m": 1000}}, {"type": "Feature", "geometry": {"type": "Polygon", "coordinates": [[[24.576772506469773, 60.27949483484725], [24.59483758951649, 60.27982330138973], [24.594178402004193, 60.28879426015862], [24.576108379599788, 60.288465674731334], [24.576772506469773, 60.27949483484725]]]}, "properties": {"grid_id": "ETRS-TM35FIN-1km-N6685000-E366000", "northing_min": 6685000, "easting_min": 366000, "grid_size_m": 1000}}, {"type": "Feature", "geometry": {"type": "Polygon", "coordinates": [[[24.757441850898243, 60.28266899326871], [24.77551099062723, 60.28297290069295], [24.774901216964718, 60.29194499954523], [24.756827134234165, 60.291640982103836], [24.757441850898243, 60.28266899326871]]]}, "properties": {"grid_id": "ETRS-TM35FIN-1km-N6685000-E376000", "northing_min": 6685000, "easting_min": 376000, "grid_size_m": 1000}}, {"type": "Feature", "geometry": {"type": "Polygon", "coordinates": [[[24.92007782713694, 60.285315717267395], [24.9381503494039, 60.28559751246578], [24.937585078120357, 60.29457056153579], [24.919507609812616, 60.29428866430862], [24.92007782713694, 60.285315717267395]]]}, "properties": {"grid_id": "ETRS-TM35FIN-1km-N6685000-E385000", "northing_min": 6685000, "easting_min": 385000, "grid_size_m": 1000}}, {"type": "Feature", "geometry": {"type": "Polygon", "coordinates": [[[24.956223231794226, 60.28587685025094], [24.97429647116362, 60.286153730526166], [24.97374109292968, 60.295126980989664], [24.955662906875084, 60.29485000046175], [24.956223231794226, 60.28587685025094]]]}, "properties": {"grid_id": "ETRS-TM35FIN-1km-N6685000-E387000", "northing_min": 6685000, "easting_min": 387000, "grid_size_m": 1000}}, {"type": "Feature", "geometry": {"type": "Polygon", "coordinates": [[[24.97429647116362, 60.286153730526166], [24.992370064367393, 60.28642815319552], [24.99181963313664, 60.29540150302355], [24.97374109292968, 60.295126980989664], [24.97429647116362, 60.286153730526166]]]}, "properties": {"grid_id": "ETRS-TM35FIN-1km-N6685000-E388000", "northing_min": 6685000, "easting_min": 388000, "grid_size_m": 1000}}, {"type": "Feature", "geometry": {"type": "Polygon", "coordinates": [[[25.136971170548527, 60.28853504951251], [25.155047806688863, 60.288787349553964], [25.154541912330984, 60.29776155368208], [25.136460326452465, 60.29750916227314], [25.136971170548527, 60.28853504951251]]]}, "properties": {"grid_id": "ETRS-TM35FIN-1km-N6685000-E397000", "northing_min": 6685000, "easting_min": 397000, "grid_size_m": 1000}}, {"type": "Feature", "geometry": {"type": "Polygon", "coordinates": [[[25.155047806688863, 60.288787349553964], [25.173124765196214, 60.289037191077306], [25.1726238208663, 60.29801148568397], [25.154541912330984, 60.29776155368208], [25.155047806688863, 60.288787349553964]]]}, "properties": {"grid_id": "ETRS-TM35FIN-1km-N6685000-E398000", "northing_min": 6685000, "easting_min": 398000, "grid_size_m": 1000}}, {"type": "Feature", "geometry": {"type": "Polygon", "coordinates": [[[25.191202042921866, 60.289284573995936], [25.209279636716747, 60.28952949822417], [25.20878859330081, 60.29850397112087], [25.190706048906872, 60.29825895819214], [25.191202042921866, 60.289284573995936]]]}, "properties": {"grid_id": "ETRS-TM35FIN-1km-N6685000-E400000", "northing_min": 6685000, "easting_min": 400000, "grid_size_m": 1000}}, {"type": "Feature", "geometry": {"type": "Polygon", "coordinates": [[[25.408153128061006, 60.29206136750466], [25.426234268938238, 60.292276781071685], [25.425802653844926, 60.30125224900106], [25.407716559179462, 60.301036757407765], [25.408153128061006, 60.29206136750466]]]}, "properties": {"grid_id": "ETRS-TM35FIN-1km-N6685000-E412000", "northing_min": 6685000, "easting_min": 412000, "grid_size_m": 1000}}, {"type": "Feature", "geometry": {"type": "Polygon", "coordinates": [[[25.697482627752887, 60.2952127775082], [25.715567791666842, 60.29538882705646], [25.715215468903104, 60.30436542233346], [25.697125347582745, 60.30418930900498], [25.697482627752887, 60.2952127775082]]]}, "properties": {"grid_id": "ETRS-TM35FIN-1km-N6685000-E428000", "northing_min": 6685000, "easting_min": 428000, "grid_size_m": 1000}}, {"type": "Feature", "geometry": {"type": "Polygon", "coordinates": [[[25.878343995391894, 60.29686252966531], [25.896431263283148, 60.29701396854461], [25.896128525227397, 60.30599115261916], [25.878036298037056, 60.30583965887027], [25.878343995391894, 60.29686252966531]]]}, "properties": {"grid_id": "ETRS-TM35FIN-1km-N6685000-E438000", "northing_min": 6685000, "easting_min": 438000, "grid_size_m": 1000}}, {"type": "Feature", "geometry": {"type": "Polygon", "coordinates": [[[22.95191963921557, 60.24885107512343], [22.969939058776554, 60.24940015951006], [22.968836477167805, 60.258356857873565], [22.950812160481473, 60.257807575194875], [22.95191963921557, 60.24885107512343]]]}, "properties": {"grid_id": "ETRS-TM35FIN-1km-N6686000-E276000", "northing_min": 6686000, "easting_min": 276000, "grid_size_m": 1000}}, {"type": "Feature", "geometry": {"type": "Polygon", "coordinates": [[[23.817588348939932, 60.27244866853546], [23.835637896338003, 60.272880305451174], [23.8347710633736, 60.281845489482365], [23.816716591858842, 60.28141369646419], [23.817588348939932, 60.27244866853546]]]}, "properties": {"grid_id": "ETRS-TM35FIN-1km-N6686000-E324000", "northing_min": 6686000, "easting_min": 324000, "grid_size_m": 1000}}, {"type": "Feature", "geometry": {"type": "Polygon", "coordinates": [[[24.449630250946818, 60.28609680998499], [24.467697244347605, 60.28644258628408], [24.46700304728106, 60.2954126772455], [24.44893111410481, 60.29506677579147], [24.449630250946818, 60.28609680998499]]]}, "properties": {"grid_id": "ETRS-TM35FIN-1km-N6686000-E359000", "northing_min": 6686000, "easting_min": 359000, "grid_size_m": 1000}}, {"type": "Feature", "geometry": {"type": "Polygon", "coordinates": [[[24.50383255438741, 60.287126772303765], [24.521900864754272, 60.28746518178752], [24.52122148938555, 60.296435642896434], [24.503148238060316, 60.296097110916506], [24.50383255438741, 60.287126772303765]]]}, "properties": {"grid_id": "ETRS-TM35FIN-1km-N6686000-E362000", "northing_min": 6686000, "easting_min": 362000, "grid_size_m": 1000}}, {"type": "Feature", "geometry": {"type": "Polygon", "coordinates": [[[24.558038780497952, 60.288134633117174], [24.576108379599788, 60.288465674731334], [24.575443829427154, 60.29743649800973], [24.55736928820927, 60.297105336559014], [24.558038780497952, 60.288134633117174]]]}, "properties": {"grid_id": "ETRS-TM35FIN-1km-N6686000-E365000", "northing_min": 6686000, "easting_min": 365000, "grid_size_m": 1000}}, {"type": "Feature", "geometry": {"type": "Polygon", "coordinates": [[[24.61224884457252, 60.28912038928526], [24.630319704165668, 60.28944406199837], [24.629669982611638, 60.29841523946563], [24.611594179770023, 60.298091449576454], [24.61224884457252, 60.28912038928526]]]}, "properties": {"grid_id": "ETRS-TM35FIN-1km-N6686000-E368000", "northing_min": 6686000, "easting_min": 368000, "grid_size_m": 1000}}, {"type": "Feature", "geometry": {"type": "Polygon", "coordinates": [[[24.666462661867772, 60.29008403773652], [24.684534753696276, 60.29040034053999], [24.683899864107545, 60.299371864212986], [24.66582282792343, 60.29905544689478], [24.666462661867772, 60.29008403773652]]]}, "properties": {"grid_id": "ETRS-TM35FIN-1km-N6686000-E371000", "northing_min": 6686000, "easting_min": 371000, "grid_size_m": 1000}}, {"type": "Feature", "geometry": {"type": "Polygon", "coordinates": [[[24.829125785099944, 60.29284230710235], [24.84720140397992, 60.29313649435369], [24.84661102960829, 60.30210900872044], [24.828530463203144, 60.30181471494321], [24.829125785099944, 60.29284230710235]]]}, "properties": {"grid_id": "ETRS-TM35FIN-1km-N6686000-E380000", "northing_min": 6686000, "easting_min": 380000, "grid_size_m": 1000}}, {"type": "Feature", "geometry": {"type": "Polygon", "coordinates": [[[24.883353767124557, 60.29371749534209], [24.901430505098574, 60.29400430887786], [24.90085497531981, 60.3029771374935], [24.882773288814768, 60.30269022009631], [24.883353767124557, 60.29371749534209]]]}, "properties": {"grid_id": "ETRS-TM35FIN-1km-N6686000-E383000", "northing_min": 6686000, "easting_min": 383000, "grid_size_m": 1000}}, {"type": "Feature", "geometry": {"type": "Polygon", "coordinates": [[[25.082217536267812, 60.29673723248299], [25.10029813527022, 60.29699700158482], [25.09977706046907, 60.30597091402823], [25.081691509464637, 60.30571105084104], [25.082217536267812, 60.29673723248299]]]}, "properties": {"grid_id": "ETRS-TM35FIN-1km-N6686000-E394000", "northing_min": 6686000, "easting_min": 394000, "grid_size_m": 1000}}, {"type": "Feature", "geometry": {"type": "Polygon", "coordinates": [[[25.136460326452465, 60.29750916227314], [25.154541912330984, 60.29776155368208], [25.15403569531625, 60.30673574304603], [25.13594915654836, 60.306483260219565], [25.136460326452465, 60.29750916227314]]]}, "properties": {"grid_id": "ETRS-TM35FIN-1km-N6686000-E397000", "northing_min": 6686000, "easting_min": 397000, "grid_size_m": 1000}}, {"type": "Feature", "geometry": {"type": "Polygon", "coordinates": [[[25.190706048906872, 60.29825895819214], [25.20878859330081, 60.29850397112087], [25.20829723668368, 60.3074784294006], [25.190209738538453, 60.30723332772284], [25.190706048906872, 60.29825895819214]]]}, "properties": {"grid_id": "ETRS-TM35FIN-1km-N6686000-E400000", "northing_min": 6686000, "easting_min": 400000, "grid_size_m": 1000}}, {"type": "Feature", "geometry": {"type": "Polygon", "coordinates": [[[25.20878859330081, 60.29850397112087], [25.22687145089589, 60.298746524385145], [25.226385048311695, 60.30772107052433], [25.20829723668368, 60.3074784294006], [25.20878859330081, 60.29850397112087]]]}, "properties": {"grid_id": "ETRS-TM35FIN-1km-N6686000-E401000", "northing_min": 6686000, "easting_min": 401000, "grid_size_m": 1000}}, {"type": "Feature", "geometry": {"type": "Polygon", "coordinates": [[[25.2992059502311, 60.29969213912926], [25.317290326536604, 60.29992239282723], [25.31682869824286, 60.3088973649166], [25.298739366538594, 60.308667027808404], [25.2992059502311, 60.29969213912926]]]}, "properties": {"grid_id": "ETRS-TM35FIN-1km-N6686000-E406000", "northing_min": 6686000, "easting_min": 406000, "grid_size_m": 1000}}, {"type": "Feature", "geometry": {"type": "Polygon", "coordinates": [[[22.248443446550937, 60.23448166569226], [22.266438022781248, 60.235126091895545], [22.265144123709945, 60.24407438083548], [22.247144673857747, 60.24342972219727], [22.248443446550937, 60.23448166569226]]]}, "properties": {"grid_id": "ETRS-TM35FIN-1km-N6687000-E237000", "northing_min": 6687000, "easting_min": 237000, "grid_size_m": 1000}}, {"type": "Feature", "geometry": {"type": "Polygon", "coordinates": [[[22.98686149489377, 60.258903696979914], [23.00488721057184, 60.25944809232549], [23.003793730227436, 60.26840516054176], [22.985763113084918, 60.26786056854827], [22.98686149489377, 60.258903696979914]]]}, "properties": {"grid_id": "ETRS-TM35FIN-1km-N6687000-E278000", "northing_min": 6687000, "easting_min": 278000, "grid_size_m": 1000}}, {"type": "Feature", "geometry": {"type": "Polygon", "coordinates": [[[23.383582990906806, 60.270315560919855], [23.401623278903273, 60.27080614753113], [23.40063778331215, 60.279767320027055], [23.382592580798477, 60.279276556081406], [23.383582990906806, 60.270315560919855]]]}, "properties": {"grid_id": "ETRS-TM35FIN-1km-N6687000-E300000", "northing_min": 6687000, "easting_min": 300000, "grid_size_m": 1000}}, {"type": "Feature", "geometry": {"type": "Polygon", "coordinates": [[[24.48507542297911, 60.29575612232682], [24.503148238060316, 60.296097110916506], [24.502463485489105, 60.30506743265659], [24.484385726701905, 60.304726320616886], [24.48507542297911, 60.29575612232682]]]}, "properties": {"grid_id": "ETRS-TM35FIN-1km-N6687000-E361000", "northing_min": 6687000, "easting_min": 361000, "grid_size_m": 1000}}, {"type": "Feature", "geometry": {"type": "Polygon", "coordinates": [[[24.593518794327892, 60.297765202386834], [24.611594179770023, 60.298091449576454], [24.61093909756796, 60.30706249338996], [24.59285876611012, 60.306736128072714], [24.593518794327892, 60.297765202386834]]]}, "properties": {"grid_id": "ETRS-TM35FIN-1km-N6687000-E367000", "northing_min": 6687000, "easting_min": 367000, "grid_size_m": 1000}}, {"type": "Feature", "geometry": {"type": "Polygon", "coordinates": [[[24.828530463203144, 60.30181471494321], [24.84661102960829, 60.30210900872044], [24.846020278721895, 60.31108150740552], [24.827934761644038, 60.31078710704404], [24.828530463203144, 60.30181471494321]]]}, "properties": {"grid_id": "ETRS-TM35FIN-1km-N6687000-E380000", "northing_min": 6687000, "easting_min": 380000, "grid_size_m": 1000}}, {"type": "Feature", "geometry": {"type": "Polygon", "coordinates": [[[25.09977706046907, 60.30597091402823], [25.11786294388141, 60.30622831718416], [25.117346492126224, 60.315202307958835], [25.09925565325995, 60.31494481155571], [25.09977706046907, 60.30597091402823]]]}, "properties": {"grid_id": "ETRS-TM35FIN-1km-N6687000-E395000", "northing_min": 6687000, "easting_min": 395000, "grid_size_m": 1000}}, {"type": "Feature", "geometry": {"type": "Polygon", "coordinates": [[[25.13594915654836, 60.306483260219565], [25.15403569531625, 60.30673574304603], [25.15352915535453, 60.31570991764578], [25.13543766054325, 60.31545734335168], [25.13594915654836, 60.306483260219565]]]}, "properties": {"grid_id": "ETRS-TM35FIN-1km-N6687000-E397000", "northing_min": 6687000, "easting_min": 397000, "grid_size_m": 1000}}, {"type": "Feature", "geometry": {"type": "Polygon", "coordinates": [[[25.17212255703107, 60.30698576557602], [25.190209738538453, 60.30723332772284], [25.189713111532132, 60.31620768258803], [25.171620973403225, 60.31596003075349], [25.17212255703107, 60.30698576557602]]]}, "properties": {"grid_id": "ETRS-TM35FIN-1km-N6687000-E399000", "northing_min": 6687000, "easting_min": 399000, "grid_size_m": 1000}}, {"type": "Feature", "geometry": {"type": "Polygon", "coordinates": [[[25.20829723668368, 60.3074784294006], [25.226385048311695, 60.30772107052433], [25.22589833540006, 60.31669560209476], [25.207805566583705, 60.316452873063476], [25.20829723668368, 60.3074784294006]]]}, "properties": {"grid_id": "ETRS-TM35FIN-1km-N6687000-E401000", "northing_min": 6687000, "easting_min": 401000, "grid_size_m": 1000}}, {"type": "Feature", "geometry": {"type": "Polygon", "coordinates": [[[25.42537076340276, 60.310227702858576], [25.443462090609028, 60.31044081101314], [25.443034884921556, 60.31941632802027], [25.424938597364065, 60.319203142644845], [25.42537076340276, 60.310227702858576]]]}, "properties": {"grid_id": "ETRS-TM35FIN-1km-N6687000-E413000", "northing_min": 6687000, "easting_min": 413000, "grid_size_m": 1000}}, {"type": "Feature", "geometry": {"type": "Polygon", "coordinates": [[[22.787473110072664, 60.26170875248587], [22.805495873030857, 60.262280224975584], [22.804347781946262, 60.2712350565847], [22.786320121463792, 60.27066337770577], [22.787473110072664, 60.26170875248587]]]}, "properties": {"grid_id": "ETRS-TM35FIN-1km-N6688000-E267000", "northing_min": 6688000, "easting_min": 267000, "grid_size_m": 1000}}, {"type": "Feature", "geometry": {"type": "Polygon", "coordinates": [[[24.394003592256748, 60.30298390213583], [24.41207912074457, 60.303337299868716], [24.411369201278312, 60.312306978275], [24.39328872794695, 60.31195345258942], [24.394003592256748, 60.30298390213583]]]}, "properties": {"grid_id": "ETRS-TM35FIN-1km-N6688000-E356000", "northing_min": 6688000, "easting_min": 356000, "grid_size_m": 1000}}, {"type": "Feature", "geometry": {"type": "Polygon", "coordinates": [[[24.520541680912316, 60.305406087199735], [24.538620309829128, 60.305742284128996], [24.53794501549222, 60.314712833367686], [24.519861438945394, 60.31437651469554], [24.520541680912316, 60.305406087199735]]]}, "properties": {"grid_id": "ETRS-TM35FIN-1km-N6688000-E363000", "northing_min": 6688000, "easting_min": 363000, "grid_size_m": 1000}}, {"type": "Feature", "geometry": {"type": "Polygon", "coordinates": [[[24.538620309829128, 60.305742284128996], [24.556699369096666, 60.30607602332786], [24.5560290227766, 60.31504669342194], [24.53794501549222, 60.314712833367686], [24.538620309829128, 60.305742284128996]]]}, "properties": {"grid_id": "ETRS-TM35FIN-1km-N6688000-E364000", "northing_min": 6688000, "easting_min": 364000, "grid_size_m": 1000}}, {"type": "Feature", "geometry": {"type": "Polygon", "coordinates": [[[24.59285876611012, 60.306736128072714], [24.61093909756796, 60.30706249338996], [24.610283597591224, 60.31603352072418], [24.59219831697295, 60.315707037214636], [24.59285876611012, 60.306736128072714]]]}, "properties": {"grid_id": "ETRS-TM35FIN-1km-N6688000-E367000", "northing_min": 6688000, "easting_min": 367000, "grid_size_m": 1000}}, {"type": "Feature", "geometry": {"type": "Polygon", "coordinates": [[[24.647101010662286, 60.30770784934858], [24.665182586007962, 60.3080268397663], [24.664541935754684, 60.31699821634964], [24.646455410130308, 60.316679110403605], [24.647101010662286, 60.30770784934858]]]}, "properties": {"grid_id": "ETRS-TM35FIN-1km-N6688000-E370000", "northing_min": 6688000, "easting_min": 370000, "grid_size_m": 1000}}, {"type": "Feature", "geometry": {"type": "Polygon", "coordinates": [[[24.846020278721895, 60.31108150740552], [24.864106172652964, 60.31137344818594], [24.86351999907526, 60.32034603694206], [24.845429150982213, 60.32005399040809], [24.846020278721895, 60.31108150740552]]]}, "properties": {"grid_id": "ETRS-TM35FIN-1km-N6688000-E381000", "northing_min": 6688000, "easting_min": 381000, "grid_size_m": 1000}}, {"type": "Feature", "geometry": {"type": "Polygon", "coordinates": [[[25.008806512641712, 60.31362041754223], [25.02689565641954, 60.31389021763979], [25.02635408508483, 60.32286371815701], [25.008259984221905, 60.32259382031107], [25.008806512641712, 60.31362041754223]]]}, "properties": {"grid_id": "ETRS-TM35FIN-1km-N6688000-E390000", "northing_min": 6688000, "easting_min": 390000, "grid_size_m": 1000}}, {"type": "Feature", "geometry": {"type": "Polygon", "coordinates": [[[25.044985145525125, 60.314157557182206], [25.06307497680381, 60.31442243607679], [25.062543320568437, 60.323396129421155], [25.044448531586173, 60.32313115455798], [25.044985145525125, 60.314157557182206]]]}, "properties": {"grid_id": "ETRS-TM35FIN-1km-N6688000-E392000", "northing_min": 6688000, "easting_min": 392000, "grid_size_m": 1000}}, {"type": "Feature", "geometry": {"type": "Polygon", "coordinates": [[[25.750710912456068, 60.322663664012985], [25.768811624227535, 60.322832514385844], [25.76847352831176, 60.33180925560573], [25.75036784904418, 60.33164034402477], [25.750710912456068, 60.322663664012985]]]}, "properties": {"grid_id": "ETRS-TM35FIN-1km-N6688000-E431000", "northing_min": 6688000, "easting_min": 431000, "grid_size_m": 1000}}, {"type": "Feature", "geometry": {"type": "Polygon", "coordinates": [[[22.948595090003437, 60.27572050204733], [22.96662921020351, 60.27627018163421], [22.96552452359215, 60.28522680701388], [22.94748549699823, 60.284676928810626], [22.948595090003437, 60.27572050204733]]]}, "properties": {"grid_id": "ETRS-TM35FIN-1km-N6689000-E276000", "northing_min": 6689000, "easting_min": 276000, "grid_size_m": 1000}}, {"type": "Feature", "geometry": {"type": "Polygon", "coordinates": [[[23.489911616834792, 60.291146429787645], [23.50796545748238, 60.29162267089697], [23.50700824285637, 60.30058484630888], [23.4889494781384, 60.30010843295668], [23.489911616834792, 60.291146429787645]]]}, "properties": {"grid_id": "ETRS-TM35FIN-1km-N6689000-E306000", "northing_min": 6689000, "easting_min": 306000, "grid_size_m": 1000}}, {"type": "Feature", "geometry": {"type": "Polygon", "coordinates": [[[23.63435922494405, 60.294887732035846], [23.652417851892338, 60.295344363602716], [23.651500049270165, 60.30430788521808], [23.633436493957173, 60.30385108846283], [23.63435922494405, 60.294887732035846]]]}, "properties": {"grid_id": "ETRS-TM35FIN-1km-N6689000-E314000", "northing_min": 6689000, "easting_min": 314000, "grid_size_m": 1000}}, {"type": "Feature", "geometry": {"type": "Polygon", "coordinates": [[[24.212509586799467, 60.308283044984194], [24.230585359912666, 60.308661141632214], [24.229825526618093, 60.317629482680246], [24.211744809743312, 60.317251249142245], [24.212509586799467, 60.308283044984194]]]}, "properties": {"grid_id": "ETRS-TM35FIN-1km-N6689000-E346000", "northing_min": 6689000, "easting_min": 346000, "grid_size_m": 1000}}, {"type": "Feature", "geometry": {"type": "Polygon", "coordinates": [[[24.447531503040267, 60.31300665617247], [24.465613325184744, 60.31335280814184], [24.46491779935932, 60.322322848072574], [24.446831028016458, 60.32197657074264], [24.447531503040267, 60.31300665617247]]]}, "properties": {"grid_id": "ETRS-TM35FIN-1km-N6689000-E359000", "northing_min": 6689000, "easting_min": 359000, "grid_size_m": 1000}}, {"type": "Feature", "geometry": {"type": "Polygon", "coordinates": [[[24.519861438945394, 60.31437651469554], [24.53794501549222, 60.314712833367686], [24.53726929041768, 60.323683365863644], [24.519180763095157, 60.32334692538194], [24.519861438945394, 60.31437651469554]]]}, "properties": {"grid_id": "ETRS-TM35FIN-1km-N6689000-E363000", "northing_min": 6689000, "easting_min": 363000, "grid_size_m": 1000}}, {"type": "Feature", "geometry": {"type": "Polygon", "coordinates": [[[24.59219831697295, 60.315707037214636], [24.610283597591224, 60.31603352072418], [24.60962767946424, 60.32500453157747], [24.591537446537995, 60.32467792981093], [24.59219831697295, 60.315707037214636]]]}, "properties": {"grid_id": "ETRS-TM35FIN-1km-N6689000-E367000", "northing_min": 6689000, "easting_min": 367000, "grid_size_m": 1000}}, {"type": "Feature", "geometry": {"type": "Polygon", "coordinates": [[[24.610283597591224, 60.31603352072418], [24.628369296359672, 60.31635754515795], [24.627718330916682, 60.325328673379886], [24.60962767946424, 60.32500453157747], [24.610283597591224, 60.31603352072418]]]}, "properties": {"grid_id": "ETRS-TM35FIN-1km-N6689000-E368000", "northing_min": 6689000, "easting_min": 368000, "grid_size_m": 1000}}, {"type": "Feature", "geometry": {"type": "Polygon", "coordinates": [[[24.664541935754684, 60.31699821634964], [24.68262887008392, 60.31731486288543], [24.681992764920864, 60.326286337882124], [24.663900876796475, 60.325969576643374], [24.664541935754684, 60.31699821634964]]]}, "properties": {"grid_id": "ETRS-TM35FIN-1km-N6689000-E371000", "northing_min": 6689000, "easting_min": 371000, "grid_size_m": 1000}}, {"type": "Feature", "geometry": {"type": "Polygon", "coordinates": [[[24.7188039522592, 60.317940777287845], [24.73689209380526, 60.31825004493741], [24.73627085220484, 60.32722185871016], [24.718177755777855, 60.32691247902413], [24.7188039522592, 60.317940777287845]]]}, "properties": {"grid_id": "ETRS-TM35FIN-1km-N6689000-E374000", "northing_min": 6689000, "easting_min": 374000, "grid_size_m": 1000}}, {"type": "Feature", "geometry": {"type": "Polygon", "coordinates": [[[24.73689209380526, 60.31825004493741], [24.75498063145623, 60.318556852742574], [24.75436434509301, 60.32752877766278], [24.73627085220484, 60.32722185871016], [24.73689209380526, 60.31825004493741]]]}, "properties": {"grid_id": "ETRS-TM35FIN-1km-N6689000-E375000", "northing_min": 6689000, "easting_min": 375000, "grid_size_m": 1000}}, {"type": "Feature", "geometry": {"type": "Polygon", "coordinates": [[[24.809248589525694, 60.31946251603197], [24.8273386800813, 60.319759483403985], [24.82674221817319, 60.32873184402207], [24.808647170983512, 60.32843476905951], [24.809248589525694, 60.31946251603197]]]}, "properties": {"grid_id": "ETRS-TM35FIN-1km-N6689000-E379000", "northing_min": 6689000, "easting_min": 379000, "grid_size_m": 1000}}, {"type": "Feature", "geometry": {"type": "Polygon", "coordinates": [[[24.8273386800813, 60.319759483403985], [24.845429150982213, 60.32005399040809], [24.844837646050333, 60.32902645772722], [24.82674221817319, 60.32873184402207], [24.8273386800813, 60.319759483403985]]]}, "properties": {"grid_id": "ETRS-TM35FIN-1km-N6689000-E380000", "northing_min": 6689000, "easting_min": 380000, "grid_size_m": 1000}}, {"type": "Feature", "geometry": {"type": "Polygon", "coordinates": [[[25.15302229215534, 60.32468407748129], [25.171119069695102, 60.32493428121636], [25.17061684561871, 60.33390851696464], [25.152515105427845, 60.33365822255252], [25.15302229215534, 60.32468407748129]]]}, "properties": {"grid_id": "ETRS-TM35FIN-1km-N6689000-E398000", "northing_min": 6689000, "easting_min": 398000, "grid_size_m": 1000}}, {"type": "Feature", "geometry": {"type": "Polygon", "coordinates": [[[25.71415715092415, 60.331295127444946], [25.732262388858487, 60.33146896795134], [25.731914135896172, 60.34044557244662], [25.713803927693494, 60.34027166891281], [25.71415715092415, 60.331295127444946]]]}, "properties": {"grid_id": "ETRS-TM35FIN-1km-N6689000-E429000", "northing_min": 6689000, "easting_min": 429000, "grid_size_m": 1000}}, {"type": "Feature", "geometry": {"type": "Polygon", "coordinates": [[[25.732262388858487, 60.33146896795134], [25.75036784904418, 60.33164034402477], [25.75002456655038, 60.340617010654626], [25.731914135896172, 60.34044557244662], [25.732262388858487, 60.33146896795134]]]}, "properties": {"grid_id": "ETRS-TM35FIN-1km-N6689000-E430000", "northing_min": 6689000, "easting_min": 430000, "grid_size_m": 1000}}, {"type": "Feature", "geometry": {"type": "Polygon", "coordinates": [[[24.030964983596018, 60.31333378562658], [24.049040682028842, 60.31373658588709], [24.048230915198957, 60.32270349945693], [24.030150274374495, 60.32230055337038], [24.030964983596018, 60.31333378562658]]]}, "properties": {"grid_id": "ETRS-TM35FIN-1km-N6690000-E336000", "northing_min": 6690000, "easting_min": 336000, "grid_size_m": 1000}}, {"type": "Feature", "geometry": {"type": "Polygon", "coordinates": [[[24.446831028016458, 60.32197657074264], [24.46491779935932, 60.322322848072574], [24.464221829817806, 60.33129287098892], [24.446130106129967, 60.33094646822976], [24.446831028016458, 60.32197657074264]]]}, "properties": {"grid_id": "ETRS-TM35FIN-1km-N6690000-E359000", "northing_min": 6690000, "easting_min": 359000, "grid_size_m": 1000}}, {"type": "Feature", "geometry": {"type": "Polygon", "coordinates": [[[24.483005014418186, 60.32266666636846], [24.501092670045985, 60.32300802551104], [24.5004066063887, 60.33197829662143], [24.482313997620682, 60.33163681382591], [24.483005014418186, 60.32266666636846]]]}, "properties": {"grid_id": "ETRS-TM35FIN-1km-N6690000-E361000", "northing_min": 6690000, "easting_min": 361000, "grid_size_m": 1000}}, {"type": "Feature", "geometry": {"type": "Polygon", "coordinates": [[[24.501092670045985, 60.32300802551104], [24.519180763095157, 60.32334692538194], [24.518499652971492, 60.33231731925701], [24.5004066063887, 60.33197829662143], [24.501092670045985, 60.32300802551104]]]}, "properties": {"grid_id": "ETRS-TM35FIN-1km-N6690000-E362000", "northing_min": 6690000, "easting_min": 362000, "grid_size_m": 1000}}, {"type": "Feature", "geometry": {"type": "Polygon", "coordinates": [[[24.519180763095157, 60.32334692538194], [24.53726929041768, 60.323683365863644], [24.536593134218215, 60.332653881614995], [24.518499652971492, 60.33231731925701], [24.519180763095157, 60.32334692538194]]]}, "properties": {"grid_id": "ETRS-TM35FIN-1km-N6690000-E363000", "northing_min": 6690000, "easting_min": 363000, "grid_size_m": 1000}}, {"type": "Feature", "geometry": {"type": "Polygon", "coordinates": [[[24.627718330916682, 60.325328673379886], [24.645809397744515, 60.3256503551057], [24.645162973134514, 60.33462158345346], [24.62706695009822, 60.33429978518364], [24.627718330916682, 60.325328673379886]]]}, "properties": {"grid_id": "ETRS-TM35FIN-1km-N6690000-E369000", "northing_min": 6690000, "easting_min": 369000, "grid_size_m": 1000}}, {"type": "Feature", "geometry": {"type": "Polygon", "coordinates": [[[24.645809397744515, 60.3256503551057], [24.663900876796475, 60.325969576643374], [24.663259408765768, 60.33494092064606], [24.645162973134514, 60.33462158345346], [24.645809397744515, 60.3256503551057]]]}, "properties": {"grid_id": "ETRS-TM35FIN-1km-N6690000-E370000", "northing_min": 6690000, "easting_min": 370000, "grid_size_m": 1000}}, {"type": "Feature", "geometry": {"type": "Polygon", "coordinates": [[[24.663900876796475, 60.325969576643374], [24.681992764920864, 60.326286337882124], [24.681356253837457, 60.33525779665063], [24.663259408765768, 60.33494092064606], [24.663900876796475, 60.325969576643374]]]}, "properties": {"grid_id": "ETRS-TM35FIN-1km-N6690000-E371000", "northing_min": 6690000, "easting_min": 371000, "grid_size_m": 1000}}, {"type": "Feature", "geometry": {"type": "Polygon", "coordinates": [[[24.681992764920864, 60.326286337882124], [24.70008505896552, 60.32660063871206], [24.699453505194604, 60.33557221135717], [24.681356253837457, 60.33525779665063], [24.681992764920864, 60.326286337882124]]]}, "properties": {"grid_id": "ETRS-TM35FIN-1km-N6690000-E372000", "northing_min": 6690000, "easting_min": 372000, "grid_size_m": 1000}}, {"type": "Feature", "geometry": {"type": "Polygon", "coordinates": [[[25.025812168111646, 60.3318372035485], [25.04391157516624, 60.33210473686108], [25.043374275957124, 60.34107830409123], [25.02526990518895, 60.34081067381388], [25.025812168111646, 60.3318372035485]]]}, "properties": {"grid_id": "ETRS-TM35FIN-1km-N6690000-E391000", "northing_min": 6690000, "easting_min": 391000, "grid_size_m": 1000}}, {"type": "Feature", "geometry": {"type": "Polygon", "coordinates": [[[25.134413689056412, 60.33340546517275], [25.152515105427845, 60.33365822255252], [25.15200759488086, 60.342632352859425], [25.133901212986995, 60.342379503861515], [25.134413689056412, 60.33340546517275]]]}, "properties": {"grid_id": "ETRS-TM35FIN-1km-N6690000-E397000", "northing_min": 6690000, "easting_min": 397000, "grid_size_m": 1000}}, {"type": "Feature", "geometry": {"type": "Polygon", "coordinates": [[[25.677584191330865, 60.339916466110516], [25.695693945114446, 60.34009530011369], [25.695335523022948, 60.34907176417685], [25.677220796208317, 60.34889286532515], [25.677584191330865, 60.339916466110516]]]}, "properties": {"grid_id": "ETRS-TM35FIN-1km-N6690000-E427000", "northing_min": 6690000, "easting_min": 427000, "grid_size_m": 1000}}, {"type": "Feature", "geometry": {"type": "Polygon", "coordinates": [[[26.021705562811512, 60.34289270619658], [26.039819121098233, 60.34302469166984], [26.039555222504358, 60.352002218086206], [26.021436687758666, 60.35187018474388], [26.021705562811512, 60.34289270619658]]]}, "properties": {"grid_id": "ETRS-TM35FIN-1km-N6690000-E446000", "northing_min": 6690000, "easting_min": 446000, "grid_size_m": 1000}}, {"type": "Feature", "geometry": {"type": "Polygon", "coordinates": [[[22.892247642024113, 60.29196841976485], [22.910289448860848, 60.292525836787426], [22.909168619913537, 60.30148181433527], [22.891121902398393, 60.30092419584698], [22.892247642024113, 60.29196841976485]]]}, "properties": {"grid_id": "ETRS-TM35FIN-1km-N6691000-E273000", "northing_min": 6691000, "easting_min": 273000, "grid_size_m": 1000}}, {"type": "Feature", "geometry": {"type": "Polygon", "coordinates": [[[23.560245143438223, 60.31096204248459], [23.57831125776323, 60.31142881763823], [23.577372549786496, 60.32039163131165], [23.559301502981263, 60.319924687256844], [23.560245143438223, 60.31096204248459]]]}, "properties": {"grid_id": "ETRS-TM35FIN-1km-N6691000-E310000", "northing_min": 6691000, "easting_min": 310000, "grid_size_m": 1000}}, {"type": "Feature", "geometry": {"type": "Polygon", "coordinates": [[[24.590876154426415, 60.33364880585991], [24.608971342810978, 60.33397552594827], [24.60831458725497, 60.342946503834945], [24.590214440258904, 60.34261966535991], [24.590876154426415, 60.33364880585991]]]}, "properties": {"grid_id": "ETRS-TM35FIN-1km-N6691000-E367000", "northing_min": 6691000, "easting_min": 367000, "grid_size_m": 1000}}, {"type": "Feature", "geometry": {"type": "Polygon", "coordinates": [[[24.608971342810978, 60.33397552594827], [24.62706695009822, 60.33429978518364], [24.626415153530647, 60.34327088056762], [24.60831458725497, 60.342946503834945], [24.608971342810978, 60.33397552594827]]]}, "properties": {"grid_id": "ETRS-TM35FIN-1km-N6691000-E368000", "northing_min": 6691000, "easting_min": 368000, "grid_size_m": 1000}}, {"type": "Feature", "geometry": {"type": "Polygon", "coordinates": [[[25.043374275957124, 60.34107830409123], [25.061478989822987, 60.341343471049456], [25.060946314701816, 60.35031711933285], [25.04283663365026, 60.35005185624808], [25.043374275957124, 60.34107830409123]]]}, "properties": {"grid_id": "ETRS-TM35FIN-1km-N6691000-E392000", "northing_min": 6691000, "easting_min": 392000, "grid_size_m": 1000}}, {"type": "Feature", "geometry": {"type": "Polygon", "coordinates": [[[25.079584043622997, 60.34160617459642], [25.097689434193246, 60.34186641464088], [25.09716669435892, 60.35084025250291], [25.079056335993616, 60.35057991811492], [25.079584043622997, 60.34160617459642]]]}, "properties": {"grid_id": "ETRS-TM35FIN-1km-N6691000-E394000", "northing_min": 6691000, "easting_min": 394000, "grid_size_m": 1000}}, {"type": "Feature", "geometry": {"type": "Polygon", "coordinates": [[[25.170114300885697, 60.34288273799834], [25.188221327835794, 60.34313065919121], [25.187723431426186, 60.35210495539498], [25.169611435207358, 60.35185694431745], [25.170114300885697, 60.34288273799834]]]}, "properties": {"grid_id": "ETRS-TM35FIN-1km-N6691000-E399000", "northing_min": 6691000, "easting_min": 399000, "grid_size_m": 1000}}, {"type": "Feature", "geometry": {"type": "Polygon", "coordinates": [[[25.188221327835794, 60.34313065919121], [25.2063286725651, 60.34337611635193], [25.20583574571042, 60.35235050154834], [25.187723431426186, 60.35210495539498], [25.188221327835794, 60.34313065919121]]]}, "properties": {"grid_id": "ETRS-TM35FIN-1km-N6691000-E400000", "northing_min": 6691000, "easting_min": 400000, "grid_size_m": 1000}}, {"type": "Feature", "geometry": {"type": "Polygon", "coordinates": [[[25.2063286725651, 60.34337611635193], [25.224436331907203, 60.34361910939523], [25.223948374890817, 60.35259358269222], [25.20583574571042, 60.35235050154834], [25.2063286725651, 60.34337611635193]]]}, "properties": {"grid_id": "ETRS-TM35FIN-1km-N6691000-E401000", "northing_min": 6691000, "easting_min": 401000, "grid_size_m": 1000}}, {"type": "Feature", "geometry": {"type": "Polygon", "coordinates": [[[25.477974823060073, 60.34676223394005], [25.49608682140082, 60.34696825556769], [25.495673444025858, 60.355943943278994], [25.477556471938154, 60.355737846939846], [25.477974823060073, 60.34676223394005]]]}, "properties": {"grid_id": "ETRS-TM35FIN-1km-N6691000-E416000", "northing_min": 6691000, "easting_min": 416000, "grid_size_m": 1000}}, {"type": "Feature", "geometry": {"type": "Polygon", "coordinates": [[[25.659106301569732, 60.34871150043838], [25.677220796208317, 60.34889286532515], [25.676857168909688, 60.357869251020844], [25.658737698274827, 60.35768782035626], [25.659106301569732, 60.34871150043838]]]}, "properties": {"grid_id": "ETRS-TM35FIN-1km-N6691000-E426000", "northing_min": 6691000, "easting_min": 426000, "grid_size_m": 1000}}, {"type": "Feature", "geometry": {"type": "Polygon", "coordinates": [[[25.71345047883917, 60.3492481969313], [25.731565660482286, 60.349422163527144], [25.731216962416415, 60.358398741194044], [25.713096804157914, 60.35822471150157], [25.71345047883917, 60.3492481969313]]]}, "properties": {"grid_id": "ETRS-TM35FIN-1km-N6691000-E429000", "northing_min": 6691000, "easting_min": 429000, "grid_size_m": 1000}}, {"type": "Feature", "geometry": {"type": "Polygon", "coordinates": [[[25.912729198786554, 60.351026177875966], [25.93084665492722, 60.35117301292262], [25.930552712244854, 60.36015022564976], [25.912430277438848, 60.360003337341126], [25.912729198786554, 60.351026177875966]]]}, "properties": {"grid_id": "ETRS-TM35FIN-1km-N6691000-E440000", "northing_min": 6691000, "easting_min": 440000, "grid_size_m": 1000}}, {"type": "Feature", "geometry": {"type": "Polygon", "coordinates": [[[22.1338449662424, 60.27529689403411], [22.15185892973495, 60.27595711856264], [22.15053159301829, 60.28490385144856], [22.132512745070542, 60.28424338862629], [22.1338449662424, 60.27529689403411]]]}, "properties": {"grid_id": "ETRS-TM35FIN-1km-N6692000-E231000", "northing_min": 6692000, "easting_min": 231000, "grid_size_m": 1000}}, {"type": "Feature", "geometry": {"type": "Polygon", "coordinates": [[[23.523161216885786, 60.31898343802689], [23.54123105763977, 60.31945528944111], [23.54028188065444, 60.3284177432882], [23.522207105378843, 60.32794572111424], [23.523161216885786, 60.31898343802689]]]}, "properties": {"grid_id": "ETRS-TM35FIN-1km-N6692000-E308000", "northing_min": 6692000, "easting_min": 308000, "grid_size_m": 1000}}, {"type": "Feature", "geometry": {"type": "Polygon", "coordinates": [[[24.897971813772937, 60.34784104791362], [24.9160786589447, 60.34812602202974], [24.91550588958674, 60.35709886088932], [24.897394076617033, 60.356813783461], [24.897971813772937, 60.34784104791362]]]}, "properties": {"grid_id": "ETRS-TM35FIN-1km-N6692000-E384000", "northing_min": 6692000, "easting_min": 384000, "grid_size_m": 1000}}, {"type": "Feature", "geometry": {"type": "Polygon", "coordinates": [[[25.02472729600534, 60.34978412895278], [25.04283663365026, 60.35005185624808], [25.042298647936708, 60.35902539333134], [25.024184340249036, 60.358757568964826], [25.02472729600534, 60.34978412895278]]]}, "properties": {"grid_id": "ETRS-TM35FIN-1km-N6692000-E391000", "northing_min": 6692000, "easting_min": 391000, "grid_size_m": 1000}}, {"type": "Feature", "geometry": {"type": "Polygon", "coordinates": [[[25.060946314701816, 60.35031711933285], [25.079056335993616, 60.35057991811492], [25.07852829129067, 60.35955364666486], [25.060413299340325, 60.35929075259545], [25.060946314701816, 60.35031711933285]]]}, "properties": {"grid_id": "ETRS-TM35FIN-1km-N6692000-E393000", "northing_min": 6692000, "easting_min": 393000, "grid_size_m": 1000}}, {"type": "Feature", "geometry": {"type": "Polygon", "coordinates": [[[25.09716669435892, 60.35084025250291], [25.115277386630602, 60.35109812240637], [25.114759284152786, 60.3600720388548], [25.096643620618146, 60.35981407544815], [25.09716669435892, 60.35084025250291]]]}, "properties": {"grid_id": "ETRS-TM35FIN-1km-N6692000-E395000", "northing_min": 6692000, "easting_min": 395000, "grid_size_m": 1000}}, {"type": "Feature", "geometry": {"type": "Polygon", "coordinates": [[[25.115277386630602, 60.35109812240637], [25.133388409641192, 60.35135352773567], [25.132875278724267, 60.36032753679508], [25.114759284152786, 60.3600720388548], [25.115277386630602, 60.35109812240637]]]}, "properties": {"grid_id": "ETRS-TM35FIN-1km-N6692000-E396000", "northing_min": 6692000, "easting_min": 396000, "grid_size_m": 1000}}, {"type": "Feature", "geometry": {"type": "Polygon", "coordinates": [[[25.187723431426186, 60.35210495539498], [25.20583574571042, 60.35235050154834], [25.205342503959525, 60.36132487212839], [25.187225216951106, 60.361079236933506], [25.187723431426186, 60.35210495539498]]]}, "properties": {"grid_id": "ETRS-TM35FIN-1km-N6692000-E400000", "northing_min": 6692000, "easting_min": 400000, "grid_size_m": 1000}}, {"type": "Feature", "geometry": {"type": "Polygon", "coordinates": [[[25.694976871929818, 60.35804821475671], [25.713096804157914, 60.35822471150157], [25.71274290344621, 60.367201212624785], [25.694617991628682, 60.36702465185435], [25.694976871929818, 60.35804821475671]]]}, "properties": {"grid_id": "ETRS-TM35FIN-1km-N6692000-E428000", "northing_min": 6692000, "easting_min": 428000, "grid_size_m": 1000}}, {"type": "Feature", "geometry": {"type": "Polygon", "coordinates": [[[21.95237134076388, 60.27750464081189], [21.970381583673774, 60.278189485541766], [21.969004562488323, 60.287133765304915], [21.95098943975072, 60.28644867345167], [21.95237134076388, 60.27750464081189]]]}, "properties": {"grid_id": "ETRS-TM35FIN-1km-N6693000-E221000", "northing_min": 6693000, "easting_min": 221000, "grid_size_m": 1000}}, {"type": "Feature", "geometry": {"type": "Polygon", "coordinates": [[[22.384852272087432, 60.29326779606764], [22.402882651865006, 60.293894086197696], [22.401622974780707, 60.30284403574408], [22.383587697164412, 60.30221751940211], [22.384852272087432, 60.29326779606764]]]}, "properties": {"grid_id": "ETRS-TM35FIN-1km-N6693000-E245000", "northing_min": 6693000, "easting_min": 245000, "grid_size_m": 1000}}, {"type": "Feature", "geometry": {"type": "Polygon", "coordinates": [[[22.49304649884344, 60.296988894269255], [22.511081636293166, 60.297600525873854], [22.5098513611971, 60.3065518143398], [22.49181132164911, 60.30593996176763], [22.49304649884344, 60.296988894269255]]]}, "properties": {"grid_id": "ETRS-TM35FIN-1km-N6693000-E251000", "northing_min": 6693000, "easting_min": 251000, "grid_size_m": 1000}}, {"type": "Feature", "geometry": {"type": "Polygon", "coordinates": [[[24.607657412419268, 60.351917465235886], [24.625762940839834, 60.35224195953031], [24.625110311651234, 60.361213022070125], [24.606999817926496, 60.36088841014946], [24.607657412419268, 60.351917465235886]]]}, "properties": {"grid_id": "ETRS-TM35FIN-1km-N6693000-E368000", "northing_min": 6693000, "easting_min": 368000, "grid_size_m": 1000}}, {"type": "Feature", "geometry": {"type": "Polygon", "coordinates": [[[25.549627223115195, 60.365523327165704], [25.5677502105858, 60.36571962922501], [25.567356227433812, 60.374695579367526], [25.54922825892849, 60.37449920609133], [25.549627223115195, 60.365523327165704]]]}, "properties": {"grid_id": "ETRS-TM35FIN-1km-N6693000-E420000", "northing_min": 6693000, "easting_min": 420000, "grid_size_m": 1000}}, {"type": "Feature", "geometry": {"type": "Polygon", "coordinates": [[[25.71274290344621, 60.367201212624785], [25.730868041497903, 60.36737530544859], [25.73051889752585, 60.37635185629192], [25.7123887765003, 60.37617770030213], [25.71274290344621, 60.367201212624785]]]}, "properties": {"grid_id": "ETRS-TM35FIN-1km-N6693000-E429000", "northing_min": 6693000, "easting_min": 429000, "grid_size_m": 1000}}, {"type": "Feature", "geometry": {"type": "Polygon", "coordinates": [[[20.208157721885666, 60.20844692783159], [20.226073578664074, 60.209367262983044], [20.224226087323718, 60.21828351086739], [20.206305436057857, 60.217362845133096], [20.208157721885666, 60.20844692783159]]]}, "properties": {"grid_id": "ETRS-TM35FIN-1km-N6694000-E124000", "northing_min": 6694000, "easting_min": 124000, "grid_size_m": 1000}}, {"type": "Feature", "geometry": {"type": "Polygon", "coordinates": [[[22.293423437309503, 60.29904829389043], [22.31145466192176, 60.29968702410586], [22.310169686107916, 60.30863580527043], [22.29213356420473, 60.307996844352125], [22.293423437309503, 60.29904829389043]]]}, "properties": {"grid_id": "ETRS-TM35FIN-1km-N6694000-E240000", "northing_min": 6694000, "easting_min": 240000, "grid_size_m": 1000}}, {"type": "Feature", "geometry": {"type": "Polygon", "coordinates": [[[22.31145466192176, 60.29968702410586], [22.329486703291064, 60.30032331198372], [22.328206625499266, 60.309272322977975], [22.310169686107916, 60.30863580527043], [22.31145466192176, 60.29968702410586]]]}, "properties": {"grid_id": "ETRS-TM35FIN-1km-N6694000-E241000", "northing_min": 6694000, "easting_min": 241000, "grid_size_m": 1000}}, {"type": "Feature", "geometry": {"type": "Polygon", "coordinates": [[[23.19592468669889, 60.32798883162323], [23.21399296313796, 60.32850519243222], [23.21295372733725, 60.33746439182333], [23.19488052039326, 60.336947844179775], [23.19592468669889, 60.32798883162323]]]}, "properties": {"grid_id": "ETRS-TM35FIN-1km-N6694000-E290000", "northing_min": 6694000, "easting_min": 290000, "grid_size_m": 1000}}, {"type": "Feature", "geometry": {"type": "Polygon", "coordinates": [[[23.21399296313796, 60.32850519243222], [23.232061901463645, 60.329019100949296], [23.231027596762058, 60.337978486293586], [23.21295372733725, 60.33746439182333], [23.21399296313796, 60.32850519243222]]]}, "properties": {"grid_id": "ETRS-TM35FIN-1km-N6694000-E291000", "northing_min": 6694000, "easting_min": 291000, "grid_size_m": 1000}}, {"type": "Feature", "geometry": {"type": "Polygon", "coordinates": [[[24.425918504115916, 60.357506816242896], [24.44402465527352, 60.35785605817111], [24.443321941912977, 60.366825887304316], [24.425210826199624, 60.36647651878171], [24.425918504115916, 60.357506816242896]]]}, "properties": {"grid_id": "ETRS-TM35FIN-1km-N6694000-E358000", "northing_min": 6694000, "easting_min": 358000, "grid_size_m": 1000}}, {"type": "Feature", "geometry": {"type": "Polygon", "coordinates": [[[24.770009003155174, 60.363721217267006], [24.788123134844515, 60.36402365251081], [24.787514821535314, 60.37299571774193], [24.769395718102626, 60.372693172828704], [24.770009003155174, 60.363721217267006]]]}, "properties": {"grid_id": "ETRS-TM35FIN-1km-N6694000-E377000", "northing_min": 6694000, "easting_min": 377000, "grid_size_m": 1000}}, {"type": "Feature", "geometry": {"type": "Polygon", "coordinates": [[[24.98740352057265, 60.36718775325685], [25.005522103905935, 60.36746060645703], [25.004973477996995, 60.37643391814361], [24.986849918909098, 60.37616096598012], [24.98740352057265, 60.36718775325685]]]}, "properties": {"grid_id": "ETRS-TM35FIN-1km-N6694000-E389000", "northing_min": 6694000, "easting_min": 389000, "grid_size_m": 1000}}, {"type": "Feature", "geometry": {"type": "Polygon", "coordinates": [[[25.13236181994113, 60.36930153103968], [25.150483117405802, 60.36955465519384], [25.149974308661925, 60.37852872644307], [25.13184803299633, 60.37827551046941], [25.13236181994113, 60.36930153103968]]]}, "properties": {"grid_id": "ETRS-TM35FIN-1km-N6694000-E397000", "northing_min": 6694000, "easting_min": 397000, "grid_size_m": 1000}}, {"type": "Feature", "geometry": {"type": "Polygon", "coordinates": [[[25.63987058861139, 60.375456388548145], [25.657999784785563, 60.37564041953114], [25.65763047416627, 60.384616698790246], [25.63949629266893, 60.38443260102587], [25.63987058861139, 60.375456388548145]]]}, "properties": {"grid_id": "ETRS-TM35FIN-1km-N6694000-E425000", "northing_min": 6694000, "easting_min": 425000, "grid_size_m": 1000}}, {"type": "Feature", "geometry": {"type": "Polygon", "coordinates": [[[25.676129216947, 60.3758219818598], [25.694258881912926, 60.37600107547091], [25.693899542575668, 60.384977485607514], [25.675764891863732, 60.38479832700524], [25.676129216947, 60.3758219818598]]]}, "properties": {"grid_id": "ETRS-TM35FIN-1km-N6694000-E427000", "northing_min": 6694000, "easting_min": 427000, "grid_size_m": 1000}}, {"type": "Feature", "geometry": {"type": "Polygon", "coordinates": [[[25.694258881912926, 60.37600107547091], [25.7123887765003, 60.37617770030213], [25.712034423116183, 60.38515417453471], [25.693899542575668, 60.384977485607514], [25.694258881912926, 60.37600107547091]]]}, "properties": {"grid_id": "ETRS-TM35FIN-1km-N6694000-E428000", "northing_min": 6694000, "easting_min": 428000, "grid_size_m": 1000}}, {"type": "Feature", "geometry": {"type": "Polygon", "coordinates": [[[26.002495720129193, 60.378667895972384], [26.02062903104759, 60.3788025428354], [26.020359467776146, 60.387779969687884], [26.0022211678226, 60.38764527395449], [26.002495720129193, 60.378667895972384]]]}, "properties": {"grid_id": "ETRS-TM35FIN-1km-N6694000-E445000", "northing_min": 6694000, "easting_min": 445000, "grid_size_m": 1000}}, {"type": "Feature", "geometry": {"type": "Polygon", "coordinates": [[[21.967626666248314, 60.29607801401318], [21.98564754770943, 60.29676091424145], [21.98427366236439, 60.30570537840213], [21.966247894171435, 60.30502223165163], [21.967626666248314, 60.29607801401318]]]}, "properties": {"grid_id": "ETRS-TM35FIN-1km-N6695000-E222000", "northing_min": 6695000, "easting_min": 222000, "grid_size_m": 1000}}, {"type": "Feature", "geometry": {"type": "Polygon", "coordinates": [[[23.556466970666143, 60.34681249525956], [23.574552833669728, 60.347279946572314], [23.573611729108624, 60.35624267638695], [23.555520921110414, 60.35577505580312], [23.556466970666143, 60.34681249525956]]]}, "properties": {"grid_id": "ETRS-TM35FIN-1km-N6695000-E310000", "northing_min": 6695000, "easting_min": 310000, "grid_size_m": 1000}}, {"type": "Feature", "geometry": {"type": "Polygon", "coordinates": [[[24.461433506503024, 60.36717279246819], [24.47954551680907, 60.36751723415274], [24.4788522912137, 60.37648729684848], [24.460735312385953, 60.37614273028095], [24.461433506503024, 60.36717279246819]]]}, "properties": {"grid_id": "ETRS-TM35FIN-1km-N6695000-E360000", "northing_min": 6695000, "easting_min": 360000, "grid_size_m": 1000}}, {"type": "Feature", "geometry": {"type": "Polygon", "coordinates": [[[24.73315869014323, 60.37208068691197], [24.751277006582434, 60.372388162516685], [24.750658355058246, 60.38135999152991], [24.73253506441599, 60.38105240441142], [24.73315869014323, 60.37208068691197]]]}, "properties": {"grid_id": "ETRS-TM35FIN-1km-N6695000-E375000", "northing_min": 6695000, "easting_min": 375000, "grid_size_m": 1000}}, {"type": "Feature", "geometry": {"type": "Polygon", "coordinates": [[[25.63949629266893, 60.38443260102587], [25.65763047416627, 60.384616698790246], [25.65726092734681, 60.39359296449859], [25.639121757340916, 60.39340879991608], [25.63949629266893, 60.38443260102587]]]}, "properties": {"grid_id": "ETRS-TM35FIN-1km-N6695000-E425000", "northing_min": 6695000, "easting_min": 425000, "grid_size_m": 1000}}, {"type": "Feature", "geometry": {"type": "Polygon", "coordinates": [[[25.693899542575668, 60.384977485607514], [25.712034423116183, 60.38515417453471], [25.7116798430896, 60.39413063532374], [25.6935399734098, 60.393953882265315], [25.693899542575668, 60.384977485607514]]]}, "properties": {"grid_id": "ETRS-TM35FIN-1km-N6695000-E428000", "northing_min": 6695000, "easting_min": 428000, "grid_size_m": 1000}}, {"type": "Feature", "geometry": {"type": "Polygon", "coordinates": [[[25.76644041184643, 60.3856694226544], [25.784576179837273, 60.38583623227421], [25.784241558384135, 60.39481294063026], [25.76610080045323, 60.394646070462485], [25.76644041184643, 60.3856694226544]]]}, "properties": {"grid_id": "ETRS-TM35FIN-1km-N6695000-E432000", "northing_min": 6695000, "easting_min": 432000, "grid_size_m": 1000}}, {"type": "Feature", "geometry": {"type": "Polygon", "coordinates": [[[21.31792781531959, 60.27880596241927], [21.33592010150316, 60.27957678564099], [21.33436982305466, 60.28851179222865], [21.316372676987932, 60.28774069113967], [21.31792781531959, 60.27880596241927]]]}, "properties": {"grid_id": "ETRS-TM35FIN-1km-N6696000-E186000", "northing_min": 6696000, "easting_min": 186000, "grid_size_m": 1000}}, {"type": "Feature", "geometry": {"type": "Polygon", "coordinates": [[[22.110478327463206, 60.31041907290889], [22.128510998183252, 60.31108269323239], [22.127175385569807, 60.320029068331664], [22.109137818875794, 60.31936520832291], [22.110478327463206, 60.31041907290889]]]}, "properties": {"grid_id": "ETRS-TM35FIN-1km-N6696000-E230000", "northing_min": 6696000, "easting_min": 230000, "grid_size_m": 1000}}, {"type": "Feature", "geometry": {"type": "Polygon", "coordinates": [[[23.935549817536163, 60.36507881219918], [23.953652576430922, 60.365494793390475], [23.952814902527752, 60.37446085417655], [23.934707184752117, 60.37404472223851], [23.935549817536163, 60.36507881219918]]]}, "properties": {"grid_id": "ETRS-TM35FIN-1km-N6696000-E331000", "northing_min": 6696000, "easting_min": 331000, "grid_size_m": 1000}}, {"type": "Feature", "geometry": {"type": "Polygon", "coordinates": [[[24.750658355058246, 60.38135999152991], [24.768782041137516, 60.38166511246369], [24.76816797190665, 60.39063703617088], [24.75003930809696, 60.390331804554584], [24.750658355058246, 60.38135999152991]]]}, "properties": {"grid_id": "ETRS-TM35FIN-1km-N6696000-E376000", "northing_min": 6696000, "easting_min": 376000, "grid_size_m": 1000}}, {"type": "Feature", "geometry": {"type": "Polygon", "coordinates": [[[25.04068262726084, 60.38594591413614], [25.058812208747398, 60.3862115622552], [25.05827782935621, 60.39518513543152], [25.04014326482359, 60.39491939092165], [25.04068262726084, 60.38594591413614]]]}, "properties": {"grid_id": "ETRS-TM35FIN-1km-N6696000-E392000", "northing_min": 6696000, "easting_min": 392000, "grid_size_m": 1000}}, {"type": "Feature", "geometry": {"type": "Polygon", "coordinates": [[[25.530291880507317, 60.392251936730965], [25.5484295650897, 60.39245092260537], [25.54802983497724, 60.40142676019549], [25.52988716003861, 60.401227702090935], [25.530291880507317, 60.392251936730965]]]}, "properties": {"grid_id": "ETRS-TM35FIN-1km-N6696000-E419000", "northing_min": 6696000, "easting_min": 419000, "grid_size_m": 1000}}, {"type": "Feature", "geometry": {"type": "Polygon", "coordinates": [[[25.729819939616327, 60.39430491774976], [25.74796025980071, 60.39447672948263], [25.747615438195155, 60.40345330247352], [25.729470125275835, 60.403281428366654], [25.729819939616327, 60.39430491774976]]]}, "properties": {"grid_id": "ETRS-TM35FIN-1km-N6696000-E430000", "northing_min": 6696000, "easting_min": 430000, "grid_size_m": 1000}}, {"type": "Feature", "geometry": {"type": "Polygon", "coordinates": [[[21.49638806117124, 60.29534223662508], [21.514394912332946, 60.29608900728655], [21.51289232674473, 60.305026710423604], [21.494880604002173, 60.304279670391274], [21.49638806117124, 60.29534223662508]]]}, "properties": {"grid_id": "ETRS-TM35FIN-1km-N6697000-E196000", "northing_min": 6697000, "easting_min": 196000, "grid_size_m": 1000}}, {"type": "Feature", "geometry": {"type": "Polygon", "coordinates": [[[24.73191104008075, 60.39002410586104], [24.75003930809696, 60.390331804554584], [24.74941986534212, 60.39930360158949], [24.731286616778196, 60.39899579125961], [24.73191104008075, 60.39002410586104]]]}, "properties": {"grid_id": "ETRS-TM35FIN-1km-N6697000-E375000", "northing_min": 6697000, "easting_min": 375000, "grid_size_m": 1000}}, {"type": "Feature", "geometry": {"type": "Polygon", "coordinates": [[[21.296815530555083, 60.295901572050305], [21.314816551452143, 60.29667538362003], [21.313259437831128, 60.30561003984081], [21.29525355186596, 60.304835949238175], [21.296815530555083, 60.295901572050305]]]}, "properties": {"grid_id": "ETRS-TM35FIN-1km-N6698000-E185000", "northing_min": 6698000, "easting_min": 185000, "grid_size_m": 1000}}, {"type": "Feature", "geometry": {"type": "Polygon", "coordinates": [[[23.951976693643093, 60.38342689581517], [23.97008990891399, 60.383840716136696], [23.969256130234843, 60.39280688864708], [23.951137949295315, 60.39239291830224], [23.951976693643093, 60.38342689581517]]]}, "properties": {"grid_id": "ETRS-TM35FIN-1km-N6698000-E332000", "northing_min": 6698000, "easting_min": 332000, "grid_size_m": 1000}}, {"type": "Feature", "geometry": {"type": "Polygon", "coordinates": [[[25.22101407669156, 60.406440116550414], [25.23915690497978, 60.40668125685778], [25.238671752335446, 60.41565571572591], [25.22052393167894, 60.415414487874024], [25.22101407669156, 60.406440116550414]]]}, "properties": {"grid_id": "ETRS-TM35FIN-1km-N6698000-E402000", "northing_min": 6698000, "easting_min": 402000, "grid_size_m": 1000}}, {"type": "Feature", "geometry": {"type": "Polygon", "coordinates": [[[25.60207437777921, 60.41098514382507], [25.62022305110763, 60.41117438643565], [25.619842798460823, 60.42015047674398], [25.601689127486875, 60.41996116541096], [25.60207437777921, 60.41098514382507]]]}, "properties": {"grid_id": "ETRS-TM35FIN-1km-N6698000-E423000", "northing_min": 6698000, "easting_min": 423000, "grid_size_m": 1000}}, {"type": "Feature", "geometry": {"type": "Polygon", "coordinates": [[[19.607546153336322, 60.221247321792696], [19.625445674867404, 60.22224884590502], [19.62343419146151, 60.23115347652515], [19.6055298964154, 60.230151593040866], [19.607546153336322, 60.221247321792696]]]}, "properties": {"grid_id": "ETRS-TM35FIN-1km-N6699000-E91000", "northing_min": 6699000, "easting_min": 91000, "grid_size_m": 1000}}, {"type": "Feature", "geometry": {"type": "Polygon", "coordinates": [[[22.359193736463915, 60.34633561761341], [22.377252741486103, 60.3469657144503], [22.37598332908368, 60.35591526904956], [22.35791940842228, 60.35528494438339], [22.359193736463915, 60.34633561761341]]]}, "properties": {"grid_id": "ETRS-TM35FIN-1km-N6699000-E244000", "northing_min": 6699000, "easting_min": 244000, "grid_size_m": 1000}}, {"type": "Feature", "geometry": {"type": "Polygon", "coordinates": [[[22.44949681115638, 60.34946162378889], [22.467559825491215, 60.35007948054263], [22.466315002099634, 60.359030161141334], [22.44824706852977, 60.35841208094126], [22.44949681115638, 60.34946162378889]]]}, "properties": {"grid_id": "ETRS-TM35FIN-1km-N6699000-E249000", "northing_min": 6699000, "easting_min": 249000, "grid_size_m": 1000}}, {"type": "Feature", "geometry": {"type": "Polygon", "coordinates": [[[22.991719406969764, 60.36693131756525], [23.00980484720897, 60.36747562528439], [23.00870791912973, 60.37643260063406], [22.990617539521725, 60.37588809585667], [22.991719406969764, 60.36693131756525]]]}, "properties": {"grid_id": "ETRS-TM35FIN-1km-N6699000-E279000", "northing_min": 6699000, "easting_min": 279000, "grid_size_m": 1000}}, {"type": "Feature", "geometry": {"type": "Polygon", "coordinates": [[[23.154513279940375, 60.37174170274559], [23.172604901003098, 60.37226391161841], [23.171552455185935, 60.38122262077761], [23.15345588919915, 60.38070022279135], [23.154513279940375, 60.37174170274559]]]}, "properties": {"grid_id": "ETRS-TM35FIN-1km-N6699000-E288000", "northing_min": 6699000, "easting_min": 288000, "grid_size_m": 1000}}, {"type": "Feature", "geometry": {"type": "Polygon", "coordinates": [[[25.0572080449363, 60.41313223671707], [25.075352927499182, 60.41339570361085], [25.074822514759045, 60.42236932737405], [25.056672639290525, 60.422105764825716], [25.0572080449363, 60.41313223671707]]]}, "properties": {"grid_id": "ETRS-TM35FIN-1km-N6699000-E393000", "northing_min": 6699000, "easting_min": 393000, "grid_size_m": 1000}}, {"type": "Feature", "geometry": {"type": "Polygon", "coordinates": [[[22.213437530479336, 60.350154228806495], [22.23149486953191, 60.35080413323996], [22.230185319011863, 60.35975181151175], [22.212123067126097, 60.35910167211752], [22.213437530479336, 60.350154228806495]]]}, "properties": {"grid_id": "ETRS-TM35FIN-1km-N6700000-E236000", "northing_min": 6700000, "easting_min": 236000, "grid_size_m": 1000}}, {"type": "Feature", "geometry": {"type": "Polygon", "coordinates": [[[23.15345588919915, 60.38070022279135], [23.171552455185935, 60.38122262077761], [23.170499337640887, 60.390181306777386], [23.15239782359854, 60.3896587195741], [23.15345588919915, 60.38070022279135]]]}, "properties": {"grid_id": "ETRS-TM35FIN-1km-N6700000-E288000", "northing_min": 6700000, "easting_min": 288000, "grid_size_m": 1000}}, {"type": "Feature", "geometry": {"type": "Polygon", "coordinates": [[[24.385395041415556, 60.41061736594618], [24.40353011603883, 60.41097230374864], [24.40281473663391, 60.419941775368585], [24.384674679273058, 60.41958670876862], [24.385395041415556, 60.41061736594618]]]}, "properties": {"grid_id": "ETRS-TM35FIN-1km-N6700000-E356000", "northing_min": 6700000, "easting_min": 356000, "grid_size_m": 1000}}, {"type": "Feature", "geometry": {"type": "Polygon", "coordinates": [[[24.494212284439715, 60.41270997675443], [24.512350054952485, 60.41305010730673], [24.511664580534507, 60.422020332962845], [24.493521824852277, 60.42168007897036], [24.494212284439715, 60.41270997675443]]]}, "properties": {"grid_id": "ETRS-TM35FIN-1km-N6700000-E362000", "northing_min": 6700000, "easting_min": 362000, "grid_size_m": 1000}}, {"type": "Feature", "geometry": {"type": "Polygon", "coordinates": [[[20.410637703513085, 60.28176959689996], [20.42860107813066, 60.28266322140103], [20.426803252551075, 60.29158306064179], [20.40883505034164, 60.29068911453346], [20.410637703513085, 60.28176959689996]]]}, "properties": {"grid_id": "ETRS-TM35FIN-1km-N6701000-E136000", "northing_min": 6701000, "easting_min": 136000, "grid_size_m": 1000}}, {"type": "Feature", "geometry": {"type": "Polygon", "coordinates": [[[22.320509030617067, 60.362965790485525], [22.338576241711937, 60.36360124112459], [22.337295368089144, 60.372550282347426], [22.319223236620914, 60.37191460187635], [22.320509030617067, 60.362965790485525]]]}, "properties": {"grid_id": "ETRS-TM35FIN-1km-N6701000-E242000", "northing_min": 6701000, "easting_min": 242000, "grid_size_m": 1000}}, {"type": "Feature", "geometry": {"type": "Polygon", "coordinates": [[[24.475379510945075, 60.42133735590845], [24.493521824852277, 60.42168007897036], [24.492830923489716, 60.43065016428587], [24.474683621632515, 60.430307316822265], [24.475379510945075, 60.42133735590845]]]}, "properties": {"grid_id": "ETRS-TM35FIN-1km-N6701000-E361000", "northing_min": 6701000, "easting_min": 361000, "grid_size_m": 1000}}, {"type": "Feature", "geometry": {"type": "Polygon", "coordinates": [[[25.019828180042598, 60.43054454444892], [25.0379823623904, 60.430813147307624], [25.037441272052238, 60.43978654871339], [25.01928209103927, 60.43951784830212], [25.019828180042598, 60.43054454444892]]]}, "properties": {"grid_id": "ETRS-TM35FIN-1km-N6701000-E391000", "northing_min": 6701000, "easting_min": 391000, "grid_size_m": 1000}}, {"type": "Feature", "geometry": {"type": "Polygon", "coordinates": [[[22.337295368089144, 60.372550282347426], [22.355368315989196, 60.3731835130416], [22.354091550140414, 60.382132754905044], [22.33601367803439, 60.38149929513059], [22.337295368089144, 60.372550282347426]]]}, "properties": {"grid_id": "ETRS-TM35FIN-1km-N6702000-E243000", "northing_min": 6702000, "easting_min": 243000, "grid_size_m": 1000}}, {"type": "Feature", "geometry": {"type": "Polygon", "coordinates": [[[23.07892001370005, 60.39650150067297], [23.09702375582219, 60.397034111357335], [23.095949479361906, 60.405991988009106], [23.077840785362955, 60.405459184362], [23.07892001370005, 60.39650150067297]]]}, "properties": {"grid_id": "ETRS-TM35FIN-1km-N6702000-E284000", "northing_min": 6702000, "easting_min": 284000, "grid_size_m": 1000}}, {"type": "Feature", "geometry": {"type": "Polygon", "coordinates": [[[25.073760670433405, 60.44031652998872], [25.091920881411284, 60.4405778106677], [25.09139445200263, 60.449551484434366], [25.073229238234354, 60.44929010883968], [25.073760670433405, 60.44031652998872]]]}, "properties": {"grid_id": "ETRS-TM35FIN-1km-N6702000-E394000", "northing_min": 6702000, "easting_min": 394000, "grid_size_m": 1000}}, {"type": "Feature", "geometry": {"type": "Polygon", "coordinates": [[[26.92728768745159, 60.45421468070901], [26.945465754334975, 60.454223354407105], [26.94545069748607, 60.46320198732897], [26.927267611666622, 60.463193310477294], [26.92728768745159, 60.45421468070901]]]}, "properties": {"grid_id": "ETRS-TM35FIN-1km-N6702000-E496000", "northing_min": 6702000, "easting_min": 496000, "grid_size_m": 1000}}, {"type": "Feature", "geometry": {"type": "Polygon", "coordinates": [[[24.310637091114643, 60.43607934481606], [24.328785257707025, 60.43644454897657], [24.32804853748367, 60.44541344744362], [24.309895380300684, 60.445048110697606], [24.310637091114643, 60.43607934481606]]]}, "properties": {"grid_id": "ETRS-TM35FIN-1km-N6703000-E352000", "northing_min": 6703000, "easting_min": 352000, "grid_size_m": 1000}}, {"type": "Feature", "geometry": {"type": "Polygon", "coordinates": [[[24.837113602488646, 60.44566710528142], [24.855274141266676, 60.44596063847453], [24.854682321590936, 60.45493299276073], [24.836516781048765, 60.45463935293921], [24.837113602488646, 60.44566710528142]]]}, "properties": {"grid_id": "ETRS-TM35FIN-1km-N6703000-E381000", "northing_min": 6703000, "easting_min": 381000, "grid_size_m": 1000}}, {"type": "Feature", "geometry": {"type": "Polygon", "coordinates": [[[24.964245216658117, 60.44766989962582], [24.98240833985808, 60.4479461192212], [24.98185154195347, 60.456919194800896], [24.96368341465398, 60.45664287485404], [24.964245216658117, 60.44766989962582]]]}, "properties": {"grid_id": "ETRS-TM35FIN-1km-N6703000-E388000", "northing_min": 6703000, "easting_min": 388000, "grid_size_m": 1000}}, {"type": "Feature", "geometry": {"type": "Polygon", "coordinates": [[[25.01873565232455, 60.448491137024575], [25.03689983519728, 60.44875993504217], [25.036358051512426, 60.45773330629363], [25.018188863582466, 60.45746441061595], [25.01873565232455, 60.448491137024575]]]}, "properties": {"grid_id": "ETRS-TM35FIN-1km-N6703000-E391000", "northing_min": 6703000, "easting_min": 391000, "grid_size_m": 1000}}, {"type": "Feature", "geometry": {"type": "Polygon", "coordinates": [[[22.388982010330018, 60.39234199092815], [22.407067244798966, 60.39296832399831], [22.405803645723605, 60.40191819191649], [22.38771347865194, 60.40129163215131], [22.388982010330018, 60.39234199092815]]]}, "properties": {"grid_id": "ETRS-TM35FIN-1km-N6704000-E246000", "northing_min": 6704000, "easting_min": 246000, "grid_size_m": 1000}}, {"type": "Feature", "geometry": {"type": "Polygon", "coordinates": [[[22.443240127030794, 60.39421363270701], [22.461327768573312, 60.394832607913926], [22.46007897163618, 60.40378315064278], [22.44198639532866, 60.40316395137821], [22.443240127030794, 60.39421363270701]]]}, "properties": {"grid_id": "ETRS-TM35FIN-1km-N6704000-E249000", "northing_min": 6704000, "easting_min": 249000, "grid_size_m": 1000}}, {"type": "Feature", "geometry": {"type": "Polygon", "coordinates": [[[22.515595457566885, 60.39667481437292], [22.533686264976083, 60.397283976095686], [22.532457214224042, 60.40623540625849], [22.514361469205316, 60.40562602399709], [22.515595457566885, 60.39667481437292]]]}, "properties": {"grid_id": "ETRS-TM35FIN-1km-N6704000-E253000", "northing_min": 6704000, "easting_min": 253000, "grid_size_m": 1000}}, {"type": "Feature", "geometry": {"type": "Polygon", "coordinates": [[[22.895662837331365, 60.40895161648939], [22.91376944663892, 60.40950920321766], [22.91264424411191, 60.41846506110304], [22.894532682986398, 60.417907272356], [22.895662837331365, 60.40895161648939]]]}, "properties": {"grid_id": "ETRS-TM35FIN-1km-N6704000-E274000", "northing_min": 6704000, "easting_min": 274000, "grid_size_m": 1000}}, {"type": "Feature", "geometry": {"type": "Polygon", "coordinates": [[[23.00431320167045, 60.41226026085972], [23.02242407243493, 60.41280309585038], [23.021328594285958, 60.421760147284495], [23.003212767868796, 60.421217115579815], [23.00431320167045, 60.41226026085972]]]}, "properties": {"grid_id": "ETRS-TM35FIN-1km-N6704000-E280000", "northing_min": 6704000, "easting_min": 280000, "grid_size_m": 1000}}, {"type": "Feature", "geometry": {"type": "Polygon", "coordinates": [[[25.181723783201985, 60.45979536596393], [25.199895980163916, 60.46004198385229], [25.19939893743092, 60.46901617904236], [25.181221729490662, 60.46876947152279], [25.181723783201985, 60.45979536596393]]]}, "properties": {"grid_id": "ETRS-TM35FIN-1km-N6704000-E400000", "northing_min": 6704000, "easting_min": 400000, "grid_size_m": 1000}}, {"type": "Feature", "geometry": {"type": "Polygon", "coordinates": [[[27.472881888236962, 60.47135354332956], [27.491068884978564, 60.471287825923085], [27.49120456103443, 60.48026610976883], [27.473012539923452, 60.48033185107655], [27.472881888236962, 60.47135354332956]]]}, "properties": {"grid_id": "ETRS-TM35FIN-1km-N6704000-E526000", "northing_min": 6704000, "easting_min": 526000, "grid_size_m": 1000}}, {"type": "Feature", "geometry": {"type": "Polygon", "coordinates": [[[21.339969217098574, 60.36076143476102], [21.358007331015855, 60.36152988638826], [21.356457940502434, 60.370465123326994], [21.338414937545586, 60.36969639420551], [21.339969217098574, 60.36076143476102]]]}, "properties": {"grid_id": "ETRS-TM35FIN-1km-N6705000-E188000", "northing_min": 6705000, "easting_min": 188000, "grid_size_m": 1000}}, {"type": "Feature", "geometry": {"type": "Polygon", "coordinates": [[[22.224938766747616, 60.395542232598956], [22.24302153817932, 60.396190862045586], [22.24171273789074, 60.405138628976765], [22.223625037387716, 60.40448976480456], [22.224938766747616, 60.395542232598956]]]}, "properties": {"grid_id": "ETRS-TM35FIN-1km-N6705000-E237000", "northing_min": 6705000, "easting_min": 237000, "grid_size_m": 1000}}, {"type": "Feature", "geometry": {"type": "Polygon", "coordinates": [[[22.279189580430877, 60.39748076681779], [22.297274845040775, 60.39812204169646], [22.2959808364497, 60.40707050753705], [22.277890640529446, 60.40642900056666], [22.279189580430877, 60.39748076681779]]]}, "properties": {"grid_id": "ETRS-TM35FIN-1km-N6705000-E240000", "northing_min": 6705000, "easting_min": 240000, "grid_size_m": 1000}}, {"type": "Feature", "geometry": {"type": "Polygon", "coordinates": [[[22.297274845040775, 60.39812204169646], [22.31536093449862, 60.39876086460691], [22.314071857958762, 60.407709561660916], [22.2959808364497, 60.40707050753705], [22.297274845040775, 60.39812204169646]]]}, "properties": {"grid_id": "ETRS-TM35FIN-1km-N6705000-E241000", "northing_min": 6705000, "easting_min": 241000, "grid_size_m": 1000}}, {"type": "Feature", "geometry": {"type": "Polygon", "coordinates": [[[22.31536093449862, 60.39876086460691], [22.333447845697208, 60.399397235327754], [22.332163701946687, 60.40834616271665], [22.314071857958762, 60.407709561660916], [22.31536093449862, 60.39876086460691]]]}, "properties": {"grid_id": "ETRS-TM35FIN-1km-N6705000-E242000", "northing_min": 6705000, "easting_min": 242000, "grid_size_m": 1000}}, {"type": "Feature", "geometry": {"type": "Polygon", "coordinates": [[[22.333447845697208, 60.399397235327754], [22.351535575528423, 60.400031153638466], [22.350256365302613, 60.40898031048354], [22.332163701946687, 60.40834616271665], [22.333447845697208, 60.399397235327754]]]}, "properties": {"grid_id": "ETRS-TM35FIN-1km-N6705000-E243000", "northing_min": 6705000, "easting_min": 243000, "grid_size_m": 1000}}, {"type": "Feature", "geometry": {"type": "Polygon", "coordinates": [[[22.38771347865194, 60.40129163215131], [22.405803645723605, 60.40191819191649], [22.4045392404567, 60.4108680318562], [22.386444137670676, 60.41024124527199], [22.38771347865194, 60.40129163215131]]]}, "properties": {"grid_id": "ETRS-TM35FIN-1km-N6705000-E246000", "northing_min": 6705000, "easting_min": 246000, "grid_size_m": 1000}}, {"type": "Feature", "geometry": {"type": "Polygon", "coordinates": [[[22.894532682986398, 60.417907272356], [22.91264424411191, 60.41846506110304], [22.911518322861234, 60.42742089429011], [22.893401806782933, 60.4268629034136], [22.894532682986398, 60.417907272356]]]}, "properties": {"grid_id": "ETRS-TM35FIN-1km-N6705000-E274000", "northing_min": 6705000, "easting_min": 274000, "grid_size_m": 1000}}, {"type": "Feature", "geometry": {"type": "Polygon", "coordinates": [[[23.05756234367501, 60.42283882998799], [23.075680260365694, 60.42337448061184], [23.0745989624643, 60.4323320931561], [23.05647608509947, 60.43179624836632], [23.05756234367501, 60.42283882998799]]]}, "properties": {"grid_id": "ETRS-TM35FIN-1km-N6705000-E283000", "northing_min": 6705000, "easting_min": 283000, "grid_size_m": 1000}}, {"type": "Feature", "geometry": {"type": "Polygon", "coordinates": [[[24.999467878969515, 60.46616619993502], [25.01764172449667, 60.46643766907582], [25.017094234750424, 60.47541091240381], [24.99891537807957, 60.475139344597], [24.999467878969515, 60.46616619993502]]]}, "properties": {"grid_id": "ETRS-TM35FIN-1km-N6705000-E390000", "northing_min": 6705000, "easting_min": 390000, "grid_size_m": 1000}}, {"type": "Feature", "geometry": {"type": "Polygon", "coordinates": [[[25.144868282269744, 60.46826862687676], [25.163044843368205, 60.46852028743852], [25.16253745394525, 60.47749428775313], [25.144355879247023, 60.47724253571302], [25.144868282269744, 60.46826862687676]]]}, "properties": {"grid_id": "ETRS-TM35FIN-1km-N6705000-E398000", "northing_min": 6705000, "easting_min": 398000, "grid_size_m": 1000}}, {"type": "Feature", "geometry": {"type": "Polygon", "coordinates": [[[22.223625037387716, 60.40448976480456], [22.24171273789074, 60.405138628976765], [22.2404031026887, 60.41408636678325], [22.222310470007994, 60.413437267757104], [22.223625037387716, 60.40448976480456]]]}, "properties": {"grid_id": "ETRS-TM35FIN-1km-N6706000-E237000", "northing_min": 6706000, "easting_min": 237000, "grid_size_m": 1000}}, {"type": "Feature", "geometry": {"type": "Polygon", "coordinates": [[[22.368349844914814, 60.409612004741696], [22.386444137670676, 60.41024124527199], [22.385173986659115, 60.419190830277905], [22.36707475580254, 60.41856136192475], [22.368349844914814, 60.409612004741696]]]}, "properties": {"grid_id": "ETRS-TM35FIN-1km-N6706000-E245000", "northing_min": 6706000, "easting_min": 245000, "grid_size_m": 1000}}, {"type": "Feature", "geometry": {"type": "Polygon", "coordinates": [[[22.458829377847596, 60.41273366576237], [22.47692768960178, 60.41335063439644], [22.475682239958843, 60.42230134531745], [22.457578986491445, 60.421684153260856], [22.458829377847596, 60.41273366576237]]]}, "properties": {"grid_id": "ETRS-TM35FIN-1km-N6706000-E250000", "northing_min": 6706000, "easting_min": 250000, "grid_size_m": 1000}}, {"type": "Feature", "geometry": {"type": "Polygon", "coordinates": [[[23.00211163102924, 60.430173946148116], [23.02023241623855, 60.43071717467467], [23.01913553766257, 60.43967417801237], [23.001009790518868, 60.439130752555954], [23.00211163102924, 60.430173946148116]]]}, "properties": {"grid_id": "ETRS-TM35FIN-1km-N6706000-E280000", "northing_min": 6706000, "easting_min": 280000, "grid_size_m": 1000}}, {"type": "Feature", "geometry": {"type": "Polygon", "coordinates": [[[23.038353901976294, 60.43125794214344], [23.05647608509947, 60.43179624836632], [23.05538913228215, 60.44075364290664], [23.0372619859656, 60.44021514152535], [23.038353901976294, 60.43125794214344]]]}, "properties": {"grid_id": "ETRS-TM35FIN-1km-N6706000-E282000", "northing_min": 6706000, "easting_min": 282000, "grid_size_m": 1000}}, {"type": "Feature", "geometry": {"type": "Polygon", "coordinates": [[[24.61724613759882, 60.468864490991784], [24.635416883840808, 60.46918804512043], [24.634763812903408, 60.478159011592616], [24.616588059646578, 60.47783533989081], [24.61724613759882, 60.468864490991784]]]}, "properties": {"grid_id": "ETRS-TM35FIN-1km-N6706000-E369000", "northing_min": 6706000, "easting_min": 369000, "grid_size_m": 1000}}, {"type": "Feature", "geometry": {"type": "Polygon", "coordinates": [[[25.053452997818535, 60.475946617981066], [25.07163289780316, 60.47621075556414], [25.07110010202114, 60.48518427452861], [25.052915186743235, 60.48492004092143], [25.053452997818535, 60.475946617981066]]]}, "properties": {"grid_id": "ETRS-TM35FIN-1km-N6706000-E393000", "northing_min": 6706000, "easting_min": 393000, "grid_size_m": 1000}}, {"type": "Feature", "geometry": {"type": "Polygon", "coordinates": [[[25.107993718639094, 60.476731599857054], [25.126174633075514, 60.476988306384676], [25.12565688501477, 60.48596210802775], [25.10747095436725, 60.48570530817298], [25.107993718639094, 60.476731599857054]]]}, "properties": {"grid_id": "ETRS-TM35FIN-1km-N6706000-E396000", "northing_min": 6706000, "easting_min": 396000, "grid_size_m": 1000}}, {"type": "Feature", "geometry": {"type": "Polygon", "coordinates": [[[25.126174633075514, 60.476988306384676], [25.144355879247023, 60.47724253571302], [25.143843147697524, 60.48621642978409], [25.12565688501477, 60.48596210802775], [25.126174633075514, 60.476988306384676]]]}, "properties": {"grid_id": "ETRS-TM35FIN-1km-N6706000-E397000", "northing_min": 6706000, "easting_min": 397000, "grid_size_m": 1000}}, {"type": "Feature", "geometry": {"type": "Polygon", "coordinates": [[[25.16253745394525, 60.47749428775313], [25.180719353961475, 60.47774356241691], [25.180216656323328, 60.48671763864627], [25.162029739204247, 60.486468273353], [25.16253745394525, 60.47749428775313]]]}, "properties": {"grid_id": "ETRS-TM35FIN-1km-N6706000-E399000", "northing_min": 6706000, "easting_min": 399000, "grid_size_m": 1000}}, {"type": "Feature", "geometry": {"type": "Polygon", "coordinates": [[[19.932414168048968, 60.311150994600915], [19.950375744318425, 60.31210952172147], [19.948445421123036, 60.321020428092545], [19.93047902672461, 60.320061556141425], [19.932414168048968, 60.311150994600915]]]}, "properties": {"grid_id": "ETRS-TM35FIN-1km-N6707000-E110000", "northing_min": 6707000, "easting_min": 110000, "grid_size_m": 1000}}, {"type": "Feature", "geometry": {"type": "Polygon", "coordinates": [[[22.168037617032176, 60.4114752546034], [22.186127724071987, 60.41213171144085], [22.184802449609787, 60.421078712526864], [22.166707409552327, 60.420422018071996], [22.168037617032176, 60.4114752546034]]]}, "properties": {"grid_id": "ETRS-TM35FIN-1km-N6707000-E234000", "northing_min": 6707000, "easting_min": 234000, "grid_size_m": 1000}}, {"type": "Feature", "geometry": {"type": "Polygon", "coordinates": [[[22.258496571032705, 60.41473301275436], [22.276590871929994, 60.41537720544615], [22.275290273888018, 60.42432538144331], [22.257191036204894, 60.423680955526706], [22.258496571032705, 60.41473301275436]]]}, "properties": {"grid_id": "ETRS-TM35FIN-1km-N6707000-E239000", "northing_min": 6707000, "easting_min": 239000, "grid_size_m": 1000}}, {"type": "Feature", "geometry": {"type": "Polygon", "coordinates": [[[22.330878738828005, 60.41729506161559], [22.34897633882038, 60.41792943896423], [22.34769549534821, 60.42687853906802], [22.32959295560491, 60.426243932011985], [22.330878738828005, 60.41729506161559]]]}, "properties": {"grid_id": "ETRS-TM35FIN-1km-N6707000-E243000", "northing_min": 6707000, "easting_min": 243000, "grid_size_m": 1000}}, {"type": "Feature", "geometry": {"type": "Polygon", "coordinates": [[[22.51189112926357, 60.42352836150098], [22.529996758857106, 60.4241381852019], [22.528765352831176, 60.43308953395976], [22.51065477626684, 60.43247948935775], [22.51189112926357, 60.42352836150098]]]}, "properties": {"grid_id": "ETRS-TM35FIN-1km-N6707000-E253000", "northing_min": 6707000, "easting_min": 253000, "grid_size_m": 1000}}, {"type": "Feature", "geometry": {"type": "Polygon", "coordinates": [[[23.05538913228215, 60.44075364290664], [23.073516973465654, 60.4412896819689], [23.072434292747253, 60.45024724704201], [23.054301484597755, 60.44971101360065], [23.05538913228215, 60.44075364290664]]]}, "properties": {"grid_id": "ETRS-TM35FIN-1km-N6707000-E283000", "northing_min": 6707000, "easting_min": 283000, "grid_size_m": 1000}}, {"type": "Feature", "geometry": {"type": "Polygon", "coordinates": [[[23.109774727843448, 60.44235437239088], [23.127904634740837, 60.44288302338006], [23.126836858648712, 60.45184116627035], [23.108701982923993, 60.4513123235623], [23.109774727843448, 60.44235437239088]]]}, "properties": {"grid_id": "ETRS-TM35FIN-1km-N6707000-E286000", "northing_min": 6707000, "easting_min": 286000, "grid_size_m": 1000}}, {"type": "Feature", "geometry": {"type": "Polygon", "coordinates": [[[23.218564340307427, 60.445489328772275], [23.236698293574122, 60.44600319866965], [23.235660343259312, 60.45496247324001], [23.21752141751838, 60.4544484169483], [23.218564340307427, 60.445489328772275]]]}, "properties": {"grid_id": "ETRS-TM35FIN-1km-N6707000-E292000", "northing_min": 6707000, "easting_min": 292000, "grid_size_m": 1000}}, {"type": "Feature", "geometry": {"type": "Polygon", "coordinates": [[[23.61765968495333, 60.456224980590285], [23.635807502322983, 60.45668459942821], [23.634879092738572, 60.46564774976434], [23.61672629039062, 60.46518796410034], [23.61765968495333, 60.456224980590285]]]}, "properties": {"grid_id": "ETRS-TM35FIN-1km-N6707000-E314000", "northing_min": 6707000, "easting_min": 314000, "grid_size_m": 1000}}, {"type": "Feature", "geometry": {"type": "Polygon", "coordinates": [[[26.08990659636153, 60.49602440690273], [26.10810585373828, 60.49614728351658], [26.107859192472624, 60.505124775113934], [26.089654903606302, 60.5050018537909], [26.08990659636153, 60.49602440690273]]]}, "properties": {"grid_id": "ETRS-TM35FIN-1km-N6707000-E450000", "northing_min": 6707000, "easting_min": 450000, "grid_size_m": 1000}}, {"type": "Feature", "geometry": {"type": "Polygon", "coordinates": [[[26.89078083411865, 60.499082880641495], [26.908983998824578, 60.49909653552965], [26.908958823513203, 60.50807510032711], [26.890750623777198, 60.50806144046967], [26.89078083411865, 60.499082880641495]]]}, "properties": {"grid_id": "ETRS-TM35FIN-1km-N6707000-E494000", "northing_min": 6707000, "easting_min": 494000, "grid_size_m": 1000}}, {"type": "Feature", "geometry": {"type": "Polygon", "coordinates": [[[21.804988996503596, 60.40677330217162], [21.823066469948348, 60.40747901279981], [21.82164177525184, 60.416421062718584], [21.80355938145541, 60.41571509681136], [21.804988996503596, 60.40677330217162]]]}, "properties": {"grid_id": "ETRS-TM35FIN-1km-N6708000-E214000", "northing_min": 6708000, "easting_min": 214000, "grid_size_m": 1000}}, {"type": "Feature", "geometry": {"type": "Polygon", "coordinates": [[[22.202898335414265, 60.42173295372629], [22.220995063855717, 60.42238474144333], [22.21967881817725, 60.43133218584987], [22.201577152091705, 60.43068016214282], [22.202898335414265, 60.42173295372629]]]}, "properties": {"grid_id": "ETRS-TM35FIN-1km-N6708000-E236000", "northing_min": 6708000, "easting_min": 236000, "grid_size_m": 1000}}, {"type": "Feature", "geometry": {"type": "Polygon", "coordinates": [[[22.275290273888018, 60.42432538144331], [22.293390341758908, 60.424967352978115], [22.292093854174794, 60.433915732552876], [22.273988845658113, 60.43327352854516], [22.275290273888018, 60.42432538144331]]]}, "properties": {"grid_id": "ETRS-TM35FIN-1km-N6708000-E240000", "northing_min": 6708000, "easting_min": 240000, "grid_size_m": 1000}}, {"type": "Feature", "geometry": {"type": "Polygon", "coordinates": [[[22.34769549534821, 60.42687853906802], [22.36579885281569, 60.42751069085612], [22.364522135222643, 60.43645999152333], [22.34641383415171, 60.43582761078237], [22.34769549534821, 60.42687853906802]]]}, "properties": {"grid_id": "ETRS-TM35FIN-1km-N6708000-E244000", "northing_min": 6708000, "easting_min": 244000, "grid_size_m": 1000}}, {"type": "Feature", "geometry": {"type": "Polygon", "coordinates": [[[22.36579885281569, 60.42751069085612], [22.38390302488924, 60.42814038715685], [22.38263125163216, 60.437089915896465], [22.364522135222643, 60.43645999152333], [22.36579885281569, 60.42751069085612]]]}, "properties": {"grid_id": "ETRS-TM35FIN-1km-N6708000-E245000", "northing_min": 6708000, "easting_min": 245000, "grid_size_m": 1000}}, {"type": "Feature", "geometry": {"type": "Polygon", "coordinates": [[[22.51065477626684, 60.43247948935775], [22.528765352831176, 60.43308953395976], [22.527533160301495, 60.44204085555984], [22.5094176336404, 60.441430589935706], [22.51065477626684, 60.43247948935775]]]}, "properties": {"grid_id": "ETRS-TM35FIN-1km-N6708000-E253000", "northing_min": 6708000, "easting_min": 253000, "grid_size_m": 1000}}, {"type": "Feature", "geometry": {"type": "Polygon", "coordinates": [[[23.054301484597755, 60.44971101360065], [23.072434292747253, 60.45024724704201], [23.071350919685855, 60.45920478836705], [23.05321314142023, 60.458668360439866], [23.054301484597755, 60.44971101360065]]]}, "properties": {"grid_id": "ETRS-TM35FIN-1km-N6708000-E283000", "northing_min": 6708000, "easting_min": 283000, "grid_size_m": 1000}}, {"type": "Feature", "geometry": {"type": "Polygon", "coordinates": [[[23.072434292747253, 60.45024724704201], [23.090567793239625, 60.450781017091174], [23.08948939091836, 60.45973875201499], [23.071350919685855, 60.45920478836705], [23.072434292747253, 60.45024724704201]]]}, "properties": {"grid_id": "ETRS-TM35FIN-1km-N6708000-E284000", "northing_min": 6708000, "easting_min": 284000, "grid_size_m": 1000}}, {"type": "Feature", "geometry": {"type": "Polygon", "coordinates": [[[24.415969729235634, 60.483081089098185], [24.434145672787846, 60.48343210969238], [24.43343663818356, 60.49240169931088], [24.415255685573587, 60.492050551144], [24.415969729235634, 60.483081089098185]]]}, "properties": {"grid_id": "ETRS-TM35FIN-1km-N6708000-E358000", "northing_min": 6708000, "easting_min": 358000, "grid_size_m": 1000}}, {"type": "Feature", "geometry": {"type": "Polygon", "coordinates": [[[24.906870257120797, 60.491689588532054], [24.92505733946959, 60.49197374461568], [24.924483695230467, 60.50094643940339], [24.906291593746943, 60.50066217999323], [24.906870257120797, 60.491689588532054]]]}, "properties": {"grid_id": "ETRS-TM35FIN-1km-N6708000-E385000", "northing_min": 6708000, "easting_min": 385000, "grid_size_m": 1000}}, {"type": "Feature", "geometry": {"type": "Polygon", "coordinates": [[[24.9796207796754, 60.492811344708144], [24.997809313429336, 60.493085588360316], [24.99725574902786, 60.502058687460725], [24.979062194825502, 60.50178434407956], [24.9796207796754, 60.492811344708144]]]}, "properties": {"grid_id": "ETRS-TM35FIN-1km-N6708000-E389000", "northing_min": 6708000, "easting_min": 389000, "grid_size_m": 1000}}, {"type": "Feature", "geometry": {"type": "Polygon", "coordinates": [[[25.088757240329247, 60.494419629479616], [25.106947854849217, 60.49467900162115], [25.106424419781575, 60.503652680201355], [25.088228782929598, 60.50339321372956], [25.088757240329247, 60.494419629479616]]]}, "properties": {"grid_id": "ETRS-TM35FIN-1km-N6708000-E395000", "northing_min": 6708000, "easting_min": 395000, "grid_size_m": 1000}}, {"type": "Feature", "geometry": {"type": "Polygon", "coordinates": [[[22.237781324543384, 60.431981754969435], [22.255884668075502, 60.43262886927608], [22.254577465895476, 60.44157675398943], [22.236469180097412, 60.44092940532273], [22.237781324543384, 60.431981754969435]]]}, "properties": {"grid_id": "ETRS-TM35FIN-1km-N6709000-E238000", "northing_min": 6709000, "easting_min": 238000, "grid_size_m": 1000}}, {"type": "Feature", "geometry": {"type": "Polygon", "coordinates": [[[22.38263125163216, 60.437089915896465], [22.4007411802585, 60.43771738368297], [22.399473542972835, 60.446667111587196], [22.38135866615811, 60.4460394164845], [22.38263125163216, 60.437089915896465]]]}, "properties": {"grid_id": "ETRS-TM35FIN-1km-N6709000-E246000", "northing_min": 6709000, "easting_min": 246000, "grid_size_m": 1000}}, {"type": "Feature", "geometry": {"type": "Polygon", "coordinates": [[[22.418851917979016, 60.43834239466488], [22.436963461670185, 60.4389649486251], [22.435705722942185, 60.447915128517636], [22.417589229609625, 60.447292349004016], [22.418851917979016, 60.43834239466488]]]}, "properties": {"grid_id": "ETRS-TM35FIN-1km-N6709000-E248000", "northing_min": 6709000, "easting_min": 248000, "grid_size_m": 1000}}, {"type": "Feature", "geometry": {"type": "Polygon", "coordinates": [[[22.545649474173853, 60.44264866287709], [22.563766572127896, 60.443254011676245], [22.562543500960512, 60.45220574574585], [22.544421448366748, 60.45160017756875], [22.545649474173853, 60.44264866287709]]]}, "properties": {"grid_id": "ETRS-TM35FIN-1km-N6709000-E255000", "northing_min": 6709000, "easting_min": 255000, "grid_size_m": 1000}}, {"type": "Feature", "geometry": {"type": "Polygon", "coordinates": [[[24.68801624880598, 60.4970577530935], [24.706203683846457, 60.497371750811126], [24.70556942625973, 60.506343130225005], [24.687376973096057, 60.50602901833346], [24.68801624880598, 60.4970577530935]]]}, "properties": {"grid_id": "ETRS-TM35FIN-1km-N6709000-E373000", "northing_min": 6709000, "easting_min": 373000, "grid_size_m": 1000}}, {"type": "Feature", "geometry": {"type": "Polygon", "coordinates": [[[26.836080809472616, 60.516984086635034], [26.854293979520513, 60.51700520495603], [26.854253647425903, 60.525983727765244], [26.836035435941, 60.52596260175596], [26.836080809472616, 60.516984086635034]]]}, "properties": {"grid_id": "ETRS-TM35FIN-1km-N6709000-E491000", "northing_min": 6709000, "easting_min": 491000, "grid_size_m": 1000}}, {"type": "Feature", "geometry": {"type": "Polygon", "coordinates": [[[22.254577465895476, 60.44157675398943], [22.272686586493975, 60.44222164673876], [22.271383495648422, 60.451169736011025], [22.253269428914862, 60.4505246096536], [22.254577465895476, 60.44157675398943]]]}, "properties": {"grid_id": "ETRS-TM35FIN-1km-N6710000-E239000", "northing_min": 6710000, "easting_min": 239000, "grid_size_m": 1000}}, {"type": "Feature", "geometry": {"type": "Polygon", "coordinates": [[[22.327018925895974, 60.444141587246605], [22.3451313544956, 60.444776654094824], [22.343848055643697, 60.45372566899276], [22.325730677933173, 60.45309037205953], [22.327018925895974, 60.444141587246605]]]}, "properties": {"grid_id": "ETRS-TM35FIN-1km-N6710000-E243000", "northing_min": 6710000, "easting_min": 243000, "grid_size_m": 1000}}, {"type": "Feature", "geometry": {"type": "Polygon", "coordinates": [[[22.435705722942185, 60.447915128517636], [22.453823019843355, 60.448535449911574], [22.452569431038384, 60.45748582680737], [22.434447180645424, 60.456865280618544], [22.435705722942185, 60.447915128517636]]]}, "properties": {"grid_id": "ETRS-TM35FIN-1km-N6710000-E249000", "northing_min": 6710000, "easting_min": 249000, "grid_size_m": 1000}}, {"type": "Feature", "geometry": {"type": "Polygon", "coordinates": [[[23.070266853657454, 60.46816230593583], [23.088410298783774, 60.46869646328889], [23.087330516213928, 60.477654150904584], [23.069182094037284, 60.47711979973995], [23.070266853657454, 60.46816230593583]]]}, "properties": {"grid_id": "ETRS-TM35FIN-1km-N6710000-E284000", "northing_min": 6710000, "easting_min": 284000, "grid_size_m": 1000}}, {"type": "Feature", "geometry": {"type": "Polygon", "coordinates": [[[23.088410298783774, 60.46869646328889], [23.106554434345238, 60.46922815528899], [23.105479629448414, 60.47818603582805], [23.087330516213928, 60.477654150904584], [23.088410298783774, 60.46869646328889]]]}, "properties": {"grid_id": "ETRS-TM35FIN-1km-N6710000-E285000", "northing_min": 6710000, "easting_min": 285000, "grid_size_m": 1000}}, {"type": "Feature", "geometry": {"type": "Polygon", "coordinates": [[[24.687376973096057, 60.50602901833346], [24.70556942625973, 60.506343130225005], [24.704934761784155, 60.515314493509045], [24.686737287287094, 60.51500026738051], [24.687376973096057, 60.50602901833346]]]}, "properties": {"grid_id": "ETRS-TM35FIN-1km-N6710000-E373000", "northing_min": 6710000, "easting_min": 373000, "grid_size_m": 1000}}, {"type": "Feature", "geometry": {"type": "Polygon", "coordinates": [[[27.564752107197492, 60.52486904880482], [27.58296882901439, 60.5247907625153], [27.583130245990436, 60.533768838767614], [27.564908480849144, 60.533847153561275], [27.564752107197492, 60.52486904880482]]]}, "properties": {"grid_id": "ETRS-TM35FIN-1km-N6710000-E531000", "northing_min": 6710000, "easting_min": 531000, "grid_size_m": 1000}}, {"type": "Feature", "geometry": {"type": "Polygon", "coordinates": [[[22.325730677933173, 60.45309037205953], [22.343848055643697, 60.45372566899276], [22.342563936858955, 60.46267465546367], [22.324441606912004, 60.462039128319304], [22.325730677933173, 60.45309037205953]]]}, "properties": {"grid_id": "ETRS-TM35FIN-1km-N6711000-E243000", "northing_min": 6711000, "easting_min": 243000, "grid_size_m": 1000}}, {"type": "Feature", "geometry": {"type": "Polygon", "coordinates": [[[25.10537654178199, 60.521599992757345], [25.123582569411866, 60.52185716643628], [25.12306315816585, 60.530830893996885], [25.10485209824137, 60.530573626732796], [25.10537654178199, 60.521599992757345]]]}, "properties": {"grid_id": "ETRS-TM35FIN-1km-N6711000-E396000", "northing_min": 6711000, "easting_min": 396000, "grid_size_m": 1000}}, {"type": "Feature", "geometry": {"type": "Polygon", "coordinates": [[[27.273348777585152, 60.534762090648776], [27.291571761453714, 60.534723553101], [27.291652527821984, 60.543701964621896], [27.273424496283358, 60.54374051620471], [27.273348777585152, 60.534762090648776]]]}, "properties": {"grid_id": "ETRS-TM35FIN-1km-N6711000-E515000", "northing_min": 6711000, "easting_min": 515000, "grid_size_m": 1000}}, {"type": "Feature", "geometry": {"type": "Polygon", "coordinates": [[[22.070816908265925, 60.452883700435024], [22.088927420766144, 60.45355362707971], [22.087573174697408, 60.46249928019425], [22.069457717466392, 60.461829110881325], [22.070816908265925, 60.452883700435024]]]}, "properties": {"grid_id": "ETRS-TM35FIN-1km-N6712000-E229000", "northing_min": 6712000, "easting_min": 229000, "grid_size_m": 1000}}, {"type": "Feature", "geometry": {"type": "Polygon", "coordinates": [[[22.088927420766144, 60.45355362707971], [22.1070387976503, 60.45422109810267], [22.105689497089838, 60.46316699300592], [22.087573174697408, 60.46249928019425], [22.088927420766144, 60.45355362707971]]]}, "properties": {"grid_id": "ETRS-TM35FIN-1km-N6712000-E230000", "northing_min": 6712000, "easting_min": 230000, "grid_size_m": 1000}}, {"type": "Feature", "geometry": {"type": "Polygon", "coordinates": [[[22.306320100763976, 60.461401142604025], [22.324441606912004, 60.462039128319304], [22.323151712091764, 60.47098785601322], [22.305025251320647, 60.470349639078584], [22.306320100763976, 60.461401142604025]]]}, "properties": {"grid_id": "ETRS-TM35FIN-1km-N6712000-E242000", "northing_min": 6712000, "easting_min": 242000, "grid_size_m": 1000}}, {"type": "Feature", "geometry": {"type": "Polygon", "coordinates": [[[22.324441606912004, 60.462039128319304], [22.342563936858955, 60.46267465546367], [22.341278997403418, 60.47162361349494], [22.323151712091764, 60.47098785601322], [22.324441606912004, 60.462039128319304]]]}, "properties": {"grid_id": "ETRS-TM35FIN-1km-N6712000-E243000", "northing_min": 6712000, "easting_min": 243000, "grid_size_m": 1000}}, {"type": "Feature", "geometry": {"type": "Polygon", "coordinates": [[[22.342563936858955, 60.46267465546367], [22.360687087476556, 60.463307723816136], [22.359407104124564, 60.472256911302594], [22.341278997403418, 60.47162361349494], [22.342563936858955, 60.46267465546367]]]}, "properties": {"grid_id": "ETRS-TM35FIN-1km-N6712000-E244000", "northing_min": 6712000, "easting_min": 244000, "grid_size_m": 1000}}, {"type": "Feature", "geometry": {"type": "Polygon", "coordinates": [[[22.668903175012485, 60.47369348054232], [22.68704056176532, 60.47428225380245], [22.685849911454437, 60.48323542042319], [22.66770755577392, 60.48264643361788], [22.668903175012485, 60.47369348054232]]]}, "properties": {"grid_id": "ETRS-TM35FIN-1km-N6712000-E262000", "northing_min": 6712000, "easting_min": 262000, "grid_size_m": 1000}}, {"type": "Feature", "geometry": {"type": "Polygon", "coordinates": [[[23.068096640199837, 60.48607726977115], [23.086250042586112, 60.48661181485387], [23.08516887727687, 60.49556945512852], [23.067010491518836, 60.495034716021046], [23.068096640199837, 60.48607726977115]]]}, "properties": {"grid_id": "ETRS-TM35FIN-1km-N6712000-E284000", "northing_min": 6712000, "easting_min": 284000, "grid_size_m": 1000}}, {"type": "Feature", "geometry": {"type": "Polygon", "coordinates": [[[23.940185325420778, 60.50894946598576], [23.958368348424038, 60.50936539415371], [23.957527066825747, 60.518331299272226], [23.939339033689432, 60.51791521992135], [23.940185325420778, 60.50894946598576]]]}, "properties": {"grid_id": "ETRS-TM35FIN-1km-N6712000-E332000", "northing_min": 6712000, "easting_min": 332000, "grid_size_m": 1000}}, {"type": "Feature", "geometry": {"type": "Polygon", "coordinates": [[[24.467700167468124, 60.520005992214955], [24.485897524285345, 60.52035008747031], [24.485201736977494, 60.52931998674683], [24.46699935705505, 60.528975766333446], [24.467700167468124, 60.520005992214955]]]}, "properties": {"grid_id": "ETRS-TM35FIN-1km-N6712000-E361000", "northing_min": 6712000, "easting_min": 361000, "grid_size_m": 1000}}, {"type": "Feature", "geometry": {"type": "Polygon", "coordinates": [[[24.485897524285345, 60.52035008747031], [24.504095327289697, 60.52069170379934], [24.503404563491102, 60.529661727334876], [24.485201736977494, 60.52931998674683], [24.485897524285345, 60.52035008747031]]]}, "properties": {"grid_id": "ETRS-TM35FIN-1km-N6712000-E362000", "northing_min": 6712000, "easting_min": 362000, "grid_size_m": 1000}}, {"type": "Feature", "geometry": {"type": "Polygon", "coordinates": [[[24.54049225901606, 60.521367499200515], [24.558691381314983, 60.5217016780358], [24.558015690439404, 60.53067206895315], [24.539811543436493, 60.53033776855655], [24.54049225901606, 60.521367499200515]]]}, "properties": {"grid_id": "ETRS-TM35FIN-1km-N6712000-E365000", "northing_min": 6712000, "easting_min": 365000, "grid_size_m": 1000}}, {"type": "Feature", "geometry": {"type": "Polygon", "coordinates": [[[24.558691381314983, 60.5217016780358], [24.57689093695487, 60.522033377471104], [24.57622027117573, 60.531003889050346], [24.558015690439404, 60.53067206895315], [24.558691381314983, 60.5217016780358]]]}, "properties": {"grid_id": "ETRS-TM35FIN-1km-N6712000-E366000", "northing_min": 6712000, "easting_min": 366000, "grid_size_m": 1000}}, {"type": "Feature", "geometry": {"type": "Polygon", "coordinates": [[[26.125095568625493, 60.54115522804676], [26.14332033035447, 60.541273356042495], [26.14308297170299, 60.55025087075961], [26.124853162027243, 60.55013269974118], [26.125095568625493, 60.54115522804676]]]}, "properties": {"grid_id": "ETRS-TM35FIN-1km-N6712000-E452000", "northing_min": 6712000, "easting_min": 452000, "grid_size_m": 1000}}, {"type": "Feature", "geometry": {"type": "Polygon", "coordinates": [[[27.49215673493274, 60.54311375076806], [27.51038392944005, 60.54304535486616], [27.51052535417329, 60.552023514990154], [27.492293109511447, 60.552091935805024], [27.49215673493274, 60.54311375076806]]]}, "properties": {"grid_id": "ETRS-TM35FIN-1km-N6712000-E527000", "northing_min": 6712000, "easting_min": 527000, "grid_size_m": 1000}}, {"type": "Feature", "geometry": {"type": "Polygon", "coordinates": [[[22.123806681524538, 60.46383224908424], [22.14192472488143, 60.46449504819804], [22.140584461857625, 60.4734413941713], [22.122461468324733, 60.47277835489695], [22.123806681524538, 60.46383224908424]]]}, "properties": {"grid_id": "ETRS-TM35FIN-1km-N6713000-E232000", "northing_min": 6713000, "easting_min": 232000, "grid_size_m": 1000}}, {"type": "Feature", "geometry": {"type": "Polygon", "coordinates": [[[22.160043624039513, 60.4651553901169], [22.178163375876842, 60.46581327461123], [22.176833015512738, 60.4747600982637], [22.158708311961863, 60.47410197537013], [22.160043624039513, 60.4651553901169]]]}, "properties": {"grid_id": "ETRS-TM35FIN-1km-N6713000-E234000", "northing_min": 6713000, "easting_min": 234000, "grid_size_m": 1000}}, {"type": "Feature", "geometry": {"type": "Polygon", "coordinates": [[[22.341278997403418, 60.47162361349494], [22.359407104124564, 60.472256911302594], [22.358126302494878, 60.48120607046266], [22.33999323653825, 60.480572543073976], [22.341278997403418, 60.47162361349494]]]}, "properties": {"grid_id": "ETRS-TM35FIN-1km-N6713000-E244000", "northing_min": 6713000, "easting_min": 244000, "grid_size_m": 1000}}, {"type": "Feature", "geometry": {"type": "Polygon", "coordinates": [[[22.377536029123256, 60.47288774921576], [22.39566576926666, 60.47351612701495], [22.394394888316054, 60.48246574268842], [22.376260187466013, 60.48183713707404], [22.377536029123256, 60.47288774921576]]]}, "properties": {"grid_id": "ETRS-TM35FIN-1km-N6713000-E246000", "northing_min": 6713000, "easting_min": 246000, "grid_size_m": 1000}}, {"type": "Feature", "geometry": {"type": "Polygon", "coordinates": [[[24.412394928964407, 60.52792822735238], [24.430595949836036, 60.52827988651426], [24.42988463820678, 60.53724939048619], [24.411678592247657, 60.5368976033992], [24.412394928964407, 60.52792822735238]]]}, "properties": {"grid_id": "ETRS-TM35FIN-1km-N6713000-E358000", "northing_min": 6713000, "easting_min": 358000, "grid_size_m": 1000}}, {"type": "Feature", "geometry": {"type": "Polygon", "coordinates": [[[25.104327317933805, 60.53954724583963], [25.12254341337831, 60.53980460674062], [25.1220233347469, 60.54877830466736], [25.103802200554032, 60.54852085007768], [25.104327317933805, 60.53954724583963]]]}, "properties": {"grid_id": "ETRS-TM35FIN-1km-N6713000-E396000", "northing_min": 6713000, "easting_min": 396000, "grid_size_m": 1000}}, {"type": "Feature", "geometry": {"type": "Polygon", "coordinates": [[[22.10433933448694, 60.472112857777645], [22.122461468324733, 60.47277835489695], [22.121115395429662, 60.4817244306961], [22.102988309065957, 60.48105869240369], [22.10433933448694, 60.472112857777645]]]}, "properties": {"grid_id": "ETRS-TM35FIN-1km-N6714000-E231000", "northing_min": 6714000, "easting_min": 231000, "grid_size_m": 1000}}, {"type": "Feature", "geometry": {"type": "Polygon", "coordinates": [[[22.19495856938464, 60.47541576262307], [22.213084970451007, 60.47606896822018], [22.211763671737994, 60.48501623666802], [22.193632314304097, 60.48436279430404], [22.19495856938464, 60.47541576262307]]]}, "properties": {"grid_id": "ETRS-TM35FIN-1km-N6714000-E236000", "northing_min": 6714000, "easting_min": 236000, "grid_size_m": 1000}}, {"type": "Feature", "geometry": {"type": "Polygon", "coordinates": [[[22.213084970451007, 60.47606896822018], [22.231212215584378, 60.4767197148278], [22.229895873998927, 60.485667219160646], [22.211763671737994, 60.48501623666802], [22.213084970451007, 60.47606896822018]]]}, "properties": {"grid_id": "ETRS-TM35FIN-1km-N6714000-E237000", "northing_min": 6714000, "easting_min": 237000, "grid_size_m": 1000}}, {"type": "Feature", "geometry": {"type": "Polygon", "coordinates": [[[22.231212215584378, 60.4767197148278], [22.249340301656364, 60.47736800221951], [22.248028917955732, 60.48631574155538], [22.229895873998927, 60.485667219160646], [22.231212215584378, 60.4767197148278]]]}, "properties": {"grid_id": "ETRS-TM35FIN-1km-N6714000-E238000", "northing_min": 6714000, "easting_min": 238000, "grid_size_m": 1000}}, {"type": "Feature", "geometry": {"type": "Polygon", "coordinates": [[[22.376260187466013, 60.48183713707404], [22.394394888316054, 60.48246574268842], [22.393123194622895, 60.49141533027357], [22.374983529929725, 60.490786496718975], [22.376260187466013, 60.48183713707404]]]}, "properties": {"grid_id": "ETRS-TM35FIN-1km-N6714000-E246000", "northing_min": 6714000, "easting_min": 246000, "grid_size_m": 1000}}, {"type": "Feature", "geometry": {"type": "Polygon", "coordinates": [[[23.19308169404571, 60.507684817595425], [23.211249850288407, 60.50820246459922], [23.21020224503624, 60.51716139223627], [23.19202909476839, 60.51664355722818], [23.19308169404571, 60.507684817595425]]]}, "properties": {"grid_id": "ETRS-TM35FIN-1km-N6714000-E291000", "northing_min": 6714000, "easting_min": 291000, "grid_size_m": 1000}}, {"type": "Feature", "geometry": {"type": "Polygon", "coordinates": [[[24.156843695532825, 60.531712217048735], [24.175043011197246, 60.532098715827786], [24.174260885661216, 60.5410663288968], [24.15605654779058, 60.54067968953722], [24.156843695532825, 60.531712217048735]]]}, "properties": {"grid_id": "ETRS-TM35FIN-1km-N6714000-E344000", "northing_min": 6714000, "easting_min": 344000, "grid_size_m": 1000}}, {"type": "Feature", "geometry": {"type": "Polygon", "coordinates": [[[24.175043011197246, 60.532098715827786], [24.193242828461425, 60.53248273605265], [24.192465725585816, 60.54145048880404], [24.174260885661216, 60.5410663288968], [24.175043011197246, 60.532098715827786]]]}, "properties": {"grid_id": "ETRS-TM35FIN-1km-N6714000-E345000", "northing_min": 6714000, "easting_min": 345000, "grid_size_m": 1000}}, {"type": "Feature", "geometry": {"type": "Polygon", "coordinates": [[[24.24784525777222, 60.53361992406077], [24.26604704935241, 60.53399402873175], [24.265290041602825, 60.54296233122834], [24.247083225574254, 60.542588090468925], [24.24784525777222, 60.53361992406077]]]}, "properties": {"grid_id": "ETRS-TM35FIN-1km-N6714000-E349000", "northing_min": 6714000, "easting_min": 349000, "grid_size_m": 1000}}, {"type": "Feature", "geometry": {"type": "Polygon", "coordinates": [[[24.393473006145687, 60.53654333607563], [24.411678592247657, 60.5368976033992], [24.410961795673668, 60.54586696223924], [24.392751181686204, 60.545512566020264], [24.393473006145687, 60.53654333607563]]]}, "properties": {"grid_id": "ETRS-TM35FIN-1km-N6714000-E357000", "northing_min": 6714000, "easting_min": 357000, "grid_size_m": 1000}}, {"type": "Feature", "geometry": {"type": "Polygon", "coordinates": [[[24.466298096837516, 60.53794552345789], [24.484505503078395, 60.53828986909844], [24.48380882218353, 60.54725973452306], [24.465596386408095, 60.54691526358614], [24.466298096837516, 60.53794552345789]]]}, "properties": {"grid_id": "ETRS-TM35FIN-1km-N6714000-E361000", "northing_min": 6714000, "easting_min": 361000, "grid_size_m": 1000}}, {"type": "Feature", "geometry": {"type": "Polygon", "coordinates": [[[24.484505503078395, 60.53828986909844], [24.502713356314967, 60.53863173401413], [24.50202170535967, 60.54760172383511], [24.48380882218353, 60.54725973452306], [24.484505503078395, 60.53828986909844]]]}, "properties": {"grid_id": "ETRS-TM35FIN-1km-N6714000-E362000", "northing_min": 6714000, "easting_min": 362000, "grid_size_m": 1000}}, {"type": "Feature", "geometry": {"type": "Polygon", "coordinates": [[[24.53913039090827, 60.53930802119213], [24.557339565830326, 60.5396424432172], [24.55666300709482, 60.54861280082612], [24.53844880103555, 60.54827825710534], [24.53913039090827, 60.53930802119213]]]}, "properties": {"grid_id": "ETRS-TM35FIN-1km-N6714000-E365000", "northing_min": 6714000, "easting_min": 365000, "grid_size_m": 1000}}, {"type": "Feature", "geometry": {"type": "Polygon", "coordinates": [[[21.939883768307034, 60.47495644360105], [21.95800296991179, 60.4756442999033], [21.95661146390727, 60.484588142221725], [21.93848731374816, 60.48390003669082], [21.939883768307034, 60.47495644360105]]]}, "properties": {"grid_id": "ETRS-TM35FIN-1km-N6715000-E222000", "northing_min": 6715000, "easting_min": 222000, "grid_size_m": 1000}}, {"type": "Feature", "geometry": {"type": "Polygon", "coordinates": [[[22.211763671737994, 60.48501623666802], [22.229895873998927, 60.485667219160646], [22.22857869071744, 60.49461469424949], [22.210441528197798, 60.49396347574243], [22.211763671737994, 60.48501623666802]]]}, "properties": {"grid_id": "ETRS-TM35FIN-1km-N6715000-E237000", "northing_min": 6715000, "easting_min": 237000, "grid_size_m": 1000}}, {"type": "Feature", "geometry": {"type": "Polygon", "coordinates": [[[22.248028917955732, 60.48631574155538], [22.26616280047635, 60.486961803626436], [22.264855539984055, 60.49590974809652], [22.24671669569114, 60.49526345177619], [22.248028917955732, 60.48631574155538]]]}, "properties": {"grid_id": "ETRS-TM35FIN-1km-N6715000-E239000", "northing_min": 6715000, "easting_min": 239000, "grid_size_m": 1000}}, {"type": "Feature", "geometry": {"type": "Polygon", "coordinates": [[[22.46568995673657, 60.49390604131862], [22.483833657392836, 60.494522562201816], [22.482585996078832, 60.503473248747156], [22.464437324802116, 60.50285650422121], [22.46568995673657, 60.49390604131862]]]}, "properties": {"grid_id": "ETRS-TM35FIN-1km-N6715000-E251000", "northing_min": 6715000, "easting_min": 251000, "grid_size_m": 1000}}, {"type": "Feature", "geometry": {"type": "Polygon", "coordinates": [[[22.483833657392836, 60.494522562201816], [22.501978155814218, 60.49513661990281], [22.500735465839906, 60.50408752920587], [22.482585996078832, 60.503473248747156], [22.483833657392836, 60.494522562201816]]]}, "properties": {"grid_id": "ETRS-TM35FIN-1km-N6715000-E252000", "northing_min": 6715000, "easting_min": 252000, "grid_size_m": 1000}}, {"type": "Feature", "geometry": {"type": "Polygon", "coordinates": [[[24.73882843458043, 60.55182170360266], [24.757047243100242, 60.55212893795885], [24.756425653141545, 60.56110055882228], [24.738201806090796, 60.56079321261842], [24.73882843458043, 60.55182170360266]]]}, "properties": {"grid_id": "ETRS-TM35FIN-1km-N6715000-E376000", "northing_min": 6715000, "easting_min": 376000, "grid_size_m": 1000}}, {"type": "Feature", "geometry": {"type": "Polygon", "coordinates": [[[22.192305211266135, 60.493309796481725], [22.210441528197798, 60.49396347574243], [22.20911853906947, 60.50291068542996], [22.190977259507036, 60.50225676914253], [22.192305211266135, 60.493309796481725]]]}, "properties": {"grid_id": "ETRS-TM35FIN-1km-N6716000-E236000", "northing_min": 6716000, "easting_min": 236000, "grid_size_m": 1000}}, {"type": "Feature", "geometry": {"type": "Polygon", "coordinates": [[[22.264855539984055, 60.49590974809652], [22.282995220460432, 60.49655358298542], [22.281692089446114, 60.505501731950325], [22.263547443308145, 60.504857663566916], [22.264855539984055, 60.49590974809652]]]}, "properties": {"grid_id": "ETRS-TM35FIN-1km-N6716000-E240000", "northing_min": 6716000, "easting_min": 240000, "grid_size_m": 1000}}, {"type": "Feature", "geometry": {"type": "Polygon", "coordinates": [[[22.282995220460432, 60.49655358298542], [22.301135733983607, 60.497194956218586], [22.299837569381648, 60.506143337794505], [22.281692089446114, 60.505501731950325], [22.282995220460432, 60.49655358298542]]]}, "properties": {"grid_id": "ETRS-TM35FIN-1km-N6716000-E241000", "northing_min": 6716000, "easting_min": 241000, "grid_size_m": 1000}}, {"type": "Feature", "geometry": {"type": "Polygon", "coordinates": [[[22.44628945515622, 60.502237295843024], [22.464437324802116, 60.50285650422121], [22.463183891236703, 60.51180693950713], [22.44503104854681, 60.51118750647797], [22.44628945515622, 60.502237295843024]]]}, "properties": {"grid_id": "ETRS-TM35FIN-1km-N6716000-E250000", "northing_min": 6716000, "easting_min": 250000, "grid_size_m": 1000}}, {"type": "Feature", "geometry": {"type": "Polygon", "coordinates": [[[24.738201806090796, 60.56079321261842], [24.756425653141545, 60.56110055882228], [24.75580366376262, 60.57007216373502], [24.737574774951973, 60.56976470562159], [24.738201806090796, 60.56079321261842]]]}, "properties": {"grid_id": "ETRS-TM35FIN-1km-N6716000-E376000", "northing_min": 6716000, "easting_min": 376000, "grid_size_m": 1000}}, {"type": "Feature", "geometry": {"type": "Polygon", "coordinates": [[[25.2850778425323, 60.5689325450048], [25.303312265719462, 60.56916532106482], [25.302841684474426, 60.57813986324509], [25.284602209930043, 60.577907002385125], [25.2850778425323, 60.5689325450048]]]}, "properties": {"grid_id": "ETRS-TM35FIN-1km-N6716000-E406000", "northing_min": 6716000, "easting_min": 406000, "grid_size_m": 1000}}, {"type": "Feature", "geometry": {"type": "Polygon", "coordinates": [[[25.57686308145391, 60.57235846968999], [25.595101953339423, 60.57255144338529], [25.59471222914333, 60.58152721926256], [25.576468301861293, 60.58133417525245], [25.57686308145391, 60.57235846968999]]]}, "properties": {"grid_id": "ETRS-TM35FIN-1km-N6716000-E422000", "northing_min": 6716000, "easting_min": 422000, "grid_size_m": 1000}}, {"type": "Feature", "geometry": {"type": "Polygon", "coordinates": [[[21.900834446023325, 60.49145951444773], [21.918961758159185, 60.49215278536641], [21.91755856383508, 60.50109606528539], [21.899426298513863, 60.50040254310426], [21.900834446023325, 60.49145951444773]]]}, "properties": {"grid_id": "ETRS-TM35FIN-1km-N6717000-E220000", "northing_min": 6717000, "easting_min": 220000, "grid_size_m": 1000}}, {"type": "Feature", "geometry": {"type": "Polygon", "coordinates": [[[22.24540363410718, 60.504211132868726], [22.263547443308145, 60.504857663566916], [22.26223850969508, 60.51380555002445], [22.244089732447534, 60.51315878481969], [22.24540363410718, 60.504211132868726]]]}, "properties": {"grid_id": "ETRS-TM35FIN-1km-N6717000-E239000", "northing_min": 6717000, "easting_min": 239000, "grid_size_m": 1000}}, {"type": "Feature", "geometry": {"type": "Polygon", "coordinates": [[[22.263547443308145, 60.504857663566916], [22.281692089446114, 60.505501731950325], [22.280388124634086, 60.51444985203064], [22.26223850969508, 60.51380555002445], [22.263547443308145, 60.504857663566916]]]}, "properties": {"grid_id": "ETRS-TM35FIN-1km-N6717000-E240000", "northing_min": 6717000, "easting_min": 240000, "grid_size_m": 1000}}, {"type": "Feature", "geometry": {"type": "Polygon", "coordinates": [[[22.354278980565578, 60.50805337785968], [22.372427764278815, 60.508685131319154], [22.37114865469138, 60.517634406249535], [22.352994898446585, 60.51700242358914], [22.354278980565578, 60.50805337785968]]]}, "properties": {"grid_id": "ETRS-TM35FIN-1km-N6717000-E245000", "northing_min": 6717000, "easting_min": 245000, "grid_size_m": 1000}}, {"type": "Feature", "geometry": {"type": "Polygon", "coordinates": [[[26.61667711505976, 60.58836335497663], [26.634930140345165, 60.58841443498077], [26.6348287935878, 60.597392707774205], [26.61657070138969, 60.597341609146234], [26.61667711505976, 60.58836335497663]]]}, "properties": {"grid_id": "ETRS-TM35FIN-1km-N6717000-E479000", "northing_min": 6717000, "easting_min": 479000, "grid_size_m": 1000}}, {"type": "Feature", "geometry": {"type": "Polygon", "coordinates": [[[21.700031488842363, 60.49261158984202], [21.7181536788582, 60.49333214239222], [21.71669511296781, 60.50227257696589], [21.698567975712944, 60.50155176334235], [21.700031488842363, 60.49261158984202]]]}, "properties": {"grid_id": "ETRS-TM35FIN-1km-N6718000-E209000", "northing_min": 6718000, "easting_min": 209000, "grid_size_m": 1000}}, {"type": "Feature", "geometry": {"type": "Polygon", "coordinates": [[[22.117072010829748, 60.508562477871855], [22.135214836331933, 60.50922647910631], [22.13387028273047, 60.51817267553079], [22.115722491405812, 60.517508433476266], [22.117072010829748, 60.508562477871855]]]}, "properties": {"grid_id": "ETRS-TM35FIN-1km-N6718000-E232000", "northing_min": 6718000, "easting_min": 232000, "grid_size_m": 1000}}, {"type": "Feature", "geometry": {"type": "Polygon", "coordinates": [[[22.352994898446585, 60.51700242358914], [22.37114865469138, 60.517634406249535], [22.369868726279254, 60.52658365291688], [22.351709994356167, 60.52595144092962], [22.352994898446585, 60.51700242358914]]]}, "properties": {"grid_id": "ETRS-TM35FIN-1km-N6718000-E245000", "northing_min": 6718000, "easting_min": 245000, "grid_size_m": 1000}}, {"type": "Feature", "geometry": {"type": "Polygon", "coordinates": [[[22.534568930096768, 60.523211319995305], [22.552730732837396, 60.523818647536466], [22.551500601372098, 60.5327701387454], [22.533333815692625, 60.53216259073956], [22.534568930096768, 60.523211319995305]]]}, "properties": {"grid_id": "ETRS-TM35FIN-1km-N6718000-E255000", "northing_min": 6718000, "easting_min": 255000, "grid_size_m": 1000}}, {"type": "Feature", "geometry": {"type": "Polygon", "coordinates": [[[22.825250481857093, 60.532632440909396], [22.843424502295434, 60.53320027651336], [22.84227419258902, 60.54215517437908], [22.82409517817886, 60.541587132526516], [22.825250481857093, 60.532632440909396]]]}, "properties": {"grid_id": "ETRS-TM35FIN-1km-N6718000-E271000", "northing_min": 6718000, "easting_min": 271000, "grid_size_m": 1000}}, {"type": "Feature", "geometry": {"type": "Polygon", "coordinates": [[[22.351709994356167, 60.52595144092962], [22.369868726279254, 60.52658365291688], [22.368587978303808, 60.53553287130865], [22.350424267552892, 60.534900429868436], [22.351709994356167, 60.52595144092962]]]}, "properties": {"grid_id": "ETRS-TM35FIN-1km-N6719000-E245000", "northing_min": 6719000, "easting_min": 245000, "grid_size_m": 1000}}, {"type": "Feature", "geometry": {"type": "Polygon", "coordinates": [[[23.95246802935414, 60.572126328113455], [23.970686733034285, 60.572540834955184], [23.96984669730566, 60.581506756947775], [23.951622960558186, 60.581092099236976], [23.95246802935414, 60.572126328113455]]]}, "properties": {"grid_id": "ETRS-TM35FIN-1km-N6719000-E333000", "northing_min": 6719000, "easting_min": 333000, "grid_size_m": 1000}}, {"type": "Feature", "geometry": {"type": "Polygon", "coordinates": [[[23.970686733034285, 60.572540834955184], [23.988905975997792, 60.57295286029067], [23.988070973825362, 60.58191893225299], [23.96984669730566, 60.581506756947775], [23.970686733034285, 60.572540834955184]]]}, "properties": {"grid_id": "ETRS-TM35FIN-1km-N6719000-E334000", "northing_min": 6719000, "easting_min": 334000, "grid_size_m": 1000}}, {"type": "Feature", "geometry": {"type": "Polygon", "coordinates": [[[24.772797867831805, 60.588320520877275], [24.791037647639463, 60.588623228998536], [24.790424561840787, 60.59759500753137], [24.772179729844492, 60.59729218912248], [24.772797867831805, 60.588320520877275]]]}, "properties": {"grid_id": "ETRS-TM35FIN-1km-N6719000-E378000", "northing_min": 6719000, "easting_min": 378000, "grid_size_m": 1000}}, {"type": "Feature", "geometry": {"type": "Polygon", "coordinates": [[[21.29843999807305, 60.4940069435094], [21.316550768364262, 60.494782025593395], [21.314981559487137, 60.50371644127399], [21.296865854901874, 60.50294107854029], [21.29843999807305, 60.4940069435094]]]}, "properties": {"grid_id": "ETRS-TM35FIN-1km-N6720000-E187000", "northing_min": 6720000, "easting_min": 187000, "grid_size_m": 1000}}, {"type": "Feature", "geometry": {"type": "Polygon", "coordinates": [[[21.951036538228962, 60.52036319884381], [21.969181406403706, 60.52104984164281], [21.96779041054428, 60.52999377659044], [21.949640577384283, 60.52930688476041], [21.951036538228962, 60.52036319884381]]]}, "properties": {"grid_id": "ETRS-TM35FIN-1km-N6720000-E223000", "northing_min": 6720000, "easting_min": 223000, "grid_size_m": 1000}}, {"type": "Feature", "geometry": {"type": "Polygon", "coordinates": [[[22.114372108408027, 60.52645435899674], [22.13252486869276, 60.52711884200359], [22.131178593443032, 60.53606497851071], [22.113020861057848, 60.53540025441915], [22.114372108408027, 60.52645435899674]]]}, "properties": {"grid_id": "ETRS-TM35FIN-1km-N6720000-E232000", "northing_min": 6720000, "easting_min": 232000, "grid_size_m": 1000}}, {"type": "Feature", "geometry": {"type": "Polygon", "coordinates": [[[23.350563490835132, 60.566016763710664], [23.368767613426552, 60.5665132539344], [23.36776111624127, 60.57547370106108], [23.3495519751369, 60.57497703026255], [23.350563490835132, 60.566016763710664]]]}, "properties": {"grid_id": "ETRS-TM35FIN-1km-N6720000-E300000", "northing_min": 6720000, "easting_min": 300000, "grid_size_m": 1000}}, {"type": "Feature", "geometry": {"type": "Polygon", "coordinates": [[[24.68096159914263, 60.59574077989545], [24.699204410577636, 60.596056037002626], [24.698565656879413, 60.605027238914744], [24.680317791849305, 60.604711866937095], [24.68096159914263, 60.59574077989545]]]}, "properties": {"grid_id": "ETRS-TM35FIN-1km-N6720000-E373000", "northing_min": 6720000, "easting_min": 373000, "grid_size_m": 1000}}, {"type": "Feature", "geometry": {"type": "Polygon", "coordinates": [[[25.246665102947105, 60.60435658546036], [25.264919134355114, 60.604594682141396], [25.264437212493096, 60.61356899613991], [25.246178117296402, 60.613330812657274], [25.246665102947105, 60.60435658546036]]]}, "properties": {"grid_id": "ETRS-TM35FIN-1km-N6720000-E404000", "northing_min": 6720000, "easting_min": 404000, "grid_size_m": 1000}}, {"type": "Feature", "geometry": {"type": "Polygon", "coordinates": [[[21.20630247710635, 60.49902747948556], [21.224413122998815, 60.49981510310985], [21.22281823378178, 60.50874806961933], [21.20470265504553, 60.50796016082012], [21.20630247710635, 60.49902747948556]]]}, "properties": {"grid_id": "ETRS-TM35FIN-1km-N6721000-E182000", "northing_min": 6721000, "easting_min": 182000, "grid_size_m": 1000}}, {"type": "Feature", "geometry": {"type": "Polygon", "coordinates": [[[21.96779041054428, 60.52999377659044], [21.985941133947012, 60.53067820628515], [21.984554216767126, 60.53962235832868], [21.966398524441956, 60.538937680348745], [21.96779041054428, 60.52999377659044]]]}, "properties": {"grid_id": "ETRS-TM35FIN-1km-N6721000-E224000", "northing_min": 6721000, "easting_min": 224000, "grid_size_m": 1000}}, {"type": "Feature", "geometry": {"type": "Polygon", "coordinates": [[[22.221980122301222, 60.53935163056601], [22.24014297943755, 60.54000156569066], [22.23882570989365, 60.54894910094269], [22.22065787288969, 60.54829892990994], [22.221980122301222, 60.53935163056601]]]}, "properties": {"grid_id": "ETRS-TM35FIN-1km-N6721000-E238000", "northing_min": 6721000, "easting_min": 238000, "grid_size_m": 1000}}, {"type": "Feature", "geometry": {"type": "Polygon", "coordinates": [[[22.38547592379971, 60.545112265240284], [22.403646255461034, 60.54574000165652], [22.402373838631174, 60.554689620209984], [22.384198520354726, 60.55406165586213], [22.38547592379971, 60.545112265240284]]]}, "properties": {"grid_id": "ETRS-TM35FIN-1km-N6721000-E247000", "northing_min": 6721000, "easting_min": 247000, "grid_size_m": 1000}}, {"type": "Feature", "geometry": {"type": "Polygon", "coordinates": [[[25.209660870666642, 60.61284697172438], [25.22791933560281, 60.61309013782383], [25.227426969690622, 60.62206426279696], [25.20916343828411, 60.621821008033564], [25.209660870666642, 60.61284697172438]]]}, "properties": {"grid_id": "ETRS-TM35FIN-1km-N6721000-E402000", "northing_min": 6721000, "easting_min": 402000, "grid_size_m": 1000}}, {"type": "Feature", "geometry": {"type": "Polygon", "coordinates": [[[26.342161435462636, 60.62320956647386], [26.36043337427299, 60.62329814682451], [26.360255574459313, 60.63227599507935], [26.34197855692245, 60.63218738240965], [26.342161435462636, 60.62320956647386]]]}, "properties": {"grid_id": "ETRS-TM35FIN-1km-N6721000-E464000", "northing_min": 6721000, "easting_min": 464000, "grid_size_m": 1000}}, {"type": "Feature", "geometry": {"type": "Polygon", "coordinates": [[[22.438726918421228, 60.55593814313263], [22.45690467361272, 60.556558701271], [22.455646415049753, 60.56550897060723], [22.43746366788201, 60.56488818707539], [22.438726918421228, 60.55593814313263]]]}, "properties": {"grid_id": "ETRS-TM35FIN-1km-N6722000-E250000", "northing_min": 6722000, "easting_min": 250000, "grid_size_m": 1000}}, {"type": "Feature", "geometry": {"type": "Polygon", "coordinates": [[[23.931697924938376, 60.59860614024482], [23.949931193502252, 60.599023584004115], [23.94908449425693, 60.60798929763942], [23.930846183455955, 60.60757170185977], [23.931697924938376, 60.59860614024482]]]}, "properties": {"grid_id": "ETRS-TM35FIN-1km-N6722000-E332000", "northing_min": 6722000, "easting_min": 332000, "grid_size_m": 1000}}, {"type": "Feature", "geometry": {"type": "Polygon", "coordinates": [[[25.081327869246895, 60.62004845116117], [25.099589090161658, 60.62030914868477], [25.09906092533358, 60.62928261909574], [25.0807946367926, 60.62902182650813], [25.081327869246895, 60.62004845116117]]]}, "properties": {"grid_id": "ETRS-TM35FIN-1km-N6722000-E395000", "northing_min": 6722000, "easting_min": 395000, "grid_size_m": 1000}}, {"type": "Feature", "geometry": {"type": "Polygon", "coordinates": [[[22.110315770181465, 60.553291954913135], [22.128483456199817, 60.553957161571745], [22.127134592650116, 60.56290320809755], [22.10896192509348, 60.56223775995635], [22.110315770181465, 60.553291954913135]]]}, "properties": {"grid_id": "ETRS-TM35FIN-1km-N6723000-E232000", "northing_min": 6723000, "easting_min": 232000, "grid_size_m": 1000}}, {"type": "Feature", "geometry": {"type": "Polygon", "coordinates": [[[23.32930845775319, 60.592397984870125], [23.347526994885616, 60.59289749677469], [23.346513529155512, 60.601857696721076], [23.328289964492697, 60.60135800304554], [23.32930845775319, 60.592397984870125]]]}, "properties": {"grid_id": "ETRS-TM35FIN-1km-N6723000-E299000", "northing_min": 6723000, "easting_min": 299000, "grid_size_m": 1000}}, {"type": "Feature", "geometry": {"type": "Polygon", "coordinates": [[[27.21940902988351, 60.64260352811048], [27.237692938195238, 60.64257231305048], [27.2377590701037, 60.65155061767283], [27.219470074871335, 60.65158184412715], [27.21940902988351, 60.64260352811048]]]}, "properties": {"grid_id": "ETRS-TM35FIN-1km-N6723000-E512000", "northing_min": 6723000, "easting_min": 512000, "grid_size_m": 1000}}, {"type": "Feature", "geometry": {"type": "Polygon", "coordinates": [[[23.929993894277757, 60.61653724421948], [23.94823725054215, 60.61695499210368], [23.94738946186372, 60.62592066739277], [23.929141056906687, 60.625502767319794], [23.929993894277757, 60.61653724421948]]]}, "properties": {"grid_id": "ETRS-TM35FIN-1km-N6724000-E332000", "northing_min": 6724000, "easting_min": 332000, "grid_size_m": 1000}}, {"type": "Feature", "geometry": {"type": "Polygon", "coordinates": [[[25.06199004522608, 60.63773180595065], [25.08026106093559, 60.6379951869317], [25.079727141363524, 60.646968532431664], [25.061451051822935, 60.64670505537307], [25.06199004522608, 60.63773180595065]]]}, "properties": {"grid_id": "ETRS-TM35FIN-1km-N6724000-E394000", "northing_min": 6724000, "easting_min": 394000, "grid_size_m": 1000}}, {"type": "Feature", "geometry": {"type": "Polygon", "coordinates": [[[27.109735391692077, 60.65171674293835], [27.128024573891523, 60.651700505073045], [27.128060206759663, 60.660678852243166], [27.109765934189333, 60.66069509603692], [27.109735391692077, 60.65171674293835]]]}, "properties": {"grid_id": "ETRS-TM35FIN-1km-N6724000-E506000", "northing_min": 6724000, "easting_min": 506000, "grid_size_m": 1000}}, {"type": "Feature", "geometry": {"type": "Polygon", "coordinates": [[[27.219470074871335, 60.65158184412715], [27.2377590701037, 60.65155061767283], [27.237825244653234, 60.66052891011947], [27.219531159220328, 60.66056014797444], [27.219470074871335, 60.65158184412715]]]}, "properties": {"grid_id": "ETRS-TM35FIN-1km-N6724000-E512000", "northing_min": 6724000, "easting_min": 512000, "grid_size_m": 1000}}, {"type": "Feature", "geometry": {"type": "Polygon", "coordinates": [[[21.326831169278858, 60.54022777008522], [21.34496865105818, 60.54099934370142], [21.3434043232348, 60.5499341373455], [21.325261889837982, 60.54916228406397], [21.326831169278858, 60.54022777008522]]]}, "properties": {"grid_id": "ETRS-TM35FIN-1km-N6725000-E189000", "northing_min": 6725000, "easting_min": 189000, "grid_size_m": 1000}}, {"type": "Feature", "geometry": {"type": "Polygon", "coordinates": [[[21.4901042381143, 60.54708345714647], [21.50825060636798, 60.54783290791814], [21.5067308832878, 60.55677017904541], [21.48857955541233, 60.55602045651206], [21.4901042381143, 60.54708345714647]]]}, "properties": {"grid_id": "ETRS-TM35FIN-1km-N6725000-E198000", "northing_min": 6725000, "easting_min": 198000, "grid_size_m": 1000}}, {"type": "Feature", "geometry": {"type": "Polygon", "coordinates": [[[22.41674280716765, 60.58216448516467], [22.434934736446845, 60.58278819147616], [22.433669054086256, 60.59173815190997], [22.41547212406043, 60.59111421894276], [22.41674280716765, 60.58216448516467]]]}, "properties": {"grid_id": "ETRS-TM35FIN-1km-N6725000-E249000", "northing_min": 6725000, "easting_min": 249000, "grid_size_m": 1000}}, {"type": "Feature", "geometry": {"type": "Polygon", "coordinates": [[[22.689705493071614, 60.59126046191809], [22.70790925910705, 60.59184707147617], [22.706718674402175, 60.60080032490705], [22.688509896912127, 60.60021350205431], [22.689705493071614, 60.59126046191809]]]}, "properties": {"grid_id": "ETRS-TM35FIN-1km-N6725000-E264000", "northing_min": 6725000, "easting_min": 264000, "grid_size_m": 1000}}, {"type": "Feature", "geometry": {"type": "Polygon", "coordinates": [[[23.108579678598236, 60.60412600393589], [23.12680020245941, 60.604655642952174], [23.125725066216933, 60.61361355558799], [23.10749951572464, 60.613083723838585], [23.108579678598236, 60.60412600393589]]]}, "properties": {"grid_id": "ETRS-TM35FIN-1km-N6725000-E287000", "northing_min": 6725000, "easting_min": 287000, "grid_size_m": 1000}}, {"type": "Feature", "geometry": {"type": "Polygon", "coordinates": [[[23.929141056906687, 60.625502767319794], [23.94738946186372, 60.62592066739277], [23.946541127726885, 60.634886323502464], [23.928287670845076, 60.63446827115636], [23.929141056906687, 60.625502767319794]]]}, "properties": {"grid_id": "ETRS-TM35FIN-1km-N6725000-E332000", "northing_min": 6725000, "easting_min": 332000, "grid_size_m": 1000}}, {"type": "Feature", "geometry": {"type": "Polygon", "coordinates": [[[24.221179179806104, 60.63189067653221], [24.23943592383779, 60.63226877132264], [24.238668485884556, 60.641236741020066], [24.22040668235235, 60.6408585084062], [24.221179179806104, 60.63189067653221]]]}, "properties": {"grid_id": "ETRS-TM35FIN-1km-N6725000-E348000", "northing_min": 6725000, "easting_min": 348000, "grid_size_m": 1000}}, {"type": "Feature", "geometry": {"type": "Polygon", "coordinates": [[[24.86043770559894, 60.64364221877581], [24.878709795573556, 60.643933125532634], [24.878119701812558, 60.65290534872054], [24.859842538383496, 60.652614335844994], [24.86043770559894, 60.64364221877581]]]}, "properties": {"grid_id": "ETRS-TM35FIN-1km-N6725000-E383000", "northing_min": 6725000, "easting_min": 383000, "grid_size_m": 1000}}, {"type": "Feature", "geometry": {"type": "Polygon", "coordinates": [[[21.30712046029739, 60.548387973143576], [21.325261889837982, 60.54916228406397], [21.323691606540706, 60.55809676168785], [21.305545223173482, 60.55732217007116], [21.30712046029739, 60.548387973143576]]]}, "properties": {"grid_id": "ETRS-TM35FIN-1km-N6726000-E188000", "northing_min": 6726000, "easting_min": 188000, "grid_size_m": 1000}}, {"type": "Feature", "geometry": {"type": "Polygon", "coordinates": [[[27.695348509027035, 60.66791353912714], [27.713645509547625, 60.66781729892693], [27.713844263068655, 60.67679494985316], [27.695542167764533, 60.676891225200116], [27.695348509027035, 60.66791353912714]]]}, "properties": {"grid_id": "ETRS-TM35FIN-1km-N6726000-E538000", "northing_min": 6726000, "easting_min": 538000, "grid_size_m": 1000}}, {"type": "Feature", "geometry": {"type": "Polygon", "coordinates": [[[21.832186862137135, 60.57878620585764], [21.850361114551234, 60.57948939429527], [21.848933960414612, 60.588431597377955], [21.83075472592456, 60.58772815364084], [21.832186862137135, 60.57878620585764]]]}, "properties": {"grid_id": "ETRS-TM35FIN-1km-N6727000-E217000", "northing_min": 6727000, "easting_min": 217000, "grid_size_m": 1000}}, {"type": "Feature", "geometry": {"type": "Polygon", "coordinates": [[[24.914094846600367, 60.66245230958721], [24.93237821871732, 60.662735943549144], [24.931802606131903, 60.67170844891565], [24.913514153004243, 60.67142471144301], [24.914094846600367, 60.66245230958721]]]}, "properties": {"grid_id": "ETRS-TM35FIN-1km-N6727000-E386000", "northing_min": 6727000, "easting_min": 386000, "grid_size_m": 1000}}, {"type": "Feature", "geometry": {"type": "Polygon", "coordinates": [[[25.042086123757546, 60.664385344003044], [25.060372022828705, 60.6646515092858], [25.059831986605094, 60.673624713775574], [25.041541004222275, 60.67335845134561], [25.042086123757546, 60.664385344003044]]]}, "properties": {"grid_id": "ETRS-TM35FIN-1km-N6727000-E393000", "northing_min": 6727000, "easting_min": 393000, "grid_size_m": 1000}}, {"type": "Feature", "geometry": {"type": "Polygon", "coordinates": [[[26.011641536329954, 60.675050816384], [26.029941363030048, 60.67518459071416], [26.02967112192823, 60.684161640946314], [26.01136619922646, 60.684027817757894], [26.011641536329954, 60.675050816384]]]}, "properties": {"grid_id": "ETRS-TM35FIN-1km-N6727000-E446000", "northing_min": 6727000, "easting_min": 446000, "grid_size_m": 1000}}, {"type": "Feature", "geometry": {"type": "Polygon", "coordinates": [[[26.578885114978203, 60.68701340137726], [26.5971939146294, 60.68706968998521], [26.59708164109324, 60.696047789786824], [26.578767738617504, 60.69599148061293], [26.578885114978203, 60.68701340137726]]]}, "properties": {"grid_id": "ETRS-TM35FIN-1km-N6728000-E477000", "northing_min": 6728000, "easting_min": 477000, "grid_size_m": 1000}}, {"type": "Feature", "geometry": {"type": "Polygon", "coordinates": [[[21.99301234653394, 60.6029145022373], [22.01120469325183, 60.60359598290142], [22.009820640969785, 60.61254038207814], [21.991623298532744, 60.61185865380743], [21.99301234653394, 60.6029145022373]]]}, "properties": {"grid_id": "ETRS-TM35FIN-1km-N6729000-E226000", "northing_min": 6729000, "easting_min": 226000, "grid_size_m": 1000}}, {"type": "Feature", "geometry": {"type": "Polygon", "coordinates": [[[22.065787044050527, 60.605625604377856], [22.08398292065951, 60.60629720390849], [22.082618859246498, 60.61524258463956], [22.064417983727004, 60.61457074105156], [22.065787044050527, 60.605625604377856]]]}, "properties": {"grid_id": "ETRS-TM35FIN-1km-N6729000-E230000", "northing_min": 6729000, "easting_min": 230000, "grid_size_m": 1000}}, {"type": "Feature", "geometry": {"type": "Polygon", "coordinates": [[[22.120377294411416, 60.60763299011514], [22.138575785224262, 60.608297176323354], [22.137226725276538, 60.617243283898965], [22.119023233189118, 60.61657885629738], [22.120377294411416, 60.60763299011514]]]}, "properties": {"grid_id": "ETRS-TM35FIN-1km-N6729000-E233000", "northing_min": 6729000, "easting_min": 233000, "grid_size_m": 1000}}, {"type": "Feature", "geometry": {"type": "Polygon", "coordinates": [[[23.596986145891517, 60.65340581127232], [23.615244369900598, 60.65386912161324], [23.614302760083312, 60.66283181574471], [23.596039480652067, 60.66236833653919], [23.596986145891517, 60.65340581127232]]]}, "properties": {"grid_id": "ETRS-TM35FIN-1km-N6729000-E314000", "northing_min": 6729000, "easting_min": 314000, "grid_size_m": 1000}}, {"type": "Feature", "geometry": {"type": "Polygon", "coordinates": [[[24.382596780904368, 60.67107996971465], [24.400878124398783, 60.671436177979665], [24.40015437968732, 60.68040527843665], [24.381867959746184, 60.68004894020068], [24.382596780904368, 60.67107996971465]]]}, "properties": {"grid_id": "ETRS-TM35FIN-1km-N6729000-E357000", "northing_min": 6729000, "easting_min": 357000, "grid_size_m": 1000}}, {"type": "Feature", "geometry": {"type": "Polygon", "coordinates": [[[24.41915993405315, 60.67178989246193], [24.43744220660902, 60.67214111303652], [24.436728616060954, 60.68111047071408], [24.418441266212707, 60.68075912198281], [24.41915993405315, 60.67178989246193]]]}, "properties": {"grid_id": "ETRS-TM35FIN-1km-N6729000-E359000", "northing_min": 6729000, "easting_min": 359000, "grid_size_m": 1000}}, {"type": "Feature", "geometry": {"type": "Polygon", "coordinates": [[[24.87634713768744, 60.67982192504454], [24.894639922342133, 60.68011075988372], [24.89405339239638, 60.68908302635432], [24.875755520876716, 60.6887940860699], [24.87634713768744, 60.67982192504454]]]}, "properties": {"grid_id": "ETRS-TM35FIN-1km-N6729000-E384000", "northing_min": 6729000, "easting_min": 384000, "grid_size_m": 1000}}, {"type": "Feature", "geometry": {"type": "Polygon", "coordinates": [[[26.084331806557433, 60.69352528562023], [26.102642507015712, 60.69364915158075], [26.10239232884442, 60.70262636265322], [26.084076525188756, 60.7025024514345], [26.084331806557433, 60.69352528562023]]]}, "properties": {"grid_id": "ETRS-TM35FIN-1km-N6729000-E450000", "northing_min": 6729000, "easting_min": 450000, "grid_size_m": 1000}}, {"type": "Feature", "geometry": {"type": "Polygon", "coordinates": [[[26.6886521748906, 60.69629179793643], [26.706966462872586, 60.69633309190133], [26.706884754845774, 60.70531128371919], [26.68856536039325, 60.70526997466373], [26.6886521748906, 60.69629179793643]]]}, "properties": {"grid_id": "ETRS-TM35FIN-1km-N6729000-E483000", "northing_min": 6729000, "easting_min": 483000, "grid_size_m": 1000}}, {"type": "Feature", "geometry": {"type": "Polygon", "coordinates": [[[21.373464547484325, 60.587211512132505], [21.3916298221994, 60.587977100540314], [21.390075388692864, 60.5969125490017], [21.371905144057486, 60.59614668279972], [21.373464547484325, 60.587211512132505]]]}, "properties": {"grid_id": "ETRS-TM35FIN-1km-N6730000-E192000", "northing_min": 6730000, "easting_min": 192000, "grid_size_m": 1000}}, {"type": "Feature", "geometry": {"type": "Polygon", "coordinates": [[[23.596039480652067, 60.66236833653919], [23.614302760083312, 60.66283181574471], [23.61336054397977, 60.67179448907511], [23.595092205891156, 60.67133084091132], [23.596039480652067, 60.66236833653919]]]}, "properties": {"grid_id": "ETRS-TM35FIN-1km-N6730000-E314000", "northing_min": 6730000, "easting_min": 314000, "grid_size_m": 1000}}, {"type": "Feature", "geometry": {"type": "Polygon", "coordinates": [[[23.72389505540154, 60.66556042709589], [23.742162510859497, 60.666006483510685], [23.741255720623336, 60.674970314275974], [23.722983202711976, 60.67452409522211], [23.72389505540154, 60.66556042709589]]]}, "properties": {"grid_id": "ETRS-TM35FIN-1km-N6730000-E321000", "northing_min": 6730000, "easting_min": 321000, "grid_size_m": 1000}}, {"type": "Feature", "geometry": {"type": "Polygon", "coordinates": [[[23.833508477648497, 60.66819941837329], [23.85177938621392, 60.66863053482051], [23.85090298173871, 60.677595322446884], [23.83262700758007, 60.6771640487822], [23.833508477648497, 60.66819941837329]]]}, "properties": {"grid_id": "ETRS-TM35FIN-1km-N6730000-E327000", "northing_min": 6730000, "easting_min": 327000, "grid_size_m": 1000}}, {"type": "Feature", "geometry": {"type": "Polygon", "coordinates": [[[25.022148903626395, 60.69103566550309], [25.0404497102975, 60.691304620933884], [25.039903535267204, 60.70027768317891], [25.021597635782445, 60.70000862952784], [25.022148903626395, 60.69103566550309]]]}, "properties": {"grid_id": "ETRS-TM35FIN-1km-N6730000-E392000", "northing_min": 6730000, "easting_min": 392000, "grid_size_m": 1000}}, {"type": "Feature", "geometry": {"type": "Polygon", "coordinates": [[[25.205172423823964, 60.693612774188466], [25.2234766044914, 60.69385674003895], [25.222981374760163, 60.702830734378296], [25.204672098203336, 60.702586679419305], [25.205172423823964, 60.693612774188466]]]}, "properties": {"grid_id": "ETRS-TM35FIN-1km-N6730000-E402000", "northing_min": 6730000, "easting_min": 402000, "grid_size_m": 1000}}, {"type": "Feature", "geometry": {"type": "Polygon", "coordinates": [[[26.63360752662134, 60.70513102661375], [26.65192674298346, 60.70517984609502], [26.651829653040327, 60.714157977686796], [26.633505327072555, 60.71410914036153], [26.63360752662134, 60.70513102661375]]]}, "properties": {"grid_id": "ETRS-TM35FIN-1km-N6730000-E480000", "northing_min": 6730000, "easting_min": 480000, "grid_size_m": 1000}}, {"type": "Feature", "geometry": {"type": "Polygon", "coordinates": [[[21.89923509580915, 60.61735582711713], [21.917432945567967, 60.618050158040525], [21.916022114309758, 60.62699324709722], [21.89781926656596, 60.62629866385737], [21.89923509580915, 60.61735582711713]]]}, "properties": {"grid_id": "ETRS-TM35FIN-1km-N6731000-E221000", "northing_min": 6731000, "easting_min": 221000, "grid_size_m": 1000}}, {"type": "Feature", "geometry": {"type": "Polygon", "coordinates": [[[22.15408616264327, 60.626851557277824], [22.172296389272226, 60.62751127947146], [22.170955614418776, 60.63645780773675], [22.152740378608094, 60.63579784566227], [22.15408616264327, 60.626851557277824]]]}, "properties": {"grid_id": "ETRS-TM35FIN-1km-N6731000-E235000", "northing_min": 6731000, "easting_min": 235000, "grid_size_m": 1000}}, {"type": "Feature", "geometry": {"type": "Polygon", "coordinates": [[[23.595092205891156, 60.67133084091132], [23.61336054397977, 60.67179448907511], [23.612417721038913, 60.68075714159872], [23.594144321054838, 60.680293324382916], [23.595092205891156, 60.67133084091132]]]}, "properties": {"grid_id": "ETRS-TM35FIN-1km-N6731000-E314000", "northing_min": 6731000, "easting_min": 314000, "grid_size_m": 1000}}, {"type": "Feature", "geometry": {"type": "Polygon", "coordinates": [[[23.83262700758007, 60.6771640487822], [23.85090298173871, 60.677595322446884], [23.8500260125815, 60.686560090439826], [23.83174496958306, 60.68612865947042], [23.83262700758007, 60.6771640487822]]]}, "properties": {"grid_id": "ETRS-TM35FIN-1km-N6731000-E327000", "northing_min": 6731000, "easting_min": 327000, "grid_size_m": 1000}}, {"type": "Feature", "geometry": {"type": "Polygon", "coordinates": [[[24.490894606476534, 60.69111926659414], [24.509188859204137, 60.69146075942921], [24.50849468755642, 60.700430587014466], [24.49019534934971, 60.7000889695139], [24.490894606476534, 60.69111926659414]]]}, "properties": {"grid_id": "ETRS-TM35FIN-1km-N6731000-E363000", "northing_min": 6731000, "easting_min": 363000, "grid_size_m": 1000}}, {"type": "Feature", "geometry": {"type": "Polygon", "coordinates": [[[24.89346648409454, 60.69805527734093], [24.911769824453625, 60.69834182446094], [24.91118763121133, 60.70731416461467], [24.892879197091816, 60.7070275128427], [24.89346648409454, 60.69805527734093]]]}, "properties": {"grid_id": "ETRS-TM35FIN-1km-N6731000-E385000", "northing_min": 6731000, "easting_min": 385000, "grid_size_m": 1000}}, {"type": "Feature", "geometry": {"type": "Polygon", "coordinates": [[[21.697648605366393, 60.61849520695602], [21.71584128455541, 60.619216959192904], [21.714374580873585, 60.62815719084091], [21.69617690973018, 60.6274351764003], [21.697648605366393, 60.61849520695602]]]}, "properties": {"grid_id": "ETRS-TM35FIN-1km-N6732000-E210000", "northing_min": 6732000, "easting_min": 210000, "grid_size_m": 1000}}, {"type": "Feature", "geometry": {"type": "Polygon", "coordinates": [[[21.770424950678574, 60.621367402922395], [21.78862137172454, 60.622079279001994], [21.78717464433004, 60.63102055061125], [21.76897322794736, 60.63030841586982], [21.770424950678574, 60.621367402922395]]]}, "properties": {"grid_id": "ETRS-TM35FIN-1km-N6732000-E214000", "northing_min": 6732000, "easting_min": 214000, "grid_size_m": 1000}}, {"type": "Feature", "geometry": {"type": "Polygon", "coordinates": [[[22.334931103200795, 60.6422860772056], [22.35315480656968, 60.64292128195726], [22.35186333664607, 60.65187013162486], [22.333634613249913, 60.65123469577074], [22.334931103200795, 60.6422860772056]]]}, "properties": {"grid_id": "ETRS-TM35FIN-1km-N6732000-E245000", "northing_min": 6732000, "easting_min": 245000, "grid_size_m": 1000}}, {"type": "Feature", "geometry": {"type": "Polygon", "coordinates": [[[23.594144321054838, 60.680293324382916], [23.612417721038913, 60.68075714159872], [23.611474290709037, 60.68971977330985], [23.593195825588477, 60.68925578694823], [23.594144321054838, 60.680293324382916]]]}, "properties": {"grid_id": "ETRS-TM35FIN-1km-N6732000-E314000", "northing_min": 6732000, "easting_min": 314000, "grid_size_m": 1000}}, {"type": "Feature", "geometry": {"type": "Polygon", "coordinates": [[[23.868307620775525, 60.68698902906857], [23.886589790915004, 60.68741547520516], [23.88572240228073, 60.69638053562898], [23.867435159026247, 60.69595393391052], [23.868307620775525, 60.68698902906857]]]}, "properties": {"grid_id": "ETRS-TM35FIN-1km-N6732000-E329000", "northing_min": 6732000, "easting_min": 329000, "grid_size_m": 1000}}, {"type": "Feature", "geometry": {"type": "Polygon", "coordinates": [[[24.288933120201172, 60.69616639411041], [24.307227316657887, 60.69653547312278], [24.3064767440451, 60.705503861816204], [24.288177463523876, 60.705134648074754], [24.288933120201172, 60.69616639411041]]]}, "properties": {"grid_id": "ETRS-TM35FIN-1km-N6732000-E352000", "northing_min": 6732000, "easting_min": 352000, "grid_size_m": 1000}}, {"type": "Feature", "geometry": {"type": "Polygon", "coordinates": [[[26.41345589389613, 60.72230557435042], [26.43178432181557, 60.722384491398536], [26.43162571651011, 60.73136232375659], [26.413292173304356, 60.731283377853835], [26.41345589389613, 60.72230557435042]]]}, "properties": {"grid_id": "ETRS-TM35FIN-1km-N6732000-E468000", "northing_min": 6732000, "easting_min": 468000, "grid_size_m": 1000}}, {"type": "Feature", "geometry": {"type": "Polygon", "coordinates": [[[27.38492631128987, 60.723035881439245], [27.40325561470239, 60.72298201573369], [27.403368178584063, 60.73196006657077], [27.38503375908564, 60.732013951972185], [27.38492631128987, 60.723035881439245]]]}, "properties": {"grid_id": "ETRS-TM35FIN-1km-N6732000-E521000", "northing_min": 6732000, "easting_min": 521000, "grid_size_m": 1000}}, {"type": "Feature", "geometry": {"type": "Polygon", "coordinates": [[[21.259723302704746, 60.60936663547368], [21.27789744473166, 60.61014784127538], [21.276310158599856, 60.61908149942143], [21.258131042716187, 60.618300010081484], [21.259723302704746, 60.60936663547368]]]}, "properties": {"grid_id": "ETRS-TM35FIN-1km-N6733000-E186000", "northing_min": 6733000, "easting_min": 186000, "grid_size_m": 1000}}, {"type": "Feature", "geometry": {"type": "Polygon", "coordinates": [[[22.38832327024445, 60.653133569515354], [22.40655447406602, 60.65376157110782], [22.405277248294095, 60.662711080657786], [22.387041019008233, 60.66208285051349], [22.38832327024445, 60.653133569515354]]]}, "properties": {"grid_id": "ETRS-TM35FIN-1km-N6733000-E248000", "northing_min": 6733000, "easting_min": 248000, "grid_size_m": 1000}}, {"type": "Feature", "geometry": {"type": "Polygon", "coordinates": [[[24.837353227042964, 60.71512446088205], [24.85566561018065, 60.71541871852645], [24.85506736513441, 60.724390710784235], [24.836749882720433, 60.724096345636525], [24.837353227042964, 60.71512446088205]]]}, "properties": {"grid_id": "ETRS-TM35FIN-1km-N6733000-E382000", "northing_min": 6733000, "easting_min": 382000, "grid_size_m": 1000}}, {"type": "Feature", "geometry": {"type": "Polygon", "coordinates": [[[22.42351429874993, 60.66333683137921], [22.441752167180283, 60.66396010245779], [22.440484179786758, 60.67291003859898], [22.42224128121129, 60.67228654062968], [22.42351429874993, 60.66333683137921]]]}, "properties": {"grid_id": "ETRS-TM35FIN-1km-N6734000-E250000", "northing_min": 6734000, "easting_min": 250000, "grid_size_m": 1000}}, {"type": "Feature", "geometry": {"type": "Polygon", "coordinates": [[[23.775109046347453, 60.702747620765905], [23.793398518572648, 60.7031868481415], [23.792504618051893, 60.71215108178773], [23.774210068793945, 60.711711694127715], [23.775109046347453, 60.702747620765905]]]}, "properties": {"grid_id": "ETRS-TM35FIN-1km-N6734000-E324000", "northing_min": 6734000, "easting_min": 324000, "grid_size_m": 1000}}, {"type": "Feature", "geometry": {"type": "Polygon", "coordinates": [[[24.726853284624767, 60.722277635542454], [24.74516838022527, 60.7225870056432], [24.744539138896116, 60.73155832323924], [24.726218942912094, 60.73124884010511], [24.726853284624767, 60.722277635542454]]]}, "properties": {"grid_id": "ETRS-TM35FIN-1km-N6734000-E376000", "northing_min": 6734000, "easting_min": 376000, "grid_size_m": 1000}}, {"type": "Feature", "geometry": {"type": "Polygon", "coordinates": [[[24.74516838022527, 60.7225870056432], [24.7634838818357, 60.72289387518736], [24.762859741260435, 60.731865304905334], [24.744539138896116, 60.73155832323924], [24.74516838022527, 60.7225870056432]]]}, "properties": {"grid_id": "ETRS-TM35FIN-1km-N6734000-E377000", "northing_min": 6734000, "easting_min": 377000, "grid_size_m": 1000}}, {"type": "Feature", "geometry": {"type": "Polygon", "coordinates": [[[22.385757943407363, 60.67103210330125], [22.403999201352054, 60.671660562123705], [22.402720332495324, 60.680610015493244], [22.384474042694418, 60.67998132786611], [22.385757943407363, 60.67103210330125]]]}, "properties": {"grid_id": "ETRS-TM35FIN-1km-N6735000-E248000", "northing_min": 6735000, "easting_min": 248000, "grid_size_m": 1000}}, {"type": "Feature", "geometry": {"type": "Polygon", "coordinates": [[[23.2987647987554, 60.699412538466134], [23.31704321761272, 60.69991672854861], [23.316016832286667, 60.708876478461804], [23.297733347820987, 60.70837210449387], [23.2987647987554, 60.699412538466134]]]}, "properties": {"grid_id": "ETRS-TM35FIN-1km-N6735000-E298000", "northing_min": 6735000, "easting_min": 298000, "grid_size_m": 1000}}, {"type": "Feature", "geometry": {"type": "Polygon", "coordinates": [[[24.744539138896116, 60.73155832323924], [24.762859741260435, 60.731865304905334], [24.76223519759026, 60.74083671871219], [24.743909491186596, 60.740529624861715], [24.744539138896116, 60.73155832323924]]]}, "properties": {"grid_id": "ETRS-TM35FIN-1km-N6735000-E377000", "northing_min": 6735000, "easting_min": 377000, "grid_size_m": 1000}}, {"type": "Feature", "geometry": {"type": "Polygon", "coordinates": [[[24.762859741260435, 60.731865304905334], [24.781180746719592, 60.732169784994525], [24.7805613074566, 60.74114131007375], [24.76223519759026, 60.74083671871219], [24.762859741260435, 60.731865304905334]]]}, "properties": {"grid_id": "ETRS-TM35FIN-1km-N6735000-E378000", "northing_min": 6735000, "easting_min": 378000, "grid_size_m": 1000}}, {"type": "Feature", "geometry": {"type": "Polygon", "coordinates": [[[24.781180746719592, 60.732169784994525], [24.79950215198767, 60.732471763398884], [24.798887817496716, 60.74144339883827], [24.7805613074566, 60.74114131007375], [24.781180746719592, 60.732169784994525]]]}, "properties": {"grid_id": "ETRS-TM35FIN-1km-N6735000-E379000", "northing_min": 6735000, "easting_min": 379000, "grid_size_m": 1000}}, {"type": "Feature", "geometry": {"type": "Polygon", "coordinates": [[[24.8544687337797, 60.73336268743662], [24.872791705415516, 60.733654658039725], [24.872197793601423, 60.742626725796484], [24.853869715764063, 60.742334648482704], [24.8544687337797, 60.73336268743662]]]}, "properties": {"grid_id": "ETRS-TM35FIN-1km-N6735000-E383000", "northing_min": 6735000, "easting_min": 383000, "grid_size_m": 1000}}, {"type": "Feature", "geometry": {"type": "Polygon", "coordinates": [[[22.347983943872688, 60.678716509865694], [22.366228578753763, 60.679350159249566], [22.3649388178732, 60.68829912575331], [22.346689149437005, 60.6876652456495], [22.347983943872688, 60.678716509865694]]]}, "properties": {"grid_id": "ETRS-TM35FIN-1km-N6736000-E246000", "northing_min": 6736000, "easting_min": 246000, "grid_size_m": 1000}}, {"type": "Feature", "geometry": {"type": "Polygon", "coordinates": [[[24.06617200210463, 60.72740897070864], [24.08448047271785, 60.72780857263498], [24.083666824907777, 60.736775210454525], [24.06535326268927, 60.7363754625873], [24.06617200210463, 60.72740897070864]]]}, "properties": {"grid_id": "ETRS-TM35FIN-1km-N6736000-E340000", "northing_min": 6736000, "easting_min": 340000, "grid_size_m": 1000}}, {"type": "Feature", "geometry": {"type": "Polygon", "coordinates": [[[24.83554202494045, 60.742040068148604], [24.853869715764063, 60.742334648482704], [24.853270310734597, 60.75130659392159], [24.834937510771674, 60.7510119059043], [24.83554202494045, 60.742040068148604]]]}, "properties": {"grid_id": "ETRS-TM35FIN-1km-N6736000-E382000", "northing_min": 6736000, "easting_min": 382000, "grid_size_m": 1000}}, {"type": "Feature", "geometry": {"type": "Polygon", "coordinates": [[[27.36700666215881, 60.75899952586665], [27.38535651940153, 60.75894809023264], [27.385464245361433, 60.76792611188078], [27.367109258725566, 60.767977566336654], [27.36700666215881, 60.75899952586665]]]}, "properties": {"grid_id": "ETRS-TM35FIN-1km-N6736000-E520000", "northing_min": 6736000, "easting_min": 520000, "grid_size_m": 1000}}, {"type": "Feature", "geometry": {"type": "Polygon", "coordinates": [[[22.693571641110015, 60.69928439143749], [22.711836527524053, 60.69987108279404], [22.71064177501027, 60.70882423682], [22.69237183802268, 60.708237331646885], [22.693571641110015, 60.69928439143749]]]}, "properties": {"grid_id": "ETRS-TM35FIN-1km-N6737000-E265000", "northing_min": 6737000, "easting_min": 265000, "grid_size_m": 1000}}, {"type": "Feature", "geometry": {"type": "Polygon", "coordinates": [[[23.55280005353055, 60.72416861647889], [23.571097581584212, 60.72463826949685], [23.570140943797583, 60.73360045692195], [23.55183833547879, 60.73313063247658], [23.55280005353055, 60.72416861647889]]]}, "properties": {"grid_id": "ETRS-TM35FIN-1km-N6737000-E312000", "northing_min": 6737000, "easting_min": 312000, "grid_size_m": 1000}}, {"type": "Feature", "geometry": {"type": "Polygon", "coordinates": [[[25.58686479444433, 60.76103987336838], [25.60521077109047, 60.76123182451778], [25.604820858547967, 60.7702073843483], [25.586469757429455, 60.77001536297443], [25.58686479444433, 60.76103987336838]]]}, "properties": {"grid_id": "ETRS-TM35FIN-1km-N6737000-E423000", "northing_min": 6737000, "easting_min": 423000, "grid_size_m": 1000}}, {"type": "Feature", "geometry": {"type": "Polygon", "coordinates": [[[22.290634421835215, 60.694696726975835], [22.30888661611269, 60.69533828425284], [22.30758007724715, 60.70428649838244], [22.2893228452881, 60.7036447074455], [22.290634421835215, 60.694696726975835]]]}, "properties": {"grid_id": "ETRS-TM35FIN-1km-N6738000-E243000", "northing_min": 6738000, "easting_min": 243000, "grid_size_m": 1000}}, {"type": "Feature", "geometry": {"type": "Polygon", "coordinates": [[[24.889347502995214, 60.76086060062895], [24.907686568661926, 60.76114788153828], [24.90710173784646, 60.77012011368557], [24.888757555396538, 60.76983272771525], [24.889347502995214, 60.76086060062895]]]}, "properties": {"grid_id": "ETRS-TM35FIN-1km-N6738000-E385000", "northing_min": 6738000, "easting_min": 385000, "grid_size_m": 1000}}, {"type": "Feature", "geometry": {"type": "Polygon", "coordinates": [[[21.997324113098372, 60.69303858166785], [22.01556745493855, 60.69372006573454], [22.014179514516233, 60.70266440316486], [21.995931144393055, 60.701982671013134], [21.997324113098372, 60.69303858166785]]]}, "properties": {"grid_id": "ETRS-TM35FIN-1km-N6739000-E227000", "northing_min": 6739000, "easting_min": 227000, "grid_size_m": 1000}}, {"type": "Feature", "geometry": {"type": "Polygon", "coordinates": [[[22.088549711299148, 60.69642120902703], [22.106797481682584, 60.697090295418704], [22.10543469475357, 60.70603585989022], [22.087181892070493, 60.705366529875526], [22.088549711299148, 60.69642120902703]]]}, "properties": {"grid_id": "ETRS-TM35FIN-1km-N6739000-E232000", "northing_min": 6739000, "easting_min": 232000, "grid_size_m": 1000}}, {"type": "Feature", "geometry": {"type": "Polygon", "coordinates": [[[23.569183688780917, 60.74256262331108], [23.58749199841433, 60.743030122983626], [23.586539212950854, 60.75199243904251], [23.56822581597188, 60.75152476865835], [23.569183688780917, 60.74256262331108]]]}, "properties": {"grid_id": "ETRS-TM35FIN-1km-N6739000-E313000", "northing_min": 6739000, "easting_min": 313000, "grid_size_m": 1000}}, {"type": "Feature", "geometry": {"type": "Polygon", "coordinates": [[[21.886459853207413, 60.69784021262639], [21.904702798943024, 60.698536819416205], [21.903283789022073, 60.70747962320373], [21.885035816731257, 60.70678276284099], [21.886459853207413, 60.69784021262639]]]}, "properties": {"grid_id": "ETRS-TM35FIN-1km-N6740000-E221000", "northing_min": 6740000, "easting_min": 221000, "grid_size_m": 1000}}, {"type": "Feature", "geometry": {"type": "Polygon", "coordinates": [[[23.861312149270653, 60.758707719990014], [23.879634995598565, 60.75913541320636], [23.8787631190495, 60.76810031775085], [23.860435173494494, 60.76767246825882], [23.861312149270653, 60.758707719990014]]]}, "properties": {"grid_id": "ETRS-TM35FIN-1km-N6740000-E329000", "northing_min": 6740000, "easting_min": 329000, "grid_size_m": 1000}}, {"type": "Feature", "geometry": {"type": "Polygon", "coordinates": [[[25.01662017729464, 60.78076462674544], [25.034972060055672, 60.7810345668456], [25.034422345784694, 60.79000747874201], [25.016065337276544, 60.7897374398725], [25.01662017729464, 60.78076462674544]]]}, "properties": {"grid_id": "ETRS-TM35FIN-1km-N6740000-E392000", "northing_min": 6740000, "easting_min": 392000, "grid_size_m": 1000}}, {"type": "Feature", "geometry": {"type": "Polygon", "coordinates": [[[23.842107794509975, 60.76724211811006], [23.860435173494494, 60.76767246825882], [23.859557631147737, 60.77663719693546], [23.841225150175855, 60.77620668951427], [23.842107794509975, 60.76724211811006]]]}, "properties": {"grid_id": "ETRS-TM35FIN-1km-N6741000-E328000", "northing_min": 6741000, "easting_min": 328000, "grid_size_m": 1000}}, {"type": "Feature", "geometry": {"type": "Polygon", "coordinates": [[[23.860435173494494, 60.76767246825882], [23.8787631190495, 60.76810031775085], [23.87789067920715, 60.77706520279019], [23.859557631147737, 60.77663719693546], [23.860435173494494, 60.76767246825882]]]}, "properties": {"grid_id": "ETRS-TM35FIN-1km-N6741000-E329000", "northing_min": 6741000, "easting_min": 329000, "grid_size_m": 1000}}, {"type": "Feature", "geometry": {"type": "Polygon", "coordinates": [[[24.190421700653626, 60.77499101497134], [24.208759283460683, 60.7753738275408], [24.20797877372364, 60.78434137141071], [24.1896360796139, 60.783958418874064], [24.190421700653626, 60.77499101497134]]]}, "properties": {"grid_id": "ETRS-TM35FIN-1km-N6741000-E347000", "northing_min": 6741000, "easting_min": 347000, "grid_size_m": 1000}}, {"type": "Feature", "geometry": {"type": "Polygon", "coordinates": [[[22.413307192731466, 60.73493372152201], [22.43158539206038, 60.73555881124715], [22.43031085976523, 60.744508524287305], [22.41202760461749, 60.743883206664094], [22.413307192731466, 60.73493372152201]]]}, "properties": {"grid_id": "ETRS-TM35FIN-1km-N6742000-E250000", "northing_min": 6742000, "easting_min": 250000, "grid_size_m": 1000}}, {"type": "Feature", "geometry": {"type": "Polygon", "coordinates": [[[23.822893239571155, 60.77577368067943], [23.841225150175855, 60.77620668951427], [23.84034193547444, 60.785171241233975], [23.82200492012338, 60.78473807412899], [23.822893239571155, 60.77577368067943]]]}, "properties": {"grid_id": "ETRS-TM35FIN-1km-N6742000-E327000", "northing_min": 6742000, "easting_min": 327000, "grid_size_m": 1000}}, {"type": "Feature", "geometry": {"type": "Polygon", "coordinates": [[[24.37308533520105, 60.78767523461713], [24.391432927698922, 60.788033138157665], [24.390703084105557, 60.79700201424727], [24.372350372538087, 60.796643979791554], [24.37308533520105, 60.78767523461713]]]}, "properties": {"grid_id": "ETRS-TM35FIN-1km-N6742000-E357000", "northing_min": 6742000, "easting_min": 357000, "grid_size_m": 1000}}, {"type": "Feature", "geometry": {"type": "Polygon", "coordinates": [[[24.611639888230513, 60.79213250726991], [24.629993355723684, 60.79245782823068], [24.629330098174485, 60.80142832304041], [24.610971506241295, 60.8011028830496], [24.611639888230513, 60.79213250726991]]]}, "properties": {"grid_id": "ETRS-TM35FIN-1km-N6742000-E370000", "northing_min": 6742000, "easting_min": 370000, "grid_size_m": 1000}}, {"type": "Feature", "geometry": {"type": "Polygon", "coordinates": [[[25.86048660203023, 60.808537930738844], [25.878861682314565, 60.808692546013674], [25.87854764834083, 60.81766898393692], [25.860167423839144, 60.81751431203298], [25.86048660203023, 60.808537930738844]]]}, "properties": {"grid_id": "ETRS-TM35FIN-1km-N6742000-E438000", "northing_min": 6742000, "easting_min": 438000, "grid_size_m": 1000}}, {"type": "Feature", "geometry": {"type": "Polygon", "coordinates": [[[26.70590012878449, 60.81304863582546], [26.72428111231531, 60.813087612106386], [26.724203864152578, 60.8220656599883], [26.705817730996802, 60.82202666942804], [26.70590012878449, 60.81304863582546]]]}, "properties": {"grid_id": "ETRS-TM35FIN-1km-N6742000-E484000", "northing_min": 6742000, "easting_min": 484000, "grid_size_m": 1000}}, {"type": "Feature", "geometry": {"type": "Polygon", "coordinates": [[[23.3271332779313, 60.77209726673215], [23.34545364089873, 60.772597935569], [23.344432131238044, 60.78155787275888], [23.32610667543786, 60.78105702103023], [23.3271332779313, 60.77209726673215]]]}, "properties": {"grid_id": "ETRS-TM35FIN-1km-N6743000-E300000", "northing_min": 6743000, "easting_min": 300000, "grid_size_m": 1000}}, {"type": "Feature", "geometry": {"type": "Polygon", "coordinates": [[[24.73949054736302, 60.80332828885458], [24.757852074286316, 60.80363616975009], [24.757224292576744, 60.81260745622548], [24.738857635222605, 60.81229946264365], [24.73949054736302, 60.80332828885458]]]}, "properties": {"grid_id": "ETRS-TM35FIN-1km-N6743000-E377000", "northing_min": 6743000, "easting_min": 377000, "grid_size_m": 1000}}, {"type": "Feature", "geometry": {"type": "Polygon", "coordinates": [[[22.758362629484232, 60.76429223216994], [22.776666013115097, 60.7648704533542], [22.77548615901221, 60.77382427437091], [22.75717769939991, 60.77324584214539], [22.758362629484232, 60.76429223216994]]]}, "properties": {"grid_id": "ETRS-TM35FIN-1km-N6744000-E269000", "northing_min": 6744000, "easting_min": 269000, "grid_size_m": 1000}}, {"type": "Feature", "geometry": {"type": "Polygon", "coordinates": [[[24.775591356352553, 60.81291294000359], [24.793958823237098, 60.81321591386919], [24.793340903705165, 60.82218740717137], [24.774968302336475, 60.82188432238981], [24.775591356352553, 60.81291294000359]]]}, "properties": {"grid_id": "ETRS-TM35FIN-1km-N6744000-E379000", "northing_min": 6744000, "easting_min": 379000, "grid_size_m": 1000}}, {"type": "Feature", "geometry": {"type": "Polygon", "coordinates": [[[21.751479650730367, 60.737598009873324], [21.76974125835591, 60.738313259714246], [21.76828239578216, 60.74725410578317], [21.750015751534146, 60.74653859541687], [21.751479650730367, 60.737598009873324]]]}, "properties": {"grid_id": "ETRS-TM35FIN-1km-N6745000-E214000", "northing_min": 6745000, "easting_min": 214000, "grid_size_m": 1000}}, {"type": "Feature", "geometry": {"type": "Polygon", "coordinates": [[[25.785968460168956, 60.8348227381926], [25.804358134439536, 60.83498758580053], [25.804022873832455, 60.84396375215903], [25.785628046121847, 60.8437988441416], [25.785968460168956, 60.8348227381926]]]}, "properties": {"grid_id": "ETRS-TM35FIN-1km-N6745000-E434000", "northing_min": 6745000, "easting_min": 434000, "grid_size_m": 1000}}, {"type": "Feature", "geometry": {"type": "Polygon", "coordinates": [[[23.47075501724771, 60.80291617885338], [23.48909586540198, 60.80339738708167], [23.488113216934206, 60.81235869035614], [23.469767261394722, 60.81187730620057], [23.47075501724771, 60.80291617885338]]]}, "properties": {"grid_id": "ETRS-TM35FIN-1km-N6746000-E308000", "northing_min": 6746000, "easting_min": 308000, "grid_size_m": 1000}}, {"type": "Feature", "geometry": {"type": "Polygon", "coordinates": [[[23.76428293440858, 60.81031517966303], [23.782633546598777, 60.81075633635038], [23.781732693120418, 60.81972033067858], [23.763376964625603, 60.819279012632165], [23.76428293440858, 60.81031517966303]]]}, "properties": {"grid_id": "ETRS-TM35FIN-1km-N6746000-E324000", "northing_min": 6746000, "easting_min": 324000, "grid_size_m": 1000}}, {"type": "Feature", "geometry": {"type": "Polygon", "coordinates": [[[24.572217097826858, 60.82735478470695], [24.59059021221254, 60.82768560353763], [24.589914960510907, 60.83665579334027], [24.571536709239577, 60.8363248533795], [24.572217097826858, 60.82735478470695]]]}, "properties": {"grid_id": "ETRS-TM35FIN-1km-N6746000-E368000", "northing_min": 6746000, "easting_min": 368000, "grid_size_m": 1000}}, {"type": "Feature", "geometry": {"type": "Polygon", "coordinates": [[[24.40615267868381, 60.833233394481425], [24.424526843998194, 60.83358693282879], [24.423804907837177, 60.842555982327525], [24.40542560606082, 60.84220231453121], [24.40615267868381, 60.833233394481425]]]}, "properties": {"grid_id": "ETRS-TM35FIN-1km-N6747000-E359000", "northing_min": 6747000, "easting_min": 359000, "grid_size_m": 1000}}, {"type": "Feature", "geometry": {"type": "Polygon", "coordinates": [[[25.582902896996067, 60.85079415656966], [25.60130026774455, 60.85098681173362], [25.600907822525773, 60.85996223578435], [25.58250529405397, 60.85976951000194], [25.582902896996067, 60.85079415656966]]]}, "properties": {"grid_id": "ETRS-TM35FIN-1km-N6747000-E423000", "northing_min": 6747000, "easting_min": 423000, "grid_size_m": 1000}}, {"type": "Feature", "geometry": {"type": "Polygon", "coordinates": [[[25.693290869386082, 60.851912336504704], [25.71168971591675, 60.85208989078637], [25.71132822182842, 60.86106571919099], [25.692924216221005, 60.860888099821665], [25.693290869386082, 60.851912336504704]]]}, "properties": {"grid_id": "ETRS-TM35FIN-1km-N6747000-E429000", "northing_min": 6747000, "easting_min": 429000, "grid_size_m": 1000}}, {"type": "Feature", "geometry": {"type": "Polygon", "coordinates": [[[22.387309524604113, 60.78800125987457], [22.405617278794413, 60.788630211087714], [22.404332731317066, 60.79757952762785], [22.386019902686318, 60.7969503468556], [22.387309524604113, 60.78800125987457]]]}, "properties": {"grid_id": "ETRS-TM35FIN-1km-N6748000-E249000", "northing_min": 6748000, "easting_min": 249000, "grid_size_m": 1000}}, {"type": "Feature", "geometry": {"type": "Polygon", "coordinates": [[[26.723739322268866, 60.87593369228652], [26.742156473699634, 60.87597024769825], [26.742084047233796, 60.884948224014586], [26.72366172270746, 60.88491165519218], [26.723739322268866, 60.87593369228652]]]}, "properties": {"grid_id": "ETRS-TM35FIN-1km-N6749000-E485000", "northing_min": 6749000, "easting_min": 485000, "grid_size_m": 1000}}, {"type": "Feature", "geometry": {"type": "Polygon", "coordinates": [[[26.742156473699634, 60.87597024769825], [26.76057367211281, 60.87600428210392], [26.760506418785678, 60.884982270906136], [26.742084047233796, 60.884948224014586], [26.742156473699634, 60.87597024769825]]]}, "properties": {"grid_id": "ETRS-TM35FIN-1km-N6749000-E486000", "northing_min": 6749000, "easting_min": 486000, "grid_size_m": 1000}}, {"type": "Feature", "geometry": {"type": "Polygon", "coordinates": [[[24.367192296993117, 60.85942471009325], [24.38558093460382, 60.85978366300601], [24.38484730171211, 60.86875240081777], [24.366453518551097, 60.86839331640309], [24.367192296993117, 60.85942471009325]]]}, "properties": {"grid_id": "ETRS-TM35FIN-1km-N6750000-E357000", "northing_min": 6750000, "easting_min": 357000, "grid_size_m": 1000}}, {"type": "Feature", "geometry": {"type": "Polygon", "coordinates": [[[23.006866291927995, 60.83485527402342], [23.0252156972523, 60.835399968037954], [23.02410195297094, 60.844356480189845], [23.005747439376016, 60.84381158700641], [23.006866291927995, 60.83485527402342]]]}, "properties": {"grid_id": "ETRS-TM35FIN-1km-N6751000-E283000", "northing_min": 6751000, "easting_min": 283000, "grid_size_m": 1000}}, {"type": "Feature", "geometry": {"type": "Polygon", "coordinates": [[[23.0252156972523, 60.835399968037954], [23.043565822448194, 60.83594216007752], [23.04245718709501, 60.84489887049019], [23.02410195297094, 60.844356480189845], [23.0252156972523, 60.835399968037954]]]}, "properties": {"grid_id": "ETRS-TM35FIN-1km-N6751000-E284000", "northing_min": 6751000, "easting_min": 284000, "grid_size_m": 1000}}, {"type": "Feature", "geometry": {"type": "Polygon", "coordinates": [[[26.778866713547988, 60.89399178410869], [26.79729434564928, 60.89402079774499], [26.797237364784376, 60.90299878454031], [26.77880455274657, 60.902969760255885], [26.778866713547988, 60.89399178410869]]]}, "properties": {"grid_id": "ETRS-TM35FIN-1km-N6751000-E488000", "northing_min": 6751000, "easting_min": 488000, "grid_size_m": 1000}}, {"type": "Feature", "geometry": {"type": "Polygon", "coordinates": [[[27.29484337778826, 60.89385050088385], [27.313270774546087, 60.893808872971], [27.31335883441224, 60.902786781989406], [27.294926257934144, 60.902828425179734], [27.29484337778826, 60.89385050088385]]]}, "properties": {"grid_id": "ETRS-TM35FIN-1km-N6751000-E516000", "northing_min": 6751000, "easting_min": 516000, "grid_size_m": 1000}}, {"type": "Feature", "geometry": {"type": "Polygon", "coordinates": [[[23.02410195297094, 60.844356480189845], [23.04245718709501, 60.84489887049019], [23.041347834490153, 60.85385555688904], [23.022987488160307, 60.85331296821727], [23.02410195297094, 60.844356480189845]]]}, "properties": {"grid_id": "ETRS-TM35FIN-1km-N6752000-E284000", "northing_min": 6752000, "easting_min": 284000, "grid_size_m": 1000}}, {"type": "Feature", "geometry": {"type": "Polygon", "coordinates": [[[23.04245718709501, 60.84489887049019], [23.060813138470614, 60.84543875771462], [23.05970889872692, 60.854395641576104], [23.041347834490153, 60.85385555688904], [23.04245718709501, 60.84489887049019]]]}, "properties": {"grid_id": "ETRS-TM35FIN-1km-N6752000-E285000", "northing_min": 6752000, "easting_min": 285000, "grid_size_m": 1000}}, {"type": "Feature", "geometry": {"type": "Polygon", "coordinates": [[[23.42807773430124, 60.85571056701138], [23.446447989441698, 60.85619784664342], [23.44545126592577, 60.86515866701237], [23.427075884846467, 60.864671209038356], [23.42807773430124, 60.85571056701138]]]}, "properties": {"grid_id": "ETRS-TM35FIN-1km-N6752000-E306000", "northing_min": 6752000, "easting_min": 306000, "grid_size_m": 1000}}, {"type": "Feature", "geometry": {"type": "Polygon", "coordinates": [[[23.92429134892921, 60.86798663659825], [23.94267785900394, 60.868406166600735], [23.941819749054282, 60.87737145693278], [23.923428098161754, 60.876951773266526], [23.92429134892921, 60.86798663659825]]]}, "properties": {"grid_id": "ETRS-TM35FIN-1km-N6752000-E333000", "northing_min": 6752000, "easting_min": 333000, "grid_size_m": 1000}}, {"type": "Feature", "geometry": {"type": "Polygon", "coordinates": [[[24.881053395108175, 60.88646896985601], [24.899464397224452, 60.88675772697579], [24.89887424037359, 60.895729743000445], [24.88045807498585, 60.89544087999367], [24.881053395108175, 60.88646896985601]]]}, "properties": {"grid_id": "ETRS-TM35FIN-1km-N6752000-E385000", "northing_min": 6752000, "easting_min": 385000, "grid_size_m": 1000}}, {"type": "Feature", "geometry": {"type": "Polygon", "coordinates": [[[25.433536358287707, 60.894035961506646], [25.45195738652866, 60.89424913767873], [25.45152227736707, 60.9032239014682], [25.433096076650862, 60.90301064708765], [25.433536358287707, 60.894035961506646]]]}, "properties": {"grid_id": "ETRS-TM35FIN-1km-N6752000-E415000", "northing_min": 6752000, "easting_min": 415000, "grid_size_m": 1000}}, {"type": "Feature", "geometry": {"type": "Polygon", "coordinates": [[[23.739542911845195, 60.8726167899756], [23.7579288180301, 60.87306158889752], [23.757018733931726, 60.88202528130277], [23.738627688875493, 60.881580319474345], [23.739542911845195, 60.8726167899756]]]}, "properties": {"grid_id": "ETRS-TM35FIN-1km-N6753000-E323000", "northing_min": 6753000, "easting_min": 323000, "grid_size_m": 1000}}, {"type": "Feature", "geometry": {"type": "Polygon", "coordinates": [[[24.696318224232265, 60.89241373230208], [24.714730375298444, 60.89272777871403], [24.71408818557526, 60.901698678357484], [24.6956708715785, 60.90138451678438], [24.696318224232265, 60.89241373230208]]]}, "properties": {"grid_id": "ETRS-TM35FIN-1km-N6753000-E375000", "northing_min": 6753000, "easting_min": 375000, "grid_size_m": 1000}}, {"type": "Feature", "geometry": {"type": "Polygon", "coordinates": [[[25.08305641018164, 60.898479815658625], [25.101476605150015, 60.89874096501863], [25.10094292054473, 60.90771407014188], [25.082517555262108, 60.90745282498183], [25.08305641018164, 60.898479815658625]]]}, "properties": {"grid_id": "ETRS-TM35FIN-1km-N6753000-E396000", "northing_min": 6753000, "easting_min": 396000, "grid_size_m": 1000}}, {"type": "Feature", "geometry": {"type": "Polygon", "coordinates": [[[25.230427477282422, 60.90049844538499], [25.24885034844388, 60.9007394321941], [25.24835803754031, 60.909713270487245], [25.229929993607072, 60.909472195263334], [25.230427477282422, 60.90049844538499]]]}, "properties": {"grid_id": "ETRS-TM35FIN-1km-N6753000-E404000", "northing_min": 6753000, "easting_min": 404000, "grid_size_m": 1000}}, {"type": "Feature", "geometry": {"type": "Polygon", "coordinates": [[[23.076970840015647, 60.86389027869887], [23.095338447667405, 60.86442555059476], [23.094243018831985, 60.873382779259366], [23.075870290448247, 60.87284731150029], [23.076970840015647, 60.86389027869887]]]}, "properties": {"grid_id": "ETRS-TM35FIN-1km-N6754000-E287000", "northing_min": 6754000, "easting_min": 287000, "grid_size_m": 1000}}, {"type": "Feature", "geometry": {"type": "Polygon", "coordinates": [[[24.86144142321553, 60.90412128593343], [24.87986236846917, 60.904412774628845], [24.87926627520346, 60.91338465376069], [24.86084016034365, 60.913093058136994], [24.86144142321553, 60.90412128593343]]]}, "properties": {"grid_id": "ETRS-TM35FIN-1km-N6754000-E384000", "northing_min": 6754000, "easting_min": 384000, "grid_size_m": 1000}}, {"type": "Feature", "geometry": {"type": "Polygon", "coordinates": [[[27.0, 60.92110752760143], [27.018443404522394, 60.92110626473934], [27.018448594767897, 60.93008427089586], [27.0, 60.930085534221696], [27.0, 60.92110752760143]]]}, "properties": {"grid_id": "ETRS-TM35FIN-1km-N6754000-E500000", "northing_min": 6754000, "easting_min": 500000, "grid_size_m": 1000}}, {"type": "Feature", "geometry": {"type": "Polygon", "coordinates": [[[27.350420842542565, 60.92065163929585], [27.368863606511066, 60.92060238879354], [27.368967407297035, 60.92958020991804], [27.350519453672167, 60.929629478505724], [27.350420842542565, 60.92065163929585]]]}, "properties": {"grid_id": "ETRS-TM35FIN-1km-N6754000-E519000", "northing_min": 6754000, "easting_min": 519000, "grid_size_m": 1000}}, {"type": "Feature", "geometry": {"type": "Polygon", "coordinates": [[[25.966977414991845, 60.92612411580611], [25.985420814455004, 60.92626431914497], [25.98513525139033, 60.93524091036062], [25.96668666308607, 60.93510065553835], [25.966977414991845, 60.92612411580611]]]}, "properties": {"grid_id": "ETRS-TM35FIN-1km-N6755000-E444000", "northing_min": 6755000, "easting_min": 444000, "grid_size_m": 1000}}, {"type": "Feature", "geometry": {"type": "Polygon", "coordinates": [[[26.797009070813314, 60.9389106107595], [26.815462673431732, 60.93893715017159], [26.815410703967416, 60.94791508624718], [26.79695190452225, 60.94788853708548], [26.797009070813314, 60.9389106107595]]]}, "properties": {"grid_id": "ETRS-TM35FIN-1km-N6756000-E489000", "northing_min": 6756000, "easting_min": 489000, "grid_size_m": 1000}}, {"type": "Feature", "geometry": {"type": "Polygon", "coordinates": [[[23.29430898709267, 60.89702604076368], [23.31270027697694, 60.89753178981378], [23.311664335302044, 60.90649123046021], [23.293267907201347, 60.90598529617001], [23.29430898709267, 60.89702604076368]]]}, "properties": {"grid_id": "ETRS-TM35FIN-1km-N6757000-E299000", "northing_min": 6757000, "easting_min": 299000, "grid_size_m": 1000}}, {"type": "Feature", "geometry": {"type": "Polygon", "coordinates": [[[21.256208422842505, 60.83426405612332], [21.27450993352006, 60.83504742641259], [21.27290704340959, 60.843980730035575], [21.254600477855107, 60.843197074051496], [21.256208422842505, 60.83426405612332]]]}, "properties": {"grid_id": "ETRS-TM35FIN-1km-N6758000-E188000", "northing_min": 6758000, "easting_min": 188000, "grid_size_m": 1000}}, {"type": "Feature", "geometry": {"type": "Polygon", "coordinates": [[[21.732375192424715, 60.85382304344472], [21.75070252621266, 60.85454169140642], [21.74923138447685, 60.86348210909368], [21.730898972301354, 60.862763198720764], [21.732375192424715, 60.85382304344472]]]}, "properties": {"grid_id": "ETRS-TM35FIN-1km-N6758000-E214000", "northing_min": 6758000, "easting_min": 214000, "grid_size_m": 1000}}, {"type": "Feature", "geometry": {"type": "Polygon", "coordinates": [[[22.92548548321542, 60.89533951399192], [22.94386778444716, 60.895895635939], [22.942728461534394, 60.90485117376971], [22.92434103171483, 60.90429484822886], [22.92548548321542, 60.89533951399192]]]}, "properties": {"grid_id": "ETRS-TM35FIN-1km-N6758000-E279000", "northing_min": 6758000, "easting_min": 279000, "grid_size_m": 1000}}, {"type": "Feature", "geometry": {"type": "Polygon", "coordinates": [[[23.12773082485965, 60.90131890744151], [23.146121059202628, 60.90184743554002], [23.145038194658955, 60.910805152743016], [23.12664282446563, 60.910276431080284], [23.12773082485965, 60.90131890744151]]]}, "properties": {"grid_id": "ETRS-TM35FIN-1km-N6758000-E290000", "northing_min": 6758000, "easting_min": 290000, "grid_size_m": 1000}}, {"type": "Feature", "geometry": {"type": "Polygon", "coordinates": [[[23.808610933254105, 60.919201599891906], [23.827024915310577, 60.91963715168509], [23.826132503487564, 60.9286013878103], [23.8077133638141, 60.92816567632513], [23.808610933254105, 60.919201599891906]]]}, "properties": {"grid_id": "ETRS-TM35FIN-1km-N6758000-E327000", "northing_min": 6758000, "easting_min": 327000, "grid_size_m": 1000}}, {"type": "Feature", "geometry": {"type": "Polygon", "coordinates": [[[24.12172507727242, 60.92626369640708], [24.140148445509716, 60.92665645514704], [24.139343791940984, 60.935623265453444], [24.120915257472653, 60.93523036264752], [24.12172507727242, 60.92626369640708]]]}, "properties": {"grid_id": "ETRS-TM35FIN-1km-N6758000-E344000", "northing_min": 6758000, "easting_min": 344000, "grid_size_m": 1000}}, {"type": "Feature", "geometry": {"type": "Polygon", "coordinates": [[[24.140148445509716, 60.92665645514704], [24.158572335866303, 60.92704669534042], [24.15777284900795, 60.93601364879248], [24.139343791940984, 60.935623265453444], [24.140148445509716, 60.92665645514704]]]}, "properties": {"grid_id": "ETRS-TM35FIN-1km-N6758000-E345000", "northing_min": 6758000, "easting_min": 345000, "grid_size_m": 1000}}, {"type": "Feature", "geometry": {"type": "Polygon", "coordinates": [[[24.213847106267192, 60.92820230324859], [24.23227305171341, 60.92858246786764], [24.231494236429132, 60.937549984696986], [24.213063122385602, 60.937169680614645], [24.213847106267192, 60.92820230324859]]]}, "properties": {"grid_id": "ETRS-TM35FIN-1km-N6758000-E349000", "northing_min": 6758000, "easting_min": 349000, "grid_size_m": 1000}}, {"type": "Feature", "geometry": {"type": "Polygon", "coordinates": [[[24.102487248943575, 60.93483494051542], [24.120915257472653, 60.93523036264752], [24.120104911733534, 60.944197010486384], [24.101671734115794, 60.94380144328677], [24.102487248943575, 60.93483494051542]]]}, "properties": {"grid_id": "ETRS-TM35FIN-1km-N6759000-E343000", "northing_min": 6759000, "easting_min": 343000, "grid_size_m": 1000}}, {"type": "Feature", "geometry": {"type": "Polygon", "coordinates": [[[21.637748714298212, 60.86807004528573], [21.656081402346604, 60.86880168763895], [21.654582943038065, 60.87774071665873], [21.636245174515338, 60.877008807108005], [21.637748714298212, 60.86807004528573]]]}, "properties": {"grid_id": "ETRS-TM35FIN-1km-N6760000-E209000", "northing_min": 6760000, "easting_min": 209000, "grid_size_m": 1000}}, {"type": "Feature", "geometry": {"type": "Polygon", "coordinates": [[[23.43845609313202, 60.92788380125218], [23.456868097966524, 60.928369996008044], [23.45587134656729, 60.93733082071103], [23.437454188734833, 60.93684444772931], [23.43845609313202, 60.92788380125218]]]}, "properties": {"grid_id": "ETRS-TM35FIN-1km-N6760000-E307000", "northing_min": 6760000, "easting_min": 307000, "grid_size_m": 1000}}, {"type": "Feature", "geometry": {"type": "Polygon", "coordinates": [[[25.466931373392, 60.96625813380116], [25.485394440941032, 60.96646688062361], [25.48496746355411, 60.97544168756533], [25.466499196085042, 60.97523286403773], [25.466931373392, 60.96625813380116]]]}, "properties": {"grid_id": "ETRS-TM35FIN-1km-N6760000-E417000", "northing_min": 6760000, "easting_min": 417000, "grid_size_m": 1000}}, {"type": "Feature", "geometry": {"type": "Polygon", "coordinates": [[[25.559249453713775, 60.96727658479957], [25.57771387566226, 60.967472689701374], [25.577312901647737, 60.97644786624719], [25.558843278532166, 60.976251689281], [25.559249453713775, 60.96727658479957]]]}, "properties": {"grid_id": "ETRS-TM35FIN-1km-N6760000-E422000", "northing_min": 6760000, "easting_min": 422000, "grid_size_m": 1000}}, {"type": "Feature", "geometry": {"type": "Polygon", "coordinates": [[[25.614643498416918, 60.9678573136378], [25.63310869246514, 60.96804583253421], [25.632723323380034, 60.97702121970298], [25.61425292745375, 60.97683263152738], [25.614643498416918, 60.9678573136378]]]}, "properties": {"grid_id": "ETRS-TM35FIN-1km-N6760000-E425000", "northing_min": 6760000, "easting_min": 425000, "grid_size_m": 1000}}, {"type": "Feature", "geometry": {"type": "Polygon", "coordinates": [[[25.74390500122642, 60.96912383869556], [25.762371878548336, 60.9692946545835], [25.762022928897185, 60.97827050070535], [25.743550848147084, 60.97809962203894], [25.74390500122642, 60.96912383869556]]]}, "properties": {"grid_id": "ETRS-TM35FIN-1km-N6760000-E432000", "northing_min": 6760000, "easting_min": 432000, "grid_size_m": 1000}}, {"type": "Feature", "geometry": {"type": "Polygon", "coordinates": [[[21.654582943038065, 60.87774071665873], [21.672921680057264, 60.87847013194202], [21.67142733684275, 60.887409393567076], [21.653083515232876, 60.88667971183646], [21.654582943038065, 60.87774071665873]]]}, "properties": {"grid_id": "ETRS-TM35FIN-1km-N6761000-E210000", "northing_min": 6761000, "easting_min": 210000, "grid_size_m": 1000}}, {"type": "Feature", "geometry": {"type": "Polygon", "coordinates": [[[24.432823874297295, 60.95950489886425], [24.45127119613078, 60.959855209354885], [24.450553040895052, 60.96882427680252], [24.432100535036753, 60.96847383769002], [24.432823874297295, 60.95950489886425]]]}, "properties": {"grid_id": "ETRS-TM35FIN-1km-N6761000-E361000", "northing_min": 6761000, "easting_min": 361000, "grid_size_m": 1000}}, {"type": "Feature", "geometry": {"type": "Polygon", "coordinates": [[[25.558843278532166, 60.976251689281], [25.577312901647737, 60.97644786624719], [25.576911666647568, 60.985423029192866], [25.558436838983262, 60.98522678012166], [25.558843278532166, 60.976251689281]]]}, "properties": {"grid_id": "ETRS-TM35FIN-1km-N6761000-E422000", "northing_min": 6761000, "easting_min": 422000, "grid_size_m": 1000}}, {"type": "Feature", "geometry": {"type": "Polygon", "coordinates": [[[25.65119397014523, 60.977207278144895], [25.669664864366545, 60.97739080678621], [25.66928965565368, 60.98636631632284], [25.650813555712794, 60.98618272022139], [25.65119397014523, 60.977207278144895]]]}, "properties": {"grid_id": "ETRS-TM35FIN-1km-N6761000-E427000", "northing_min": 6761000, "easting_min": 427000, "grid_size_m": 1000}}, {"type": "Feature", "geometry": {"type": "Polygon", "coordinates": [[[25.669664864366545, 60.97739080678621], [25.688136002660883, 60.9775718055609], [25.68776599989244, 60.98654738162849], [25.66928965565368, 60.98636631632284], [25.669664864366545, 60.97739080678621]]]}, "properties": {"grid_id": "ETRS-TM35FIN-1km-N6761000-E428000", "northing_min": 6761000, "easting_min": 428000, "grid_size_m": 1000}}, {"type": "Feature", "geometry": {"type": "Polygon", "coordinates": [[[25.46606673750719, 60.984207580422684], [25.484540208276393, 60.98441648069864], [25.484112674851943, 60.993391260024346], [25.4656339973994, 60.993182282956774], [25.46606673750719, 60.984207580422684]]]}, "properties": {"grid_id": "ETRS-TM35FIN-1km-N6762000-E417000", "northing_min": 6762000, "easting_min": 417000, "grid_size_m": 1000}}, {"type": "Feature", "geometry": {"type": "Polygon", "coordinates": [[[25.484540208276393, 60.98441648069864], [25.50301395719228, 60.984622850880314], [25.502591630707418, 60.99359770606854], [25.484112674851943, 60.993391260024346], [25.484540208276393, 60.98441648069864]]]}, "properties": {"grid_id": "ETRS-TM35FIN-1km-N6762000-E418000", "northing_min": 6762000, "easting_min": 418000, "grid_size_m": 1000}}, {"type": "Feature", "geometry": {"type": "Polygon", "coordinates": [[[25.50301395719228, 60.984622850880314], [25.521487980871324, 60.98482669089342], [25.521070861579194, 60.99380162101506], [25.502591630707418, 60.99359770606854], [25.50301395719228, 60.984622850880314]]]}, "properties": {"grid_id": "ETRS-TM35FIN-1km-N6762000-E419000", "northing_min": 6762000, "easting_min": 419000, "grid_size_m": 1000}}, {"type": "Feature", "geometry": {"type": "Polygon", "coordinates": [[[25.650813555712794, 60.98618272022139], [25.66928965565368, 60.98636631632284], [25.668914202642913, 60.99534181245559], [25.65043289359624, 60.995158148855985], [25.650813555712794, 60.98618272022139]]]}, "properties": {"grid_id": "ETRS-TM35FIN-1km-N6762000-E427000", "northing_min": 6762000, "easting_min": 427000, "grid_size_m": 1000}}, {"type": "Feature", "geometry": {"type": "Polygon", "coordinates": [[[21.669932027485558, 60.89634862148067], [21.688281903947114, 60.897076073482005], [21.686790719516164, 60.906015533510434], [21.66843575110431, 60.905287815665], [21.669932027485558, 60.89634862148067]]]}, "properties": {"grid_id": "ETRS-TM35FIN-1km-N6763000-E211000", "northing_min": 6763000, "easting_min": 211000, "grid_size_m": 1000}}, {"type": "Feature", "geometry": {"type": "Polygon", "coordinates": [[[24.505210289542603, 60.97882987764503], [24.523669832348187, 60.97917034304203], [24.52297150992696, 60.98813988224254], [24.504506774672855, 60.98779929177873], [24.505210289542603, 60.97882987764503]]]}, "properties": {"grid_id": "ETRS-TM35FIN-1km-N6763000-E365000", "northing_min": 6763000, "easting_min": 365000, "grid_size_m": 1000}}, {"type": "Feature", "geometry": {"type": "Polygon", "coordinates": [[[25.4656339973994, 60.993182282956774], [25.484112674851943, 60.993391260024346], [25.4836848630245, 61.002366025543125], [25.465200975502313, 61.00215697164066], [25.4656339973994, 60.993182282956774]]]}, "properties": {"grid_id": "ETRS-TM35FIN-1km-N6763000-E417000", "northing_min": 6763000, "easting_min": 417000, "grid_size_m": 1000}}, {"type": "Feature", "geometry": {"type": "Polygon", "coordinates": [[[25.502591630707418, 60.99359770606854], [25.521070861579194, 60.99380162101506], [25.520653470657653, 61.00277653741481], [25.5021690292062, 61.00257254749263], [25.502591630707418, 60.99359770606854]]]}, "properties": {"grid_id": "ETRS-TM35FIN-1km-N6763000-E419000", "northing_min": 6763000, "easting_min": 419000, "grid_size_m": 1000}}, {"type": "Feature", "geometry": {"type": "Polygon", "coordinates": [[[25.53955036408033, 60.994003004790535], [25.55803013482357, 60.994201857322466], [25.557623165809282, 61.0031769208843], [25.539138183988804, 61.00297799523621], [25.53955036408033, 60.994003004790535]]]}, "properties": {"grid_id": "ETRS-TM35FIN-1km-N6763000-E421000", "northing_min": 6763000, "easting_min": 421000, "grid_size_m": 1000}}, {"type": "Feature", "geometry": {"type": "Polygon", "coordinates": [[[25.631951832461862, 60.99497195359711], [25.65043289359624, 60.995158148855985], [25.65005198356735, 61.00413356404979], [25.631565710166395, 61.00394730032453], [25.631951832461862, 60.99497195359711]]]}, "properties": {"grid_id": "ETRS-TM35FIN-1km-N6763000-E426000", "northing_min": 6763000, "easting_min": 426000, "grid_size_m": 1000}}, {"type": "Feature", "geometry": {"type": "Polygon", "coordinates": [[[24.52297150992696, 60.98813988224254], [24.541436699579574, 60.98847794587071], [24.540743118994197, 60.99744759253169], [24.522272733107144, 60.99710940469204], [24.52297150992696, 60.98813988224254]]]}, "properties": {"grid_id": "ETRS-TM35FIN-1km-N6764000-E366000", "northing_min": 6764000, "easting_min": 366000, "grid_size_m": 1000}}, {"type": "Feature", "geometry": {"type": "Polygon", "coordinates": [[[24.68917417086332, 60.991091474423776], [24.70764329847551, 60.991406791172416], [24.706996502313725, 61.00037751406172], [24.688522174841445, 61.0000620814378], [24.68917417086332, 60.991091474423776]]]}, "properties": {"grid_id": "ETRS-TM35FIN-1km-N6764000-E375000", "northing_min": 6764000, "easting_min": 375000, "grid_size_m": 1000}}, {"type": "Feature", "geometry": {"type": "Polygon", "coordinates": [[[25.20645770691774, 60.998964405750904], [25.224937337468408, 60.99920889867784], [25.22443628334961, 61.00818248948515], [25.20595144326357, 61.00793790666549], [25.20645770691774, 60.998964405750904]]]}, "properties": {"grid_id": "ETRS-TM35FIN-1km-N6764000-E403000", "northing_min": 6764000, "easting_min": 403000, "grid_size_m": 1000}}, {"type": "Feature", "geometry": {"type": "Polygon", "coordinates": [[[25.28037817206531, 60.99992719221251], [25.29885908662819, 61.00016156135473], [25.298378873624845, 61.009135502440735], [25.279892748343233, 61.008901047122805], [25.28037817206531, 60.99992719221251]]]}, "properties": {"grid_id": "ETRS-TM35FIN-1km-N6764000-E407000", "northing_min": 6764000, "easting_min": 407000, "grid_size_m": 1000}}, {"type": "Feature", "geometry": {"type": "Polygon", "coordinates": [[[25.409751018785446, 61.001514618972735], [25.42823404999384, 61.00173126827883], [25.427790319912738, 61.010705786566625], [25.409302076034642, 61.01048905759234], [25.409751018785446, 61.001514618972735]]]}, "properties": {"grid_id": "ETRS-TM35FIN-1km-N6764000-E414000", "northing_min": 6764000, "easting_min": 414000, "grid_size_m": 1000}}, {"type": "Feature", "geometry": {"type": "Polygon", "coordinates": [[[25.4836848630245, 61.002366025543125], [25.5021690292062, 61.00257254749263], [25.50174615243517, 61.01154737515333], [25.48325677253751, 61.01134077725571], [25.4836848630245, 61.002366025543125]]]}, "properties": {"grid_id": "ETRS-TM35FIN-1km-N6764000-E418000", "northing_min": 6764000, "easting_min": 418000, "grid_size_m": 1000}}, {"type": "Feature", "geometry": {"type": "Polygon", "coordinates": [[[25.557623165809282, 61.0031769208843], [25.576108412728406, 61.003373314287444], [25.575706393327742, 61.0123484364382], [25.557215931696295, 61.01215197080803], [25.557623165809282, 61.0031769208843]]]}, "properties": {"grid_id": "ETRS-TM35FIN-1km-N6764000-E422000", "northing_min": 6764000, "easting_min": 422000, "grid_size_m": 1000}}, {"type": "Feature", "geometry": {"type": "Polygon", "coordinates": [[[25.576108412728406, 61.003373314287444], [25.5945939213552, 61.003567175374926], [25.59419711690815, 61.01254236882228], [25.575706393327742, 61.0123484364382], [25.576108412728406, 61.003373314287444]]]}, "properties": {"grid_id": "ETRS-TM35FIN-1km-N6764000-E423000", "northing_min": 6764000, "easting_min": 423000, "grid_size_m": 1000}}, {"type": "Feature", "geometry": {"type": "Polygon", "coordinates": [[[25.65005198356735, 61.00413356404979], [25.668538505109115, 61.00431729518558], [25.668162562826904, 61.013292764513906], [25.649670825397617, 61.01310896580381], [25.65005198356735, 61.00413356404979]]]}, "properties": {"grid_id": "ETRS-TM35FIN-1km-N6764000-E427000", "northing_min": 6764000, "easting_min": 427000, "grid_size_m": 1000}}, {"type": "Feature", "geometry": {"type": "Polygon", "coordinates": [[[25.70551227904504, 61.004677159425064], [25.723999524653497, 61.00485329239914], [25.723639231375397, 61.01382895886586], [25.70514676921177, 61.01365276110981], [25.70551227904504, 61.004677159425064]]]}, "properties": {"grid_id": "ETRS-TM35FIN-1km-N6764000-E430000", "northing_min": 6764000, "easting_min": 430000, "grid_size_m": 1000}}, {"type": "Feature", "geometry": {"type": "Polygon", "coordinates": [[[21.611864141719305, 60.91202803687529], [21.630221289219605, 60.91276351430976], [21.628712881916204, 60.9217021059983], [21.610350638637218, 60.9209663597208], [21.611864141719305, 60.91202803687529]]]}, "properties": {"grid_id": "ETRS-TM35FIN-1km-N6765000-E208000", "northing_min": 6765000, "easting_min": 208000, "grid_size_m": 1000}}, {"type": "Feature", "geometry": {"type": "Polygon", "coordinates": [[[25.150498915168523, 61.00718896861807], [25.168982755785905, 61.00744114614251], [25.168465737431614, 61.01641444987063], [25.149976684812508, 61.01616217961423], [25.150498915168523, 61.00718896861807]]]}, "properties": {"grid_id": "ETRS-TM35FIN-1km-N6765000-E400000", "northing_min": 6765000, "easting_min": 400000, "grid_size_m": 1000}}, {"type": "Feature", "geometry": {"type": "Polygon", "coordinates": [[[25.50174615243517, 61.01154737515333], [25.520235807856363, 61.011751440093455], [25.519817872924676, 61.0207263290518], [25.501323000140566, 61.020522189051434], [25.50174615243517, 61.01154737515333]]]}, "properties": {"grid_id": "ETRS-TM35FIN-1km-N6765000-E419000", "northing_min": 6765000, "easting_min": 419000, "grid_size_m": 1000}}, {"type": "Feature", "geometry": {"type": "Polygon", "coordinates": [[[21.48184254103654, 60.91574619970395], [21.500197860278647, 60.91649942814711], [21.498652802511142, 60.92543608389379], [21.48029239056527, 60.924682580156265], [21.48184254103654, 60.91574619970395]]]}, "properties": {"grid_id": "ETRS-TM35FIN-1km-N6766000-E201000", "northing_min": 6766000, "easting_min": 201000, "grid_size_m": 1000}}, {"type": "Feature", "geometry": {"type": "Polygon", "coordinates": [[[22.161629356648973, 60.94195086275843], [22.180019468017584, 60.942611543916584], [22.178663456756258, 60.951557751331016], [22.160268220885733, 60.950896828306], [22.161629356648973, 60.94195086275843]]]}, "properties": {"grid_id": "ETRS-TM35FIN-1km-N6766000-E238000", "northing_min": 6766000, "easting_min": 238000, "grid_size_m": 1000}}, {"type": "Feature", "geometry": {"type": "Polygon", "coordinates": [[[23.450877873265874, 60.98213461909684], [23.46932149591752, 60.98261936462047], [23.468326027404633, 60.99158023713291], [23.449877231179467, 60.9910953137019], [23.450877873265874, 60.98213461909684]]]}, "properties": {"grid_id": "ETRS-TM35FIN-1km-N6766000-E308000", "northing_min": 6766000, "easting_min": 308000, "grid_size_m": 1000}}, {"type": "Feature", "geometry": {"type": "Polygon", "coordinates": [[[23.431429085488006, 60.99060786926337], [23.449877231179467, 60.9910953137019], [23.44887593855923, 61.00005598660085], [23.430422616551134, 60.99956836323503], [23.431429085488006, 60.99060786926337]]]}, "properties": {"grid_id": "ETRS-TM35FIN-1km-N6767000-E307000", "northing_min": 6767000, "easting_min": 307000, "grid_size_m": 1000}}, {"type": "Feature", "geometry": {"type": "Polygon", "coordinates": [[[23.449877231179467, 60.9910953137019], [23.468326027404633, 60.99158023713291], [23.467329911698986, 61.00054108803918], [23.44887593855923, 61.00005598660085], [23.449877231179467, 60.9910953137019]]]}, "properties": {"grid_id": "ETRS-TM35FIN-1km-N6767000-E308000", "northing_min": 6767000, "easting_min": 308000, "grid_size_m": 1000}}, {"type": "Feature", "geometry": {"type": "Polygon", "coordinates": [[[24.132887709447054, 61.00735708806697], [24.15135822073734, 61.00774861947062], [24.150554043343703, 61.016715408636834], [24.132078335162028, 61.016323733361574], [24.132887709447054, 61.00735708806697]]]}, "properties": {"grid_id": "ETRS-TM35FIN-1km-N6767000-E345000", "northing_min": 6767000, "easting_min": 345000, "grid_size_m": 1000}}, {"type": "Feature", "geometry": {"type": "Polygon", "coordinates": [[[24.46543419661661, 61.014017912717605], [24.483913607994356, 61.01436393766432], [24.4832030540148, 61.02333315822377], [24.46471843754849, 61.022987006073954], [24.46543419661661, 61.014017912717605]]]}, "properties": {"grid_id": "ETRS-TM35FIN-1km-N6767000-E363000", "northing_min": 6767000, "easting_min": 363000, "grid_size_m": 1000}}, {"type": "Feature", "geometry": {"type": "Polygon", "coordinates": [[[27.203621809371626, 61.0376671359555], [27.22213272599801, 61.03763795122775], [27.222195537393162, 61.0466157339829], [27.203679386616724, 61.04664492945522], [27.203621809371626, 61.0376671359555]]]}, "properties": {"grid_id": "ETRS-TM35FIN-1km-N6767000-E511000", "northing_min": 6767000, "easting_min": 511000, "grid_size_m": 1000}}, {"type": "Feature", "geometry": {"type": "Polygon", "coordinates": [[[24.446234287295347, 61.02263832375362], [24.46471843754849, 61.022987006073954], [24.464002212267125, 61.03195608245759], [24.44551285397615, 61.03160727193496], [24.446234287295347, 61.02263832375362]]]}, "properties": {"grid_id": "ETRS-TM35FIN-1km-N6768000-E362000", "northing_min": 6768000, "easting_min": 362000, "grid_size_m": 1000}}, {"type": "Feature", "geometry": {"type": "Polygon", "coordinates": [[[24.945460092617065, 61.031164307918075], [24.963955643143674, 61.031444634541366], [24.96338018712881, 61.04041682146053], [24.94487941805344, 61.040136391712494], [24.945460092617065, 61.031164307918075]]]}, "properties": {"grid_id": "ETRS-TM35FIN-1km-N6768000-E389000", "northing_min": 6768000, "easting_min": 389000, "grid_size_m": 1000}}, {"type": "Feature", "geometry": {"type": "Polygon", "coordinates": [[[25.463466064822384, 61.03805558788784], [25.48197082654869, 61.03826494956362], [25.48154161885139, 61.04723964605873], [25.463031630077055, 61.04703020733099], [25.463466064822384, 61.03805558788784]]]}, "properties": {"grid_id": "ETRS-TM35FIN-1km-N6768000-E417000", "northing_min": 6768000, "easting_min": 417000, "grid_size_m": 1000}}, {"type": "Feature", "geometry": {"type": "Polygon", "coordinates": [[[24.50098232539553, 61.0326461100841], [24.51947307346836, 61.03298732693938], [24.51877201837085, 61.04195676560338], [24.5002760575974, 61.04161542325785], [24.50098232539553, 61.0326461100841]]]}, "properties": {"grid_id": "ETRS-TM35FIN-1km-N6769000-E365000", "northing_min": 6769000, "easting_min": 365000, "grid_size_m": 1000}}, {"type": "Feature", "geometry": {"type": "Polygon", "coordinates": [[[23.502266353925425, 61.01942606851009], [23.520732627814873, 61.01990395391381], [23.519750131397224, 61.02886526935527], [23.501278668769526, 61.02838720840906], [23.502266353925425, 61.01942606851009]]]}, "properties": {"grid_id": "ETRS-TM35FIN-1km-N6770000-E311000", "northing_min": 6770000, "easting_min": 311000, "grid_size_m": 1000}}, {"type": "Feature", "geometry": {"type": "Polygon", "coordinates": [[[23.98258839685116, 61.031030208375256], [24.00107019119156, 61.03144240460201], [24.00022279937718, 61.040407960090164], [23.981735802008256, 61.03999561234007], [23.98258839685116, 61.031030208375256]]]}, "properties": {"grid_id": "ETRS-TM35FIN-1km-N6770000-E337000", "northing_min": 6770000, "easting_min": 337000, "grid_size_m": 1000}}, {"type": "Feature", "geometry": {"type": "Polygon", "coordinates": [[[25.036832041050335, 61.050485773106196], [25.0553398755832, 61.05075362965369], [25.054789800755515, 61.05972628836979], [25.036276739180085, 61.05945833323763], [25.036832041050335, 61.050485773106196]]]}, "properties": {"grid_id": "ETRS-TM35FIN-1km-N6770000-E394000", "northing_min": 6770000, "easting_min": 394000, "grid_size_m": 1000}}, {"type": "Feature", "geometry": {"type": "Polygon", "coordinates": [[[25.777391428284684, 61.0592214276279], [25.795910947242376, 61.0593877957022], [25.79557019206552, 61.06836363311776], [25.777045435274573, 61.06819720377805], [25.777391428284684, 61.0592214276279]]]}, "properties": {"grid_id": "ETRS-TM35FIN-1km-N6770000-E434000", "northing_min": 6770000, "easting_min": 434000, "grid_size_m": 1000}}, {"type": "Feature", "geometry": {"type": "Polygon", "coordinates": [[[28.16704935159475, 61.05971291572843], [28.18556931157964, 61.05955162508879], [28.185904828717934, 61.068527522835474], [28.167379630492313, 61.06868887287196], [28.16704935159475, 61.05971291572843]]]}, "properties": {"grid_id": "ETRS-TM35FIN-1km-N6770000-E563000", "northing_min": 6770000, "easting_min": 563000, "grid_size_m": 1000}}, {"type": "Feature", "geometry": {"type": "Polygon", "coordinates": [[[28.259646929317597, 61.05888107565736], [28.278165761136712, 61.05870709188411], [28.278527466383178, 61.06768267863313], [28.260003397365658, 61.06785672647421], [28.259646929317597, 61.05888107565736]]]}, "properties": {"grid_id": "ETRS-TM35FIN-1km-N6770000-E568000", "northing_min": 6770000, "easting_min": 568000, "grid_size_m": 1000}}, {"type": "Feature", "geometry": {"type": "Polygon", "coordinates": [[[26.258752513685106, 61.07169884915611], [26.27728194257507, 61.07179923145644], [26.277077300382807, 61.08077632129168], [26.258542625924544, 61.080675902009965], [26.258752513685106, 61.07169884915611]]]}, "properties": {"grid_id": "ETRS-TM35FIN-1km-N6771000-E460000", "northing_min": 6771000, "easting_min": 460000, "grid_size_m": 1000}}, {"type": "Feature", "geometry": {"type": "Polygon", "coordinates": [[[23.44486425076994, 61.03589846100184], [23.463338965039622, 61.03638427547114], [23.462339604431854, 61.045345018247936], [23.44385969649653, 61.04485902527002], [23.44486425076994, 61.03589846100184]]]}, "properties": {"grid_id": "ETRS-TM35FIN-1km-N6772000-E308000", "northing_min": 6772000, "easting_min": 308000, "grid_size_m": 1000}}, {"type": "Feature", "geometry": {"type": "Polygon", "coordinates": [[[26.92585064310216, 61.08268946354352], [26.944387970329107, 61.082698362285306], [26.9443722159446, 61.09167614797358], [26.925829637270947, 61.0916672459524], [26.92585064310216, 61.08268946354352]]]}, "properties": {"grid_id": "ETRS-TM35FIN-1km-N6772000-E496000", "northing_min": 6772000, "easting_min": 496000, "grid_size_m": 1000}}, {"type": "Feature", "geometry": {"type": "Polygon", "coordinates": [[[24.10952233606781, 61.060761756225816], [24.128023549928052, 61.061156684481354], [24.127211006713946, 61.07012321960992], [24.108704576191542, 61.06972814606734], [24.10952233606781, 61.060761756225816]]]}, "properties": {"grid_id": "ETRS-TM35FIN-1km-N6773000-E344000", "northing_min": 6773000, "easting_min": 344000, "grid_size_m": 1000}}, {"type": "Feature", "geometry": {"type": "Polygon", "coordinates": [[[26.239792814839372, 61.08954994343626], [26.258332601091325, 61.08965294242021], [26.25812243905868, 61.09862997038889], [26.2395774005126, 61.0985269334448], [26.239792814839372, 61.08954994343626]]]}, "properties": {"grid_id": "ETRS-TM35FIN-1km-N6773000-E459000", "northing_min": 6773000, "easting_min": 459000, "grid_size_m": 1000}}, {"type": "Feature", "geometry": {"type": "Polygon", "coordinates": [[[26.888744524526945, 61.09164181162687], [26.9072870723214, 61.091655800502124], [26.907260797901067, 61.100633566670915], [26.88871299525747, 61.10061957263944], [26.888744524526945, 61.09164181162687]]]}, "properties": {"grid_id": "ETRS-TM35FIN-1km-N6773000-E494000", "northing_min": 6773000, "easting_min": 494000, "grid_size_m": 1000}}, {"type": "Feature", "geometry": {"type": "Polygon", "coordinates": [[[28.18657652022429, 61.08647927901183], [28.205111985770714, 61.08631526852941], [28.20545340884148, 61.09529106652818], [28.186912694997428, 61.09545513744422], [28.18657652022429, 61.08647927901183]]]}, "properties": {"grid_id": "ETRS-TM35FIN-1km-N6773000-E564000", "northing_min": 6773000, "easting_min": 564000, "grid_size_m": 1000}}, {"type": "Feature", "geometry": {"type": "Polygon", "coordinates": [[[28.223647228480136, 61.08614871655492], [28.24218224492997, 61.08597962314862], [28.242534163974582, 61.09495529747273], [28.223993899642444, 61.09512445318425], [28.223647228480136, 61.08614871655492]]]}, "properties": {"grid_id": "ETRS-TM35FIN-1km-N6773000-E566000", "northing_min": 6773000, "easting_min": 566000, "grid_size_m": 1000}}, {"type": "Feature", "geometry": {"type": "Polygon", "coordinates": [[[22.501056394671323, 61.02567753783638], [22.519503838511817, 61.02629236684846], [22.518238788563327, 61.035242777952845], [22.49978617898005, 61.03462772333856], [22.501056394671323, 61.02567753783638]]]}, "properties": {"grid_id": "ETRS-TM35FIN-1km-N6774000-E257000", "northing_min": 6774000, "easting_min": 257000, "grid_size_m": 1000}}, {"type": "Feature", "geometry": {"type": "Polygon", "coordinates": [[[24.997552225673388, 61.08583180372083], [25.016080258906936, 61.08610513324894], [25.01551826573437, 61.09507753366452], [24.996984992502515, 61.094804103461556], [24.997552225673388, 61.08583180372083]]]}, "properties": {"grid_id": "ETRS-TM35FIN-1km-N6774000-E392000", "northing_min": 6774000, "easting_min": 392000, "grid_size_m": 1000}}, {"type": "Feature", "geometry": {"type": "Polygon", "coordinates": [[[25.497927832378597, 61.092320204874], [25.516464566596287, 61.09252494688489], [25.51604417116042, 61.10149971239686], [25.49750218890013, 61.101294894943], [25.497927832378597, 61.092320204874]]]}, "properties": {"grid_id": "ETRS-TM35FIN-1km-N6774000-E419000", "northing_min": 6774000, "easting_min": 419000, "grid_size_m": 1000}}, {"type": "Feature", "geometry": {"type": "Polygon", "coordinates": [[[28.242534163974582, 61.09495529747273], [28.261074198412402, 61.09478359945485], [28.261431598446492, 61.10375919729588], [28.24288631291355, 61.103930958590524], [28.242534163974582, 61.09495529747273]]]}, "properties": {"grid_id": "ETRS-TM35FIN-1km-N6774000-E567000", "northing_min": 6774000, "easting_min": 567000, "grid_size_m": 1000}}, {"type": "Feature", "geometry": {"type": "Polygon", "coordinates": [[[28.446461145189417, 61.092926806553095], [28.4649984247858, 61.09272714746897], [28.465413571925293, 61.10170198748841], [28.446871043781925, 61.101901720144426], [28.446461145189417, 61.092926806553095]]]}, "properties": {"grid_id": "ETRS-TM35FIN-1km-N6774000-E578000", "northing_min": 6774000, "easting_min": 578000, "grid_size_m": 1000}}, {"type": "Feature", "geometry": {"type": "Polygon", "coordinates": [[[23.201535515204455, 61.05622751698097], [23.22001703892356, 61.056746722246274], [23.218948123389357, 61.06570500349827], [23.20046140400698, 61.06518560742191], [23.201535515204455, 61.05622751698097]]]}, "properties": {"grid_id": "ETRS-TM35FIN-1km-N6775000-E295000", "northing_min": 6775000, "easting_min": 295000, "grid_size_m": 1000}}, {"type": "Feature", "geometry": {"type": "Polygon", "coordinates": [[[23.53430663774748, 61.06518655274144], [23.55280016928807, 61.0656602585218], [23.55182488227734, 61.07462181652836], [23.53332614401046, 61.07414793655994], [23.53430663774748, 61.06518655274144]]]}, "properties": {"grid_id": "ETRS-TM35FIN-1km-N6775000-E313000", "northing_min": 6775000, "easting_min": 313000, "grid_size_m": 1000}}, {"type": "Feature", "geometry": {"type": "Polygon", "coordinates": [[[24.496028769583585, 61.09543094871198], [24.5145560777797, 61.095773045488095], [24.51385181540148, 61.10474236676644], [24.49531927073599, 61.10440014400307], [24.496028769583585, 61.09543094871198]]]}, "properties": {"grid_id": "ETRS-TM35FIN-1km-N6776000-E365000", "northing_min": 6776000, "easting_min": 365000, "grid_size_m": 1000}}, {"type": "Feature", "geometry": {"type": "Polygon", "coordinates": [[[24.773985084850008, 61.100295857976306], [24.79251892702902, 61.10059987259728], [24.791893260882286, 61.109570971788074], [24.77335417619484, 61.1092668451704], [24.773985084850008, 61.100295857976306]]]}, "properties": {"grid_id": "ETRS-TM35FIN-1km-N6776000-E380000", "northing_min": 6776000, "easting_min": 380000, "grid_size_m": 1000}}, {"type": "Feature", "geometry": {"type": "Polygon", "coordinates": [[[24.94080407716644, 61.10294055044989], [24.959341471304953, 61.10322170370432], [24.95876300434369, 61.112193768847455], [24.94022036441258, 61.11191251200099], [24.94080407716644, 61.10294055044989]]]}, "properties": {"grid_id": "ETRS-TM35FIN-1km-N6776000-E389000", "northing_min": 6776000, "easting_min": 389000, "grid_size_m": 1000}}, {"type": "Feature", "geometry": {"type": "Polygon", "coordinates": [[[27.890991254914884, 61.12466447467869], [27.90955084543338, 61.124540953544724], [27.909808946893992, 61.133517555550526], [27.89124409147354, 61.133641122241514], [27.890991254914884, 61.12466447467869]]]}, "properties": {"grid_id": "ETRS-TM35FIN-1km-N6777000-E548000", "northing_min": 6777000, "easting_min": 548000, "grid_size_m": 1000}}, {"type": "Feature", "geometry": {"type": "Polygon", "coordinates": [[[28.429138340810567, 61.12004884198689], [28.44769164462645, 61.11985150644277], [28.448102347374302, 61.12882637915153], [28.429543784477886, 61.12902378745549], [28.429138340810567, 61.12004884198689]]]}, "properties": {"grid_id": "ETRS-TM35FIN-1km-N6777000-E577000", "northing_min": 6777000, "easting_min": 577000, "grid_size_m": 1000}}, {"type": "Feature", "geometry": {"type": "Polygon", "coordinates": [[[28.44769164462645, 61.11985150644277], [28.466244680142626, 61.11965162651795], [28.466660641722633, 61.128626425529696], [28.448102347374302, 61.12882637915153], [28.44769164462645, 61.11985150644277]]]}, "properties": {"grid_id": "ETRS-TM35FIN-1km-N6777000-E578000", "northing_min": 6777000, "easting_min": 578000, "grid_size_m": 1000}}, {"type": "Feature", "geometry": {"type": "Polygon", "coordinates": [[[28.6703093818446, 61.11728503959272], [28.688858930195394, 61.11705463301247], [28.6893379772335, 61.12602847458085], [28.670783173278377, 61.12625896609959], [28.6703093818446, 61.11728503959272]]]}, "properties": {"grid_id": "ETRS-TM35FIN-1km-N6777000-E590000", "northing_min": 6777000, "easting_min": 590000, "grid_size_m": 1000}}, {"type": "Feature", "geometry": {"type": "Polygon", "coordinates": [[[24.789386505559115, 61.145455210823826], [24.807947004677075, 61.14575724166597], [24.80732455126634, 61.15472837336546], [24.788758792150954, 61.15442623114518], [24.789386505559115, 61.145455210823826]]]}, "properties": {"grid_id": "ETRS-TM35FIN-1km-N6781000-E381000", "northing_min": 6781000, "easting_min": 381000, "grid_size_m": 1000}}, {"type": "Feature", "geometry": {"type": "Polygon", "coordinates": [[[21.38318068451728, 61.055668326370316], [21.401613790420715, 61.05643601972104], [21.40003205184614, 61.06537099410347], [21.381593804771704, 61.06460301935917], [21.38318068451728, 61.055668326370316]]]}, "properties": {"grid_id": "ETRS-TM35FIN-1km-N6782000-E197000", "northing_min": 6782000, "easting_min": 197000, "grid_size_m": 1000}}, {"type": "Feature", "geometry": {"type": "Polygon", "coordinates": [[[25.847556291455213, 61.16758299454587], [25.866139768676167, 61.16773990000949], [25.865817448969896, 61.176715817157216], [25.847228691896944, 61.176558853772974], [25.847556291455213, 61.16758299454587]]]}, "properties": {"grid_id": "ETRS-TM35FIN-1km-N6782000-E438000", "northing_min": 6782000, "easting_min": 438000, "grid_size_m": 1000}}, {"type": "Feature", "geometry": {"type": "Polygon", "coordinates": [[[25.866139768676167, 61.16773990000949], [25.884723456790816, 61.16789425530581], [25.88440641713215, 61.17687022943336], [25.865817448969896, 61.176715817157216], [25.866139768676167, 61.16773990000949]]]}, "properties": {"grid_id": "ETRS-TM35FIN-1km-N6782000-E439000", "northing_min": 6782000, "easting_min": 439000, "grid_size_m": 1000}}, {"type": "Feature", "geometry": {"type": "Polygon", "coordinates": [[[26.851280152779346, 61.17240550166916], [26.869870073136656, 61.17242464080297], [26.869833071880425, 61.18140228755804], [26.851237865693577, 61.18138314135702], [26.851280152779346, 61.17240550166916]]]}, "properties": {"grid_id": "ETRS-TM35FIN-1km-N6782000-E492000", "northing_min": 6782000, "easting_min": 492000, "grid_size_m": 1000}}, {"type": "Feature", "geometry": {"type": "Polygon", "coordinates": [[[28.765557565085047, 61.16097489204532], [28.78413181969015, 61.16073132087585], [28.784638795015052, 61.16970465141439], [28.766059269109068, 61.16994831245778], [28.765557565085047, 61.16097489204532]]]}, "properties": {"grid_id": "ETRS-TM35FIN-1km-N6782000-E595000", "northing_min": 6782000, "easting_min": 595000, "grid_size_m": 1000}}, {"type": "Feature", "geometry": {"type": "Polygon", "coordinates": [[[23.878721199311087, 61.145470005700766], [23.897268055002733, 61.145896879569186], [23.896387216600445, 61.154861415915676], [23.877835116416488, 61.154434384747404], [23.878721199311087, 61.145470005700766]]]}, "properties": {"grid_id": "ETRS-TM35FIN-1km-N6783000-E332000", "northing_min": 6783000, "easting_min": 332000, "grid_size_m": 1000}}, {"type": "Feature", "geometry": {"type": "Polygon", "coordinates": [[[28.357232715950456, 61.17466390039545], [28.375818670504575, 61.17447632843036], [28.376209867854435, 61.183451405786165], [28.357618632592853, 61.18363904699693], [28.357232715950456, 61.17466390039545]]]}, "properties": {"grid_id": "ETRS-TM35FIN-1km-N6783000-E573000", "northing_min": 6783000, "easting_min": 573000, "grid_size_m": 1000}}, {"type": "Feature", "geometry": {"type": "Polygon", "coordinates": [[[24.546049054620948, 61.16820572269906], [24.564619728471108, 61.16854119265431], [24.563927569170225, 61.17751075371323], [24.54535163022156, 61.177175160007636], [24.546049054620948, 61.16820572269906]]]}, "properties": {"grid_id": "ETRS-TM35FIN-1km-N6784000-E368000", "northing_min": 6784000, "easting_min": 368000, "grid_size_m": 1000}}, {"type": "Feature", "geometry": {"type": "Polygon", "coordinates": [[[25.66097285543982, 61.18382413690485], [25.679564592787926, 61.18400667544264], [25.679188992400498, 61.192981944371915], [25.660591970423663, 61.19279933843165], [25.66097285543982, 61.18382413690485]]]}, "properties": {"grid_id": "ETRS-TM35FIN-1km-N6784000-E428000", "northing_min": 6784000, "easting_min": 428000, "grid_size_m": 1000}}, {"type": "Feature", "geometry": {"type": "Polygon", "coordinates": [[[25.679564592787926, 61.18400667544264], [25.698156575995537, 61.1841866625439], [25.697786260464976, 61.193161997934304], [25.679188992400498, 61.192981944371915], [25.679564592787926, 61.18400667544264]]]}, "properties": {"grid_id": "ETRS-TM35FIN-1km-N6784000-E429000", "northing_min": 6784000, "easting_min": 429000, "grid_size_m": 1000}}, {"type": "Feature", "geometry": {"type": "Polygon", "coordinates": [[[25.716748801606418, 61.18436409814318], [25.73534126616408, 61.1845389821759], [25.734981521018888, 61.193514447664256], [25.716383771157673, 61.19333949905329], [25.716748801606418, 61.18436409814318]]]}, "properties": {"grid_id": "ETRS-TM35FIN-1km-N6784000-E431000", "northing_min": 6784000, "easting_min": 431000, "grid_size_m": 1000}}, {"type": "Feature", "geometry": {"type": "Polygon", "coordinates": [[[26.86979604638368, 61.19037992230686], [26.88839656612593, 61.19039652182358], [26.888364809147152, 61.199374150700436], [26.869758996623922, 61.19935754505181], [26.86979604638368, 61.19037992230686]]]}, "properties": {"grid_id": "ETRS-TM35FIN-1km-N6784000-E493000", "northing_min": 6784000, "easting_min": 493000, "grid_size_m": 1000}}, {"type": "Feature", "geometry": {"type": "Polygon", "coordinates": [[[26.032575221571268, 61.19596643523955], [26.051176507709823, 61.196097982230754], [26.050906466694496, 61.2050743887687], [26.032299888509282, 61.204942793184316], [26.032575221571268, 61.19596643523955]]]}, "properties": {"grid_id": "ETRS-TM35FIN-1km-N6785000-E448000", "northing_min": 6785000, "easting_min": 448000, "grid_size_m": 1000}}, {"type": "Feature", "geometry": {"type": "Polygon", "coordinates": [[[26.069777970698773, 61.19622697570994], [26.088379607073847, 61.196353415630135], [26.08812015064127, 61.20532991652581], [26.069513221894322, 61.205203429898205], [26.069777970698773, 61.19622697570994]]]}, "properties": {"grid_id": "ETRS-TM35FIN-1km-N6785000-E450000", "northing_min": 6785000, "easting_min": 450000, "grid_size_m": 1000}}, {"type": "Feature", "geometry": {"type": "Polygon", "coordinates": [[[26.088379607073847, 61.196353415630135], [26.106981413370566, 61.19647730194536], [26.10672724946765, 61.20545384860548], [26.08812015064127, 61.20532991652581], [26.088379607073847, 61.196353415630135]]]}, "properties": {"grid_id": "ETRS-TM35FIN-1km-N6785000-E451000", "northing_min": 6785000, "easting_min": 451000, "grid_size_m": 1000}}, {"type": "Feature", "geometry": {"type": "Polygon", "coordinates": [[[28.74847325482721, 61.18813640047726], [28.76706366269169, 61.18789511006047], [28.76756635285966, 61.19686848725098], [28.748970663045256, 61.19710986675459], [28.74847325482721, 61.18813640047726]]]}, "properties": {"grid_id": "ETRS-TM35FIN-1km-N6785000-E594000", "northing_min": 6785000, "easting_min": 594000, "grid_size_m": 1000}}, {"type": "Feature", "geometry": {"type": "Polygon", "coordinates": [[[23.894623812010252, 61.172790430292025], [23.913186988229747, 61.17321523360545], [23.912309676242426, 61.18217986826016], [23.893741244756328, 61.181754908312705], [23.894623812010252, 61.172790430292025]]]}, "properties": {"grid_id": "ETRS-TM35FIN-1km-N6786000-E333000", "northing_min": 6786000, "easting_min": 333000, "grid_size_m": 1000}}, {"type": "Feature", "geometry": {"type": "Polygon", "coordinates": [[[25.08368027442343, 61.19484560595372], [25.102273232942224, 61.19510739466277], [25.101733224354092, 61.20408010714538], [25.083134982965262, 61.20381822177445], [25.08368027442343, 61.19484560595372]]]}, "properties": {"grid_id": "ETRS-TM35FIN-1km-N6786000-E397000", "northing_min": 6786000, "easting_min": 397000, "grid_size_m": 1000}}, {"type": "Feature", "geometry": {"type": "Polygon", "coordinates": [[[25.71601850154037, 61.202314886698225], [25.73462154016512, 61.20248989992416], [25.73426132338396, 61.21146533895686], [25.715652992532487, 61.21129026107922], [25.71601850154037, 61.202314886698225]]]}, "properties": {"grid_id": "ETRS-TM35FIN-1km-N6786000-E431000", "northing_min": 6786000, "easting_min": 431000, "grid_size_m": 1000}}, {"type": "Feature", "geometry": {"type": "Polygon", "coordinates": [[[25.73462154016512, 61.20248989992416], [25.753224814717207, 61.20266235963638], [25.752869890381856, 61.21163786237821], [25.73426132338396, 61.21146533895686], [25.73462154016512, 61.20248989992416]]]}, "properties": {"grid_id": "ETRS-TM35FIN-1km-N6786000-E432000", "northing_min": 6786000, "easting_min": 432000, "grid_size_m": 1000}}, {"type": "Feature", "geometry": {"type": "Polygon", "coordinates": [[[26.10672724946765, 61.20545384860548], [26.12533451490557, 61.20557522609205], [26.12508548054339, 61.21455180499455], [26.106472918953163, 61.214430382661], [26.10672724946765, 61.20545384860548]]]}, "properties": {"grid_id": "ETRS-TM35FIN-1km-N6786000-E452000", "northing_min": 6786000, "easting_min": 452000, "grid_size_m": 1000}}, {"type": "Feature", "geometry": {"type": "Polygon", "coordinates": [[[26.98138881830179, 61.208396491678414], [27.0, 61.208397769511215], [27.0, 61.217375391394555], [26.98138351851121, 61.21737411308951], [26.98138881830179, 61.208396491678414]]]}, "properties": {"grid_id": "ETRS-TM35FIN-1km-N6786000-E499000", "northing_min": 6786000, "easting_min": 499000, "grid_size_m": 1000}}, {"type": "Feature", "geometry": {"type": "Polygon", "coordinates": [[[28.71177830926184, 61.197584971008105], [28.73037464736096, 61.197348694702576], [28.730867095741917, 61.20632223482003], [28.712265471636517, 61.20655859838112], [28.71177830926184, 61.197584971008105]]]}, "properties": {"grid_id": "ETRS-TM35FIN-1km-N6786000-E592000", "northing_min": 6786000, "easting_min": 592000, "grid_size_m": 1000}}, {"type": "Feature", "geometry": {"type": "Polygon", "coordinates": [[[28.73037464736096, 61.197348694702576], [28.748970663045256, 61.19710986675459], [28.749468397133256, 61.20608331867549], [28.730867095741917, 61.20632223482003], [28.73037464736096, 61.197348694702576]]]}, "properties": {"grid_id": "ETRS-TM35FIN-1km-N6786000-E593000", "northing_min": 6786000, "easting_min": 593000, "grid_size_m": 1000}}, {"type": "Feature", "geometry": {"type": "Polygon", "coordinates": [[[21.57833944306666, 61.108663203896555], [21.596809452135975, 61.109404630713826], [21.59527936144478, 61.118342468403426], [21.576804184498226, 61.1176007694136], [21.57833944306666, 61.108663203896555]]]}, "properties": {"grid_id": "ETRS-TM35FIN-1km-N6787000-E208000", "northing_min": 6787000, "easting_min": 208000, "grid_size_m": 1000}}, {"type": "Feature", "geometry": {"type": "Polygon", "coordinates": [[[25.4737677576098, 61.20878182343095], [25.492372703220216, 61.208990103099026], [25.49194342456169, 61.21796461441224], [25.47333318640224, 61.217756257800296], [25.4737677576098, 61.20878182343095]]]}, "properties": {"grid_id": "ETRS-TM35FIN-1km-N6787000-E418000", "northing_min": 6787000, "easting_min": 418000, "grid_size_m": 1000}}, {"type": "Feature", "geometry": {"type": "Polygon", "coordinates": [[[26.050636248664524, 61.21405078262229], [26.06924829954272, 61.21417987142923], [26.06898320348276, 61.22315630030476], [26.05036585345549, 61.223027163793255], [26.050636248664524, 61.21405078262229]]]}, "properties": {"grid_id": "ETRS-TM35FIN-1km-N6787000-E449000", "northing_min": 6787000, "easting_min": 449000, "grid_size_m": 1000}}, {"type": "Feature", "geometry": {"type": "Polygon", "coordinates": [[[26.106472918953163, 61.214430382661], [26.12508548054339, 61.21455180499455], [26.124836282886175, 61.22352837131976], [26.106218421672338, 61.22340690411369], [26.106472918953163, 61.214430382661]]]}, "properties": {"grid_id": "ETRS-TM35FIN-1km-N6787000-E452000", "northing_min": 6787000, "easting_min": 452000, "grid_size_m": 1000}}, {"type": "Feature", "geometry": {"type": "Polygon", "coordinates": [[[27.40955643720485, 61.21675670084116], [27.428172039347906, 61.216699178883566], [27.42829400793733, 61.22567653884366], [27.409673103345124, 61.22573408206193], [27.40955643720485, 61.21675670084116]]]}, "properties": {"grid_id": "ETRS-TM35FIN-1km-N6787000-E522000", "northing_min": 6787000, "easting_min": 522000, "grid_size_m": 1000}}, {"type": "Feature", "geometry": {"type": "Polygon", "coordinates": [[[28.730867095741917, 61.20632223482003], [28.749468397133256, 61.20608331867549], [28.749966457393647, 61.21505675624017], [28.731359866836993, 61.2152957606314], [28.730867095741917, 61.20632223482003]]]}, "properties": {"grid_id": "ETRS-TM35FIN-1km-N6787000-E593000", "northing_min": 6787000, "easting_min": 593000, "grid_size_m": 1000}}, {"type": "Feature", "geometry": {"type": "Polygon", "coordinates": [[[21.539856831963057, 61.11610981717032], [21.558330006900995, 61.116856552246716], [21.556788578713565, 61.12579380988882], [21.538310234428, 61.12504680066364], [21.539856831963057, 61.11610981717032]]]}, "properties": {"grid_id": "ETRS-TM35FIN-1km-N6788000-E206000", "northing_min": 6788000, "easting_min": 206000, "grid_size_m": 1000}}, {"type": "Feature", "geometry": {"type": "Polygon", "coordinates": [[[25.13840097636913, 61.213569110807754], [25.157005556166247, 61.21382343448844], [25.15648071090867, 61.222796402084626], [25.137870840351987, 61.222541984456385], [25.13840097636913, 61.213569110807754]]]}, "properties": {"grid_id": "ETRS-TM35FIN-1km-N6788000-E400000", "northing_min": 6788000, "easting_min": 400000, "grid_size_m": 1000}}, {"type": "Feature", "geometry": {"type": "Polygon", "coordinates": [[[26.013131688905638, 61.222761221791586], [26.031748680771877, 61.222895470939534], [26.031472805760966, 61.23187179075344], [26.012850511604608, 61.231737491984845], [26.013131688905638, 61.222761221791586]]]}, "properties": {"grid_id": "ETRS-TM35FIN-1km-N6788000-E447000", "northing_min": 6788000, "easting_min": 447000, "grid_size_m": 1000}}, {"type": "Feature", "geometry": {"type": "Polygon", "coordinates": [[[28.154412528050326, 61.22143795460332], [28.17302752073587, 61.2212781453587], [28.173361710985578, 61.23025386741127], [28.15474141786783, 61.230413735718415], [28.154412528050326, 61.22143795460332]]]}, "properties": {"grid_id": "ETRS-TM35FIN-1km-N6788000-E562000", "northing_min": 6788000, "easting_min": 562000, "grid_size_m": 1000}}, {"type": "Feature", "geometry": {"type": "Polygon", "coordinates": [[[21.482881256170387, 61.122790662752244], [21.501356569846315, 61.123545226825456], [21.49979862288011, 61.13248162401378], [21.481318139331517, 61.13172678290311], [21.482881256170387, 61.122790662752244]]]}, "properties": {"grid_id": "ETRS-TM35FIN-1km-N6789000-E203000", "northing_min": 6789000, "easting_min": 203000, "grid_size_m": 1000}}, {"type": "Feature", "geometry": {"type": "Polygon", "coordinates": [[[24.04062190379213, 61.2030147063396], [24.05920536002804, 61.20341961015146], [24.05836846786821, 61.21238540823984], [24.03977974192072, 61.21198035501097], [24.04062190379213, 61.2030147063396]]]}, "properties": {"grid_id": "ETRS-TM35FIN-1km-N6789000-E341000", "northing_min": 6789000, "easting_min": 341000, "grid_size_m": 1000}}, {"type": "Feature", "geometry": {"type": "Polygon", "coordinates": [[[25.621830297239338, 61.22832659071879], [25.64044798793273, 61.22851457874888], [25.64006055113941, 61.23748964485561], [25.621437558958288, 61.2373015873432], [25.621830297239338, 61.22832659071879]]]}, "properties": {"grid_id": "ETRS-TM35FIN-1km-N6789000-E426000", "northing_min": 6789000, "easting_min": 426000, "grid_size_m": 1000}}, {"type": "Feature", "geometry": {"type": "Polygon", "coordinates": [[[25.733540181162894, 61.22941617734557], [25.752159343455645, 61.229588828293934], [25.751803720432243, 61.2385642914704], [25.733179255284004, 61.238391576704046], [25.733540181162894, 61.22941617734557]]]}, "properties": {"grid_id": "ETRS-TM35FIN-1km-N6789000-E432000", "northing_min": 6789000, "easting_min": 432000, "grid_size_m": 1000}}, {"type": "Feature", "geometry": {"type": "Polygon", "coordinates": [[[21.462838673539277, 61.130969423139994], [21.481318139331517, 61.13172678290311], [21.47975400473611, 61.14066286760496], [21.461269366695888, 61.13990522973705], [21.462838673539277, 61.130969423139994]]]}, "properties": {"grid_id": "ETRS-TM35FIN-1km-N6790000-E202000", "northing_min": 6790000, "easting_min": 202000, "grid_size_m": 1000}}, {"type": "Feature", "geometry": {"type": "Polygon", "coordinates": [[[25.379363371773106, 61.23462418896005], [25.39798274349964, 61.234845480349065], [25.397526107618937, 61.243819555614145], [25.37890143429548, 61.243598182431015], [25.379363371773106, 61.23462418896005]]]}, "properties": {"grid_id": "ETRS-TM35FIN-1km-N6790000-E413000", "northing_min": 6790000, "easting_min": 413000, "grid_size_m": 1000}}, {"type": "Feature", "geometry": {"type": "Polygon", "coordinates": [[[26.068186871437742, 61.25008551101631], [26.086820314123887, 61.25021223158012], [26.08655983484088, 61.25918865671877], [26.06792107892834, 61.25906188928773], [26.068186871437742, 61.25008551101631]]]}, "properties": {"grid_id": "ETRS-TM35FIN-1km-N6791000-E450000", "northing_min": 6791000, "easting_min": 450000, "grid_size_m": 1000}}, {"type": "Feature", "geometry": {"type": "Polygon", "coordinates": [[[24.46600992038182, 61.23858937630074], [24.48462095305001, 61.23893605029084], [24.483903989957277, 61.247904975739424], [24.46528766634909, 61.24755817367342], [24.46600992038182, 61.23858937630074]]]}, "properties": {"grid_id": "ETRS-TM35FIN-1km-N6792000-E364000", "northing_min": 6792000, "easting_min": 364000, "grid_size_m": 1000}}, {"type": "Feature", "geometry": {"type": "Polygon", "coordinates": [[[25.024531204503482, 61.24787863198358], [25.043154824892355, 61.24814867034137], [25.04259677848685, 61.25712100035373], [25.02396785546222, 61.256850862173664], [25.024531204503482, 61.24787863198358]]]}, "properties": {"grid_id": "ETRS-TM35FIN-1km-N6792000-E394000", "northing_min": 6792000, "easting_min": 394000, "grid_size_m": 1000}}, {"type": "Feature", "geometry": {"type": "Polygon", "coordinates": [[[24.558373951806985, 61.24926664506578], [24.576992591826315, 61.24960067704248], [24.57630163701177, 61.25857021223615], [24.557677700442206, 61.25823605681603], [24.558373951806985, 61.24926664506578]]]}, "properties": {"grid_id": "ETRS-TM35FIN-1km-N6793000-E369000", "northing_min": 6793000, "easting_min": 369000, "grid_size_m": 1000}}, {"type": "Feature", "geometry": {"type": "Polygon", "coordinates": [[[24.576992591826315, 61.24960067704248], [24.595611684747606, 61.249932154632305], [24.59492602690412, 61.25890181232798], [24.57630163701177, 61.25857021223615], [24.576992591826315, 61.24960067704248]]]}, "properties": {"grid_id": "ETRS-TM35FIN-1km-N6793000-E370000", "northing_min": 6793000, "easting_min": 370000, "grid_size_m": 1000}}, {"type": "Feature", "geometry": {"type": "Polygon", "coordinates": [[[24.63285121545025, 61.250587446168744], [24.651471646307396, 61.25091125987645], [24.650801881870013, 61.2598812794288], [24.632176152798547, 61.25955734604386], [24.63285121545025, 61.250587446168744]]]}, "properties": {"grid_id": "ETRS-TM35FIN-1km-N6793000-E373000", "northing_min": 6793000, "easting_min": 373000, "grid_size_m": 1000}}, {"type": "Feature", "geometry": {"type": "Polygon", "coordinates": [[[24.819074865721234, 61.25371060046861], [24.837699531202116, 61.2540088603683], [24.837082770819478, 61.26298002487714], [24.818452803188478, 61.26268165472271], [24.819074865721234, 61.25371060046861]]]}, "properties": {"grid_id": "ETRS-TM35FIN-1km-N6793000-E383000", "northing_min": 6793000, "easting_min": 383000, "grid_size_m": 1000}}, {"type": "Feature", "geometry": {"type": "Polygon", "coordinates": [[[22.233049053961043, 61.205340158369694], [22.251594480192285, 61.205992710614055], [22.250243987502532, 61.21493950289051], [22.23169333546711, 61.21428671034094], [22.233049053961043, 61.205340158369694]]]}, "properties": {"grid_id": "ETRS-TM35FIN-1km-N6795000-E244000", "northing_min": 6795000, "easting_min": 244000, "grid_size_m": 1000}}, {"type": "Feature", "geometry": {"type": "Polygon", "coordinates": [[[25.582171674353155, 61.2817918728928], [25.6008207049502, 61.28198540157541], [25.600421094982384, 61.29096024683779], [25.581766742486696, 61.290766646540746], [25.582171674353155, 61.2817918728928]]]}, "properties": {"grid_id": "ETRS-TM35FIN-1km-N6795000-E424000", "northing_min": 6795000, "easting_min": 424000, "grid_size_m": 1000}}, {"type": "Feature", "geometry": {"type": "Polygon", "coordinates": [[[26.253677117113245, 61.287144687259186], [26.27233339133621, 61.287245962930974], [26.272125507167402, 61.29622275517943], [26.253463904299167, 61.29612144201835], [26.253677117113245, 61.287144687259186]]]}, "properties": {"grid_id": "ETRS-TM35FIN-1km-N6795000-E460000", "northing_min": 6795000, "easting_min": 460000, "grid_size_m": 1000}}, {"type": "Feature", "geometry": {"type": "Polygon", "coordinates": [[[25.525805295489736, 61.2901704713972], [25.544458839247405, 61.29037175874821], [25.544042991257196, 61.299346372716315], [25.525384122860714, 61.299145010867655], [25.525805295489736, 61.2901704713972]]]}, "properties": {"grid_id": "ETRS-TM35FIN-1km-N6796000-E421000", "northing_min": 6796000, "easting_min": 421000, "grid_size_m": 1000}}, {"type": "Feature", "geometry": {"type": "Polygon", "coordinates": [[[21.748204941696386, 61.20536512047607], [21.766736671718387, 61.20608399728259], [21.765248640956194, 61.21502417592543], [21.746711700686156, 61.214305034585166], [21.748204941696386, 61.20536512047607]]]}, "properties": {"grid_id": "ETRS-TM35FIN-1km-N6797000-E218000", "northing_min": 6797000, "easting_min": 218000, "grid_size_m": 1000}}, {"type": "Feature", "geometry": {"type": "Polygon", "coordinates": [[[22.470341721604978, 61.24047435464776], [22.488914066467952, 61.2410946333233], [22.487629063959066, 61.25004438233475], [22.469051472770825, 61.249423874983265], [22.470341721604978, 61.24047435464776]]]}, "properties": {"grid_id": "ETRS-TM35FIN-1km-N6798000-E257000", "northing_min": 6798000, "easting_min": 257000, "grid_size_m": 1000}}, {"type": "Feature", "geometry": {"type": "Polygon", "coordinates": [[[24.685413658476115, 61.29640234178415], [24.704061927955053, 61.29671907547069], [24.70340591130006, 61.305689368127965], [24.684752325022266, 61.30537251725657], [24.685413658476115, 61.29640234178415]]]}, "properties": {"grid_id": "ETRS-TM35FIN-1km-N6798000-E376000", "northing_min": 6798000, "easting_min": 376000, "grid_size_m": 1000}}, {"type": "Feature", "geometry": {"type": "Polygon", "coordinates": [[[28.754965066284935, 61.30479034233136], [28.77362440988215, 61.30454788982285], [28.774131405219354, 61.31352107973122], [28.755466734510566, 61.31376362198854], [28.754965066284935, 61.30479034233136]]]}, "properties": {"grid_id": "ETRS-TM35FIN-1km-N6798000-E594000", "northing_min": 6798000, "easting_min": 594000, "grid_size_m": 1000}}, {"type": "Feature", "geometry": {"type": "Polygon", "coordinates": [[[24.889964907310883, 61.308717010106385], [24.908623043534845, 61.3090056851938], [24.908025144708414, 61.31797718914823], [24.889361683964477, 61.31768840721291], [24.889964907310883, 61.308717010106385]]]}, "properties": {"grid_id": "ETRS-TM35FIN-1km-N6799000-E387000", "northing_min": 6799000, "easting_min": 387000, "grid_size_m": 1000}}, {"type": "Feature", "geometry": {"type": "Polygon", "coordinates": [[[24.665432085412615, 61.31402314677618], [24.684090557024895, 61.3143426766027], [24.683428354079386, 61.32331281982099], [24.66476455910277, 61.322993171730076], [24.665432085412615, 61.31402314677618]]]}, "properties": {"grid_id": "ETRS-TM35FIN-1km-N6800000-E375000", "northing_min": 6800000, "easting_min": 375000, "grid_size_m": 1000}}, {"type": "Feature", "geometry": {"type": "Polygon", "coordinates": [[[25.878984817038486, 61.32945980840747], [25.897664288290727, 61.329612627078184], [25.897348824492237, 61.33858842482614], [25.87866401030072, 61.33843554953868], [25.878984817038486, 61.32945980840747]]]}, "properties": {"grid_id": "ETRS-TM35FIN-1km-N6800000-E440000", "northing_min": 6800000, "easting_min": 440000, "grid_size_m": 1000}}, {"type": "Feature", "geometry": {"type": "Polygon", "coordinates": [[[25.29907027020293, 61.34139640987222], [25.317752245214756, 61.34162895446155], [25.317270623341102, 61.35060252702338], [25.298583305997248, 61.35036989627836], [25.29907027020293, 61.34139640987222]]]}, "properties": {"grid_id": "ETRS-TM35FIN-1km-N6802000-E409000", "northing_min": 6802000, "easting_min": 409000, "grid_size_m": 1000}}, {"type": "Feature", "geometry": {"type": "Polygon", "coordinates": [[[22.94771135452753, 61.300551211791884], [22.96633080130464, 61.30110641225137], [22.965178698336224, 61.3100616579371], [22.946553968892754, 61.309506252390925], [22.94771135452753, 61.300551211791884]]]}, "properties": {"grid_id": "ETRS-TM35FIN-1km-N6803000-E283000", "northing_min": 6803000, "easting_min": 283000, "grid_size_m": 1000}}, {"type": "Feature", "geometry": {"type": "Polygon", "coordinates": [[[26.214569906333537, 61.358747512916906], [26.233268622275897, 61.358854231143184], [26.233048927902416, 61.36783084817984], [26.21434485547501, 61.367724090386425], [26.214569906333537, 61.358747512916906]]]}, "properties": {"grid_id": "ETRS-TM35FIN-1km-N6803000-E458000", "northing_min": 6803000, "easting_min": 458000, "grid_size_m": 1000}}, {"type": "Feature", "geometry": {"type": "Polygon", "coordinates": [[[22.87206267843778, 61.30725912623493], [22.890684350086307, 61.3078247329609], [22.889510351091918, 61.316779127623064], [22.870883396181224, 61.31621331195472], [22.87206267843778, 61.30725912623493]]]}, "properties": {"grid_id": "ETRS-TM35FIN-1km-N6804000-E279000", "northing_min": 6804000, "easting_min": 279000, "grid_size_m": 1000}}, {"type": "Feature", "geometry": {"type": "Polygon", "coordinates": [[[23.54290314413535, 61.32601306420464], [23.561550352582376, 61.32648674858043], [23.56056700243469, 61.33544804146425], [23.541914486990485, 61.334974181894204], [23.54290314413535, 61.32601306420464]]]}, "properties": {"grid_id": "ETRS-TM35FIN-1km-N6804000-E315000", "northing_min": 6804000, "easting_min": 315000, "grid_size_m": 1000}}, {"type": "Feature", "geometry": {"type": "Polygon", "coordinates": [[[23.50461140822517, 61.3340187902264], [23.523262621099338, 61.334497764756875], [23.52226800454393, 61.3434586849596], [23.50361148242006, 61.342979533253605], [23.50461140822517, 61.3340187902264]]]}, "properties": {"grid_id": "ETRS-TM35FIN-1km-N6805000-E313000", "northing_min": 6805000, "easting_min": 313000, "grid_size_m": 1000}}, {"type": "Feature", "geometry": {"type": "Polygon", "coordinates": [[[23.616528411435237, 61.33685427304237], [23.635183490437516, 61.33731790061968], [23.63422074202958, 61.34627986411735], [23.615560350179493, 61.345816065010446], [23.616528411435237, 61.33685427304237]]]}, "properties": {"grid_id": "ETRS-TM35FIN-1km-N6805000-E319000", "northing_min": 6805000, "easting_min": 319000, "grid_size_m": 1000}}, {"type": "Feature", "geometry": {"type": "Polygon", "coordinates": [[[23.69115250690368, 61.33869343213135], [23.70981009398182, 61.339146825002736], [23.708868602818022, 61.348109465202235], [23.690205700557314, 61.34765590456815], [23.69115250690368, 61.33869343213135]]]}, "properties": {"grid_id": "ETRS-TM35FIN-1km-N6805000-E323000", "northing_min": 6805000, "easting_min": 323000, "grid_size_m": 1000}}, {"type": "Feature", "geometry": {"type": "Polygon", "coordinates": [[[26.083157982266243, 61.37588103576969], [26.101866301744625, 61.3760058423497], [26.101608775983866, 61.38498213726428], [26.082895094001778, 61.38485728439433], [26.083157982266243, 61.37588103576969]]]}, "properties": {"grid_id": "ETRS-TM35FIN-1km-N6805000-E451000", "northing_min": 6805000, "easting_min": 451000, "grid_size_m": 1000}}, {"type": "Feature", "geometry": {"type": "Polygon", "coordinates": [[[22.83244118379905, 61.32402776827073], [22.85107187303527, 61.32459889609469], [22.849885753146836, 61.33355282129021], [22.831249775217465, 61.332981482415484], [22.83244118379905, 61.32402776827073]]]}, "properties": {"grid_id": "ETRS-TM35FIN-1km-N6806000-E277000", "northing_min": 6806000, "easting_min": 277000, "grid_size_m": 1000}}, {"type": "Feature", "geometry": {"type": "Polygon", "coordinates": [[[23.783526366313108, 61.34989810573674], [23.802192328422194, 61.350338864551425], [23.801276820201725, 61.35930230952319], [23.78260553658639, 61.35886138756461], [23.783526366313108, 61.34989810573674]]]}, "properties": {"grid_id": "ETRS-TM35FIN-1km-N6806000-E328000", "northing_min": 6806000, "easting_min": 328000, "grid_size_m": 1000}}, {"type": "Feature", "geometry": {"type": "Polygon", "coordinates": [[[23.802192328422194, 61.350338864551425], [23.820858892071826, 61.35077706251438], [23.819948705917945, 61.35974066968673], [23.801276820201725, 61.35930230952319], [23.802192328422194, 61.350338864551425]]]}, "properties": {"grid_id": "ETRS-TM35FIN-1km-N6806000-E329000", "northing_min": 6806000, "easting_min": 329000, "grid_size_m": 1000}}, {"type": "Feature", "geometry": {"type": "Polygon", "coordinates": [[[26.868975306762284, 61.387884854050306], [26.88769307408918, 61.387901589279934], [26.88766085464939, 61.39687895475661], [26.868937717466036, 61.396862213317554], [26.868975306762284, 61.387884854050306]]]}, "properties": {"grid_id": "ETRS-TM35FIN-1km-N6806000-E493000", "northing_min": 6806000, "easting_min": 493000, "grid_size_m": 1000}}, {"type": "Feature", "geometry": {"type": "Polygon", "coordinates": [[[22.94307725337935, 61.33637122584493], [22.96171785144721, 61.3369272473514], [22.960562720813236, 61.345882394576776], [22.941916826318298, 61.345326167516426], [22.94307725337935, 61.33637122584493]]]}, "properties": {"grid_id": "ETRS-TM35FIN-1km-N6807000-E283000", "northing_min": 6807000, "easting_min": 283000, "grid_size_m": 1000}}, {"type": "Feature", "geometry": {"type": "Polygon", "coordinates": [[[22.96171785144721, 61.3369272473514], [22.980359207486128, 61.33748071524707], [22.9792093739839, 61.34643606708957], [22.960562720813236, 61.345882394576776], [22.96171785144721, 61.3369272473514]]]}, "properties": {"grid_id": "ETRS-TM35FIN-1km-N6807000-E284000", "northing_min": 6807000, "easting_min": 284000, "grid_size_m": 1000}}, {"type": "Feature", "geometry": {"type": "Polygon", "coordinates": [[[25.520732896764592, 61.39786404420411], [25.539450567624403, 61.39806622834292], [25.53903142283694, 61.40704067905645], [25.520308385173905, 61.40683841990692], [25.520732896764592, 61.39786404420411]]]}, "properties": {"grid_id": "ETRS-TM35FIN-1km-N6808000-E421000", "northing_min": 6808000, "easting_min": 421000, "grid_size_m": 1000}}, {"type": "Feature", "geometry": {"type": "Polygon", "coordinates": [[[26.793986344617373, 61.40574680465164], [26.812714734685628, 61.405773858438145], [26.812660965115818, 61.41475116942279], [26.793927198218274, 61.414724105594274], [26.793986344617373, 61.40574680465164]]]}, "properties": {"grid_id": "ETRS-TM35FIN-1km-N6808000-E489000", "northing_min": 6808000, "easting_min": 489000, "grid_size_m": 1000}}, {"type": "Feature", "geometry": {"type": "Polygon", "coordinates": [[[27.318383052974355, 61.40553037561542], [27.33711109569145, 61.40548528651385], [27.337207878688364, 61.414462490385155], [27.318474459466994, 61.41450759622295], [27.318383052974355, 61.40553037561542]]]}, "properties": {"grid_id": "ETRS-TM35FIN-1km-N6808000-E517000", "northing_min": 6808000, "easting_min": 517000, "grid_size_m": 1000}}, {"type": "Feature", "geometry": {"type": "Polygon", "coordinates": [[[23.369919109769057, 61.36643214910831], [23.38858689500389, 61.36692975608653], [23.387552411360414, 61.37588932796442], [23.368879307356085, 61.3753915368111], [23.369919109769057, 61.36643214910831]]]}, "properties": {"grid_id": "ETRS-TM35FIN-1km-N6809000-E306000", "northing_min": 6809000, "easting_min": 306000, "grid_size_m": 1000}}, {"type": "Feature", "geometry": {"type": "Polygon", "coordinates": [[[23.799443996896706, 61.377229139725316], [23.818126537193027, 61.377667824567936], [23.817214553505643, 61.38663137226675], [23.798526680689367, 61.386192524945415], [23.799443996896706, 61.377229139725316]]]}, "properties": {"grid_id": "ETRS-TM35FIN-1km-N6809000-E329000", "northing_min": 6809000, "easting_min": 329000, "grid_size_m": 1000}}, {"type": "Feature", "geometry": {"type": "Polygon", "coordinates": [[[25.127194700970342, 61.40199637685065], [25.14591111810201, 61.402252684721574], [25.145378979174318, 61.411225345382014], [25.126657197894787, 61.41096894243042], [25.127194700970342, 61.40199637685065]]]}, "properties": {"grid_id": "ETRS-TM35FIN-1km-N6809000-E400000", "northing_min": 6809000, "easting_min": 400000, "grid_size_m": 1000}}, {"type": "Feature", "geometry": {"type": "Polygon", "coordinates": [[[23.20085256224915, 61.37079620853746], [23.21951938642608, 61.37131703903116], [23.218436345399077, 61.380274896381124], [23.199764204828455, 61.37975387313464], [23.20085256224915, 61.37079620853746]]]}, "properties": {"grid_id": "ETRS-TM35FIN-1km-N6810000-E297000", "northing_min": 6810000, "easting_min": 297000, "grid_size_m": 1000}}, {"type": "Feature", "geometry": {"type": "Polygon", "coordinates": [[[25.688448928204707, 61.41754106244083], [25.707179698746845, 61.41772021375093], [25.706808377033816, 61.426695270156955], [25.688072230404593, 61.426516052347104], [25.688448928204707, 61.41754106244083]]]}, "properties": {"grid_id": "ETRS-TM35FIN-1km-N6810000-E430000", "northing_min": 6810000, "easting_min": 430000, "grid_size_m": 1000}}, {"type": "Feature", "geometry": {"type": "Polygon", "coordinates": [[[27.093696641913187, 61.42382516115039], [27.112435931232966, 61.4238109795264], [27.11246823578108, 61.432788297237686], [27.093723562400427, 61.43280248412787], [27.093696641913187, 61.42382516115039]]]}, "properties": {"grid_id": "ETRS-TM35FIN-1km-N6810000-E505000", "northing_min": 6810000, "easting_min": 505000, "grid_size_m": 1000}}, {"type": "Feature", "geometry": {"type": "Polygon", "coordinates": [[[29.172840701574387, 61.40651653454025], [29.191555977858524, 61.40621639172823], [29.192185032499385, 61.41518717954393], [29.17346439461816, 61.415487433686465], [29.172840701574387, 61.40651653454025]]]}, "properties": {"grid_id": "ETRS-TM35FIN-1km-N6810000-E616000", "northing_min": 6810000, "easting_min": 616000, "grid_size_m": 1000}}, {"type": "Feature", "geometry": {"type": "Polygon", "coordinates": [[[22.91976992933104, 61.371631442373804], [22.938430969555753, 61.37219084395607], [22.937267489743117, 61.38114568654538], [22.918601139991377, 61.38058607800153], [22.91976992933104, 61.371631442373804]]]}, "properties": {"grid_id": "ETRS-TM35FIN-1km-N6811000-E282000", "northing_min": 6811000, "easting_min": 282000, "grid_size_m": 1000}}, {"type": "Feature", "geometry": {"type": "Polygon", "coordinates": [[[29.15474334550033, 61.41578511478221], [29.17346439461816, 61.415487433686465], [29.174088498898627, 61.424458317213734], [29.155362084273, 61.424756108751346], [29.15474334550033, 61.41578511478221]]]}, "properties": {"grid_id": "ETRS-TM35FIN-1km-N6811000-E615000", "northing_min": 6811000, "easting_min": 615000, "grid_size_m": 1000}}, {"type": "Feature", "geometry": {"type": "Polygon", "coordinates": [[[23.72190212711887, 61.40233688179839], [23.740598234821256, 61.40278631945752], [23.739663079958255, 61.411749150928394], [23.7209616315312, 61.411299546726404], [23.72190212711887, 61.40233688179839]]]}, "properties": {"grid_id": "ETRS-TM35FIN-1km-N6812000-E325000", "northing_min": 6812000, "easting_min": 325000, "grid_size_m": 1000}}, {"type": "Feature", "geometry": {"type": "Polygon", "coordinates": [[[23.759294957924645, 61.4032331910864], [23.7779922929338, 61.40367749652099], [23.777067821239733, 61.412640658239155], [23.758365144360592, 61.41219618815405], [23.759294957924645, 61.4032331910864]]]}, "properties": {"grid_id": "ETRS-TM35FIN-1km-N6812000-E327000", "northing_min": 6812000, "easting_min": 327000, "grid_size_m": 1000}}, {"type": "Feature", "geometry": {"type": "Polygon", "coordinates": [[[26.774999645172297, 61.441626262322025], [26.79374952472152, 61.441655936651], [26.79369022200087, 61.45063318975416], [26.774934951448557, 61.45060350440155], [26.774999645172297, 61.441626262322025]]]}, "properties": {"grid_id": "ETRS-TM35FIN-1km-N6812000-E488000", "northing_min": 6812000, "easting_min": 488000, "grid_size_m": 1000}}, {"type": "Feature", "geometry": {"type": "Polygon", "coordinates": [[[27.39386013325681, 61.450220179927335], [27.412614816250468, 61.45016468235183], [27.41273349559352, 61.45914174942319], [27.393973418586537, 61.45919726761902], [27.39386013325681, 61.450220179927335]]]}, "properties": {"grid_id": "ETRS-TM35FIN-1km-N6813000-E521000", "northing_min": 6813000, "easting_min": 521000, "grid_size_m": 1000}}, {"type": "Feature", "geometry": {"type": "Polygon", "coordinates": [[[22.617536642938372, 61.3891869230431], [22.63620088910673, 61.38978787692854], [22.63495008145425, 61.3987392153343], [22.616280527226948, 61.39813803911276], [22.617536642938372, 61.3891869230431]]]}, "properties": {"grid_id": "ETRS-TM35FIN-1km-N6814000-E266000", "northing_min": 6814000, "easting_min": 266000, "grid_size_m": 1000}}, {"type": "Feature", "geometry": {"type": "Polygon", "coordinates": [[[22.972294488591405, 61.4001676628431], [22.9909737565458, 61.40072000512739], [22.989823943723238, 61.40967538960881], [22.971139353720112, 61.409122842829866], [22.972294488591405, 61.4001676628431]]]}, "properties": {"grid_id": "ETRS-TM35FIN-1km-N6814000-E285000", "northing_min": 6814000, "easting_min": 285000, "grid_size_m": 1000}}, {"type": "Feature", "geometry": {"type": "Polygon", "coordinates": [[[23.832270450576413, 61.422922294256445], [23.850980889987593, 61.423356655111874], [23.85007660091577, 61.4323204266317], [23.83136081037555, 61.43188590472794], [23.832270450576413, 61.422922294256445]]]}, "properties": {"grid_id": "ETRS-TM35FIN-1km-N6814000-E331000", "northing_min": 6814000, "easting_min": 331000, "grid_size_m": 1000}}, {"type": "Feature", "geometry": {"type": "Polygon", "coordinates": [[[25.743198266733174, 61.45397145485199], [25.761951289402184, 61.45414313206013], [25.76159515840538, 61.46311832974882], [25.74283674477103, 61.46294658876135], [25.743198266733174, 61.45397145485199]]]}, "properties": {"grid_id": "ETRS-TM35FIN-1km-N6814000-E433000", "northing_min": 6814000, "easting_min": 433000, "grid_size_m": 1000}}, {"type": "Feature", "geometry": {"type": "Polygon", "coordinates": [[[23.81264561942941, 61.4314488131408], [23.83136081037555, 61.43188590472794], [23.830450570580492, 61.440849495432296], [23.811730025557, 61.44041224175616], [23.81264561942941, 61.4314488131408]]]}, "properties": {"grid_id": "ETRS-TM35FIN-1km-N6815000-E330000", "northing_min": 6815000, "easting_min": 330000, "grid_size_m": 1000}}, {"type": "Feature", "geometry": {"type": "Polygon", "coordinates": [[[26.737273441279967, 61.46849078823809], [26.756039415331006, 61.46852566205728], [26.755969191632946, 61.4775028562605], [26.737197815969772, 61.477467969478234], [26.737273441279967, 61.46849078823809]]]}, "properties": {"grid_id": "ETRS-TM35FIN-1km-N6815000-E486000", "northing_min": 6815000, "easting_min": 486000, "grid_size_m": 1000}}, {"type": "Feature", "geometry": {"type": "Polygon", "coordinates": [[[27.337789919770884, 61.46832546129205], [27.35655560840873, 61.46827767171461], [27.35665824101007, 61.47725477373707], [27.337887151027747, 61.477302581078305], [27.337789919770884, 61.46832546129205]]]}, "properties": {"grid_id": "ETRS-TM35FIN-1km-N6815000-E518000", "northing_min": 6815000, "easting_min": 518000, "grid_size_m": 1000}}, {"type": "Feature", "geometry": {"type": "Polygon", "coordinates": [[[22.615023585556287, 61.40708912827414], [22.633698451297157, 61.407690526958596], [22.63244599786961, 61.41664181178981], [22.613765817157393, 61.4160401905155], [22.615023585556287, 61.40708912827414]]]}, "properties": {"grid_id": "ETRS-TM35FIN-1km-N6816000-E266000", "northing_min": 6816000, "easting_min": 266000, "grid_size_m": 1000}}, {"type": "Feature", "geometry": {"type": "Polygon", "coordinates": [[[23.026055473967883, 61.41972856479514], [23.044747651247828, 61.420273628178904], [23.043612315553002, 61.42922957223986], [23.024914807167853, 61.428684306953905], [23.026055473967883, 61.41972856479514]]]}, "properties": {"grid_id": "ETRS-TM35FIN-1km-N6816000-E288000", "northing_min": 6816000, "easting_min": 288000, "grid_size_m": 1000}}, {"type": "Feature", "geometry": {"type": "Polygon", "coordinates": [[[23.830450570580492, 61.440849495432296], [23.849171715758253, 61.44128417847666], [23.848266233958103, 61.45024791064179], [23.82953973063104, 61.449813066364534], [23.830450570580492, 61.440849495432296]]]}, "properties": {"grid_id": "ETRS-TM35FIN-1km-N6816000-E331000", "northing_min": 6816000, "easting_min": 331000, "grid_size_m": 1000}}, {"type": "Feature", "geometry": {"type": "Polygon", "coordinates": [[[23.849171715758253, 61.44128417847666], [23.86789345757853, 61.441716290729225], [23.866993334485315, 61.450680183178164], [23.848266233958103, 61.45024791064179], [23.849171715758253, 61.44128417847666]]]}, "properties": {"grid_id": "ETRS-TM35FIN-1km-N6816000-E332000", "northing_min": 6816000, "easting_min": 332000, "grid_size_m": 1000}}, {"type": "Feature", "geometry": {"type": "Polygon", "coordinates": [[[25.04841216292233, 61.463750335816464], [25.06716475637693, 61.46401762766677], [25.066608600588985, 61.472989798412065], [25.04785061955893, 61.472722407272336], [25.04841216292233, 61.463750335816464]]]}, "properties": {"grid_id": "ETRS-TM35FIN-1km-N6816000-E396000", "northing_min": 6816000, "easting_min": 396000, "grid_size_m": 1000}}, {"type": "Feature", "geometry": {"type": "Polygon", "coordinates": [[[27.244030808367054, 61.4775028562605], [27.262802184030228, 61.477467969478234], [27.262877859335234, 61.486445138751016], [27.244101078489113, 61.48648003850383], [27.244030808367054, 61.4775028562605]]]}, "properties": {"grid_id": "ETRS-TM35FIN-1km-N6816000-E513000", "northing_min": 6816000, "easting_min": 513000, "grid_size_m": 1000}}, {"type": "Feature", "geometry": {"type": "Polygon", "coordinates": [[[27.48805377120978, 61.47684776970703], [27.506824218443064, 61.476779290440575], [27.506970155639273, 61.48575620367577], [27.48819430409398, 61.48582470840099], [27.48805377120978, 61.47684776970703]]]}, "properties": {"grid_id": "ETRS-TM35FIN-1km-N6816000-E526000", "northing_min": 6816000, "easting_min": 526000, "grid_size_m": 1000}}, {"type": "Feature", "geometry": {"type": "Polygon", "coordinates": [[[22.053760704005896, 61.39680256051882], [22.072414558706566, 61.39748085697034], [22.071002076474276, 61.40642502593401], [22.052342927844016, 61.40574647868964], [22.053760704005896, 61.39680256051882]]]}, "properties": {"grid_id": "ETRS-TM35FIN-1km-N6817000-E236000", "northing_min": 6817000, "easting_min": 236000, "grid_size_m": 1000}}, {"type": "Feature", "geometry": {"type": "Polygon", "coordinates": [[[22.819292555502333, 61.42251722189762], [22.837981610061025, 61.423090677905094], [22.836786885322997, 61.43204432380625], [22.818092504061827, 61.43147065542051], [22.819292555502333, 61.42251722189762]]]}, "properties": {"grid_id": "ETRS-TM35FIN-1km-N6817000-E277000", "northing_min": 6817000, "easting_min": 277000, "grid_size_m": 1000}}, {"type": "Feature", "geometry": {"type": "Polygon", "coordinates": [[[23.28674669336622, 61.43608462420802], [23.30545435182595, 61.43659397552214], [23.304393024453468, 61.44555262460104], [23.285680021935075, 61.44504308448579], [23.28674669336622, 61.43608462420802]]]}, "properties": {"grid_id": "ETRS-TM35FIN-1km-N6817000-E302000", "northing_min": 6817000, "easting_min": 302000, "grid_size_m": 1000}}, {"type": "Feature", "geometry": {"type": "Polygon", "coordinates": [[[23.380291939073835, 61.4386057117417], [23.39900305676304, 61.43910222761298], [23.39796845940584, 61.448061806515014], [23.379251994428085, 61.44756510657063], [23.380291939073835, 61.4386057117417]]]}, "properties": {"grid_id": "ETRS-TM35FIN-1km-N6817000-E307000", "northing_min": 6817000, "easting_min": 307000, "grid_size_m": 1000}}, {"type": "Feature", "geometry": {"type": "Polygon", "coordinates": [[[23.455140483987034, 61.44057636866174], [23.473854306118504, 61.44106261288737], [23.47284110424603, 61.45002291861944], [23.454121932300275, 61.44953649410598], [23.455140483987034, 61.44057636866174]]]}, "properties": {"grid_id": "ETRS-TM35FIN-1km-N6817000-E311000", "northing_min": 6817000, "easting_min": 311000, "grid_size_m": 1000}}, {"type": "Feature", "geometry": {"type": "Polygon", "coordinates": [[[23.473854306118504, 61.44106261288737], [23.492568795612073, 61.44154628875221], [23.491560944177223, 61.45050677382543], [23.47284110424603, 61.45002291861944], [23.473854306118504, 61.44106261288737]]]}, "properties": {"grid_id": "ETRS-TM35FIN-1km-N6817000-E312000", "northing_min": 6817000, "easting_min": 312000, "grid_size_m": 1000}}, {"type": "Feature", "geometry": {"type": "Polygon", "coordinates": [[[23.73591629499872, 61.447600274502015], [23.754639759613976, 61.44804797506316], [23.753706877940555, 61.45701087142332], [23.73497805450156, 61.45656300479073], [23.73591629499872, 61.447600274502015]]]}, "properties": {"grid_id": "ETRS-TM35FIN-1km-N6817000-E326000", "northing_min": 6817000, "easting_min": 326000, "grid_size_m": 1000}}, {"type": "Feature", "geometry": {"type": "Polygon", "coordinates": [[[23.848266233958103, 61.45024791064179], [23.866993334485315, 61.450680183178164], [23.866092617707544, 61.45964405603426], [23.847360154957684, 61.4592116231222], [23.848266233958103, 61.45024791064179]]]}, "properties": {"grid_id": "ETRS-TM35FIN-1km-N6817000-E332000", "northing_min": 6817000, "easting_min": 332000, "grid_size_m": 1000}}, {"type": "Feature", "geometry": {"type": "Polygon", "coordinates": [[[24.129233477834713, 61.456461878466335], [24.147969114096522, 61.45685555631428], [24.147148895437766, 61.465821720756765], [24.12840788897035, 61.465427896793884], [24.129233477834713, 61.456461878466335]]]}, "properties": {"grid_id": "ETRS-TM35FIN-1km-N6817000-E347000", "northing_min": 6817000, "easting_min": 347000, "grid_size_m": 1000}}, {"type": "Feature", "geometry": {"type": "Polygon", "coordinates": [[[25.573201323386247, 61.47923376991002], [25.591968247770467, 61.479428883612705], [25.59156280378292, 61.4884034324109], [25.572790479887644, 61.48820824618546], [25.573201323386247, 61.47923376991002]]]}, "properties": {"grid_id": "ETRS-TM35FIN-1km-N6817000-E424000", "northing_min": 6817000, "easting_min": 424000, "grid_size_m": 1000}}, {"type": "Feature", "geometry": {"type": "Polygon", "coordinates": [[[23.04247623219743, 61.438185492157686], [23.061179823527, 61.438728394505766], [23.060048330582216, 61.44768449146106], [23.041339400483615, 61.447141387923295], [23.04247623219743, 61.438185492157686]]]}, "properties": {"grid_id": "ETRS-TM35FIN-1km-N6818000-E289000", "northing_min": 6818000, "easting_min": 289000, "grid_size_m": 1000}}, {"type": "Feature", "geometry": {"type": "Polygon", "coordinates": [[[23.36053621494493, 61.44706583822294], [23.379251994428085, 61.44756510657063], [23.378211364287598, 61.456524479235846], [23.359490234655958, 61.456025025763196], [23.36053621494493, 61.44706583822294]]]}, "properties": {"grid_id": "ETRS-TM35FIN-1km-N6818000-E306000", "northing_min": 6818000, "easting_min": 306000, "grid_size_m": 1000}}, {"type": "Feature", "geometry": {"type": "Polygon", "coordinates": [[[23.809897026251704, 61.45833903938677], [23.828628289966314, 61.458776617519604], [23.827716248024714, 61.46774014889253], [23.808979619689815, 61.46730240839181], [23.809897026251704, 61.45833903938677]]]}, "properties": {"grid_id": "ETRS-TM35FIN-1km-N6818000-E330000", "northing_min": 6818000, "easting_min": 330000, "grid_size_m": 1000}}, {"type": "Feature", "geometry": {"type": "Polygon", "coordinates": [[[23.828628289966314, 61.458776617519604], [23.847360154957684, 61.4592116231222], [23.846453478198672, 61.46817531591295], [23.827716248024714, 61.46774014889253], [23.828628289966314, 61.458776617519604]]]}, "properties": {"grid_id": "ETRS-TM35FIN-1km-N6818000-E331000", "northing_min": 6818000, "easting_min": 331000, "grid_size_m": 1000}}, {"type": "Feature", "geometry": {"type": "Polygon", "coordinates": [[[23.88482567469691, 61.460073916096526], [23.90355932240611, 61.46050120315059], [23.902668744535998, 61.469465374493204], [23.883929729976902, 61.46903792887227], [23.88482567469691, 61.460073916096526]]]}, "properties": {"grid_id": "ETRS-TM35FIN-1km-N6818000-E334000", "northing_min": 6818000, "easting_min": 334000, "grid_size_m": 1000}}, {"type": "Feature", "geometry": {"type": "Polygon", "coordinates": [[[23.941028375901887, 61.46134805760532], [23.959763774645676, 61.46176762469395], [23.95888930060756, 61.47073226603311], [23.940148533375993, 61.470312543229774], [23.941028375901887, 61.46134805760532]]]}, "properties": {"grid_id": "ETRS-TM35FIN-1km-N6818000-E337000", "northing_min": 6818000, "easting_min": 337000, "grid_size_m": 1000}}, {"type": "Feature", "geometry": {"type": "Polygon", "coordinates": [[[25.64788136947561, 61.488973490006295], [25.666654744153835, 61.48915834194353], [25.66627064690955, 61.49813315793887], [25.647491868168707, 61.4979482372758], [25.64788136947561, 61.488973490006295]]]}, "properties": {"grid_id": "ETRS-TM35FIN-1km-N6818000-E428000", "northing_min": 6818000, "easting_min": 428000, "grid_size_m": 1000}}, {"type": "Feature", "geometry": {"type": "Polygon", "coordinates": [[[25.666654744153835, 61.48915834194353], [25.685428372610808, 61.489340610135365], [25.685049679667213, 61.498315493896754], [25.66627064690955, 61.49813315793887], [25.666654744153835, 61.48915834194353]]]}, "properties": {"grid_id": "ETRS-TM35FIN-1km-N6818000-E429000", "northing_min": 6818000, "easting_min": 429000, "grid_size_m": 1000}}, {"type": "Feature", "geometry": {"type": "Polygon", "coordinates": [[[25.891954014552397, 61.49117501445012], [25.910730410015596, 61.491326272711426], [25.910416586032923, 61.50030189477973], [25.891634783672984, 61.50015058027443], [25.891954014552397, 61.49117501445012]]]}, "properties": {"grid_id": "ETRS-TM35FIN-1km-N6818000-E441000", "northing_min": 6818000, "easting_min": 441000, "grid_size_m": 1000}}, {"type": "Feature", "geometry": {"type": "Polygon", "coordinates": [[[27.09391250437334, 61.49564341100296], [27.112694965891247, 61.495629187164404], [27.112727441615224, 61.504606409461374], [27.093939567507437, 61.504620638590424], [27.09391250437334, 61.49564341100296]]]}, "properties": {"grid_id": "ETRS-TM35FIN-1km-N6818000-E505000", "northing_min": 6818000, "easting_min": 505000, "grid_size_m": 1000}}, {"type": "Feature", "geometry": {"type": "Polygon", "coordinates": [[[27.882716338479792, 61.492819521826235], [27.901494818692132, 61.49269669645456], [27.901754563557514, 61.50167282812737], [27.882970674492135, 61.50179569917495], [27.882716338479792, 61.492819521826235]]]}, "properties": {"grid_id": "ETRS-TM35FIN-1km-N6818000-E547000", "northing_min": 6818000, "easting_min": 547000, "grid_size_m": 1000}}, {"type": "Feature", "geometry": {"type": "Polygon", "coordinates": [[[23.528004807805193, 61.460427595183], [23.546731986459175, 61.46090391800326], [23.5457388815054, 61.469864892942944], [23.527006343546937, 61.46938839342027], [23.528004807805193, 61.460427595183]]]}, "properties": {"grid_id": "ETRS-TM35FIN-1km-N6819000-E315000", "northing_min": 6819000, "easting_min": 315000, "grid_size_m": 1000}}, {"type": "Feature", "geometry": {"type": "Polygon", "coordinates": [[[23.584188303982124, 61.461848850583664], [23.602917435829273, 61.46231745999586], [23.601940412447384, 61.47127895935188], [23.583205919469783, 61.47081017608288], [23.584188303982124, 61.461848850583664]]]}, "properties": {"grid_id": "ETRS-TM35FIN-1km-N6819000-E318000", "northing_min": 6819000, "easting_min": 318000, "grid_size_m": 1000}}, {"type": "Feature", "geometry": {"type": "Polygon", "coordinates": [[[23.7340391951468, 61.46552571482671], [23.752773380924253, 61.4659737476259], [23.751839267989713, 61.4749366036655], [23.733099716355838, 61.47448840460438], [23.7340391951468, 61.46552571482671]]]}, "properties": {"grid_id": "ETRS-TM35FIN-1km-N6819000-E326000", "northing_min": 6819000, "easting_min": 326000, "grid_size_m": 1000}}, {"type": "Feature", "geometry": {"type": "Polygon", "coordinates": [[[23.790243596714806, 61.46686209457214], [23.808979619689815, 61.46730240839181], [23.808061607767918, 61.476265757516494], [23.789320217218066, 61.47582528028538], [23.790243596714806, 61.46686209457214]]]}, "properties": {"grid_id": "ETRS-TM35FIN-1km-N6819000-E329000", "northing_min": 6819000, "easting_min": 329000, "grid_size_m": 1000}}, {"type": "Feature", "geometry": {"type": "Polygon", "coordinates": [[[23.808979619689815, 61.46730240839181], [23.827716248024714, 61.46774014889253], [23.826803604243935, 61.47670366047823], [23.808061607767918, 61.476265757516494], [23.808979619689815, 61.46730240839181]]]}, "properties": {"grid_id": "ETRS-TM35FIN-1km-N6819000-E330000", "northing_min": 6819000, "easting_min": 330000, "grid_size_m": 1000}}, {"type": "Feature", "geometry": {"type": "Polygon", "coordinates": [[[27.2818169119195, 61.504361928662526], [27.300604410005175, 61.504321828909625], [27.300691067262633, 61.51329893342158], [27.28189815335898, 61.5133390480922], [27.2818169119195, 61.504361928662526]]]}, "properties": {"grid_id": "ETRS-TM35FIN-1km-N6819000-E515000", "northing_min": 6819000, "easting_min": 515000, "grid_size_m": 1000}}, {"type": "Feature", "geometry": {"type": "Polygon", "coordinates": [[[28.296171037129046, 61.49849524508196], [28.314950320332787, 61.498315493896754], [28.315329263722504, 61.507290364395196], [28.296544572412305, 61.50747018242505], [28.296171037129046, 61.49849524508196]]]}, "properties": {"grid_id": "ETRS-TM35FIN-1km-N6819000-E569000", "northing_min": 6819000, "easting_min": 569000, "grid_size_m": 1000}}, {"type": "Feature", "geometry": {"type": "Polygon", "coordinates": [[[21.58307320896522, 61.40582830000101], [21.60171859013737, 61.4065711456104], [21.600170982262156, 61.41550866164259], [21.581520319506804, 61.41476554152224], [21.58307320896522, 61.40582830000101]]]}, "properties": {"grid_id": "ETRS-TM35FIN-1km-N6820000-E211000", "northing_min": 6820000, "easting_min": 211000, "grid_size_m": 1000}}, {"type": "Feature", "geometry": {"type": "Polygon", "coordinates": [[[23.358443564729264, 61.464984191026396], [23.377170048012058, 61.46548382973006], [23.376128044960343, 61.474443158046], [23.357396204520466, 61.47394333400521], [23.358443564729264, 61.464984191026396]]]}, "properties": {"grid_id": "ETRS-TM35FIN-1km-N6820000-E306000", "northing_min": 6820000, "easting_min": 306000, "grid_size_m": 1000}}, {"type": "Feature", "geometry": {"type": "Polygon", "coordinates": [[[23.377170048012058, 61.46548382973006], [23.395897218070896, 61.46598089813696], [23.394860572818185, 61.474940410842514], [23.376128044960343, 61.474443158046], [23.377170048012058, 61.46548382973006]]]}, "properties": {"grid_id": "ETRS-TM35FIN-1km-N6820000-E307000", "northing_min": 6820000, "easting_min": 307000, "grid_size_m": 1000}}, {"type": "Feature", "geometry": {"type": "Polygon", "coordinates": [[[23.470812695920237, 61.46794346515064], [23.489543247242505, 61.468427679347165], [23.4885334005001, 61.47738809978232], [23.469797488217893, 61.47690370593618], [23.470812695920237, 61.46794346515064]]]}, "properties": {"grid_id": "ETRS-TM35FIN-1km-N6820000-E312000", "northing_min": 6820000, "easting_min": 312000, "grid_size_m": 1000}}, {"type": "Feature", "geometry": {"type": "Polygon", "coordinates": [[[24.48312778720581, 61.49040728195167], [24.501889244748398, 61.49075241099194], [24.501169728443255, 61.499721120260155], [24.482402881011417, 61.49937586298813], [24.48312778720581, 61.49040728195167]]]}, "properties": {"grid_id": "ETRS-TM35FIN-1km-N6820000-E366000", "northing_min": 6820000, "easting_min": 366000, "grid_size_m": 1000}}, {"type": "Feature", "geometry": {"type": "Polygon", "coordinates": [[[21.86138545092606, 61.42564451118383], [21.880051003900082, 61.42634935897926], [21.87858176599903, 61.43529084872394], [21.85991091418193, 61.43458574022584], [21.86138545092606, 61.42564451118383]]]}, "properties": {"grid_id": "ETRS-TM35FIN-1km-N6821000-E226000", "northing_min": 6821000, "easting_min": 226000, "grid_size_m": 1000}}, {"type": "Feature", "geometry": {"type": "Polygon", "coordinates": [[[23.33866505500772, 61.47344093890427], [23.357396204520466, 61.47394333400521], [23.356348153384406, 61.48290245469219], [23.337611643851393, 61.48239987319997], [23.33866505500772, 61.47344093890427]]]}, "properties": {"grid_id": "ETRS-TM35FIN-1km-N6821000-E305000", "northing_min": 6821000, "easting_min": 305000, "grid_size_m": 1000}}, {"type": "Feature", "geometry": {"type": "Polygon", "coordinates": [[[23.357396204520466, 61.47394333400521], [23.376128044960343, 61.474443158046], [23.375085354490523, 61.48340246417636], [23.356348153384406, 61.48290245469219], [23.357396204520466, 61.47394333400521]]]}, "properties": {"grid_id": "ETRS-TM35FIN-1km-N6821000-E306000", "northing_min": 6821000, "easting_min": 306000, "grid_size_m": 1000}}, {"type": "Feature", "geometry": {"type": "Polygon", "coordinates": [[[23.4885334005001, 61.47738809978232], [23.507269979128527, 61.47786992129914], [23.506264831136857, 61.48683049897846], [23.487522887411338, 61.48634849865803], [23.4885334005001, 61.47738809978232]]]}, "properties": {"grid_id": "ETRS-TM35FIN-1km-N6821000-E313000", "northing_min": 6821000, "easting_min": 313000, "grid_size_m": 1000}}, {"type": "Feature", "geometry": {"type": "Polygon", "coordinates": [[[23.526007220588465, 61.47834917030905], [23.544745121364418, 61.478825846635466], [23.543750705423555, 61.48778677907437], [23.525007438313846, 61.48730992584283], [23.526007220588465, 61.47834917030905]]]}, "properties": {"grid_id": "ETRS-TM35FIN-1km-N6821000-E315000", "northing_min": 6821000, "easting_min": 315000, "grid_size_m": 1000}}, {"type": "Feature", "geometry": {"type": "Polygon", "coordinates": [[[23.78839622827165, 61.48478844601943], [23.807142989919733, 61.48522908675576], [23.80622376557828, 61.494192396104424], [23.787471629305294, 61.49375159176905], [23.78839622827165, 61.48478844601943]]]}, "properties": {"grid_id": "ETRS-TM35FIN-1km-N6821000-E329000", "northing_min": 6821000, "easting_min": 329000, "grid_size_m": 1000}}, {"type": "Feature", "geometry": {"type": "Polygon", "coordinates": [[[24.482402881011417, 61.49937586298813], [24.501169728443255, 61.499721120260155], [24.500449736597517, 61.50868981272871], [24.48167749572614, 61.50834442715122], [24.482402881011417, 61.49937586298813]]]}, "properties": {"grid_id": "ETRS-TM35FIN-1km-N6821000-E366000", "northing_min": 6821000, "easting_min": 366000, "grid_size_m": 1000}}, {"type": "Feature", "geometry": {"type": "Polygon", "coordinates": [[[23.824976508912112, 61.49463062426791], [23.843729855776143, 61.49506627609773], [23.842820782385342, 61.504029890080346], [23.824062056232933, 61.50359407646179], [23.824976508912112, 61.49463062426791]]]}, "properties": {"grid_id": "ETRS-TM35FIN-1km-N6822000-E331000", "northing_min": 6822000, "easting_min": 331000, "grid_size_m": 1000}}, {"type": "Feature", "geometry": {"type": "Polygon", "coordinates": [[[25.665116830121683, 61.52505752611772], [25.683912097219274, 61.52524006560797], [25.683532401079837, 61.534214896324634], [25.66473171537848, 61.53403228891204], [25.665116830121683, 61.52505752611772]]]}, "properties": {"grid_id": "ETRS-TM35FIN-1km-N6822000-E429000", "northing_min": 6822000, "easting_min": 429000, "grid_size_m": 1000}}, {"type": "Feature", "geometry": {"type": "Polygon", "coordinates": [[[22.045240053770375, 61.450465604195905], [22.06392572361458, 61.45114540754996], [22.062507658643742, 61.460089391124086], [22.04381667422156, 61.45940933611805], [22.045240053770375, 61.450465604195905]]]}, "properties": {"grid_id": "ETRS-TM35FIN-1km-N6823000-E236000", "northing_min": 6823000, "easting_min": 236000, "grid_size_m": 1000}}, {"type": "Feature", "geometry": {"type": "Polygon", "coordinates": [[[23.46776506260587, 61.49482412251313], [23.486511707353007, 61.49530887596761], [23.4854998597011, 61.50426923170428], [23.466747843442455, 61.50378429829087], [23.46776506260587, 61.49482412251313]]]}, "properties": {"grid_id": "ETRS-TM35FIN-1km-N6823000-E312000", "northing_min": 6823000, "easting_min": 312000, "grid_size_m": 1000}}, {"type": "Feature", "geometry": {"type": "Polygon", "coordinates": [[[23.767789516482697, 61.50227117253947], [23.78654641974804, 61.50271471752899], [23.78562059902818, 61.51167782329403], [23.7668583146472, 61.511234113565024], [23.767789516482697, 61.50227117253947]]]}, "properties": {"grid_id": "ETRS-TM35FIN-1km-N6823000-E328000", "northing_min": 6823000, "easting_min": 328000, "grid_size_m": 1000}}, {"type": "Feature", "geometry": {"type": "Polygon", "coordinates": [[[23.805303934175853, 61.503155685557374], [23.824062056232933, 61.50359407646179], [23.823146999458302, 61.51255750884829], [23.80438349514405, 61.512118955109436], [23.805303934175853, 61.503155685557374]]]}, "properties": {"grid_id": "ETRS-TM35FIN-1km-N6823000-E330000", "northing_min": 6823000, "easting_min": 330000, "grid_size_m": 1000}}, {"type": "Feature", "geometry": {"type": "Polygon", "coordinates": [[[23.824062056232933, 61.50359407646179], [23.842820782385342, 61.504029890080346], [23.84191110843373, 61.51299348434851], [23.823146999458302, 61.51255750884829], [23.824062056232933, 61.50359407646179]]]}, "properties": {"grid_id": "ETRS-TM35FIN-1km-N6823000-E331000", "northing_min": 6823000, "easting_min": 331000, "grid_size_m": 1000}}, {"type": "Feature", "geometry": {"type": "Polygon", "coordinates": [[[23.86158010909844, 61.5044631262521], [23.880340032836887, 61.50489378481702], [23.879441126215692, 61.51385769998974], [23.860675818532403, 61.51342688144905], [23.86158010909844, 61.5044631262521]]]}, "properties": {"grid_id": "ETRS-TM35FIN-1km-N6823000-E333000", "northing_min": 6823000, "easting_min": 333000, "grid_size_m": 1000}}, {"type": "Feature", "geometry": {"type": "Polygon", "coordinates": [[[23.899100550064627, 61.50532186561609], [23.91786165724492, 61.505747368491136], [23.916973520178065, 61.51471160075575], [23.898207027944256, 61.514285939811415], [23.899100550064627, 61.50532186561609]]]}, "properties": {"grid_id": "ETRS-TM35FIN-1km-N6823000-E335000", "northing_min": 6823000, "easting_min": 335000, "grid_size_m": 1000}}, {"type": "Feature", "geometry": {"type": "Polygon", "coordinates": [[[24.011675918600126, 61.507836208538066], [24.030440491185452, 61.50824624060135], [24.029584675861926, 61.51721140125489], [24.010814714976053, 61.516801216844954], [24.011675918600126, 61.507836208538066]]]}, "properties": {"grid_id": "ETRS-TM35FIN-1km-N6823000-E341000", "northing_min": 6823000, "easting_min": 341000, "grid_size_m": 1000}}, {"type": "Feature", "geometry": {"type": "Polygon", "coordinates": [[[25.66473171537848, 61.53403228891204], [25.683532401079837, 61.534214896324634], [25.683152453552385, 61.543189713782986], [25.664346345663112, 61.54300703840886], [25.66473171537848, 61.53403228891204]]]}, "properties": {"grid_id": "ETRS-TM35FIN-1km-N6823000-E429000", "northing_min": 6823000, "easting_min": 429000, "grid_size_m": 1000}}, {"type": "Feature", "geometry": {"type": "Polygon", "coordinates": [[[23.63553974947091, 61.50805597776918], [23.65429765274668, 61.50851772825089], [23.653333539951518, 61.51747964017172], [23.63457025612818, 61.5170177181889], [23.63553974947091, 61.50805597776918]]]}, "properties": {"grid_id": "ETRS-TM35FIN-1km-N6824000-E321000", "northing_min": 6824000, "easting_min": 321000, "grid_size_m": 1000}}, {"type": "Feature", "geometry": {"type": "Polygon", "coordinates": [[[23.860675818532403, 61.51342688144905], [23.879441126215692, 61.51385769998974], [23.8785416255491, 61.5228215956275], [23.859770930381632, 61.522390617019084], [23.860675818532403, 61.51342688144905]]]}, "properties": {"grid_id": "ETRS-TM35FIN-1km-N6824000-E333000", "northing_min": 6824000, "easting_min": 333000, "grid_size_m": 1000}}, {"type": "Feature", "geometry": {"type": "Polygon", "coordinates": [[[23.93574059937638, 61.51513468266549], [23.95450826199779, 61.51555518538424], [23.953630316801785, 61.524519711754394], [23.934857264489242, 61.52409905278358], [23.93574059937638, 61.51513468266549]]]}, "properties": {"grid_id": "ETRS-TM35FIN-1km-N6824000-E337000", "northing_min": 6824000, "easting_min": 337000, "grid_size_m": 1000}}, {"type": "Feature", "geometry": {"type": "Polygon", "coordinates": [[[23.597045613814693, 61.516086141811684], [23.615807612904852, 61.51655321867835], [23.614832095480647, 61.525514765767404], [23.596064713512572, 61.525047515396466], [23.597045613814693, 61.516086141811684]]]}, "properties": {"grid_id": "ETRS-TM35FIN-1km-N6825000-E319000", "northing_min": 6825000, "easting_min": 319000, "grid_size_m": 1000}}, {"type": "Feature", "geometry": {"type": "Polygon", "coordinates": [[[23.934857264489242, 61.52409905278358], [23.953630316801785, 61.524519711754394], [23.95275179118119, 61.533484218947464], [23.933973345632097, 61.533063403634706], [23.934857264489242, 61.52409905278358]]]}, "properties": {"grid_id": "ETRS-TM35FIN-1km-N6825000-E337000", "northing_min": 6825000, "easting_min": 337000, "grid_size_m": 1000}}, {"type": "Feature", "geometry": {"type": "Polygon", "coordinates": [[[27.414163784913267, 61.56686561491874], [27.432988789694374, 61.566807254715926], [27.433113934676317, 61.57578414355596], [27.414283489368792, 61.57584252550032], [27.414163784913267, 61.56686561491874]]]}, "properties": {"grid_id": "ETRS-TM35FIN-1km-N6826000-E522000", "northing_min": 6826000, "easting_min": 522000, "grid_size_m": 1000}}, {"type": "Feature", "geometry": {"type": "Polygon", "coordinates": [[[29.48364066714186, 61.54490772874232], [29.502434995115635, 61.54456441456244], [29.503157371362434, 61.553533022999645], [29.48435763169932, 61.553876464895794], [29.48364066714186, 61.54490772874232]]]}, "properties": {"grid_id": "ETRS-TM35FIN-1km-N6826000-E632000", "northing_min": 6826000, "easting_min": 632000, "grid_size_m": 1000}}, {"type": "Feature", "geometry": {"type": "Polygon", "coordinates": [[[22.189222518395116, 61.49161508943468], [22.207936859086274, 61.49227539947176], [22.206557713348342, 61.50122124317207], [22.18783803735385, 61.50056068841828], [22.189222518395116, 61.49161508943468]]]}, "properties": {"grid_id": "ETRS-TM35FIN-1km-N6827000-E244000", "northing_min": 6827000, "easting_min": 244000, "grid_size_m": 1000}}, {"type": "Feature", "geometry": {"type": "Polygon", "coordinates": [[[23.801618526577514, 61.5390086443088], [23.820398198899742, 61.5394476871127], [23.81948072007778, 61.548411040218895], [23.80069565132976, 61.54797183420573], [23.801618526577514, 61.5390086443088]]]}, "properties": {"grid_id": "ETRS-TM35FIN-1km-N6827000-E330000", "northing_min": 6827000, "easting_min": 330000, "grid_size_m": 1000}}, {"type": "Feature", "geometry": {"type": "Polygon", "coordinates": [[[21.346449787887, 61.468185425389244], [21.36512497061509, 61.468961123550486], [21.3635055591351, 61.477894991220666], [21.344825079099056, 61.47711900611786], [21.346449787887, 61.468185425389244]]]}, "properties": {"grid_id": "ETRS-TM35FIN-1km-N6828000-E199000", "northing_min": 6828000, "easting_min": 199000, "grid_size_m": 1000}}, {"type": "Feature", "geometry": {"type": "Polygon", "coordinates": [[[23.53777040357392, 61.54155192702119], [23.556546602820596, 61.542027264301524], [23.555552970718818, 61.550988224448936], [23.53677137981419, 61.55051271050419], [23.53777040357392, 61.54155192702119]]]}, "properties": {"grid_id": "ETRS-TM35FIN-1km-N6828000-E316000", "northing_min": 6828000, "easting_min": 316000, "grid_size_m": 1000}}, {"type": "Feature", "geometry": {"type": "Polygon", "coordinates": [[[23.556546602820596, 61.542027264301524], [23.575323458637424, 61.54250002188927], [23.574335218809168, 61.55146115774765], [23.555552970718818, 61.550988224448936], [23.556546602820596, 61.542027264301524]]]}, "properties": {"grid_id": "ETRS-TM35FIN-1km-N6828000-E317000", "northing_min": 6828000, "easting_min": 317000, "grid_size_m": 1000}}, {"type": "Feature", "geometry": {"type": "Polygon", "coordinates": [[[26.453747371334224, 61.584356092534854], [26.472582708260806, 61.584430069149136], [26.472430159757423, 61.59340681058162], [26.45358937560693, 61.593332806397434], [26.453747371334224, 61.584356092534854]]]}, "properties": {"grid_id": "ETRS-TM35FIN-1km-N6828000-E471000", "northing_min": 6828000, "easting_min": 471000, "grid_size_m": 1000}}, {"type": "Feature", "geometry": {"type": "Polygon", "coordinates": [[[29.315807726237175, 61.56582086332167], [29.334617028313737, 61.56550058474596], [29.33529157615979, 61.574470275753264], [29.316476851351876, 61.57479067354746], [29.315807726237175, 61.56582086332167]]]}, "properties": {"grid_id": "ETRS-TM35FIN-1km-N6828000-E623000", "northing_min": 6828000, "easting_min": 623000, "grid_size_m": 1000}}, {"type": "Feature", "geometry": {"type": "Polygon", "coordinates": [[[22.186452643620957, 61.509506257381474], [22.20517765839246, 61.510167056992], [22.203796693369764, 61.51911284091697], [22.185066336344377, 61.518451796309535], [22.186452643620957, 61.509506257381474]]]}, "properties": {"grid_id": "ETRS-TM35FIN-1km-N6829000-E244000", "northing_min": 6829000, "easting_min": 244000, "grid_size_m": 1000}}, {"type": "Feature", "geometry": {"type": "Polygon", "coordinates": [[[23.51799044963851, 61.55003461608938], [23.53677137981419, 61.55051271050419], [23.53577169532538, 61.55947347268188], [23.516985370568168, 61.558995200547265], [23.51799044963851, 61.55003461608938]]]}, "properties": {"grid_id": "ETRS-TM35FIN-1km-N6829000-E315000", "northing_min": 6829000, "easting_min": 315000, "grid_size_m": 1000}}, {"type": "Feature", "geometry": {"type": "Polygon", "coordinates": [[[27.113053383999734, 61.59437797746175], [27.131895559837925, 61.5943610985081], [27.131933725185526, 61.603338183572724], [27.113086097199098, 61.60335506881857], [27.113053383999734, 61.59437797746175]]]}, "properties": {"grid_id": "ETRS-TM35FIN-1km-N6829000-E506000", "northing_min": 6829000, "easting_min": 506000, "grid_size_m": 1000}}, {"type": "Feature", "geometry": {"type": "Polygon", "coordinates": [[[29.57984102701462, 61.57006951815759], [29.598649169396005, 61.56971288071926], [29.59940008689934, 61.57868078461798], [29.580586524391194, 61.579037554795335], [29.57984102701462, 61.57006951815759]]]}, "properties": {"grid_id": "ETRS-TM35FIN-1km-N6829000-E637000", "northing_min": 6829000, "easting_min": 637000, "grid_size_m": 1000}}, {"type": "Feature", "geometry": {"type": "Polygon", "coordinates": [[[21.492715214879574, 61.49219118132483], [21.511409430810435, 61.492947008360616], [21.509830356281526, 61.50188306718285], [21.491130828333315, 61.50112696033392], [21.492715214879574, 61.49219118132483]]]}, "properties": {"grid_id": "ETRS-TM35FIN-1km-N6830000-E207000", "northing_min": 6830000, "easting_min": 207000, "grid_size_m": 1000}}, {"type": "Feature", "geometry": {"type": "Polygon", "coordinates": [[[23.498199710705286, 61.55851434716587], [23.516985370568168, 61.558995200547265], [23.515979626603364, 61.567955763590994], [23.49718856923692, 61.56747473143334], [23.498199710705286, 61.55851434716587]]]}, "properties": {"grid_id": "ETRS-TM35FIN-1km-N6830000-E314000", "northing_min": 6830000, "easting_min": 314000, "grid_size_m": 1000}}, {"type": "Feature", "geometry": {"type": "Polygon", "coordinates": [[[23.516985370568168, 61.558995200547265], [23.53577169532538, 61.55947347268188], [23.534771349487855, 61.5684342135477], [23.515979626603364, 61.567955763590994], [23.516985370568168, 61.558995200547265]]]}, "properties": {"grid_id": "ETRS-TM35FIN-1km-N6830000-E315000", "northing_min": 6830000, "easting_min": 315000, "grid_size_m": 1000}}, {"type": "Feature", "geometry": {"type": "Polygon", "coordinates": [[[29.35478627470744, 61.58311684319375], [29.373605527592687, 61.58279114560864], [29.374291828203514, 61.591760562668824], [29.355467146263514, 61.59208638153414], [29.35478627470744, 61.58311684319375]]]}, "properties": {"grid_id": "ETRS-TM35FIN-1km-N6830000-E625000", "northing_min": 6830000, "easting_min": 625000, "grid_size_m": 1000}}, {"type": "Feature", "geometry": {"type": "Polygon", "coordinates": [[[26.095115049635563, 61.60938543027836], [26.113964124865664, 61.60950885149649], [26.113707589279965, 61.61848486625795], [26.094853058439618, 61.61836139901989], [26.095115049635563, 61.60938543027836]]]}, "properties": {"grid_id": "ETRS-TM35FIN-1km-N6831000-E452000", "northing_min": 6831000, "easting_min": 452000, "grid_size_m": 1000}}, {"type": "Feature", "geometry": {"type": "Polygon", "coordinates": [[[27.11311883210922, 61.6123321482864], [27.131971915862287, 61.61231525674468], [27.13201013189207, 61.62129231802648], [27.11315158875056, 61.62130921586769], [27.11311883210922, 61.6123321482864]]]}, "properties": {"grid_id": "ETRS-TM35FIN-1km-N6831000-E506000", "northing_min": 6831000, "easting_min": 506000, "grid_size_m": 1000}}, {"type": "Feature", "geometry": {"type": "Polygon", "coordinates": [[[21.80766694951613, 61.522573100788215], [21.826389018395712, 61.52328595147664], [21.824898430335857, 61.532226558491], [21.806171026484932, 61.53151344358133], [21.80766694951613, 61.522573100788215]]]}, "properties": {"grid_id": "ETRS-TM35FIN-1km-N6832000-E224000", "northing_min": 6832000, "easting_min": 224000, "grid_size_m": 1000}}, {"type": "Feature", "geometry": {"type": "Polygon", "coordinates": [[[23.30824959330587, 61.57148094994618], [23.32703919509525, 61.57198798257591], [23.32597810211839, 61.58094666998873], [23.307183102159957, 61.58043944883285], [23.30824959330587, 61.57148094994618]]]}, "properties": {"grid_id": "ETRS-TM35FIN-1km-N6832000-E304000", "northing_min": 6832000, "easting_min": 304000, "grid_size_m": 1000}}, {"type": "Feature", "geometry": {"type": "Polygon", "coordinates": [[[25.944023377455274, 61.61728011708272], [25.962876415459956, 61.617424371418004], [25.962576040496142, 61.6263999781908], [25.943717544668004, 61.626255670060225], [25.944023377455274, 61.61728011708272]]]}, "properties": {"grid_id": "ETRS-TM35FIN-1km-N6832000-E444000", "northing_min": 6832000, "easting_min": 444000, "grid_size_m": 1000}}, {"type": "Feature", "geometry": {"type": "Polygon", "coordinates": [[[29.713839303864614, 61.59441993042967], [29.732660153290713, 61.59404476412045], [29.73345056738308, 61.60301165871763], [29.7146242904383, 61.60338696472489], [29.713839303864614, 61.59441993042967]]]}, "properties": {"grid_id": "ETRS-TM35FIN-1km-N6832000-E644000", "northing_min": 6832000, "easting_min": 644000, "grid_size_m": 1000}}, {"type": "Feature", "geometry": {"type": "Polygon", "coordinates": [[[25.151888765332654, 61.61784851506321], [25.17073561663683, 61.618101928135275], [25.170205865491575, 61.62707442785814], [25.15135356371683, 61.6268209203149], [25.151888765332654, 61.61784851506321]]]}, "properties": {"grid_id": "ETRS-TM35FIN-1km-N6833000-E402000", "northing_min": 6833000, "easting_min": 402000, "grid_size_m": 1000}}, {"type": "Feature", "geometry": {"type": "Polygon", "coordinates": [[[26.09459089330846, 61.627337355241124], [26.113450883379485, 61.62746086852575], [26.11319400700366, 61.63643685830179], [26.09432855407811, 61.63631329894392], [26.09459089330846, 61.627337355241124]]]}, "properties": {"grid_id": "ETRS-TM35FIN-1km-N6833000-E452000", "northing_min": 6833000, "easting_min": 452000, "grid_size_m": 1000}}, {"type": "Feature", "geometry": {"type": "Polygon", "coordinates": [[[21.5612395864526, 61.53094650755797], [21.57995922166195, 61.53169321058789], [21.578397294590605, 61.54063023987555], [21.559672329708366, 61.5398832601346], [21.5612395864526, 61.53094650755797]]]}, "properties": {"grid_id": "ETRS-TM35FIN-1km-N6834000-E211000", "northing_min": 6834000, "easting_min": 211000, "grid_size_m": 1000}}, {"type": "Feature", "geometry": {"type": "Polygon", "coordinates": [[[25.622758293398952, 61.63237929052119], [25.641618302168524, 61.632567845941104], [25.641224650286887, 61.641542379875744], [25.622359180170047, 61.64135375412365], [25.622758293398952, 61.63237929052119]]]}, "properties": {"grid_id": "ETRS-TM35FIN-1km-N6834000-E427000", "northing_min": 6834000, "easting_min": 427000, "grid_size_m": 1000}}, {"type": "Feature", "geometry": {"type": "Polygon", "coordinates": [[[27.320779370445113, 61.638934214441285], [27.339648363815236, 61.638888687051185], [27.339746826728213, 61.64786557918951], [27.320872363536107, 61.64791112356865], [27.320779370445113, 61.638934214441285]]]}, "properties": {"grid_id": "ETRS-TM35FIN-1km-N6834000-E517000", "northing_min": 6834000, "easting_min": 517000, "grid_size_m": 1000}}, {"type": "Feature", "geometry": {"type": "Polygon", "coordinates": [[[21.69076859196412, 61.545058292501395], [21.709500693888227, 61.54578732776702], [21.70797509551681, 61.55472623398996], [21.68923765379771, 61.553996928416176], [21.69076859196412, 61.545058292501395]]]}, "properties": {"grid_id": "ETRS-TM35FIN-1km-N6835000-E218000", "northing_min": 6835000, "easting_min": 218000, "grid_size_m": 1000}}, {"type": "Feature", "geometry": {"type": "Polygon", "coordinates": [[[26.056324728683343, 61.64503421486278], [26.075195295604782, 61.64516302320603], [26.07492713773545, 61.65413889478041], [26.056051101034157, 61.6540100383697], [26.056324728683343, 61.64503421486278]]]}, "properties": {"grid_id": "ETRS-TM35FIN-1km-N6835000-E450000", "northing_min": 6835000, "easting_min": 450000, "grid_size_m": 1000}}, {"type": "Feature", "geometry": {"type": "Polygon", "coordinates": [[[23.247550004953364, 61.605775938717464], [23.266359086596236, 61.606291480412686], [23.26527894541053, 61.6152495080719], [23.246464453396385, 61.61473377454923], [23.247550004953364, 61.605775938717464]]]}, "properties": {"grid_id": "ETRS-TM35FIN-1km-N6836000-E301000", "northing_min": 6836000, "easting_min": 301000, "grid_size_m": 1000}}, {"type": "Feature", "geometry": {"type": "Polygon", "coordinates": [[[24.98052962377529, 61.64236547883245], [24.99938950364714, 61.64264256198313], [24.998809557057328, 61.65161413161983], [24.97994421901326, 61.651336945126005], [24.98052962377529, 61.64236547883245]]]}, "properties": {"grid_id": "ETRS-TM35FIN-1km-N6836000-E393000", "northing_min": 6836000, "easting_min": 393000, "grid_size_m": 1000}}, {"type": "Feature", "geometry": {"type": "Polygon", "coordinates": [[[24.99938950364714, 61.64264256198313], [25.018249768391755, 61.64291704703408], [25.017675280337006, 61.65188871904672], [24.998809557057328, 61.65161413161983], [24.99938950364714, 61.64264256198313]]]}, "properties": {"grid_id": "ETRS-TM35FIN-1km-N6836000-E394000", "northing_min": 6836000, "easting_min": 394000, "grid_size_m": 1000}}, {"type": "Feature", "geometry": {"type": "Polygon", "coordinates": [[[26.301452440356986, 61.655482172533745], [26.320330510498497, 61.655577194480486], [26.320133342839718, 61.664553590383484], [26.301249797365156, 61.66445853296672], [26.301452440356986, 61.655482172533745]]]}, "properties": {"grid_id": "ETRS-TM35FIN-1km-N6836000-E463000", "northing_min": 6836000, "easting_min": 463000, "grid_size_m": 1000}}, {"type": "Feature", "geometry": {"type": "Polygon", "coordinates": [[[27.24544508962086, 61.657044231940816], [27.264325251877505, 61.65700908432068], [27.264401937007, 61.66598601474962], [27.245516297442105, 61.66602117549103], [27.24544508962086, 61.657044231940816]]]}, "properties": {"grid_id": "ETRS-TM35FIN-1km-N6836000-E513000", "northing_min": 6836000, "easting_min": 513000, "grid_size_m": 1000}}, {"type": "Feature", "geometry": {"type": "Polygon", "coordinates": [[[21.519066555296153, 61.55625390022503], [21.537800115736687, 61.55700656214209], [21.536224416743437, 61.56594293132582], [21.51748551818226, 61.56518999034791], [21.519066555296153, 61.55625390022503]]]}, "properties": {"grid_id": "ETRS-TM35FIN-1km-N6837000-E209000", "northing_min": 6837000, "easting_min": 209000, "grid_size_m": 1000}}, {"type": "Feature", "geometry": {"type": "Polygon", "coordinates": [[[27.11331569864348, 61.66619437556184], [27.132201593173903, 61.66617744616834], [27.132239961824787, 61.67515443616043], [27.113348586103246, 61.67517137187537], [27.11331569864348, 61.66619437556184]]]}, "properties": {"grid_id": "ETRS-TM35FIN-1km-N6837000-E506000", "northing_min": 6837000, "easting_min": 506000, "grid_size_m": 1000}}, {"type": "Feature", "geometry": {"type": "Polygon", "coordinates": [[[27.30217305951805, 61.66590787998051], [27.321058535180295, 61.66586490598194], [27.321151713850227, 61.67484177927266], [27.302260757392485, 61.67488476931741], [27.30217305951805, 61.66590787998051]]]}, "properties": {"grid_id": "ETRS-TM35FIN-1km-N6837000-E516000", "northing_min": 6837000, "easting_min": 516000, "grid_size_m": 1000}}, {"type": "Feature", "geometry": {"type": "Polygon", "coordinates": [[[29.54811416561469, 61.64252094836931], [29.566966760083055, 61.64216843782933], [29.56771077230332, 61.65113646982106], [29.548852728057437, 61.65148911178552], [29.54811416561469, 61.64252094836931]]]}, "properties": {"grid_id": "ETRS-TM35FIN-1km-N6837000-E635000", "northing_min": 6837000, "easting_min": 635000, "grid_size_m": 1000}}, {"type": "Feature", "geometry": {"type": "Polygon", "coordinates": [[[21.48001085427573, 61.56367641468686], [21.498747662871587, 61.56443448470881], [21.497160241895326, 61.573370259225754], [21.4784180936655, 61.57261190810857], [21.48001085427573, 61.56367641468686]]]}, "properties": {"grid_id": "ETRS-TM35FIN-1km-N6838000-E207000", "northing_min": 6838000, "easting_min": 207000, "grid_size_m": 1000}}, {"type": "Feature", "geometry": {"type": "Polygon", "coordinates": [[[21.51748551818226, 61.56518999034791], [21.536224416743437, 61.56594293132582], [21.534647677965012, 61.574879265221405], [21.515903437817652, 61.57412604502288], [21.51748551818226, 61.56518999034791]]]}, "properties": {"grid_id": "ETRS-TM35FIN-1km-N6838000-E209000", "northing_min": 6838000, "easting_min": 209000, "grid_size_m": 1000}}, {"type": "Feature", "geometry": {"type": "Polygon", "coordinates": [[[23.057219301107242, 61.61839011843025], [23.076031848639655, 61.618931898106844], [23.07489613152845, 61.62788791656165], [23.05607817342032, 61.6273459352813], [23.057219301107242, 61.61839011843025]]]}, "properties": {"grid_id": "ETRS-TM35FIN-1km-N6838000-E291000", "northing_min": 6838000, "easting_min": 291000, "grid_size_m": 1000}}, {"type": "Feature", "geometry": {"type": "Polygon", "coordinates": [[[25.526754929882134, 61.667293837621926], [25.545635440127057, 61.667495688424225], [25.54521336401978, 61.676469806883745], [25.52632737919973, 61.67626788073262], [25.526754929882134, 61.667293837621926]]]}, "properties": {"grid_id": "ETRS-TM35FIN-1km-N6838000-E422000", "northing_min": 6838000, "easting_min": 422000, "grid_size_m": 1000}}, {"type": "Feature", "geometry": {"type": "Polygon", "coordinates": [[[25.67780665960261, 61.66883576672282], [25.69668931131287, 61.669016794576116], [25.69631104104874, 61.67799148088051], [25.677422912741523, 61.6778103854447], [25.67780665960261, 61.66883576672282]]]}, "properties": {"grid_id": "ETRS-TM35FIN-1km-N6838000-E430000", "northing_min": 6838000, "easting_min": 430000, "grid_size_m": 1000}}, {"type": "Feature", "geometry": {"type": "Polygon", "coordinates": [[[27.094457188506546, 61.67518570210644], [27.113348586103246, 61.67517137187537], [27.113381495438183, 61.68414835631953], [27.0944846129839, 61.68416269190262], [27.094457188506546, 61.67518570210644]]]}, "properties": {"grid_id": "ETRS-TM35FIN-1km-N6838000-E505000", "northing_min": 6838000, "easting_min": 505000, "grid_size_m": 1000}}, {"type": "Feature", "geometry": {"type": "Polygon", "coordinates": [[[21.89098202296687, 61.58870262149492], [21.909746417596335, 61.589404472639444], [21.908275739176784, 61.598346161498995], [21.889505980644767, 61.597644049782836], [21.89098202296687, 61.58870262149492]]]}, "properties": {"grid_id": "ETRS-TM35FIN-1km-N6839000-E229000", "northing_min": 6839000, "easting_min": 229000, "grid_size_m": 1000}}, {"type": "Feature", "geometry": {"type": "Polygon", "coordinates": [[[23.187819559143207, 61.63108550203645], [23.20664271036144, 61.63160938073378], [23.205544159235764, 61.640566760474194], [23.186715589006056, 61.6400426867474], [23.187819559143207, 61.63108550203645]]]}, "properties": {"grid_id": "ETRS-TM35FIN-1km-N6839000-E298000", "northing_min": 6839000, "easting_min": 298000, "grid_size_m": 1000}}, {"type": "Feature", "geometry": {"type": "Polygon", "coordinates": [[[27.245658855179954, 61.6839750268659], [27.26455546029094, 61.68393983985915], [27.26463229854177, 61.69291673454452], [27.24573020518606, 61.692951934695415], [27.245658855179954, 61.6839750268659]]]}, "properties": {"grid_id": "ETRS-TM35FIN-1km-N6839000-E513000", "northing_min": 6839000, "easting_min": 513000, "grid_size_m": 1000}}, {"type": "Feature", "geometry": {"type": "Polygon", "coordinates": [[[27.302348513598133, 61.683861646722875], [27.321244954496663, 61.68381864062262], [27.321338257178162, 61.69279549003419], [27.302436328190108, 61.692838512199266], [27.302348513598133, 61.683861646722875]]]}, "properties": {"grid_id": "ETRS-TM35FIN-1km-N6839000-E516000", "northing_min": 6839000, "easting_min": 516000, "grid_size_m": 1000}}, {"type": "Feature", "geometry": {"type": "Polygon", "coordinates": [[[23.16788775065906, 61.63951602538963], [23.186715589006056, 61.6400426867474], [23.185610886986037, 61.64899984813879], [23.166777626750935, 61.64847299068216], [23.16788775065906, 61.63951602538963]]]}, "properties": {"grid_id": "ETRS-TM35FIN-1km-N6840000-E297000", "northing_min": 6840000, "easting_min": 297000, "grid_size_m": 1000}}, {"type": "Feature", "geometry": {"type": "Polygon", "coordinates": [[[23.959246095558186, 61.65940572243652], [23.978101594265475, 61.65982354650269], [23.97722519188036, 61.668788078008724], [23.95836424525131, 61.66837009816861], [23.959246095558186, 61.65940572243652]]]}, "properties": {"grid_id": "ETRS-TM35FIN-1km-N6840000-E339000", "northing_min": 6840000, "easting_min": 339000, "grid_size_m": 1000}}, {"type": "Feature", "geometry": {"type": "Polygon", "coordinates": [[[26.281741201269277, 61.691289770057914], [26.300641059478096, 61.69138754078846], [26.30043787678723, 61.70036385224363], [26.281532528794273, 61.70026604498699], [26.281741201269277, 61.691289770057914]]]}, "properties": {"grid_id": "ETRS-TM35FIN-1km-N6840000-E462000", "northing_min": 6840000, "easting_min": 462000, "grid_size_m": 1000}}, {"type": "Feature", "geometry": {"type": "Polygon", "coordinates": [[[27.24573020518606, 61.692951934695415], [27.26463229854177, 61.69291673454452], [27.264709187929526, 61.701893617320216], [27.245801602676714, 61.701928830622855], [27.24573020518606, 61.692951934695415]]]}, "properties": {"grid_id": "ETRS-TM35FIN-1km-N6840000-E513000", "northing_min": 6840000, "easting_min": 513000, "grid_size_m": 1000}}, {"type": "Feature", "geometry": {"type": "Polygon", "coordinates": [[[27.26463229854177, 61.69291673454452], [27.283534340760557, 61.69287892704109], [27.283616721997078, 61.70185579569086], [27.264709187929526, 61.701893617320216], [27.26463229854177, 61.69291673454452]]]}, "properties": {"grid_id": "ETRS-TM35FIN-1km-N6840000-E514000", "northing_min": 6840000, "easting_min": 514000, "grid_size_m": 1000}}, {"type": "Feature", "geometry": {"type": "Polygon", "coordinates": [[[27.283534340760557, 61.69287892704109], [27.302436328190108, 61.692838512199266], [27.302524201223587, 61.701815365749], [27.283616721997078, 61.70185579569086], [27.283534340760557, 61.69287892704109]]]}, "properties": {"grid_id": "ETRS-TM35FIN-1km-N6840000-E515000", "northing_min": 6840000, "easting_min": 515000, "grid_size_m": 1000}}, {"type": "Feature", "geometry": {"type": "Polygon", "coordinates": [[[27.3969453156729, 61.69259732847809], [27.415846897672285, 61.692541269957815], [27.415967720206428, 61.701518012451324], [27.397060646793378, 61.7015740919161], [27.3969453156729, 61.69259732847809]]]}, "properties": {"grid_id": "ETRS-TM35FIN-1km-N6840000-E521000", "northing_min": 6840000, "easting_min": 521000, "grid_size_m": 1000}}, {"type": "Feature", "geometry": {"type": "Polygon", "coordinates": [[[27.491452385619652, 61.69229096398137], [27.510353529336374, 61.692221869630515], [27.510501807730375, 61.70119849279141], [27.491595173014318, 61.701267612956705], [27.491452385619652, 61.69229096398137]]]}, "properties": {"grid_id": "ETRS-TM35FIN-1km-N6840000-E526000", "northing_min": 6840000, "easting_min": 526000, "grid_size_m": 1000}}, {"type": "Feature", "geometry": {"type": "Polygon", "coordinates": [[[29.72013379478372, 61.666155709656394], [29.738998164892216, 61.66577942350006], [29.739792784596453, 61.674746175945494], [29.720922958205197, 61.67512260244729], [29.72013379478372, 61.666155709656394]]]}, "properties": {"grid_id": "ETRS-TM35FIN-1km-N6840000-E644000", "northing_min": 6840000, "easting_min": 644000, "grid_size_m": 1000}}, {"type": "Feature", "geometry": {"type": "Polygon", "coordinates": [[[23.44935182556903, 61.65610396340355], [23.468195699329858, 61.65659197200528], [23.467171727390298, 61.66555193826737], [23.44832241818791, 61.66506374783212], [23.44935182556903, 61.65610396340355]]]}, "properties": {"grid_id": "ETRS-TM35FIN-1km-N6841000-E312000", "northing_min": 6841000, "easting_min": 312000, "grid_size_m": 1000}}, {"type": "Feature", "geometry": {"type": "Polygon", "coordinates": [[[23.468195699329858, 61.65659197200528], [23.48704025205132, 61.6570773891947], [23.48602171619241, 61.66603753633047], [23.467171727390298, 61.66555193826737], [23.468195699329858, 61.65659197200528]]]}, "properties": {"grid_id": "ETRS-TM35FIN-1km-N6841000-E313000", "northing_min": 6841000, "easting_min": 313000, "grid_size_m": 1000}}, {"type": "Feature", "geometry": {"type": "Polygon", "coordinates": [[[24.35456155446078, 61.676602323879656], [24.373433966341338, 61.676965757403785], [24.372671585414825, 61.68593332013505], [24.353793711202265, 61.68556975101503], [24.35456155446078, 61.676602323879656]]]}, "properties": {"grid_id": "ETRS-TM35FIN-1km-N6841000-E360000", "northing_min": 6841000, "easting_min": 360000, "grid_size_m": 1000}}, {"type": "Feature", "geometry": {"type": "Polygon", "coordinates": [[[26.09248729087142, 61.6991445545019], [26.111391085533747, 61.6992684371212], [26.111132839550653, 61.7082443270303], [26.09222355291973, 61.708120398123526], [26.09248729087142, 61.6991445545019]]]}, "properties": {"grid_id": "ETRS-TM35FIN-1km-N6841000-E452000", "northing_min": 6841000, "easting_min": 452000, "grid_size_m": 1000}}, {"type": "Feature", "geometry": {"type": "Polygon", "coordinates": [[[26.224817332807827, 61.699956977065376], [26.24372225315167, 61.700062607359776], [26.243502455302732, 61.709038794011335], [26.224592041925963, 61.708933124247196], [26.224817332807827, 61.699956977065376]]]}, "properties": {"grid_id": "ETRS-TM35FIN-1km-N6841000-E459000", "northing_min": 6841000, "easting_min": 459000, "grid_size_m": 1000}}, {"type": "Feature", "geometry": {"type": "Polygon", "coordinates": [[[27.226893969894466, 61.70196143558564], [27.245801602676714, 61.701928830622855], [27.245873047696808, 61.71090571465069], [27.226959919316673, 61.71093833179815], [27.226893969894466, 61.70196143558564]]]}, "properties": {"grid_id": "ETRS-TM35FIN-1km-N6841000-E512000", "northing_min": 6841000, "easting_min": 512000, "grid_size_m": 1000}}, {"type": "Feature", "geometry": {"type": "Polygon", "coordinates": [[[21.436120290868313, 61.59789207953646], [21.45487636711837, 61.59865641033375], [21.453274043442814, 61.6075914777981], [21.434512615649513, 61.60682686338302], [21.436120290868313, 61.59789207953646]]]}, "properties": {"grid_id": "ETRS-TM35FIN-1km-N6842000-E205000", "northing_min": 6842000, "easting_min": 205000, "grid_size_m": 1000}}, {"type": "Feature", "geometry": {"type": "Polygon", "coordinates": [[[23.24102589473913, 61.659522609157136], [23.259867492037184, 61.660039303477916], [23.258783047155298, 61.66899719392484], [23.239936018091754, 61.66848030711154], [23.24102589473913, 61.659522609157136]]]}, "properties": {"grid_id": "ETRS-TM35FIN-1km-N6842000-E301000", "northing_min": 6842000, "easting_min": 301000, "grid_size_m": 1000}}, {"type": "Feature", "geometry": {"type": "Polygon", "coordinates": [[[23.29755283996563, 61.66106492096816], [23.316396583445467, 61.66157384375593], [23.315328437906288, 61.67053230592805], [23.296479260641167, 61.6700231935241], [23.29755283996563, 61.66106492096816]]]}, "properties": {"grid_id": "ETRS-TM35FIN-1km-N6842000-E304000", "northing_min": 6842000, "easting_min": 304000, "grid_size_m": 1000}}, {"type": "Feature", "geometry": {"type": "Polygon", "coordinates": [[[23.48602171619241, 61.66603753633047], [23.5048723810103, 61.666520541840576], [23.503858609436666, 61.675480847395804], [23.4850025043176, 61.674997661868055], [23.48602171619241, 61.66603753633047]]]}, "properties": {"grid_id": "ETRS-TM35FIN-1km-N6842000-E314000", "northing_min": 6842000, "easting_min": 314000, "grid_size_m": 1000}}, {"type": "Feature", "geometry": {"type": "Polygon", "coordinates": [[[24.353793711202265, 61.68556975101503], [24.372671585414825, 61.68593332013505], [24.37190869775166, 61.694900865559575], [24.35302535758994, 61.69453716076506], [24.353793711202265, 61.68556975101503]]]}, "properties": {"grid_id": "ETRS-TM35FIN-1km-N6842000-E360000", "northing_min": 6842000, "easting_min": 360000, "grid_size_m": 1000}}, {"type": "Feature", "geometry": {"type": "Polygon", "coordinates": [[[24.42930823400019, 61.687008427119736], [24.448188113450005, 61.687361595543386], [24.447447094331, 61.69632967399385], [24.42856174703981, 61.69597637376475], [24.42930823400019, 61.687008427119736]]]}, "properties": {"grid_id": "ETRS-TM35FIN-1km-N6842000-E364000", "northing_min": 6842000, "easting_min": 364000, "grid_size_m": 1000}}, {"type": "Feature", "geometry": {"type": "Polygon", "coordinates": [[[25.27933869712528, 61.700324790858076], [25.298237136787392, 61.70056082058431], [25.297742599601033, 61.70953382726365], [25.278838674570117, 61.7092977093733], [25.27933869712528, 61.700324790858076]]]}, "properties": {"grid_id": "ETRS-TM35FIN-1km-N6842000-E409000", "northing_min": 6842000, "easting_min": 409000, "grid_size_m": 1000}}, {"type": "Feature", "geometry": {"type": "Polygon", "coordinates": [[[26.205681778546097, 61.708824845907536], [26.224592041925963, 61.708933124247196], [26.224366601047162, 61.71790925910355], [26.205450841120147, 61.71780094029657], [26.205681778546097, 61.708824845907536]]]}, "properties": {"grid_id": "ETRS-TM35FIN-1km-N6842000-E458000", "northing_min": 6842000, "easting_min": 458000, "grid_size_m": 1000}}, {"type": "Feature", "geometry": {"type": "Polygon", "coordinates": [[[21.434512615649513, 61.60682686338302], [21.453274043442814, 61.6075914777981], [21.45167066119496, 61.61652650923], [21.43290387838197, 61.61576161103456], [21.434512615649513, 61.60682686338302]]]}, "properties": {"grid_id": "ETRS-TM35FIN-1km-N6843000-E205000", "northing_min": 6843000, "easting_min": 205000, "grid_size_m": 1000}}, {"type": "Feature", "geometry": {"type": "Polygon", "coordinates": [[[24.957525839556997, 61.70488501351137], [24.976423611666686, 61.70516542610044], [24.97583547721301, 61.71413678679255], [24.956932221904438, 61.713856269469225], [24.957525839556997, 61.70488501351137]]]}, "properties": {"grid_id": "ETRS-TM35FIN-1km-N6843000-E392000", "northing_min": 6843000, "easting_min": 392000, "grid_size_m": 1000}}, {"type": "Feature", "geometry": {"type": "Polygon", "coordinates": [[[27.889125578361984, 61.71722020446447], [27.908040360616255, 61.71709622924331], [27.90830444990258, 61.72607204786309], [27.889384168366778, 61.72619606942554], [27.889125578361984, 61.71722020446447]]]}, "properties": {"grid_id": "ETRS-TM35FIN-1km-N6843000-E547000", "northing_min": 6843000, "easting_min": 547000, "grid_size_m": 1000}}, {"type": "Feature", "geometry": {"type": "Polygon", "coordinates": [[[23.42740204686529, 61.68249210272955], [23.446261553233388, 61.68298325125868], [23.445230094372672, 61.69194297024263], [23.42636514244841, 61.691451638603034], [23.42740204686529, 61.68249210272955]]]}, "properties": {"grid_id": "ETRS-TM35FIN-1km-N6844000-E311000", "northing_min": 6844000, "easting_min": 311000, "grid_size_m": 1000}}, {"type": "Feature", "geometry": {"type": "Polygon", "coordinates": [[[24.351487117377072, 61.71247192809795], [24.370381400302165, 61.71283590447741], [24.369616989557723, 61.72180339796518], [24.35071722981161, 61.72143928567509], [24.351487117377072, 61.71247192809795]]]}, "properties": {"grid_id": "ETRS-TM35FIN-1km-N6845000-E360000", "northing_min": 6845000, "easting_min": 360000, "grid_size_m": 1000}}, {"type": "Feature", "geometry": {"type": "Polygon", "coordinates": [[[23.23666204608696, 61.69535326289349], [23.25552539192425, 61.69587072785203], [23.254438064391103, 61.704828526662936], [23.23556927245902, 61.704310868766356], [23.23666204608696, 61.69535326289349]]]}, "properties": {"grid_id": "ETRS-TM35FIN-1km-N6846000-E301000", "northing_min": 6846000, "easting_min": 301000, "grid_size_m": 1000}}, {"type": "Feature", "geometry": {"type": "Polygon", "coordinates": [[[25.2962570118971, 61.73645276245696], [25.315177745003776, 61.736686535815174], [25.314687389631505, 61.745659573327345], [25.295761156242342, 61.74542571257407], [25.2962570118971, 61.73645276245696]]]}, "properties": {"grid_id": "ETRS-TM35FIN-1km-N6846000-E410000", "northing_min": 6846000, "easting_min": 410000, "grid_size_m": 1000}}, {"type": "Feature", "geometry": {"type": "Polygon", "coordinates": [[[29.536614164554422, 61.73255304063241], [29.555521914065263, 61.732201817766224], [29.556265401474555, 61.74116981118957], [29.537352165506015, 61.7415211652737], [29.536614164554422, 61.73255304063241]]]}, "properties": {"grid_id": "ETRS-TM35FIN-1km-N6847000-E634000", "northing_min": 6847000, "easting_min": 634000, "grid_size_m": 1000}}, {"type": "Feature", "geometry": {"type": "Polygon", "coordinates": [[[29.36711136506458, 61.74456604623365], [29.38602889265955, 61.74423815483619], [29.386723447801838, 61.75320727792787], [29.367800426049882, 61.75353529187627], [29.36711136506458, 61.74456604623365]]]}, "properties": {"grid_id": "ETRS-TM35FIN-1km-N6848000-E625000", "northing_min": 6848000, "easting_min": 625000, "grid_size_m": 1000}}, {"type": "Feature", "geometry": {"type": "Polygon", "coordinates": [[[26.753625502555188, 61.77374356985941], [26.772577202776482, 61.77377627249829], [26.77251090086771, 61.78275307365793], [26.753553675676567, 61.7827203587775], [26.753625502555188, 61.77374356985941]]]}, "properties": {"grid_id": "ETRS-TM35FIN-1km-N6849000-E487000", "northing_min": 6849000, "easting_min": 487000, "grid_size_m": 1000}}, {"type": "Feature", "geometry": {"type": "Polygon", "coordinates": [[[27.303229296030487, 61.773629765075505], [27.32218078258781, 61.77358659790602], [27.322274708856835, 61.78256332806542], [27.30331769753225, 61.78260651139346], [27.303229296030487, 61.773629765075505]]]}, "properties": {"grid_id": "ETRS-TM35FIN-1km-N6849000-E516000", "northing_min": 6849000, "easting_min": 516000, "grid_size_m": 1000}}, {"type": "Feature", "geometry": {"type": "Polygon", "coordinates": [[[29.273178504393407, 61.75513623072238], [29.292103784942448, 61.754821260807844], [29.292771309453926, 61.76379097093461], [29.273840528961315, 61.76410605860732], [29.273178504393407, 61.75513623072238]]]}, "properties": {"grid_id": "ETRS-TM35FIN-1km-N6849000-E620000", "northing_min": 6849000, "easting_min": 620000, "grid_size_m": 1000}}, {"type": "Feature", "geometry": {"type": "Polygon", "coordinates": [[[24.1584444014494, 61.75351858044835], [24.177360798693048, 61.75390930674129], [24.17653891208384, 61.76287530685576], [24.157617024849856, 61.76248443454837], [24.1584444014494, 61.75351858044835]]]}, "properties": {"grid_id": "ETRS-TM35FIN-1km-N6850000-E350000", "northing_min": 6850000, "easting_min": 350000, "grid_size_m": 1000}}, {"type": "Feature", "geometry": {"type": "Polygon", "coordinates": [[[21.53445501773786, 61.682866518459676], [21.553265729893205, 61.683617947202485], [21.55168616188189, 61.69255438033119], [21.532870060827978, 61.691802672166524], [21.53445501773786, 61.682866518459676]]]}, "properties": {"grid_id": "ETRS-TM35FIN-1km-N6851000-E211000", "northing_min": 6851000, "easting_min": 211000, "grid_size_m": 1000}}, {"type": "Feature", "geometry": {"type": "Polygon", "coordinates": [[[25.69175210766113, 61.78568668721547], [25.71070649437783, 61.7858659808596], [25.71033045956409, 61.79484056276355], [25.691370548435994, 61.79466120200266], [25.69175210766113, 61.78568668721547]]]}, "properties": {"grid_id": "ETRS-TM35FIN-1km-N6851000-E431000", "northing_min": 6851000, "easting_min": 431000, "grid_size_m": 1000}}, {"type": "Feature", "geometry": {"type": "Polygon", "coordinates": [[[23.816194106578852, 61.76396609934718], [23.835111000281398, 61.764404040327726], [23.834189149809085, 61.77336722432403], [23.815266768749414, 61.77292911969648], [23.816194106578852, 61.76396609934718]]]}, "properties": {"grid_id": "ETRS-TM35FIN-1km-N6852000-E332000", "northing_min": 6852000, "easting_min": 332000, "grid_size_m": 1000}}, {"type": "Feature", "geometry": {"type": "Polygon", "coordinates": [[[26.810314865957647, 61.80076426180992], [26.829283274069404, 61.80078914384552], [26.829233447652, 61.809765940303436], [26.81025950338268, 61.8097410489479], [26.810314865957647, 61.80076426180992]]]}, "properties": {"grid_id": "ETRS-TM35FIN-1km-N6852000-E490000", "northing_min": 6852000, "easting_min": 490000, "grid_size_m": 1000}}, {"type": "Feature", "geometry": {"type": "Polygon", "coordinates": [[[29.294107693533455, 61.781730343187036], [29.31304903916145, 61.7814124078247], [29.31372341007, 61.790381951008754], [29.294776553944303, 61.790700005309674], [29.294107693533455, 61.781730343187036]]]}, "properties": {"grid_id": "ETRS-TM35FIN-1km-N6852000-E621000", "northing_min": 6852000, "easting_min": 621000, "grid_size_m": 1000}}, {"type": "Feature", "geometry": {"type": "Polygon", "coordinates": [[[23.05776967171625, 61.762225308612194], [23.076669980202116, 61.762767728084604], [23.075527605577662, 61.77172356399922], [23.056621828511826, 61.771180942013565], [23.05776967171625, 61.762225308612194]]]}, "properties": {"grid_id": "ETRS-TM35FIN-1km-N6854000-E292000", "northing_min": 6854000, "easting_min": 292000, "grid_size_m": 1000}}, {"type": "Feature", "geometry": {"type": "Polygon", "coordinates": [[[23.625094701100338, 61.77736606584142], [23.644016226175356, 61.77783039906158], [23.643038227308757, 61.78679186150567], [23.624111213605328, 61.78632735475546], [23.625094701100338, 61.77736606584142]]]}, "properties": {"grid_id": "ETRS-TM35FIN-1km-N6854000-E322000", "northing_min": 6854000, "easting_min": 322000, "grid_size_m": 1000}}, {"type": "Feature", "geometry": {"type": "Polygon", "coordinates": [[[29.31439823078718, 61.799351478119114], [29.33335015084098, 61.79903069101242], [29.33403093919771, 61.80800008199465], [29.315073501739192, 61.80832098915422], [29.31439823078718, 61.799351478119114]]]}, "properties": {"grid_id": "ETRS-TM35FIN-1km-N6854000-E622000", "northing_min": 6854000, "easting_min": 622000, "grid_size_m": 1000}}, {"type": "Feature", "geometry": {"type": "Polygon", "coordinates": [[[29.29611561361919, 61.80863928154012], [29.315073501739192, 61.80832098915422], [29.31574922335278, 61.81729048411241], [29.296785813729254, 61.81760889564484], [29.29611561361919, 61.80863928154012]]]}, "properties": {"grid_id": "ETRS-TM35FIN-1km-N6855000-E621000", "northing_min": 6855000, "easting_min": 621000, "grid_size_m": 1000}}, {"type": "Feature", "geometry": {"type": "Polygon", "coordinates": [[[29.315073501739192, 61.80832098915422], [29.33403093919771, 61.80800008199465], [29.33471218188754, 61.81696945683], [29.31574922335278, 61.81729048411241], [29.315073501739192, 61.80832098915422]]]}, "properties": {"grid_id": "ETRS-TM35FIN-1km-N6855000-E622000", "northing_min": 6855000, "easting_min": 622000, "grid_size_m": 1000}}, {"type": "Feature", "geometry": {"type": "Polygon", "coordinates": [[[23.112209248720564, 61.78175721890441], [23.131122770362186, 61.78229223690195], [23.12999530601154, 61.791248627208944], [23.11107630642033, 61.79071340935794], [23.112209248720564, 61.78175721890441]]]}, "properties": {"grid_id": "ETRS-TM35FIN-1km-N6856000-E295000", "northing_min": 6856000, "easting_min": 295000, "grid_size_m": 1000}}, {"type": "Feature", "geometry": {"type": "Polygon", "coordinates": [[[23.642059576773843, 61.795753303189365], [23.660992735025314, 61.79621537591502], [23.660018928724593, 61.805176969594314], [23.641080273954113, 61.80471472410657], [23.642059576773843, 61.795753303189365]]]}, "properties": {"grid_id": "ETRS-TM35FIN-1km-N6856000-E323000", "northing_min": 6856000, "easting_min": 323000, "grid_size_m": 1000}}, {"type": "Feature", "geometry": {"type": "Polygon", "coordinates": [[[26.449283543031367, 61.83569950792347], [26.468272779303863, 61.83577426257261], [26.468117360582877, 61.84475066603777], [26.449122574612613, 61.844675883366435], [26.449283543031367, 61.83569950792347]]]}, "properties": {"grid_id": "ETRS-TM35FIN-1km-N6856000-E471000", "northing_min": 6856000, "easting_min": 471000, "grid_size_m": 1000}}, {"type": "Feature", "geometry": {"type": "Polygon", "coordinates": [[[28.860511352211084, 61.824210150635196], [28.87948412138323, 61.823951932447294], [28.88003311376236, 61.832923905945925], [28.861054810530995, 61.83318222085474], [28.860511352211084, 61.824210150635196]]]}, "properties": {"grid_id": "ETRS-TM35FIN-1km-N6856000-E598000", "northing_min": 6856000, "easting_min": 598000, "grid_size_m": 1000}}, {"type": "Feature", "geometry": {"type": "Polygon", "coordinates": [[[25.423661239967338, 61.83674257211183], [25.442644909355707, 61.836958966646954], [25.44218973645185, 61.84593243743752], [25.42320052421821, 61.84571596181034], [25.423661239967338, 61.83674257211183]]]}, "properties": {"grid_id": "ETRS-TM35FIN-1km-N6857000-E417000", "northing_min": 6857000, "easting_min": 417000, "grid_size_m": 1000}}, {"type": "Feature", "geometry": {"type": "Polygon", "coordinates": [[[26.449122574612613, 61.844675883366435], [26.468117360582877, 61.84475066603777], [26.46796183793979, 61.85372705746546], [26.44896149856149, 61.85365224675558], [26.449122574612613, 61.844675883366435]]]}, "properties": {"grid_id": "ETRS-TM35FIN-1km-N6857000-E471000", "northing_min": 6857000, "easting_min": 471000, "grid_size_m": 1000}}, {"type": "Feature", "geometry": {"type": "Polygon", "coordinates": [[[24.284544308188103, 61.82793327897492], [24.30350850855491, 61.82830687407544], [24.30272087627574, 61.83727372846138], [24.283751153105285, 61.83689999349162], [24.284544308188103, 61.82793327897492]]]}, "properties": {"grid_id": "ETRS-TM35FIN-1km-N6858000-E357000", "northing_min": 6858000, "easting_min": 357000, "grid_size_m": 1000}}, {"type": "Feature", "geometry": {"type": "Polygon", "coordinates": [[[23.203465476525047, 61.81127775129798], [23.2223991684082, 61.81180033968473], [23.221296903794578, 61.82075764537969], [23.20235771957027, 61.820234861627526], [23.203465476525047, 61.81127775129798]]]}, "properties": {"grid_id": "ETRS-TM35FIN-1km-N6859000-E300000", "northing_min": 6859000, "easting_min": 300000, "grid_size_m": 1000}}, {"type": "Feature", "geometry": {"type": "Polygon", "coordinates": [[[28.93809812686209, 61.850076556719216], [28.9570860172374, 61.84980756400471], [28.95765828801006, 61.8587790962597], [28.93866485391149, 61.85904818978722], [28.93809812686209, 61.850076556719216]]]}, "properties": {"grid_id": "ETRS-TM35FIN-1km-N6859000-E602000", "northing_min": 6859000, "easting_min": 602000, "grid_size_m": 1000}}, {"type": "Feature", "geometry": {"type": "Polygon", "coordinates": [[[22.93728833960555, 61.81264221706634], [22.956216853910856, 61.813201484263836], [22.95503697557888, 61.82215594206232], [22.936102975393307, 61.8215964658472], [22.93728833960555, 61.81264221706634]]]}, "properties": {"grid_id": "ETRS-TM35FIN-1km-N6860000-E286000", "northing_min": 6860000, "easting_min": 286000, "grid_size_m": 1000}}, {"type": "Feature", "geometry": {"type": "Polygon", "coordinates": [[[24.833440002957584, 61.85564605317276], [24.85242902494696, 61.85594398045282], [24.851800917910637, 61.864914435191615], [24.832806352690874, 61.86461639625385], [24.833440002957584, 61.85564605317276]]]}, "properties": {"grid_id": "ETRS-TM35FIN-1km-N6860000-E386000", "northing_min": 6860000, "easting_min": 386000, "grid_size_m": 1000}}, {"type": "Feature", "geometry": {"type": "Polygon", "coordinates": [[[28.84423143719457, 61.86932643514793], [28.86323227806273, 61.86907035604771], [28.863777555235572, 61.878042353423844], [28.844771161475123, 61.878298528545756], [28.84423143719457, 61.86932643514793]]]}, "properties": {"grid_id": "ETRS-TM35FIN-1km-N6861000-E597000", "northing_min": 6861000, "easting_min": 597000, "grid_size_m": 1000}}, {"type": "Feature", "geometry": {"type": "Polygon", "coordinates": [[[28.86323227806273, 61.86907035604771], [28.882232754469165, 61.868811653690244], [28.88278358418783, 61.87778355406267], [28.863777555235572, 61.878042353423844], [28.86323227806273, 61.86907035604771]]]}, "properties": {"grid_id": "ETRS-TM35FIN-1km-N6861000-E598000", "northing_min": 6861000, "easting_min": 598000, "grid_size_m": 1000}}, {"type": "Feature", "geometry": {"type": "Polygon", "coordinates": [[[23.712042621640833, 61.8513582775791], [23.7310114011087, 61.85181093272425], [23.730055769869978, 61.860773086012095], [23.711081469522796, 61.860320261394385], [23.712042621640833, 61.8513582775791]]]}, "properties": {"grid_id": "ETRS-TM35FIN-1km-N6862000-E327000", "northing_min": 6862000, "easting_min": 327000, "grid_size_m": 1000}}, {"type": "Feature", "geometry": {"type": "Polygon", "coordinates": [[[23.67313479838826, 61.859406766888625], [23.692107811140396, 61.85986482162937], [23.691140493120855, 61.8688266144905], [23.672161957044576, 61.868368388230074], [23.67313479838826, 61.859406766888625]]]}, "properties": {"grid_id": "ETRS-TM35FIN-1km-N6863000-E325000", "northing_min": 6863000, "easting_min": 325000, "grid_size_m": 1000}}, {"type": "Feature", "geometry": {"type": "Polygon", "coordinates": [[[23.881872843267235, 61.86430151738492], [23.900852756224094, 61.864730798117385], [23.899946234432207, 61.87369441337194], [23.880960791604174, 61.873264971843014], [23.881872843267235, 61.86430151738492]]]}, "properties": {"grid_id": "ETRS-TM35FIN-1km-N6863000-E336000", "northing_min": 6863000, "easting_min": 336000, "grid_size_m": 1000}}, {"type": "Feature", "geometry": {"type": "Polygon", "coordinates": [[[26.086644238679643, 61.89661022909819], [26.10566970624801, 61.89673513629478], [26.10540763993247, 61.90571075218813], [26.08637659918647, 61.90558579810636], [26.086644238679643, 61.89661022909819]]]}, "properties": {"grid_id": "ETRS-TM35FIN-1km-N6863000-E452000", "northing_min": 6863000, "easting_min": 452000, "grid_size_m": 1000}}, {"type": "Feature", "geometry": {"type": "Polygon", "coordinates": [[[26.695527693760837, 61.899303131267935], [26.714556923575977, 61.899343895645345], [26.714473267756116, 61.9083204908505], [26.69543846118028, 61.90827971116912], [26.695527693760837, 61.899303131267935]]]}, "properties": {"grid_id": "ETRS-TM35FIN-1km-N6863000-E484000", "northing_min": 6863000, "easting_min": 484000, "grid_size_m": 1000}}, {"type": "Feature", "geometry": {"type": "Polygon", "coordinates": [[[27.190296162044923, 61.89950826894421], [27.209325634518045, 61.89948065413936], [27.209386982797284, 61.90845730068741], [27.190351933332334, 61.90848492585969], [27.190296162044923, 61.89950826894421]]]}, "properties": {"grid_id": "ETRS-TM35FIN-1km-N6863000-E510000", "northing_min": 6863000, "easting_min": 510000, "grid_size_m": 1000}}, {"type": "Feature", "geometry": {"type": "Polygon", "coordinates": [[[21.66484617284411, 61.80500180256536], [21.683735582751336, 61.80573614813425], [21.68218584778771, 61.81467433942352], [21.663290995180745, 61.81393971995236], [21.66484617284411, 61.80500180256536]]]}, "properties": {"grid_id": "ETRS-TM35FIN-1km-N6864000-E219000", "northing_min": 6864000, "easting_min": 219000, "grid_size_m": 1000}}, {"type": "Feature", "geometry": {"type": "Polygon", "coordinates": [[[22.913592452074553, 61.847896350341976], [22.932542139344804, 61.848459062623505], [22.931353610363587, 61.85741321165979], [22.912398423446053, 61.856850288906266], [22.913592452074553, 61.847896350341976]]]}, "properties": {"grid_id": "ETRS-TM35FIN-1km-N6864000-E285000", "northing_min": 6864000, "easting_min": 285000, "grid_size_m": 1000}}, {"type": "Feature", "geometry": {"type": "Polygon", "coordinates": [[[29.66322881824646, 61.88284874445888], [29.682227263864174, 61.882479550978125], [29.683012514077628, 61.89144643912553], [29.66400852256195, 61.89181577100769], [29.66322881824646, 61.88284874445888]]]}, "properties": {"grid_id": "ETRS-TM35FIN-1km-N6864000-E640000", "northing_min": 6864000, "easting_min": 640000, "grid_size_m": 1000}}, {"type": "Feature", "geometry": {"type": "Polygon", "coordinates": [[[29.682227263864174, 61.882479550978125], [29.70122518469962, 61.882107736397174], [29.702015980312357, 61.89107448516395], [29.683012514077628, 61.89144643912553], [29.682227263864174, 61.882479550978125]]]}, "properties": {"grid_id": "ETRS-TM35FIN-1km-N6864000-E641000", "northing_min": 6864000, "easting_min": 641000, "grid_size_m": 1000}}, {"type": "Feature", "geometry": {"type": "Polygon", "coordinates": [[[24.297984019687643, 61.89107448516395], [24.316987485922372, 61.89144643912553], [24.31620171042787, 61.90041330974037], [24.297192695098786, 61.9000412163167], [24.297984019687643, 61.89107448516395]]]}, "properties": {"grid_id": "ETRS-TM35FIN-1km-N6865000-E358000", "northing_min": 6865000, "easting_min": 358000, "grid_size_m": 1000}}, {"type": "Feature", "geometry": {"type": "Polygon", "coordinates": [[[21.524672590329292, 61.84446833470523], [21.54358190606547, 61.845222222951755], [21.541988803912332, 61.85415829999091], [21.52307403455125, 61.85340413035901], [21.524672590329292, 61.84446833470523]]]}, "properties": {"grid_id": "ETRS-TM35FIN-1km-N6869000-E212000", "northing_min": 6869000, "easting_min": 212000, "grid_size_m": 1000}}, {"type": "Feature", "geometry": {"type": "Polygon", "coordinates": [[[25.646736872860238, 61.946857020870674], [25.665790744108296, 61.9470427956649], [25.66539897246543, 61.95601700447894], [25.646339510452677, 61.95583115988037], [25.646736872860238, 61.946857020870674]]]}, "properties": {"grid_id": "ETRS-TM35FIN-1km-N6869000-E429000", "northing_min": 6869000, "easting_min": 429000, "grid_size_m": 1000}}, {"type": "Feature", "geometry": {"type": "Polygon", "coordinates": [[[26.675928713907226, 61.95311894055161], [26.694991400330284, 61.953162432692096], [26.69490180817106, 61.96213894141713], [26.675833522573093, 61.962095432927946], [26.675928713907226, 61.95311894055161]]]}, "properties": {"grid_id": "ETRS-TM35FIN-1km-N6869000-E483000", "northing_min": 6869000, "easting_min": 483000, "grid_size_m": 1000}}, {"type": "Feature", "geometry": {"type": "Polygon", "coordinates": [[[25.97038355935361, 61.958632185294825], [25.989446979478956, 61.95877323513185], [25.989150087163225, 61.96774846670533], [25.970081068749423, 61.96760736384841], [25.97038355935361, 61.958632185294825]]]}, "properties": {"grid_id": "ETRS-TM35FIN-1km-N6870000-E446000", "northing_min": 6870000, "easting_min": 446000, "grid_size_m": 1000}}, {"type": "Feature", "geometry": {"type": "Polygon", "coordinates": [[[27.076319991619027, 61.98040858943259], [27.095399961282588, 61.98039671436589], [27.09542801595054, 61.9893733021805], [27.076342435374972, 61.98938518171396], [27.076319991619027, 61.98040858943259]]]}, "properties": {"grid_id": "ETRS-TM35FIN-1km-N6872000-E504000", "northing_min": 6872000, "easting_min": 504000, "grid_size_m": 1000}}, {"type": "Feature", "geometry": {"type": "Polygon", "coordinates": [[[27.648695605361933, 61.978904468259636], [27.667773372478724, 61.97881343283635], [27.66796972997623, 61.987789425136356], [27.648886354051445, 61.987880494798816], [27.648695605361933, 61.978904468259636]]]}, "properties": {"grid_id": "ETRS-TM35FIN-1km-N6872000-E534000", "northing_min": 6872000, "easting_min": 534000, "grid_size_m": 1000}}, {"type": "Feature", "geometry": {"type": "Polygon", "coordinates": [[[28.27817183025841, 61.974507516516276], [28.29724326374716, 61.974329441739435], [28.29762461982008, 61.983303747826135], [28.27854758357172, 61.98348188955887], [28.27817183025841, 61.974507516516276]]]}, "properties": {"grid_id": "ETRS-TM35FIN-1km-N6872000-E567000", "northing_min": 6872000, "easting_min": 567000, "grid_size_m": 1000}}, {"type": "Feature", "geometry": {"type": "Polygon", "coordinates": [[[26.923657564625028, 61.98938518171396], [26.94274316027694, 61.9893944213558], [26.942726316140117, 61.99837100533651], [26.923635105792734, 61.9983617622185], [26.923657564625028, 61.98938518171396]]]}, "properties": {"grid_id": "ETRS-TM35FIN-1km-N6873000-E496000", "northing_min": 6873000, "easting_min": 496000, "grid_size_m": 1000}}, {"type": "Feature", "geometry": {"type": "Polygon", "coordinates": [[[21.952474435178743, 61.90586052161731], [21.971434635052095, 61.90655595138904], [21.969962335046414, 61.91549807688605], [21.950996641346443, 61.91480238699657], [21.952474435178743, 61.90586052161731]]]}, "properties": {"grid_id": "ETRS-TM35FIN-1km-N6874000-E235000", "northing_min": 6874000, "easting_min": 235000, "grid_size_m": 1000}}, {"type": "Feature", "geometry": {"type": "Polygon", "coordinates": [[[23.0133188498057, 61.95869412835336], [23.032339526761014, 61.95924365162036], [23.03117470817014, 61.968198751669014], [23.012148483181193, 61.96764902230294], [23.0133188498057, 61.95869412835336]]]}, "properties": {"grid_id": "ETRS-TM35FIN-1km-N6876000-E291000", "northing_min": 6876000, "easting_min": 291000, "grid_size_m": 1000}}, {"type": "Feature", "geometry": {"type": "Polygon", "coordinates": [[[24.308314954859824, 61.99008105092702], [24.32738019594028, 61.990451910580425], [24.326594199736817, 61.9994187275127], [24.3075233681784, 61.999047728482104], [24.308314954859824, 61.99008105092702]]]}, "properties": {"grid_id": "ETRS-TM35FIN-1km-N6876000-E359000", "northing_min": 6876000, "easting_min": 359000, "grid_size_m": 1000}}, {"type": "Feature", "geometry": {"type": "Polygon", "coordinates": [[[23.94528277567242, 61.99149847747163], [23.964342873822584, 61.9919194948693], [23.96345015007382, 62.000883476002656], [23.94438446794665, 62.000462300422214], [23.94528277567242, 61.99149847747163]]]}, "properties": {"grid_id": "ETRS-TM35FIN-1km-N6877000-E340000", "northing_min": 6877000, "easting_min": 340000, "grid_size_m": 1000}}, {"type": "Feature", "geometry": {"type": "Polygon", "coordinates": [[[26.751596079981756, 62.02508917776619], [26.77070388465619, 62.02512222588823], [26.770636327737144, 62.03409869559651], [26.751522893515556, 62.03406563503048], [26.751596079981756, 62.02508917776619]]]}, "properties": {"grid_id": "ETRS-TM35FIN-1km-N6877000-E487000", "northing_min": 6877000, "easting_min": 487000, "grid_size_m": 1000}}, {"type": "Feature", "geometry": {"type": "Polygon", "coordinates": [[[28.986533586747104, 62.01101941606727], [29.005621051485193, 62.01074332269952], [29.00621148591332, 62.01971438071088], [28.98711841107661, 62.01999057794196], [28.986533586747104, 62.01101941606727]]]}, "properties": {"grid_id": "ETRS-TM35FIN-1km-N6877000-E604000", "northing_min": 6877000, "easting_min": 604000, "grid_size_m": 1000}}, {"type": "Feature", "geometry": {"type": "Polygon", "coordinates": [[[23.63941806518452, 61.99336565226381], [23.658473655915714, 61.993828919817936], [23.657491000797304, 62.00279023131846], [23.638429831982975, 62.0023267897517], [23.63941806518452, 61.99336565226381]]]}, "properties": {"grid_id": "ETRS-TM35FIN-1km-N6878000-E324000", "northing_min": 6878000, "easting_min": 324000, "grid_size_m": 1000}}, {"type": "Feature", "geometry": {"type": "Polygon", "coordinates": [[[26.139686191461713, 62.04058688664033], [26.158801802581863, 62.04070461291536], [26.158553808149506, 62.049680166105055], [26.139432563214157, 62.049562395489396], [26.139686191461713, 62.04058688664033]]]}, "properties": {"grid_id": "ETRS-TM35FIN-1km-N6879000-E455000", "northing_min": 6879000, "easting_min": 455000, "grid_size_m": 1000}}, {"type": "Feature", "geometry": {"type": "Polygon", "coordinates": [[[29.102909038954987, 62.03623480875104], [29.122010903675466, 62.035942557443406], [29.12263624976727, 62.04491292537342], [29.103528765986887, 62.04520528668045], [29.102909038954987, 62.03623480875104]]]}, "properties": {"grid_id": "ETRS-TM35FIN-1km-N6880000-E610000", "northing_min": 6880000, "easting_min": 610000, "grid_size_m": 1000}}, {"type": "Feature", "geometry": {"type": "Polygon", "coordinates": [[[21.391592189333544, 61.94709715156689], [21.410560678220584, 61.94787006077885], [21.408921815557473, 61.95680399663068], [21.38994783612027, 61.956030798303935], [21.391592189333544, 61.94709715156689]]]}, "properties": {"grid_id": "ETRS-TM35FIN-1km-N6881000-E206000", "northing_min": 6881000, "easting_min": 206000, "grid_size_m": 1000}}, {"type": "Feature", "geometry": {"type": "Polygon", "coordinates": [[[23.9798514394341, 62.02819432009361], [23.99893509367594, 62.028610700406865], [23.99805116982367, 62.037574919081855], [23.978961915526465, 62.037158382187236], [23.9798514394341, 62.02819432009361]]]}, "properties": {"grid_id": "ETRS-TM35FIN-1km-N6881000-E342000", "northing_min": 6881000, "easting_min": 342000, "grid_size_m": 1000}}, {"type": "Feature", "geometry": {"type": "Polygon", "coordinates": [[[29.46649539882087, 62.03919881510392], [29.48559424874108, 62.0388562829353], [29.486326768596026, 62.047824355851425], [29.467222304102375, 62.04816701692064], [29.46649539882087, 62.03919881510392]]]}, "properties": {"grid_id": "ETRS-TM35FIN-1km-N6881000-E629000", "northing_min": 6881000, "easting_min": 629000, "grid_size_m": 1000}}, {"type": "Feature", "geometry": {"type": "Polygon", "coordinates": [[[23.95987325882916, 62.036739209039844], [23.978961915526465, 62.037158382187236], [23.978071794018817, 62.04612242520991], [23.95897753409297, 62.045703094401894], [23.95987325882916, 62.036739209039844]]]}, "properties": {"grid_id": "ETRS-TM35FIN-1km-N6882000-E341000", "northing_min": 6882000, "easting_min": 341000, "grid_size_m": 1000}}, {"type": "Feature", "geometry": {"type": "Polygon", "coordinates": [[[24.09350627424351, 62.039618054247605], [24.11259903549126, 62.04001877033004], [24.111748152367053, 62.04898388932638], [24.092649783969723, 62.04858302249697], [24.09350627424351, 62.039618054247605]]]}, "properties": {"grid_id": "ETRS-TM35FIN-1km-N6882000-E348000", "northing_min": 6882000, "easting_min": 348000, "grid_size_m": 1000}}, {"type": "Feature", "geometry": {"type": "Polygon", "coordinates": [[[27.07654510934706, 62.0701739825889], [27.09568135817127, 62.07016206273606], [27.095709602106467, 62.07913853286858], [27.076567704517085, 62.07915045721461], [27.07654510934706, 62.0701739825889]]]}, "properties": {"grid_id": "ETRS-TM35FIN-1km-N6882000-E504000", "northing_min": 6882000, "easting_min": 504000, "grid_size_m": 1000}}, {"type": "Feature", "geometry": {"type": "Polygon", "coordinates": [[[23.825334778029585, 62.04269394956783], [23.844424745891658, 62.043131736527876], [23.843494789587123, 62.05209463546557], [23.824399218849955, 62.051656683841486], [23.825334778029585, 62.04269394956783]]]}, "properties": {"grid_id": "ETRS-TM35FIN-1km-N6883000-E334000", "northing_min": 6883000, "easting_min": 334000, "grid_size_m": 1000}}, {"type": "Feature", "geometry": {"type": "Polygon", "coordinates": [[[23.920790823739846, 62.04485652170572], [23.939883876084625, 62.0452811265136], [23.938981943030562, 62.05424483396644], [23.91988328486419, 62.05382006943003], [23.920790823739846, 62.04485652170572]]]}, "properties": {"grid_id": "ETRS-TM35FIN-1km-N6883000-E339000", "northing_min": 6883000, "easting_min": 339000, "grid_size_m": 1000}}, {"type": "Feature", "geometry": {"type": "Polygon", "coordinates": [[[23.939883876084625, 62.0452811265136], [23.95897753409297, 62.045703094401894], [23.958081207439154, 62.05466696059574], [23.938981943030562, 62.05424483396644], [23.939883876084625, 62.0452811265136]]]}, "properties": {"grid_id": "ETRS-TM35FIN-1km-N6883000-E340000", "northing_min": 6883000, "easting_min": 340000, "grid_size_m": 1000}}, {"type": "Feature", "geometry": {"type": "Polygon", "coordinates": [[[25.64114944865168, 62.07249376204507], [25.66028193287942, 62.07268051784293], [25.659886458818846, 62.081654541893435], [25.640748331042975, 62.081467715714005], [25.64114944865168, 62.07249376204507]]]}, "properties": {"grid_id": "ETRS-TM35FIN-1km-N6883000-E429000", "northing_min": 6883000, "easting_min": 429000, "grid_size_m": 1000}}, {"type": "Feature", "geometry": {"type": "Polygon", "coordinates": [[[30.23193134184882, 62.04136477375335], [30.25101877477232, 62.040916444066], [30.251976739417447, 62.04987850981837], [30.2328837060399, 62.05032700811553], [30.23193134184882, 62.04136477375335]]]}, "properties": {"grid_id": "ETRS-TM35FIN-1km-N6883000-E669000", "northing_min": 6883000, "easting_min": 669000, "grid_size_m": 1000}}, {"type": "Feature", "geometry": {"type": "Polygon", "coordinates": [[[30.25101877477232, 62.040916444066], [30.270105564613086, 62.040465479120975], [30.27106912909815, 62.049427375277524], [30.251976739417447, 62.04987850981837], [30.25101877477232, 62.040916444066]]]}, "properties": {"grid_id": "ETRS-TM35FIN-1km-N6883000-E670000", "northing_min": 6883000, "easting_min": 670000, "grid_size_m": 1000}}, {"type": "Feature", "geometry": {"type": "Polygon", "coordinates": [[[22.90862001627922, 62.02753728902062], [22.927681198895428, 62.0281016063974], [22.92648223858843, 62.03705546622233], [22.90741548216749, 62.03649093688081], [22.90862001627922, 62.02753728902062]]]}, "properties": {"grid_id": "ETRS-TM35FIN-1km-N6884000-E286000", "northing_min": 6884000, "easting_min": 286000, "grid_size_m": 1000}}, {"type": "Feature", "geometry": {"type": "Polygon", "coordinates": [[[23.938981943030562, 62.05424483396644], [23.958081207439154, 62.05466696059574], [23.957184278292623, 62.0636308076167], [23.938079403734168, 62.063208522153055], [23.938981943030562, 62.05424483396644]]]}, "properties": {"grid_id": "ETRS-TM35FIN-1km-N6884000-E340000", "northing_min": 6884000, "easting_min": 340000, "grid_size_m": 1000}}, {"type": "Feature", "geometry": {"type": "Polygon", "coordinates": [[[27.765862930299633, 62.08602754942345], [27.785007395715084, 62.08592020094405], [27.78523926683616, 62.09489581995837], [27.766089147999576, 62.09500320891397], [27.765862930299633, 62.08602754942345]]]}, "properties": {"grid_id": "ETRS-TM35FIN-1km-N6884000-E540000", "northing_min": 6884000, "easting_min": 540000, "grid_size_m": 1000}}, {"type": "Feature", "geometry": {"type": "Polygon", "coordinates": [[[23.040899543187983, 62.040387427053545], [23.059971853673048, 62.04093354935301], [23.05881115266265, 62.04988884131159], [23.039733259370017, 62.04934251378599], [23.040899543187983, 62.040387427053545]]]}, "properties": {"grid_id": "ETRS-TM35FIN-1km-N6885000-E293000", "northing_min": 6885000, "easting_min": 293000, "grid_size_m": 1000}}, {"type": "Feature", "geometry": {"type": "Polygon", "coordinates": [[[27.28729653493878, 62.09682625430289], [27.3064493221, 62.09678515115263], [27.30653988326945, 62.10576147050293], [27.28738143631861, 62.105802589156504], [27.28729653493878, 62.09682625430289]]]}, "properties": {"grid_id": "ETRS-TM35FIN-1km-N6885000-E515000", "northing_min": 6885000, "easting_min": 515000, "grid_size_m": 1000}}, {"type": "Feature", "geometry": {"type": "Polygon", "coordinates": [[[23.345070988470862, 62.05776787259198], [23.3641609044484, 62.05827207350997], [23.363088907232722, 62.06723049317828], [23.343993393255136, 62.06672610264277], [23.345070988470862, 62.05776787259198]]]}, "properties": {"grid_id": "ETRS-TM35FIN-1km-N6886000-E309000", "northing_min": 6886000, "easting_min": 309000, "grid_size_m": 1000}}, {"type": "Feature", "geometry": {"type": "Polygon", "coordinates": [[[25.620796129502285, 62.099225965998265], [25.639945285094495, 62.09941558336139], [25.639543356236533, 62.10838949734202], [25.62038854595292, 62.10819980847404], [25.620796129502285, 62.099225965998265]]]}, "properties": {"grid_id": "ETRS-TM35FIN-1km-N6886000-E428000", "northing_min": 6886000, "easting_min": 428000, "grid_size_m": 1000}}, {"type": "Feature", "geometry": {"type": "Polygon", "coordinates": [[[26.46356460700735, 62.10506113948697], [26.482722069456987, 62.10513408953246], [26.482569152244306, 62.11411016038613], [26.463406027134127, 62.11403718282064], [26.46356460700735, 62.10506113948697]]]}, "properties": {"grid_id": "ETRS-TM35FIN-1km-N6886000-E472000", "northing_min": 6886000, "easting_min": 472000, "grid_size_m": 1000}}, {"type": "Feature", "geometry": {"type": "Polygon", "coordinates": [[[30.158366998556748, 62.07002037411093], [30.177473786282956, 62.06958209286827], [30.178411233438435, 62.078544767610765], [30.159298831591173, 62.07898321380815], [30.158366998556748, 62.07002037411093]]]}, "properties": {"grid_id": "ETRS-TM35FIN-1km-N6886000-E665000", "northing_min": 6886000, "easting_min": 665000, "grid_size_m": 1000}}, {"type": "Feature", "geometry": {"type": "Polygon", "coordinates": [[[29.872539696166342, 62.08524300925936], [29.891661104829474, 62.084844180843554], [29.892514853041906, 62.09380920758588], [29.87338781788496, 62.0942081862017], [29.872539696166342, 62.08524300925936]]]}, "properties": {"grid_id": "ETRS-TM35FIN-1km-N6887000-E650000", "northing_min": 6887000, "easting_min": 650000, "grid_size_m": 1000}}, {"type": "Feature", "geometry": {"type": "Polygon", "coordinates": [[[25.75410953080932, 62.11844625994488], [25.773271817896553, 62.11861745283397], [25.772908990167082, 62.12759181349062], [25.75374103902388, 62.1274205560116], [25.75410953080932, 62.11844625994488]]]}, "properties": {"grid_id": "ETRS-TM35FIN-1km-N6888000-E435000", "northing_min": 6888000, "easting_min": 435000, "grid_size_m": 1000}}, {"type": "Feature", "geometry": {"type": "Polygon", "coordinates": [[[30.14111264430218, 62.08838200395641], [30.16023129139859, 62.087946033748054], [30.161164378578462, 62.0969088339254], [30.142040109245674, 62.097344968293065], [30.14111264430218, 62.08838200395641]]]}, "properties": {"grid_id": "ETRS-TM35FIN-1km-N6888000-E664000", "northing_min": 6888000, "easting_min": 664000, "grid_size_m": 1000}}, {"type": "Feature", "geometry": {"type": "Polygon", "coordinates": [[[26.156314329085063, 62.130459590496486], [26.175486617667552, 62.1305751064822], [26.17524261917918, 62.13955058012804], [26.156064658558126, 62.13943502054092], [26.156314329085063, 62.130459590496486]]]}, "properties": {"grid_id": "ETRS-TM35FIN-1km-N6889000-E456000", "northing_min": 6889000, "easting_min": 456000, "grid_size_m": 1000}}, {"type": "Feature", "geometry": {"type": "Polygon", "coordinates": [[[29.070195218194435, 62.117547097130675], [29.089348626569727, 62.11725915300888], [29.089966465226606, 62.12622960275089], [29.0708074029334, 62.126517655462855], [29.070195218194435, 62.117547097130675]]]}, "properties": {"grid_id": "ETRS-TM35FIN-1km-N6889000-E608000", "northing_min": 6889000, "easting_min": 608000, "grid_size_m": 1000}}, {"type": "Feature", "geometry": {"type": "Polygon", "coordinates": [[[30.103789701717858, 62.0982093102715], [30.122915215703994, 62.097778460463616], [30.123837678259033, 62.10674156839472], [30.104706537081565, 62.107172580477595], [30.103789701717858, 62.0982093102715]]]}, "properties": {"grid_id": "ETRS-TM35FIN-1km-N6889000-E662000", "northing_min": 6889000, "easting_min": 662000, "grid_size_m": 1000}}, {"type": "Feature", "geometry": {"type": "Polygon", "coordinates": [[[25.676680348779765, 62.13568300424376], [25.695852949689378, 62.13586494478429], [25.695466946915552, 62.14483901487862], [25.676288675289204, 62.14465700566694], [25.676680348779765, 62.13568300424376]]]}, "properties": {"grid_id": "ETRS-TM35FIN-1km-N6890000-E431000", "northing_min": 6890000, "easting_min": 431000, "grid_size_m": 1000}}, {"type": "Feature", "geometry": {"type": "Polygon", "coordinates": [[[27.498709979092954, 62.14110870497164], [27.517890218528947, 62.141038301240535], [27.518043548828835, 62.150014324297516], [27.498857631338254, 62.15008475461094], [27.498709979092954, 62.14110870497164]]]}, "properties": {"grid_id": "ETRS-TM35FIN-1km-N6890000-E526000", "northing_min": 6890000, "easting_min": 526000, "grid_size_m": 1000}}, {"type": "Feature", "geometry": {"type": "Polygon", "coordinates": [[[30.25773806647402, 62.1036504792744], [30.276864133883997, 62.10319832506195], [30.27783224345159, 62.112160078779254], [30.25870054993861, 62.11261240328729], [30.25773806647402, 62.1036504792744]]]}, "properties": {"grid_id": "ETRS-TM35FIN-1km-N6890000-E670000", "northing_min": 6890000, "easting_min": 670000, "grid_size_m": 1000}}, {"type": "Feature", "geometry": {"type": "Polygon", "coordinates": [[[25.676288675289204, 62.14465700566694], [25.695466946915552, 62.14483901487862], [25.69508068363439, 62.15381307187366], [25.67589673746779, 62.15363099395022], [25.676288675289204, 62.14465700566694]]]}, "properties": {"grid_id": "ETRS-TM35FIN-1km-N6891000-E431000", "northing_min": 6891000, "easting_min": 431000, "grid_size_m": 1000}}, {"type": "Feature", "geometry": {"type": "Polygon", "coordinates": [[[25.772182600253707, 62.145540495969094], [25.791362136174893, 62.14570922696599], [25.791004249275613, 62.15468361249319], [25.771819037599535, 62.1545148177936], [25.772182600253707, 62.145540495969094]]]}, "properties": {"grid_id": "ETRS-TM35FIN-1km-N6891000-E436000", "northing_min": 6891000, "easting_min": 436000, "grid_size_m": 1000}}, {"type": "Feature", "geometry": {"type": "Polygon", "coordinates": [[[21.335388896925522, 62.04380519244795], [21.354415759849626, 62.04458652123078], [21.352753740497178, 62.05351946944397], [21.33372134930047, 62.05273784775678], [21.335388896925522, 62.04380519244795]]]}, "properties": {"grid_id": "ETRS-TM35FIN-1km-N6892000-E204000", "northing_min": 6892000, "easting_min": 204000, "grid_size_m": 1000}}, {"type": "Feature", "geometry": {"type": "Polygon", "coordinates": [[[23.912600965113388, 62.1255277538502], [23.93174460511143, 62.125953799603806], [23.930837194955743, 62.13491733348839], [23.91168791526779, 62.13449112715764], [23.912600965113388, 62.1255277538502]]]}, "properties": {"grid_id": "ETRS-TM35FIN-1km-N6892000-E339000", "northing_min": 6892000, "easting_min": 339000, "grid_size_m": 1000}}, {"type": "Feature", "geometry": {"type": "Polygon", "coordinates": [[[25.484072459281407, 62.151664122614015], [25.50325358743303, 62.15187276161233], [25.5028102916024, 62.16084607289275], [25.483623487791192, 62.16063735512276], [25.484072459281407, 62.151664122614015]]]}, "properties": {"grid_id": "ETRS-TM35FIN-1km-N6892000-E421000", "northing_min": 6892000, "easting_min": 421000, "grid_size_m": 1000}}, {"type": "Feature", "geometry": {"type": "Polygon", "coordinates": [[[26.136375664494544, 62.15726753897159], [26.15556481185669, 62.15738584372064], [26.155314635358216, 62.16636123685986], [26.136119804629335, 62.166242887428396], [26.136375664494544, 62.15726753897159]]]}, "properties": {"grid_id": "ETRS-TM35FIN-1km-N6892000-E455000", "northing_min": 6892000, "easting_min": 455000, "grid_size_m": 1000}}, {"type": "Feature", "geometry": {"type": "Polygon", "coordinates": [[[26.25151300427511, 62.15793749836685], [26.270703107040692, 62.158039855179446], [26.270487034021972, 62.16701549533787], [26.25129124697112, 62.16691309986455], [26.25151300427511, 62.15793749836685]]]}, "properties": {"grid_id": "ETRS-TM35FIN-1km-N6892000-E461000", "northing_min": 6892000, "easting_min": 461000, "grid_size_m": 1000}}, {"type": "Feature", "geometry": {"type": "Polygon", "coordinates": [[[27.786866748477454, 62.15772481050086], [27.806056390795376, 62.15761447952922], [27.806295200077155, 62.16658995902264], [27.787099873916652, 62.16670033166602], [27.786866748477454, 62.15772481050086]]]}, "properties": {"grid_id": "ETRS-TM35FIN-1km-N6892000-E541000", "northing_min": 6892000, "easting_min": 541000, "grid_size_m": 1000}}, {"type": "Feature", "geometry": {"type": "Polygon", "coordinates": [[[30.259663681421095, 62.121574307028744], [30.278801004803213, 62.12112181212478], [30.279770418562872, 62.13008352509263], [30.260627461541937, 62.13053619049298], [30.259663681421095, 62.121574307028744]]]}, "properties": {"grid_id": "ETRS-TM35FIN-1km-N6892000-E670000", "northing_min": 6892000, "easting_min": 670000, "grid_size_m": 1000}}, {"type": "Feature", "geometry": {"type": "Polygon", "coordinates": [[[25.848220230301937, 62.164148613106335], [25.867412065960494, 62.164306839783244], [25.867076431547815, 62.17328144458474], [25.847878911565203, 62.173123158142744], [25.848220230301937, 62.164148613106335]]]}, "properties": {"grid_id": "ETRS-TM35FIN-1km-N6893000-E440000", "northing_min": 6893000, "easting_min": 440000, "grid_size_m": 1000}}, {"type": "Feature", "geometry": {"type": "Polygon", "coordinates": [[[26.961591355011784, 62.177906868306636], [26.980795675583032, 62.177910859626685], [26.98078998087565, 62.18688720093927], [26.961579965600713, 62.18688320811084], [26.961591355011784, 62.177906868306636]]]}, "properties": {"grid_id": "ETRS-TM35FIN-1km-N6894000-E498000", "northing_min": 6894000, "easting_min": 498000, "grid_size_m": 1000}}, {"type": "Feature", "geometry": {"type": "Polygon", "coordinates": [[[25.713121582518088, 62.18091478906], [25.732323094465265, 62.18109175425857], [25.73194716714198, 62.19006589360535], [25.712739964824312, 62.18988886154028], [25.713121582518088, 62.18091478906]]]}, "properties": {"grid_id": "ETRS-TM35FIN-1km-N6895000-E433000", "northing_min": 6895000, "easting_min": 433000, "grid_size_m": 1000}}, {"type": "Feature", "geometry": {"type": "Polygon", "coordinates": [[[25.732323094465265, 62.18109175425857], [25.75152486024533, 62.181266059802375], [25.751154623536713, 62.19024026501145], [25.73194716714198, 62.19006589360535], [25.732323094465265, 62.18109175425857]]]}, "properties": {"grid_id": "ETRS-TM35FIN-1km-N6895000-E434000", "northing_min": 6895000, "easting_min": 434000, "grid_size_m": 1000}}, {"type": "Feature", "geometry": {"type": "Polygon", "coordinates": [[[25.866740570400868, 62.18225603663054], [25.885944005497116, 62.18241172277024], [25.88561360961848, 62.19138636089323], [25.866404482301572, 62.191230615922166], [25.866740570400868, 62.18225603663054]]]}, "properties": {"grid_id": "ETRS-TM35FIN-1km-N6895000-E441000", "northing_min": 6895000, "easting_min": 441000, "grid_size_m": 1000}}, {"type": "Feature", "geometry": {"type": "Polygon", "coordinates": [[[29.76432959074999, 62.15930844165883], [29.78349950857693, 62.15892431374978], [29.784323920792353, 62.167890083199026], [29.765148342953168, 62.16827435604112], [29.76432959074999, 62.15930844165883]]]}, "properties": {"grid_id": "ETRS-TM35FIN-1km-N6895000-E644000", "northing_min": 6895000, "easting_min": 644000, "grid_size_m": 1000}}, {"type": "Feature", "geometry": {"type": "Polygon", "coordinates": [[[21.30966412291648, 62.078750469121864], [21.32871200066996, 62.07953558898549], [21.327039978998865, 62.08846809442137], [21.30798655946363, 62.08768268000104], [21.30966412291648, 62.078750469121864]]]}, "properties": {"grid_id": "ETRS-TM35FIN-1km-N6896000-E203000", "northing_min": 6896000, "easting_min": 203000, "grid_size_m": 1000}}, {"type": "Feature", "geometry": {"type": "Polygon", "coordinates": [[[24.771317709858497, 62.186926209163424], [24.790513440362588, 62.18723362607382], [24.789858159984217, 62.19620327813708], [24.770656747934908, 62.19589574511026], [24.771317709858497, 62.186926209163424]]]}, "properties": {"grid_id": "ETRS-TM35FIN-1km-N6897000-E384000", "northing_min": 6897000, "easting_min": 384000, "grid_size_m": 1000}}, {"type": "Feature", "geometry": {"type": "Polygon", "coordinates": [[[25.520243957601213, 62.19694555526096], [25.53945409942731, 62.19714926694949], [25.539020694739236, 62.206122665580885], [25.519804857505324, 62.20591887689629], [25.520243957601213, 62.19694555526096]]]}, "properties": {"grid_id": "ETRS-TM35FIN-1km-N6897000-E423000", "northing_min": 6897000, "easting_min": 423000, "grid_size_m": 1000}}, {"type": "Feature", "geometry": {"type": "Polygon", "coordinates": [[[25.808425076612924, 62.19972179851908], [25.827639206282786, 62.19988558850989], [25.82729126445544, 62.20886002147818], [25.808071435539198, 62.20869616956903], [25.808425076612924, 62.19972179851908]]]}, "properties": {"grid_id": "ETRS-TM35FIN-1km-N6897000-E438000", "northing_min": 6897000, "easting_min": 438000, "grid_size_m": 1000}}, {"type": "Feature", "geometry": {"type": "Polygon", "coordinates": [[[25.90449803733724, 62.20051412796319], [25.923713303952134, 62.200664607396384], [25.92339386167746, 62.209639334870175], [25.9041728947216, 62.20948879854755], [25.90449803733724, 62.20051412796319]]]}, "properties": {"grid_id": "ETRS-TM35FIN-1km-N6897000-E443000", "northing_min": 6897000, "easting_min": 443000, "grid_size_m": 1000}}, {"type": "Feature", "geometry": {"type": "Polygon", "coordinates": [[[23.255469897504767, 62.16321275324055], [23.27462428687132, 62.16372982075285], [23.273521030942227, 62.172687201830406], [23.254361001347952, 62.17216993939226], [23.255469897504767, 62.16321275324055]]]}, "properties": {"grid_id": "ETRS-TM35FIN-1km-N6898000-E305000", "northing_min": 6898000, "easting_min": 305000, "grid_size_m": 1000}}, {"type": "Feature", "geometry": {"type": "Polygon", "coordinates": [[[24.98189599963952, 62.199132392696946], [25.00110207122686, 62.19941068010253], [25.000508914508448, 62.20838152839922], [24.981297153065267, 62.20810313583492], [24.98189599963952, 62.199132392696946]]]}, "properties": {"grid_id": "ETRS-TM35FIN-1km-N6898000-E395000", "northing_min": 6898000, "easting_min": 395000, "grid_size_m": 1000}}, {"type": "Feature", "geometry": {"type": "Polygon", "coordinates": [[[25.6735395453482, 62.20747464777536], [25.692757619255907, 62.20765713882479], [25.69236952539783, 62.21663110415795], [25.673145750082277, 62.2164485441112], [25.6735395453482, 62.20747464777536]]]}, "properties": {"grid_id": "ETRS-TM35FIN-1km-N6898000-E431000", "northing_min": 6898000, "easting_min": 431000, "grid_size_m": 1000}}, {"type": "Feature", "geometry": {"type": "Polygon", "coordinates": [[[25.692757619255907, 62.20765713882479], [25.71197595542956, 62.20783696734267], [25.71159356323187, 62.21681100066725], [25.69236952539783, 62.21663110415795], [25.692757619255907, 62.20765713882479]]]}, "properties": {"grid_id": "ETRS-TM35FIN-1km-N6898000-E432000", "northing_min": 6898000, "easting_min": 432000, "grid_size_m": 1000}}, {"type": "Feature", "geometry": {"type": "Polygon", "coordinates": [[[28.941277325761714, 62.20022958576086], [28.960484587638618, 62.19995927674007], [28.96106636349281, 62.20893033234507], [28.94185341061489, 62.2092007435153], [28.941277325761714, 62.20022958576086]]]}, "properties": {"grid_id": "ETRS-TM35FIN-1km-N6898000-E601000", "northing_min": 6898000, "easting_min": 601000, "grid_size_m": 1000}}, {"type": "Feature", "geometry": {"type": "Polygon", "coordinates": [[[29.517308700904383, 62.19096385797922], [29.53650250867762, 62.190613811787216], [29.537254822258333, 62.19958133687814], [29.518055336422538, 62.19993151527061], [29.517308700904383, 62.19096385797922]]]}, "properties": {"grid_id": "ETRS-TM35FIN-1km-N6898000-E631000", "northing_min": 6898000, "easting_min": 631000, "grid_size_m": 1000}}, {"type": "Feature", "geometry": {"type": "Polygon", "coordinates": [[[25.750042411041797, 62.21716280279721], [25.76926721331008, 62.21733470828223], [25.768901680468417, 62.226308926613456], [25.749671171950073, 62.22613695611636], [25.750042411041797, 62.21716280279721]]]}, "properties": {"grid_id": "ETRS-TM35FIN-1km-N6899000-E435000", "northing_min": 6899000, "easting_min": 435000, "grid_size_m": 1000}}, {"type": "Feature", "geometry": {"type": "Polygon", "coordinates": [[[25.807717555301924, 62.21767052776094], [25.82694308731602, 62.217834441625136], [25.826594674637903, 62.22680884895227], [25.80736343567077, 62.22664487309621], [25.807717555301924, 62.21767052776094]]]}, "properties": {"grid_id": "ETRS-TM35FIN-1km-N6899000-E438000", "northing_min": 6899000, "easting_min": 438000, "grid_size_m": 1000}}, {"type": "Feature", "geometry": {"type": "Polygon", "coordinates": [[[25.82694308731602, 62.217834441625136], [25.84616885486876, 62.217995691487964], [25.845826149370584, 62.2269701598001], [25.826594674637903, 62.22680884895227], [25.82694308731602, 62.217834441625136]]]}, "properties": {"grid_id": "ETRS-TM35FIN-1km-N6899000-E439000", "northing_min": 6899000, "easting_min": 439000, "grid_size_m": 1000}}, {"type": "Feature", "geometry": {"type": "Polygon", "coordinates": [[[26.249957552468633, 62.22076645326221], [26.269187525968782, 62.22086908118171], [26.268970428322067, 62.229844636324295], [26.249734743589535, 62.22974196958326], [26.249957552468633, 62.22076645326221]]]}, "properties": {"grid_id": "ETRS-TM35FIN-1km-N6899000-E461000", "northing_min": 6899000, "easting_min": 461000, "grid_size_m": 1000}}, {"type": "Feature", "geometry": {"type": "Polygon", "coordinates": [[[25.672751688444816, 62.225422427316325], [25.69198116902121, 62.22560505640129], [25.691592549873192, 62.234578995556035], [25.672357360179248, 62.234396297391825], [25.672751688444816, 62.225422427316325]]]}, "properties": {"grid_id": "ETRS-TM35FIN-1km-N6900000-E431000", "northing_min": 6900000, "easting_min": 431000, "grid_size_m": 1000}}, {"type": "Feature", "geometry": {"type": "Polygon", "coordinates": [[[25.730440914631036, 62.2259623208702], [25.749671171950073, 62.22613695611636], [25.749299681658997, 62.23511109646626], [25.73006371447397, 62.23493639516222], [25.730440914631036, 62.2259623208702]]]}, "properties": {"grid_id": "ETRS-TM35FIN-1km-N6900000-E434000", "northing_min": 6900000, "easting_min": 434000, "grid_size_m": 1000}}, {"type": "Feature", "geometry": {"type": "Polygon", "coordinates": [[[27.423241260473954, 62.23112467995095], [27.442478832399086, 62.2310646761398], [27.442610335621758, 62.24004068077557], [27.42336704678049, 62.24010070729149], [27.423241260473954, 62.23112467995095]]]}, "properties": {"grid_id": "ETRS-TM35FIN-1km-N6900000-E522000", "northing_min": 6900000, "easting_min": 522000, "grid_size_m": 1000}}, {"type": "Feature", "geometry": {"type": "Polygon", "coordinates": [[[30.28657463489217, 62.19281494479918], [30.305756475808636, 62.19235843117871], [30.306736794688277, 62.20131980861403], [30.287549290477415, 62.201776494533696], [30.28657463489217, 62.19281494479918]]]}, "properties": {"grid_id": "ETRS-TM35FIN-1km-N6900000-E671000", "northing_min": 6900000, "easting_min": 671000, "grid_size_m": 1000}}, {"type": "Feature", "geometry": {"type": "Polygon", "coordinates": [[[25.633887785306307, 62.23402290469379], [25.653122437370257, 62.23421093374725], [25.652722129498954, 62.243184720566475], [25.633481764975226, 62.242996620377674], [25.633887785306307, 62.23402290469379]]]}, "properties": {"grid_id": "ETRS-TM35FIN-1km-N6901000-E429000", "northing_min": 6901000, "easting_min": 429000, "grid_size_m": 1000}}, {"type": "Feature", "geometry": {"type": "Polygon", "coordinates": [[[25.73006371447397, 62.23493639516222], [25.749299681658997, 62.23511109646626], [25.748927939926514, 62.24408522384828], [25.729686259014112, 62.24391045644709], [25.73006371447397, 62.23493639516222]]]}, "properties": {"grid_id": "ETRS-TM35FIN-1km-N6901000-E434000", "northing_min": 6901000, "easting_min": 434000, "grid_size_m": 1000}}, {"type": "Feature", "geometry": {"type": "Polygon", "coordinates": [[[25.883958276035973, 62.23625936077285], [25.903196146607478, 62.23641273422516], [25.902870123106823, 62.24538735409787], [25.88362653697314, 62.24523392261259], [25.883958276035973, 62.23625936077285]]]}, "properties": {"grid_id": "ETRS-TM35FIN-1km-N6901000-E442000", "northing_min": 6901000, "easting_min": 442000, "grid_size_m": 1000}}, {"type": "Feature", "geometry": {"type": "Polygon", "coordinates": [[[30.364295320950248, 62.19993383509108], [30.383480154915265, 62.19946653925364], [30.38448379764597, 62.20842719659183], [30.365293299149858, 62.20889466881406], [30.364295320950248, 62.19993383509108]]]}, "properties": {"grid_id": "ETRS-TM35FIN-1km-N6901000-E675000", "northing_min": 6901000, "easting_min": 675000, "grid_size_m": 1000}}, {"type": "Feature", "geometry": {"type": "Polygon", "coordinates": [[[25.652722129498954, 62.243184720566475], [25.671962765028667, 62.24337015433891], [25.67156790273584, 62.252343998158665], [25.6523215506216, 62.25215849421673], [25.652722129498954, 62.243184720566475]]]}, "properties": {"grid_id": "ETRS-TM35FIN-1km-N6902000-E430000", "northing_min": 6902000, "easting_min": 430000, "grid_size_m": 1000}}, {"type": "Feature", "geometry": {"type": "Polygon", "coordinates": [[[25.69120366770057, 62.24355292162336], [25.71044483365054, 62.243733022349275], [25.710061405295747, 62.25270700348342], [25.690814522249838, 62.252526834604424], [25.69120366770057, 62.24355292162336]]]}, "properties": {"grid_id": "ETRS-TM35FIN-1km-N6902000-E432000", "northing_min": 6902000, "easting_min": 432000, "grid_size_m": 1000}}, {"type": "Feature", "geometry": {"type": "Polygon", "coordinates": [[[25.71044483365054, 62.243733022349275], [25.729686259014112, 62.24391045644709], [25.72930854800538, 62.252884504726026], [25.710061405295747, 62.25270700348342], [25.71044483365054, 62.243733022349275]]]}, "properties": {"grid_id": "ETRS-TM35FIN-1km-N6902000-E433000", "northing_min": 6902000, "easting_min": 433000, "grid_size_m": 1000}}, {"type": "Feature", "geometry": {"type": "Polygon", "coordinates": [[[25.806654477304093, 62.24459352520258], [25.825897141757686, 62.24475762515281], [25.825548021100886, 62.2537319940291], [25.806299638106434, 62.25356783197648], [25.806654477304093, 62.24459352520258]]]}, "properties": {"grid_id": "ETRS-TM35FIN-1km-N6902000-E438000", "northing_min": 6902000, "easting_min": 438000, "grid_size_m": 1000}}, {"type": "Feature", "geometry": {"type": "Polygon", "coordinates": [[[25.825897141757686, 62.24475762515281], [25.845140042431513, 62.244919058079276], [25.84479664054336, 62.25389348804931], [25.825548021100886, 62.2537319940291], [25.825897141757686, 62.24475762515281]]]}, "properties": {"grid_id": "ETRS-TM35FIN-1km-N6902000-E439000", "northing_min": 6902000, "easting_min": 439000, "grid_size_m": 1000}}, {"type": "Feature", "geometry": {"type": "Polygon", "coordinates": [[[27.46199084838648, 62.24895395564792], [27.481239675888716, 62.24888856909988], [27.48138280633716, 62.2578645015237], [27.462128254349754, 62.25792991282376], [27.46199084838648, 62.24895395564792]]]}, "properties": {"grid_id": "ETRS-TM35FIN-1km-N6902000-E524000", "northing_min": 6902000, "easting_min": 524000, "grid_size_m": 1000}}, {"type": "Feature", "geometry": {"type": "Polygon", "coordinates": [[[24.440509109936322, 62.23509789918114], [24.45973083608466, 62.23545126813707], [24.45897597638874, 62.24441870866296], [24.43974855351816, 62.24406520611141], [24.440509109936322, 62.23509789918114]]]}, "properties": {"grid_id": "ETRS-TM35FIN-1km-N6903000-E367000", "northing_min": 6903000, "easting_min": 367000, "grid_size_m": 1000}}, {"type": "Feature", "geometry": {"type": "Polygon", "coordinates": [[[25.67156790273584, 62.252343998158665], [25.690814522249838, 62.252526834604424], [25.69042511326714, 62.26150073450049], [25.6711727730432, 62.261317828852285], [25.67156790273584, 62.252343998158665]]]}, "properties": {"grid_id": "ETRS-TM35FIN-1km-N6903000-E431000", "northing_min": 6903000, "easting_min": 431000, "grid_size_m": 1000}}, {"type": "Feature", "geometry": {"type": "Polygon", "coordinates": [[[25.690814522249838, 62.252526834604424], [25.710061405295747, 62.25270700348342], [25.709677717277163, 62.26168097157307], [25.69042511326714, 62.26150073450049], [25.690814522249838, 62.252526834604424]]]}, "properties": {"grid_id": "ETRS-TM35FIN-1km-N6903000-E432000", "northing_min": 6903000, "easting_min": 432000, "grid_size_m": 1000}}, {"type": "Feature", "geometry": {"type": "Polygon", "coordinates": [[[25.710061405295747, 62.25270700348342], [25.72930854800538, 62.252884504726026], [25.728930581201368, 62.261858540000375], [25.709677717277163, 62.26168097157307], [25.710061405295747, 62.25270700348342]]]}, "properties": {"grid_id": "ETRS-TM35FIN-1km-N6903000-E433000", "northing_min": 6903000, "easting_min": 433000, "grid_size_m": 1000}}, {"type": "Feature", "geometry": {"type": "Polygon", "coordinates": [[[25.74855594651025, 62.25305933826366], [25.76780359694152, 62.2532315040288], [25.767437073303086, 62.26220567064563], [25.748183701167527, 62.262033439713754], [25.74855594651025, 62.25305933826366]]]}, "properties": {"grid_id": "ETRS-TM35FIN-1km-N6903000-E435000", "northing_min": 6903000, "easting_min": 435000, "grid_size_m": 1000}}, {"type": "Feature", "geometry": {"type": "Polygon", "coordinates": [[[25.864045492563523, 62.254052313974675], [25.883294573290737, 62.25420847174389], [25.882962384772156, 62.26318300816836], [25.86370758096098, 62.26302679128776], [25.864045492563523, 62.254052313974675]]]}, "properties": {"grid_id": "ETRS-TM35FIN-1km-N6903000-E441000", "northing_min": 6903000, "easting_min": 441000, "grid_size_m": 1000}}, {"type": "Feature", "geometry": {"type": "Polygon", "coordinates": [[[30.366291951256663, 62.2178554816887], [30.38548811808546, 62.21738783297733], [30.386493116884772, 62.226348448403705], [30.367291277918085, 62.226816273708664], [30.366291951256663, 62.2178554816887]]]}, "properties": {"grid_id": "ETRS-TM35FIN-1km-N6903000-E675000", "northing_min": 6903000, "easting_min": 675000, "grid_size_m": 1000}}, {"type": "Feature", "geometry": {"type": "Polygon", "coordinates": [[[25.632668899439544, 62.26094401211281], [25.651920700476918, 62.26113225469914], [25.651519578803274, 62.27010600201477], [25.632262053704583, 62.26991768816618], [25.632668899439544, 62.26094401211281]]]}, "properties": {"grid_id": "ETRS-TM35FIN-1km-N6904000-E429000", "northing_min": 6904000, "easting_min": 429000, "grid_size_m": 1000}}, {"type": "Feature", "geometry": {"type": "Polygon", "coordinates": [[[25.86370758096098, 62.26302679128776], [25.882962384772156, 62.26318300816836], [25.882629971200508, 62.272157531887466], [25.863369440430713, 62.27200125586034], [25.86370758096098, 62.26302679128776]]]}, "properties": {"grid_id": "ETRS-TM35FIN-1km-N6904000-E441000", "northing_min": 6904000, "easting_min": 441000, "grid_size_m": 1000}}, {"type": "Feature", "geometry": {"type": "Polygon", "coordinates": [[[25.80558923852493, 62.27151640697286], [25.824849070214974, 62.27168069334102], [25.824499239529395, 62.28065502377958], [25.805233677677155, 62.280490675198145], [25.80558923852493, 62.27151640697286]]]}, "properties": {"grid_id": "ETRS-TM35FIN-1km-N6905000-E438000", "northing_min": 6905000, "easting_min": 438000, "grid_size_m": 1000}}, {"type": "Feature", "geometry": {"type": "Polygon", "coordinates": [[[26.13277783915969, 62.282921296565775], [26.152046904198635, 62.28304022928663], [26.15179434709434, 62.2920154504359], [26.132519544628956, 62.29189647265971], [26.13277783915969, 62.282921296565775]]]}, "properties": {"grid_id": "ETRS-TM35FIN-1km-N6906000-E455000", "northing_min": 6906000, "easting_min": 455000, "grid_size_m": 1000}}, {"type": "Feature", "geometry": {"type": "Polygon", "coordinates": [[[25.650314581987246, 62.297027164972185], [25.669589575111438, 62.29721302038804], [25.669193104544515, 62.306186785468014], [25.649912371574718, 62.30600085963181], [25.650314581987246, 62.297027164972185]]]}, "properties": {"grid_id": "ETRS-TM35FIN-1km-N6908000-E430000", "northing_min": 6908000, "easting_min": 430000, "grid_size_m": 1000}}, {"type": "Feature", "geometry": {"type": "Polygon", "coordinates": [[[25.68886483692824, 62.29739620325789], [25.708140363551127, 62.29757671351078], [25.707755373450382, 62.3065506163961], [25.688474106466494, 62.306370037746454], [25.68886483692824, 62.29739620325789]]]}, "properties": {"grid_id": "ETRS-TM35FIN-1km-N6908000-E432000", "northing_min": 6908000, "easting_min": 432000, "grid_size_m": 1000}}, {"type": "Feature", "geometry": {"type": "Polygon", "coordinates": [[[25.7466921956674, 62.29792971588706], [25.765968493386094, 62.29810220787372], [25.765600725865813, 62.307076309877644], [25.74631868704114, 62.306903752530125], [25.7466921956674, 62.29792971588706]]]}, "properties": {"grid_id": "ETRS-TM35FIN-1km-N6908000-E435000", "northing_min": 6908000, "easting_min": 435000, "grid_size_m": 1000}}, {"type": "Feature", "geometry": {"type": "Polygon", "coordinates": [[[27.790615736868208, 62.30133168365341], [27.809896783292928, 62.30122068295795], [27.810138192203105, 62.31019596674757], [27.790851400083643, 62.31030700951268], [27.790615736868208, 62.30133168365341]]]}, "properties": {"grid_id": "ETRS-TM35FIN-1km-N6908000-E541000", "northing_min": 6908000, "easting_min": 541000, "grid_size_m": 1000}}, {"type": "Feature", "geometry": {"type": "Polygon", "coordinates": [[[22.302614542171874, 62.233048945779295], [22.321789734150666, 62.233698071932466], [22.320400761685992, 62.24264441800685], [22.30121992757513, 62.24199504703358], [22.302614542171874, 62.233048945779295]]]}, "properties": {"grid_id": "ETRS-TM35FIN-1km-N6909000-E256000", "northing_min": 6909000, "easting_min": 256000, "grid_size_m": 1000}}, {"type": "Feature", "geometry": {"type": "Polygon", "coordinates": [[[26.344160404086256, 62.31100940225011], [26.3634483663787, 62.31109904265737], [26.363258545235855, 62.32007465658484], [26.343964832219758, 62.319984982194384], [26.344160404086256, 62.31100940225011]]]}, "properties": {"grid_id": "ETRS-TM35FIN-1km-N6909000-E466000", "northing_min": 6909000, "easting_min": 466000, "grid_size_m": 1000}}, {"type": "Feature", "geometry": {"type": "Polygon", "coordinates": [[[26.343964832219758, 62.319984982194384], [26.363258545235855, 62.32007465658484], [26.363068595240534, 62.32905025850421], [26.34376912759803, 62.328960550110274], [26.343964832219758, 62.319984982194384]]]}, "properties": {"grid_id": "ETRS-TM35FIN-1km-N6910000-E466000", "northing_min": 6910000, "easting_min": 466000, "grid_size_m": 1000}}, {"type": "Feature", "geometry": {"type": "Polygon", "coordinates": [[[26.421140441786978, 62.32032762076543], [26.440434646794706, 62.32040658905296], [26.44026771651356, 62.329382316838995], [26.420967756403556, 62.32930331860695], [26.421140441786978, 62.32032762076543]]]}, "properties": {"grid_id": "ETRS-TM35FIN-1km-N6910000-E470000", "northing_min": 6910000, "easting_min": 470000, "grid_size_m": 1000}}, {"type": "Feature", "geometry": {"type": "Polygon", "coordinates": [[[27.984004793556455, 62.31805105444451], [28.003295520036673, 62.31791321043875], [28.003594782322036, 62.32688799281972], [27.984298304103692, 62.327025889087174], [27.984004793556455, 62.31805105444451]]]}, "properties": {"grid_id": "ETRS-TM35FIN-1km-N6910000-E551000", "northing_min": 6910000, "easting_min": 551000, "grid_size_m": 1000}}, {"type": "Feature", "geometry": {"type": "Polygon", "coordinates": [[[29.681183208554014, 62.30465319718875], [29.700446908947146, 62.30428007801731], [29.70125167419483, 62.313246281046766], [29.68198224982979, 62.31361954150025], [29.681183208554014, 62.30465319718875]]]}, "properties": {"grid_id": "ETRS-TM35FIN-1km-N6911000-E639000", "northing_min": 6911000, "easting_min": 639000, "grid_size_m": 1000}}, {"type": "Feature", "geometry": {"type": "Polygon", "coordinates": [[[29.700446908947146, 62.30428007801731], [29.719710064277027, 62.30390429095407], [29.720520552970623, 62.3128703516948], [29.70125167419483, 62.313246281046766], [29.700446908947146, 62.30428007801731]]]}, "properties": {"grid_id": "ETRS-TM35FIN-1km-N6911000-E640000", "northing_min": 6911000, "easting_min": 640000, "grid_size_m": 1000}}, {"type": "Feature", "geometry": {"type": "Polygon", "coordinates": [[[25.359269484242837, 62.3298086643996], [25.378562946165115, 62.33003494144944], [25.378079096316423, 62.33900748878195], [25.358779883332044, 62.33878112593927], [25.359269484242837, 62.3298086643996]]]}, "properties": {"grid_id": "ETRS-TM35FIN-1km-N6912000-E415000", "northing_min": 6912000, "easting_min": 415000, "grid_size_m": 1000}}, {"type": "Feature", "geometry": {"type": "Polygon", "coordinates": [[[25.493431494786524, 62.349282485367425], [25.51273868268179, 62.34949019024817], [25.51229449620499, 62.35846328282264], [25.492981547296885, 62.35825549914851], [25.493431494786524, 62.349282485367425]]]}, "properties": {"grid_id": "ETRS-TM35FIN-1km-N6914000-E422000", "northing_min": 6914000, "easting_min": 422000, "grid_size_m": 1000}}, {"type": "Feature", "geometry": {"type": "Polygon", "coordinates": [[[25.473668904105516, 62.358045036522725], [25.492981547296885, 62.35825549914851], [25.49253129409044, 62.36722849941556], [25.473212886272563, 62.36701795693397], [25.473668904105516, 62.358045036522725]]]}, "properties": {"grid_id": "ETRS-TM35FIN-1km-N6915000-E421000", "northing_min": 6915000, "easting_min": 421000, "grid_size_m": 1000}}, {"type": "Feature", "geometry": {"type": "Polygon", "coordinates": [[[27.657407895194446, 62.382813705133415], [27.67674183910754, 62.382721108735225], [27.67694425854261, 62.391696557349526], [27.657604532707413, 62.391789188912504], [27.657407895194446, 62.382813705133415]]]}, "properties": {"grid_id": "ETRS-TM35FIN-1km-N6917000-E534000", "northing_min": 6917000, "easting_min": 534000, "grid_size_m": 1000}}, {"type": "Feature", "geometry": {"type": "Polygon", "coordinates": [[[21.36836086379998, 62.27918216495001], [21.38753719137593, 62.27996060287882], [21.385868386185596, 62.288893754786976], [21.366686430278865, 62.2881150233732], [21.36836086379998, 62.27918216495001]]]}, "properties": {"grid_id": "ETRS-TM35FIN-1km-N6918000-E208000", "northing_min": 6918000, "easting_min": 208000, "grid_size_m": 1000}}, {"type": "Feature", "geometry": {"type": "Polygon", "coordinates": [[[25.91695936723274, 62.38913123072982], [25.936295375338258, 62.38928022843444], [25.935977134197934, 62.39825474725821], [25.916635343842223, 62.39810569296684], [25.91695936723274, 62.38913123072982]]]}, "properties": {"grid_id": "ETRS-TM35FIN-1km-N6918000-E444000", "northing_min": 6918000, "easting_min": 444000, "grid_size_m": 1000}}, {"type": "Feature", "geometry": {"type": "Polygon", "coordinates": [[[28.778959729593726, 62.381980603475306], [28.798284974447007, 62.38173236222968], [28.79882275891461, 62.390704015211995], [28.779491742242097, 62.390952350689105], [28.778959729593726, 62.381980603475306]]]}, "properties": {"grid_id": "ETRS-TM35FIN-1km-N6918000-E592000", "northing_min": 6918000, "easting_min": 592000, "grid_size_m": 1000}}, {"type": "Feature", "geometry": {"type": "Polygon", "coordinates": [[[26.419582042551955, 62.40110847137926], [26.438928184455765, 62.4011877098121], [26.438760230069867, 62.410163330303895], [26.41940829776293, 62.41008406176514], [26.419582042551955, 62.40110847137926]]]}, "properties": {"grid_id": "ETRS-TM35FIN-1km-N6919000-E470000", "northing_min": 6919000, "easting_min": 470000, "grid_size_m": 1000}}, {"type": "Feature", "geometry": {"type": "Polygon", "coordinates": [[[28.779491742242097, 62.390952350689105], [28.79882275891461, 62.390704015211995], [28.799360909107886, 62.39967565390211], [28.780024116697653, 62.39992408366702], [28.779491742242097, 62.390952350689105]]]}, "properties": {"grid_id": "ETRS-TM35FIN-1km-N6919000-E592000", "northing_min": 6919000, "easting_min": 592000, "grid_size_m": 1000}}, {"type": "Feature", "geometry": {"type": "Polygon", "coordinates": [[[30.112269076969106, 62.36753200771882], [30.131565695501624, 62.36709892018521], [30.132501309170017, 62.37606160364822], [30.11319894819265, 62.37649485535819], [30.112269076969106, 62.36753200771882]]]}, "properties": {"grid_id": "ETRS-TM35FIN-1km-N6919000-E661000", "northing_min": 6919000, "easting_min": 661000, "grid_size_m": 1000}}, {"type": "Feature", "geometry": {"type": "Polygon", "coordinates": [[[24.949295529898187, 62.39620197856751], [24.96862725750476, 62.39648527541089], [24.968019414075624, 62.40545568836361], [24.948681911717955, 62.40517228395971], [24.949295529898187, 62.39620197856751]]]}, "properties": {"grid_id": "ETRS-TM35FIN-1km-N6920000-E394000", "northing_min": 6920000, "easting_min": 394000, "grid_size_m": 1000}}, {"type": "Feature", "geometry": {"type": "Polygon", "coordinates": [[[25.838923040086566, 62.406456843760324], [25.85826971024842, 62.406616696625086], [25.857927876635355, 62.41559095755664], [25.838575417234715, 62.415431043958485], [25.838923040086566, 62.406456843760324]]]}, "properties": {"grid_id": "ETRS-TM35FIN-1km-N6920000-E440000", "northing_min": 6920000, "easting_min": 440000, "grid_size_m": 1000}}, {"type": "Feature", "geometry": {"type": "Polygon", "coordinates": [[[25.93565867651247, 62.407229253503345], [25.955006469805515, 62.4073756787792], [25.954693585693274, 62.41635022808197], [25.935340002071868, 62.41620374717149], [25.93565867651247, 62.407229253503345]]]}, "properties": {"grid_id": "ETRS-TM35FIN-1km-N6920000-E445000", "northing_min": 6920000, "easting_min": 445000, "grid_size_m": 1000}}, {"type": "Feature", "geometry": {"type": "Polygon", "coordinates": [[[24.774663645023224, 62.40250095189166], [24.793997249468962, 62.40280849340139], [24.793336999377523, 62.411777886125904], [24.77399762003897, 62.41147022784589], [24.774663645023224, 62.40250095189166]]]}, "properties": {"grid_id": "ETRS-TM35FIN-1km-N6921000-E385000", "northing_min": 6921000, "easting_min": 385000, "grid_size_m": 1000}}, {"type": "Feature", "geometry": {"type": "Polygon", "coordinates": [[[25.896633489664882, 62.41590272544068], [25.91598663541585, 62.41605457960499], [25.915661949952067, 62.42502900400938], [25.896303010357734, 62.424877092136235], [25.896633489664882, 62.41590272544068]]]}, "properties": {"grid_id": "ETRS-TM35FIN-1km-N6921000-E443000", "northing_min": 6921000, "easting_min": 443000, "grid_size_m": 1000}}, {"type": "Feature", "geometry": {"type": "Polygon", "coordinates": [[[25.91598663541585, 62.41605457960499], [25.935340002071868, 62.41620374717149], [25.935021110665833, 62.425178228264286], [25.915661949952067, 62.42502900400938], [25.91598663541585, 62.41605457960499]]]}, "properties": {"grid_id": "ETRS-TM35FIN-1km-N6921000-E444000", "northing_min": 6921000, "easting_min": 444000, "grid_size_m": 1000}}, {"type": "Feature", "geometry": {"type": "Polygon", "coordinates": [[[30.075511343952115, 62.38631649119404], [30.094820711504457, 62.38588842475333], [30.095746095434237, 62.39485139666939], [30.076430976456162, 62.395279625462805], [30.075511343952115, 62.38631649119404]]]}, "properties": {"grid_id": "ETRS-TM35FIN-1km-N6921000-E659000", "northing_min": 6921000, "easting_min": 659000, "grid_size_m": 1000}}, {"type": "Feature", "geometry": {"type": "Polygon", "coordinates": [[[25.06413369245533, 62.41580339202329], [25.0834793980795, 62.41607080153252], [25.082905431090367, 62.42504180921995], [25.06355394052069, 62.42477429812669], [25.06413369245533, 62.41580339202329]]]}, "properties": {"grid_id": "ETRS-TM35FIN-1km-N6922000-E400000", "northing_min": 6922000, "easting_min": 400000, "grid_size_m": 1000}}, {"type": "Feature", "geometry": {"type": "Polygon", "coordinates": [[[24.734642190236766, 62.419815887949525], [24.753986437343944, 62.420129029644016], [24.753313723383894, 62.42909815629338], [24.73396369442645, 62.428784895655326], [24.734642190236766, 62.419815887949525]]]}, "properties": {"grid_id": "ETRS-TM35FIN-1km-N6923000-E383000", "northing_min": 6923000, "easting_min": 383000, "grid_size_m": 1000}}, {"type": "Feature", "geometry": {"type": "Polygon", "coordinates": [[[28.801517174232767, 62.43556206573999], [28.820876741352148, 62.43531057149452], [28.821422520529413, 62.444282043133356], [28.802057158379746, 62.44453363296866], [28.801517174232767, 62.43556206573999]]]}, "properties": {"grid_id": "ETRS-TM35FIN-1km-N6924000-E593000", "northing_min": 6924000, "easting_min": 593000, "grid_size_m": 1000}}, {"type": "Feature", "geometry": {"type": "Polygon", "coordinates": [[[30.00095936062027, 62.41489326889907], [30.020288475191304, 62.41447542831297], [30.021192691294658, 62.42343898635731], [30.001857811219725, 62.42385698553908], [30.00095936062027, 62.41489326889907]]]}, "properties": {"grid_id": "ETRS-TM35FIN-1km-N6924000-E655000", "northing_min": 6924000, "easting_min": 655000, "grid_size_m": 1000}}, {"type": "Feature", "geometry": {"type": "Polygon", "coordinates": [[[27.814511718797142, 62.47174898828313], [27.83390243687271, 62.471634490499845], [27.834152805738157, 62.480609498989935], [27.81475626742816, 62.48072404034827], [27.814511718797142, 62.47174898828313]]]}, "properties": {"grid_id": "ETRS-TM35FIN-1km-N6927000-E542000", "northing_min": 6927000, "easting_min": 542000, "grid_size_m": 1000}}, {"type": "Feature", "geometry": {"type": "Polygon", "coordinates": [[[26.68950743971123, 62.491732057993445], [26.708912916432983, 62.49177385207722], [26.708825443497783, 62.50074966980556], [26.68941413556714, 62.50070785980674], [26.68950743971123, 62.491732057993445]]]}, "properties": {"grid_id": "ETRS-TM35FIN-1km-N6929000-E484000", "northing_min": 6929000, "easting_min": 484000, "grid_size_m": 1000}}, {"type": "Feature", "geometry": {"type": "Polygon", "coordinates": [[[21.213516224918834, 62.3808259363276], [21.232752266267706, 62.381626471088865], [21.231030183499318, 62.39055708594831], [21.211788476555206, 62.38975624870871], [21.213516224918834, 62.3808259363276]]]}, "properties": {"grid_id": "ETRS-TM35FIN-1km-N6930000-E201000", "northing_min": 6930000, "easting_min": 201000, "grid_size_m": 1000}}, {"type": "Feature", "geometry": {"type": "Polygon", "coordinates": [[[26.378844580124312, 62.49967207784865], [26.39825439101435, 62.49975704237993], [26.398073504922152, 62.5087324703509], [26.37865786029951, 62.50864747346047], [26.378844580124312, 62.49967207784865]]]}, "properties": {"grid_id": "ETRS-TM35FIN-1km-N6930000-E468000", "northing_min": 6930000, "easting_min": 468000, "grid_size_m": 1000}}, {"type": "Feature", "geometry": {"type": "Polygon", "coordinates": [[[27.737833190094257, 62.50808083647238], [27.757247858430265, 62.50797695471253], [27.757475566092854, 62.51695208296326], [27.73805506099172, 62.517056004293906], [27.737833190094257, 62.50808083647238]]]}, "properties": {"grid_id": "ETRS-TM35FIN-1km-N6931000-E538000", "northing_min": 6931000, "easting_min": 538000, "grid_size_m": 1000}}, {"type": "Feature", "geometry": {"type": "Polygon", "coordinates": [[[30.182519621353254, 62.48273375614241], [30.20188925525042, 62.48229047019845], [30.202850552165827, 62.49125239548825], [30.18347512698794, 62.49169584993609], [30.182519621353254, 62.48273375614241]]]}, "properties": {"grid_id": "ETRS-TM35FIN-1km-N6932000-E664000", "northing_min": 6932000, "easting_min": 664000, "grid_size_m": 1000}}, {"type": "Feature", "geometry": {"type": "Polygon", "coordinates": [[[24.124890283306346, 62.516354913671], [24.14428785984914, 62.51675298049491], [24.14342914466666, 62.525717728450495], [24.12402575479411, 62.52531951013946], [24.124890283306346, 62.516354913671]]]}, "properties": {"grid_id": "ETRS-TM35FIN-1km-N6935000-E352000", "northing_min": 6935000, "easting_min": 352000, "grid_size_m": 1000}}, {"type": "Feature", "geometry": {"type": "Polygon", "coordinates": [[[25.872212327638735, 62.55036147381591], [25.891652568676275, 62.55051689916533], [25.89131869035801, 62.55949107639445], [25.871872596147682, 62.559335591784645], [25.872212327638735, 62.55036147381591]]]}, "properties": {"grid_id": "ETRS-TM35FIN-1km-N6936000-E442000", "northing_min": 6936000, "easting_min": 442000, "grid_size_m": 1000}}, {"type": "Feature", "geometry": {"type": "Polygon", "coordinates": [[[26.611068135795563, 62.55436776736452], [26.630514234368686, 62.55442048694264], [26.63040290586776, 62.5633961527305], [26.610950948407883, 62.56334341304617], [26.611068135795563, 62.55436776736452]]]}, "properties": {"grid_id": "ETRS-TM35FIN-1km-N6936000-E480000", "northing_min": 6936000, "easting_min": 480000, "grid_size_m": 1000}}, {"type": "Feature", "geometry": {"type": "Polygon", "coordinates": [[[27.680611488593645, 62.55325257710652], [27.700055825118795, 62.55315660597596], [27.70026674140986, 62.56213178976412], [27.68081654771706, 62.56222779749325], [27.680611488593645, 62.55325257710652]]]}, "properties": {"grid_id": "ETRS-TM35FIN-1km-N6936000-E535000", "northing_min": 6936000, "easting_min": 535000, "grid_size_m": 1000}}, {"type": "Feature", "geometry": {"type": "Polygon", "coordinates": [[[28.633140772244403, 62.5453722668137], [28.652573343540237, 62.545143916511854], [28.653071012369704, 62.554116045495704], [28.633632595379222, 62.55434448283235], [28.633140772244403, 62.5453722668137]]]}, "properties": {"grid_id": "ETRS-TM35FIN-1km-N6936000-E584000", "northing_min": 6936000, "easting_min": 584000, "grid_size_m": 1000}}, {"type": "Feature", "geometry": {"type": "Polygon", "coordinates": [[[28.61419384211583, 62.55457021925491], [28.633632595379222, 62.55434448283235], [28.634124754787013, 62.56331668505168], [28.61468015151005, 62.56354250753309], [28.61419384211583, 62.55457021925491]]]}, "properties": {"grid_id": "ETRS-TM35FIN-1km-N6937000-E583000", "northing_min": 6937000, "easting_min": 583000, "grid_size_m": 1000}}, {"type": "Feature", "geometry": {"type": "Polygon", "coordinates": [[[30.052413250190206, 62.5395407402485], [30.071822188707173, 62.5391152852874], [30.072746708700933, 62.54807825280565], [30.05333195091879, 62.548503869738475], [30.052413250190206, 62.5395407402485]]]}, "properties": {"grid_id": "ETRS-TM35FIN-1km-N6938000-E657000", "northing_min": 6938000, "easting_min": 657000, "grid_size_m": 1000}}, {"type": "Feature", "geometry": {"type": "Polygon", "coordinates": [[[21.62250749402503, 62.47825423595557], [21.641819627509545, 62.478998911384956], [21.64021268419976, 62.487935616437525], [21.620894827007337, 62.487190658769705], [21.62250749402503, 62.47825423595557]]]}, "properties": {"grid_id": "ETRS-TM35FIN-1km-N6939000-E223000", "northing_min": 6939000, "easting_min": 223000, "grid_size_m": 1000}}, {"type": "Feature", "geometry": {"type": "Polygon", "coordinates": [[[26.6301800202812, 62.58134744914392], [26.649643783862263, 62.58139752253875], [26.649538097625744, 62.59037317227901], [26.630068463046776, 62.59032307977442], [26.6301800202812, 62.58134744914392]]]}, "properties": {"grid_id": "ETRS-TM35FIN-1km-N6939000-E481000", "northing_min": 6939000, "easting_min": 481000, "grid_size_m": 1000}}, {"type": "Feature", "geometry": {"type": "Polygon", "coordinates": [[[28.634617250795674, 62.57228887347211], [28.654067371152422, 62.57206026190862], [28.65456606176966, 62.581032349338436], [28.63511008373353, 62.58126104809404], [28.634617250795674, 62.57228887347211]]]}, "properties": {"grid_id": "ETRS-TM35FIN-1km-N6939000-E584000", "northing_min": 6939000, "easting_min": 584000, "grid_size_m": 1000}}, {"type": "Feature", "geometry": {"type": "Polygon", "coordinates": [[[21.794794531725888, 62.49379922373412], [21.814122078898144, 62.49452016361668], [21.812565638474226, 62.503459330377595], [21.79323235439809, 62.50273811707248], [21.794794531725888, 62.49379922373412]]]}, "properties": {"grid_id": "ETRS-TM35FIN-1km-N6940000-E232000", "northing_min": 6940000, "easting_min": 232000, "grid_size_m": 1000}}, {"type": "Feature", "geometry": {"type": "Polygon", "coordinates": [[[26.688477579883337, 62.5904652344969], [26.70794741952142, 62.59050720417391], [26.707859286374255, 62.59948289337443], [26.68838357151779, 62.59944090767663], [26.688477579883337, 62.5904652344969]]]}, "properties": {"grid_id": "ETRS-TM35FIN-1km-N6940000-E484000", "northing_min": 6940000, "easting_min": 484000, "grid_size_m": 1000}}, {"type": "Feature", "geometry": {"type": "Polygon", "coordinates": [[[26.72741731947185, 62.590546466207215], [26.74688727571416, 62.59058302058135], [26.746810893176615, 62.59955873872285], [26.727335061602, 62.599522170395005], [26.72741731947185, 62.590546466207215]]]}, "properties": {"grid_id": "ETRS-TM35FIN-1km-N6940000-E486000", "northing_min": 6940000, "easting_min": 486000, "grid_size_m": 1000}}, {"type": "Feature", "geometry": {"type": "Polygon", "coordinates": [[[29.724829354881408, 62.57325850087335], [29.74426590997788, 62.572878407987794], [29.745093115831462, 62.58184393680705], [29.725650719711226, 62.58222417455719], [29.724829354881408, 62.57325850087335]]]}, "properties": {"grid_id": "ETRS-TM35FIN-1km-N6941000-E640000", "northing_min": 6941000, "easting_min": 640000, "grid_size_m": 1000}}, {"type": "Feature", "geometry": {"type": "Polygon", "coordinates": [[[29.860873234025576, 62.570541193709026], [29.880305749874665, 62.57014221659677], [29.88117382725793, 62.57910670268248], [29.86173547432117, 62.579505831828726], [29.860873234025576, 62.570541193709026]]]}, "properties": {"grid_id": "ETRS-TM35FIN-1km-N6941000-E647000", "northing_min": 6941000, "easting_min": 647000, "grid_size_m": 1000}}, {"type": "Feature", "geometry": {"type": "Polygon", "coordinates": [[[25.79227114320525, 62.60355578634994], [25.81174560522151, 62.60372239955309], [25.811386845775097, 62.61269625699586], [25.791906507458915, 62.612529580184976], [25.79227114320525, 62.60355578634994]]]}, "properties": {"grid_id": "ETRS-TM35FIN-1km-N6942000-E438000", "northing_min": 6942000, "easting_min": 438000, "grid_size_m": 1000}}, {"type": "Feature", "geometry": {"type": "Polygon", "coordinates": [[[28.441401784167315, 62.60134524115021], [28.460872688199238, 62.60114343235674], [28.461313692223722, 62.61011630531016], [28.441836915368196, 62.61031819113552], [28.441401784167315, 62.60134524115021]]]}, "properties": {"grid_id": "ETRS-TM35FIN-1km-N6942000-E574000", "northing_min": 6942000, "easting_min": 574000, "grid_size_m": 1000}}, {"type": "Feature", "geometry": {"type": "Polygon", "coordinates": [[[29.803416894270104, 62.58068702879312], [29.822857003853066, 62.58029599503934], [29.8237081498302, 62.589260916016514], [29.80426219747429, 62.589652098822135], [29.803416894270104, 62.58068702879312]]]}, "properties": {"grid_id": "ETRS-TM35FIN-1km-N6942000-E644000", "northing_min": 6942000, "easting_min": 644000, "grid_size_m": 1000}}, {"type": "Feature", "geometry": {"type": "Polygon", "coordinates": [[[21.210273939771287, 62.4977214419421], [21.229585107871813, 62.49852325906696], [21.227853498390658, 62.50745367330552], [21.20853661433029, 62.506651552353404], [21.210273939771287, 62.4977214419421]]]}, "properties": {"grid_id": "ETRS-TM35FIN-1km-N6943000-E202000", "northing_min": 6943000, "easting_min": 202000, "grid_size_m": 1000}}, {"type": "Feature", "geometry": {"type": "Polygon", "coordinates": [[[30.095888548829382, 62.58350096604141], [30.11532535167816, 62.58306930532027], [30.116264710806036, 62.592031848077276], [30.096822070123846, 62.59246367330408], [30.095888548829382, 62.58350096604141]]]}, "properties": {"grid_id": "ETRS-TM35FIN-1km-N6943000-E659000", "northing_min": 6943000, "easting_min": 659000, "grid_size_m": 1000}}, {"type": "Feature", "geometry": {"type": "Polygon", "coordinates": [[[29.72729513499059, 62.60015546883034], [29.74674922509687, 62.599774941089464], [29.747578129612364, 62.60874041654559], [29.728118186536094, 62.60912108941283], [29.72729513499059, 62.60015546883034]]]}, "properties": {"grid_id": "ETRS-TM35FIN-1km-N6944000-E640000", "northing_min": 6944000, "easting_min": 640000, "grid_size_m": 1000}}, {"type": "Feature", "geometry": {"type": "Polygon", "coordinates": [[[29.74674922509687, 62.599774941089464], [29.766202748430672, 62.59939171206969], [29.767037505363245, 62.60835704137304], [29.747578129612364, 62.60874041654559], [29.74674922509687, 62.599774941089464]]]}, "properties": {"grid_id": "ETRS-TM35FIN-1km-N6944000-E641000", "northing_min": 6944000, "easting_min": 641000, "grid_size_m": 1000}}, {"type": "Feature", "geometry": {"type": "Polygon", "coordinates": [[[27.038999477730446, 62.63568531093225], [27.058499206493895, 62.63567852858934], [27.058516894039865, 62.64465427143705], [27.039011269434347, 62.64466105637185], [27.038999477730446, 62.63568531093225]]]}, "properties": {"grid_id": "ETRS-TM35FIN-1km-N6945000-E502000", "northing_min": 6945000, "easting_min": 502000, "grid_size_m": 1000}}, {"type": "Feature", "geometry": {"type": "Polygon", "coordinates": [[[28.48168483873596, 62.62785726121339], [28.501172763893962, 62.627649801417], [28.5016264439893, 62.63662247687655], [28.482132634536352, 62.63683001591237], [28.48168483873596, 62.62785726121339]]]}, "properties": {"grid_id": "ETRS-TM35FIN-1km-N6945000-E576000", "northing_min": 6945000, "easting_min": 576000, "grid_size_m": 1000}}, {"type": "Feature", "geometry": {"type": "Polygon", "coordinates": [[[29.4945560712364, 62.61347833049571], [29.51402251081113, 62.6131300966829], [29.514781663702212, 62.62209722908465], [29.49530936082627, 62.622445595776], [29.4945560712364, 62.61347833049571]]]}, "properties": {"grid_id": "ETRS-TM35FIN-1km-N6945000-E628000", "northing_min": 6945000, "easting_min": 628000, "grid_size_m": 1000}}, {"type": "Feature", "geometry": {"type": "Polygon", "coordinates": [[[29.708657680124233, 62.60949905982481], [29.728118186536094, 62.60912108941283], [29.728941801417314, 62.61808669228794], [29.709475437495882, 62.61846480688653], [29.708657680124233, 62.60949905982481]]]}, "properties": {"grid_id": "ETRS-TM35FIN-1km-N6945000-E639000", "northing_min": 6945000, "easting_min": 639000, "grid_size_m": 1000}}, {"type": "Feature", "geometry": {"type": "Polygon", "coordinates": [[[29.747578129612364, 62.60874041654559], [29.767037505363245, 62.60835704137304], [29.767872833610408, 62.61732235279353], [29.74840760145338, 62.61770587420693], [29.747578129612364, 62.60874041654559]]]}, "properties": {"grid_id": "ETRS-TM35FIN-1km-N6945000-E641000", "northing_min": 6945000, "easting_min": 641000, "grid_size_m": 1000}}, {"type": "Feature", "geometry": {"type": "Polygon", "coordinates": [[[29.805954538933246, 62.607582184716875], [29.8254121887764, 62.60719070353836], [29.826265082881463, 62.616155570075264], [29.806801578316296, 62.61654720057501], [29.805954538933246, 62.607582184716875]]]}, "properties": {"grid_id": "ETRS-TM35FIN-1km-N6945000-E644000", "northing_min": 6945000, "easting_min": 644000, "grid_size_m": 1000}}, {"type": "Feature", "geometry": {"type": "Polygon", "coordinates": [[[30.019955949493347, 62.60312732447441], [30.03940696417395, 62.602706133358595], [30.04032422180964, 62.611669289643494], [30.020867358879702, 62.612090641364304], [30.019955949493347, 62.60312732447441]]]}, "properties": {"grid_id": "ETRS-TM35FIN-1km-N6945000-E655000", "northing_min": 6945000, "easting_min": 655000, "grid_size_m": 1000}}, {"type": "Feature", "geometry": {"type": "Polygon", "coordinates": [[[26.824449754701874, 62.64455656862367], [26.843955245834522, 62.64457963730166], [26.843908046978374, 62.653555340032305], [26.824396656089686, 62.65353226253658], [26.824449754701874, 62.64455656862367]]]}, "properties": {"grid_id": "ETRS-TM35FIN-1km-N6946000-E491000", "northing_min": 6946000, "easting_min": 491000, "grid_size_m": 1000}}, {"type": "Feature", "geometry": {"type": "Polygon", "coordinates": [[[27.058516894039865, 62.64465427143705], [27.078022506511406, 62.644644772532054], [27.07804610606619, 62.65362050015992], [27.058534593719813, 62.65363000269576], [27.058516894039865, 62.64465427143705]]]}, "properties": {"grid_id": "ETRS-TM35FIN-1km-N6946000-E503000", "northing_min": 6946000, "easting_min": 503000, "grid_size_m": 1000}}, {"type": "Feature", "geometry": {"type": "Polygon", "coordinates": [[[29.651073002366886, 62.619582928303025], [29.67054103397521, 62.61921292504145], [29.67134762659408, 62.62817893994222], [29.65187373185359, 62.628549084392986], [29.651073002366886, 62.619582928303025]]]}, "properties": {"grid_id": "ETRS-TM35FIN-1km-N6946000-E636000", "northing_min": 6946000, "easting_min": 636000, "grid_size_m": 1000}}, {"type": "Feature", "geometry": {"type": "Polygon", "coordinates": [[[29.67054103397521, 62.61921292504145], [29.690008513683484, 62.61884021785367], [29.690820968895657, 62.62780609053701], [29.67134762659408, 62.62817893994222], [29.67054103397521, 62.61921292504145]]]}, "properties": {"grid_id": "ETRS-TM35FIN-1km-N6946000-E637000", "northing_min": 6946000, "easting_min": 637000, "grid_size_m": 1000}}, {"type": "Feature", "geometry": {"type": "Polygon", "coordinates": [[[29.806801578316296, 62.61654720057501], [29.826265082881463, 62.616155570075264], [29.82711856083307, 62.625120418457655], [29.80764919755516, 62.62551219836861], [29.806801578316296, 62.61654720057501]]]}, "properties": {"grid_id": "ETRS-TM35FIN-1km-N6946000-E644000", "northing_min": 6946000, "easting_min": 644000, "grid_size_m": 1000}}, {"type": "Feature", "geometry": {"type": "Polygon", "coordinates": [[[29.82711856083307, 62.625120418457655], [29.846587339694693, 62.62472593479792], [29.847447264199474, 62.63369061449286], [29.827972623201088, 62.63408524868159], [29.82711856083307, 62.625120418457655]]]}, "properties": {"grid_id": "ETRS-TM35FIN-1km-N6947000-E645000", "northing_min": 6947000, "easting_min": 645000, "grid_size_m": 1000}}, {"type": "Feature", "geometry": {"type": "Polygon", "coordinates": [[[29.86605553014617, 62.624328747544865], [29.885523128194368, 62.62392885685505], [29.88639477524534, 62.63289323240929], [29.866921316213222, 62.63329327568321], [29.86605553014617, 62.624328747544865]]]}, "properties": {"grid_id": "ETRS-TM35FIN-1km-N6947000-E647000", "northing_min": 6947000, "easting_min": 647000, "grid_size_m": 1000}}, {"type": "Feature", "geometry": {"type": "Polygon", "coordinates": [[[22.402730256699922, 62.58711996146581], [22.422135982819302, 62.58775726054466], [22.420756139385183, 62.596704418000286], [22.401344614272716, 62.59606687644466], [22.402730256699922, 62.58711996146581]]]}, "properties": {"grid_id": "ETRS-TM35FIN-1km-N6948000-E264000", "northing_min": 6948000, "easting_min": 264000, "grid_size_m": 1000}}, {"type": "Feature", "geometry": {"type": "Polygon", "coordinates": [[[29.20449708310718, 62.64528462083899], [29.223988456935604, 62.64497661089987], [29.224660990024326, 62.653945581445136], [29.205163733709078, 62.65425370903152], [29.20449708310718, 62.64528462083899]]]}, "properties": {"grid_id": "ETRS-TM35FIN-1km-N6948000-E613000", "northing_min": 6948000, "easting_min": 613000, "grid_size_m": 1000}}, {"type": "Feature", "geometry": {"type": "Polygon", "coordinates": [[[29.282459798079273, 62.644036327127], [29.30194930495344, 62.643717481630134], [29.302645363445347, 62.65268597126483], [29.283149975909822, 62.65300493853733], [29.282459798079273, 62.644036327127]]]}, "properties": {"grid_id": "ETRS-TM35FIN-1km-N6948000-E617000", "northing_min": 6948000, "easting_min": 617000, "grid_size_m": 1000}}, {"type": "Feature", "geometry": {"type": "Polygon", "coordinates": [[[29.76954520627929, 62.635252921971585], [29.789021590242136, 62.63486640257499], [29.78986450361799, 62.64383151279096], [29.770382251818223, 62.64421817972185], [29.76954520627929, 62.635252921971585]]]}, "properties": {"grid_id": "ETRS-TM35FIN-1km-N6948000-E642000", "northing_min": 6948000, "easting_min": 642000, "grid_size_m": 1000}}, {"type": "Feature", "geometry": {"type": "Polygon", "coordinates": [[[29.847447264199474, 62.63369061449286], [29.866921316213222, 62.63329327568321], [29.86778769526203, 62.64225778547703], [29.84830777768902, 62.64265527593469], [29.847447264199474, 62.63369061449286]]]}, "properties": {"grid_id": "ETRS-TM35FIN-1km-N6948000-E646000", "northing_min": 6948000, "easting_min": 646000, "grid_size_m": 1000}}, {"type": "Feature", "geometry": {"type": "Polygon", "coordinates": [[[25.301913607263412, 62.661313401739406], [25.3214217924183, 62.661548313911965], [25.32091377660816, 62.67052017409601], [25.301399694248943, 62.67028517213218], [25.301913607263412, 62.661313401739406]]]}, "properties": {"grid_id": "ETRS-TM35FIN-1km-N6949000-E413000", "northing_min": 6949000, "easting_min": 413000, "grid_size_m": 1000}}, {"type": "Feature", "geometry": {"type": "Polygon", "coordinates": [[[24.053408165037936, 62.649604644509004], [24.072891551587727, 62.650013111837865], [24.072006367641958, 62.65897712326205], [24.052517109873122, 62.6585684999858], [24.053408165037936, 62.649604644509004]]]}, "properties": {"grid_id": "ETRS-TM35FIN-1km-N6950000-E349000", "northing_min": 6950000, "easting_min": 349000, "grid_size_m": 1000}}, {"type": "Feature", "geometry": {"type": "Polygon", "coordinates": [[[29.556813501865683, 62.65725966535086], [29.576307720124063, 62.65690263920936], [29.57708712461492, 62.66586928161207], [29.557587024549562, 62.66622644412836], [29.556813501865683, 62.65725966535086]]]}, "properties": {"grid_id": "ETRS-TM35FIN-1km-N6950000-E631000", "northing_min": 6950000, "easting_min": 631000, "grid_size_m": 1000}}, {"type": "Feature", "geometry": {"type": "Polygon", "coordinates": [[[30.199818880744218, 62.64404839403314], [30.21929336137442, 62.64360205949718], [30.22026654924241, 62.65256362376296], [30.200786206092502, 62.65301012863466], [30.199818880744218, 62.64404839403314]]]}, "properties": {"grid_id": "ETRS-TM35FIN-1km-N6950000-E664000", "northing_min": 6950000, "easting_min": 664000, "grid_size_m": 1000}}, {"type": "Feature", "geometry": {"type": "Polygon", "coordinates": [[[31.094895171453008, 62.62072172651708], [31.11433489657751, 62.620151229487156], [31.115576994851423, 62.62910385137151], [31.09613144110351, 62.62967456577813], [31.094895171453008, 62.62072172651708]]]}, "properties": {"grid_id": "ETRS-TM35FIN-1km-N6950000-E710000", "northing_min": 6950000, "easting_min": 710000, "grid_size_m": 1000}}, {"type": "Feature", "geometry": {"type": "Polygon", "coordinates": [[[28.87534580222665, 62.685989821433004], [28.894867975148948, 62.68572748281123], [28.895442020974862, 62.69469825475146], [28.875913942354202, 62.69496069369796], [28.87534580222665, 62.685989821433004]]]}, "properties": {"grid_id": "ETRS-TM35FIN-1km-N6952000-E596000", "northing_min": 6952000, "easting_min": 596000, "grid_size_m": 1000}}, {"type": "Feature", "geometry": {"type": "Polygon", "coordinates": [[[29.616877426269205, 62.67411317668148], [29.636381794981535, 62.673747745654346], [29.63717993541702, 62.682713938146506], [29.617669678437245, 62.683079508810714], [29.616877426269205, 62.67411317668148]]]}, "properties": {"grid_id": "ETRS-TM35FIN-1km-N6952000-E634000", "northing_min": 6952000, "easting_min": 634000, "grid_size_m": 1000}}, {"type": "Feature", "geometry": {"type": "Polygon", "coordinates": [[[28.721762712686463, 62.732848820804215], [28.741317474536096, 62.732607746229], [28.741846077032797, 62.7415792214114], [28.72228538624096, 62.741820388294975], [28.721762712686463, 62.732848820804215]]]}, "properties": {"grid_id": "ETRS-TM35FIN-1km-N6957000-E588000", "northing_min": 6957000, "easting_min": 588000, "grid_size_m": 1000}}, {"type": "Feature", "geometry": {"type": "Polygon", "coordinates": [[[29.620844128568763, 62.71894466510324], [29.64037797890952, 62.718578535045914], [29.641178862905498, 62.727544640987986], [29.621639104132047, 62.72791091110524], [29.620844128568763, 62.71894466510324]]]}, "properties": {"grid_id": "ETRS-TM35FIN-1km-N6957000-E634000", "northing_min": 6957000, "easting_min": 634000, "grid_size_m": 1000}}, {"type": "Feature", "geometry": {"type": "Polygon", "coordinates": [[[23.09010176523358, 62.69791744312338], [23.109597375648583, 62.6984599412472], [23.108418836334423, 62.70741491238059], [23.088917356655582, 62.70687220709739], [23.09010176523358, 62.69791744312338]]]}, "properties": {"grid_id": "ETRS-TM35FIN-1km-N6958000-E300000", "northing_min": 6958000, "easting_min": 300000, "grid_size_m": 1000}}, {"type": "Feature", "geometry": {"type": "Polygon", "coordinates": [[[27.019582652351797, 62.76134878483954], [27.039165300607042, 62.761344693574756], [27.03917720628601, 62.770320277026435], [27.019588605193295, 62.770324369859615], [27.019582652351797, 62.76134878483954]]]}, "properties": {"grid_id": "ETRS-TM35FIN-1km-N6959000-E501000", "northing_min": 6959000, "easting_min": 501000, "grid_size_m": 1000}}, {"type": "Feature", "geometry": {"type": "Polygon", "coordinates": [[[31.008577777713295, 62.704118096534266], [31.02807432385933, 62.70355915911565], [31.02929476744403, 62.71251263367708], [31.009792352864295, 62.713071784532154], [31.008577777713295, 62.704118096534266]]]}, "properties": {"grid_id": "ETRS-TM35FIN-1km-N6959000-E705000", "northing_min": 6959000, "easting_min": 705000, "grid_size_m": 1000}}, {"type": "Feature", "geometry": {"type": "Polygon", "coordinates": [[[30.991498640197996, 62.72258210527464], [31.0110077610549, 62.72202544771464], [31.0122240030995, 62.73097908607127], [30.99270900501032, 62.73153595629942], [30.991498640197996, 62.72258210527464]]]}, "properties": {"grid_id": "ETRS-TM35FIN-1km-N6961000-E704000", "northing_min": 6961000, "easting_min": 704000, "grid_size_m": 1000}}, {"type": "Feature", "geometry": {"type": "Polygon", "coordinates": [[[27.274405455136037, 62.78800926871675], [27.29400554691947, 62.787969674860165], [27.29409502198499, 62.79694510791886], [27.274488965470823, 62.7969847169638], [27.274405455136037, 62.78800926871675]]]}, "properties": {"grid_id": "ETRS-TM35FIN-1km-N6962000-E514000", "northing_min": 6962000, "easting_min": 514000, "grid_size_m": 1000}}, {"type": "Feature", "geometry": {"type": "Polygon", "coordinates": [[[28.66562418806668, 62.77841476921269], [28.685209705989646, 62.778181412126465], [28.685722281044285, 62.787153091622635], [28.666130812727424, 62.78738653816663], [28.66562418806668, 62.77841476921269]]]}, "properties": {"grid_id": "ETRS-TM35FIN-1km-N6962000-E585000", "northing_min": 6962000, "easting_min": 585000, "grid_size_m": 1000}}, {"type": "Feature", "geometry": {"type": "Polygon", "coordinates": [[[28.841880805917427, 62.77621640497677], [28.861463001670007, 62.77595851174293], [28.862029114179844, 62.7849293391582], [28.84244097129944, 62.78518733124093], [28.841880805917427, 62.77621640497677]]]}, "properties": {"grid_id": "ETRS-TM35FIN-1km-N6962000-E594000", "northing_min": 6962000, "easting_min": 594000, "grid_size_m": 1000}}, {"type": "Feature", "geometry": {"type": "Polygon", "coordinates": [[[30.97319317625026, 62.7320901184208], [30.99270900501032, 62.73153595629942], [30.993920200493704, 62.74048978261623], [30.974398489690284, 62.74104415650736], [30.97319317625026, 62.7320901184208]]]}, "properties": {"grid_id": "ETRS-TM35FIN-1km-N6962000-E703000", "northing_min": 6962000, "easting_min": 703000, "grid_size_m": 1000}}, {"type": "Feature", "geometry": {"type": "Polygon", "coordinates": [[[30.99270900501032, 62.73153595629942], [31.0122240030995, 62.73097908607127], [31.013441079813575, 62.73993269959146], [30.993920200493704, 62.74048978261623], [30.99270900501032, 62.73153595629942]]]}, "properties": {"grid_id": "ETRS-TM35FIN-1km-N6962000-E704000", "northing_min": 6962000, "easting_min": 704000, "grid_size_m": 1000}}, {"type": "Feature", "geometry": {"type": "Polygon", "coordinates": [[[25.88255703934809, 62.79281525991605], [25.90215696608975, 62.79296956800258], [25.901822805524397, 62.801943464279866], [25.88221691597379, 62.8017890970032], [25.88255703934809, 62.79281525991605]]]}, "properties": {"grid_id": "ETRS-TM35FIN-1km-N6963000-E443000", "northing_min": 6963000, "easting_min": 443000, "grid_size_m": 1000}}, {"type": "Feature", "geometry": {"type": "Polygon", "coordinates": [[[28.50938684492426, 62.78915590350949], [28.52898099085869, 62.788944281573166], [28.529446273755607, 62.79791663401793], [28.509846170700236, 62.79812833710787], [28.50938684492426, 62.78915590350949]]]}, "properties": {"grid_id": "ETRS-TM35FIN-1km-N6963000-E577000", "northing_min": 6963000, "easting_min": 577000, "grid_size_m": 1000}}, {"type": "Feature", "geometry": {"type": "Polygon", "coordinates": [[[22.204998775898627, 62.724374770084], [22.224488975456843, 62.72504028025549], [22.223041223276123, 62.733984735295564], [22.203545170227283, 62.73331897112149], [22.204998775898627, 62.724374770084]]]}, "properties": {"grid_id": "ETRS-TM35FIN-1km-N6964000-E255000", "northing_min": 6964000, "easting_min": 255000, "grid_size_m": 1000}}, {"type": "Feature", "geometry": {"type": "Polygon", "coordinates": [[[23.024395369389296, 62.749998170003515], [23.043923794529487, 62.75055004541158], [23.042722716183636, 62.75950424530449], [23.023188400178626, 62.7589521588989], [23.024395369389296, 62.749998170003515]]]}, "properties": {"grid_id": "ETRS-TM35FIN-1km-N6964000-E297000", "northing_min": 6964000, "easting_min": 297000, "grid_size_m": 1000}}, {"type": "Feature", "geometry": {"type": "Polygon", "coordinates": [[[26.29376850027058, 62.81343206693483], [26.31338433551131, 62.813529108457296], [26.313175151801143, 62.82250398203165], [26.293553341612114, 62.82240690326214], [26.29376850027058, 62.81343206693483]]]}, "properties": {"grid_id": "ETRS-TM35FIN-1km-N6965000-E464000", "northing_min": 6965000, "easting_min": 464000, "grid_size_m": 1000}}, {"type": "Feature", "geometry": {"type": "Polygon", "coordinates": [[[27.666999685058254, 62.813623416855286], [27.68661566448869, 62.813529108457296], [27.686824848198857, 62.82250398203165], [27.667202893678073, 62.822598326627855], [27.666999685058254, 62.813623416855286]]]}, "properties": {"grid_id": "ETRS-TM35FIN-1km-N6965000-E534000", "northing_min": 6965000, "easting_min": 534000, "grid_size_m": 1000}}, {"type": "Feature", "geometry": {"type": "Polygon", "coordinates": [[[22.8461565315826, 62.76281341232813], [22.865689128799666, 62.763390113789136], [22.86443333902672, 62.77234232638301], [22.84489485037386, 62.7717654044107], [22.8461565315826, 62.76281341232813]]]}, "properties": {"grid_id": "ETRS-TM35FIN-1km-N6966000-E288000", "northing_min": 6966000, "easting_min": 288000, "grid_size_m": 1000}}, {"type": "Feature", "geometry": {"type": "Polygon", "coordinates": [[[28.1773160907934, 62.819256878003706], [28.196932953790128, 62.81909146034957], [28.197297679553515, 62.82806501203735], [28.177674842361203, 62.828230493183156], [28.1773160907934, 62.819256878003706]]]}, "properties": {"grid_id": "ETRS-TM35FIN-1km-N6966000-E560000", "northing_min": 6966000, "easting_min": 560000, "grid_size_m": 1000}}, {"type": "Feature", "geometry": {"type": "Polygon", "coordinates": [[[29.530074581697708, 62.80143634806094], [29.54966446602486, 62.801082581099024], [29.550440592168002, 62.81004922477446], [29.530844760195798, 62.81040312735609], [29.530074581697708, 62.80143634806094]]]}, "properties": {"grid_id": "ETRS-TM35FIN-1km-N6966000-E629000", "northing_min": 6966000, "easting_min": 629000, "grid_size_m": 1000}}, {"type": "Feature", "geometry": {"type": "Polygon", "coordinates": [[[30.938938150472293, 62.769008005587644], [30.958479187251243, 62.768458420713934], [30.959681916583264, 62.77741257162967], [30.940134980102155, 62.77796236672655], [30.938938150472293, 62.769008005587644]]]}, "properties": {"grid_id": "ETRS-TM35FIN-1km-N6966000-E701000", "northing_min": 6966000, "easting_min": 701000, "grid_size_m": 1000}}, {"type": "Feature", "geometry": {"type": "Polygon", "coordinates": [[[27.490749018386456, 62.83229956095593], [27.510378066706576, 62.832229798711104], [27.510533684543816, 62.84120493681013], [27.490898651787194, 62.8412747258451], [27.490749018386456, 62.83229956095593]]]}, "properties": {"grid_id": "ETRS-TM35FIN-1km-N6967000-E525000", "northing_min": 6967000, "easting_min": 525000, "grid_size_m": 1000}}, {"type": "Feature", "geometry": {"type": "Polygon", "coordinates": [[[28.001058662631568, 62.82959678933244], [28.020683579377746, 62.82945591575395], [28.02099474352944, 62.83842998872802], [28.001363846419235, 62.83857091639479], [28.001058662631568, 62.82959678933244]]]}, "properties": {"grid_id": "ETRS-TM35FIN-1km-N6967000-E551000", "northing_min": 6967000, "easting_min": 551000, "grid_size_m": 1000}}, {"type": "Feature", "geometry": {"type": "Polygon", "coordinates": [[[30.920587220935886, 62.778509447918516], [30.940134980102155, 62.77796236672655], [30.941332632417343, 62.78691670348876], [30.9217789687216, 62.7874639940006], [30.920587220935886, 62.778509447918516]]]}, "properties": {"grid_id": "ETRS-TM35FIN-1km-N6967000-E700000", "northing_min": 6967000, "easting_min": 700000, "grid_size_m": 1000}}, {"type": "Feature", "geometry": {"type": "Polygon", "coordinates": [[[22.745923477640687, 62.77779097508652], [22.765463483093345, 62.77838167776872], [22.76417647802276, 62.78733272481956], [22.744630577399843, 62.78674179621678], [22.745923477640687, 62.77779097508652]]]}, "properties": {"grid_id": "ETRS-TM35FIN-1km-N6968000-E283000", "northing_min": 6968000, "easting_min": 283000, "grid_size_m": 1000}}, {"type": "Feature", "geometry": {"type": "Polygon", "coordinates": [[[29.982313825470662, 62.81053716042748], [30.001902263925906, 62.81012042274521], [30.002816290538682, 62.81908362196532], [29.983221909389734, 62.81950051938312], [29.982313825470662, 62.81053716042748]]]}, "properties": {"grid_id": "ETRS-TM35FIN-1km-N6968000-E652000", "northing_min": 6968000, "easting_min": 652000, "grid_size_m": 1000}}, {"type": "Feature", "geometry": {"type": "Polygon", "coordinates": [[[27.667813361351076, 62.84952298453192], [27.68745326588915, 62.84942853120864], [27.687663027780566, 62.85840335709304], [27.668017131641097, 62.858497846702896], [27.667813361351076, 62.84952298453192]]]}, "properties": {"grid_id": "ETRS-TM35FIN-1km-N6969000-E534000", "northing_min": 6969000, "easting_min": 534000, "grid_size_m": 1000}}, {"type": "Feature", "geometry": {"type": "Polygon", "coordinates": [[[22.37202616851255, 62.78394538566854], [22.391560382402854, 62.784588053043905], [22.39015959929502, 62.79353457388721], [22.370619499432596, 62.79289166080313], [22.37202616851255, 62.78394538566854]]]}, "properties": {"grid_id": "ETRS-TM35FIN-1km-N6970000-E264000", "northing_min": 6970000, "easting_min": 264000, "grid_size_m": 1000}}, {"type": "Feature", "geometry": {"type": "Polygon", "coordinates": [[[26.214109747801054, 62.85788983421534], [26.23375487805602, 62.8579980152994], [26.23352098977606, 62.86697267351228], [26.213869864537475, 62.86686445085984], [26.214109747801054, 62.85788983421534]]]}, "properties": {"grid_id": "ETRS-TM35FIN-1km-N6970000-E460000", "northing_min": 6970000, "easting_min": 460000, "grid_size_m": 1000}}, {"type": "Feature", "geometry": {"type": "Polygon", "coordinates": [[[27.550138943603784, 62.859007276446484], [27.569785622251047, 62.85892921784242], [27.5699595526064, 62.867904233880886], [27.55030687744763, 62.86798232248092], [27.550138943603784, 62.859007276446484]]]}, "properties": {"grid_id": "ETRS-TM35FIN-1km-N6970000-E528000", "northing_min": 6970000, "easting_min": 528000, "grid_size_m": 1000}}, {"type": "Feature", "geometry": {"type": "Polygon", "coordinates": [[[27.648371094737772, 62.85858959789999], [27.668017131641097, 62.858497846702896], [27.668221042695, 62.86747269697911], [27.64856900991344, 62.86756448343288], [27.648371094737772, 62.85858959789999]]]}, "properties": {"grid_id": "ETRS-TM35FIN-1km-N6970000-E533000", "northing_min": 6970000, "easting_min": 533000, "grid_size_m": 1000}}, {"type": "Feature", "geometry": {"type": "Polygon", "coordinates": [[[22.27293357794576, 62.789636454468884], [22.292468805218753, 62.790292913665766], [22.29103761923551, 62.799238165865276], [22.27149650676375, 62.79858145568636], [22.27293357794576, 62.789636454468884]]]}, "properties": {"grid_id": "ETRS-TM35FIN-1km-N6971000-E259000", "northing_min": 6971000, "easting_min": 259000, "grid_size_m": 1000}}, {"type": "Feature", "geometry": {"type": "Polygon", "coordinates": [[[27.58961210757517, 62.86782340564312], [27.609264538211054, 62.86773983780004], [27.609450589705506, 62.87671477886011], [27.589792158656447, 62.87679837882316], [27.58961210757517, 62.86782340564312]]]}, "properties": {"grid_id": "ETRS-TM35FIN-1km-N6971000-E530000", "northing_min": 6971000, "easting_min": 530000, "grid_size_m": 1000}}, {"type": "Feature", "geometry": {"type": "Polygon", "coordinates": [[[27.64856900991344, 62.86756448343288], [27.668221042695, 62.86747269697911], [27.66842509465169, 62.876447535362765], [27.648767061849686, 62.87653935709475], [27.64856900991344, 62.86756448343288]]]}, "properties": {"grid_id": "ETRS-TM35FIN-1km-N6971000-E533000", "northing_min": 6971000, "easting_min": 533000, "grid_size_m": 1000}}, {"type": "Feature", "geometry": {"type": "Polygon", "coordinates": [[[23.83756306059316, 62.84253588242125], [23.857170126933635, 62.8429750814769], [23.85621188205775, 62.851937054606914], [23.836598861785628, 62.8514976870944], [23.83756306059316, 62.84253588242125]]]}, "properties": {"grid_id": "ETRS-TM35FIN-1km-N6972000-E339000", "northing_min": 6972000, "easting_min": 339000, "grid_size_m": 1000}}, {"type": "Feature", "geometry": {"type": "Polygon", "coordinates": [[[23.935604953564173, 62.84470460467302], [23.955215280128343, 62.84513016635267], [23.95428681457457, 62.854092966148606], [23.93467053087075, 62.853667241218744], [23.935604953564173, 62.84470460467302]]]}, "properties": {"grid_id": "ETRS-TM35FIN-1km-N6972000-E344000", "northing_min": 6972000, "easting_min": 344000, "grid_size_m": 1000}}, {"type": "Feature", "geometry": {"type": "Polygon", "coordinates": [[[27.609450589705506, 62.87671477886011], [27.629108892152132, 62.87662843827244], [27.62930107668204, 62.88560333431196], [27.609636769802414, 62.88568970809262], [27.609450589705506, 62.87671477886011]]]}, "properties": {"grid_id": "ETRS-TM35FIN-1km-N6972000-E531000", "northing_min": 6972000, "easting_min": 531000, "grid_size_m": 1000}}, {"type": "Feature", "geometry": {"type": "Polygon", "coordinates": [[[27.688082986411857, 62.876352973113306], [27.707740732984075, 62.87625567038427], [27.707956933894213, 62.88523042311824], [27.688293183437885, 62.88532776325363], [27.688082986411857, 62.876352973113306]]]}, "properties": {"grid_id": "ETRS-TM35FIN-1km-N6972000-E535000", "northing_min": 6972000, "easting_min": 535000, "grid_size_m": 1000}}, {"type": "Feature", "geometry": {"type": "Polygon", "coordinates": [[[27.864996981327828, 62.87537859619966], [27.88465323466672, 62.87525663104182], [27.88492346340749, 62.884230999726604], [27.86526120765884, 62.884353011768695], [27.864996981327828, 62.87537859619966]]]}, "properties": {"grid_id": "ETRS-TM35FIN-1km-N6972000-E544000", "northing_min": 6972000, "easting_min": 544000, "grid_size_m": 1000}}, {"type": "Feature", "geometry": {"type": "Polygon", "coordinates": [[[27.88465323466672, 62.87525663104182], [27.90430930136791, 62.875131925843974], [27.90458553233416, 62.88410624659159], [27.88492346340749, 62.884230999726604], [27.88465323466672, 62.87525663104182]]]}, "properties": {"grid_id": "ETRS-TM35FIN-1km-N6972000-E545000", "northing_min": 6972000, "easting_min": 545000, "grid_size_m": 1000}}, {"type": "Feature", "geometry": {"type": "Polygon", "coordinates": [[[28.454586578162115, 62.87052795707237], [28.474235431008424, 62.87032381691243], [28.474685627993587, 62.879296289715896], [28.45503078004217, 62.87950050832255], [28.454586578162115, 62.87052795707237]]]}, "properties": {"grid_id": "ETRS-TM35FIN-1km-N6972000-E574000", "northing_min": 6972000, "easting_min": 574000, "grid_size_m": 1000}}, {"type": "Feature", "geometry": {"type": "Polygon", "coordinates": [[[29.966337056515442, 62.846805131497945], [29.98594991774768, 62.84639048278302], [29.986860508120664, 62.8553537660782], [29.96724168725419, 62.85576857387521], [29.966337056515442, 62.846805131497945]]]}, "properties": {"grid_id": "ETRS-TM35FIN-1km-N6972000-E651000", "northing_min": 6972000, "easting_min": 651000, "grid_size_m": 1000}}, {"type": "Feature", "geometry": {"type": "Polygon", "coordinates": [[[26.331370712349752, 62.88542236185616], [26.351034749318497, 62.88551421888789], [26.350836423455924, 62.8944890688145], [26.331166378170057, 62.894397176461474], [26.331370712349752, 62.88542236185616]]]}, "properties": {"grid_id": "ETRS-TM35FIN-1km-N6973000-E466000", "northing_min": 6973000, "easting_min": 466000, "grid_size_m": 1000}}, {"type": "Feature", "geometry": {"type": "Polygon", "coordinates": [[[27.491798625291302, 62.895125468951925], [27.51146965156586, 62.89505551883247], [27.511626023728162, 62.90403057476329], [27.491948984012655, 62.90410055178759], [27.491798625291302, 62.895125468951925]]]}, "properties": {"grid_id": "ETRS-TM35FIN-1km-N6974000-E525000", "northing_min": 6974000, "easting_min": 525000, "grid_size_m": 1000}}, {"type": "Feature", "geometry": {"type": "Polygon", "coordinates": [[[27.59015263430884, 62.89474828976164], [27.60982307862877, 62.89466462549983], [27.610009516311735, 62.90363953108412], [27.590333059125904, 62.903723227524765], [27.59015263430884, 62.89474828976164]]]}, "properties": {"grid_id": "ETRS-TM35FIN-1km-N6974000-E530000", "northing_min": 6974000, "easting_min": 530000, "grid_size_m": 1000}}, {"type": "Feature", "geometry": {"type": "Polygon", "coordinates": [[[27.806519749228226, 62.8936771387005], [27.82618854764028, 62.89356330647438], [27.82644111754184, 62.902537788487656], [27.80676630789015, 62.90265166449256], [27.806519749228226, 62.8936771387005]]]}, "properties": {"grid_id": "ETRS-TM35FIN-1km-N6974000-E541000", "northing_min": 6974000, "easting_min": 541000, "grid_size_m": 1000}}, {"type": "Feature", "geometry": {"type": "Polygon", "coordinates": [[[22.95229767510003, 62.84681175279971], [22.971888597107036, 62.84737412073128], [22.970660594994257, 62.85632741041078], [22.95106374025447, 62.85576482696633], [22.95229767510003, 62.84681175279971]]]}, "properties": {"grid_id": "ETRS-TM35FIN-1km-N6975000-E294000", "northing_min": 6975000, "easting_min": 294000, "grid_size_m": 1000}}, {"type": "Feature", "geometry": {"type": "Polygon", "coordinates": [[[27.55097977443913, 62.90388238891224], [27.570656477115275, 62.90380418014499], [27.570831009608767, 62.91277913725029], [27.551148289664955, 62.91285737610525], [27.55097977443913, 62.90388238891224]]]}, "properties": {"grid_id": "ETRS-TM35FIN-1km-N6975000-E528000", "northing_min": 6975000, "easting_min": 528000, "grid_size_m": 1000}}, {"type": "Feature", "geometry": {"type": "Polygon", "coordinates": [[[27.590333059125904, 62.903723227524765], [27.610009516311735, 62.90363953108412], [27.61019608297863, 62.91261442484772], [27.590513608767786, 62.91269815348693], [27.590333059125904, 62.903723227524765]]]}, "properties": {"grid_id": "ETRS-TM35FIN-1km-N6975000-E530000", "northing_min": 6975000, "easting_min": 530000, "grid_size_m": 1000}}, {"type": "Feature", "geometry": {"type": "Polygon", "coordinates": [[[27.29526383358276, 62.91362468175757], [27.314947744796452, 62.9135821291711], [27.31504411165172, 62.9225573834939], [27.295354177828823, 62.922599952455386], [27.29526383358276, 62.91362468175757]]]}, "properties": {"grid_id": "ETRS-TM35FIN-1km-N6976000-E515000", "northing_min": 6976000, "easting_min": 515000, "grid_size_m": 1000}}, {"type": "Feature", "geometry": {"type": "Polygon", "coordinates": [[[27.767650878981478, 62.911845784472575], [27.787332041335265, 62.91173735359706], [27.787572921569033, 62.92071189806217], [27.76788573932411, 62.92082037065873], [27.767650878981478, 62.911845784472575]]]}, "properties": {"grid_id": "ETRS-TM35FIN-1km-N6976000-E539000", "northing_min": 6976000, "easting_min": 539000, "grid_size_m": 1000}}, {"type": "Feature", "geometry": {"type": "Polygon", "coordinates": [[[27.41349269667038, 62.92230334475604], [27.43318216767239, 62.922244298365364], [27.433314760382263, 62.93121942059323], [27.413619263059665, 62.93127848971072], [27.41349269667038, 62.92230334475604]]]}, "properties": {"grid_id": "ETRS-TM35FIN-1km-N6977000-E521000", "northing_min": 6977000, "easting_min": 521000, "grid_size_m": 1000}}, {"type": "Feature", "geometry": {"type": "Polygon", "coordinates": [[[27.630071144916958, 62.92150280003739], [27.649759377670744, 62.92141354741834], [27.649958253011665, 62.93038834990179], [27.6302639951621, 62.93047763687206], [27.630071144916958, 62.92150280003739]]]}, "properties": {"grid_id": "ETRS-TM35FIN-1km-N6977000-E532000", "northing_min": 6977000, "easting_min": 532000, "grid_size_m": 1000}}, {"type": "Feature", "geometry": {"type": "Polygon", "coordinates": [[[27.649759377670744, 62.92141354741834], [27.669447472851314, 62.92132154897174], [27.669652373151937, 62.93029631604741], [27.649958253011665, 62.93038834990179], [27.649759377670744, 62.92141354741834]]]}, "properties": {"grid_id": "ETRS-TM35FIN-1km-N6977000-E533000", "northing_min": 6977000, "easting_min": 533000, "grid_size_m": 1000}}, {"type": "Feature", "geometry": {"type": "Polygon", "coordinates": [[[22.065640443070865, 62.85446153722561], [22.0852127406578, 62.85514716314102], [22.083714531609825, 62.864089607658514], [22.064136326689006, 62.86340371926262], [22.065640443070865, 62.85446153722561]]]}, "properties": {"grid_id": "ETRS-TM35FIN-1km-N6979000-E249000", "northing_min": 6979000, "easting_min": 249000, "grid_size_m": 1000}}, {"type": "Feature", "geometry": {"type": "Polygon", "coordinates": [[[27.847151866901132, 62.938318796809014], [27.866850408121024, 62.938199250331884], [27.867115916966892, 62.94717358096922], [27.847411344032807, 62.94729317347424], [27.847151866901132, 62.938318796809014]]]}, "properties": {"grid_id": "ETRS-TM35FIN-1km-N6979000-E543000", "northing_min": 6979000, "easting_min": 543000, "grid_size_m": 1000}}, {"type": "Feature", "geometry": {"type": "Polygon", "coordinates": [[[29.698278363143483, 62.92404761980116], [29.71794743833719, 62.92367002859932], [29.718779121652993, 62.93263530300191], [29.69910404566628, 62.93301303938509], [29.698278363143483, 62.92404761980116]]]}, "properties": {"grid_id": "ETRS-TM35FIN-1km-N6980000-E637000", "northing_min": 6980000, "easting_min": 637000, "grid_size_m": 1000}}, {"type": "Feature", "geometry": {"type": "Polygon", "coordinates": [[[27.729403715537625, 62.956927625429046], [27.74911534129338, 62.956824485372366], [27.74934497518007, 62.96579905238481], [27.729627308344714, 62.96590223217246], [27.729403715537625, 62.956927625429046]]]}, "properties": {"grid_id": "ETRS-TM35FIN-1km-N6981000-E537000", "northing_min": 6981000, "easting_min": 537000, "grid_size_m": 1000}}, {"type": "Feature", "geometry": {"type": "Polygon", "coordinates": [[[27.670473394561718, 62.96619526560464], [27.69019151384855, 62.9661003388223], [27.690403170670663, 62.97507500996034], [27.670679005669278, 62.975169973318884], [27.670473394561718, 62.96619526560464]]]}, "properties": {"grid_id": "ETRS-TM35FIN-1km-N6982000-E534000", "northing_min": 6982000, "easting_min": 534000, "grid_size_m": 1000}}, {"type": "Feature", "geometry": {"type": "Polygon", "coordinates": [[[27.709909486505246, 62.966002660998456], [27.729627308344714, 62.96590223217246], [27.729851056155947, 62.97487682697891], [27.710127188896628, 62.97497729450055], [27.709909486505246, 62.966002660998456]]]}, "properties": {"grid_id": "ETRS-TM35FIN-1km-N6982000-E536000", "northing_min": 6982000, "easting_min": 536000, "grid_size_m": 1000}}, {"type": "Feature", "geometry": {"type": "Polygon", "coordinates": [[[27.670679005669278, 62.975169973318884], [27.690403170670663, 62.97507500996034], [27.690614974268218, 62.984049669210414], [27.670884759360863, 62.98414466916756], [27.670679005669278, 62.975169973318884]]]}, "properties": {"grid_id": "ETRS-TM35FIN-1km-N6983000-E534000", "northing_min": 6983000, "easting_min": 534000, "grid_size_m": 1000}}, {"type": "Feature", "geometry": {"type": "Polygon", "coordinates": [[[27.8284679812739, 62.974333209899804], [27.84819085472896, 62.97421623089675], [27.848451051988725, 62.98319055918655], [27.828722129907682, 62.98330758327038], [27.8284679812739, 62.974333209899804]]]}, "properties": {"grid_id": "ETRS-TM35FIN-1km-N6983000-E542000", "northing_min": 6983000, "easting_min": 542000, "grid_size_m": 1000}}, {"type": "Feature", "geometry": {"type": "Polygon", "coordinates": [[[22.058109496784994, 62.899172130120846], [22.07771137120855, 62.899859070030836], [22.076207994985882, 62.908801356612706], [22.056600193125497, 62.90811415342538], [22.058109496784994, 62.899172130120846]]]}, "properties": {"grid_id": "ETRS-TM35FIN-1km-N6984000-E249000", "northing_min": 6984000, "easting_min": 249000, "grid_size_m": 1000}}, {"type": "Feature", "geometry": {"type": "Polygon", "coordinates": [[[27.710345042254694, 62.98395191609161], [27.7300749591249, 62.98385140985057], [27.73029901740534, 62.99282598078965], [27.710563046729057, 62.992926525773825], [27.710345042254694, 62.98395191609161]]]}, "properties": {"grid_id": "ETRS-TM35FIN-1km-N6984000-E536000", "northing_min": 6984000, "easting_min": 536000, "grid_size_m": 1000}}, {"type": "Feature", "geometry": {"type": "Polygon", "coordinates": [[[27.7300749591249, 62.98385140985057], [27.749804720683652, 62.98374815052788], [27.750034832616187, 62.992722681662826], [27.73029901740534, 62.99282598078965], [27.7300749591249, 62.98385140985057]]]}, "properties": {"grid_id": "ETRS-TM35FIN-1km-N6984000-E537000", "northing_min": 6984000, "easting_min": 537000, "grid_size_m": 1000}}, {"type": "Feature", "geometry": {"type": "Polygon", "coordinates": [[[27.57240725173232, 62.99355322139901], [27.592144193074223, 62.993471956487774], [27.59232599777755, 63.00244676456862], [27.572582997467542, 63.00252806081438], [27.57240725173232, 62.99355322139901]]]}, "properties": {"grid_id": "ETRS-TM35FIN-1km-N6985000-E529000", "northing_min": 6985000, "easting_min": 529000, "grid_size_m": 1000}}, {"type": "Feature", "geometry": {"type": "Polygon", "coordinates": [[[27.828976454825707, 62.992281944579815], [27.848711429726617, 62.99216487538759], [27.848971988121544, 63.00113917950183], [27.829230956202736, 63.001256293830195], [27.828976454825707, 62.992281944579815]]]}, "properties": {"grid_id": "ETRS-TM35FIN-1km-N6985000-E542000", "northing_min": 6985000, "easting_min": 542000, "grid_size_m": 1000}}, {"type": "Feature", "geometry": {"type": "Polygon", "coordinates": [[[22.957096539112396, 62.95481194544114], [22.9767597776105, 62.95537417445545], [22.975527548437725, 62.96432737963944], [22.955858327480122, 62.963764934575345], [22.957096539112396, 62.95481194544114]]]}, "properties": {"grid_id": "ETRS-TM35FIN-1km-N6987000-E295000", "northing_min": 6987000, "easting_min": 295000, "grid_size_m": 1000}}, {"type": "Feature", "geometry": {"type": "Polygon", "coordinates": [[[27.41476231504767, 63.01205427055563], [27.43451223752539, 63.01199499626893], [27.434645752521895, 63.020970002014316], [27.414889761809764, 63.02102929916757], [27.41476231504767, 63.01205427055563]]]}, "properties": {"grid_id": "ETRS-TM35FIN-1km-N6987000-E521000", "northing_min": 6987000, "easting_min": 521000, "grid_size_m": 1000}}, {"type": "Feature", "geometry": {"type": "Polygon", "coordinates": [[[27.43451223752539, 63.01199499626893], [27.4542620673627, 63.01193296522258], [27.454401650501673, 63.02090794703796], [27.434645752521895, 63.020970002014316], [27.43451223752539, 63.01199499626893]]]}, "properties": {"grid_id": "ETRS-TM35FIN-1km-N6987000-E522000", "northing_min": 6987000, "easting_min": 522000, "grid_size_m": 1000}}, {"type": "Feature", "geometry": {"type": "Polygon", "coordinates": [[[28.5604539845785, 63.01303263010432], [28.580197637135385, 63.01281345508732], [28.580683153495418, 63.02178530276632], [28.56093344073482, 63.02200456230825], [28.5604539845785, 63.01303263010432]]]}, "properties": {"grid_id": "ETRS-TM35FIN-1km-N6988000-E579000", "northing_min": 6988000, "easting_min": 579000, "grid_size_m": 1000}}, {"type": "Feature", "geometry": {"type": "Polygon", "coordinates": [[[28.48238683087445, 63.03182628923026], [28.50214391572767, 63.03161797258171], [28.50260583021364, 63.040590125270384], [28.48284267545006, 63.04079852229776], [28.48238683087445, 63.03182628923026]]]}, "properties": {"grid_id": "ETRS-TM35FIN-1km-N6990000-E575000", "northing_min": 6990000, "easting_min": 575000, "grid_size_m": 1000}}, {"type": "Feature", "geometry": {"type": "Polygon", "coordinates": [[[31.400731548872056, 62.97107126157963], [31.420395744895966, 62.970456423449036], [31.42175026298787, 62.97940502661582], [31.40208008897007, 62.98002010099147], [31.400731548872056, 62.97107126157963]]]}, "properties": {"grid_id": "ETRS-TM35FIN-1km-N6990000-E723000", "northing_min": 6990000, "easting_min": 723000, "grid_size_m": 1000}}, {"type": "Feature", "geometry": {"type": "Polygon", "coordinates": [[[22.361940544548307, 62.972458858740985], [22.381600190079357, 62.97310398677493], [22.380184965919504, 62.982050141080784], [22.360519348687937, 62.98140476522497], [22.361940544548307, 62.972458858740985]]]}, "properties": {"grid_id": "ETRS-TM35FIN-1km-N6991000-E265000", "northing_min": 6991000, "easting_min": 265000, "grid_size_m": 1000}}, {"type": "Feature", "geometry": {"type": "Polygon", "coordinates": [[[28.344905593832262, 63.0511528218602], [28.364676953370452, 63.05096366056402], [28.365096955192815, 63.059936327529826], [28.34531951519881, 63.06012556185415], [28.344905593832262, 63.0511528218602]]]}, "properties": {"grid_id": "ETRS-TM35FIN-1km-N6992000-E568000", "northing_min": 6992000, "easting_min": 568000, "grid_size_m": 1000}}, {"type": "Feature", "geometry": {"type": "Polygon", "coordinates": [[[22.162436009047976, 62.98374414891831], [22.18209758290135, 62.98441708788695], [22.180620646242712, 62.99336065566135], [22.160953102404473, 62.99268745818772], [22.162436009047976, 62.98374414891831]]]}, "properties": {"grid_id": "ETRS-TM35FIN-1km-N6993000-E255000", "northing_min": 6993000, "easting_min": 255000, "grid_size_m": 1000}}, {"type": "Feature", "geometry": {"type": "Polygon", "coordinates": [[[25.872250389521433, 63.06202490848848], [25.892031004157186, 63.062181008096374], [25.89168983226251, 63.07115452888375], [25.8719031297918, 63.07099836898919], [25.872250389521433, 63.06202490848848]]]}, "properties": {"grid_id": "ETRS-TM35FIN-1km-N6993000-E443000", "northing_min": 6993000, "easting_min": 443000, "grid_size_m": 1000}}, {"type": "Feature", "geometry": {"type": "Polygon", "coordinates": [[[21.492893283063175, 62.96817557848353], [21.512523687974536, 62.9689414744047], [21.51084320273177, 62.97787563638966], [21.491206860336987, 62.97710944668137], [21.492893283063175, 62.96817557848353]]]}, "properties": {"grid_id": "ETRS-TM35FIN-1km-N6994000-E221000", "northing_min": 6994000, "easting_min": 221000, "grid_size_m": 1000}}, {"type": "Feature", "geometry": {"type": "Polygon", "coordinates": [[[29.887649947666098, 63.04604608255992], [29.907398016106203, 63.04564167187729], [29.908292310860208, 63.054605333272185], [29.888538188722563, 63.05500989990587], [29.887649947666098, 63.04604608255992]]]}, "properties": {"grid_id": "ETRS-TM35FIN-1km-N6994000-E646000", "northing_min": 6994000, "easting_min": 646000, "grid_size_m": 1000}}, {"type": "Feature", "geometry": {"type": "Polygon", "coordinates": [[[22.316885708623754, 63.00694186356116], [22.336567290367686, 63.00759345308156], [22.33513617126238, 63.016538992319894], [22.315448603421522, 63.01588715229186], [22.316885708623754, 63.00694186356116]]]}, "properties": {"grid_id": "ETRS-TM35FIN-1km-N6995000-E263000", "northing_min": 6995000, "easting_min": 263000, "grid_size_m": 1000}}, {"type": "Feature", "geometry": {"type": "Polygon", "coordinates": [[[25.831970769042695, 63.0796510853889], [25.851763075764886, 63.0798128330096], [25.851409236633575, 63.088786207026736], [25.831610834093937, 63.088624396910745], [25.831970769042695, 63.0796510853889]]]}, "properties": {"grid_id": "ETRS-TM35FIN-1km-N6995000-E441000", "northing_min": 6995000, "easting_min": 441000, "grid_size_m": 1000}}, {"type": "Feature", "geometry": {"type": "Polygon", "coordinates": [[[26.029904399064076, 63.081144188987935], [26.049698975398414, 63.081278297150746], [26.04940610720799, 63.09025223741861], [26.029605432798217, 63.090118077434475], [26.029904399064076, 63.081144188987935]]]}, "properties": {"grid_id": "ETRS-TM35FIN-1km-N6995000-E451000", "northing_min": 6995000, "easting_min": 451000, "grid_size_m": 1000}}, {"type": "Feature", "geometry": {"type": "Polygon", "coordinates": [[[29.888538188722563, 63.05500989990587], [29.908292310860208, 63.054605333272185], [29.909187226654694, 63.06356897612171], [29.889427046634612, 63.063973698802144], [29.888538188722563, 63.05500989990587]]]}, "properties": {"grid_id": "ETRS-TM35FIN-1km-N6995000-E646000", "northing_min": 6995000, "easting_min": 646000, "grid_size_m": 1000}}, {"type": "Feature", "geometry": {"type": "Polygon", "coordinates": [[[22.09895190448114, 63.008536440966616], [22.11862830618185, 63.00921835458779], [22.117130359080022, 63.018161049734594], [22.097447978209477, 63.01747887402024], [22.09895190448114, 63.008536440966616]]]}, "properties": {"grid_id": "ETRS-TM35FIN-1km-N6996000-E252000", "northing_min": 6996000, "easting_min": 252000, "grid_size_m": 1000}}, {"type": "Feature", "geometry": {"type": "Polygon", "coordinates": [[[23.695745286068753, 63.05489629986405], [23.715492238167116, 63.05535608030022], [23.714481643280944, 63.06431653699081], [23.694728642233247, 63.063856579276056], [23.695745286068753, 63.05489629986405]]]}, "properties": {"grid_id": "ETRS-TM35FIN-1km-N6996000-E333000", "northing_min": 6996000, "easting_min": 333000, "grid_size_m": 1000}}, {"type": "Feature", "geometry": {"type": "Polygon", "coordinates": [[[25.693029267962665, 63.087414319148586], [25.71282582792222, 63.08759548051483], [25.712429047504145, 63.09656838181208], [25.69262638932108, 63.09638715043926], [25.693029267962665, 63.087414319148586]]]}, "properties": {"grid_id": "ETRS-TM35FIN-1km-N6996000-E434000", "northing_min": 6996000, "easting_min": 434000, "grid_size_m": 1000}}, {"type": "Feature", "geometry": {"type": "Polygon", "coordinates": [[[25.811812682064073, 63.088459822124385], [25.831610834093937, 63.088624396910745], [25.83125064863535, 63.09759769583085], [25.81144639679777, 63.09743305744299], [25.811812682064073, 63.088459822124385]]]}, "properties": {"grid_id": "ETRS-TM35FIN-1km-N6996000-E440000", "northing_min": 6996000, "easting_min": 440000, "grid_size_m": 1000}}, {"type": "Feature", "geometry": {"type": "Polygon", "coordinates": [[[25.831610834093937, 63.088624396910745], [25.851409236633575, 63.088786207026736], [25.85105515123199, 63.0977595684806], [25.83125064863535, 63.09759769583085], [25.831610834093937, 63.088624396910745]]]}, "properties": {"grid_id": "ETRS-TM35FIN-1km-N6996000-E441000", "northing_min": 6996000, "easting_min": 441000, "grid_size_m": 1000}}, {"type": "Feature", "geometry": {"type": "Polygon", "coordinates": [[[29.81038019378208, 63.06556504110044], [29.830142818529758, 63.06517133811243], [29.831014104034598, 63.07413558063117], [29.811245414788942, 63.0745294355271], [29.81038019378208, 63.06556504110044]]]}, "properties": {"grid_id": "ETRS-TM35FIN-1km-N6996000-E642000", "northing_min": 6996000, "easting_min": 642000, "grid_size_m": 1000}}, {"type": "Feature", "geometry": {"type": "Polygon", "coordinates": [[[25.69262638932108, 63.09638715043926], [25.712429047504145, 63.09656838181208], [25.712031990871505, 63.10554127026403], [25.692223230223608, 63.10535996884153], [25.69262638932108, 63.09638715043926]]]}, "properties": {"grid_id": "ETRS-TM35FIN-1km-N6997000-E434000", "northing_min": 6997000, "easting_min": 434000, "grid_size_m": 1000}}, {"type": "Feature", "geometry": {"type": "Polygon", "coordinates": [[[29.811245414788942, 63.0745294355271], [29.831014104034598, 63.07413558063117], [29.831885995035528, 63.0830998049755], [29.81211123709552, 63.083493811872664], [29.811245414788942, 63.0745294355271]]]}, "properties": {"grid_id": "ETRS-TM35FIN-1km-N6997000-E642000", "northing_min": 6997000, "easting_min": 642000, "grid_size_m": 1000}}, {"type": "Feature", "geometry": {"type": "Polygon", "coordinates": [[[29.831014104034598, 63.07413558063117], [29.850782187784286, 63.07373896951153], [29.851660146878345, 63.08270304079505], [29.831885995035528, 63.0830998049755], [29.831014104034598, 63.07413558063117]]]}, "properties": {"grid_id": "ETRS-TM35FIN-1km-N6997000-E643000", "northing_min": 6997000, "easting_min": 643000, "grid_size_m": 1000}}, {"type": "Feature", "geometry": {"type": "Polygon", "coordinates": [[[29.53520333944625, 63.08872030632994], [29.55498614133782, 63.088364917652235], [29.555773565011947, 63.0973311565997], [29.53598468223314, 63.097686682514244], [29.53520333944625, 63.08872030632994]]]}, "properties": {"grid_id": "ETRS-TM35FIN-1km-N6998000-E628000", "northing_min": 6998000, "easting_min": 628000, "grid_size_m": 1000}}, {"type": "Feature", "geometry": {"type": "Polygon", "coordinates": [[[29.81211123709552, 63.083493811872664], [29.831885995035528, 63.0830998049755], [29.832758492133774, 63.09206401114124], [29.812977661298888, 63.092458170133106], [29.81211123709552, 63.083493811872664]]]}, "properties": {"grid_id": "ETRS-TM35FIN-1km-N6998000-E642000", "northing_min": 6998000, "easting_min": 642000, "grid_size_m": 1000}}, {"type": "Feature", "geometry": {"type": "Polygon", "coordinates": [[[21.818827423406688, 63.02551874396848], [21.838506805575914, 63.02623971529375], [21.836921960859755, 63.03517854573656], [21.81723660203478, 63.03445729730558], [21.818827423406688, 63.02551874396848]]]}, "properties": {"grid_id": "ETRS-TM35FIN-1km-N6999000-E238000", "northing_min": 6999000, "easting_min": 238000, "grid_size_m": 1000}}, {"type": "Feature", "geometry": {"type": "Polygon", "coordinates": [[[29.794057176969286, 63.10181406192033], [29.81384468799694, 63.10142251030443], [29.814712317788334, 63.1103868323826], [29.794918724852838, 63.110778535218735], [29.794057176969286, 63.10181406192033]]]}, "properties": {"grid_id": "ETRS-TM35FIN-1km-N7000000-E641000", "northing_min": 7000000, "easting_min": 641000, "grid_size_m": 1000}}, {"type": "Feature", "geometry": {"type": "Polygon", "coordinates": [[[21.579435725635964, 63.03452437337821], [21.599113572471136, 63.03527868254937], [21.597454787947846, 63.04421404779904], [21.577770969615457, 63.043459448754305], [21.579435725635964, 63.03452437337821]]]}, "properties": {"grid_id": "ETRS-TM35FIN-1km-N7001000-E226000", "northing_min": 7001000, "easting_min": 226000, "grid_size_m": 1000}}, {"type": "Feature", "geometry": {"type": "Polygon", "coordinates": [[[21.599113572471136, 63.03527868254937], [21.618792566076074, 63.03603026140481], [21.617139754181068, 63.04496591549376], [21.597454787947846, 63.04421404779904], [21.599113572471136, 63.03527868254937]]]}, "properties": {"grid_id": "ETRS-TM35FIN-1km-N7001000-E227000", "northing_min": 7001000, "easting_min": 227000, "grid_size_m": 1000}}, {"type": "Feature", "geometry": {"type": "Polygon", "coordinates": [[[23.09768622503281, 63.08459665592195], [23.117440381557806, 63.08513992646737], [23.11624449764857, 63.09409448627087], [23.096484294161378, 63.093551006233405], [23.09768622503281, 63.08459665592195]]]}, "properties": {"grid_id": "ETRS-TM35FIN-1km-N7001000-E303000", "northing_min": 7001000, "easting_min": 303000, "grid_size_m": 1000}}, {"type": "Feature", "geometry": {"type": "Polygon", "coordinates": [[[29.77512453243843, 63.11116747727006], [29.794918724852838, 63.110778535218735], [29.795780872215442, 63.119742990513046], [29.775980593083297, 63.120132082815275], [29.77512453243843, 63.11116747727006]]]}, "properties": {"grid_id": "ETRS-TM35FIN-1km-N7001000-E640000", "northing_min": 7001000, "easting_min": 640000, "grid_size_m": 1000}}, {"type": "Feature", "geometry": {"type": "Polygon", "coordinates": [[[21.597454787947846, 63.04421404779904], [21.617139754181068, 63.04496591549376], [21.615485798452422, 63.05390153392423], [21.59579485552349, 63.05314937721411], [21.597454787947846, 63.04421404779904]]]}, "properties": {"grid_id": "ETRS-TM35FIN-1km-N7002000-E227000", "northing_min": 7002000, "easting_min": 227000, "grid_size_m": 1000}}, {"type": "Feature", "geometry": {"type": "Polygon", "coordinates": [[[22.030781993753084, 63.06012366989979], [22.050491182155668, 63.06081537338756], [22.048968992306477, 63.06975708777345], [22.029253803288345, 63.06906511810679], [22.030781993753084, 63.06012366989979]]]}, "properties": {"grid_id": "ETRS-TM35FIN-1km-N7002000-E249000", "northing_min": 7002000, "easting_min": 249000, "grid_size_m": 1000}}, {"type": "Feature", "geometry": {"type": "Polygon", "coordinates": [[[21.615485798452422, 63.05390153392423], [21.635177886343374, 63.05465095794723], [21.633528767549628, 63.06358682885366], [21.613830697761486, 63.06283711667475], [21.615485798452422, 63.05390153392423]]]}, "properties": {"grid_id": "ETRS-TM35FIN-1km-N7003000-E228000", "northing_min": 7003000, "easting_min": 228000, "grid_size_m": 1000}}, {"type": "Feature", "geometry": {"type": "Polygon", "coordinates": [[[21.694260979052622, 63.05688283088683], [21.71395760604849, 63.05762132116011], [21.712332426066098, 63.066558334326714], [21.692629812691866, 63.06581956004348], [21.694260979052622, 63.05688283088683]]]}, "properties": {"grid_id": "ETRS-TM35FIN-1km-N7003000-E232000", "northing_min": 7003000, "easting_min": 232000, "grid_size_m": 1000}}, {"type": "Feature", "geometry": {"type": "Polygon", "coordinates": [[[22.068685236348976, 63.0704463183741], [22.088402531311512, 63.07113280963113], [22.08689129900014, 63.08007502161787], [22.06716799723681, 63.07938826610285], [22.068685236348976, 63.0704463183741]]]}, "properties": {"grid_id": "ETRS-TM35FIN-1km-N7003000-E251000", "northing_min": 7003000, "easting_min": 251000, "grid_size_m": 1000}}, {"type": "Feature", "geometry": {"type": "Polygon", "coordinates": [[[23.035987795567973, 63.10085775051341], [23.055751530504896, 63.10140969636828], [23.054535820908477, 63.110363575568904], [23.03476603317356, 63.10981141680369], [23.035987795567973, 63.10085775051341]]]}, "properties": {"grid_id": "ETRS-TM35FIN-1km-N7003000-E300000", "northing_min": 7003000, "easting_min": 300000, "grid_size_m": 1000}}, {"type": "Feature", "geometry": {"type": "Polygon", "coordinates": [[[21.712332426066098, 63.066558334326714], [21.73203616513382, 63.06729437339044], [21.730415851030664, 63.07623163487424], [21.71070612038997, 63.07549531266494], [21.712332426066098, 63.066558334326714]]]}, "properties": {"grid_id": "ETRS-TM35FIN-1km-N7004000-E233000", "northing_min": 7004000, "easting_min": 233000, "grid_size_m": 1000}}, {"type": "Feature", "geometry": {"type": "Polygon", "coordinates": [[[30.6092519256976, 63.11932890316473], [30.62903550859751, 63.11882357315499], [30.63015504034059, 63.12778069301579], [30.610365386774703, 63.12828621811934], [30.6092519256976, 63.11932890316473]]]}, "properties": {"grid_id": "ETRS-TM35FIN-1km-N7004000-E682000", "northing_min": 7004000, "easting_min": 682000, "grid_size_m": 1000}}, {"type": "Feature", "geometry": {"type": "Polygon", "coordinates": [[[30.727941669062638, 63.11625558237944], [30.74772052104834, 63.11573371753586], [30.748876460413282, 63.12468964463727], [30.729091542460456, 63.125211710915536], [30.727941669062638, 63.11625558237944]]]}, "properties": {"grid_id": "ETRS-TM35FIN-1km-N7004000-E688000", "northing_min": 7004000, "easting_min": 688000, "grid_size_m": 1000}}, {"type": "Feature", "geometry": {"type": "Polygon", "coordinates": [[[21.67129004361145, 63.074014459771824], [21.690997516554688, 63.07475625419833], [21.689364089525224, 63.083692913330424], [21.669650623151643, 63.082950833508825], [21.67129004361145, 63.074014459771824]]]}, "properties": {"grid_id": "ETRS-TM35FIN-1km-N7005000-E231000", "northing_min": 7005000, "easting_min": 231000, "grid_size_m": 1000}}, {"type": "Feature", "geometry": {"type": "Polygon", "coordinates": [[[21.71070612038997, 63.07549531266494], [21.730415851030664, 63.07623163487424], [21.72879441420995, 63.08516886168185], [21.709078687908182, 63.08443225615401], [21.71070612038997, 63.07549531266494]]]}, "properties": {"grid_id": "ETRS-TM35FIN-1km-N7005000-E233000", "northing_min": 7005000, "easting_min": 233000, "grid_size_m": 1000}}, {"type": "Feature", "geometry": {"type": "Polygon", "coordinates": [[[26.6623700809533, 63.1738140013636], [26.68223028714211, 63.173859809061774], [26.682131958453912, 63.1828347283643], [26.662265607122414, 63.18278890292098], [26.6623700809533, 63.1738140013636]]]}, "properties": {"grid_id": "ETRS-TM35FIN-1km-N7005000-E483000", "northing_min": 7005000, "easting_min": 483000, "grid_size_m": 1000}}, {"type": "Feature", "geometry": {"type": "Polygon", "coordinates": [[[27.615663202784894, 63.17288121242787], [27.635521865698152, 63.17279376565171], [27.635718505538456, 63.18176827200121], [27.61585369902363, 63.18185575265046], [27.615663202784894, 63.17288121242787]]]}, "properties": {"grid_id": "ETRS-TM35FIN-1km-N7005000-E531000", "northing_min": 7005000, "easting_min": 531000, "grid_size_m": 1000}}, {"type": "Feature", "geometry": {"type": "Polygon", "coordinates": [[[21.610517056970806, 63.080708175049274], [21.630227102787558, 63.08145846406786], [21.62857455456237, 63.090394228332684], [21.60885851460632, 63.08964365063002], [21.610517056970806, 63.080708175049274]]]}, "properties": {"grid_id": "ETRS-TM35FIN-1km-N7006000-E228000", "northing_min": 7006000, "easting_min": 228000, "grid_size_m": 1000}}, {"type": "Feature", "geometry": {"type": "Polygon", "coordinates": [[[21.669650623151643, 63.082950833508825], [21.689364089525224, 63.083692913330424], [21.68772953048612, 63.092629537418844], [21.668010066593094, 63.091887172027754], [21.669650623151643, 63.082950833508825]]]}, "properties": {"grid_id": "ETRS-TM35FIN-1km-N7006000-E231000", "northing_min": 7006000, "easting_min": 231000, "grid_size_m": 1000}}, {"type": "Feature", "geometry": {"type": "Polygon", "coordinates": [[[23.13123791352877, 63.13045404808818], [23.151024010446953, 63.130992855818626], [23.149836102779425, 63.13994771216695], [23.130043936376175, 63.13940869641254], [23.13123791352877, 63.13045404808818]]]}, "properties": {"grid_id": "ETRS-TM35FIN-1km-N7006000-E305000", "northing_min": 7006000, "easting_min": 305000, "grid_size_m": 1000}}, {"type": "Feature", "geometry": {"type": "Polygon", "coordinates": [[[30.59168311865736, 63.13774647236309], [30.611479622451363, 63.13724351069027], [30.612594633497334, 63.14620078086915], [30.59279204987646, 63.14670393681716], [30.59168311865736, 63.13774647236309]]]}, "properties": {"grid_id": "ETRS-TM35FIN-1km-N7006000-E681000", "northing_min": 7006000, "easting_min": 681000, "grid_size_m": 1000}}, {"type": "Feature", "geometry": {"type": "Polygon", "coordinates": [[[25.628143103414054, 63.20349722815381], [25.648018407946, 63.2036876370709], [25.647599554970263, 63.21266015653561], [25.627718097610956, 63.21246967382026], [25.628143103414054, 63.20349722815381]]]}, "properties": {"grid_id": "ETRS-TM35FIN-1km-N7009000-E431000", "northing_min": 7009000, "easting_min": 431000, "grid_size_m": 1000}}, {"type": "Feature", "geometry": {"type": "Polygon", "coordinates": [[[27.517007755830377, 63.20917551360646], [27.536891642955588, 63.209101831722435], [27.537058027634057, 63.21807645001579], [27.517167979101878, 63.21815016046822], [27.517007755830377, 63.20917551360646]]]}, "properties": {"grid_id": "ETRS-TM35FIN-1km-N7009000-E526000", "northing_min": 7009000, "easting_min": 526000, "grid_size_m": 1000}}, {"type": "Feature", "geometry": {"type": "Polygon", "coordinates": [[[21.62361003293779, 63.117201307499734], [21.643345228662916, 63.1179500120599], [21.641694103680194, 63.126885922184876], [21.62195289630106, 63.12613692927436], [21.62361003293779, 63.117201307499734]]]}, "properties": {"grid_id": "ETRS-TM35FIN-1km-N7010000-E229000", "northing_min": 7010000, "easting_min": 229000, "grid_size_m": 1000}}, {"type": "Feature", "geometry": {"type": "Polygon", "coordinates": [[[23.60107587729285, 63.187420852673064], [23.620911115183993, 63.18789437023667], [23.619865476286385, 63.196853796676216], [23.600024129255143, 63.196380095932525], [23.60107587729285, 63.187420852673064]]]}, "properties": {"grid_id": "ETRS-TM35FIN-1km-N7011000-E329000", "northing_min": 7011000, "easting_min": 329000, "grid_size_m": 1000}}, {"type": "Feature", "geometry": {"type": "Polygon", "coordinates": [[[29.287855094118086, 63.21864063859016], [29.30773023841836, 63.21831940025734], [29.30844551524759, 63.22728711783339], [29.28856422384726, 63.22760848065394], [29.287855094118086, 63.21864063859016]]]}, "properties": {"grid_id": "ETRS-TM35FIN-1km-N7012000-E615000", "northing_min": 7012000, "easting_min": 615000, "grid_size_m": 1000}}, {"type": "Feature", "geometry": {"type": "Polygon", "coordinates": [[[26.342993369557114, 63.244498984365656], [26.36290116334383, 63.24458948702841], [26.362703421212338, 63.25356389928587], [26.34278944953092, 63.2534733615014], [26.342993369557114, 63.244498984365656]]]}, "properties": {"grid_id": "ETRS-TM35FIN-1km-N7013000-E467000", "northing_min": 7013000, "easting_min": 467000, "grid_size_m": 1000}}, {"type": "Feature", "geometry": {"type": "Polygon", "coordinates": [[[24.152315737819414, 63.244452730622804], [24.172200454587074, 63.24484948961419], [24.171323093227304, 63.25381352164785], [24.15143222724088, 63.25341660886346], [24.152315737819414, 63.244452730622804]]]}, "properties": {"grid_id": "ETRS-TM35FIN-1km-N7016000-E357000", "northing_min": 7016000, "easting_min": 357000, "grid_size_m": 1000}}, {"type": "Feature", "geometry": {"type": "Polygon", "coordinates": [[[27.29920588820879, 63.29955089834524], [27.319152588003657, 63.299507632457995], [27.319251884267644, 63.30848239079852], [27.29929897879439, 63.308525673500924], [27.29920588820879, 63.29955089834524]]]}, "properties": {"grid_id": "ETRS-TM35FIN-1km-N7019000-E515000", "northing_min": 7019000, "easting_min": 515000, "grid_size_m": 1000}}, {"type": "Feature", "geometry": {"type": "Polygon", "coordinates": [[[27.37899225262042, 63.299361087394175], [27.398938648079884, 63.299306656639175], [27.39906276631574, 63.30828133687163], [27.37911016548328, 63.30833578878073], [27.37899225262042, 63.299361087394175]]]}, "properties": {"grid_id": "ETRS-TM35FIN-1km-N7019000-E519000", "northing_min": 7019000, "easting_min": 519000, "grid_size_m": 1000}}, {"type": "Feature", "geometry": {"type": "Polygon", "coordinates": [[[27.498669234176454, 63.2989926358947], [27.51861504273038, 63.29892145853276], [27.518776391219394, 63.30789598906331], [27.49882437788137, 63.307967194087034], [27.498669234176454, 63.2989926358947]]]}, "properties": {"grid_id": "ETRS-TM35FIN-1km-N7019000-E525000", "northing_min": 7019000, "easting_min": 525000, "grid_size_m": 1000}}, {"type": "Feature", "geometry": {"type": "Polygon", "coordinates": [[[27.33952166993004, 63.33536046816241], [27.359493074514933, 63.335311543791505], [27.35960509573801, 63.34428621925921], [27.339627468186812, 63.34433516266211], [27.33952166993004, 63.33536046816241]]]}, "properties": {"grid_id": "ETRS-TM35FIN-1km-N7023000-E517000", "northing_min": 7023000, "easting_min": 517000, "grid_size_m": 1000}}, {"type": "Feature", "geometry": {"type": "Polygon", "coordinates": [[[21.560669090388348, 63.24078297835601], [21.580486490492827, 63.24154124538994], [21.57880708221928, 63.25047607382244], [21.55898361493457, 63.249717513853376], [21.560669090388348, 63.24078297835601]]]}, "properties": {"grid_id": "ETRS-TM35FIN-1km-N7024000-E227000", "northing_min": 7024000, "easting_min": 227000, "grid_size_m": 1000}}, {"type": "Feature", "geometry": {"type": "Polygon", "coordinates": [[[27.379582644638095, 63.34423447921848], [27.399560110518248, 63.34417994256129], [27.399684664821354, 63.35315456518633], [27.37970097176848, 63.35320912306357], [27.379582644638095, 63.34423447921848]]]}, "properties": {"grid_id": "ETRS-TM35FIN-1km-N7024000-E519000", "northing_min": 7024000, "easting_min": 519000, "grid_size_m": 1000}}, {"type": "Feature", "geometry": {"type": "Polygon", "coordinates": [[[25.561386226920018, 63.346463242163644], [25.581359576980905, 63.34666322261978], [25.580917340070886, 63.35563530795366], [25.56093776886013, 63.35543524970338], [25.561386226920018, 63.346463242163644]]]}, "properties": {"grid_id": "ETRS-TM35FIN-1km-N7025000-E428000", "northing_min": 7025000, "easting_min": 428000, "grid_size_m": 1000}}, {"type": "Feature", "geometry": {"type": "Polygon", "coordinates": [[[27.37970097176848, 63.35320912306357], [27.399684664821354, 63.35315456518633], [27.399809306600954, 63.36212917629752], [27.37981938200226, 63.36218375540804], [27.37970097176848, 63.35320912306357]]]}, "properties": {"grid_id": "ETRS-TM35FIN-1km-N7025000-E519000", "northing_min": 7025000, "easting_min": 519000, "grid_size_m": 1000}}, {"type": "Feature", "geometry": {"type": "Polygon", "coordinates": [[[27.399684664821354, 63.35315456518633], [27.419668270397764, 63.35309720962706], [27.419799143635228, 63.362071798416245], [27.399809306600954, 63.36212917629752], [27.399684664821354, 63.35315456518633]]]}, "properties": {"grid_id": "ETRS-TM35FIN-1km-N7025000-E520000", "northing_min": 7025000, "easting_min": 520000, "grid_size_m": 1000}}, {"type": "Feature", "geometry": {"type": "Polygon", "coordinates": [[[27.399809306600954, 63.36212917629752], [27.419799143635228, 63.362071798416245], [27.4199301088145, 63.37104637568012], [27.399934035944998, 63.371103775897346], [27.399809306600954, 63.36212917629752]]]}, "properties": {"grid_id": "ETRS-TM35FIN-1km-N7026000-E520000", "northing_min": 7026000, "easting_min": 520000, "grid_size_m": 1000}}, {"type": "Feature", "geometry": {"type": "Polygon", "coordinates": [[[21.61511949557703, 63.26985564147827], [21.634958614701436, 63.270606513783854], [21.633293938405924, 63.279542107785595], [21.61344873612473, 63.278790945156686], [21.61511949557703, 63.26985564147827]]]}, "properties": {"grid_id": "ETRS-TM35FIN-1km-N7027000-E230000", "northing_min": 7027000, "easting_min": 230000, "grid_size_m": 1000}}, {"type": "Feature", "geometry": {"type": "Polygon", "coordinates": [[[25.560488995908436, 63.36440724410835], [25.580474792632536, 63.36460738020126], [25.580031934353737, 63.37357943936356], [25.560039907748436, 63.37337922537948], [25.560488995908436, 63.36440724410835]]]}, "properties": {"grid_id": "ETRS-TM35FIN-1km-N7027000-E428000", "northing_min": 7027000, "easting_min": 428000, "grid_size_m": 1000}}, {"type": "Feature", "geometry": {"type": "Polygon", "coordinates": [[[25.580474792632536, 63.36460738020126], [25.60046090019701, 63.36480471911692], [25.60002427211195, 63.37377685508281], [25.580031934353737, 63.37357943936356], [25.580474792632536, 63.36460738020126]]]}, "properties": {"grid_id": "ETRS-TM35FIN-1km-N7027000-E429000", "northing_min": 7027000, "easting_min": 429000, "grid_size_m": 1000}}, {"type": "Feature", "geometry": {"type": "Polygon", "coordinates": [[[27.4199301088145, 63.37104637568012], [27.43992608964973, 63.37098617562642], [27.44006338698771, 63.37996071792767], [27.420061166028074, 63.38002094142133], [27.4199301088145, 63.37104637568012]]]}, "properties": {"grid_id": "ETRS-TM35FIN-1km-N7027000-E521000", "northing_min": 7027000, "easting_min": 521000, "grid_size_m": 1000}}, {"type": "Feature", "geometry": {"type": "Polygon", "coordinates": [[[21.77224263243372, 63.28472295788554], [21.792097006836148, 63.28545203452249], [21.790479909328234, 63.29438987894753], [21.77061943845931, 63.29366052023394], [21.77224263243372, 63.28472295788554]]]}, "properties": {"grid_id": "ETRS-TM35FIN-1km-N7028000-E238000", "northing_min": 7028000, "easting_min": 238000, "grid_size_m": 1000}}, {"type": "Feature", "geometry": {"type": "Polygon", "coordinates": [[[22.09004559645581, 63.296056568418464], [22.109917510287325, 63.29674141655541], [22.108398106243182, 63.30568363061748], [22.088520078462214, 63.30499851730746], [22.09004559645581, 63.296056568418464]]]}, "properties": {"grid_id": "ETRS-TM35FIN-1km-N7028000-E254000", "northing_min": 7028000, "easting_min": 254000, "grid_size_m": 1000}}, {"type": "Feature", "geometry": {"type": "Polygon", "coordinates": [[[21.73090189991511, 63.292193514540024], [21.750760100591467, 63.292928398665225], [21.74912967408631, 63.301865643231054], [21.729265375013615, 63.3011304747459], [21.73090189991511, 63.292193514540024]]]}, "properties": {"grid_id": "ETRS-TM35FIN-1km-N7029000-E236000", "northing_min": 7029000, "easting_min": 236000, "grid_size_m": 1000}}, {"type": "Feature", "geometry": {"type": "Polygon", "coordinates": [[[27.540748127646776, 63.415515106320306], [27.560774705543707, 63.41543795772395], [27.560950056806195, 63.424412278334785], [27.540917217462926, 63.42448945700478], [27.540748127646776, 63.415515106320306]]]}, "properties": {"grid_id": "ETRS-TM35FIN-1km-N7032000-E527000", "northing_min": 7032000, "easting_min": 527000, "grid_size_m": 1000}}, {"type": "Feature", "geometry": {"type": "Polygon", "coordinates": [[[22.5376476140515, 63.37374148042398], [22.557585900670542, 63.37436431424886], [22.556200631283303, 63.38331213816339], [22.53625617762149, 63.382689062533686], [22.5376476140515, 63.37374148042398]]]}, "properties": {"grid_id": "ETRS-TM35FIN-1km-N7035000-E277000", "northing_min": 7035000, "easting_min": 277000, "grid_size_m": 1000}}, {"type": "Feature", "geometry": {"type": "Polygon", "coordinates": [[[22.375294269780444, 63.38654993897674], [22.395236965155437, 63.38719550673215], [22.393800375670033, 63.396141307614215], [22.37385151264048, 63.39549548920017], [22.375294269780444, 63.38654993897674]]]}, "properties": {"grid_id": "ETRS-TM35FIN-1km-N7037000-E269000", "northing_min": 7037000, "easting_min": 269000, "grid_size_m": 1000}}, {"type": "Feature", "geometry": {"type": "Polygon", "coordinates": [[[29.506794949774235, 63.448428203229774], [29.526825999170374, 63.448075666491896], [29.527617005311303, 63.457041644642594], [29.507579701412162, 63.457394318796304], [29.506794949774235, 63.448428203229774]]]}, "properties": {"grid_id": "ETRS-TM35FIN-1km-N7038000-E625000", "northing_min": 7038000, "easting_min": 625000, "grid_size_m": 1000}}, {"type": "Feature", "geometry": {"type": "Polygon", "coordinates": [[[29.186910675579323, 63.46265565206254], [29.206956293511173, 63.46234786023421], [29.207647649977236, 63.471315890758106], [29.187595764771064, 63.471623802633715], [29.186910675579323, 63.46265565206254]]]}, "properties": {"grid_id": "ETRS-TM35FIN-1km-N7039000-E609000", "northing_min": 7039000, "easting_min": 609000, "grid_size_m": 1000}}, {"type": "Feature", "geometry": {"type": "Polygon", "coordinates": [[[22.22977407233329, 63.417728016245135], [22.24973427267605, 63.41839407247041], [22.24825037656624, 63.427337974350955], [22.228283998659883, 63.42667165935427], [22.22977407233329, 63.417728016245135]]]}, "properties": {"grid_id": "ETRS-TM35FIN-1km-N7041000-E262000", "northing_min": 7041000, "easting_min": 262000, "grid_size_m": 1000}}, {"type": "Feature", "geometry": {"type": "Polygon", "coordinates": [[[23.769438339013504, 63.460853586394705], [23.789466021252217, 63.46130465483313], [23.788460605060834, 63.470265253437205], [23.768426677457438, 63.4698140092251], [23.769438339013504, 63.460853586394705]]]}, "properties": {"grid_id": "ETRS-TM35FIN-1km-N7041000-E339000", "northing_min": 7041000, "easting_min": 339000, "grid_size_m": 1000}}, {"type": "Feature", "geometry": {"type": "Polygon", "coordinates": [[[22.228283998659883, 63.42667165935427], [22.24825037656624, 63.427337974350955], [22.24676543924326, 63.436281845697096], [22.226792879492617, 63.435615271768235], [22.228283998659883, 63.42667165935427]]]}, "properties": {"grid_id": "ETRS-TM35FIN-1km-N7042000-E262000", "northing_min": 7042000, "easting_min": 262000, "grid_size_m": 1000}}, {"type": "Feature", "geometry": {"type": "Polygon", "coordinates": [[[24.56953072808295, 63.49464342663839], [24.589595823879513, 63.49498260756333], [24.588839694559933, 63.503949312421724], [24.568768319516558, 63.50360999911505], [24.56953072808295, 63.49464342663839]]]}, "properties": {"grid_id": "ETRS-TM35FIN-1km-N7043000-E379000", "northing_min": 7043000, "easting_min": 379000, "grid_size_m": 1000}}, {"type": "Feature", "geometry": {"type": "Polygon", "coordinates": [[[27.462521167463585, 63.53246273051127], [27.48262994439854, 63.532396467239515], [27.482781633144384, 63.54137075158048], [27.462666536659093, 63.54143704076266], [27.462521167463585, 63.53246273051127]]]}, "properties": {"grid_id": "ETRS-TM35FIN-1km-N7045000-E523000", "northing_min": 7045000, "easting_min": 523000, "grid_size_m": 1000}}, {"type": "Feature", "geometry": {"type": "Polygon", "coordinates": [[[28.105926782707943, 63.52894402749914], [28.12602992034146, 63.528787560900845], [28.12638375282037, 63.5377604342605], [28.106274301344566, 63.53791696202545], [28.105926782707943, 63.52894402749914]]]}, "properties": {"grid_id": "ETRS-TM35FIN-1km-N7045000-E555000", "northing_min": 7045000, "easting_min": 555000, "grid_size_m": 1000}}, {"type": "Feature", "geometry": {"type": "Polygon", "coordinates": [[[24.64758086440999, 63.522884532885165], [24.667666922162244, 63.5232128605277], [24.66693436669464, 63.53218003605873], [24.646842014305026, 63.531851580167555], [24.64758086440999, 63.522884532885165]]]}, "properties": {"grid_id": "ETRS-TM35FIN-1km-N7046000-E383000", "northing_min": 7046000, "easting_min": 383000, "grid_size_m": 1000}}, {"type": "Feature", "geometry": {"type": "Polygon", "coordinates": [[[23.522632118940848, 63.50897144730563], [23.54268845977396, 63.50945724091372], [23.54160357460363, 63.51841552954674], [23.52154097106664, 63.51792954644041], [23.522632118940848, 63.50897144730563]]]}, "properties": {"grid_id": "ETRS-TM35FIN-1km-N7047000-E327000", "northing_min": 7047000, "easting_min": 327000, "grid_size_m": 1000}}, {"type": "Feature", "geometry": {"type": "Polygon", "coordinates": [[[27.18116032359455, 63.56001799491812], [27.201289106671602, 63.559991175331724], [27.20135244806862, 63.56896568803308], [27.18121733098118, 63.56899251811449], [27.18116032359455, 63.56001799491812]]]}, "properties": {"grid_id": "ETRS-TM35FIN-1km-N7048000-E509000", "northing_min": 7048000, "easting_min": 509000, "grid_size_m": 1000}}, {"type": "Feature", "geometry": {"type": "Polygon", "coordinates": [[[27.543467916865254, 63.55910332590881], [27.563595209278716, 63.55902569386634], [27.56377255070833, 63.56799982876931], [27.5436389257952, 63.56807749118869], [27.543467916865254, 63.55910332590881]]]}, "properties": {"grid_id": "ETRS-TM35FIN-1km-N7048000-E527000", "northing_min": 7048000, "easting_min": 527000, "grid_size_m": 1000}}, {"type": "Feature", "geometry": {"type": "Polygon", "coordinates": [[[27.563595209278716, 63.55902569386634], [27.583722376361465, 63.55894523915438], [27.58390605016373, 63.567919342576126], [27.56377255070833, 63.56799982876931], [27.563595209278716, 63.55902569386634]]]}, "properties": {"grid_id": "ETRS-TM35FIN-1km-N7048000-E528000", "northing_min": 7048000, "easting_min": 528000, "grid_size_m": 1000}}, {"type": "Feature", "geometry": {"type": "Polygon", "coordinates": [[[29.01278555662705, 63.55499063432464], [29.03289827029173, 63.55470699820981], [29.033537699366487, 63.56367592133457], [29.0134186699066, 63.56395966835792], [29.01278555662705, 63.55499063432464]]]}, "properties": {"grid_id": "ETRS-TM35FIN-1km-N7049000-E600000", "northing_min": 7049000, "easting_min": 600000, "grid_size_m": 1000}}, {"type": "Feature", "geometry": {"type": "Polygon", "coordinates": [[[29.113344564773175, 63.55354427275303], [29.13345497610509, 63.55324654674608], [29.13412597720938, 63.562214898834284], [29.114009252412714, 63.562512741247374], [29.113344564773175, 63.55354427275303]]]}, "properties": {"grid_id": "ETRS-TM35FIN-1km-N7049000-E605000", "northing_min": 7049000, "easting_min": 605000, "grid_size_m": 1000}}, {"type": "Feature", "geometry": {"type": "Polygon", "coordinates": [[[29.073774397755834, 63.563099969448615], [29.093892057777413, 63.562807764826545], [29.094550896863513, 63.57177633355915], [29.074426917978542, 63.57206865246044], [29.073774397755834, 63.563099969448615]]]}, "properties": {"grid_id": "ETRS-TM35FIN-1km-N7050000-E603000", "northing_min": 7050000, "easting_min": 603000, "grid_size_m": 1000}}, {"type": "Feature", "geometry": {"type": "Polygon", "coordinates": [[[27.100803412348256, 63.60496969977712], [27.12096404532196, 63.60495414216432], [27.121002185165626, 63.613928633613845], [27.100835195593188, 63.61394419732194], [27.100803412348256, 63.60496969977712]]]}, "properties": {"grid_id": "ETRS-TM35FIN-1km-N7053000-E505000", "northing_min": 7053000, "easting_min": 505000, "grid_size_m": 1000}}, {"type": "Feature", "geometry": {"type": "Polygon", "coordinates": [[[25.910753675794734, 63.618827067232125], [25.93092064414413, 63.618978488999105], [25.930583376675674, 63.62795141968243], [25.91041004919756, 63.62779993857857], [25.910753675794734, 63.618827067232125]]]}, "properties": {"grid_id": "ETRS-TM35FIN-1km-N7055000-E446000", "northing_min": 7055000, "easting_min": 446000, "grid_size_m": 1000}}, {"type": "Feature", "geometry": {"type": "Polygon", "coordinates": [[[27.080693628139954, 63.62293142250007], [27.100867001359088, 63.62291868355796], [27.10089882966883, 63.6318931584879], [27.08071909081523, 63.63190590242335], [27.080693628139954, 63.62293142250007]]]}, "properties": {"grid_id": "ETRS-TM35FIN-1km-N7055000-E504000", "northing_min": 7055000, "easting_min": 504000, "grid_size_m": 1000}}, {"type": "Feature", "geometry": {"type": "Polygon", "coordinates": [[[27.16138696771871, 63.6228634815682], [27.181560223710463, 63.62283941920954], [27.18161751428321, 63.63181386306983], [27.161437892776096, 63.63183793486032], [27.16138696771871, 63.6228634815682]]]}, "properties": {"grid_id": "ETRS-TM35FIN-1km-N7055000-E508000", "northing_min": 7055000, "easting_min": 508000, "grid_size_m": 1000}}, {"type": "Feature", "geometry": {"type": "Polygon", "coordinates": [[[27.141302826261164, 63.64083362500179], [27.161488853939947, 63.64081237683539], [27.161539851246964, 63.6497868074961], [27.141347448985183, 63.64980806399523], [27.141302826261164, 63.64083362500179]]]}, "properties": {"grid_id": "ETRS-TM35FIN-1km-N7057000-E507000", "northing_min": 7057000, "easting_min": 507000, "grid_size_m": 1000}}, {"type": "Feature", "geometry": {"type": "Polygon", "coordinates": [[[27.161488853939947, 63.64081237683539], [27.181674845475577, 63.64078829560714], [27.18173221732884, 63.64976271682413], [27.161539851246964, 63.6497868074961], [27.161488853939947, 63.64081237683539]]]}, "properties": {"grid_id": "ETRS-TM35FIN-1km-N7057000-E508000", "northing_min": 7057000, "easting_min": 508000, "grid_size_m": 1000}}, {"type": "Feature", "geometry": {"type": "Polygon", "coordinates": [[[27.181674845475577, 63.64078829560714], [27.201860796350317, 63.64076138132711], [27.20192454270849, 63.64973579198938], [27.18173221732884, 63.64976271682413], [27.181674845475577, 63.64078829560714]]]}, "properties": {"grid_id": "ETRS-TM35FIN-1km-N7057000-E509000", "northing_min": 7057000, "easting_min": 509000, "grid_size_m": 1000}}, {"type": "Feature", "geometry": {"type": "Polygon", "coordinates": [[[22.545559522498504, 63.58078275420557], [22.5656427213709, 63.58140557741746], [22.56424740688863, 63.59035323836822], [22.544157939556257, 63.589730172029704], [22.545559522498504, 63.58078275420557]]]}, "properties": {"grid_id": "ETRS-TM35FIN-1km-N7058000-E279000", "northing_min": 7058000, "easting_min": 279000, "grid_size_m": 1000}}, {"type": "Feature", "geometry": {"type": "Polygon", "coordinates": [[[27.46471254147716, 63.66707617739531], [27.484916582679183, 63.667009523749094], [27.48506989110577, 63.675983635532255], [27.46485946288349, 63.676050315335026], [27.46471254147716, 63.66707617739531]]]}, "properties": {"grid_id": "ETRS-TM35FIN-1km-N7060000-E523000", "northing_min": 7060000, "easting_min": 523000, "grid_size_m": 1000}}, {"type": "Feature", "geometry": {"type": "Polygon", "coordinates": [[[22.899458785472316, 63.64527349538453], [22.91959680516465, 63.64584712329618], [22.91830903923851, 63.65479882154148], [22.898164707408977, 63.65422496921906], [22.899458785472316, 63.64527349538453]]]}, "properties": {"grid_id": "ETRS-TM35FIN-1km-N7064000-E297000", "northing_min": 7064000, "easting_min": 297000, "grid_size_m": 1000}}, {"type": "Feature", "geometry": {"type": "Polygon", "coordinates": [[[25.33938450057099, 63.7300577078135], [25.359625864682705, 63.730289496199866], [25.359105875491693, 63.73926017021291], [25.33885810213138, 63.73902829074784], [25.33938450057099, 63.7300577078135]]]}, "properties": {"grid_id": "ETRS-TM35FIN-1km-N7068000-E418000", "northing_min": 7068000, "easting_min": 418000, "grid_size_m": 1000}}, {"type": "Feature", "geometry": {"type": "Polygon", "coordinates": [[[26.04711602390839, 63.76339837185841], [26.067386884479934, 63.763530817067426], [26.067090791760823, 63.772503939747054], [26.04681349780012, 63.77237144243397], [26.04711602390839, 63.76339837185841]]]}, "properties": {"grid_id": "ETRS-TM35FIN-1km-N7071000-E453000", "northing_min": 7071000, "easting_min": 453000, "grid_size_m": 1000}}, {"type": "Feature", "geometry": {"type": "Polygon", "coordinates": [[[26.04681349780012, 63.77237144243397], [26.067090791760823, 63.772503939747054], [26.066794488119594, 63.78147705042247], [26.046510756189132, 63.78134450097222], [26.04681349780012, 63.77237144243397]]]}, "properties": {"grid_id": "ETRS-TM35FIN-1km-N7072000-E453000", "northing_min": 7072000, "easting_min": 453000, "grid_size_m": 1000}}, {"type": "Feature", "geometry": {"type": "Polygon", "coordinates": [[[28.58165301974322, 63.76685149420537], [28.601921147547188, 63.76662787909362], [28.602429762455785, 63.77559867803343], [28.5821552060436, 63.775822381101285], [28.58165301974322, 63.76685149420537]]]}, "properties": {"grid_id": "ETRS-TM35FIN-1km-N7072000-E578000", "northing_min": 7072000, "easting_min": 578000, "grid_size_m": 1000}}, {"type": "Feature", "geometry": {"type": "Polygon", "coordinates": [[[26.066794488119594, 63.78147705042247], [26.087078431187617, 63.781606750189844], [26.08678835917959, 63.790579899912096], [26.06649797334076, 63.79045014909556], [26.066794488119594, 63.78147705042247]]]}, "properties": {"grid_id": "ETRS-TM35FIN-1km-N7073000-E454000", "northing_min": 7073000, "easting_min": 454000, "grid_size_m": 1000}}, {"type": "Feature", "geometry": {"type": "Polygon", "coordinates": [[[26.066201247208532, 63.79942323576837], [26.086498080408425, 63.799553037666485], [26.086207594662728, 63.80852616345498], [26.065904309506838, 63.80839631044278], [26.066201247208532, 63.79942323576837]]]}, "properties": {"grid_id": "ETRS-TM35FIN-1km-N7075000-E454000", "northing_min": 7075000, "easting_min": 454000, "grid_size_m": 1000}}, {"type": "Feature", "geometry": {"type": "Polygon", "coordinates": [[[25.1931242626897, 63.80011455726449], [25.213414292386165, 63.80036702557605], [25.212846221170444, 63.809336926590994], [25.19254974847349, 63.80908435889512], [25.1931242626897, 63.80011455726449]]]}, "properties": {"grid_id": "ETRS-TM35FIN-1km-N7076000-E411000", "northing_min": 7076000, "easting_min": 411000, "grid_size_m": 1000}}, {"type": "Feature", "geometry": {"type": "Polygon", "coordinates": [[[24.945104786689658, 63.85964204492448], [24.96543476377347, 63.85992949147028], [24.964786175098002, 63.8688980222934], [24.94444972819339, 63.86861046242818], [24.945104786689658, 63.85964204492448]]]}, "properties": {"grid_id": "ETRS-TM35FIN-1km-N7083000-E399000", "northing_min": 7083000, "easting_min": 399000, "grid_size_m": 1000}}, {"type": "Feature", "geometry": {"type": "Polygon", "coordinates": [[[22.893667253677965, 63.824876212552375], [22.913933291426122, 63.82545151707981], [22.91263352222199, 63.834402927403715], [22.89236108201148, 63.83382739672293], [22.893667253677965, 63.824876212552375]]]}, "properties": {"grid_id": "ETRS-TM35FIN-1km-N7084000-E298000", "northing_min": 7084000, "easting_min": 298000, "grid_size_m": 1000}}, {"type": "Feature", "geometry": {"type": "Polygon", "coordinates": [[[23.11664378158605, 63.831048388087666], [23.13691974243271, 63.831592452551746], [23.135690461547657, 63.840546277466316], [23.115408088116595, 63.840001999035714], [23.11664378158605, 63.831048388087666]]]}, "properties": {"grid_id": "ETRS-TM35FIN-1km-N7084000-E309000", "northing_min": 7084000, "easting_min": 309000, "grid_size_m": 1000}}, {"type": "Feature", "geometry": {"type": "Polygon", "coordinates": [[[23.115408088116595, 63.840001999035714], [23.135690461547657, 63.840546277466316], [23.134460304805124, 63.84950007822309], [23.1141715142584, 63.848955585690305], [23.115408088116595, 63.840001999035714]]]}, "properties": {"grid_id": "ETRS-TM35FIN-1km-N7085000-E309000", "northing_min": 7085000, "easting_min": 309000, "grid_size_m": 1000}}, {"type": "Feature", "geometry": {"type": "Polygon", "coordinates": [[[23.093883604998837, 63.84840824975784], [23.1141715142584, 63.848955585690305], [23.112934059112828, 63.857909148040726], [23.092639729101624, 63.85736159675981], [23.093883604998837, 63.84840824975784]]]}, "properties": {"grid_id": "ETRS-TM35FIN-1km-N7086000-E308000", "northing_min": 7086000, "easting_min": 308000, "grid_size_m": 1000}}, {"type": "Feature", "geometry": {"type": "Polygon", "coordinates": [[[23.07109509880785, 63.86576430715534], [23.091394966478, 63.866314919310184], [23.090149316222302, 63.87526821739799], [23.06984301962447, 63.87471738850967], [23.07109509880785, 63.86576430715534]]]}, "properties": {"grid_id": "ETRS-TM35FIN-1km-N7088000-E307000", "northing_min": 7088000, "easting_min": 307000, "grid_size_m": 1000}}, {"type": "Feature", "geometry": {"type": "Polygon", "coordinates": [[[29.302485685180955, 63.90080464662277], [29.32284158838078, 63.90047944163489], [29.323583353816513, 63.90944620430465], [29.303220964328702, 63.909771537616756], [29.302485685180955, 63.90080464662277]]]}, "properties": {"grid_id": "ETRS-TM35FIN-1km-N7088000-E613000", "northing_min": 7088000, "easting_min": 613000, "grid_size_m": 1000}}, {"type": "Feature", "geometry": {"type": "Polygon", "coordinates": [[[23.528244192411794, 63.95832738476828], [23.548621526572738, 63.95881422069907], [23.547516901057353, 63.96777200263536], [23.527133076940146, 63.96728497449293], [23.528244192411794, 63.95832738476828]]]}, "properties": {"grid_id": "ETRS-TM35FIN-1km-N7097000-E330000", "northing_min": 7097000, "easting_min": 330000, "grid_size_m": 1000}}, {"type": "Feature", "geometry": {"type": "Polygon", "coordinates": [[[26.079764112161136, 64.00593190744908], [26.100210724360384, 64.0060600152729], [26.099921978352203, 64.01503291712501], [26.07946880698554, 64.01490475857005], [26.079764112161136, 64.00593190744908]]]}, "properties": {"grid_id": "ETRS-TM35FIN-1km-N7098000-E455000", "northing_min": 7098000, "easting_min": 455000, "grid_size_m": 1000}}, {"type": "Feature", "geometry": {"type": "Polygon", "coordinates": [[[23.75035745180638, 63.98144448266216], [23.770756224757502, 63.98190020168094], [23.769721560412616, 63.9908599832561], [23.749316279583937, 63.99040408415669], [23.75035745180638, 63.98144448266216]]]}, "properties": {"grid_id": "ETRS-TM35FIN-1km-N7099000-E341000", "northing_min": 7099000, "easting_min": 341000, "grid_size_m": 1000}}, {"type": "Feature", "geometry": {"type": "Polygon", "coordinates": [[[23.378673796400737, 64.00857639488129], [23.399084445112887, 64.00908445076769], [23.39792945546881, 64.01804072884742], [23.377512294888593, 64.01753247212793], [23.378673796400737, 64.00857639488129]]]}, "properties": {"grid_id": "ETRS-TM35FIN-1km-N7103000-E323000", "northing_min": 7103000, "easting_min": 323000, "grid_size_m": 1000}}, {"type": "Feature", "geometry": {"type": "Polygon", "coordinates": [[[29.57942492671347, 64.03082919417503], [29.599871249422275, 64.0304646677126], [29.600706208424892, 64.03942940396946], [29.58025333713162, 64.03979407475383], [29.57942492671347, 64.03082919417503]]]}, "properties": {"grid_id": "ETRS-TM35FIN-1km-N7103000-E626000", "northing_min": 7103000, "easting_min": 626000, "grid_size_m": 1000}}, {"type": "Feature", "geometry": {"type": "Polygon", "coordinates": [[[23.377512294888593, 64.01753247212793], [23.39792945546881, 64.01804072884742], [23.39677363756712, 64.02699698442764], [23.3763499604826, 64.02648852674659], [23.377512294888593, 64.01753247212793]]]}, "properties": {"grid_id": "ETRS-TM35FIN-1km-N7104000-E323000", "northing_min": 7104000, "easting_min": 323000, "grid_size_m": 1000}}, {"type": "Feature", "geometry": {"type": "Polygon", "coordinates": [[[23.50002758946555, 64.0205390048032], [23.520449650005954, 64.02103005696664], [23.519332948851453, 64.02998749465684], [23.49890436676712, 64.02949624829267], [23.50002758946555, 64.0205390048032]]]}, "properties": {"grid_id": "ETRS-TM35FIN-1km-N7104000-E329000", "northing_min": 7104000, "easting_min": 329000, "grid_size_m": 1000}}, {"type": "Feature", "geometry": {"type": "Polygon", "coordinates": [[[23.417198143760803, 64.02750257409389], [23.437623474421517, 64.02800529552853], [23.436479872255028, 64.03696192739925], [23.41604801874794, 64.03645900712867], [23.417198143760803, 64.02750257409389]]]}, "properties": {"grid_id": "ETRS-TM35FIN-1km-N7105000-E325000", "northing_min": 7105000, "easting_min": 325000, "grid_size_m": 1000}}, {"type": "Feature", "geometry": {"type": "Polygon", "coordinates": [[[24.49995790244067, 64.05915483722643], [24.520426819562715, 64.05950540289356], [24.51962944446835, 64.0684709384397], [24.499153961659403, 64.06812023385778], [24.49995790244067, 64.05915483722643]]]}, "properties": {"grid_id": "ETRS-TM35FIN-1km-N7106000-E378000", "northing_min": 7106000, "easting_min": 378000, "grid_size_m": 1000}}, {"type": "Feature", "geometry": {"type": "Polygon", "coordinates": [[[23.639763674309705, 64.05079180565018], [23.660210835786536, 64.05126333553957], [23.65913749983656, 64.06022203832524], [23.638683797170195, 64.05975032177365], [23.639763674309705, 64.05079180565018]]]}, "properties": {"grid_id": "ETRS-TM35FIN-1km-N7107000-E336000", "northing_min": 7107000, "easting_min": 336000, "grid_size_m": 1000}}, {"type": "Feature", "geometry": {"type": "Polygon", "coordinates": [[[23.638683797170195, 64.05975032177365], [23.65913749983656, 64.06022203832524], [23.65806339283686, 64.06918072018682], [23.63760314431098, 64.06870881685343], [23.638683797170195, 64.05975032177365]]]}, "properties": {"grid_id": "ETRS-TM35FIN-1km-N7108000-E336000", "northing_min": 7108000, "easting_min": 336000, "grid_size_m": 1000}}, {"type": "Feature", "geometry": {"type": "Polygon", "coordinates": [[[23.38865964934744, 64.08969014274302], [23.40912990727834, 64.09019713484382], [23.407973987179954, 64.09915341096386], [23.387497174623217, 64.09864621800115], [23.38865964934744, 64.08969014274302]]]}, "properties": {"grid_id": "ETRS-TM35FIN-1km-N7112000-E324000", "northing_min": 7112000, "easting_min": 324000, "grid_size_m": 1000}}, {"type": "Feature", "geometry": {"type": "Polygon", "coordinates": [[[23.491019196520437, 64.09219633971165], [23.51149355981912, 64.09268894896857], [23.51037042560053, 64.10164621241081], [23.489889503441734, 64.10115340795512], [23.491019196520437, 64.09219633971165]]]}, "properties": {"grid_id": "ETRS-TM35FIN-1km-N7112000-E329000", "northing_min": 7112000, "easting_min": 329000, "grid_size_m": 1000}}, {"type": "Feature", "geometry": {"type": "Polygon", "coordinates": [[[27.86277230597562, 64.13192852019635], [27.883311592566724, 64.13180548732389], [27.88359663635075, 64.14077827300113], [27.86305072378085, 64.14090135476457], [27.86277230597562, 64.13192852019635]]]}, "properties": {"grid_id": "ETRS-TM35FIN-1km-N7112000-E542000", "northing_min": 7112000, "easting_min": 542000, "grid_size_m": 1000}}, {"type": "Feature", "geometry": {"type": "Polygon", "coordinates": [[[28.2533832638769, 64.13806776983168], [28.27392445189968, 64.13788968870995], [28.274335639608672, 64.14686131453254], [28.253787825724153, 64.14703946642334], [28.2533832638769, 64.13806776983168]]]}, "properties": {"grid_id": "ETRS-TM35FIN-1km-N7113000-E561000", "northing_min": 7113000, "easting_min": 561000, "grid_size_m": 1000}}, {"type": "Feature", "geometry": {"type": "Polygon", "coordinates": [[[27.884167341140795, 64.15872380888246], [27.9047263139138, 64.1585977316824], [27.905018615463113, 64.16757043175299], [27.884453002573448, 64.16769655909066], [27.884167341140795, 64.15872380888246]]]}, "properties": {"grid_id": "ETRS-TM35FIN-1km-N7115000-E543000", "northing_min": 7115000, "easting_min": 543000, "grid_size_m": 1000}}, {"type": "Feature", "geometry": {"type": "Polygon", "coordinates": [[[28.213082918529203, 64.15635890668285], [28.233637942745546, 64.15618647681912], [28.234036453041956, 64.16515821808483], [28.213474792803712, 64.16533071650755], [28.213082918529203, 64.15635890668285]]]}, "properties": {"grid_id": "ETRS-TM35FIN-1km-N7115000-E559000", "northing_min": 7115000, "easting_min": 559000, "grid_size_m": 1000}}, {"type": "Feature", "geometry": {"type": "Polygon", "coordinates": [[[27.863887183373834, 64.16781978771647], [27.884453002573448, 64.16769655909066], [27.884738870316095, 64.17666929747993], [27.864166405992272, 64.17679257512317], [27.863887183373834, 64.16781978771647]]]}, "properties": {"grid_id": "ETRS-TM35FIN-1km-N7116000-E542000", "northing_min": 7116000, "easting_min": 542000, "grid_size_m": 1000}}, {"type": "Feature", "geometry": {"type": "Polygon", "coordinates": [[[25.74255794416722, 64.22778417257334], [25.763165901044225, 64.2279600578379], [25.762765080340067, 64.23693169937523], [25.74215044930082, 64.2367557440393], [25.74255794416722, 64.22778417257334]]]}, "properties": {"grid_id": "ETRS-TM35FIN-1km-N7123000-E439000", "northing_min": 7123000, "easting_min": 439000, "grid_size_m": 1000}}, {"type": "Feature", "geometry": {"type": "Polygon", "coordinates": [[[24.99960967119403, 64.23745439998775], [25.020217310344197, 64.23773505245849], [25.019575520821167, 64.24670341421371], [24.99896121206768, 64.24642264994385], [24.99960967119403, 64.23745439998775]]]}, "properties": {"grid_id": "ETRS-TM35FIN-1km-N7125000-E403000", "northing_min": 7125000, "easting_min": 403000, "grid_size_m": 1000}}, {"type": "Feature", "geometry": {"type": "Polygon", "coordinates": [[[23.80429068629931, 64.22517165655756], [23.824869831902138, 64.2256206948224], [23.823841421804104, 64.23458064784786], [23.80325563830492, 64.23413143093612], [23.80429068629931, 64.22517165655756]]]}, "properties": {"grid_id": "ETRS-TM35FIN-1km-N7126000-E345000", "northing_min": 7126000, "easting_min": 345000, "grid_size_m": 1000}}, {"type": "Feature", "geometry": {"type": "Polygon", "coordinates": [[[27.63971878246044, 64.25871596177888], [27.66035324279559, 64.25862425782022], [27.660567547928057, 64.26759735701262], [27.639926392201403, 64.26768909754311], [27.63971878246044, 64.25871596177888]]]}, "properties": {"grid_id": "ETRS-TM35FIN-1km-N7126000-E531000", "northing_min": 7126000, "easting_min": 531000, "grid_size_m": 1000}}, {"type": "Feature", "geometry": {"type": "Polygon", "coordinates": [[[23.90518936718082, 64.24530917455537], [23.92578546656993, 64.24574407476074], [23.92478881755403, 64.25470486494241], [23.90418606690624, 64.25426979160115], [23.90518936718082, 64.24530917455537]]]}, "properties": {"grid_id": "ETRS-TM35FIN-1km-N7128000-E350000", "northing_min": 7128000, "easting_min": 350000, "grid_size_m": 1000}}, {"type": "Feature", "geometry": {"type": "Polygon", "coordinates": [[[24.83265892463385, 64.26200653167346], [24.853282688945235, 64.26231077847324], [24.852586045652156, 64.27127816800521], [24.831955601326133, 64.27097379993721], [24.83265892463385, 64.26200653167346]]]}, "properties": {"grid_id": "ETRS-TM35FIN-1km-N7128000-E395000", "northing_min": 7128000, "easting_min": 395000, "grid_size_m": 1000}}, {"type": "Feature", "geometry": {"type": "Polygon", "coordinates": [[[24.873906957403886, 64.26261211838515], [24.894531725187235, 64.26291055127777], [24.89384844349202, 64.27187817987804], [24.873216994649972, 64.27157962802936], [24.873906957403886, 64.26261211838515]]]}, "properties": {"grid_id": "ETRS-TM35FIN-1km-N7128000-E397000", "northing_min": 7128000, "easting_min": 397000, "grid_size_m": 1000}}, {"type": "Feature", "geometry": {"type": "Polygon", "coordinates": [[[29.043591023751016, 64.26378840654333], [29.064217260565854, 64.26349869548521], [29.064887178605115, 64.27246655852875], [29.044254259203022, 64.27275638507382], [29.043591023751016, 64.26378840654333]]]}, "properties": {"grid_id": "ETRS-TM35FIN-1km-N7128000-E599000", "northing_min": 7128000, "easting_min": 599000, "grid_size_m": 1000}}, {"type": "Feature", "geometry": {"type": "Polygon", "coordinates": [[[24.955745740796978, 64.27275638507382], [24.97637914072585, 64.27304330292945], [24.97572211266484, 64.28201138107437], [24.95508202481808, 64.28172434881427], [24.955745740796978, 64.27275638507382]]]}, "properties": {"grid_id": "ETRS-TM35FIN-1km-N7129000-E401000", "northing_min": 7129000, "easting_min": 401000, "grid_size_m": 1000}}, {"type": "Feature", "geometry": {"type": "Polygon", "coordinates": [[[28.055111776047497, 64.32810601749271], [28.075795878099278, 64.32795562763532], [28.076146076250332, 64.3369276548309], [28.055455244088144, 64.33707810477419], [28.055111776047497, 64.32810601749271]]]}, "properties": {"grid_id": "ETRS-TM35FIN-1km-N7134000-E551000", "northing_min": 7134000, "easting_min": 551000, "grid_size_m": 1000}}, {"type": "Feature", "geometry": {"type": "Polygon", "coordinates": [[[28.034764162393778, 64.33722563446065], [28.055455244088144, 64.33707810477419], [28.055798961661033, 64.3460501799901], [28.035101144709234, 64.34619776863518], [28.034764162393778, 64.33722563446065]]]}, "properties": {"grid_id": "ETRS-TM35FIN-1km-N7135000-E550000", "northing_min": 7135000, "easting_min": 550000, "grid_size_m": 1000}}, {"type": "Feature", "geometry": {"type": "Polygon", "coordinates": [[[28.055455244088144, 64.33707810477419], [28.076146076250332, 64.3369276548309], [28.07649652882004, 64.3458996699218], [28.055798961661033, 64.3460501799901], [28.055455244088144, 64.33707810477419]]]}, "properties": {"grid_id": "ETRS-TM35FIN-1km-N7135000-E551000", "northing_min": 7135000, "easting_min": 551000, "grid_size_m": 1000}}, {"type": "Feature", "geometry": {"type": "Polygon", "coordinates": [[[27.352539366793387, 64.3942958761969], [27.373276459325897, 64.39424462081364], [27.37339833699361, 64.40321795833906], [27.352654473991084, 64.40326923424189], [27.352539366793387, 64.3942958761969]]]}, "properties": {"grid_id": "ETRS-TM35FIN-1km-N7141000-E517000", "northing_min": 7141000, "easting_min": 517000, "grid_size_m": 1000}}, {"type": "Feature", "geometry": {"type": "Polygon", "coordinates": [[[28.849918453489206, 64.45487308992546], [28.870690730325897, 64.454610263203], [28.87130307450084, 64.46357893182015], [28.85052400766432, 64.4638418638888], [28.849918453489206, 64.45487308992546]]]}, "properties": {"grid_id": "ETRS-TM35FIN-1km-N7149000-E589000", "northing_min": 7149000, "easting_min": 589000, "grid_size_m": 1000}}, {"type": "Feature", "geometry": {"type": "Polygon", "coordinates": [[[26.770837059272246, 64.52016928599461], [26.79166987890175, 64.52020021277275], [26.791601471991758, 64.5291735265363], [26.770761811873804, 64.52914258733257], [26.770837059272246, 64.52016928599461]]]}, "properties": {"grid_id": "ETRS-TM35FIN-1km-N7155000-E489000", "northing_min": 7155000, "easting_min": 489000, "grid_size_m": 1000}}, {"type": "Feature", "geometry": {"type": "Polygon", "coordinates": [[[27.791611908692865, 64.51822099593404], [27.812441299291077, 64.51810760926891], [27.812708037655582, 64.52708008234386], [27.791871810176847, 64.527193514558], [27.791611908692865, 64.51822099593404]]]}, "properties": {"grid_id": "ETRS-TM35FIN-1km-N7155000-E538000", "northing_min": 7155000, "easting_min": 538000, "grid_size_m": 1000}}, {"type": "Feature", "geometry": {"type": "Polygon", "coordinates": [[[26.708243181846196, 64.52903209056944], [26.729082661796728, 64.52907186933342], [26.728993668540145, 64.5380451311865], [26.708147343286395, 64.53800533643653], [26.708243181846196, 64.52903209056944]]]}, "properties": {"grid_id": "ETRS-TM35FIN-1km-N7156000-E486000", "northing_min": 7156000, "easting_min": 486000, "grid_size_m": 1000}}, {"type": "Feature", "geometry": {"type": "Polygon", "coordinates": [[[26.49903042464999, 64.57333724180926], [26.519903250567392, 64.57340662373682], [26.519745230928336, 64.58237961636993], [26.498865535589204, 64.58231020652515], [26.49903042464999, 64.57333724180926]]]}, "properties": {"grid_id": "ETRS-TM35FIN-1km-N7161000-E476000", "northing_min": 7161000, "easting_min": 476000, "grid_size_m": 1000}}, {"type": "Feature", "geometry": {"type": "Polygon", "coordinates": [[[25.28028908613392, 64.69880187734779], [25.301249933531455, 64.69904384831193], [25.300687706456472, 64.70801305653261], [25.279719930037, 64.7077709878956], [25.28028908613392, 64.69880187734779]]]}, "properties": {"grid_id": "ETRS-TM35FIN-1km-N7176000-E418000", "northing_min": 7176000, "easting_min": 418000, "grid_size_m": 1000}}, {"type": "Feature", "geometry": {"type": "Polygon", "coordinates": [[[24.523560137749257, 64.71501088439138], [24.54452346637601, 64.71535997325908], [24.543710320167776, 64.72432486381732], [24.522740066640942, 64.72397563403993], [24.523560137749257, 64.71501088439138]]]}, "properties": {"grid_id": "ETRS-TM35FIN-1km-N7179000-E382000", "northing_min": 7179000, "easting_min": 382000, "grid_size_m": 1000}}, {"type": "Feature", "geometry": {"type": "Polygon", "coordinates": [[[25.886459890016233, 64.7494716169044], [25.907465406402423, 64.74962784840788], [25.907102957194034, 64.75859930852998], [25.88609047568981, 64.75844301385428], [25.886459890016233, 64.7494716169044]]]}, "properties": {"grid_id": "ETRS-TM35FIN-1km-N7181000-E447000", "northing_min": 7181000, "easting_min": 447000, "grid_size_m": 1000}}, {"type": "Feature", "geometry": {"type": "Polygon", "coordinates": [[[26.180559552553486, 64.75138814191442], [26.201568340614408, 64.75150272265903], [26.20130343035083, 64.76047494094361], [26.180287673698036, 64.76036031386178], [26.180559552553486, 64.75138814191442]]]}, "properties": {"grid_id": "ETRS-TM35FIN-1km-N7181000-E461000", "northing_min": 7181000, "easting_min": 461000, "grid_size_m": 1000}}, {"type": "Feature", "geometry": {"type": "Polygon", "coordinates": [[[25.381347582636668, 64.76276889955255], [25.402359071245353, 64.76299668225316], [25.401828768745613, 64.77196626814475], [25.380810313204456, 64.77173839332397], [25.381347582636668, 64.76276889955255]]]}, "properties": {"grid_id": "ETRS-TM35FIN-1km-N7183000-E423000", "northing_min": 7183000, "easting_min": 423000, "grid_size_m": 1000}}, {"type": "Feature", "geometry": {"type": "Polygon", "coordinates": [[[25.380810313204456, 64.77173839332397], [25.401828768745613, 64.77196626814475], [25.401298075020037, 64.78093584078673], [25.380272647413975, 64.78070787378459], [25.380810313204456, 64.77173839332397]]]}, "properties": {"grid_id": "ETRS-TM35FIN-1km-N7184000-E423000", "northing_min": 7184000, "easting_min": 423000, "grid_size_m": 1000}}, {"type": "Feature", "geometry": {"type": "Polygon", "coordinates": [[[25.401828768745613, 64.77196626814475], [25.422847615512502, 64.77219116678359], [25.42232389426743, 64.78116083040447], [25.401298075020037, 64.78093584078673], [25.401828768745613, 64.77196626814475]]]}, "properties": {"grid_id": "ETRS-TM35FIN-1km-N7184000-E424000", "northing_min": 7184000, "easting_min": 424000, "grid_size_m": 1000}}, {"type": "Feature", "geometry": {"type": "Polygon", "coordinates": [[[25.317198765819544, 64.78000610950856], [25.33822298767675, 64.78024300804054], [25.337670971971733, 64.7892122870964], [25.316639774192975, 64.78897529271288], [25.317198765819544, 64.78000610950856]]]}, "properties": {"grid_id": "ETRS-TM35FIN-1km-N7185000-E420000", "northing_min": 7185000, "easting_min": 420000, "grid_size_m": 1000}}, {"type": "Feature", "geometry": {"type": "Polygon", "coordinates": [[[25.358157135541568, 64.79841566353794], [25.379196125073456, 64.79864679477483], [25.37865726767956, 64.80761623530503], [25.3576112910756, 64.8073850104983], [25.358157135541568, 64.79841566353794]]]}, "properties": {"grid_id": "ETRS-TM35FIN-1km-N7187000-E422000", "northing_min": 7187000, "easting_min": 422000, "grid_size_m": 1000}}, {"type": "Feature", "geometry": {"type": "Polygon", "coordinates": [[[25.947382265153678, 64.80376070547538], [25.968430440106417, 64.80390837084174], [25.96808737241015, 64.81287994187312], [25.947032200614736, 64.81273221670321], [25.947382265153678, 64.80376070547538]]]}, "properties": {"grid_id": "ETRS-TM35FIN-1km-N7187000-E450000", "northing_min": 7187000, "easting_min": 450000, "grid_size_m": 1000}}, {"type": "Feature", "geometry": {"type": "Polygon", "coordinates": [[[27.86346256038162, 64.81395433996327], [27.88451961567595, 64.8138304827605], [27.884813915580136, 64.8228024269782], [27.86374985627063, 64.82292633435947], [27.86346256038162, 64.81395433996327]]]}, "properties": {"grid_id": "ETRS-TM35FIN-1km-N7188000-E541000", "northing_min": 7188000, "easting_min": 541000, "grid_size_m": 1000}}, {"type": "Feature", "geometry": {"type": "Polygon", "coordinates": [[[25.672457418180922, 64.8284815540384], [25.69352282518928, 64.8286682063451], [25.693087858509983, 64.83763886838955], [25.67201544315924, 64.83745214044298], [25.672457418180922, 64.8284815540384]]]}, "properties": {"grid_id": "ETRS-TM35FIN-1km-N7190000-E437000", "northing_min": 7190000, "easting_min": 437000, "grid_size_m": 1000}}, {"type": "Feature", "geometry": {"type": "Polygon", "coordinates": [[[25.860539980409133, 64.86593879024986], [25.881636169358714, 64.86609883653269], [25.881263190450365, 64.87507007674564], [25.8601599695136, 64.87490996552972], [25.860539980409133, 64.86593879024986]]]}, "properties": {"grid_id": "ETRS-TM35FIN-1km-N7194000-E446000", "northing_min": 7194000, "easting_min": 446000, "grid_size_m": 1000}}, {"type": "Feature", "geometry": {"type": "Polygon", "coordinates": [[[25.60601498806354, 64.89069588917647], [25.627128559853503, 64.89089205108148], [25.626670201008913, 64.89986239424599], [25.605549585582484, 64.89966615270548], [25.60601498806354, 64.89069588917647]]]}, "properties": {"grid_id": "ETRS-TM35FIN-1km-N7197000-E434000", "northing_min": 7197000, "easting_min": 434000, "grid_size_m": 1000}}, {"type": "Feature", "geometry": {"type": "Polygon", "coordinates": [[[25.774932773624133, 64.89218137747933], [25.79604891465324, 64.89235359353913], [25.79564691747727, 64.90132453008009], [25.7745237300687, 64.90115224409837], [25.774932773624133, 64.89218137747933]]]}, "properties": {"grid_id": "ETRS-TM35FIN-1km-N7197000-E442000", "northing_min": 7197000, "easting_min": 442000, "grid_size_m": 1000}}, {"type": "Feature", "geometry": {"type": "Polygon", "coordinates": [[[25.098770294616873, 64.8940583645011], [25.119881192511073, 64.89432643561787], [25.119253434384152, 64.90329451860359], [25.09813549801229, 64.90302633867526], [25.098770294616873, 64.8940583645011]]]}, "properties": {"grid_id": "ETRS-TM35FIN-1km-N7198000-E410000", "northing_min": 7198000, "easting_min": 410000, "grid_size_m": 1000}}, {"type": "Feature", "geometry": {"type": "Polygon", "coordinates": [[[25.56330939486371, 64.8992646875442], [25.58442931512908, 64.89946691710797], [25.583956519191315, 64.9084370870653], [25.562829550816307, 64.90823477538369], [25.56330939486371, 64.8992646875442]]]}, "properties": {"grid_id": "ETRS-TM35FIN-1km-N7198000-E432000", "northing_min": 7198000, "easting_min": 432000, "grid_size_m": 1000}}, {"type": "Feature", "geometry": {"type": "Polygon", "coordinates": [[[25.372703471855345, 64.90627920277194], [25.393827050337272, 64.90650846676938], [25.393290438020152, 64.91547784071054], [25.37215980982946, 64.91524848360675], [25.372703471855345, 64.90627920277194]]]}, "properties": {"grid_id": "ETRS-TM35FIN-1km-N7199000-E423000", "northing_min": 7199000, "easting_min": 423000, "grid_size_m": 1000}}, {"type": "Feature", "geometry": {"type": "Polygon", "coordinates": [[[25.73185482116365, 64.90976939878365], [25.75298444782957, 64.90994774655228], [25.752567740981224, 64.91891851740986], [25.731431058145613, 64.91874009719373], [25.73185482116365, 64.90976939878365]]]}, "properties": {"grid_id": "ETRS-TM35FIN-1km-N7199000-E440000", "northing_min": 7199000, "easting_min": 440000, "grid_size_m": 1000}}, {"type": "Feature", "geometry": {"type": "Polygon", "coordinates": [[[25.90053288307442, 64.92008353615279], [25.921671892344563, 64.92023797752383], [25.921311379003203, 64.9292092722256], [25.90016530584692, 64.92905476809551], [25.90053288307442, 64.92008353615279]]]}, "properties": {"grid_id": "ETRS-TM35FIN-1km-N7200000-E448000", "northing_min": 7200000, "easting_min": 448000, "grid_size_m": 1000}}, {"type": "Feature", "geometry": {"type": "Polygon", "coordinates": [[[25.73100698078482, 64.92771078324488], [25.752150725019796, 64.92788927595694], [25.751733399614892, 64.93686002219485], [25.73058258874529, 64.9366814569384], [25.73100698078482, 64.92771078324488]]]}, "properties": {"grid_id": "ETRS-TM35FIN-1km-N7201000-E440000", "northing_min": 7201000, "easting_min": 440000, "grid_size_m": 1000}}, {"type": "Feature", "geometry": {"type": "Polygon", "coordinates": [[[26.809559657197475, 64.94196257015841], [26.830719576172857, 64.94198808621736], [26.830662922061162, 64.95096090529557], [26.80949592146523, 64.95093537885943], [26.809559657197475, 64.94196257015841]]]}, "properties": {"grid_id": "ETRS-TM35FIN-1km-N7202000-E491000", "northing_min": 7202000, "easting_min": 491000, "grid_size_m": 1000}}, {"type": "Feature", "geometry": {"type": "Polygon", "coordinates": [[[25.539751757237873, 64.94390935833026], [25.560906613002004, 64.94411499898666], [25.56042498623784, 64.95308502295283], [25.539263056590343, 64.95287929868529], [25.539751757237873, 64.94390935833026]]]}, "properties": {"grid_id": "ETRS-TM35FIN-1km-N7203000-E431000", "northing_min": 7203000, "easting_min": 431000, "grid_size_m": 1000}}, {"type": "Feature", "geometry": {"type": "Polygon", "coordinates": [[[25.199520114515728, 64.96711646416533], [25.22068975763863, 64.96737039987804], [25.22009367227097, 64.97633889861852], [25.198916946411888, 64.97608485960549], [25.199520114515728, 64.96711646416533]]]}, "properties": {"grid_id": "ETRS-TM35FIN-1km-N7206000-E415000", "northing_min": 7206000, "easting_min": 415000, "grid_size_m": 1000}}, {"type": "Feature", "geometry": {"type": "Polygon", "coordinates": [[[25.72888186706339, 64.97256402816167], [25.750060996936007, 64.97274288408151], [25.74964211934119, 64.98171356879361], [25.728455896573635, 64.98153464008621], [25.72888186706339, 64.97256402816167]]]}, "properties": {"grid_id": "ETRS-TM35FIN-1km-N7206000-E440000", "northing_min": 7206000, "easting_min": 440000, "grid_size_m": 1000}}, {"type": "Feature", "geometry": {"type": "Polygon", "coordinates": [[[24.62733198224418, 64.96809106897464], [24.648494763522976, 64.96842614489131], [24.647707044294446, 64.97739141105686], [24.626537189951463, 64.97705619887756], [24.62733198224418, 64.96809106897464]]]}, "properties": {"grid_id": "ETRS-TM35FIN-1km-N7207000-E388000", "northing_min": 7207000, "easting_min": 388000, "grid_size_m": 1000}}, {"type": "Feature", "geometry": {"type": "Polygon", "coordinates": [[[25.495429507442672, 64.97936807778942], [25.516611956779258, 64.97958006260876], [25.516114707541185, 64.98854986659892], [25.494925164083686, 64.988337795501], [25.495429507442672, 64.97936807778942]]]}, "properties": {"grid_id": "ETRS-TM35FIN-1km-N7207000-E429000", "northing_min": 7207000, "easting_min": 429000, "grid_size_m": 1000}}, {"type": "Feature", "geometry": {"type": "Polygon", "coordinates": [[[25.47373599565645, 64.98812271863532], [25.494925164083686, 64.988337795501], [25.494420445694338, 64.99730750027268], [25.47322417827934, 64.99709233584831], [25.47373599565645, 64.98812271863532]]]}, "properties": {"grid_id": "ETRS-TM35FIN-1km-N7208000-E428000", "northing_min": 7208000, "easting_min": 428000, "grid_size_m": 1000}}, {"type": "Feature", "geometry": {"type": "Polygon", "coordinates": [[[24.64691873984285, 64.98635666130065], [24.668096258337883, 64.98668900785827], [24.66731445221105, 64.99565437740485], [24.646129849541815, 64.99532189562015], [24.64691873984285, 64.98635666130065]]]}, "properties": {"grid_id": "ETRS-TM35FIN-1km-N7209000-E389000", "northing_min": 7209000, "easting_min": 389000, "grid_size_m": 1000}}, {"type": "Feature", "geometry": {"type": "Polygon", "coordinates": [[[25.452028291570343, 64.99687416453251], [25.47322417827934, 64.99709233584831], [25.47271198019614, 65.00606194006335], [25.451508989633684, 65.00584367990713], [25.452028291570343, 64.99687416453251]]]}, "properties": {"grid_id": "ETRS-TM35FIN-1km-N7209000-E427000", "northing_min": 7209000, "easting_min": 427000, "grid_size_m": 1000}}, {"type": "Feature", "geometry": {"type": "Polygon", "coordinates": [[[25.494420445694338, 64.99730750027268], [25.51561708854151, 64.997519657707], [25.51511909938396, 65.0064894359337], [25.493915351872722, 65.00627719210509], [25.494420445694338, 64.99730750027268]]]}, "properties": {"grid_id": "ETRS-TM35FIN-1km-N7209000-E429000", "northing_min": 7209000, "easting_min": 429000, "grid_size_m": 1000}}, {"type": "Feature", "geometry": {"type": "Polygon", "coordinates": [[[26.19407630172805, 65.00272048682486], [26.215282371872654, 65.00283336727497], [26.215019025429452, 65.01180530978743], [26.193805840510944, 65.01169238335189], [26.19407630172805, 65.00272048682486]]]}, "properties": {"grid_id": "ETRS-TM35FIN-1km-N7209000-E462000", "northing_min": 7209000, "easting_min": 462000, "grid_size_m": 1000}}, {"type": "Feature", "geometry": {"type": "Polygon", "coordinates": [[[25.430306385464228, 65.00562241173658], [25.451508989633684, 65.00584367990713], [25.450989301303927, 65.01481318222473], [25.429779588416505, 65.01459182393047], [25.430306385464228, 65.00562241173658]]]}, "properties": {"grid_id": "ETRS-TM35FIN-1km-N7210000-E426000", "northing_min": 7210000, "easting_min": 426000, "grid_size_m": 1000}}, {"type": "Feature", "geometry": {"type": "Polygon", "coordinates": [[[25.47271198019614, 65.00606194006335], [25.493915351872722, 65.00627719210509], [25.493409882216348, 65.01524687099888], [25.47219940099872, 65.01503153128093], [25.47271198019614, 65.00606194006335]]]}, "properties": {"grid_id": "ETRS-TM35FIN-1km-N7210000-E428000", "northing_min": 7210000, "easting_min": 428000, "grid_size_m": 1000}}, {"type": "Feature", "geometry": {"type": "Polygon", "coordinates": [[[25.493915351872722, 65.00627719210509], [25.51511909938396, 65.0064894359337], [25.5146207396717, 65.01545920127975], [25.493409882216348, 65.01524687099888], [25.493915351872722, 65.00627719210509]]]}, "properties": {"grid_id": "ETRS-TM35FIN-1km-N7210000-E429000", "northing_min": 7210000, "easting_min": 429000, "grid_size_m": 1000}}, {"type": "Feature", "geometry": {"type": "Polygon", "coordinates": [[[25.429779588416505, 65.01459182393047], [25.450989301303927, 65.01481318222473], [25.45046922616671, 65.02378267148583], [25.42925239927738, 65.02356122300738], [25.429779588416505, 65.01459182393047]]]}, "properties": {"grid_id": "ETRS-TM35FIN-1km-N7211000-E426000", "northing_min": 7211000, "easting_min": 426000, "grid_size_m": 1000}}, {"type": "Feature", "geometry": {"type": "Polygon", "coordinates": [[[25.450989301303927, 65.01481318222473], [25.47219940099872, 65.01503153128093], [25.471686440278365, 65.02400110950167], [25.45046922616671, 65.02378267148583], [25.450989301303927, 65.01481318222473]]]}, "properties": {"grid_id": "ETRS-TM35FIN-1km-N7211000-E427000", "northing_min": 7211000, "easting_min": 427000, "grid_size_m": 1000}}, {"type": "Feature", "geometry": {"type": "Polygon", "coordinates": [[[25.47219940099872, 65.01503153128093], [25.493409882216348, 65.01524687099888], [25.49290403632215, 65.02421653695464], [25.471686440278365, 65.02400110950167], [25.47219940099872, 65.01503153128093]]]}, "properties": {"grid_id": "ETRS-TM35FIN-1km-N7211000-E428000", "northing_min": 7211000, "easting_min": 428000, "grid_size_m": 1000}}, {"type": "Feature", "geometry": {"type": "Polygon", "coordinates": [[[25.493409882216348, 65.01524687099888], [25.5146207396717, 65.01545920127975], [25.51412200900731, 65.02442895374581], [25.49290403632215, 65.02421653695464], [25.493409882216348, 65.01524687099888]]]}, "properties": {"grid_id": "ETRS-TM35FIN-1km-N7211000-E429000", "northing_min": 7211000, "easting_min": 429000, "grid_size_m": 1000}}, {"type": "Feature", "geometry": {"type": "Polygon", "coordinates": [[[25.620680485495186, 65.0164757077664], [25.641893489357606, 65.0166699794271], [25.64143745823144, 65.02564022523003], [25.620217336836284, 65.02544587440947], [25.620680485495186, 65.0164757077664]]]}, "properties": {"grid_id": "ETRS-TM35FIN-1km-N7211000-E435000", "northing_min": 7211000, "easting_min": 435000, "grid_size_m": 1000}}, {"type": "Feature", "geometry": {"type": "Polygon", "coordinates": [[[25.641893489357606, 65.0166699794271], [25.66310683244619, 65.01686124099767], [25.662657919216755, 65.02583156473507], [25.64143745823144, 65.02564022523003], [25.641893489357606, 65.0166699794271]]]}, "properties": {"grid_id": "ETRS-TM35FIN-1km-N7211000-E436000", "northing_min": 7211000, "easting_min": 436000, "grid_size_m": 1000}}, {"type": "Feature", "geometry": {"type": "Polygon", "coordinates": [[[24.623352109840056, 65.01291655833315], [24.644550308881414, 65.01325231647591], [24.6437596572648, 65.02221750300697], [24.622554358910463, 65.02188160814461], [24.623352109840056, 65.01291655833315]]]}, "properties": {"grid_id": "ETRS-TM35FIN-1km-N7212000-E388000", "northing_min": 7212000, "easting_min": 388000, "grid_size_m": 1000}}, {"type": "Feature", "geometry": {"type": "Polygon", "coordinates": [[[25.471686440278365, 65.02400110950167], [25.49290403632215, 65.02421653695464], [25.492397813786503, 65.03318618997307], [25.47117309762577, 65.03297067472617], [25.471686440278365, 65.02400110950167]]]}, "properties": {"grid_id": "ETRS-TM35FIN-1km-N7212000-E428000", "northing_min": 7212000, "easting_min": 428000, "grid_size_m": 1000}}, {"type": "Feature", "geometry": {"type": "Polygon", "coordinates": [[[25.620217336836284, 65.02544587440947], [25.64143745823144, 65.02564022523003], [25.640981087515033, 65.03461045848498], [25.619753843292468, 65.03441602845139], [25.620217336836284, 65.02544587440947]]]}, "properties": {"grid_id": "ETRS-TM35FIN-1km-N7212000-E435000", "northing_min": 7212000, "easting_min": 435000, "grid_size_m": 1000}}, {"type": "Feature", "geometry": {"type": "Polygon", "coordinates": [[[24.622554358910463, 65.02188160814461], [24.6437596572648, 65.02221750300697], [24.642968417284234, 65.03118267360334], [24.621756014350353, 65.03084664192966], [24.622554358910463, 65.02188160814461]]]}, "properties": {"grid_id": "ETRS-TM35FIN-1km-N7213000-E388000", "northing_min": 7213000, "easting_min": 388000, "grid_size_m": 1000}}, {"type": "Feature", "geometry": {"type": "Polygon", "coordinates": [[[24.557302127698804, 65.03878509972989], [24.57851983994176, 65.03913029526294], [24.577706077871692, 65.04809501932893], [24.55648125243109, 65.047749683133], [24.557302127698804, 65.03878509972989]]]}, "properties": {"grid_id": "ETRS-TM35FIN-1km-N7215000-E385000", "northing_min": 7215000, "easting_min": 385000, "grid_size_m": 1000}}, {"type": "Feature", "geometry": {"type": "Polygon", "coordinates": [[[25.448906675757677, 65.05069106093507], [25.470145264883726, 65.05090976618852], [25.469630773972728, 65.05987929242755], [25.44838504923503, 65.05966049797513], [25.448906675757677, 65.05069106093507]]]}, "properties": {"grid_id": "ETRS-TM35FIN-1km-N7215000-E427000", "northing_min": 7215000, "easting_min": 427000, "grid_size_m": 1000}}, {"type": "Feature", "geometry": {"type": "Polygon", "coordinates": [[[25.470145264883726, 65.05090976618852], [25.49138423717335, 65.05112545720027], [25.49087688228566, 65.06009507141033], [25.469630773972728, 65.05987929242755], [25.470145264883726, 65.05090976618852]]]}, "properties": {"grid_id": "ETRS-TM35FIN-1km-N7215000-E428000", "northing_min": 7215000, "easting_min": 428000, "grid_size_m": 1000}}, {"type": "Feature", "geometry": {"type": "Polygon", "coordinates": [[[25.555103399942727, 65.05175444379998], [25.576343851802825, 65.05195807686657], [25.575865045011113, 65.06092803067958], [25.554617455537997, 65.06072431455462], [25.555103399942727, 65.05175444379998]]]}, "properties": {"grid_id": "ETRS-TM35FIN-1km-N7215000-E432000", "northing_min": 7215000, "easting_min": 432000, "grid_size_m": 1000}}, {"type": "Feature", "geometry": {"type": "Polygon", "coordinates": [[[25.597584660281736, 65.05215869520926], [25.618825820068817, 65.0523562987357], [25.618361289646995, 65.0613264149801], [25.597112991486224, 65.0611287308522], [25.597584660281736, 65.05215869520926]]]}, "properties": {"grid_id": "ETRS-TM35FIN-1km-N7215000-E434000", "northing_min": 7215000, "easting_min": 434000, "grid_size_m": 1000}}, {"type": "Feature", "geometry": {"type": "Polygon", "coordinates": [[[25.44838504923503, 65.05966049797513], [25.469630773972728, 65.05987929242755], [25.469115899486393, 65.06884880567254], [25.447863033824138, 65.06862992196118], [25.44838504923503, 65.05966049797513]]]}, "properties": {"grid_id": "ETRS-TM35FIN-1km-N7216000-E427000", "northing_min": 7216000, "easting_min": 427000, "grid_size_m": 1000}}, {"type": "Feature", "geometry": {"type": "Polygon", "coordinates": [[[25.469630773972728, 65.05987929242755], [25.49087688228566, 65.06009507141033], [25.490369149136132, 65.06906467268553], [25.469115899486393, 65.06884880567254], [25.469630773972728, 65.05987929242755]]]}, "properties": {"grid_id": "ETRS-TM35FIN-1km-N7216000-E428000", "northing_min": 7216000, "easting_min": 428000, "grid_size_m": 1000}}, {"type": "Feature", "geometry": {"type": "Polygon", "coordinates": [[[25.512123368860333, 65.06030783482416], [25.533370228382665, 65.0605175825711], [25.532876779120706, 65.06948735622004], [25.511622777454168, 65.06927752290069], [25.512123368860333, 65.06030783482416]]]}, "properties": {"grid_id": "ETRS-TM35FIN-1km-N7216000-E430000", "northing_min": 7216000, "easting_min": 430000, "grid_size_m": 1000}}, {"type": "Feature", "geometry": {"type": "Polygon", "coordinates": [[[25.575865045011113, 65.06092803067958], [25.597112991486224, 65.0611287308522], [25.59664097100496, 65.07009875384372], [25.57538588121731, 65.0698979717861], [25.575865045011113, 65.06092803067958]]]}, "properties": {"grid_id": "ETRS-TM35FIN-1km-N7216000-E433000", "northing_min": 7216000, "easting_min": 433000, "grid_size_m": 1000}}, {"type": "Feature", "geometry": {"type": "Polygon", "coordinates": [[[25.447863033824138, 65.06862992196118], [25.469115899486393, 65.06884880567254], [25.468600641012475, 65.07781830592408], [25.44734062910706, 65.07759933289371], [25.447863033824138, 65.06862992196118]]]}, "properties": {"grid_id": "ETRS-TM35FIN-1km-N7217000-E427000", "northing_min": 7217000, "easting_min": 427000, "grid_size_m": 1000}}, {"type": "Feature", "geometry": {"type": "Polygon", "coordinates": [[[25.72417871675938, 65.07124008029474], [25.745436159200143, 65.07141973956969], [25.745013837377194, 65.08039028904197], [25.72374924377186, 65.08021055643991], [25.72417871675938, 65.07124008029474]]]}, "properties": {"grid_id": "ETRS-TM35FIN-1km-N7217000-E440000", "northing_min": 7217000, "easting_min": 440000, "grid_size_m": 1000}}, {"type": "Feature", "geometry": {"type": "Polygon", "coordinates": [[[25.510118761537758, 65.09618650987802], [25.531394221581934, 65.09639660026029], [25.530899297830427, 65.10536632264062], [25.5096166743263, 65.10515614645526], [25.510118761537758, 65.09618650987802]]]}, "properties": {"grid_id": "ETRS-TM35FIN-1km-N7220000-E430000", "northing_min": 7220000, "easting_min": 430000, "grid_size_m": 1000}}, {"type": "Feature", "geometry": {"type": "Polygon", "coordinates": [[[26.403944641925904, 65.10240855555378], [26.425231007444786, 65.1024917109093], [26.425037236981883, 65.11146392318692], [26.4037436962603, 65.11138073385416], [26.403944641925904, 65.10240855555378]]]}, "properties": {"grid_id": "ETRS-TM35FIN-1km-N7220000-E472000", "northing_min": 7220000, "easting_min": 472000, "grid_size_m": 1000}}, {"type": "Feature", "geometry": {"type": "Polygon", "coordinates": [[[25.381928994385632, 65.10383163461913], [25.40320928801549, 65.10405994021961], [25.40267098800125, 65.11302911612493], [25.381383528076785, 65.1128007172666], [25.381928994385632, 65.10383163461913]]]}, "properties": {"grid_id": "ETRS-TM35FIN-1km-N7221000-E424000", "northing_min": 7221000, "easting_min": 424000, "grid_size_m": 1000}}, {"type": "Feature", "geometry": {"type": "Polygon", "coordinates": [[[25.59474936465356, 65.10597871931417], [25.61603343455023, 65.1061768072637], [25.615566820319543, 65.11514684793966], [25.594275580062142, 65.11494867906251], [25.59474936465356, 65.10597871931417]]]}, "properties": {"grid_id": "ETRS-TM35FIN-1km-N7221000-E434000", "northing_min": 7221000, "easting_min": 434000, "grid_size_m": 1000}}, {"type": "Feature", "geometry": {"type": "Polygon", "coordinates": [[[26.020490830460336, 65.1093661470738], [26.041780848760396, 65.10950377367769], [26.041457712846118, 65.11847517374589], [26.020160517778322, 65.1183374909013], [26.020490830460336, 65.1093661470738]]]}, "properties": {"grid_id": "ETRS-TM35FIN-1km-N7221000-E454000", "northing_min": 7221000, "easting_min": 454000, "grid_size_m": 1000}}, {"type": "Feature", "geometry": {"type": "Polygon", "coordinates": [[[25.615566820319543, 65.11514684793966], [25.636858409187745, 65.11534199329213], [25.636398622433703, 65.12431210112457], [25.615099857477976, 65.12411687602429], [25.615566820319543, 65.11514684793966]]]}, "properties": {"grid_id": "ETRS-TM35FIN-1km-N7222000-E435000", "northing_min": 7222000, "easting_min": 435000, "grid_size_m": 1000}}, {"type": "Feature", "geometry": {"type": "Polygon", "coordinates": [[[25.273788561845965, 65.12955054357352], [25.29508827523977, 65.12979425259326], [25.29451286035129, 65.13876290939476], [25.273205966867504, 65.13851910075466], [25.273788561845965, 65.12955054357352]]]}, "properties": {"grid_id": "ETRS-TM35FIN-1km-N7224000-E419000", "northing_min": 7224000, "easting_min": 419000, "grid_size_m": 1000}}, {"type": "Feature", "geometry": {"type": "Polygon", "coordinates": [[[25.40105367363993, 65.13993656479626], [25.42236306794211, 65.14016221755662], [25.421830345082064, 65.1491314330405], [25.400513762634297, 65.14890568800627], [25.40105367363993, 65.13993656479626]]]}, "properties": {"grid_id": "ETRS-TM35FIN-1km-N7225000-E425000", "northing_min": 7225000, "easting_min": 425000, "grid_size_m": 1000}}, {"type": "Feature", "geometry": {"type": "Polygon", "coordinates": [[[25.37919758402008, 65.14867691548706], [25.400513762634297, 65.14890568800627], [25.399973447795013, 65.15787479804327], [25.378650076101742, 65.15764593195114], [25.37919758402008, 65.14867691548706]]]}, "properties": {"grid_id": "ETRS-TM35FIN-1km-N7226000-E424000", "northing_min": 7226000, "easting_min": 424000, "grid_size_m": 1000}}, {"type": "Feature", "geometry": {"type": "Polygon", "coordinates": [[[25.2287999511002, 65.16492738731283], [25.25012753770638, 65.16517755370616], [25.249535996557878, 65.17414595550247], [25.228201209338526, 65.17389568674413], [25.2287999511002, 65.16492738731283]]]}, "properties": {"grid_id": "ETRS-TM35FIN-1km-N7228000-E417000", "northing_min": 7228000, "easting_min": 417000, "grid_size_m": 1000}}, {"type": "Feature", "geometry": {"type": "Polygon", "coordinates": [[[26.273535800707553, 65.20053694380604], [26.294900397328306, 65.20063869609821], [26.29466162131469, 65.2096105619658], [26.273289791282924, 65.20950876797733], [26.273535800707553, 65.20053694380604]]]}, "properties": {"grid_id": "ETRS-TM35FIN-1km-N7231000-E466000", "northing_min": 7231000, "easting_min": 466000, "grid_size_m": 1000}}, {"type": "Feature", "geometry": {"type": "Polygon", "coordinates": [[[25.418625625100287, 65.20294645063325], [25.439985850426645, 65.20316971559842], [25.439457555550895, 65.21213893078541], [25.41809010394045, 65.21191557435064], [25.418625625100287, 65.20294645063325]]]}, "properties": {"grid_id": "ETRS-TM35FIN-1km-N7232000-E426000", "northing_min": 7232000, "easting_min": 426000, "grid_size_m": 1000}}, {"type": "Feature", "geometry": {"type": "Polygon", "coordinates": [[[28.35004869856669, 65.27699556015226], [28.3714706314421, 65.27680201702378], [28.371936660616324, 65.28577189935525], [28.350507453949167, 65.2859655219593], [28.35004869856669, 65.27699556015226]]]}, "properties": {"grid_id": "ETRS-TM35FIN-1km-N7240000-E563000", "northing_min": 7240000, "easting_min": 563000, "grid_size_m": 1000}}, {"type": "Feature", "geometry": {"type": "Polygon", "coordinates": [[[26.892798861703085, 65.29197944891146], [26.914239056479357, 65.29199317449027], [26.914209891582765, 65.30096560024866], [26.89276240562697, 65.30095186902952], [26.892798861703085, 65.29197944891146]]]}, "properties": {"grid_id": "ETRS-TM35FIN-1km-N7241000-E495000", "northing_min": 7241000, "easting_min": 495000, "grid_size_m": 1000}}, {"type": "Feature", "geometry": {"type": "Polygon", "coordinates": [[[25.368724453767275, 65.31908596521521], [25.390178225510386, 65.3193165264948], [25.389630154349494, 65.32828538630521], [25.368169086419964, 65.32805473023994], [25.368724453767275, 65.31908596521521]]]}, "properties": {"grid_id": "ETRS-TM35FIN-1km-N7245000-E424000", "northing_min": 7245000, "easting_min": 424000, "grid_size_m": 1000}}, {"type": "Feature", "geometry": {"type": "Polygon", "coordinates": [[[25.96356605469332, 65.47689250710768], [25.98515425727986, 65.47703862125711], [25.984806200604496, 65.48600942735486], [25.963210597216374, 65.4858632528349], [25.96356605469332, 65.47689250710768]]]}, "properties": {"grid_id": "ETRS-TM35FIN-1km-N7262000-E452000", "northing_min": 7262000, "easting_min": 452000, "grid_size_m": 1000}}, {"type": "Feature", "geometry": {"type": "Polygon", "coordinates": [[[29.525064465199907, 65.45938981032532], [29.546620354733168, 65.45902869932219], [29.547492788778865, 65.46799206928281], [29.52592953374573, 65.46835332928475], [29.525064465199907, 65.45938981032532]]]}, "properties": {"grid_id": "ETRS-TM35FIN-1km-N7262000-E617000", "northing_min": 7262000, "easting_min": 617000, "grid_size_m": 1000}}, {"type": "Feature", "geometry": {"type": "Polygon", "coordinates": [[[27.542453867841353, 65.60507942551894], [27.564150764306813, 65.60500051943347], [27.564345404581143, 65.6139721460374], [27.542641023281746, 65.61405108485631], [27.542453867841353, 65.60507942551894]]]}, "properties": {"grid_id": "ETRS-TM35FIN-1km-N7276000-E525000", "northing_min": 7276000, "easting_min": 525000, "grid_size_m": 1000}}, {"type": "Feature", "geometry": {"type": "Polygon", "coordinates": [[[24.471352672400403, 65.71968744975341], [24.49312578151698, 65.72004671614873], [24.492256502160885, 65.72901005038368], [24.470475862581612, 65.72865063455941], [24.471352672400403, 65.71968744975341]]]}, "properties": {"grid_id": "ETRS-TM35FIN-1km-N7291000-E384000", "northing_min": 7291000, "easting_min": 384000, "grid_size_m": 1000}}, {"type": "Feature", "geometry": {"type": "Polygon", "coordinates": [[[24.154766450083375, 65.82186219443533], [24.176620285117995, 65.82226691417071], [24.175636663666175, 65.83122782183963], [24.153775240062345, 65.83082293327868], [24.154766450083375, 65.82186219443533]]]}, "properties": {"grid_id": "ETRS-TM35FIN-1km-N7303000-E370000", "northing_min": 7303000, "easting_min": 370000, "grid_size_m": 1000}}, {"type": "Feature", "geometry": {"type": "Polygon", "coordinates": [[[24.694897661702992, 65.9027608255958], [24.71682961424238, 65.90308866251624], [24.716031070850683, 65.91205324525485], [24.694091464058285, 65.91172527117597], [24.694897661702992, 65.9027608255958]]]}, "properties": {"grid_id": "ETRS-TM35FIN-1km-N7311000-E395000", "northing_min": 7311000, "easting_min": 395000, "grid_size_m": 1000}}, {"type": "Feature", "geometry": {"type": "Polygon", "coordinates": [[[24.738762180500373, 65.9034133677339], [24.760695354610583, 65.90373494109058], [24.759912121765844, 65.9126997942256], [24.737971292044172, 65.91237808632418], [24.738762180500373, 65.9034133677339]]]}, "properties": {"grid_id": "ETRS-TM35FIN-1km-N7311000-E397000", "northing_min": 7311000, "easting_min": 397000, "grid_size_m": 1000}}, {"type": "Feature", "geometry": {"type": "Polygon", "coordinates": [[[24.72523385412951, 66.05581148172087], [24.747297976935666, 66.0561353552011], [24.74650440709765, 66.06509994706398], [24.724432527931715, 66.06477593742571], [24.72523385412951, 66.05581148172087]]]}, "properties": {"grid_id": "ETRS-TM35FIN-1km-N7328000-E397000", "northing_min": 7328000, "easting_min": 397000, "grid_size_m": 1000}}, {"type": "Feature", "geometry": {"type": "Polygon", "coordinates": [[[25.2530835918623, 66.08961557187648], [25.275184117250863, 66.08986401351706], [25.274575478380154, 66.09883143589553], [25.252467163952048, 66.09858288966328], [25.2530835918623, 66.08961557187648]]]}, "properties": {"grid_id": "ETRS-TM35FIN-1km-N7331000-E421000", "northing_min": 7331000, "easting_min": 421000, "grid_size_m": 1000}}, {"type": "Feature", "geometry": {"type": "Polygon", "coordinates": [[[24.69668012407173, 66.12719856333591], [24.718805840677785, 66.12752669357982], [24.717999533575867, 66.13649102531606], [24.69586601323714, 66.13616275681422], [24.69668012407173, 66.12719856333591]]]}, "properties": {"grid_id": "ETRS-TM35FIN-1km-N7336000-E396000", "northing_min": 7336000, "easting_min": 396000, "grid_size_m": 1000}}, {"type": "Feature", "geometry": {"type": "Polygon", "coordinates": [[[25.006494839841015, 66.13150433211084], [25.028628757899384, 66.13178814095303], [25.027931773660843, 66.14075426857873], [25.005790042660635, 66.14047034011298], [25.006494839841015, 66.13150433211084]]]}, "properties": {"grid_id": "ETRS-TM35FIN-1km-N7336000-E410000", "northing_min": 7336000, "easting_min": 410000, "grid_size_m": 1000}}, {"type": "Feature", "geometry": {"type": "Polygon", "coordinates": [[[24.982221979534376, 66.15811497440087], [25.004378806185137, 66.15840231314542], [25.00367236565954, 66.16736827817303], [24.981507708506157, 66.16708081821615], [24.982221979534376, 66.15811497440087]]]}, "properties": {"grid_id": "ETRS-TM35FIN-1km-N7339000-E409000", "northing_min": 7339000, "easting_min": 409000, "grid_size_m": 1000}}, {"type": "Feature", "geometry": {"type": "Polygon", "coordinates": [[[25.19679158599408, 66.25948186664542], [25.219040159093197, 66.25973868209417], [25.21840665532179, 66.26870563704232], [25.19615017859618, 66.26844871289168], [25.19679158599408, 66.25948186664542]]]}, "properties": {"grid_id": "ETRS-TM35FIN-1km-N7350000-E419000", "northing_min": 7350000, "easting_min": 419000, "grid_size_m": 1000}}, {"type": "Feature", "geometry": {"type": "Polygon", "coordinates": [[[25.12671812112205, 66.30352472226222], [25.149004747160966, 66.30379166205003], [25.148344964400614, 66.31275821803885], [25.12605040561217, 66.31249116510804], [25.12671812112205, 66.30352472226222]]]}, "properties": {"grid_id": "ETRS-TM35FIN-1km-N7355000-E416000", "northing_min": 7355000, "easting_min": 416000, "grid_size_m": 1000}}, {"type": "Feature", "geometry": {"type": "Polygon", "coordinates": [[[24.613432110171647, 66.30546757451552], [24.63571310160875, 66.30580806236071], [24.634870369382785, 66.3147716586792], [24.612581454358963, 66.31443102655614], [24.613432110171647, 66.30546757451552]]]}, "properties": {"grid_id": "ETRS-TM35FIN-1km-N7356000-E393000", "northing_min": 7356000, "easting_min": 393000, "grid_size_m": 1000}}, {"type": "Feature", "geometry": {"type": "Polygon", "coordinates": [[[24.63571310160875, 66.30580806236071], [24.65799475084239, 66.3061453591211], [24.657159942947136, 66.31510909836913], [24.634870369382785, 66.3147716586792], [24.63571310160875, 66.30580806236071]]]}, "properties": {"grid_id": "ETRS-TM35FIN-1km-N7356000-E394000", "northing_min": 7356000, "easting_min": 394000, "grid_size_m": 1000}}, {"type": "Feature", "geometry": {"type": "Polygon", "coordinates": [[[26.285914297684954, 66.32213942244687], [26.308227449798643, 66.322240217441], [26.307980616413865, 66.33121078135378], [26.28565950430325, 66.33110994359254], [26.285914297684954, 66.32213942244687]]]}, "properties": {"grid_id": "ETRS-TM35FIN-1km-N7356000-E468000", "northing_min": 7356000, "easting_min": 468000, "grid_size_m": 1000}}, {"type": "Feature", "geometry": {"type": "Polygon", "coordinates": [[[23.654868489017687, 66.29676646499034], [23.677123264367925, 66.29724418905745], [23.67593965857828, 66.30620034538511], [23.653676992055416, 66.30572241911302], [23.654868489017687, 66.29676646499034]]]}, "properties": {"grid_id": "ETRS-TM35FIN-1km-N7357000-E350000", "northing_min": 7357000, "easting_min": 350000, "grid_size_m": 1000}}, {"type": "Feature", "geometry": {"type": "Polygon", "coordinates": [[[29.456908646300086, 66.34027891295409], [29.479218664108675, 66.33992506317512], [29.480103768934153, 66.34888785904717], [29.457785805872177, 66.34924185892257], [29.456908646300086, 66.34027891295409]]]}, "properties": {"grid_id": "ETRS-TM35FIN-1km-N7360000-E610000", "northing_min": 7360000, "easting_min": 610000, "grid_size_m": 1000}}, {"type": "Feature", "geometry": {"type": "Polygon", "coordinates": [[[24.77982448916191, 66.44256905082425], [24.802230162592327, 66.44288601767626], [24.801441635539877, 66.45185049325767], [24.779027939315338, 66.45153339148114], [24.77982448916191, 66.44256905082425]]]}, "properties": {"grid_id": "ETRS-TM35FIN-1km-N7371000-E401000", "northing_min": 7371000, "easting_min": 401000, "grid_size_m": 1000}}, {"type": "Feature", "geometry": {"type": "Polygon", "coordinates": [[[25.788603210900185, 66.45364993335832], [25.811030502411956, 66.45382219261748], [25.810603621569218, 66.46279132554344], [25.7881682826483, 66.46261899289327], [25.788603210900185, 66.45364993335832]]]}, "properties": {"grid_id": "ETRS-TM35FIN-1km-N7371000-E446000", "northing_min": 7371000, "easting_min": 446000, "grid_size_m": 1000}}, {"type": "Feature", "geometry": {"type": "Polygon", "coordinates": [[[25.360792159577187, 66.47666783525545], [25.383236015191883, 66.4769015218656], [25.382654938204663, 66.48586898736262], [25.360203024851092, 66.4856352011339], [25.360792159577187, 66.47666783525545]]]}, "properties": {"grid_id": "ETRS-TM35FIN-1km-N7374000-E427000", "northing_min": 7374000, "easting_min": 427000, "grid_size_m": 1000}}, {"type": "Feature", "geometry": {"type": "Polygon", "coordinates": [[[25.764846289696827, 66.48038137459747], [25.78729739957534, 66.48055707649715], [25.786861443973905, 66.4895261005689], [25.764402268083575, 66.48935032374683], [25.764846289696827, 66.48038137459747]]]}, "properties": {"grid_id": "ETRS-TM35FIN-1km-N7374000-E445000", "northing_min": 7374000, "easting_min": 445000, "grid_size_m": 1000}}, {"type": "Feature", "geometry": {"type": "Polygon", "coordinates": [[[25.697026863246965, 66.48880365208922], [25.71948497137594, 66.48898909941512], [25.719024456676554, 66.49795788261821], [25.69655827740908, 66.49777235619462], [25.697026863246965, 66.48880365208922]]]}, "properties": {"grid_id": "ETRS-TM35FIN-1km-N7375000-E442000", "northing_min": 7375000, "easting_min": 442000, "grid_size_m": 1000}}, {"type": "Feature", "geometry": {"type": "Polygon", "coordinates": [[[25.74194344176943, 66.4891713233319], [25.764402268083575, 66.48935032374683], [25.763957896894038, 66.49831926102405], [25.741490998621902, 66.49814018425894], [25.74194344176943, 66.4891713233319]]]}, "properties": {"grid_id": "ETRS-TM35FIN-1km-N7375000-E444000", "northing_min": 7375000, "easting_min": 444000, "grid_size_m": 1000}}, {"type": "Feature", "geometry": {"type": "Polygon", "coordinates": [[[25.764402268083575, 66.48935032374683], [25.786861443973905, 66.4895261005689], [25.786425145141262, 66.49849511282235], [25.763957896894038, 66.49831926102405], [25.764402268083575, 66.48935032374683]]]}, "properties": {"grid_id": "ETRS-TM35FIN-1km-N7375000-E445000", "northing_min": 7375000, "easting_min": 445000, "grid_size_m": 1000}}, {"type": "Feature", "geometry": {"type": "Polygon", "coordinates": [[[25.921623485050183, 66.49051306115865], [25.944084930278947, 66.49066627041886], [25.94370514850624, 66.49963576902869], [25.921235628330813, 66.49948249441222], [25.921623485050183, 66.49051306115865]]]}, "properties": {"grid_id": "ETRS-TM35FIN-1km-N7375000-E452000", "northing_min": 7375000, "easting_min": 452000, "grid_size_m": 1000}}, {"type": "Feature", "geometry": {"type": "Polygon", "coordinates": [[[25.674092467169924, 66.4975836050826], [25.69655827740908, 66.49777235619462], [25.696089322542765, 66.50674104826142], [25.6736154352359, 66.50655221662021], [25.674092467169924, 66.4975836050826]]]}, "properties": {"grid_id": "ETRS-TM35FIN-1km-N7376000-E441000", "northing_min": 7376000, "easting_min": 441000, "grid_size_m": 1000}}, {"type": "Feature", "geometry": {"type": "Polygon", "coordinates": [[[25.719024456676554, 66.49795788261821], [25.741490998621902, 66.49814018425894], [25.741038199147475, 66.50710903326024], [25.718563579299186, 66.50692665383961], [25.719024456676554, 66.49795788261821]]]}, "properties": {"grid_id": "ETRS-TM35FIN-1km-N7376000-E443000", "northing_min": 7376000, "easting_min": 443000, "grid_size_m": 1000}}, {"type": "Feature", "geometry": {"type": "Polygon", "coordinates": [[[25.741490998621902, 66.49814018425894], [25.763957896894038, 66.49831926102405], [25.763513175729308, 66.50728818643042], [25.741038199147475, 66.50710903326024], [25.741490998621902, 66.49814018425894]]]}, "properties": {"grid_id": "ETRS-TM35FIN-1km-N7376000-E444000", "northing_min": 7376000, "easting_min": 444000, "grid_size_m": 1000}}, {"type": "Feature", "geometry": {"type": "Polygon", "coordinates": [[[25.763957896894038, 66.49831926102405], [25.786425145141262, 66.49849511282235], [25.785988502685743, 66.50746411325892], [25.763513175729308, 66.50728818643042], [25.763957896894038, 66.49831926102405]]]}, "properties": {"grid_id": "ETRS-TM35FIN-1km-N7376000-E445000", "northing_min": 7376000, "easting_min": 445000, "grid_size_m": 1000}}, {"type": "Feature", "geometry": {"type": "Polygon", "coordinates": [[[25.786425145141262, 66.49849511282235], [25.808892737011266, 66.49866773956438], [25.808464173657224, 66.50763681365613], [25.785988502685743, 66.50746411325892], [25.786425145141262, 66.49849511282235]]]}, "properties": {"grid_id": "ETRS-TM35FIN-1km-N7376000-E446000", "northing_min": 7376000, "easting_min": 446000, "grid_size_m": 1000}}, {"type": "Feature", "geometry": {"type": "Polygon", "coordinates": [[[25.65114192373564, 66.50636015901212], [25.6736154352359, 66.50655221662021], [25.673138027495156, 66.51552081606242], [25.650656432999263, 66.51532867649172], [25.65114192373564, 66.50636015901212]]]}, "properties": {"grid_id": "ETRS-TM35FIN-1km-N7377000-E440000", "northing_min": 7377000, "easting_min": 440000, "grid_size_m": 1000}}, {"type": "Feature", "geometry": {"type": "Polygon", "coordinates": [[[25.6736154352359, 66.50655221662021], [25.696089322542765, 66.50674104826142], [25.695619998226785, 66.51570972829077], [25.673138027495156, 66.51552081606242], [25.6736154352359, 66.50655221662021]]]}, "properties": {"grid_id": "ETRS-TM35FIN-1km-N7377000-E441000", "northing_min": 7377000, "easting_min": 441000, "grid_size_m": 1000}}, {"type": "Feature", "geometry": {"type": "Polygon", "coordinates": [[[25.763513175729308, 66.50728818643042], [25.785988502685743, 66.50746411325892], [25.78555151621508, 66.51643310187997], [25.763068104189877, 66.51625709996726], [25.763513175729308, 66.50728818643042]]]}, "properties": {"grid_id": "ETRS-TM35FIN-1km-N7377000-E445000", "northing_min": 7377000, "easting_min": 445000, "grid_size_m": 1000}}, {"type": "Feature", "geometry": {"type": "Polygon", "coordinates": [[[25.650656432999263, 66.51532867649172], [25.673138027495156, 66.51552081606242], [25.67266024351858, 66.52448940341026], [25.650170559663405, 66.52429718181791], [25.650656432999263, 66.51532867649172]]]}, "properties": {"grid_id": "ETRS-TM35FIN-1km-N7378000-E440000", "northing_min": 7378000, "easting_min": 440000, "grid_size_m": 1000}}, {"type": "Feature", "geometry": {"type": "Polygon", "coordinates": [[[25.560215718305788, 66.52349601024524], [25.582703831796632, 66.5237011457163], [25.582193290889048, 66.53266938438429], [25.55969708346247, 66.53246416132376], [25.560215718305788, 66.52349601024524]]]}, "properties": {"grid_id": "ETRS-TM35FIN-1km-N7379000-E436000", "northing_min": 7379000, "easting_min": 436000, "grid_size_m": 1000}}, {"type": "Feature", "geometry": {"type": "Polygon", "coordinates": [[[25.807176456122114, 66.53454396536227], [25.829676741401496, 66.534713656393], [25.82925493008451, 66.54368275593205], [25.80674653983207, 66.54351299241276], [25.807176456122114, 66.53454396536227]]]}, "properties": {"grid_id": "ETRS-TM35FIN-1km-N7380000-E447000", "northing_min": 7380000, "easting_min": 447000, "grid_size_m": 1000}}, {"type": "Feature", "geometry": {"type": "Polygon", "coordinates": [[[25.64724726053789, 66.57810795861013], [25.66978561459251, 66.57830067357538], [25.669305184894238, 66.58726917629241], [25.646758696730963, 66.58707637889052], [25.64724726053789, 66.57810795861013]]]}, "properties": {"grid_id": "ETRS-TM35FIN-1km-N7385000-E440000", "northing_min": 7385000, "easting_min": 440000, "grid_size_m": 1000}}, {"type": "Feature", "geometry": {"type": "Polygon", "coordinates": [[[25.66978561459251, 66.57830067357538], [25.692324347905178, 66.57849015154216], [25.691852052749965, 66.5874587353124], [25.669305184894238, 66.58726917629241], [25.66978561459251, 66.57830067357538]]]}, "properties": {"grid_id": "ETRS-TM35FIN-1km-N7385000-E441000", "northing_min": 7385000, "easting_min": 441000, "grid_size_m": 1000}}, {"type": "Feature", "geometry": {"type": "Polygon", "coordinates": [[[25.692324347905178, 66.57849015154216], [25.714863454060545, 66.57867639241347], [25.714399293875466, 66.58764505585337], [25.691852052749965, 66.5874587353124], [25.692324347905178, 66.57849015154216]]]}, "properties": {"grid_id": "ETRS-TM35FIN-1km-N7385000-E442000", "northing_min": 7385000, "easting_min": 442000, "grid_size_m": 1000}}, {"type": "Feature", "geometry": {"type": "Polygon", "coordinates": [[[26.16450702879658, 66.61760108349597], [26.187085089246573, 66.61771952848495], [26.18679092018244, 66.62668950127293], [26.16420469170882, 66.62657100554293], [26.16450702879658, 66.61760108349597]]]}, "properties": {"grid_id": "ETRS-TM35FIN-1km-N7389000-E463000", "northing_min": 7389000, "easting_min": 463000, "grid_size_m": 1000}}, {"type": "Feature", "geometry": {"type": "Polygon", "coordinates": [[[25.756800088107564, 66.64182064392291], [25.779397362931412, 66.64199770271986], [25.77895516875106, 66.65096651427376], [25.756349712588374, 66.650789379575], [25.756800088107564, 66.64182064392291]]]}, "properties": {"grid_id": "ETRS-TM35FIN-1km-N7392000-E445000", "northing_min": 7392000, "easting_min": 445000, "grid_size_m": 1000}}, {"type": "Feature", "geometry": {"type": "Polygon", "coordinates": [[[27.520134053185895, 66.6548460171769], [27.54274735649027, 66.65476962214213], [27.542944112808957, 66.66374005296863], [27.520322612669624, 66.66381648077265], [27.520134053185895, 66.6548460171769]]]}, "properties": {"grid_id": "ETRS-TM35FIN-1km-N7393000-E523000", "northing_min": 7393000, "easting_min": 523000, "grid_size_m": 1000}}, {"type": "Feature", "geometry": {"type": "Polygon", "coordinates": [[[27.40780446232704, 66.7000321610248], [27.430459500571757, 66.69997188999002], [27.43061589006704, 66.7089424182474], [27.40795262163135, 66.70900271517422], [27.40780446232704, 66.7000321610248]]]}, "properties": {"grid_id": "ETRS-TM35FIN-1km-N7398000-E518000", "northing_min": 7398000, "easting_min": 518000, "grid_size_m": 1000}}, {"type": "Feature", "geometry": {"type": "Polygon", "coordinates": [[[24.156695539135296, 66.79160082599152], [24.17940795055103, 66.79200817268514], [24.178379066928674, 66.8009679751451], [24.155658397702968, 66.80056045313309], [24.156695539135296, 66.79160082599152]]]}, "properties": {"grid_id": "ETRS-TM35FIN-1km-N7411000-E375000", "northing_min": 7411000, "easting_min": 375000, "grid_size_m": 1000}}, {"type": "Feature", "geometry": {"type": "Polygon", "coordinates": [[[25.83664990290497, 66.86673168170614], [25.859455072412327, 66.8668975251384], [25.859037382845646, 66.87586633727825], [25.836223866193816, 66.87570042221616], [25.83664990290497, 66.86673168170614]]]}, "properties": {"grid_id": "ETRS-TM35FIN-1km-N7417000-E449000", "northing_min": 7417000, "easting_min": 449000, "grid_size_m": 1000}}, {"type": "Feature", "geometry": {"type": "Polygon", "coordinates": [[[25.127836079149233, 66.88686031579626], [25.150652621506104, 66.88712821539823], [25.149974765689677, 66.89609410775431], [25.127149872049117, 66.89582609240247], [25.127836079149233, 66.88686031579626]]]}, "properties": {"grid_id": "ETRS-TM35FIN-1km-N7420000-E418000", "northing_min": 7420000, "easting_min": 418000, "grid_size_m": 1000}}, {"type": "Feature", "geometry": {"type": "Polygon", "coordinates": [[[28.29013294050652, 67.10799481403328], [28.31316363678129, 67.10780709252926], [28.31365018169604, 67.11677505170641], [28.29061095806054, 67.11696285494864], [28.29013294050652, 67.10799481403328]]]}, "properties": {"grid_id": "ETRS-TM35FIN-1km-N7444000-E556000", "northing_min": 7444000, "easting_min": 556000, "grid_size_m": 1000}}, {"type": "Feature", "geometry": {"type": "Polygon", "coordinates": [[[27.161650837324572, 67.1669453237445], [27.184743675315524, 67.16692033275265], [27.184812328692107, 67.17589053546892], [27.161710909171845, 67.17591553736717], [27.161650837324572, 67.1669453237445]]]}, "properties": {"grid_id": "ETRS-TM35FIN-1km-N7450000-E507000", "northing_min": 7450000, "easting_min": 507000, "grid_size_m": 1000}}, {"type": "Feature", "geometry": {"type": "Polygon", "coordinates": [[[28.18374855840468, 67.28824997424202], [28.206953020744773, 67.28807735621047], [28.207404172975014, 67.29704547766858], [28.184191041926063, 67.29721817133127], [28.18374855840468, 67.28824997424202]]]}, "properties": {"grid_id": "ETRS-TM35FIN-1km-N7464000-E551000", "northing_min": 7464000, "easting_min": 551000, "grid_size_m": 1000}}, {"type": "Feature", "geometry": {"type": "Polygon", "coordinates": [[[26.579801389710504, 67.42661337958482], [26.60314504492957, 67.42667243632162], [26.602995680082937, 67.4356421780028], [26.57964323959309, 67.43558309526121], [26.579801389710504, 67.42661337958482]]]}, "properties": {"grid_id": "ETRS-TM35FIN-1km-N7479000-E482000", "northing_min": 7479000, "easting_min": 482000, "grid_size_m": 1000}}, {"type": "Feature", "geometry": {"type": "Polygon", "coordinates": [[[28.599708337815038, 67.60765358456273], [28.62322187096924, 67.60742036018246], [28.623838203778565, 67.61638651393015], [28.600315751956717, 67.61661984162295], [28.599708337815038, 67.60765358456273]]]}, "properties": {"grid_id": "ETRS-TM35FIN-1km-N7500000-E568000", "northing_min": 7500000, "easting_min": 568000, "grid_size_m": 1000}}, {"type": "Feature", "geometry": {"type": "Polygon", "coordinates": [[[24.151704900655144, 67.61748481033486], [24.175209012844324, 67.61789525391137], [24.174136182323743, 67.6268540925439], [24.150623172809528, 67.62644346723714], [24.151704900655144, 67.61748481033486]]]}, "properties": {"grid_id": "ETRS-TM35FIN-1km-N7503000-E379000", "northing_min": 7503000, "easting_min": 379000, "grid_size_m": 1000}}, {"type": "Feature", "geometry": {"type": "Polygon", "coordinates": [[[28.959372290314782, 67.97161919842556], [28.98324943914755, 67.97133318488005], [28.984016208059433, 67.98029716172293], [28.960129842278345, 67.98058330359929], [28.959372290314782, 67.97161919842556]]]}, "properties": {"grid_id": "ETRS-TM35FIN-1km-N7541000-E582000", "northing_min": 7541000, "easting_min": 582000, "grid_size_m": 1000}}, {"type": "Feature", "geometry": {"type": "Polygon", "coordinates": [[[24.050881853837932, 68.04663042600673], [24.074819525755277, 68.04705669103754], [24.0736845407798, 68.05601426751477], [24.04973761364103, 68.0555878108386], [24.050881853837932, 68.04663042600673]]]}, "properties": {"grid_id": "ETRS-TM35FIN-1km-N7551000-E377000", "northing_min": 7551000, "easting_min": 377000, "grid_size_m": 1000}}, {"type": "Feature", "geometry": {"type": "Polygon", "coordinates": [[[24.04973761364103, 68.0555878108386], [24.0736845407798, 68.05601426751477], [24.072548603894525, 68.06497182511359], [24.048592413810084, 68.06454517664358], [24.04973761364103, 68.0555878108386]]]}, "properties": {"grid_id": "ETRS-TM35FIN-1km-N7552000-E377000", "northing_min": 7552000, "easting_min": 377000, "grid_size_m": 1000}}, {"type": "Feature", "geometry": {"type": "Polygon", "coordinates": [[[23.850866465153132, 68.10578556491566], [23.874861134916532, 68.10624101170818], [23.873645019850304, 68.11519687066478], [23.84964105032976, 68.11474121870268], [23.850866465153132, 68.10578556491566]]]}, "properties": {"grid_id": "ETRS-TM35FIN-1km-N7558000-E369000", "northing_min": 7558000, "easting_min": 369000, "grid_size_m": 1000}}, {"type": "Feature", "geometry": {"type": "Polygon", "coordinates": [[[27.631741980791368, 68.35878731402919], [27.656037806586138, 68.35869362789927], [27.656296505205095, 68.36766196925002], [27.631991100301548, 68.36775569804006], [27.631741980791368, 68.35878731402919]]]}, "properties": {"grid_id": "ETRS-TM35FIN-1km-N7583000-E526000", "northing_min": 7583000, "easting_min": 526000, "grid_size_m": 1000}}, {"type": "Feature", "geometry": {"type": "Polygon", "coordinates": [[[22.921034945657784, 68.32804964799558], [22.945238787582397, 68.3286407710535], [22.943643594477408, 68.33758727160314], [22.91943029474129, 68.3369958803409], [22.921034945657784, 68.32804964799558]]]}, "properties": {"grid_id": "ETRS-TM35FIN-1km-N7585000-E332000", "northing_min": 7585000, "easting_min": 332000, "grid_size_m": 1000}}, {"type": "Feature", "geometry": {"type": "Polygon", "coordinates": [[[27.414706225496708, 68.4491579243314], [27.439099843309446, 68.44909577098451], [27.43927379763144, 68.45806433923202], [27.41487051670904, 68.45812652097717], [27.414706225496708, 68.4491579243314]]]}, "properties": {"grid_id": "ETRS-TM35FIN-1km-N7593000-E517000", "northing_min": 7593000, "easting_min": 517000, "grid_size_m": 1000}}, {"type": "Feature", "geometry": {"type": "Polygon", "coordinates": [[[26.825852006420213, 68.88904353436266], [26.85073017716847, 68.88906714740938], [26.85066968677563, 68.89803547742282], [26.825781434464535, 68.89801185340492], [26.825852006420213, 68.88904353436266]]]}, "properties": {"grid_id": "ETRS-TM35FIN-1km-N7642000-E493000", "northing_min": 7642000, "easting_min": 493000, "grid_size_m": 1000}}, {"type": "Feature", "geometry": {"type": "Polygon", "coordinates": [[[26.975030591669388, 68.96984561446965], [27.0, 68.96984743848587], [27.0, 68.97881571327557], [26.9750204304099, 68.97881388840919], [26.975030591669388, 68.96984561446965]]]}, "properties": {"grid_id": "ETRS-TM35FIN-1km-N7651000-E499000", "northing_min": 7651000, "easting_min": 499000, "grid_size_m": 1000}}, {"type": "Feature", "geometry": {"type": "Polygon", "coordinates": [[[27.226289205168385, 69.122157897804], [27.251432162989293, 69.12212296542764], [27.251535299778766, 69.13109099304756], [27.226382028611496, 69.13112594180215], [27.226289205168385, 69.122157897804]]]}, "properties": {"grid_id": "ETRS-TM35FIN-1km-N7668000-E509000", "northing_min": 7668000, "easting_min": 509000, "grid_size_m": 1000}}, {"type": "Feature", "geometry": {"type": "Polygon", "coordinates": [[[20.802127289007416, 69.04615611604999], [20.8270380728753, 69.04705850785653], [20.824520739069783, 69.05597467495122], [20.799599955345748, 69.05507186375701], [20.802127289007416, 69.04615611604999]]]}, "properties": {"grid_id": "ETRS-TM35FIN-1km-N7672000-E253000", "northing_min": 7672000, "easting_min": 253000, "grid_size_m": 1000}}, {"type": "Feature", "geometry": {"type": "Polygon", "coordinates": [[[27.204077861808784, 69.43606558436454], [27.22958735253706, 69.43603380885985], [27.22968310029376, 69.44500152243297], [27.20416297120688, 69.44503331302249], [27.204077861808784, 69.43606558436454]]]}, "properties": {"grid_id": "ETRS-TM35FIN-1km-N7703000-E508000", "northing_min": 7703000, "easting_min": 508000, "grid_size_m": 1000}}, {"type": "Feature", "geometry": {"type": "Polygon", "coordinates": [[[27.077270814630733, 69.64242491531617], [27.103027707196425, 69.64241168701203], [27.10307114925722, 69.65137924443425], [27.077303396221513, 69.65139247907092], [27.077270814630733, 69.64242491531617]]]}, "properties": {"grid_id": "ETRS-TM35FIN-1km-N7726000-E503000", "northing_min": 7726000, "easting_min": 503000, "grid_size_m": 1000}}, {"type": "Feature", "geometry": {"type": "Polygon", "coordinates": [[[27.078194333941738, 69.89351321451225], [27.104259064550064, 69.89349980685375], [27.104303623378232, 69.90246710636352], [27.078227753110347, 69.9024805205069], [27.078194333941738, 69.89351321451225]]]}, "properties": {"grid_id": "ETRS-TM35FIN-1km-N7754000-E503000", "northing_min": 7754000, "easting_min": 503000, "grid_size_m": 1000}}]}