sample_group	scientific_name	event_year	day_of_year	Has Boletus edulis	predicted_probability
other_agaricoid	Russula paludosa	2025	249	0	0.70871299
other_agaricoid	Pluteus petasatus	2024	257	0	0.76170720
other_agaricoid	Lactarius turpis	2023	252	0	0.77947151
other_agaricoid	Phlegmacium spadicellum	2016	247	0	0.67780751
other_agaricoid	Coprinellus disseminatus	2022	282	0	0.35749112
other_agaricoid	Hygrocybe reidii	2024	289	0	0.48037064
other_agaricoid	Mycena haematopus	2025	249	0	0.69300534
other_agaricoid	Lactarius scrobiculatus	2025	249	0	0.69300534
other_agaricoid	Amanita muscaria	2020	276	0	0.66296777
other_agaricoid	Stropharia aeruginosa	2020	276	0	0.66296777
other_agaricoid	Gymnopilus penetrans	2020	276	0	0.66296777
boletus_edulis	Boletus edulis	2022	276	1	0.30995146
other_agaricoid	Coprinus comatus	2025	249	0	0.54905960
other_agaricoid	Pleurotus ostreatus	2025	257	0	0.79038935
other_agaricoid	Lactarius rufus	2025	257	0	0.78039769
other_agaricoid	Russula sanguinea	2023	255	0	0.70720703
other_agaricoid	Apioperdon pyriforme	2025	251	0	0.78521811
other_agaricoid	Bolbitius titubans	2014	181	0	0.15982233
other_agaricoid	Coprinopsis nivea	2024	248	0	0.63152339
other_agaricoid	Tubaria furfuracea	2026	109	0	0.00271518
other_agaricoid	Tricholoma terreum	2021	254	0	0.37661791
other_agaricoid	Entoloma nitidum	2025	249	0	0.59764612
other_agaricoid	Fistulina hepatica	2025	249	0	0.59764612
other_agaricoid	Lycoperdon perlatum	2021	254	0	0.37661791
other_agaricoid	Galerina marginata	2021	254	0	0.36619252
other_agaricoid	Lactarius quietus	2025	249	0	0.59652089
other_agaricoid	Apioperdon pyriforme	2021	254	0	0.36619252
other_agaricoid	Hygrocybe chlorophana	2025	249	0	0.59652089
other_agaricoid	Atheniella flavoalba	2021	254	0	0.36619252
other_agaricoid	Lycoperdon perlatum	2025	249	0	0.59652089
other_agaricoid	Lycoperdon perlatum	2025	249	0	0.59652089
other_agaricoid	Cortinarius sanguineus	2025	249	0	0.59652089
other_agaricoid	Amanita fulva	2025	249	0	0.59652089
other_agaricoid	Amanita virosa	2025	249	0	0.59652089
other_agaricoid	Lactarius pyrogalus	2025	249	0	0.59652089
other_agaricoid	Amanita muscaria	2025	249	0	0.59652089
other_agaricoid	Amanita muscaria	2025	249	0	0.59652089
other_agaricoid	Lactarius deterrimus	2025	249	0	0.59652089
other_agaricoid	Amanita fulva	2020	276	0	0.82890017
other_agaricoid	Pleurotus pulmonarius	2015	195	0	0.41588088
other_agaricoid	Clitopilus hobsonii	2015	267	0	0.53443030
other_agaricoid	Agaricus arvensis	2025	243	0	0.58411763
other_agaricoid	Hypholoma fasciculare	2025	361	0	0.06507252
other_agaricoid	Panellus stipticus	2015	267	0	0.53443030
other_agaricoid	Neohygrocybe nitrata	2024	258	0	0.68346946
other_agaricoid	Entoloma atrocoeruleum	2024	258	0	0.68346946
other_agaricoid	Gliophorus psittacinus	2024	258	0	0.68346946
other_agaricoid	Hygrocybe coccinea	2024	258	0	0.68346946
other_agaricoid	Entoloma serrulatum	2025	242	0	0.68322533
other_agaricoid	Lactarius torminosus	2025	251	0	0.83128699
other_agaricoid	Armillaria borealis	2025	248	0	0.58127754
other_agaricoid	Hygrocybe coccinea	2025	298	0	0.14163393
other_agaricoid	Lactarius torminosus	2025	251	0	0.83395816
other_agaricoid	Russula aeruginea	2025	236	0	0.70154898
other_agaricoid	Russula betularum	2025	236	0	0.70154898
other_agaricoid	Phaeolepiota aurea	2025	262	0	0.70650019
other_agaricoid	Armillaria borealis	2025	251	0	0.83128699
boletus_edulis	Boletus edulis	2025	236	1	0.68943776
other_agaricoid	Hebeloma crustuliniforme	2025	251	0	0.83128699
other_agaricoid	Russula integra	2025	247	0	0.60384371
other_agaricoid	Amanita citrina	2025	265	0	0.74228505
other_agaricoid	Armillaria borealis	2025	251	0	0.83128699
other_agaricoid	Russula integra	2025	244	0	0.65380101
other_agaricoid	Amanita muscaria	2024	256	0	0.65105635
other_agaricoid	Cortinarius violaceus	2025	249	0	0.52954610
other_agaricoid	Marasmius rotula	2025	213	0	0.86464139
other_agaricoid	Amanita phalloides	2016	247	0	0.74453181
other_agaricoid	Amanita phalloides	2025	262	0	0.81867808
other_agaricoid	Coprinopsis atramentaria	2023	255	0	0.61825177
other_agaricoid	Lycoperdon perlatum	2024	293	0	0.21902638
other_agaricoid	Lycoperdon echinatum	2021	273	0	0.37959308
other_agaricoid	Lactarius deliciosus	2025	253	0	0.85052088
other_agaricoid	Gymnopilus penetrans	2025	299	0	0.24728216
other_agaricoid	Tricholomopsis rutilans	2024	217	0	0.76077131
other_agaricoid	Macrolepiota procera	2025	271	0	0.64041055
other_agaricoid	Amanita pantherina	2026	207	0	0.61161801
other_agaricoid	Coprinus comatus	2024	273	0	0.56833283
other_agaricoid	Clitopilus prunulus	2020	255	0	0.82839957
other_agaricoid	Lactarius pubescens	2023	251	0	0.76684696
other_agaricoid	Entoloma clypeatum	2017	147	0	0.02927544
other_agaricoid	Macrolepiota procera	2025	244	0	0.81431295
boletus_edulis	Boletus edulis	2025	277	1	0.73960723
other_agaricoid	Cortinarius trivialis	2023	228	0	0.22120455
other_agaricoid	Cortinarius delibutus	2023	228	0	0.22120455
other_agaricoid	Cortinarius lepidopus	2023	228	0	0.22120455
other_agaricoid	Russula rivulicola	2023	228	0	0.21995164
other_agaricoid	Russula consobrina	2023	228	0	0.21995164
other_agaricoid	Russula versicolor	2023	228	0	0.21995164
other_agaricoid	Russula atroglauca	2025	232	0	0.35784161
other_agaricoid	Russula gracillima	2025	232	0	0.35784161
other_agaricoid	Russula claroflava	2026	211	0	0.17381866
other_agaricoid	Russula dryadicola	2025	225	0	0.43653607
other_agaricoid	Arrhenia lobata	2026	173	0	0.03487022
other_agaricoid	Agaricus augustus	2025	184	0	0.42940964
boletus_edulis	Boletus edulis	2025	230	1	0.48211378
other_agaricoid	Russula dryadicola	2025	230	0	0.48211378
other_agaricoid	Lycoperdon norvegicum	2014	236	0	0.35535758
other_agaricoid	Agaricus essettei	2013	208	0	0.18635707
other_agaricoid	Laccaria pumila	2009	237	0	0.20781672
boletus_edulis	Boletus edulis	2025	230	1	0.48211378
other_agaricoid	Lactarius trivialis	2025	230	0	0.48211378
other_agaricoid	Melanoleuca cognata	2025	230	0	0.48211378
other_agaricoid	Russula aeruginea	2024	212	0	0.36453325
other_agaricoid	Cortinarius caperatus	2024	215	0	0.47392847
other_agaricoid	Bovista nigrescens	2024	215	0	0.39540680
other_agaricoid	Kuehneromyces lignicola	2024	173	0	0.13039168
other_agaricoid	Neolentinus lepideus	2021	177	0	0.05968956
other_agaricoid	Cortinarius balaustinus	2023	226	0	0.24066579
other_agaricoid	Russula atroglauca	2025	233	0	0.27360842
other_agaricoid	Russula saliceticola	2025	233	0	0.27360842
other_agaricoid	Lactarius torminosulus	2025	233	0	0.27360842
other_agaricoid	Lactarius salicis-herbaceae	2025	233	0	0.27360842
other_agaricoid	Russula violaceoincarnata	2025	233	0	0.27360842
other_agaricoid	Russula decolorans	2023	226	0	0.24066579
other_agaricoid	Cortinarius pardinipes	2023	226	0	0.24066579
other_agaricoid	Lactarius torminosulus	2020	239	0	0.24349832
other_agaricoid	Lactarius sphagneti	2020	239	0	0.24349832
other_agaricoid	Russula decolorans	2020	239	0	0.24349832
other_agaricoid	Russula rivulicola	2020	239	0	0.24349832
other_agaricoid	Lactarius rufus	2020	239	0	0.24349832
other_agaricoid	Lactarius torminosus	2020	239	0	0.24349832
other_agaricoid	Lactarius uvidus	2020	239	0	0.24349832
other_agaricoid	Russula claroflava	2020	239	0	0.24349832
other_agaricoid	Lactarius glyciosmus	2020	239	0	0.24349832
other_agaricoid	Lactarius brunneoviolaceus	2018	231	0	0.36132217
other_agaricoid	Lactarius trivialis	2018	231	0	0.36132217
other_agaricoid	Lactarius torminosulus	2025	228	0	0.47169437
other_agaricoid	Amanita nivalis	2025	228	0	0.47169437
other_agaricoid	Lactarius subcircellatus	2022	222	0	0.19656040
other_agaricoid	Lactarius torminosulus	2011	232	0	0.25876429
other_agaricoid	Lactarius vietus	2023	225	0	0.23027610
other_agaricoid	Lactarius rufus	2023	225	0	0.23027610
other_agaricoid	Cortinarius jonimitchelliae	2023	225	0	0.23027610
other_agaricoid	Cortinarius delibutus	2023	225	0	0.23027610
other_agaricoid	Lactarius torminosulus	2023	225	0	0.23027610
other_agaricoid	Lactarius pilatii	2023	225	0	0.23027610
other_agaricoid	Entoloma rubrobasis	2023	226	0	0.22015538
other_agaricoid	Entoloma querquedula	2023	226	0	0.22015538
other_agaricoid	Cortinarius betulinus	2024	228	0	0.62863401
other_agaricoid	Russula intermedia	2024	228	0	0.62863401
other_agaricoid	Amanita vaginata	2024	228	0	0.62863401
other_agaricoid	Amanita vaginata	2024	228	0	0.62863401
other_agaricoid	Cortinarius decipiens	2024	228	0	0.62863401
other_agaricoid	Cortinarius delibutus	2024	228	0	0.62863401
other_agaricoid	Russula versicolor	2024	228	0	0.62863401
other_agaricoid	Lactarius tabidus	2024	228	0	0.62863401
other_agaricoid	Russula intermedia	2024	228	0	0.62863401
other_agaricoid	Russula atroglauca	2025	231	0	0.46522279
other_agaricoid	Lactarius nanus	2022	223	0	0.17107985
other_agaricoid	Lepiota magnispora	2023	226	0	0.20945429
other_agaricoid	Cortinarius croceus	2023	226	0	0.22015538
other_agaricoid	Inosperma calamistratum	2023	226	0	0.22015538
other_agaricoid	Russula gracillima	2020	237	0	0.28135880
other_agaricoid	Lactarius salicis-reticulatae	2020	237	0	0.28135880
other_agaricoid	Lactarius brunneoviolaceus	2020	237	0	0.28135880
other_agaricoid	Russula nuoljae	2020	237	0	0.28135880
other_agaricoid	Lactarius dryadophilus	2022	223	0	0.15925980
other_agaricoid	Hygrocybe conica	2023	227	0	0.19719338
other_agaricoid	Cortinarius septentrionalis	2025	225	0	0.37008026
other_agaricoid	Macrolepiota procera	2015	226	0	0.83463058
other_agaricoid	Hygrocybe conica	2024	226	0	0.56365316
other_agaricoid	Russula paludosa	2023	247	0	0.90468487
boletus_edulis	Boletus edulis	2020	205	1	0.82392847
other_agaricoid	Amanita fulva	2021	229	0	0.82910589
boletus_edulis	Boletus edulis	2017	253	1	0.62080440
boletus_edulis	Boletus edulis	2020	270	1	0.74442930
other_agaricoid	Russula adusta	2022	220	0	0.78777947
other_agaricoid	Tricholomopsis rutilans	2013	257	0	0.68426697
boletus_edulis	Boletus edulis	2025	242	1	0.83091434
boletus_edulis	Boletus edulis	2025	236	1	0.84945303
boletus_edulis	Boletus edulis	2019	282	1	0.36178403
boletus_edulis	Boletus edulis	2023	255	1	0.84211008
boletus_edulis	Boletus edulis	2016	253	1	0.81122008
other_agaricoid	Baeospora myosura	2013	253	0	0.90395494
other_agaricoid	Gymnopus acervatus	2013	253	0	0.90066766
boletus_edulis	Boletus edulis	2022	254	1	0.90163757
boletus_edulis	Boletus edulis	2025	249	1	0.77095907
other_agaricoid	Lepiota clypeolaria	2023	279	0	0.72373365
boletus_edulis	Boletus edulis	2025	249	1	0.52828961
boletus_edulis	Boletus edulis	2024	231	1	0.88056152
boletus_edulis	Boletus edulis	2020	222	1	0.74962153
boletus_edulis	Boletus edulis	2022	255	1	0.74919085
other_agaricoid	Russula paludosa	2025	248	0	0.84243694
boletus_edulis	Boletus edulis	2013	275	1	0.23129455
other_agaricoid	Lactarius tabidus	2013	275	0	0.23129455
other_agaricoid	Mycena haematopus	2013	275	0	0.23129455
other_agaricoid	Laccaria chibinensis	2016	235	0	0.16830699
other_agaricoid	Clitocybe odora	2019	272	0	0.66240121
boletus_edulis	Boletus edulis	2023	245	1	0.89089913
boletus_edulis	Boletus edulis	2023	245	1	0.88985201
other_agaricoid	Cantharellula umbonata	2024	291	0	0.18488479
other_agaricoid	Radulomyces confluens	2019	272	0	0.63755367
other_agaricoid	Lactarius helvus	2023	256	0	0.71445105
other_agaricoid	Kuehneromyces mutabilis	2024	223	0	0.90825238
other_agaricoid	Armillaria borealis	2014	255	0	0.75243994
boletus_edulis	Boletus edulis	2021	230	1	0.82702139
other_agaricoid	Russula pubescens	2022	231	0	0.84982812
other_agaricoid	Mycena haematopus	2019	270	0	0.64103681
other_agaricoid	Phyllotopsis nidulans	2019	270	0	0.64103681
other_agaricoid	Mycena haematopus	2019	270	0	0.64103681
boletus_edulis	Boletus edulis	2019	270	1	0.64103681
other_agaricoid	Amanita muscaria	2022	268	0	0.29273695
boletus_edulis	Boletus edulis	2023	238	1	0.86147321
boletus_edulis	Boletus edulis	2024	265	1	0.65411781
boletus_edulis	Boletus edulis	2023	258	1	0.67002727
boletus_edulis	Boletus edulis	2024	234	1	0.75955288
other_agaricoid	Tricholoma virgatum	2020	271	0	0.80590427
other_agaricoid	Sarcomyxa serotina	2023	59	0	0.00006737
boletus_edulis	Boletus edulis	2024	225	1	0.90257418
other_agaricoid	Xeromphalina cornui	2019	271	0	0.58959634
other_agaricoid	Galerina badipes	2019	270	0	0.58536998
boletus_edulis	Boletus edulis	2019	270	1	0.58536998
other_agaricoid	Tricholoma equestre	2019	270	0	0.58536998
boletus_edulis	Boletus edulis	2019	270	1	0.56463114
other_agaricoid	Hygrophorus exiguus	2019	270	0	0.56463114
boletus_edulis	Boletus edulis	2026	235	1	0.66509725
boletus_edulis	Boletus edulis	2020	210	1	0.67165436
boletus_edulis	Boletus edulis	2023	241	1	0.85078032
other_agaricoid	Lactarius rufus	2026	241	0	0.63868066
other_agaricoid	Stropharia aeruginosa	2020	274	0	0.57757296
boletus_edulis	Boletus edulis	2013	243	1	0.78805950
other_agaricoid	Pholiota flammans	2024	247	0	0.80188090
boletus_edulis	Boletus edulis	2018	266	1	0.61154620
other_agaricoid	Lactarius torminosus	2018	266	0	0.61154620
other_agaricoid	Macrotyphula fistulosa	2019	288	0	0.07501728
other_agaricoid	Mycena viridimarginata	2023	187	0	0.50433376
other_agaricoid	Pleurotus pulmonarius	2023	187	0	0.45312920
other_agaricoid	Amanita regalis	2022	224	0	0.72365627
other_agaricoid	Xeromphalina campanella	2024	143	0	0.00990414
other_agaricoid	Mycena picta	2025	221	0	0.87451843
other_agaricoid	Russula paludosa	2023	266	0	0.49853059
boletus_edulis	Boletus edulis	2017	234	1	0.77442849
other_agaricoid	Mycena citrinomarginata	2017	234	0	0.77442849
other_agaricoid	Inocybe rivularis	2017	234	0	0.77442849
boletus_edulis	Boletus edulis	2025	245	1	0.63115620
other_agaricoid	Aphanobasidium pseudotsugae	2025	171	0	0.16956238
other_agaricoid	Russula vesca	2024	228	0	0.91034023
boletus_edulis	Boletus edulis	2021	239	1	0.69544868
other_agaricoid	Bolbitius reticulatus	2019	285	0	0.31752038
other_agaricoid	Lactarius camphoratus	2024	226	0	0.91519695
other_agaricoid	Laccaria bicolor	2023	223	0	0.68489679
boletus_edulis	Boletus edulis	2023	223	1	0.70047228
other_agaricoid	Lycoperdon perlatum	2013	265	0	0.58752024
other_agaricoid	Lactarius camphoratus	2023	272	0	0.66293788
other_agaricoid	Lentinus ciliatus	2025	231	0	0.84235121
other_agaricoid	Lactarius camphoratus	2023	251	0	0.68914683
other_agaricoid	Mycena silvae-nigrae	2023	177	0	0.29314315
other_agaricoid	Lactarius lignyotus	2023	272	0	0.66293788
other_agaricoid	Lactarius tabidus	2023	231	0	0.66372926
other_agaricoid	Baeospora myosura	2023	274	0	0.64756476
boletus_edulis	Boletus edulis	2023	228	1	0.80080768
boletus_edulis	Boletus edulis	2023	217	1	0.76210579
boletus_edulis	Boletus edulis	2023	228	1	0.80080768
boletus_edulis	Boletus edulis	2023	228	1	0.80080768
other_agaricoid	Entoloma cetratum	2023	175	0	0.28324219
boletus_edulis	Boletus edulis	2023	220	1	0.67120682
other_agaricoid	Kuehneromyces mutabilis	2024	176	0	0.45326403
boletus_edulis	Boletus edulis	2024	244	1	0.86736193
boletus_edulis	Boletus edulis	2023	228	1	0.80080768
other_agaricoid	Lactarius lignyotus	2023	272	0	0.66584494
boletus_edulis	Boletus edulis	2026	236	1	0.58032456
other_agaricoid	Gomphidius glutinosus	2020	209	0	0.76804746
boletus_edulis	Boletus edulis	2019	284	1	0.08453719
other_agaricoid	Coprinopsis atramentaria	2025	247	0	0.63637399
other_agaricoid	Lactarius camphoratus	2023	251	0	0.69147273
boletus_edulis	Boletus edulis	2023	248	1	0.80697849
other_agaricoid	Russula foetens	2023	248	0	0.80697849
other_agaricoid	Chondrostereum purpureum	2023	363	0	0.00036539
boletus_edulis	Boletus edulis	2024	238	1	0.70564715
boletus_edulis	Boletus edulis	2019	275	1	0.25213851
other_agaricoid	Infundibulicybe gibba	2019	258	0	0.73723415
other_agaricoid	Baeospora myosura	2026	243	0	0.59650529
boletus_edulis	Boletus edulis	2022	219	1	0.81082035
other_agaricoid	Amanita muscaria	2025	255	0	0.70898097
boletus_edulis	Boletus edulis	2019	275	1	0.25831481
other_agaricoid	Leucocybe connata	2020	281	0	0.54482692
other_agaricoid	Phyllotopsis nidulans	2020	7	0	0.00015995
boletus_edulis	Boletus edulis	2023	242	1	0.84963215
boletus_edulis	Boletus edulis	2020	270	1	0.51234777
other_agaricoid	Clitopilus prunulus	2020	277	0	0.58009624
boletus_edulis	Boletus edulis	2020	270	1	0.51234777
boletus_edulis	Boletus edulis	2022	259	1	0.56588473
boletus_edulis	Boletus edulis	2019	272	1	0.23426580
boletus_edulis	Boletus edulis	2020	270	1	0.51234777
other_agaricoid	Chlorophyllum olivieri	2022	273	0	0.22842575
other_agaricoid	Sarcomyxa serotina	2022	287	0	0.19125255
other_agaricoid	Tricholoma stiparophyllum	2022	287	0	0.19125255
other_agaricoid	Phyllotopsis nidulans	2025	79	0	0.00024096
boletus_edulis	Boletus edulis	2019	271	1	0.38934655
boletus_edulis	Boletus edulis	2025	252	1	0.71497231
other_agaricoid	Chlorophyllum olivieri	2025	252	0	0.71497231
other_agaricoid	Gymnopus acervatus	2013	273	0	0.21311210
other_agaricoid	Phaeomarasmius erinaceus	2026	195	0	0.40925521
boletus_edulis	Boletus edulis	2025	270	1	0.64617426
other_agaricoid	Lentinus brumalis	2025	302	0	0.21267070
other_agaricoid	Lactarius trivialis	2020	245	0	0.39882106
boletus_edulis	Boletus edulis	2018	264	1	0.53900841
boletus_edulis	Boletus edulis	2018	247	1	0.76999718
other_agaricoid	Marasmius cohaerens	2019	257	0	0.68216034
other_agaricoid	Cantharellula umbonata	2020	276	0	0.70691544
other_agaricoid	Lentinellus castoreus	2026	88	0	0.00160346
boletus_edulis	Boletus edulis	2024	270	1	0.41725635
other_agaricoid	Atheniella flavoalba	2025	256	0	0.67695011
other_agaricoid	Lactarius flexuosus	2020	250	0	0.41431420
other_agaricoid	Cortinarius bolaris	2020	255	0	0.55096084
other_agaricoid	Cortinarius alboviolaceus	2021	270	0	0.13714698
boletus_edulis	Boletus edulis	2020	262	1	0.30982359
boletus_edulis	Boletus edulis	2024	258	1	0.83877053
boletus_edulis	Boletus edulis	2026	200	1	0.74782948
boletus_edulis	Boletus edulis	2026	219	1	0.65314739
boletus_edulis	Boletus edulis	2020	212	1	0.56429141
boletus_edulis	Boletus edulis	2020	212	1	0.56429141
boletus_edulis	Boletus edulis	2021	220	1	0.61931414
other_agaricoid	Pluteus leoninus	2022	252	0	0.56957297
boletus_edulis	Boletus edulis	2025	240	1	0.74205598
boletus_edulis	Boletus edulis	2025	244	1	0.85937012
other_agaricoid	Mycena galericulata	2022	282	0	0.22846167
other_agaricoid	Russula decolorans	2021	254	0	0.43463920
other_agaricoid	Strobilurus esculentus	2022	125	0	0.00130013
boletus_edulis	Boletus edulis	2018	262	1	0.52815428
boletus_edulis	Boletus edulis	2012	258	1	0.51059880
other_agaricoid	Xeromphalina campanella	2026	91	0	0.00246151
other_agaricoid	Mycena galericulata	2025	265	0	0.64550658
other_agaricoid	Gymnopilus penetrans	2024	205	0	0.75853664
other_agaricoid	Hygrophorus hypothejus	2025	280	0	0.26944642
boletus_edulis	Boletus edulis	2018	259	1	0.44242448
other_agaricoid	Cortinarius caperatus	2018	259	0	0.44242448
boletus_edulis	Boletus edulis	2021	246	1	0.82269037
other_agaricoid	Tricholoma vaccinum	2020	259	0	0.35863635
other_agaricoid	Russula paludosa	2018	256	0	0.70205918
boletus_edulis	Boletus edulis	2024	232	1	0.89555115
other_agaricoid	Pholiota limonella	2023	288	0	0.63667276
other_agaricoid	Lacrymaria lacrymabunda	2025	240	0	0.46114498
other_agaricoid	Tricholoma portentosum	2021	261	0	0.30435468
other_agaricoid	Lactarius torminosus	2021	261	0	0.30435468
boletus_edulis	Boletus edulis	2014	250	1	0.75346623
other_agaricoid	Lactarius aurantiacus	2017	297	0	0.20966127
other_agaricoid	Amanita virosa	2021	270	0	0.07949956
boletus_edulis	Boletus edulis	2023	245	1	0.90612983
boletus_edulis	Boletus edulis	2014	250	1	0.72367452
boletus_edulis	Boletus edulis	2023	243	1	0.89492206
boletus_edulis	Boletus edulis	2014	235	1	0.88176252
boletus_edulis	Boletus edulis	2024	262	1	0.52992050
boletus_edulis	Boletus edulis	2024	262	1	0.52992050
boletus_edulis	Boletus edulis	2024	262	1	0.52992050
other_agaricoid	Lentinus ciliatus	2018	139	0	0.02035786
boletus_edulis	Boletus edulis	2018	248	1	0.65268148
boletus_edulis	Boletus edulis	2026	231	1	0.37652463
other_agaricoid	Kuehneromyces mutabilis	2021	247	0	0.56598931
boletus_edulis	Boletus edulis	2020	277	1	0.49097591
boletus_edulis	Boletus edulis	2020	231	1	0.41803535
boletus_edulis	Boletus edulis	2020	271	1	0.42594196
boletus_edulis	Boletus edulis	2022	223	1	0.41379685
boletus_edulis	Boletus edulis	2020	277	1	0.51770406
boletus_edulis	Boletus edulis	2018	273	1	0.41137521
boletus_edulis	Boletus edulis	2017	241	1	0.72278554
boletus_edulis	Boletus edulis	2017	241	1	0.72278554
boletus_edulis	Boletus edulis	2026	235	1	0.51407262
boletus_edulis	Boletus edulis	2017	247	1	0.73993140
boletus_edulis	Boletus edulis	2020	257	1	0.87707508
boletus_edulis	Boletus edulis	2026	206	1	0.67705752
boletus_edulis	Boletus edulis	2015	209	1	0.62216270
boletus_edulis	Boletus edulis	2011	187	1	0.83062877
boletus_edulis	Boletus edulis	2021	271	1	0.15009694
other_agaricoid	Tricholomopsis rutilans	2013	279	0	0.12037172
other_agaricoid	Russula claroflava	2024	205	0	0.83544644
boletus_edulis	Boletus edulis	2018	271	1	0.62059204
other_agaricoid	Tricholomopsis rutilans	2025	310	0	0.25350582
other_agaricoid	Russula nigricans	2023	245	0	0.88114400
boletus_edulis	Boletus edulis	2026	241	1	0.55842923
boletus_edulis	Boletus edulis	2021	239	1	0.65673778
boletus_edulis	Boletus edulis	2021	229	1	0.75743246
boletus_edulis	Boletus edulis	2024	271	1	0.45168763
other_agaricoid	Clitocybe odora	2019	264	0	0.15811398
other_agaricoid	Gymnopus confluens	2019	264	0	0.15811398
other_agaricoid	Amanita muscaria	2018	252	0	0.77735667
other_agaricoid	Amanita muscaria	2022	228	0	0.12176534
other_agaricoid	Cantharellula umbonata	2019	264	0	0.15811398
other_agaricoid	Cortinarius armillatus	2019	264	0	0.15811398
other_agaricoid	Mycena rosella	2019	264	0	0.15811398
boletus_edulis	Boletus edulis	2021	235	1	0.70045375
other_agaricoid	Entoloma clypeatum	2019	156	0	0.09501621
boletus_edulis	Boletus edulis	2010	280	1	0.33091786
boletus_edulis	Boletus edulis	2023	214	1	0.63583898
boletus_edulis	Boletus edulis	2025	234	1	0.64340733
other_agaricoid	Lactarius quietus	2023	259	0	0.66170929
other_agaricoid	Russula claroflava	2024	185	0	0.60454765
other_agaricoid	Entoloma sinuatum	2017	253	0	0.55397967
boletus_edulis	Boletus edulis	2019	264	1	0.14865199
boletus_edulis	Boletus edulis	2019	247	1	0.86376933
boletus_edulis	Boletus edulis	2017	247	1	0.66746675
other_agaricoid	Lactifluus volemus	2025	214	0	0.92103870
boletus_edulis	Boletus edulis	2021	233	1	0.82275389
boletus_edulis	Boletus edulis	2017	247	1	0.66746675
boletus_edulis	Boletus edulis	2017	242	1	0.57873154
boletus_edulis	Boletus edulis	2010	280	1	0.33850115
boletus_edulis	Boletus edulis	2010	298	1	0.03660911
boletus_edulis	Boletus edulis	2009	240	1	0.67233213
boletus_edulis	Boletus edulis	2010	296	1	0.04419238
boletus_edulis	Boletus edulis	2012	280	1	0.53131000
other_agaricoid	Lactifluus volemus	2011	232	0	0.89361212
boletus_edulis	Boletus edulis	2024	262	1	0.78463123
boletus_edulis	Boletus edulis	2018	280	1	0.27363167
other_agaricoid	Phlegmacium triumphans	2011	261	0	0.46167167
boletus_edulis	Boletus edulis	2012	305	1	0.01022674
boletus_edulis	Boletus edulis	2023	221	1	0.74349540
other_agaricoid	Phlegmacium triumphans	2020	262	0	0.34370771
boletus_edulis	Boletus edulis	2012	246	1	0.79378568
boletus_edulis	Boletus edulis	2014	256	1	0.69223208
boletus_edulis	Boletus edulis	2017	236	1	0.68932964
boletus_edulis	Boletus edulis	2017	261	1	0.26513282
boletus_edulis	Boletus edulis	2017	293	1	0.11001782
boletus_edulis	Boletus edulis	2017	271	1	0.55708672
boletus_edulis	Boletus edulis	2017	284	1	0.32005087
boletus_edulis	Boletus edulis	2021	235	1	0.75731454
boletus_edulis	Boletus edulis	2023	217	1	0.83386330
other_agaricoid	Lepista nuda	2014	260	0	0.44208986
boletus_edulis	Boletus edulis	2023	248	1	0.88695338
other_agaricoid	Amanita crocea	2023	248	0	0.88695338
boletus_edulis	Boletus edulis	2023	239	1	0.82482976
other_agaricoid	Lactarius lignyotus	2023	238	0	0.80187939
boletus_edulis	Boletus edulis	2021	234	1	0.70732362
boletus_edulis	Boletus edulis	2023	282	1	0.37781738
other_agaricoid	Amanita fulva	2026	205	0	0.52002887
boletus_edulis	Boletus edulis	2018	283	1	0.13056702
boletus_edulis	Boletus edulis	2023	239	1	0.84858059
other_agaricoid	Amanita virosa	2010	231	0	0.84032901
boletus_edulis	Boletus edulis	2016	196	1	0.48305782
boletus_edulis	Boletus edulis	2023	252	1	0.68288445
other_agaricoid	Chondrostereum purpureum	2026	223	0	0.75942530
boletus_edulis	Boletus edulis	2025	243	1	0.67112217
boletus_edulis	Boletus edulis	2012	192	1	0.44417837
boletus_edulis	Boletus edulis	2011	205	1	0.86741115
other_agaricoid	Sarcomyxa serotina	2025	318	0	0.09925127
boletus_edulis	Boletus edulis	2025	228	1	0.82739641
boletus_edulis	Boletus edulis	2026	232	1	0.35202246
other_agaricoid	Bovista paludosa	2015	216	0	0.17997062
boletus_edulis	Boletus edulis	2025	236	1	0.69194911
other_agaricoid	Cortinarius armillatus	2025	250	0	0.74037789
boletus_edulis	Boletus edulis	2022	261	1	0.52358024
other_agaricoid	Hebeloma eburneum	2019	274	0	0.37179299
other_agaricoid	Phlegmacium triumphans	2020	260	0	0.60358505
boletus_edulis	Boletus edulis	2019	237	1	0.73225825
boletus_edulis	Boletus edulis	2023	255	1	0.72185258
other_agaricoid	Galerina sideroides	2020	313	0	0.10426753
other_agaricoid	Gymnopilus penetrans	2025	312	0	0.18746564
boletus_edulis	Boletus edulis	2020	270	1	0.43892992
boletus_edulis	Boletus edulis	2021	244	1	0.78671451
other_agaricoid	Pholiota lenta	2020	287	0	0.43559970
boletus_edulis	Boletus edulis	2021	239	1	0.74957658
boletus_edulis	Boletus edulis	2024	273	1	0.51731149
boletus_edulis	Boletus edulis	2023	249	1	0.81397132
boletus_edulis	Boletus edulis	2023	224	1	0.67769384
boletus_edulis	Boletus edulis	2023	224	1	0.67769384
boletus_edulis	Boletus edulis	2025	245	1	0.52603538
boletus_edulis	Boletus edulis	2026	219	1	0.75696051
boletus_edulis	Boletus edulis	2021	240	1	0.73347216
other_agaricoid	Amanita muscaria	2021	240	0	0.73347216
other_agaricoid	Baeospora myosura	2023	248	0	0.85131162
boletus_edulis	Boletus edulis	2024	263	1	0.61537451
boletus_edulis	Boletus edulis	2022	258	1	0.56204616
boletus_edulis	Boletus edulis	2021	227	1	0.83798864
other_agaricoid	Lactarius flexuosus	2025	242	0	0.59179427
other_agaricoid	Amanita muscaria	2021	246	0	0.40071042
boletus_edulis	Boletus edulis	2025	246	1	0.48569276
boletus_edulis	Boletus edulis	2025	305	1	0.17345499
other_agaricoid	Infundibulicybe gibba	2026	193	0	0.52756327
boletus_edulis	Boletus edulis	2023	247	1	0.84616267
boletus_edulis	Boletus edulis	2021	228	1	0.84166878
boletus_edulis	Boletus edulis	2025	264	1	0.70896924
boletus_edulis	Boletus edulis	2025	249	1	0.81338351
boletus_edulis	Boletus edulis	2021	240	1	0.64800223
boletus_edulis	Boletus edulis	2025	243	1	0.48032223
boletus_edulis	Boletus edulis	2021	235	1	0.71691549
boletus_edulis	Boletus edulis	2025	272	1	0.48465121
other_agaricoid	Hygrophoropsis aurantiaca	2025	257	0	0.67627129
boletus_edulis	Boletus edulis	2021	231	1	0.85420267
other_agaricoid	Lactarius torminosus	2014	277	0	0.13774469
boletus_edulis	Boletus edulis	2014	242	1	0.79908892
boletus_edulis	Boletus edulis	2020	214	1	0.67413253
boletus_edulis	Boletus edulis	2020	207	1	0.58797567
boletus_edulis	Boletus edulis	2026	209	1	0.64141675
boletus_edulis	Boletus edulis	2026	217	1	0.74688394
other_agaricoid	Russula claroflava	2026	205	0	0.57837801
other_agaricoid	Mycena sanguinolenta	2025	170	0	0.15682585
other_agaricoid	Amanita virosa	2022	244	0	0.65093691
boletus_edulis	Boletus edulis	2023	225	1	0.60437450
boletus_edulis	Boletus edulis	2019	265	1	0.17668990
boletus_edulis	Boletus edulis	2019	265	1	0.17668990
boletus_edulis	Boletus edulis	2020	217	1	0.62015150
other_agaricoid	Amanita virosa	2025	229	0	0.82302497
boletus_edulis	Boletus edulis	2025	249	1	0.79113598
boletus_edulis	Boletus edulis	2024	235	1	0.68205646
boletus_edulis	Boletus edulis	2024	264	1	0.57090016
boletus_edulis	Boletus edulis	2018	275	1	0.38103678
boletus_edulis	Boletus edulis	2021	240	1	0.70213095
boletus_edulis	Boletus edulis	2014	236	1	0.91960251
boletus_edulis	Boletus edulis	2021	229	1	0.70791844
other_agaricoid	Amanita muscaria	2024	251	0	0.76418468
boletus_edulis	Boletus edulis	2021	230	1	0.83111775
boletus_edulis	Boletus edulis	2014	236	1	0.92183521
other_agaricoid	Leucocybe connata	2022	267	0	0.06254427
other_agaricoid	Amanita crocea	2019	263	0	0.15837816
boletus_edulis	Boletus edulis	2019	263	1	0.15837816
boletus_edulis	Boletus edulis	2019	264	1	0.15672353
boletus_edulis	Boletus edulis	2019	210	1	0.63279698
other_agaricoid	Tricholoma albobrunneum	2019	265	0	0.16767954
other_agaricoid	Russula paludosa	2025	249	0	0.75136799
other_agaricoid	Lactarius torminosus	2022	272	0	0.25416599
other_agaricoid	Chroogomphus rutilus	2012	253	0	0.32388635
boletus_edulis	Boletus edulis	2026	203	1	0.53866121
boletus_edulis	Boletus edulis	2024	264	1	0.47331650
boletus_edulis	Boletus edulis	2024	234	1	0.65905335
boletus_edulis	Boletus edulis	2026	225	1	0.49449896
boletus_edulis	Boletus edulis	2022	262	1	0.41192234
boletus_edulis	Boletus edulis	2021	241	1	0.69754425
boletus_edulis	Boletus edulis	2022	260	1	0.52871209
other_agaricoid	Marasmius wettsteinii	2019	264	0	0.16362561
boletus_edulis	Boletus edulis	2024	231	1	0.77753173
other_agaricoid	Mycena galericulata	2025	355	0	0.14584352
boletus_edulis	Boletus edulis	2021	243	1	0.69151158
boletus_edulis	Boletus edulis	2021	243	1	0.69151158
boletus_edulis	Boletus edulis	2021	243	1	0.69151158
boletus_edulis	Boletus edulis	2021	248	1	0.53486699
boletus_edulis	Boletus edulis	2020	229	1	0.51853207
boletus_edulis	Boletus edulis	2024	273	1	0.50958566
boletus_edulis	Boletus edulis	2022	263	1	0.42406137
boletus_edulis	Boletus edulis	2025	284	1	0.64493924
other_agaricoid	Russula roseipes	2023	211	0	0.63208008
boletus_edulis	Boletus edulis	2020	203	1	0.69861123
other_agaricoid	Cantharellula umbonata	2020	263	0	0.30860561
other_agaricoid	Hypholoma capnoides	2020	263	0	0.30860561
other_agaricoid	Agaricus sylvaticus	2020	219	0	0.44397681
other_agaricoid	Arrhenia spathulata	2025	301	0	0.20952156
boletus_edulis	Boletus edulis	2026	206	1	0.59239968
other_agaricoid	Rickenella fibula	2025	240	0	0.36229041
boletus_edulis	Boletus edulis	2025	266	1	0.52892719
boletus_edulis	Boletus edulis	2021	241	1	0.42674394
boletus_edulis	Boletus edulis	2021	239	1	0.55735150
boletus_edulis	Boletus edulis	2020	262	1	0.72189613
other_agaricoid	Tricholoma aestuans	2018	261	0	0.29626001
boletus_edulis	Boletus edulis	2020	205	1	0.77501131
other_agaricoid	Lepista nuda	2017	273	0	0.34079530
boletus_edulis	Boletus edulis	2020	263	1	0.31875211
other_agaricoid	Pholiota squarrosa	2020	261	0	0.32456932
other_agaricoid	Infundibulicybe gibba	2023	197	0	0.77422485
other_agaricoid	Hygrocybe conica	2019	259	0	0.55668037
boletus_edulis	Boletus edulis	2021	229	1	0.75136233
other_agaricoid	Lactarius torminosus	2023	253	0	0.78173518
boletus_edulis	Boletus edulis	2012	247	1	0.83533624
other_agaricoid	Russula sanguinea	2021	281	0	0.34684529
other_agaricoid	Ampulloclitocybe clavipes	2023	254	0	0.51460914
boletus_edulis	Boletus edulis	2021	233	1	0.64501022
boletus_edulis	Boletus edulis	2018	259	1	0.27405175
boletus_edulis	Boletus edulis	2021	229	1	0.87501852
other_agaricoid	Russula claroflava	2024	223	0	0.84076893
boletus_edulis	Boletus edulis	2023	252	1	0.73111942
other_agaricoid	Amanita muscaria	2020	217	0	0.55959424
boletus_edulis	Boletus edulis	2024	237	1	0.63042224
other_agaricoid	Coprinopsis atramentaria	2022	281	0	0.14198487
other_agaricoid	Kuehneromyces mutabilis	2021	234	0	0.68318538
other_agaricoid	Russula paludosa	2024	234	0	0.75205621
boletus_edulis	Boletus edulis	2017	259	1	0.66588784
boletus_edulis	Boletus edulis	2021	240	1	0.65226167
boletus_edulis	Boletus edulis	2021	228	1	0.80235240
boletus_edulis	Boletus edulis	2021	228	1	0.80235240
other_agaricoid	Amanita fulva	2022	227	0	0.44610382
boletus_edulis	Boletus edulis	2026	230	1	0.30125322
boletus_edulis	Boletus edulis	2023	228	1	0.77671126
other_agaricoid	Leucocybe connata	2025	257	0	0.33524937
boletus_edulis	Boletus edulis	2024	260	1	0.60956530
other_agaricoid	Lepiota cristata	2021	275	0	0.29288006
other_agaricoid	Tricholoma batschii	2024	296	0	0.21423878
boletus_edulis	Boletus edulis	2021	233	1	0.80164889
boletus_edulis	Boletus edulis	2019	199	1	0.33985117
other_agaricoid	Kuehneromyces mutabilis	2018	259	0	0.42154964
boletus_edulis	Boletus edulis	2024	286	1	0.75293546
boletus_edulis	Boletus edulis	2021	231	1	0.62036603
boletus_edulis	Boletus edulis	2023	263	1	0.87373207
boletus_edulis	Boletus edulis	2021	253	1	0.39029874
boletus_edulis	Boletus edulis	2019	272	1	0.17331173
other_agaricoid	Lactarius fennoscandicus	2019	271	0	0.18809468
other_agaricoid	Amanita muscaria	2022	226	0	0.45118973
boletus_edulis	Boletus edulis	2021	230	1	0.59573154
other_agaricoid	Gymnopus putillus	2013	273	0	0.13885882
boletus_edulis	Boletus edulis	2018	237	1	0.79936580
boletus_edulis	Boletus edulis	2024	197	1	0.57468002
boletus_edulis	Boletus edulis	2020	210	1	0.46964392
boletus_edulis	Boletus edulis	2025	193	1	0.09192083
boletus_edulis	Boletus edulis	2024	261	1	0.46304985
boletus_edulis	Boletus edulis	2021	217	1	0.61514747
other_agaricoid	Hygrocybe ceracea	2024	257	0	0.83836404
other_agaricoid	Russula decolorans	2024	216	0	0.83540720
boletus_edulis	Boletus edulis	2020	212	1	0.50239928
boletus_edulis	Boletus edulis	2021	248	1	0.42353220
boletus_edulis	Boletus edulis	2020	251	1	0.52824826
boletus_edulis	Boletus edulis	2021	237	1	0.72487803
boletus_edulis	Boletus edulis	2022	262	1	0.37926707
boletus_edulis	Boletus edulis	2020	199	1	0.60441563
boletus_edulis	Boletus edulis	2020	281	1	0.41079266
other_agaricoid	Amanita fulva	2023	212	0	0.64022725
boletus_edulis	Boletus edulis	2019	200	1	0.16766868
boletus_edulis	Boletus edulis	2023	233	1	0.77196183
other_agaricoid	Mycena galopus	2019	229	0	0.57613013
other_agaricoid	Lactarius trivialis	2023	249	0	0.70991019
other_agaricoid	Russula font-queri	2018	217	0	0.89598783
boletus_edulis	Boletus edulis	2025	172	1	0.30174673
boletus_edulis	Boletus edulis	2023	251	1	0.69461879
boletus_edulis	Boletus edulis	2023	252	1	0.52780805
other_agaricoid	Cortinarius hemitrichus	2023	248	0	0.83757892
boletus_edulis	Boletus edulis	2021	220	1	0.62826970
other_agaricoid	Mycena megaspora	2019	264	0	0.32617838
other_agaricoid	Phlegmacium largum	2012	241	0	0.56675474
boletus_edulis	Boletus edulis	2023	219	1	0.75071029
boletus_edulis	Boletus edulis	2020	267	1	0.20128299
boletus_edulis	Boletus edulis	2024	274	1	0.64318133
boletus_edulis	Boletus edulis	2020	221	1	0.46461871
boletus_edulis	Boletus edulis	2023	217	1	0.71211858
other_agaricoid	Hygrocybe conica	2022	261	0	0.32221202
boletus_edulis	Boletus edulis	2025	226	1	0.74217278
boletus_edulis	Boletus edulis	2020	201	1	0.64483233
boletus_edulis	Boletus edulis	2021	239	1	0.71063621
boletus_edulis	Boletus edulis	2019	266	1	0.20778492
boletus_edulis	Boletus edulis	2019	266	1	0.20580954
boletus_edulis	Boletus edulis	2023	251	1	0.70162147
other_agaricoid	Amanita muscaria	2023	225	0	0.62532447
boletus_edulis	Boletus edulis	2022	303	1	0.21302801
boletus_edulis	Boletus edulis	2023	244	1	0.75014485
boletus_edulis	Boletus edulis	2022	215	1	0.74566516
boletus_edulis	Boletus edulis	2020	211	1	0.32947601
boletus_edulis	Boletus edulis	2020	211	1	0.46003283
other_agaricoid	Inocybe clandestina	2020	258	0	0.43460327
other_agaricoid	Tricholoma saponaceum	2024	288	0	0.27867483
other_agaricoid	Strobilurus stephanocystis	2009	130	0	0.00548911
other_agaricoid	Phlegmacium argutum	2019	255	0	0.53776942
boletus_edulis	Boletus edulis	2020	263	1	0.35989487
boletus_edulis	Boletus edulis	2022	268	1	0.07534055
other_agaricoid	Cortinarius traganus	2025	257	0	0.28690809
boletus_edulis	Boletus edulis	2023	247	1	0.84881287
other_agaricoid	Hypholoma lateritium	2022	175	0	0.26369456
other_agaricoid	Russula pallescens	2013	199	0	0.67239672
boletus_edulis	Boletus edulis	2024	234	1	0.67819661
boletus_edulis	Boletus edulis	2024	234	1	0.67819661
other_agaricoid	Amanita regalis	2024	234	0	0.67819661
other_agaricoid	Amanita crocea	2015	195	0	0.39412316
other_agaricoid	Mycena niveipes	2024	198	0	0.72864628
other_agaricoid	Hypholoma lateritium	2021	241	0	0.63259441
boletus_edulis	Boletus edulis	2023	248	1	0.86765877
boletus_edulis	Boletus edulis	2023	248	1	0.86765877
other_agaricoid	Strobilurus esculentus	2019	288	0	0.03987072
boletus_edulis	Boletus edulis	2023	227	1	0.59590333
boletus_edulis	Boletus edulis	2026	213	1	0.65002464
boletus_edulis	Boletus edulis	2025	286	1	0.55730960
boletus_edulis	Boletus edulis	2023	217	1	0.69430073
other_agaricoid	Russula font-queri	2023	249	0	0.76736146
other_agaricoid	Cortinarius gentilis	2025	285	0	0.52316040
boletus_edulis	Boletus edulis	2019	265	1	0.40524331
other_agaricoid	Hygrophoropsis aurantiaca	2021	234	0	0.72612035
boletus_edulis	Boletus edulis	2023	220	1	0.74675086
boletus_edulis	Boletus edulis	2019	272	1	0.19849044
boletus_edulis	Boletus edulis	2022	268	1	0.13989466
other_agaricoid	Rickenella swartzii	2017	218	0	0.41829633
other_agaricoid	Gamundia striatula	2014	301	0	0.01509115
boletus_edulis	Boletus edulis	2019	238	1	0.44150839
boletus_edulis	Boletus edulis	2023	259	1	0.45049614
other_agaricoid	Russula puellaris	2024	233	0	0.61034605
boletus_edulis	Boletus edulis	2023	215	1	0.43581980
other_agaricoid	Gymnopilus penetrans	2025	294	0	0.03973085
boletus_edulis	Boletus edulis	2017	220	1	0.40613255
other_agaricoid	Lyophyllum shimeji	2019	254	0	0.55680018
other_agaricoid	Lactarius flexuosus	2021	237	0	0.42336863
other_agaricoid	Amanita coryli	2025	238	0	0.63910048
other_agaricoid	Cortinarius malicorius	2020	221	0	0.57831553
boletus_edulis	Boletus edulis	2020	221	1	0.57831553
other_agaricoid	Cortinarius spilomeus	2017	258	0	0.45629152
boletus_edulis	Boletus edulis	2021	218	1	0.38019650
other_agaricoid	Phlegmacium triumphans	2016	264	0	0.27549011
boletus_edulis	Boletus edulis	2023	238	1	0.70302084
boletus_edulis	Boletus edulis	2021	239	1	0.67138569
other_agaricoid	Lactarius rufus	2017	190	0	0.11532816
other_agaricoid	Russula pallescens	2023	225	0	0.41585108
boletus_edulis	Boletus edulis	2020	204	1	0.86594670
other_agaricoid	Russula paludosa	2018	244	0	0.28127415
boletus_edulis	Boletus edulis	2022	263	1	0.33438719
boletus_edulis	Boletus edulis	2025	244	1	0.38455372
boletus_edulis	Boletus edulis	2020	235	1	0.62538278
other_agaricoid	Agaricus arvensis	2026	231	0	0.42206775
boletus_edulis	Boletus edulis	2023	251	1	0.76887629
other_agaricoid	Cortinarius alboviolaceus	2023	251	0	0.76887629
boletus_edulis	Boletus edulis	2020	200	1	0.43268440
other_agaricoid	Russula claroflava	2026	244	0	0.37338614
other_agaricoid	Russula fragilis	2024	231	0	0.61927369
other_agaricoid	Schizophyllum commune	2024	101	0	0.00066639
boletus_edulis	Boletus edulis	2019	260	1	0.32501125
other_agaricoid	Cortinarius brunneus	2026	236	0	0.33302840
other_agaricoid	Russula integra	2022	310	0	0.08377311
boletus_edulis	Boletus edulis	2024	233	1	0.59965807
other_agaricoid	Amanita crocea	2023	286	0	0.19320482
other_agaricoid	Armillaria borealis	2026	241	0	0.52142774
boletus_edulis	Boletus edulis	2022	296	1	0.09755094
boletus_edulis	Boletus edulis	2019	249	1	0.50530933
other_agaricoid	Cortinarius pholideus	2023	253	0	0.61113755
other_agaricoid	Gymnopus acervatus	2021	228	0	0.76224898
boletus_edulis	Boletus edulis	2021	229	1	0.75615265
boletus_edulis	Boletus edulis	2021	228	1	0.75774946
boletus_edulis	Boletus edulis	2023	251	1	0.62252389
other_agaricoid	Clitopilus prunulus	2018	246	0	0.44371256
boletus_edulis	Boletus edulis	2025	239	1	0.52637251
boletus_edulis	Boletus edulis	2023	234	1	0.60617940
boletus_edulis	Boletus edulis	2020	216	1	0.55895872
boletus_edulis	Boletus edulis	2018	286	1	0.17067460
other_agaricoid	Marasmiellus perforans	2017	277	0	0.29855636
boletus_edulis	Boletus edulis	2021	214	1	0.74108276
boletus_edulis	Boletus edulis	2020	216	1	0.56671519
boletus_edulis	Boletus edulis	2019	198	1	0.34213023
other_agaricoid	Lentinellus micheneri	2021	227	0	0.74712448
boletus_edulis	Boletus edulis	2024	230	1	0.70898794
boletus_edulis	Boletus edulis	2025	243	1	0.58568512
boletus_edulis	Boletus edulis	2021	205	1	0.56639678
boletus_edulis	Boletus edulis	2024	217	1	0.71236847
boletus_edulis	Boletus edulis	2023	222	1	0.51059122
boletus_edulis	Boletus edulis	2023	250	1	0.54542611
boletus_edulis	Boletus edulis	2025	273	1	0.49280842
other_agaricoid	Mycena epipterygia	2020	276	0	0.28257344
other_agaricoid	Amanita muscaria	2023	257	0	0.68350009
boletus_edulis	Boletus edulis	2025	270	1	0.56927228
boletus_edulis	Boletus edulis	2025	270	1	0.56927228
boletus_edulis	Boletus edulis	2025	229	1	0.80714544
boletus_edulis	Boletus edulis	2021	233	1	0.66472794
boletus_edulis	Boletus edulis	2019	243	1	0.49208240
boletus_edulis	Boletus edulis	2023	253	1	0.55312820
other_agaricoid	Cantharellula umbonata	2021	233	0	0.78064974
other_agaricoid	Conocybe apala	2021	232	0	0.78026112
boletus_edulis	Boletus edulis	2018	241	1	0.49866044
other_agaricoid	Clitocybe nebularis	2021	291	0	0.06311879
boletus_edulis	Boletus edulis	2020	219	1	0.56494381
other_agaricoid	Agaricus sylvicola	2021	233	0	0.52028173
boletus_edulis	Boletus edulis	2026	223	1	0.56031607
other_agaricoid	Mycena viridimarginata	2012	269	0	0.22243249
boletus_edulis	Boletus edulis	2020	249	1	0.50776667
boletus_edulis	Boletus edulis	2012	254	1	0.30452976
boletus_edulis	Boletus edulis	2026	200	1	0.59182961
boletus_edulis	Boletus edulis	2026	200	1	0.59182961
boletus_edulis	Boletus edulis	2012	264	1	0.31992028
other_agaricoid	Lactarius torminosus	2023	246	0	0.75204299
other_agaricoid	Gymnopus confluens	2025	235	0	0.60717437
boletus_edulis	Boletus edulis	2026	226	1	0.56853957
boletus_edulis	Boletus edulis	2021	240	1	0.70146154
other_agaricoid	Hygrophoropsis aurantiaca	2018	254	0	0.59824321
boletus_edulis	Boletus edulis	2021	225	1	0.74313992
boletus_edulis	Boletus edulis	2020	226	1	0.49202036
boletus_edulis	Boletus edulis	2020	219	1	0.44618937
other_agaricoid	Pholiota lenta	2025	313	0	0.11072923
other_agaricoid	Typhula uncialis	2022	261	0	0.36379784
boletus_edulis	Boletus edulis	2019	252	1	0.53547565
boletus_edulis	Boletus edulis	2023	238	1	0.72384615
boletus_edulis	Boletus edulis	2021	226	1	0.71684406
boletus_edulis	Boletus edulis	2020	216	1	0.61011892
boletus_edulis	Boletus edulis	2023	264	1	0.44708546
boletus_edulis	Boletus edulis	2021	243	1	0.50553761
boletus_edulis	Boletus edulis	2021	243	1	0.50553761
other_agaricoid	Lactarius vietus	2021	276	0	0.15173713
other_agaricoid	Amanita regalis	2021	245	0	0.59668416
boletus_edulis	Boletus edulis	2011	238	1	0.62616776
boletus_edulis	Boletus edulis	2023	250	1	0.67702458
boletus_edulis	Boletus edulis	2025	237	1	0.56607445
boletus_edulis	Boletus edulis	2023	252	1	0.54950111
boletus_edulis	Boletus edulis	2014	288	1	0.11658536
boletus_edulis	Boletus edulis	2014	288	1	0.11658536
boletus_edulis	Boletus edulis	2019	244	1	0.58404139
boletus_edulis	Boletus edulis	2020	270	1	0.20852486
other_agaricoid	Tricholomopsis decora	2023	211	0	0.59857533
other_agaricoid	Apioperdon pyriforme	2024	265	0	0.50432908
boletus_edulis	Boletus edulis	2023	202	1	0.53161054
boletus_edulis	Boletus edulis	2023	218	1	0.67933209
boletus_edulis	Boletus edulis	2021	239	1	0.74421160
boletus_edulis	Boletus edulis	2021	217	1	0.60622701
boletus_edulis	Boletus edulis	2024	213	1	0.67163933
boletus_edulis	Boletus edulis	2025	193	1	0.38170746
boletus_edulis	Boletus edulis	2025	228	1	0.73270633
boletus_edulis	Boletus edulis	2025	189	1	0.36360790
boletus_edulis	Boletus edulis	2020	197	1	0.61193071
other_agaricoid	Pseudoclitocybe cyathiformis	2018	293	0	0.06565495
boletus_edulis	Boletus edulis	2026	220	1	0.61323373
other_agaricoid	Tricholoma saponaceum	2023	226	0	0.59689859
boletus_edulis	Boletus edulis	2020	250	1	0.54828097
other_agaricoid	Lactarius flexuosus	2025	237	0	0.55609913
boletus_edulis	Boletus edulis	2019	244	1	0.59480114
boletus_edulis	Boletus edulis	2021	218	1	0.57242296
boletus_edulis	Boletus edulis	2020	217	1	0.46168504
boletus_edulis	Boletus edulis	2021	218	1	0.57242296
boletus_edulis	Boletus edulis	2023	204	1	0.52486634
boletus_edulis	Boletus edulis	2023	204	1	0.52486634
boletus_edulis	Boletus edulis	2020	211	1	0.42288027
boletus_edulis	Boletus edulis	2020	211	1	0.42288027
boletus_edulis	Boletus edulis	2020	208	1	0.52294593
other_agaricoid	Coprinellus disseminatus	2023	193	0	0.55597811
boletus_edulis	Boletus edulis	2021	231	1	0.77618204
boletus_edulis	Boletus edulis	2025	273	1	0.52207957
boletus_edulis	Boletus edulis	2026	230	1	0.45248807
boletus_edulis	Boletus edulis	2019	243	1	0.45811199
boletus_edulis	Boletus edulis	2023	216	1	0.71779574
boletus_edulis	Boletus edulis	2020	216	1	0.57443271
other_agaricoid	Cortinarius brunneus	2020	236	0	0.52100211
boletus_edulis	Boletus edulis	2026	222	1	0.56094638
boletus_edulis	Boletus edulis	2019	239	1	0.50469845
boletus_edulis	Boletus edulis	2020	228	1	0.47167094
boletus_edulis	Boletus edulis	2023	215	1	0.58070767
boletus_edulis	Boletus edulis	2020	212	1	0.48691174
other_agaricoid	Panellus mitis	2022	302	0	0.06654280
other_agaricoid	Russula nigricans	2025	196	0	0.40460323
boletus_edulis	Boletus edulis	2019	233	1	0.63802933
other_agaricoid	Cystoderma amianthinum	2022	251	0	0.35201054
boletus_edulis	Boletus edulis	2020	202	1	0.64968355
boletus_edulis	Boletus edulis	2021	229	1	0.78140680
boletus_edulis	Boletus edulis	2021	229	1	0.78140680
boletus_edulis	Boletus edulis	2023	250	1	0.70090713
boletus_edulis	Boletus edulis	2021	233	1	0.53893635
boletus_edulis	Boletus edulis	2025	195	1	0.35487763
boletus_edulis	Boletus edulis	2020	210	1	0.42607450
other_agaricoid	Hygrophorus hypothejus	2020	270	0	0.28654443
boletus_edulis	Boletus edulis	2026	213	1	0.65033265
boletus_edulis	Boletus edulis	2025	232	1	0.60278995
other_agaricoid	Sarcomyxa serotina	2013	255	0	0.13016109
boletus_edulis	Boletus edulis	2020	215	1	0.48775464
boletus_edulis	Boletus edulis	2025	238	1	0.51915884
boletus_edulis	Boletus edulis	2015	210	1	0.53393556
boletus_edulis	Boletus edulis	2023	229	1	0.56646767
other_agaricoid	Gymnopus alpinus	2024	227	0	0.72977631
boletus_edulis	Boletus edulis	2018	277	1	0.18801870
other_agaricoid	Protostropharia dorsipora	2023	277	0	0.29997460
boletus_edulis	Boletus edulis	2026	225	1	0.55723743
boletus_edulis	Boletus edulis	2024	228	1	0.76254334
other_agaricoid	Hohenbuehelia unguicularis	2015	102	0	0.00134224
other_agaricoid	Clitocybe fragrans	2018	291	0	0.11930872
boletus_edulis	Boletus edulis	2018	240	1	0.69449065
boletus_edulis	Boletus edulis	2020	212	1	0.37669248
other_agaricoid	Inocybe stellatospora	2009	211	0	0.52760847
other_agaricoid	Cystoderma carcharias	2018	250	0	0.57643451
other_agaricoid	Cortinarius tortuosus	2010	280	0	0.16742498
boletus_edulis	Boletus edulis	2014	236	1	0.89429935
other_agaricoid	Chlorophyllum rhacodes	2015	225	0	0.53503650
boletus_edulis	Boletus edulis	2016	216	1	0.48211560
boletus_edulis	Boletus edulis	2022	219	1	0.58225319
boletus_edulis	Boletus edulis	2013	239	1	0.60058426
boletus_edulis	Boletus edulis	2019	205	1	0.40507295
boletus_edulis	Boletus edulis	2012	269	1	0.23126929
boletus_edulis	Boletus edulis	2012	269	1	0.23126929
boletus_edulis	Boletus edulis	2013	233	1	0.73557035
other_agaricoid	Russula nauseosa	2013	254	0	0.41365387
boletus_edulis	Boletus edulis	2016	204	1	0.54478944
other_agaricoid	Mycena pura	2017	256	0	0.36451488
other_agaricoid	Stropharia aeruginosa	2013	251	0	0.35397396
other_agaricoid	Mycena pura	2016	248	0	0.39291846
other_agaricoid	Rickenella fibula	2022	258	0	0.35620503
other_agaricoid	Bonomyces sinopicus	2021	241	0	0.17871427
boletus_edulis	Boletus edulis	2026	209	1	0.70177376
boletus_edulis	Boletus edulis	2025	263	1	0.51193541
boletus_edulis	Boletus edulis	2025	263	1	0.51193541
boletus_edulis	Boletus edulis	2010	253	1	0.29903400
other_agaricoid	Coprinus comatus	2019	236	0	0.14859218
boletus_edulis	Boletus edulis	2023	232	1	0.59548396
boletus_edulis	Boletus edulis	2021	227	1	0.66486110
other_agaricoid	Hygrocybe conica	2025	226	0	0.74622095
other_agaricoid	Bovista aestivalis	2020	269	0	0.06537838
boletus_edulis	Boletus edulis	2020	207	1	0.48104288
other_agaricoid	Macrotyphula fistulosa	2018	308	0	0.03365071
other_agaricoid	Cortinarius hemitrichus	2023	229	0	0.68906544
other_agaricoid	Melanoleuca brachyspora	2013	255	0	0.14392444
other_agaricoid	Russula depallens	2022	216	0	0.42896550
other_agaricoid	Clitocybe fragrans	2021	324	0	0.02892850
other_agaricoid	Melanoleuca paedida	2013	255	0	0.14392444
boletus_edulis	Boletus edulis	2019	242	1	0.29521053
other_agaricoid	Calonarius flavipallens	2016	247	0	0.18515964
other_agaricoid	Clitocybe phyllophila	2013	255	0	0.13156966
other_agaricoid	Hebeloma geminatum	2017	252	0	0.09958050
boletus_edulis	Boletus edulis	2021	231	1	0.60148615
other_agaricoid	Hygrophoropsis aurantiaca	2021	231	0	0.60148615
other_agaricoid	Clitocybe diatreta	2023	245	0	0.38496170
other_agaricoid	Bovista tomentosa	2016	247	0	0.18614802
boletus_edulis	Boletus edulis	2019	200	1	0.40056100
other_agaricoid	Clitocybe odora	2019	270	0	0.25912016
other_agaricoid	Sphagnurus paluster	2025	231	0	0.75086754
other_agaricoid	Amanita fulva	2022	211	0	0.58048123
boletus_edulis	Boletus edulis	2026	230	1	0.39527427
other_agaricoid	Galerina jaapii	2020	268	0	0.21357387
boletus_edulis	Boletus edulis	2020	207	1	0.59409778
boletus_edulis	Boletus edulis	2021	232	1	0.70156205
boletus_edulis	Boletus edulis	2025	249	1	0.70432552
boletus_edulis	Boletus edulis	2023	260	1	0.58138350
other_agaricoid	Clitopilus prunulus	2021	231	0	0.61353798
other_agaricoid	Lentinus brumalis	2021	253	0	0.21856269
other_agaricoid	Lactarius helvus	2024	190	0	0.27497167
other_agaricoid	Laccaria amethystina	2021	241	0	0.66843907
boletus_edulis	Boletus edulis	2019	263	1	0.35050897
boletus_edulis	Boletus edulis	2021	234	1	0.76506559
other_agaricoid	Gomphidius glutinosus	2024	266	0	0.38540245
boletus_edulis	Boletus edulis	2024	258	1	0.74663728
boletus_edulis	Boletus edulis	2021	234	1	0.76506559
boletus_edulis	Boletus edulis	2024	235	1	0.66744737
boletus_edulis	Boletus edulis	2020	212	1	0.50042812
boletus_edulis	Boletus edulis	2021	232	1	0.70103589
other_agaricoid	Zhuliangomyces illinita	2013	255	0	0.12531875
other_agaricoid	Gymnopus peronatus	2026	237	0	0.68428709
other_agaricoid	Russula ustulata	2024	221	0	0.80197903
boletus_edulis	Boletus edulis	2020	201	1	0.60826921
boletus_edulis	Boletus edulis	2018	250	1	0.72675077
boletus_edulis	Boletus edulis	2020	222	1	0.48962191
boletus_edulis	Boletus edulis	2025	250	1	0.52140787
boletus_edulis	Boletus edulis	2021	247	1	0.62404619
boletus_edulis	Boletus edulis	2021	231	1	0.71344420
boletus_edulis	Boletus edulis	2024	244	1	0.63838306
boletus_edulis	Boletus edulis	2024	275	1	0.44869764
other_agaricoid	Russula aurea	2025	233	0	0.63568839
boletus_edulis	Boletus edulis	2025	243	1	0.44001612
boletus_edulis	Boletus edulis	2023	256	1	0.59348384
boletus_edulis	Boletus edulis	2020	221	1	0.44546522
boletus_edulis	Boletus edulis	2019	260	1	0.36940228
other_agaricoid	Gomphidius maculatus	2019	239	0	0.42123934
boletus_edulis	Boletus edulis	2023	247	1	0.83485487
boletus_edulis	Boletus edulis	2023	243	1	0.52648029
other_agaricoid	Lactarius rufus	2023	219	0	0.63782011
other_agaricoid	Kuehneromyces mutabilis	2025	243	0	0.46617357
boletus_edulis	Boletus edulis	2023	226	1	0.68237830
boletus_edulis	Boletus edulis	2023	259	1	0.61391800
other_agaricoid	Pleurotus ostreatus	2023	177	0	0.18942651
other_agaricoid	Cystoderma carcharias	2023	277	0	0.51600784
boletus_edulis	Boletus edulis	2026	225	1	0.62673617
boletus_edulis	Boletus edulis	2020	214	1	0.53258750
boletus_edulis	Boletus edulis	2019	255	1	0.68438474
other_agaricoid	Amanita muscaria	2024	219	0	0.81157411
other_agaricoid	Amanita regalis	2021	242	0	0.65361095
boletus_edulis	Boletus edulis	2021	230	1	0.72956046
boletus_edulis	Boletus edulis	2020	206	1	0.58343561
other_agaricoid	Ripartites tricholoma	2017	286	0	0.17414892
boletus_edulis	Boletus edulis	2021	230	1	0.72956046
boletus_edulis	Boletus edulis	2023	253	1	0.56610772
boletus_edulis	Boletus edulis	2023	232	1	0.49753096
boletus_edulis	Boletus edulis	2024	228	1	0.80414011
boletus_edulis	Boletus edulis	2026	241	1	0.71644896
boletus_edulis	Boletus edulis	2024	287	1	0.19410446
boletus_edulis	Boletus edulis	2021	240	1	0.75086975
other_agaricoid	Stropharia aeruginosa	2019	286	0	0.13087620
boletus_edulis	Boletus edulis	2020	210	1	0.51131724
boletus_edulis	Boletus edulis	2020	225	1	0.58555876
boletus_edulis	Boletus edulis	2023	252	1	0.56768728
boletus_edulis	Boletus edulis	2023	232	1	0.49753096
boletus_edulis	Boletus edulis	2023	252	1	0.56391293
boletus_edulis	Boletus edulis	2024	259	1	0.62116280
boletus_edulis	Boletus edulis	2025	228	1	0.70822698
boletus_edulis	Boletus edulis	2020	221	1	0.55147656
boletus_edulis	Boletus edulis	2021	267	1	0.23765077
boletus_edulis	Boletus edulis	2025	235	1	0.51679501
boletus_edulis	Boletus edulis	2023	201	1	0.60403938
boletus_edulis	Boletus edulis	2025	284	1	0.41787622
boletus_edulis	Boletus edulis	2023	232	1	0.49753096
boletus_edulis	Boletus edulis	2021	266	1	0.26838091
other_agaricoid	Cortinarius camphoratus	2023	252	0	0.56768728
other_agaricoid	Hygrophoropsis aurantiaca	2026	249	0	0.43422866
boletus_edulis	Boletus edulis	2025	256	1	0.50184184
boletus_edulis	Boletus edulis	2025	249	1	0.43852798
boletus_edulis	Boletus edulis	2021	271	1	0.20386274
boletus_edulis	Boletus edulis	2021	267	1	0.23309783
boletus_edulis	Boletus edulis	2024	227	1	0.76181829
boletus_edulis	Boletus edulis	2021	241	1	0.68509187
other_agaricoid	Phlegmacium triumphans	2021	241	0	0.68509187
other_agaricoid	Russula decolorans	2023	257	0	0.69946227
boletus_edulis	Boletus edulis	2023	246	1	0.82820874
boletus_edulis	Boletus edulis	2026	241	1	0.59249455
boletus_edulis	Boletus edulis	2021	239	1	0.68684626
boletus_edulis	Boletus edulis	2020	208	1	0.44765073
boletus_edulis	Boletus edulis	2019	269	1	0.39196714
boletus_edulis	Boletus edulis	2026	210	1	0.72501247
boletus_edulis	Boletus edulis	2023	223	1	0.54617935
other_agaricoid	Amanita muscaria	2023	230	0	0.51341369
boletus_edulis	Boletus edulis	2020	208	1	0.44765073
other_agaricoid	Lactarius torminosus	2023	230	0	0.51341369
boletus_edulis	Boletus edulis	2023	245	1	0.78702835
boletus_edulis	Boletus edulis	2020	211	1	0.39847686
boletus_edulis	Boletus edulis	2026	229	1	0.25024151
boletus_edulis	Boletus edulis	2025	242	1	0.35889868
boletus_edulis	Boletus edulis	2021	230	1	0.43467359
boletus_edulis	Boletus edulis	2026	211	1	0.41452742
other_agaricoid	Marasmius oreades	2024	189	0	0.37755575
boletus_edulis	Boletus edulis	2009	220	1	0.57167826
boletus_edulis	Boletus edulis	2024	266	1	0.34963520
boletus_edulis	Boletus edulis	2018	249	1	0.61708674
boletus_edulis	Boletus edulis	2018	231	1	0.82464982
boletus_edulis	Boletus edulis	2023	257	1	0.73854789
boletus_edulis	Boletus edulis	2021	255	1	0.57877003
boletus_edulis	Boletus edulis	2020	231	1	0.55198755
other_agaricoid	Cantharellula umbonata	2022	261	0	0.28320685
boletus_edulis	Boletus edulis	2020	203	1	0.73452741
other_agaricoid	Tricholoma vaccinum	2019	261	0	0.52440451
boletus_edulis	Boletus edulis	2023	199	1	0.67196710
boletus_edulis	Boletus edulis	2023	241	1	0.35556448
other_agaricoid	Lactarius aurantiacus	2024	278	0	0.32486835
boletus_edulis	Boletus edulis	2021	253	1	0.35454560
other_agaricoid	Hygrocybe conica	2023	241	0	0.35556448
boletus_edulis	Boletus edulis	2018	272	1	0.30713035
boletus_edulis	Boletus edulis	2020	203	1	0.74733151
boletus_edulis	Boletus edulis	2024	262	1	0.52936291
boletus_edulis	Boletus edulis	2021	220	1	0.68888012
boletus_edulis	Boletus edulis	2010	235	1	0.84780960
other_agaricoid	Fistulina hepatica	2024	237	0	0.72100660
boletus_edulis	Boletus edulis	2021	229	1	0.72382143
boletus_edulis	Boletus edulis	2023	216	1	0.61084753
other_agaricoid	Cortinarius privignatus	2013	253	0	0.34725856
boletus_edulis	Boletus edulis	2021	226	1	0.70194769
boletus_edulis	Boletus edulis	2025	178	1	0.24595497
other_agaricoid	Psilocybe semilanceata	2018	266	0	0.47043496
other_agaricoid	Infundibulicybe gibba	2020	249	0	0.53253708
other_agaricoid	Lactarius pubescens	2024	254	0	0.48548061
boletus_edulis	Boletus edulis	2020	268	1	0.40764448
other_agaricoid	Amanita fulva	2026	196	0	0.25369134
boletus_edulis	Boletus edulis	2018	245	1	0.39904902
boletus_edulis	Boletus edulis	2025	256	1	0.67957911
boletus_edulis	Boletus edulis	2021	223	1	0.52778220
other_agaricoid	Lactarius turpis	2019	245	0	0.51294392
boletus_edulis	Boletus edulis	2018	244	1	0.60754564
boletus_edulis	Boletus edulis	2026	212	1	0.72077900
boletus_edulis	Boletus edulis	2023	238	1	0.61045755
boletus_edulis	Boletus edulis	2021	224	1	0.49043678
boletus_edulis	Boletus edulis	2026	210	1	0.70079524
boletus_edulis	Boletus edulis	2020	224	1	0.51320267
boletus_edulis	Boletus edulis	2026	212	1	0.72077900
boletus_edulis	Boletus edulis	2021	242	1	0.70042478
other_agaricoid	Infundibulicybe gibba	2026	201	0	0.61728185
boletus_edulis	Boletus edulis	2026	210	1	0.69557611
other_agaricoid	Cortinarius suberi	2013	253	0	0.31493825
boletus_edulis	Boletus edulis	2026	210	1	0.68123267
other_agaricoid	Coprinopsis lagopus	2014	261	0	0.34280291
boletus_edulis	Boletus edulis	2021	239	1	0.68299276
boletus_edulis	Boletus edulis	2025	235	1	0.48786902
boletus_edulis	Boletus edulis	2020	260	1	0.47846034
other_agaricoid	Phlegmacium pseudonaevosum	2012	233	0	0.48639838
boletus_edulis	Boletus edulis	2021	231	1	0.76601167
boletus_edulis	Boletus edulis	2021	233	1	0.67964358
boletus_edulis	Boletus edulis	2025	235	1	0.53589468
other_agaricoid	Thaxterogaster scaurus	2013	254	0	0.24872756
boletus_edulis	Boletus edulis	2020	260	1	0.47896659
other_agaricoid	Inocybe hirtella	2016	252	0	0.52568374
boletus_edulis	Boletus edulis	2018	235	1	0.61697797
other_agaricoid	Laccaria laccata	2020	218	0	0.17592774
other_agaricoid	Lactarius torminosus	2026	240	0	0.40084159
other_agaricoid	Fistulina hepatica	2020	276	0	0.53861929
boletus_edulis	Boletus edulis	2018	240	1	0.58186730
other_agaricoid	Amanita pantherina	2023	267	0	0.65559898
boletus_edulis	Boletus edulis	2020	269	1	0.40332483
boletus_edulis	Boletus edulis	2020	269	1	0.55508902
other_agaricoid	Russula adusta	2019	199	0	0.21076137
boletus_edulis	Boletus edulis	2021	241	1	0.70370504
other_agaricoid	Ampulloclitocybe clavipes	2012	246	0	0.22656476
other_agaricoid	Russula emetica	2026	200	0	0.14692476
other_agaricoid	Amanita muscaria	2022	240	0	0.51836391
other_agaricoid	Lactarius rufus	2023	213	0	0.32833515
boletus_edulis	Boletus edulis	2020	288	1	0.22501504
boletus_edulis	Boletus edulis	2019	199	1	0.22266456
boletus_edulis	Boletus edulis	2022	215	1	0.21661011
other_agaricoid	Chromosera lilacina	2019	235	0	0.09682989
other_agaricoid	Cortinarius phrygianus	2011	247	0	0.47162351
boletus_edulis	Boletus edulis	2023	229	1	0.53971000
other_agaricoid	Russula claroflava	2022	215	0	0.22890017
other_agaricoid	Russula vitellina	2020	253	0	0.13328428
other_agaricoid	Amanita porphyria	2020	253	0	0.13328428
other_agaricoid	Phaeonematoloma myosotis	2021	240	0	0.14726285
other_agaricoid	Lactarius trivialis	2021	233	0	0.78579007
boletus_edulis	Boletus edulis	2021	240	1	0.57372284
boletus_edulis	Boletus edulis	2020	210	1	0.49472269
boletus_edulis	Boletus edulis	2021	220	1	0.57182301
other_agaricoid	Kuehneromyces mutabilis	2016	188	0	0.28405934
boletus_edulis	Boletus edulis	2023	225	1	0.56270659
boletus_edulis	Boletus edulis	2023	247	1	0.75450887
boletus_edulis	Boletus edulis	2021	228	1	0.50772809
boletus_edulis	Boletus edulis	2025	248	1	0.47048384
other_agaricoid	Tricholoma terreum	2018	249	0	0.11658138
boletus_edulis	Boletus edulis	2025	243	1	0.46395964
other_agaricoid	Gymnopilus penetrans	2021	239	0	0.14451940
other_agaricoid	Typhula olivascens	2019	235	0	0.15181526
other_agaricoid	Atheniella adonis	2016	218	0	0.40683269
other_agaricoid	Gomphidius glutinosus	2019	235	0	0.14018711
other_agaricoid	Phloeomana hiemalis	2022	215	0	0.29488102
other_agaricoid	Stropharia albonitens	2022	238	0	0.39057070
boletus_edulis	Boletus edulis	2022	238	1	0.39057070
boletus_edulis	Boletus edulis	2025	271	1	0.19636606
other_agaricoid	Amanita muscaria	2021	255	0	0.20608638
other_agaricoid	Cortinarius sanguineus	2012	245	0	0.23951983
boletus_edulis	Boletus edulis	2014	242	1	0.64113388
boletus_edulis	Boletus edulis	2021	241	1	0.68099676
other_agaricoid	Lycoperdon perlatum	2023	259	0	0.10282063
boletus_edulis	Boletus edulis	2021	241	1	0.68099676
other_agaricoid	Pluteus leoninus	2023	246	0	0.42780021
boletus_edulis	Boletus edulis	2025	248	1	0.09981675
boletus_edulis	Boletus edulis	2020	223	1	0.41556732
other_agaricoid	Russula adusta	2019	198	0	0.25202494
boletus_edulis	Boletus edulis	2023	265	1	0.49018746
boletus_edulis	Boletus edulis	2009	167	1	0.20324915
other_agaricoid	Mycena viridimarginata	2025	225	0	0.66681499
other_agaricoid	Russula nana	2022	215	0	0.31017849
other_agaricoid	Armillaria borealis	2009	253	0	0.56801160
boletus_edulis	Boletus edulis	2023	219	1	0.52452897
other_agaricoid	Naucoria celluloderma	2019	234	0	0.16110235
other_agaricoid	Hemimycena pseudolactea	2024	232	0	0.68388651
other_agaricoid	Inocybe pudica	2019	234	0	0.16110235
other_agaricoid	Mycena laevigata	2019	234	0	0.16110235
other_agaricoid	Cantharellula umbonata	2019	234	0	0.16110235
boletus_edulis	Boletus edulis	2023	217	1	0.68158415
other_agaricoid	Pleurotus pulmonarius	2013	220	0	0.21510018
other_agaricoid	Cystostereum murrayi	2013	220	0	0.21510018
boletus_edulis	Boletus edulis	2024	265	1	0.61863298
boletus_edulis	Boletus edulis	2024	265	1	0.61863298
boletus_edulis	Boletus edulis	2024	265	1	0.61863298
boletus_edulis	Boletus edulis	2024	265	1	0.61863298
other_agaricoid	Lactarius mammosus	2026	214	0	0.28912225
other_agaricoid	Russula cuprea	2015	264	0	0.56782695
boletus_edulis	Boletus edulis	2021	240	1	0.69534902
boletus_edulis	Boletus edulis	2024	230	1	0.76631533
boletus_edulis	Boletus edulis	2020	197	1	0.66266285
other_agaricoid	Pholiota lenta	2022	260	0	0.34267522
boletus_edulis	Boletus edulis	2024	227	1	0.77242435
boletus_edulis	Boletus edulis	2021	228	1	0.63762637
other_agaricoid	Russula violaceoincarnata	2025	251	0	0.41444358
boletus_edulis	Boletus edulis	2024	250	1	0.72928506
boletus_edulis	Boletus edulis	2024	251	1	0.71296814
boletus_edulis	Boletus edulis	2023	267	1	0.56079299
boletus_edulis	Boletus edulis	2026	195	1	0.42043064
boletus_edulis	Boletus edulis	2025	231	1	0.70260583
boletus_edulis	Boletus edulis	2024	250	1	0.66801080
boletus_edulis	Boletus edulis	2017	269	1	0.21481636
boletus_edulis	Boletus edulis	2017	269	1	0.22047422
boletus_edulis	Boletus edulis	2024	264	1	0.66198979
boletus_edulis	Boletus edulis	2018	260	1	0.52812260
boletus_edulis	Boletus edulis	2025	256	1	0.47079018
other_agaricoid	Amanita regalis	2013	196	0	0.39336217
other_agaricoid	Mycena pearsoniana	2022	214	0	0.36771999
boletus_edulis	Boletus edulis	2025	291	1	0.21522259
other_agaricoid	Lactarius rufus	2017	249	0	0.41562812
boletus_edulis	Boletus edulis	2024	259	1	0.74418057
boletus_edulis	Boletus edulis	2020	211	1	0.49891232
other_agaricoid	Inocybe flocculosa	2017	245	0	0.47462850
other_agaricoid	Amanita citrina	2025	250	0	0.58088287
boletus_edulis	Boletus edulis	2023	238	1	0.66545159
boletus_edulis	Boletus edulis	2023	250	1	0.70658703
boletus_edulis	Boletus edulis	2021	223	1	0.62043487
other_agaricoid	Amanita rubescens	2026	219	0	0.40278121
other_agaricoid	Cystoderma amianthinum	2019	264	0	0.30784928
boletus_edulis	Boletus edulis	2020	209	1	0.53172761
boletus_edulis	Boletus edulis	2020	201	1	0.69782070
boletus_edulis	Boletus edulis	2023	261	1	0.65510616
other_agaricoid	Amanita virosa	2026	238	0	0.44933980
boletus_edulis	Boletus edulis	2020	266	1	0.34368272
boletus_edulis	Boletus edulis	2023	269	1	0.64169933
boletus_edulis	Boletus edulis	2020	201	1	0.69874681
boletus_edulis	Boletus edulis	2024	276	1	0.42990047
other_agaricoid	Armillaria borealis	2023	257	0	0.49612068
other_agaricoid	Clitocybe fragrans	2022	260	0	0.10662917
other_agaricoid	Amanita muscaria	2026	249	0	0.36523508
boletus_edulis	Boletus edulis	2023	258	1	0.83639872
boletus_edulis	Boletus edulis	2023	260	1	0.83050989
boletus_edulis	Boletus edulis	2014	249	1	0.69249262
boletus_edulis	Boletus edulis	2024	211	1	0.68126191
boletus_edulis	Boletus edulis	2018	236	1	0.67990266
boletus_edulis	Boletus edulis	2025	240	1	0.49552120
other_agaricoid	Cystoderma carcharias	2022	309	0	0.08007749
boletus_edulis	Boletus edulis	2019	254	1	0.57750791
boletus_edulis	Boletus edulis	2026	221	1	0.50315619
boletus_edulis	Boletus edulis	2019	254	1	0.57750791
boletus_edulis	Boletus edulis	2019	237	1	0.55097363
boletus_edulis	Boletus edulis	2020	204	1	0.77201947
boletus_edulis	Boletus edulis	2019	207	1	0.50965706
other_agaricoid	Cortinarius sanguineus	2025	262	0	0.49512174
boletus_edulis	Boletus edulis	2025	243	1	0.47408627
boletus_edulis	Boletus edulis	2020	225	1	0.53082382
boletus_edulis	Boletus edulis	2025	275	1	0.62240567
boletus_edulis	Boletus edulis	2020	210	1	0.53288463
boletus_edulis	Boletus edulis	2021	224	1	0.69391735
boletus_edulis	Boletus edulis	2021	233	1	0.72154570
other_agaricoid	Coprinus comatus	2025	256	0	0.54089484
other_agaricoid	Russula puellaris	2019	271	0	0.29671037
boletus_edulis	Boletus edulis	2025	269	1	0.41413559
boletus_edulis	Boletus edulis	2023	254	1	0.63436715
other_agaricoid	Thaxterogaster porphyropus	2018	251	0	0.66937921
boletus_edulis	Boletus edulis	2021	232	1	0.74910695
boletus_edulis	Boletus edulis	2024	299	1	0.40351841
boletus_edulis	Boletus edulis	2019	269	1	0.30584147
boletus_edulis	Boletus edulis	2025	282	1	0.35080533
boletus_edulis	Boletus edulis	2024	265	1	0.64877542
boletus_edulis	Boletus edulis	2025	271	1	0.42512776
other_agaricoid	Tricholoma equestre	2026	237	0	0.40886512
other_agaricoid	Russula paludosa	2026	237	0	0.40886512
boletus_edulis	Boletus edulis	2021	232	1	0.74204578
boletus_edulis	Boletus edulis	2021	232	1	0.74204578
boletus_edulis	Boletus edulis	2026	237	1	0.40886512
other_agaricoid	Russula decolorans	2026	233	0	0.38101301
other_agaricoid	Russula decolorans	2026	233	0	0.38101301
other_agaricoid	Russula decolorans	2026	233	0	0.38101301
boletus_edulis	Boletus edulis	2019	257	1	0.59141578
boletus_edulis	Boletus edulis	2022	246	1	0.39193738
boletus_edulis	Boletus edulis	2017	236	1	0.64527981
other_agaricoid	Lactarius tuomikoskii	2016	214	0	0.61914953
boletus_edulis	Boletus edulis	2018	244	1	0.65369506
other_agaricoid	Pseudosperma perlatum	2015	209	0	0.47938689
boletus_edulis	Boletus edulis	2023	251	1	0.63906938
boletus_edulis	Boletus edulis	2019	222	1	0.42978206
boletus_edulis	Boletus edulis	2023	223	1	0.57790792
other_agaricoid	Cortinarius caperatus	2026	240	0	0.29091590
boletus_edulis	Boletus edulis	2024	251	1	0.66130746
boletus_edulis	Boletus edulis	2023	231	1	0.65178390
boletus_edulis	Boletus edulis	2023	244	1	0.82847984
boletus_edulis	Boletus edulis	2024	263	1	0.70555726
boletus_edulis	Boletus edulis	2023	223	1	0.57238983
boletus_edulis	Boletus edulis	2025	252	1	0.50295698
boletus_edulis	Boletus edulis	2025	230	1	0.76867022
other_agaricoid	Hygrophoropsis aurantiaca	2020	247	0	0.17597340
boletus_edulis	Boletus edulis	2020	194	1	0.75030803
boletus_edulis	Boletus edulis	2021	227	1	0.75662134
boletus_edulis	Boletus edulis	2024	224	1	0.73098494
other_agaricoid	Amanita muscaria	2020	246	0	0.16279182
boletus_edulis	Boletus edulis	2025	269	1	0.43291926
boletus_edulis	Boletus edulis	2025	269	1	0.43291926
boletus_edulis	Boletus edulis	2026	215	1	0.67416044
boletus_edulis	Boletus edulis	2020	212	1	0.52010966
boletus_edulis	Boletus edulis	2023	195	1	0.70345700
other_agaricoid	Gymnopus peronatus	2025	284	0	0.39619986
boletus_edulis	Boletus edulis	2021	247	1	0.66542759
boletus_edulis	Boletus edulis	2024	256	1	0.77057109
boletus_edulis	Boletus edulis	2023	248	1	0.81896816
boletus_edulis	Boletus edulis	2025	227	1	0.78768444
other_agaricoid	Psathyrella ammophila	2026	238	0	0.80441915
other_agaricoid	Pholiota lenta	2020	288	0	0.04737788
boletus_edulis	Boletus edulis	2023	244	1	0.79062031
other_agaricoid	Russula cyanoxantha	2026	229	0	0.48237066
boletus_edulis	Boletus edulis	2025	271	1	0.43403401
boletus_edulis	Boletus edulis	2023	230	1	0.72613367
other_agaricoid	Paralepista flaccida	2025	263	0	0.57365936
boletus_edulis	Boletus edulis	2024	261	1	0.65916194
boletus_edulis	Boletus edulis	2020	246	1	0.15735949
boletus_edulis	Boletus edulis	2019	257	1	0.50836381
boletus_edulis	Boletus edulis	2024	274	1	0.54040944
other_agaricoid	Gymnopus confluens	2020	271	0	0.33242854
boletus_edulis	Boletus edulis	2021	228	1	0.71156071
boletus_edulis	Boletus edulis	2020	214	1	0.53734349
boletus_edulis	Boletus edulis	2024	234	1	0.66974785
other_agaricoid	Cystoderma amianthinum	2022	238	0	0.46993419
other_agaricoid	Psathyrella candolleana	2022	238	0	0.44516787
other_agaricoid	Entoloma sericellum	2022	238	0	0.44516787
boletus_edulis	Boletus edulis	2018	251	1	0.67395341
other_agaricoid	Neolentinus lepideus	2022	183	0	0.32727230
other_agaricoid	Amanita porphyria	2025	249	0	0.50349408
boletus_edulis	Boletus edulis	2025	184	1	0.35024130
boletus_edulis	Boletus edulis	2025	247	1	0.53842365
boletus_edulis	Boletus edulis	2019	271	1	0.26706018
boletus_edulis	Boletus edulis	2025	227	1	0.78382044
boletus_edulis	Boletus edulis	2016	266	1	0.42885863
boletus_edulis	Boletus edulis	2017	224	1	0.56898341
boletus_edulis	Boletus edulis	2018	251	1	0.67084270
boletus_edulis	Boletus edulis	2009	222	1	0.69078727
boletus_edulis	Boletus edulis	2021	240	1	0.77825165
boletus_edulis	Boletus edulis	2020	278	1	0.51186240
boletus_edulis	Boletus edulis	2024	242	1	0.65558452
boletus_edulis	Boletus edulis	2025	253	1	0.48946148
other_agaricoid	Amanita rubescens	2021	252	0	0.38993429
boletus_edulis	Boletus edulis	2021	226	1	0.75418274
boletus_edulis	Boletus edulis	2021	229	1	0.72457731
boletus_edulis	Boletus edulis	2025	259	1	0.40945438
boletus_edulis	Boletus edulis	2018	251	1	0.67534433
boletus_edulis	Boletus edulis	2020	226	1	0.54661583
other_agaricoid	Lentinus brumalis	2019	125	0	0.00371755
boletus_edulis	Boletus edulis	2024	274	1	0.39949404
boletus_edulis	Boletus edulis	2010	250	1	0.59058326
other_agaricoid	Clitocybe nebularis	2011	296	0	0.17684488
boletus_edulis	Boletus edulis	2021	254	1	0.07231465
boletus_edulis	Boletus edulis	2025	259	1	0.39848642
boletus_edulis	Boletus edulis	2025	259	1	0.39848642
boletus_edulis	Boletus edulis	2020	273	1	0.53562427
boletus_edulis	Boletus edulis	2026	216	1	0.58135377
boletus_edulis	Boletus edulis	2024	268	1	0.48289256
other_agaricoid	Russula claroflava	2020	246	0	0.18044500
boletus_edulis	Boletus edulis	2021	241	1	0.76487776
other_agaricoid	Lactarius rufus	2021	258	0	0.35982902
other_agaricoid	Lactarius turpis	2020	246	0	0.18044500
boletus_edulis	Boletus edulis	2024	225	1	0.72093692
other_agaricoid	Tapinella atrotomentosa	2026	214	0	0.65463169
boletus_edulis	Boletus edulis	2026	248	1	0.50021682
other_agaricoid	Hygrocybe reidii	2023	279	0	0.38066590
boletus_edulis	Boletus edulis	2019	272	1	0.27154987
boletus_edulis	Boletus edulis	2019	260	1	0.56884263
boletus_edulis	Boletus edulis	2024	274	1	0.37309409
boletus_edulis	Boletus edulis	2019	248	1	0.39370107
other_agaricoid	Tricholoma equestre	2010	304	0	0.03211310
other_agaricoid	Pluteus atromarginatus	2011	195	0	0.52258903
boletus_edulis	Boletus edulis	2019	244	1	0.68556355
boletus_edulis	Boletus edulis	2021	252	1	0.43701507
boletus_edulis	Boletus edulis	2021	236	1	0.69875433
boletus_edulis	Boletus edulis	2025	238	1	0.66548829
other_agaricoid	Gliophorus laetus	2011	254	0	0.65870839
other_agaricoid	Lactarius glyciosmus	2025	257	0	0.49549651
boletus_edulis	Boletus edulis	2023	247	1	0.77748224
boletus_edulis	Boletus edulis	2017	230	1	0.60316352
boletus_edulis	Boletus edulis	2013	239	1	0.72252315
other_agaricoid	Cortinarius camphoratus	2023	276	0	0.44079385
boletus_edulis	Boletus edulis	2026	208	1	0.61744973
boletus_edulis	Boletus edulis	2020	214	1	0.61006904
boletus_edulis	Boletus edulis	2021	236	1	0.78252967
boletus_edulis	Boletus edulis	2023	217	1	0.66071231
boletus_edulis	Boletus edulis	2023	232	1	0.71505343
boletus_edulis	Boletus edulis	2023	239	1	0.72227960
other_agaricoid	Lactarius aspideus	2021	254	0	0.49303548
boletus_edulis	Boletus edulis	2019	275	1	0.28677362
boletus_edulis	Boletus edulis	2021	240	1	0.75458013
boletus_edulis	Boletus edulis	2018	247	1	0.70318389
other_agaricoid	Amanita muscaria	2017	237	0	0.59979501
other_agaricoid	Pholiota cerifera	2023	271	0	0.64624942
boletus_edulis	Boletus edulis	2024	279	1	0.49397045
boletus_edulis	Boletus edulis	2025	242	1	0.57384923
boletus_edulis	Boletus edulis	2025	242	1	0.57384923
boletus_edulis	Boletus edulis	2025	242	1	0.57384923
boletus_edulis	Boletus edulis	2020	205	1	0.75975983
boletus_edulis	Boletus edulis	2023	212	1	0.50448536
boletus_edulis	Boletus edulis	2025	270	1	0.38562633
boletus_edulis	Boletus edulis	2020	254	1	0.61570536
boletus_edulis	Boletus edulis	2025	242	1	0.57384923
boletus_edulis	Boletus edulis	2023	237	1	0.69284563
other_agaricoid	Xeromphalina campanella	2024	125	0	0.01148692
boletus_edulis	Boletus edulis	2026	200	1	0.68899604
boletus_edulis	Boletus edulis	2020	202	1	0.40414382
boletus_edulis	Boletus edulis	2019	244	1	0.72204527
other_agaricoid	Armillaria borealis	2024	292	0	0.28856593
other_agaricoid	Cortinarius gentilis	2021	253	0	0.09550059
other_agaricoid	Cystoderma carcharias	2022	312	0	0.13324933
other_agaricoid	Russula delica	2018	259	0	0.56186310
other_agaricoid	Cortinarius violaceus	2020	277	0	0.54647036
boletus_edulis	Boletus edulis	2014	242	1	0.86616449
boletus_edulis	Boletus edulis	2023	259	1	0.81208785
boletus_edulis	Boletus edulis	2021	238	1	0.81027300
boletus_edulis	Boletus edulis	2021	253	1	0.09835351
other_agaricoid	Clitocybula platyphylla	2009	209	0	0.73918180
other_agaricoid	Cortinarius clarobrunneus	2012	243	0	0.48207709
other_agaricoid	Cortinarius ochrophyllus	2012	243	0	0.48207709
other_agaricoid	Cortinarius pinigaudis	2012	243	0	0.48207709
other_agaricoid	Cortinarius impennoides	2012	243	0	0.48207709
other_agaricoid	Cortinarius luteo-ornatus	2012	243	0	0.48207709
other_agaricoid	Mycena galericulata	2026	240	0	0.49085490
boletus_edulis	Boletus edulis	2026	249	1	0.49499505
boletus_edulis	Boletus edulis	2021	253	1	0.10255092
boletus_edulis	Boletus edulis	2021	253	1	0.10255092
boletus_edulis	Boletus edulis	2023	257	1	0.80078288
boletus_edulis	Boletus edulis	2021	245	1	0.71721727
other_agaricoid	Xeromphalina campanella	2021	245	0	0.71721727
boletus_edulis	Boletus edulis	2023	238	1	0.70065069
boletus_edulis	Boletus edulis	2025	262	1	0.60442578
other_agaricoid	Phyllotopsis nidulans	2022	293	0	0.02985202
boletus_edulis	Boletus edulis	2025	246	1	0.52425492
boletus_edulis	Boletus edulis	2017	253	1	0.32245142
boletus_edulis	Boletus edulis	2019	266	1	0.23641800
boletus_edulis	Boletus edulis	2017	227	1	0.60267181
other_agaricoid	Phlegmacium triumphans	2024	294	0	0.16635623
other_agaricoid	Macrolepiota procera	2015	218	0	0.40438428
boletus_edulis	Boletus edulis	2023	222	1	0.58389666
other_agaricoid	Amanita muscaria	2026	225	0	0.31250924
boletus_edulis	Boletus edulis	2020	260	1	0.62026867
boletus_edulis	Boletus edulis	2024	273	1	0.69335494
boletus_edulis	Boletus edulis	2022	282	1	0.20306691
other_agaricoid	Phlegmacium pseudonaevosum	2014	263	0	0.36066486
boletus_edulis	Boletus edulis	2021	228	1	0.72678097
boletus_edulis	Boletus edulis	2018	233	1	0.75522148
boletus_edulis	Boletus edulis	2019	238	1	0.54708984
boletus_edulis	Boletus edulis	2023	226	1	0.46523036
boletus_edulis	Boletus edulis	2020	214	1	0.60706926
other_agaricoid	Inocybe lacera	2019	185	0	0.11785792
boletus_edulis	Boletus edulis	2024	246	1	0.62124346
other_agaricoid	Cortinarius lilacinopusillus	2012	248	0	0.15267444
boletus_edulis	Boletus edulis	2020	207	1	0.70523623
boletus_edulis	Boletus edulis	2025	244	1	0.51874111
boletus_edulis	Boletus edulis	2023	231	1	0.68764355
boletus_edulis	Boletus edulis	2009	245	1	0.67236096
boletus_edulis	Boletus edulis	2026	200	1	0.67785503
other_agaricoid	Cortinarius rubellus	2026	237	0	0.32611119
boletus_edulis	Boletus edulis	2020	210	1	0.64812550
other_agaricoid	Cortinarius armeniacus	2021	259	0	0.04657876
other_agaricoid	Hygrophorus hypothejus	2021	259	0	0.04657876
boletus_edulis	Boletus edulis	2018	231	1	0.77908511
boletus_edulis	Boletus edulis	2021	258	1	0.06993402
boletus_edulis	Boletus edulis	2021	211	1	0.61241126
boletus_edulis	Boletus edulis	2020	227	1	0.39641852
boletus_edulis	Boletus edulis	2019	240	1	0.34102493
other_agaricoid	Phyllotopsis nidulans	2024	265	0	0.62503501
boletus_edulis	Boletus edulis	2018	237	1	0.68405783
boletus_edulis	Boletus edulis	2009	223	1	0.71982685
boletus_edulis	Boletus edulis	2020	207	1	0.61555605
boletus_edulis	Boletus edulis	2025	193	1	0.47334058
boletus_edulis	Boletus edulis	2024	239	1	0.55788101
boletus_edulis	Boletus edulis	2011	251	1	0.75568521
other_agaricoid	Amanita fulva	2009	227	0	0.63542446
boletus_edulis	Boletus edulis	2023	249	1	0.74154166
boletus_edulis	Boletus edulis	2023	221	1	0.63602229
boletus_edulis	Boletus edulis	2019	238	1	0.33781408
boletus_edulis	Boletus edulis	2021	229	1	0.74451899
other_agaricoid	Cortinarius traganus	2022	265	0	0.09699404
boletus_edulis	Boletus edulis	2021	229	1	0.74451899
boletus_edulis	Boletus edulis	2011	240	1	0.74044509
boletus_edulis	Boletus edulis	2010	255	1	0.54082462
boletus_edulis	Boletus edulis	2010	237	1	0.66474903
other_agaricoid	Entoloma cetratum	2021	259	0	0.05069272
other_agaricoid	Chroogomphus subfulmineus	2021	259	0	0.05069272
boletus_edulis	Boletus edulis	2021	229	1	0.74341955
other_agaricoid	Amanita porphyria	2024	258	0	0.68963766
boletus_edulis	Boletus edulis	2023	255	1	0.67321155
other_agaricoid	Tricholoma pessundatum	2020	256	0	0.09980746
other_agaricoid	Hygrophorus hypothejus	2020	256	0	0.09980746
boletus_edulis	Boletus edulis	2021	241	1	0.79419577
other_agaricoid	Tricholomopsis decora	2024	312	0	0.12805803
boletus_edulis	Boletus edulis	2025	254	1	0.47374487
other_agaricoid	Tricholoma saponaceum	2020	287	0	0.04403496
other_agaricoid	Amanita fulva	2025	216	0	0.83437414
boletus_edulis	Boletus edulis	2018	248	1	0.73781075
other_agaricoid	Lactarius pubescens	2020	248	0	0.10276460
boletus_edulis	Boletus edulis	2024	203	1	0.71759735
other_agaricoid	Phaeomarasmius erinaceus	2024	226	0	0.75110515
other_agaricoid	Thaxterogaster variegatus	2021	259	0	0.05453984
boletus_edulis	Boletus edulis	2018	241	1	0.80302445
boletus_edulis	Boletus edulis	2020	203	1	0.71415738
boletus_edulis	Boletus edulis	2023	246	1	0.79361598
boletus_edulis	Boletus edulis	2023	247	1	0.74557770
boletus_edulis	Boletus edulis	2018	259	1	0.64113179
boletus_edulis	Boletus edulis	2025	229	1	0.82511578
boletus_edulis	Boletus edulis	2020	257	1	0.67857029
boletus_edulis	Boletus edulis	2023	249	1	0.60441973
boletus_edulis	Boletus edulis	2020	213	1	0.48543639
other_agaricoid	Rhodocollybia asema	2026	221	0	0.58263823
other_agaricoid	Lactarius pubescens	2019	264	0	0.21030320
boletus_edulis	Boletus edulis	2026	220	1	0.51942341
boletus_edulis	Boletus edulis	2018	239	1	0.62692310
other_agaricoid	Cystoderma amianthinum	2024	272	0	0.57901307
boletus_edulis	Boletus edulis	2018	246	1	0.67150339
other_agaricoid	Mycetinis scorodonius	2020	209	0	0.54441449
boletus_edulis	Boletus edulis	2020	199	1	0.65486460
boletus_edulis	Boletus edulis	2025	249	1	0.49506906
boletus_edulis	Boletus edulis	2021	241	1	0.79019598
boletus_edulis	Boletus edulis	2018	240	1	0.73402926
boletus_edulis	Boletus edulis	2024	231	1	0.67874487
other_agaricoid	Tapinella atrotomentosa	2024	207	0	0.71611488
boletus_edulis	Boletus edulis	2023	246	1	0.80274198
boletus_edulis	Boletus edulis	2020	210	1	0.50785449
boletus_edulis	Boletus edulis	2025	280	1	0.64819065
boletus_edulis	Boletus edulis	2025	236	1	0.70989910
boletus_edulis	Boletus edulis	2023	228	1	0.68791567
boletus_edulis	Boletus edulis	2025	249	1	0.47686943
boletus_edulis	Boletus edulis	2024	275	1	0.66873242
boletus_edulis	Boletus edulis	2022	208	1	0.47555123
other_agaricoid	Lactarius turpis	2022	214	0	0.45508451
boletus_edulis	Boletus edulis	2023	257	1	0.69800009
boletus_edulis	Boletus edulis	2020	189	1	0.78798860
other_agaricoid	Agaricus sylvaticus	2023	246	0	0.46058241
other_agaricoid	Agaricus sylvaticus	2023	246	0	0.46058241
boletus_edulis	Boletus edulis	2024	260	1	0.63304216
boletus_edulis	Boletus edulis	2022	218	1	0.40420941
other_agaricoid	Infundibulicybe gibba	2025	166	0	0.17522040
boletus_edulis	Boletus edulis	2021	253	1	0.55271934
boletus_edulis	Boletus edulis	2021	233	1	0.78277552
boletus_edulis	Boletus edulis	2021	226	1	0.73857790
boletus_edulis	Boletus edulis	2018	231	1	0.73593464
other_agaricoid	Phlegmacium areni-silvae	2022	239	0	0.22882007
other_agaricoid	Phlegmacium areni-silvae	2022	239	0	0.22882007
other_agaricoid	Gomphidius roseus	2023	242	0	0.54014963
boletus_edulis	Boletus edulis	2018	235	1	0.66949080
boletus_edulis	Boletus edulis	2020	260	1	0.64281272
other_agaricoid	Lactarius rufus	2022	266	0	0.03449466
other_agaricoid	Cortinarius odhinnii	2024	245	0	0.42414353
other_agaricoid	Cortinarius odhinnii	2024	245	0	0.42414353
boletus_edulis	Boletus edulis	2025	256	1	0.52798101
boletus_edulis	Boletus edulis	2020	199	1	0.69683753
boletus_edulis	Boletus edulis	2020	199	1	0.69683753
boletus_edulis	Boletus edulis	2020	194	1	0.79336712
boletus_edulis	Boletus edulis	2020	194	1	0.79336712
other_agaricoid	Thaxterogaster anomalochrascens	2014	261	0	0.41036417
boletus_edulis	Boletus edulis	2026	235	1	0.67829078
boletus_edulis	Boletus edulis	2018	256	1	0.52957603
boletus_edulis	Boletus edulis	2018	239	1	0.69605486
boletus_edulis	Boletus edulis	2020	229	1	0.58348528
boletus_edulis	Boletus edulis	2018	267	1	0.49231339
boletus_edulis	Boletus edulis	2023	238	1	0.68756798
boletus_edulis	Boletus edulis	2023	241	1	0.85286921
boletus_edulis	Boletus edulis	2025	226	1	0.86171984
boletus_edulis	Boletus edulis	2021	231	1	0.81977409
boletus_edulis	Boletus edulis	2020	202	1	0.69627432
boletus_edulis	Boletus edulis	2023	259	1	0.75141372
boletus_edulis	Boletus edulis	2023	208	1	0.60990971
other_agaricoid	Phlegmacium glaucopus	2021	262	0	0.07368030
other_agaricoid	Pholiota lenta	2019	285	0	0.09574713
boletus_edulis	Boletus edulis	2023	236	1	0.71260273
other_agaricoid	Entoloma sericatum	2024	259	0	0.14559016
boletus_edulis	Boletus edulis	2020	211	1	0.67217490
boletus_edulis	Boletus edulis	2019	240	1	0.56318376
other_agaricoid	Bovista paludosa	2014	238	0	0.66502602
other_agaricoid	Hypholoma radicosum	2021	258	0	0.08954448
other_agaricoid	Cortinarius mucosus	2021	258	0	0.08954448
other_agaricoid	Hypholoma capnoides	2021	258	0	0.08954448
other_agaricoid	Marasmius rotula	2020	236	0	0.68499850
other_agaricoid	Mycena rubromarginata	2021	253	0	0.10714339
other_agaricoid	Russula integra	2019	205	0	0.36898975
other_agaricoid	Lactarius glyciosmus	2019	280	0	0.12866998
other_agaricoid	Cortinarius sanguineus	2023	246	0	0.72623727
boletus_edulis	Boletus edulis	2021	224	1	0.43043017
boletus_edulis	Boletus edulis	2020	227	1	0.60896018
boletus_edulis	Boletus edulis	2026	241	1	0.64846066
other_agaricoid	Clitocybula platyphylla	2015	234	0	0.22818227
other_agaricoid	Ripartites tricholoma	2012	250	0	0.21207830
boletus_edulis	Boletus edulis	2026	222	1	0.47220158
boletus_edulis	Boletus edulis	2020	226	1	0.62798594
other_agaricoid	Mycena viscosa	2012	250	0	0.21615513
other_agaricoid	Hygrocybe conica	2012	250	0	0.21615513
boletus_edulis	Boletus edulis	2025	255	1	0.45991111
other_agaricoid	Phaeolepiota aurea	2020	275	0	0.60154827
boletus_edulis	Boletus edulis	2019	256	1	0.70753234
boletus_edulis	Boletus edulis	2025	230	1	0.86232043
other_agaricoid	Inocybe mixtilis	2012	229	0	0.39487396
boletus_edulis	Boletus edulis	2026	202	1	0.54614457
other_agaricoid	Russula fragilis	2026	221	0	0.46409931
other_agaricoid	Gymnopilus penetrans	2020	319	0	0.09351864
other_agaricoid	Coprinellus micaceus	2021	304	0	0.26533473
other_agaricoid	Bolbitius titubans	2017	219	0	0.69899081
boletus_edulis	Boletus edulis	2025	235	1	0.78153840
other_agaricoid	Xeromphalina campanella	2018	138	0	0.01922665
other_agaricoid	Stropharia albonitens	2024	259	0	0.15129062
other_agaricoid	Conocybe apala	2024	259	0	0.15129062
other_agaricoid	Chondrostereum purpureum	2018	320	0	0.06278768
other_agaricoid	Cortinarius cinnamomeus	2026	224	0	0.45307011
boletus_edulis	Boletus edulis	2020	204	1	0.77302847
other_agaricoid	Bovista nigrescens	2024	259	0	0.15129062
other_agaricoid	Hygrocybe miniata	2024	259	0	0.15129062
other_agaricoid	Cystoderma carcharias	2024	259	0	0.15129062
other_agaricoid	Entoloma terreum	2024	245	0	0.37586805
boletus_edulis	Boletus edulis	2023	244	1	0.72219020
other_agaricoid	Ampulloclitocybe clavipes	2024	245	0	0.37586805
other_agaricoid	Cortinarius disjungendus	2012	245	0	0.28109260
other_agaricoid	Homophron spadiceum	2020	302	0	0.17454412
other_agaricoid	Russula rhodopus	2018	240	0	0.70902117
boletus_edulis	Boletus edulis	2020	258	1	0.66891678
boletus_edulis	Boletus edulis	2020	209	1	0.67873107
boletus_edulis	Boletus edulis	2020	273	1	0.55852072
boletus_edulis	Boletus edulis	2021	230	1	0.82360842
boletus_edulis	Boletus edulis	2023	227	1	0.68202514
other_agaricoid	Hypholoma capnoides	2020	277	0	0.23415097
other_agaricoid	Lactarius trivialis	2023	227	0	0.60087974
boletus_edulis	Boletus edulis	2025	256	1	0.55136120
other_agaricoid	Cystodermella granulosa	2011	293	0	0.24755354
boletus_edulis	Boletus edulis	2024	264	1	0.67862719
boletus_edulis	Boletus edulis	2023	227	1	0.59723770
boletus_edulis	Boletus edulis	2025	236	1	0.63514220
boletus_edulis	Boletus edulis	2020	260	1	0.70662420
boletus_edulis	Boletus edulis	2023	225	1	0.72233848
boletus_edulis	Boletus edulis	2021	252	1	0.13397184
boletus_edulis	Boletus edulis	2020	263	1	0.66136310
boletus_edulis	Boletus edulis	2025	264	1	0.73752024
boletus_edulis	Boletus edulis	2024	231	1	0.69128185
boletus_edulis	Boletus edulis	2023	289	1	0.52916149
boletus_edulis	Boletus edulis	2018	235	1	0.56737309
boletus_edulis	Boletus edulis	2026	228	1	0.49815855
other_agaricoid	Lactarius torminosus	2024	265	0	0.67635013
boletus_edulis	Boletus edulis	2025	252	1	0.45807207
boletus_edulis	Boletus edulis	2024	231	1	0.70537594
boletus_edulis	Boletus edulis	2026	193	1	0.56034306
boletus_edulis	Boletus edulis	2023	252	1	0.76493253
other_agaricoid	Cortinarius armillatus	2020	257	0	0.21360859
boletus_edulis	Boletus edulis	2024	251	1	0.71461741
boletus_edulis	Boletus edulis	2024	231	1	0.74035010
boletus_edulis	Boletus edulis	2025	283	1	0.49639538
boletus_edulis	Boletus edulis	2023	249	1	0.74654441
boletus_edulis	Boletus edulis	2020	199	1	0.72753342
other_agaricoid	Clitopilus prunulus	2024	251	0	0.71461741
boletus_edulis	Boletus edulis	2021	234	1	0.82476354
other_agaricoid	Entoloma clypeatum	2022	162	0	0.15301001
boletus_edulis	Boletus edulis	2020	258	1	0.66786303
boletus_edulis	Boletus edulis	2024	234	1	0.74743383
boletus_edulis	Boletus edulis	2020	246	1	0.63307358
boletus_edulis	Boletus edulis	2020	211	1	0.66304387
other_agaricoid	Tricholoma portentosum	2025	305	0	0.12338660
other_agaricoid	Cortinarius violaceus	2024	233	0	0.64930597
boletus_edulis	Boletus edulis	2021	246	1	0.71928503
boletus_edulis	Boletus edulis	2021	255	1	0.55314219
boletus_edulis	Boletus edulis	2025	248	1	0.55081272
boletus_edulis	Boletus edulis	2021	254	1	0.46918267
boletus_edulis	Boletus edulis	2021	238	1	0.83161626
boletus_edulis	Boletus edulis	2025	248	1	0.59625148
other_agaricoid	Hygrocybe miniata	2025	267	0	0.56020429
boletus_edulis	Boletus edulis	2019	247	1	0.74845640
boletus_edulis	Boletus edulis	2024	230	1	0.72983561
boletus_edulis	Boletus edulis	2020	277	1	0.56067310
boletus_edulis	Boletus edulis	2024	225	1	0.78906649
boletus_edulis	Boletus edulis	2025	235	1	0.78988389
boletus_edulis	Boletus edulis	2019	243	1	0.58902378
boletus_edulis	Boletus edulis	2025	235	1	0.79923752
boletus_edulis	Boletus edulis	2023	249	1	0.78016599
boletus_edulis	Boletus edulis	2023	217	1	0.65923334
boletus_edulis	Boletus edulis	2023	251	1	0.77092555
boletus_edulis	Boletus edulis	2023	256	1	0.72371420
boletus_edulis	Boletus edulis	2022	275	1	0.08466362
boletus_edulis	Boletus edulis	2020	269	1	0.47168007
boletus_edulis	Boletus edulis	2020	200	1	0.76356415
boletus_edulis	Boletus edulis	2020	208	1	0.69054943
boletus_edulis	Boletus edulis	2023	268	1	0.90378141
boletus_edulis	Boletus edulis	2024	258	1	0.74696805
other_agaricoid	Volvopluteus gloiocephalus	2024	224	0	0.40856274
boletus_edulis	Boletus edulis	2021	247	1	0.66499967
boletus_edulis	Boletus edulis	2025	242	1	0.52745265
boletus_edulis	Boletus edulis	2012	223	1	0.47448312
boletus_edulis	Boletus edulis	2024	289	1	0.41245426
boletus_edulis	Boletus edulis	2020	208	1	0.69303156
boletus_edulis	Boletus edulis	2024	230	1	0.78393592
other_agaricoid	Lactifluus vellereus	2025	237	0	0.67393342
boletus_edulis	Boletus edulis	2024	230	1	0.78752411
boletus_edulis	Boletus edulis	2014	247	1	0.40371103
boletus_edulis	Boletus edulis	2019	257	1	0.37066869
boletus_edulis	Boletus edulis	2019	278	1	0.23847581
boletus_edulis	Boletus edulis	2024	235	1	0.68539229
boletus_edulis	Boletus edulis	2024	235	1	0.68539229
boletus_edulis	Boletus edulis	2021	254	1	0.45284984
boletus_edulis	Boletus edulis	2019	249	1	0.49464258
boletus_edulis	Boletus edulis	2023	233	1	0.76630977
boletus_edulis	Boletus edulis	2023	256	1	0.80732309
other_agaricoid	Lepiota magnispora	2023	235	0	0.76936597
other_agaricoid	Flammula alnicola	2026	248	0	0.55217811
boletus_edulis	Boletus edulis	2025	253	1	0.40646213
other_agaricoid	Ossicaulis lignatilis	2009	240	0	0.46522398
boletus_edulis	Boletus edulis	2024	228	1	0.75986557
other_agaricoid	Cortinarius stillatitius	2023	243	0	0.88997260
boletus_edulis	Boletus edulis	2026	242	1	0.62461163
boletus_edulis	Boletus edulis	2018	244	1	0.79970241
other_agaricoid	Leratiomyces percevalii	2025	271	0	0.37993051
boletus_edulis	Boletus edulis	2021	231	1	0.79887540
boletus_edulis	Boletus edulis	2024	234	1	0.67564371
boletus_edulis	Boletus edulis	2021	233	1	0.79441484
boletus_edulis	Boletus edulis	2024	263	1	0.58579760
other_agaricoid	Cyathus striatus	2022	263	0	0.35844248
boletus_edulis	Boletus edulis	2021	222	1	0.58990774
boletus_edulis	Boletus edulis	2024	275	1	0.44589041
boletus_edulis	Boletus edulis	2021	248	1	0.54535426
other_agaricoid	Cortinarius angelesianus	2022	250	0	0.49283283
other_agaricoid	Tubaria furfuracea	2025	88	0	0.00097661
boletus_edulis	Boletus edulis	2024	274	1	0.46079642
boletus_edulis	Boletus edulis	2021	233	1	0.74958742
boletus_edulis	Boletus edulis	2021	244	1	0.23180137
boletus_edulis	Boletus edulis	2016	232	1	0.54270380
other_agaricoid	Hygrophorus erubescens	2017	246	0	0.20078775
boletus_edulis	Boletus edulis	2022	260	1	0.42657736
boletus_edulis	Boletus edulis	2020	211	1	0.62285769
boletus_edulis	Boletus edulis	2019	243	1	0.63122444
boletus_edulis	Boletus edulis	2020	211	1	0.62285769
other_agaricoid	Hygrophorus hypothejus	2022	280	0	0.06978580
boletus_edulis	Boletus edulis	2021	254	1	0.52745376
other_agaricoid	Limacellopsis guttata	2014	257	0	0.17108864
boletus_edulis	Boletus edulis	2019	225	1	0.76006895
boletus_edulis	Boletus edulis	2020	228	1	0.53659227
boletus_edulis	Boletus edulis	2024	263	1	0.71506554
boletus_edulis	Boletus edulis	2025	260	1	0.69997363
other_agaricoid	Clitocybe odora	2025	253	0	0.40952235
other_agaricoid	Clitocybe nebularis	2017	276	0	0.37394474
boletus_edulis	Boletus edulis	2024	263	1	0.71506554
other_agaricoid	Lepista nuda	2017	360	0	0.06991797
boletus_edulis	Boletus edulis	2025	257	1	0.42147766
boletus_edulis	Boletus edulis	2017	274	1	0.37715439
other_agaricoid	Psathyrella candolleana	2012	220	0	0.52319709
boletus_edulis	Boletus edulis	2025	257	1	0.42147766
boletus_edulis	Boletus edulis	2020	214	1	0.55681478
boletus_edulis	Boletus edulis	2018	239	1	0.73973712
boletus_edulis	Boletus edulis	2024	271	1	0.74947094
boletus_edulis	Boletus edulis	2023	264	1	0.66326429
boletus_edulis	Boletus edulis	2024	259	1	0.77187531
boletus_edulis	Boletus edulis	2023	252	1	0.62480838
boletus_edulis	Boletus edulis	2023	252	1	0.62480838
boletus_edulis	Boletus edulis	2024	265	1	0.69585040
boletus_edulis	Boletus edulis	2018	261	1	0.46444570
other_agaricoid	Cortinarius rubellus	2026	214	0	0.71458655
boletus_edulis	Boletus edulis	2025	254	1	0.40442081
other_agaricoid	Galerina marginata	2010	280	0	0.18359273
boletus_edulis	Boletus edulis	2023	281	1	0.39587956
other_agaricoid	Amanita muscaria	2025	249	0	0.62624380
other_agaricoid	Cortinarius umbrinolens	2021	240	0	0.76130147
boletus_edulis	Boletus edulis	2024	245	1	0.69457800
other_agaricoid	Inocybe flavella	2010	244	0	0.69330232
other_agaricoid	Hygrophorus pustulatus	2020	266	0	0.06741043
other_agaricoid	Entoloma querquedula	2023	261	0	0.13997773
boletus_edulis	Boletus edulis	2023	225	1	0.66905387
boletus_edulis	Boletus edulis	2025	238	1	0.68504302
boletus_edulis	Boletus edulis	2020	218	1	0.56666477
boletus_edulis	Boletus edulis	2020	218	1	0.56117512
other_agaricoid	Lycoperdon perlatum	2014	257	0	0.64073070
boletus_edulis	Boletus edulis	2021	234	1	0.67667609
boletus_edulis	Boletus edulis	2025	193	1	0.58525290
boletus_edulis	Boletus edulis	2019	256	1	0.67477051
boletus_edulis	Boletus edulis	2019	201	1	0.35501909
other_agaricoid	Hygrocybe coccineocrenata	2025	266	0	0.27651700
boletus_edulis	Boletus edulis	2024	251	1	0.78968925
boletus_edulis	Boletus edulis	2019	262	1	0.45082825
other_agaricoid	Amanita fulva	2019	262	0	0.45082825
boletus_edulis	Boletus edulis	2024	251	1	0.78968925
boletus_edulis	Boletus edulis	2023	224	1	0.58423373
boletus_edulis	Boletus edulis	2020	199	1	0.73972539
boletus_edulis	Boletus edulis	2010	252	1	0.60644963
boletus_edulis	Boletus edulis	2023	257	1	0.86307958
other_agaricoid	Lactarius helvus	2017	265	0	0.38263513
boletus_edulis	Boletus edulis	2018	245	1	0.70248136
boletus_edulis	Boletus edulis	2024	301	1	0.12832870
boletus_edulis	Boletus edulis	2023	225	1	0.61216038
boletus_edulis	Boletus edulis	2024	257	1	0.71869453
boletus_edulis	Boletus edulis	2024	253	1	0.70344747
boletus_edulis	Boletus edulis	2024	280	1	0.44308866
boletus_edulis	Boletus edulis	2018	245	1	0.69368439
boletus_edulis	Boletus edulis	2017	245	1	0.47366064
other_agaricoid	Pholiota flammans	2021	248	0	0.54195167
boletus_edulis	Boletus edulis	2013	233	1	0.81455240
boletus_edulis	Boletus edulis	2020	221	1	0.59603365
other_agaricoid	Russula claroflava	2018	228	0	0.60037241
other_agaricoid	Tricholomopsis rutilans	2023	289	0	0.27506360
boletus_edulis	Boletus edulis	2024	287	1	0.37533369
boletus_edulis	Boletus edulis	2023	221	1	0.72576271
boletus_edulis	Boletus edulis	2019	191	1	0.26336385
boletus_edulis	Boletus edulis	2025	256	1	0.58216538
boletus_edulis	Boletus edulis	2025	256	1	0.58216538
boletus_edulis	Boletus edulis	2023	217	1	0.63638579
boletus_edulis	Boletus edulis	2020	213	1	0.50806303
boletus_edulis	Boletus edulis	2024	231	1	0.73704854
boletus_edulis	Boletus edulis	2024	231	1	0.75001924
boletus_edulis	Boletus edulis	2024	237	1	0.66571103
boletus_edulis	Boletus edulis	2025	242	1	0.69281772
boletus_edulis	Boletus edulis	2014	247	1	0.73334237
boletus_edulis	Boletus edulis	2017	223	1	0.44796210
other_agaricoid	Hygrophorus subviscifer	2025	271	0	0.26605916
boletus_edulis	Boletus edulis	2022	249	1	0.47434860
other_agaricoid	Mycena pura	2017	223	0	0.44796210
boletus_edulis	Boletus edulis	2012	216	1	0.66191111
boletus_edulis	Boletus edulis	2021	232	1	0.80143785
boletus_edulis	Boletus edulis	2019	248	1	0.66506380
boletus_edulis	Boletus edulis	2023	244	1	0.85840682
boletus_edulis	Boletus edulis	2023	244	1	0.85840682
boletus_edulis	Boletus edulis	2011	230	1	0.46419755
boletus_edulis	Boletus edulis	2023	216	1	0.69497513
boletus_edulis	Boletus edulis	2024	224	1	0.82694419
boletus_edulis	Boletus edulis	2024	237	1	0.66571103
boletus_edulis	Boletus edulis	2019	194	1	0.43442496
boletus_edulis	Boletus edulis	2018	259	1	0.61154263
boletus_edulis	Boletus edulis	2020	201	1	0.59351609
other_agaricoid	Pseudoclitocybe cyathiformis	2021	284	0	0.18853837
boletus_edulis	Boletus edulis	2023	225	1	0.63990619
boletus_edulis	Boletus edulis	2018	240	1	0.77196201
boletus_edulis	Boletus edulis	2010	245	1	0.67067252
boletus_edulis	Boletus edulis	2023	211	1	0.55738388
other_agaricoid	Stropharia hornemannii	2022	265	0	0.06212453
boletus_edulis	Boletus edulis	2019	251	1	0.33587281
boletus_edulis	Boletus edulis	2020	207	1	0.50047230
boletus_edulis	Boletus edulis	2023	236	1	0.78430468
boletus_edulis	Boletus edulis	2023	236	1	0.78430468
boletus_edulis	Boletus edulis	2023	236	1	0.78430468
boletus_edulis	Boletus edulis	2023	236	1	0.78430468
other_agaricoid	Hypholoma capnoides	2022	272	0	0.05830061
other_agaricoid	Amanita muscaria	2023	237	0	0.52467675
other_agaricoid	Cortinarius sanguineus	2026	226	0	0.45508712
other_agaricoid	Pholiota heteroclita	2011	266	0	0.19118787
other_agaricoid	Amanita muscaria	2019	296	0	0.06892038
boletus_edulis	Boletus edulis	2018	253	1	0.47837319
boletus_edulis	Boletus edulis	2023	253	1	0.53248728
boletus_edulis	Boletus edulis	2022	239	1	0.56060462
other_agaricoid	Phlegmacium saginum	2013	236	0	0.76434552
boletus_edulis	Boletus edulis	2018	243	1	0.61414131
boletus_edulis	Boletus edulis	2025	278	1	0.49200550
other_agaricoid	Russula gracillima	2024	261	0	0.43726466
boletus_edulis	Boletus edulis	2021	237	1	0.66116307
boletus_edulis	Boletus edulis	2023	262	1	0.55727786
boletus_edulis	Boletus edulis	2024	262	1	0.75513009
boletus_edulis	Boletus edulis	2021	242	1	0.60258003
boletus_edulis	Boletus edulis	2021	247	1	0.41921331
other_agaricoid	Galerina tibiicystis	2013	245	0	0.22913137
other_agaricoid	Gymnopilus spectabilis	2021	246	0	0.51679638
other_agaricoid	Mallocybe malenconii	2015	159	0	0.08077201
other_agaricoid	Rhodocollybia asema	2022	261	0	0.36576054
other_agaricoid	Hygrophorus hypothejus	2025	295	0	0.05405517
boletus_edulis	Boletus edulis	2020	208	1	0.60153334
boletus_edulis	Boletus edulis	2024	249	1	0.64442423
boletus_edulis	Boletus edulis	2023	221	1	0.50770289
other_agaricoid	Flammulaster rhombosporus	2024	233	0	0.49209141
boletus_edulis	Boletus edulis	2020	210	1	0.40816348
boletus_edulis	Boletus edulis	2020	210	1	0.42198124
other_agaricoid	Macrolepiota procera	2024	277	0	0.54207849
other_agaricoid	Bolbitius titubans	2023	242	0	0.55351604
other_agaricoid	Leucocybe candicans	2023	242	0	0.55351604
boletus_edulis	Boletus edulis	2018	241	1	0.57757916
boletus_edulis	Boletus edulis	2021	252	1	0.37564414
boletus_edulis	Boletus edulis	2014	242	1	0.67866793
other_agaricoid	Psathyrella jacobssonii	2014	252	0	0.19612415
other_agaricoid	Lactarius lacunarum	2025	259	0	0.68210842
other_agaricoid	Cortinarius mucifluus	2023	242	0	0.55351604
boletus_edulis	Boletus edulis	2021	221	1	0.61489308
other_agaricoid	Melanoleuca stridula	2023	242	0	0.57104746
other_agaricoid	Lactarius torminosus	2026	233	0	0.73559461
other_agaricoid	Lycoperdon perlatum	2025	249	0	0.21559399
boletus_edulis	Boletus edulis	2026	218	1	0.46274888
boletus_edulis	Boletus edulis	2026	234	1	0.72629657
boletus_edulis	Boletus edulis	2025	242	1	0.43244080
boletus_edulis	Boletus edulis	2026	226	1	0.40350064
boletus_edulis	Boletus edulis	2026	219	1	0.48187366
other_agaricoid	Russula claroflava	2023	205	0	0.55420908
other_agaricoid	Cortinarius suboenochelis	2012	258	0	0.18062847
other_agaricoid	Amanita porphyria	2020	231	0	0.63593703
other_agaricoid	Amanita regalis	2022	223	0	0.75278322
other_agaricoid	Calonarius metarius	2016	246	0	0.20802997
other_agaricoid	Galerina mniophila	2023	242	0	0.54473933
other_agaricoid	Ossicaulis lachnopus	2023	242	0	0.54473933
other_agaricoid	Hygrophorus secretanii	2016	246	0	0.20802997
other_agaricoid	Ossicaulis lachnopus	2020	253	0	0.15108240
boletus_edulis	Boletus edulis	2021	245	1	0.70705503
boletus_edulis	Boletus edulis	2023	249	1	0.71380612
boletus_edulis	Boletus edulis	2020	237	1	0.66476548
other_agaricoid	Gymnopus confluens	2025	250	0	0.33823890
other_agaricoid	Amanita rubescens	2024	237	0	0.45445229
boletus_edulis	Boletus edulis	2018	244	1	0.59656420
other_agaricoid	Tricholoma stans	2022	259	0	0.34909140
other_agaricoid	Phaeolepiota aurea	2018	262	0	0.40731338
other_agaricoid	Phlegmacium triumphans	2024	264	0	0.24284994
boletus_edulis	Boletus edulis	2019	265	1	0.40488933
boletus_edulis	Boletus edulis	2025	217	1	0.89414392
boletus_edulis	Boletus edulis	2020	212	1	0.43785172
boletus_edulis	Boletus edulis	2017	266	1	0.30947779
boletus_edulis	Boletus edulis	2021	242	1	0.67671739
boletus_edulis	Boletus edulis	2020	217	1	0.69032896
boletus_edulis	Boletus edulis	2020	217	1	0.69032896
boletus_edulis	Boletus edulis	2019	205	1	0.60093024
boletus_edulis	Boletus edulis	2025	250	1	0.33285581
other_agaricoid	Hygrophorus camarophyllus	2021	254	0	0.09971091
other_agaricoid	Cortinarius armillatus	2025	245	0	0.40450107
other_agaricoid	Bovista nigrescens	2024	189	0	0.37847795
boletus_edulis	Boletus edulis	2026	226	1	0.45087299
boletus_edulis	Boletus edulis	2025	259	1	0.32592090
boletus_edulis	Boletus edulis	2021	233	1	0.73750391
boletus_edulis	Boletus edulis	2024	256	1	0.62523146
boletus_edulis	Boletus edulis	2024	246	1	0.61831771
boletus_edulis	Boletus edulis	2025	246	1	0.38224226
other_agaricoid	Russula claroflava	2026	249	0	0.56594792
other_agaricoid	Cortinarius caperatus	2023	247	0	0.68885308
boletus_edulis	Boletus edulis	2026	221	1	0.47165039
other_agaricoid	Russula aeruginea	2025	245	0	0.40450107
other_agaricoid	Amanita muscaria	2025	250	0	0.30562978
other_agaricoid	Russula nauseosa	2025	238	0	0.58396391
other_agaricoid	Russula vinosa	2024	253	0	0.65424712
boletus_edulis	Boletus edulis	2024	248	1	0.60755106
boletus_edulis	Boletus edulis	2022	229	1	0.75775507
other_agaricoid	Amanita muscaria	2023	248	0	0.73184197
other_agaricoid	Cyathus striatus	2022	237	0	0.76016573
boletus_edulis	Boletus edulis	2022	229	1	0.75775507
boletus_edulis	Boletus edulis	2025	260	1	0.32433092
other_agaricoid	Cortinarius trivialis	2025	246	0	0.37447601
other_agaricoid	Russula claroflava	2025	246	0	0.37447601
boletus_edulis	Boletus edulis	2025	246	1	0.37447601
boletus_edulis	Boletus edulis	2026	218	1	0.48708848
boletus_edulis	Boletus edulis	2025	246	1	0.37447601
other_agaricoid	Amanita muscaria	2024	252	0	0.63296957
boletus_edulis	Boletus edulis	2025	246	1	0.37447601
boletus_edulis	Boletus edulis	2024	248	1	0.60755106
other_agaricoid	Squamanita odorata	2025	272	0	0.44095131
boletus_edulis	Boletus edulis	2021	236	1	0.66699432
boletus_edulis	Boletus edulis	2023	220	1	0.68024106
boletus_edulis	Boletus edulis	2025	309	1	0.07515467
other_agaricoid	Coprinus comatus	2018	256	0	0.50786573
boletus_edulis	Boletus edulis	2025	238	1	0.59950888
other_agaricoid	Amanita fulva	2026	218	0	0.48708848
other_agaricoid	Bolbitius titubans	2025	261	0	0.33543723
other_agaricoid	Inocybe geophylla	2009	252	0	0.53233851
boletus_edulis	Boletus edulis	2024	249	1	0.61769046
boletus_edulis	Boletus edulis	2025	238	1	0.57386148
boletus_edulis	Boletus edulis	2026	212	1	0.51064999
boletus_edulis	Boletus edulis	2026	223	1	0.51302769
boletus_edulis	Boletus edulis	2014	184	1	0.24569090
other_agaricoid	Armillaria borealis	2025	260	0	0.32433092
boletus_edulis	Boletus edulis	2026	232	1	0.66583024
boletus_edulis	Boletus edulis	2019	246	1	0.58521301
other_agaricoid	Russula decolorans	2021	257	0	0.20598697
boletus_edulis	Boletus edulis	2026	204	1	0.69259650
boletus_edulis	Boletus edulis	2026	205	1	0.67444019
other_agaricoid	Flammula alnicola	2025	249	0	0.27263057
boletus_edulis	Boletus edulis	2022	231	1	0.80767222
boletus_edulis	Boletus edulis	2021	253	1	0.44372678
other_agaricoid	Clitocybe agrestis	2022	231	0	0.80767222
other_agaricoid	Tricholoma populinum	2018	265	0	0.30333431
boletus_edulis	Boletus edulis	2026	213	1	0.63232636
other_agaricoid	Cortinarius caperatus	2010	247	0	0.34453100
boletus_edulis	Boletus edulis	2021	242	1	0.66322286
other_agaricoid	Lyophyllum confusum	2022	230	0	0.74928222
boletus_edulis	Boletus edulis	2025	244	1	0.32285561
boletus_edulis	Boletus edulis	2019	249	1	0.52374793
other_agaricoid	Clitocybe odora	2019	253	0	0.55142958
boletus_edulis	Boletus edulis	2020	208	1	0.61507592
boletus_edulis	Boletus edulis	2020	200	1	0.66621448
boletus_edulis	Boletus edulis	2025	289	1	0.14145908
boletus_edulis	Boletus edulis	2021	231	1	0.73950781
other_agaricoid	Amanita porphyria	2026	238	0	0.68259389
boletus_edulis	Boletus edulis	2023	234	1	0.71327723
boletus_edulis	Boletus edulis	2024	279	1	0.37557543
boletus_edulis	Boletus edulis	2024	224	1	0.58541478
boletus_edulis	Boletus edulis	2024	246	1	0.60391045
other_agaricoid	Mycena pura	2026	245	0	0.53601269
boletus_edulis	Boletus edulis	2021	262	1	0.12991377
boletus_edulis	Boletus edulis	2025	229	1	0.82846939
boletus_edulis	Boletus edulis	2016	206	1	0.72653770
other_agaricoid	Thaxterogaster leucophanes	2019	258	0	0.26234562
boletus_edulis	Boletus edulis	2026	245	1	0.52842126
other_agaricoid	Cortinarius caperatus	2026	245	0	0.52842126
boletus_edulis	Boletus edulis	2023	217	1	0.75622458
other_agaricoid	Marasmiellus perforans	2023	266	0	0.50482411
boletus_edulis	Boletus edulis	2024	262	1	0.58929631
other_agaricoid	Cortinarius armeniacus	2015	247	0	0.38597144
other_agaricoid	Cortinarius bivelus	2016	263	0	0.19011594
other_agaricoid	Chlorophyllum rhacodes	2026	232	0	0.50019722
other_agaricoid	Hygrophoropsis aurantiaca	2023	274	0	0.35722614
boletus_edulis	Boletus edulis	2022	227	1	0.53572838
other_agaricoid	Cortinarius flexipes	2015	257	0	0.37919472
boletus_edulis	Boletus edulis	2020	205	1	0.70771445
other_agaricoid	Russula foetens	2023	277	0	0.40757615
boletus_edulis	Boletus edulis	2024	287	1	0.43705640
other_agaricoid	Lepiota cristata	2018	266	0	0.28762264
boletus_edulis	Boletus edulis	2015	226	1	0.52278636
boletus_edulis	Boletus edulis	2015	209	1	0.38073755
boletus_edulis	Boletus edulis	2015	226	1	0.52278636
other_agaricoid	Cortinarius bivelus	2015	267	0	0.53543672
other_agaricoid	Calocybe naucoria	2016	280	0	0.08278823
other_agaricoid	Cortinarius cinnamomeoluteus	2015	277	0	0.26398720
other_agaricoid	Mycena metata	2015	267	0	0.53543672
other_agaricoid	Gymnopus terginus	2015	189	0	0.23039867
other_agaricoid	Lactarius pyrogalus	2023	241	0	0.76933309
other_agaricoid	Galerina paludosa	2026	195	0	0.26917138
boletus_edulis	Boletus edulis	2021	220	1	0.70502562
boletus_edulis	Boletus edulis	2016	237	1	0.47202460
boletus_edulis	Boletus edulis	2019	244	1	0.39866911
other_agaricoid	Cortinarius traganus	2022	239	0	0.69898129
boletus_edulis	Boletus edulis	2020	270	1	0.21917531
boletus_edulis	Boletus edulis	2026	248	1	0.56202190
other_agaricoid	Mycena clavicularis	2024	194	0	0.53539939
boletus_edulis	Boletus edulis	2023	215	1	0.61928750
boletus_edulis	Boletus edulis	2020	271	1	0.25354650
boletus_edulis	Boletus edulis	2025	240	1	0.54875977
boletus_edulis	Boletus edulis	2023	260	1	0.55543023
other_agaricoid	Pholiota lundbergii	2023	211	0	0.59216298
boletus_edulis	Boletus edulis	2020	271	1	0.26097183
boletus_edulis	Boletus edulis	2019	284	1	0.09879565
boletus_edulis	Boletus edulis	2024	230	1	0.79741482
boletus_edulis	Boletus edulis	2019	254	1	0.49440617
boletus_edulis	Boletus edulis	2021	228	1	0.68694159
boletus_edulis	Boletus edulis	2020	271	1	0.25354650
boletus_edulis	Boletus edulis	2018	234	1	0.71871943
boletus_edulis	Boletus edulis	2017	223	1	0.46922408
other_agaricoid	Clitocybe odora	2021	249	0	0.50778382
boletus_edulis	Boletus edulis	2025	276	1	0.39476386
other_agaricoid	Tricholomopsis decora	2023	212	0	0.60091072
boletus_edulis	Boletus edulis	2026	221	1	0.44537770
other_agaricoid	Hypholoma lateritium	2022	283	0	0.06909201
boletus_edulis	Boletus edulis	2020	291	1	0.11520944
boletus_edulis	Boletus edulis	2024	248	1	0.54492726
boletus_edulis	Boletus edulis	2023	221	1	0.76926952
boletus_edulis	Boletus edulis	2023	256	1	0.51509495
other_agaricoid	Sphagnurus paluster	2017	218	0	0.34113850
boletus_edulis	Boletus edulis	2023	218	1	0.61954338
other_agaricoid	Lactarius torminosus	2021	242	0	0.67128283
boletus_edulis	Boletus edulis	2024	259	1	0.53232408
boletus_edulis	Boletus edulis	2020	264	1	0.23553503
other_agaricoid	Cortinarius uliginosus	2024	273	0	0.67942795
boletus_edulis	Boletus edulis	2020	196	1	0.82630157
boletus_edulis	Boletus edulis	2020	214	1	0.60957105
boletus_edulis	Boletus edulis	2026	248	1	0.56413629
other_agaricoid	Lactarius vietus	2021	269	0	0.07330927
other_agaricoid	Inocybe geophylla	2021	253	0	0.47250542
boletus_edulis	Boletus edulis	2020	200	1	0.73946330
boletus_edulis	Boletus edulis	2024	259	1	0.53396678
other_agaricoid	Hygrocybe conica	2019	262	0	0.37447424
other_agaricoid	Pluteus umbrosus	2025	270	0	0.42648765
boletus_edulis	Boletus edulis	2025	194	1	0.57058839
boletus_edulis	Boletus edulis	2021	235	1	0.69723833
boletus_edulis	Boletus edulis	2023	211	1	0.59303780
boletus_edulis	Boletus edulis	2026	244	1	0.64221721
boletus_edulis	Boletus edulis	2020	213	1	0.36420053
boletus_edulis	Boletus edulis	2020	278	1	0.22355421
other_agaricoid	Tricholoma pessundatum	2020	253	0	0.13530597
other_agaricoid	Cortinarius armillatus	2022	265	0	0.04288759
boletus_edulis	Boletus edulis	2024	259	1	0.53522714
boletus_edulis	Boletus edulis	2023	191	1	0.66037830
boletus_edulis	Boletus edulis	2020	251	1	0.25335375
boletus_edulis	Boletus edulis	2024	300	1	0.12383550
boletus_edulis	Boletus edulis	2022	227	1	0.38572700
boletus_edulis	Boletus edulis	2023	244	1	0.63439730
other_agaricoid	Lactarius tabidus	2022	202	0	0.60470463
boletus_edulis	Boletus edulis	2026	218	1	0.51565213
boletus_edulis	Boletus edulis	2025	226	1	0.89242914
other_agaricoid	Psathyrella candolleana	2026	236	0	0.56275897
other_agaricoid	Kuehneromyces lignicola	2022	218	0	0.63588356
other_agaricoid	Cystoderma carcharias	2019	277	0	0.05955476
boletus_edulis	Boletus edulis	2023	240	1	0.63410084
boletus_edulis	Boletus edulis	2019	204	1	0.18090996
other_agaricoid	Lactarius helvus	2022	225	0	0.40989301
boletus_edulis	Boletus edulis	2020	206	1	0.69270061
boletus_edulis	Boletus edulis	2021	228	1	0.64193583
other_agaricoid	Lactarius repraesentaneus	2018	241	0	0.51882922
other_agaricoid	Amanita crocea	2026	186	0	0.60416436
boletus_edulis	Boletus edulis	2024	231	1	0.72324592
boletus_edulis	Boletus edulis	2020	228	1	0.40751542
boletus_edulis	Boletus edulis	2021	233	1	0.44880923
boletus_edulis	Boletus edulis	2024	222	1	0.77428190
boletus_edulis	Boletus edulis	2024	230	1	0.76123850
boletus_edulis	Boletus edulis	2020	265	1	0.51444459
boletus_edulis	Boletus edulis	2021	250	1	0.49505632
boletus_edulis	Boletus edulis	2018	225	1	0.75296860
boletus_edulis	Boletus edulis	2020	207	1	0.48855491
boletus_edulis	Boletus edulis	2019	267	1	0.23024258
boletus_edulis	Boletus edulis	2019	242	1	0.31918131
other_agaricoid	Hebeloma leucosarx	2020	210	0	0.50239119
other_agaricoid	Hygrophoropsis aurantiaca	2021	242	0	0.60639455
other_agaricoid	Xeromphalina campanella	2026	246	0	0.17427256
boletus_edulis	Boletus edulis	2025	255	1	0.51694207
other_agaricoid	Hypholoma elongatum	2022	276	0	0.06844294
other_agaricoid	Macrolepiota procera	2021	236	0	0.69397937
boletus_edulis	Boletus edulis	2019	263	1	0.22679315
boletus_edulis	Boletus edulis	2026	232	1	0.53246695
boletus_edulis	Boletus edulis	2020	199	1	0.79065262
boletus_edulis	Boletus edulis	2020	181	1	0.48848251
other_agaricoid	Amanita rubescens	2024	233	0	0.53243621
boletus_edulis	Boletus edulis	2026	236	1	0.58215777
boletus_edulis	Boletus edulis	2025	243	1	0.50846288
other_agaricoid	Lactarius trivialis	2019	247	0	0.33013102
other_agaricoid	Apioperdon pyriforme	2026	232	0	0.53246695
other_agaricoid	Amanita porphyria	2021	241	0	0.61531683
other_agaricoid	Lactarius camphoratus	2018	237	0	0.65806182
boletus_edulis	Boletus edulis	2020	198	1	0.76203415
boletus_edulis	Boletus edulis	2021	250	1	0.51477488
boletus_edulis	Boletus edulis	2024	252	1	0.56557646
boletus_edulis	Boletus edulis	2021	224	1	0.58579102
boletus_edulis	Boletus edulis	2021	231	1	0.75434014
other_agaricoid	Russula claroflava	2022	230	0	0.41071703
boletus_edulis	Boletus edulis	2018	231	1	0.78126539
boletus_edulis	Boletus edulis	2026	231	1	0.45391427
boletus_edulis	Boletus edulis	2021	228	1	0.63800974
boletus_edulis	Boletus edulis	2020	226	1	0.42027655
other_agaricoid	Amanita fulva	2020	226	0	0.42027655
boletus_edulis	Boletus edulis	2021	228	1	0.63800974
boletus_edulis	Boletus edulis	2022	211	1	0.65646544
boletus_edulis	Boletus edulis	2024	230	1	0.77563468
boletus_edulis	Boletus edulis	2026	231	1	0.47145067
boletus_edulis	Boletus edulis	2020	255	1	0.61042911
boletus_edulis	Boletus edulis	2026	233	1	0.67623932
boletus_edulis	Boletus edulis	2021	227	1	0.73079326
boletus_edulis	Boletus edulis	2020	254	1	0.56733994
other_agaricoid	Coprinopsis acuminata	2019	275	0	0.13286831
other_agaricoid	Agaricus pallens	2020	247	0	0.22536195
boletus_edulis	Boletus edulis	2023	220	1	0.82198973
boletus_edulis	Boletus edulis	2022	209	1	0.76386844
other_agaricoid	Phlegmacium balteatocumatile	2019	279	0	0.11456984
boletus_edulis	Boletus edulis	2019	283	1	0.09495649
boletus_edulis	Boletus edulis	2024	231	1	0.69618981
boletus_edulis	Boletus edulis	2018	279	1	0.17832915
other_agaricoid	Clitocybula platyphylla	2026	221	0	0.48414604
other_agaricoid	Porotheleum fimbriatum	2023	323	0	0.00457301
boletus_edulis	Boletus edulis	2021	224	1	0.64378086
other_agaricoid	Mycena galericulata	2025	270	0	0.34740533
other_agaricoid	Mycena epipterygia	2020	257	0	0.37659951
other_agaricoid	Russula claroflava	2021	229	0	0.69253177
other_agaricoid	Mycena rubromarginata	2021	232	0	0.77417489
other_agaricoid	Macrolepiota procera	2023	231	0	0.73273995
other_agaricoid	Agrocybe praecox	2026	241	0	0.48218301
other_agaricoid	Coprinellus disseminatus	2021	229	0	0.69253177
boletus_edulis	Boletus edulis	2025	231	1	0.86602657
boletus_edulis	Boletus edulis	2021	226	1	0.69720517
boletus_edulis	Boletus edulis	2020	269	1	0.52854989
boletus_edulis	Boletus edulis	2021	250	1	0.49425413
boletus_edulis	Boletus edulis	2024	252	1	0.75443137
other_agaricoid	Clitocybe nebularis	2021	251	0	0.44213780
other_agaricoid	Inocybe sindonia	2021	251	0	0.44213780
boletus_edulis	Boletus edulis	2018	254	1	0.53644506
boletus_edulis	Boletus edulis	2019	245	1	0.51692823
boletus_edulis	Boletus edulis	2020	219	1	0.59984012
other_agaricoid	Coprinopsis atramentaria	2021	285	0	0.07757289
boletus_edulis	Boletus edulis	2020	205	1	0.65927924
other_agaricoid	Russula aeruginea	2021	238	0	0.72221795
boletus_edulis	Boletus edulis	2019	284	1	0.03869425
boletus_edulis	Boletus edulis	2021	251	1	0.47005601
other_agaricoid	Pholiota squarrosa	2021	253	0	0.36040789
other_agaricoid	Melanoleuca strictipes	2024	224	0	0.66632265
other_agaricoid	Coprinus comatus	2021	247	0	0.37467934
boletus_edulis	Boletus edulis	2021	251	1	0.45972190
other_agaricoid	Gymnopilus penetrans	2018	288	0	0.12978982
boletus_edulis	Boletus edulis	2021	271	1	0.08318588
boletus_edulis	Boletus edulis	2024	229	1	0.65867063
boletus_edulis	Boletus edulis	2023	221	1	0.81052733
boletus_edulis	Boletus edulis	2026	229	1	0.48074051
boletus_edulis	Boletus edulis	2021	251	1	0.47525876
other_agaricoid	Lentinus brumalis	2024	78	0	0.00025445
boletus_edulis	Boletus edulis	2024	251	1	0.77856959
boletus_edulis	Boletus edulis	2023	251	1	0.45285654
other_agaricoid	Cortinarius caperatus	2026	229	0	0.53431293
boletus_edulis	Boletus edulis	2020	205	1	0.66138108
other_agaricoid	Lactarius glyciosmus	2022	264	0	0.10050611
boletus_edulis	Boletus edulis	2026	228	1	0.46642849
boletus_edulis	Boletus edulis	2024	243	1	0.76429864
other_agaricoid	Echinoderma asperum	2019	295	0	0.04720356
boletus_edulis	Boletus edulis	2026	226	1	0.59414828
other_agaricoid	Lactarius pubescens	2019	266	0	0.27745925
other_agaricoid	Lactarius lacunarum	2023	281	0	0.52889115
boletus_edulis	Boletus edulis	2019	258	1	0.33689783
boletus_edulis	Boletus edulis	2021	238	1	0.77795146
other_agaricoid	Pholiota spumosa	2017	217	0	0.54095360
boletus_edulis	Boletus edulis	2021	233	1	0.76722422
boletus_edulis	Boletus edulis	2019	278	1	0.16836786
other_agaricoid	Amanita muscaria	2024	263	0	0.63834524
boletus_edulis	Boletus edulis	2025	246	1	0.42402340
other_agaricoid	Arrhenia rustica	2010	158	0	0.10621902
other_agaricoid	Mycena leptocephala	2024	243	0	0.67624868
boletus_edulis	Boletus edulis	2026	220	1	0.61803798
boletus_edulis	Boletus edulis	2020	216	1	0.50391037
boletus_edulis	Boletus edulis	2024	223	1	0.81848556
boletus_edulis	Boletus edulis	2023	246	1	0.64688130
boletus_edulis	Boletus edulis	2020	212	1	0.52650092
boletus_edulis	Boletus edulis	2026	214	1	0.70031673
boletus_edulis	Boletus edulis	2026	236	1	0.67807766
boletus_edulis	Boletus edulis	2020	207	1	0.51694547
boletus_edulis	Boletus edulis	2026	202	1	0.62041028
boletus_edulis	Boletus edulis	2018	240	1	0.79680869
other_agaricoid	Cystoderma carcharias	2019	292	0	0.04486142
boletus_edulis	Boletus edulis	2020	211	1	0.50386091
boletus_edulis	Boletus edulis	2018	235	1	0.69612583
boletus_edulis	Boletus edulis	2017	259	1	0.21910343
boletus_edulis	Boletus edulis	2020	219	1	0.66723299
boletus_edulis	Boletus edulis	2020	219	1	0.66723299
other_agaricoid	Russula suecica	2025	242	0	0.49427127
boletus_edulis	Boletus edulis	2018	237	1	0.76665398
boletus_edulis	Boletus edulis	2026	197	1	0.55183336
boletus_edulis	Boletus edulis	2024	270	1	0.74072519
other_agaricoid	Entoloma vinaceum	2016	264	0	0.17003794
other_agaricoid	Cystoderma amianthinum	2024	256	0	0.67688331
other_agaricoid	Gymnopus confluens	2021	228	0	0.67668263
other_agaricoid	Cortinarius quarciticus	2018	261	0	0.28894491
boletus_edulis	Boletus edulis	2022	246	1	0.41009234
other_agaricoid	Tricholoma stans	2020	251	0	0.35162742
boletus_edulis	Boletus edulis	2024	205	1	0.75618798
other_agaricoid	Collybia tuberosa	2026	229	0	0.51963911
other_agaricoid	Hebeloma syrjense	2021	229	0	0.59616999
other_agaricoid	Cortinarius traganus	2024	244	0	0.65336979
boletus_edulis	Boletus edulis	2024	253	1	0.74575369
boletus_edulis	Boletus edulis	2024	290	1	0.38874903
boletus_edulis	Boletus edulis	2021	228	1	0.66310572
boletus_edulis	Boletus edulis	2021	248	1	0.54889261
other_agaricoid	Mycena cinerella	2025	308	0	0.03483165
other_agaricoid	Gomphidius glutinosus	2021	236	0	0.70404854
other_agaricoid	Cortinarius mucosus	2023	233	0	0.50999395
other_agaricoid	Ramariopsis crocea	2022	242	0	0.61977240
other_agaricoid	Entoloma undatum	2023	233	0	0.50999395
other_agaricoid	Cortinarius sanguineus	2023	249	0	0.64739443
boletus_edulis	Boletus edulis	2021	230	1	0.70066356
other_agaricoid	Russula claroflava	2020	228	0	0.56770427
other_agaricoid	Mycena epipterygia	2023	253	0	0.48929506
boletus_edulis	Boletus edulis	2020	216	1	0.57671438
other_agaricoid	Mycena capillaripes	2021	221	0	0.78152593
boletus_edulis	Boletus edulis	2025	264	1	0.68729222
other_agaricoid	Inocybe leptophylla	2025	242	0	0.43820114
other_agaricoid	Conocybe subalpina	2010	262	0	0.27977250
other_agaricoid	Conocybe brunneidisca	2010	262	0	0.27977250
boletus_edulis	Boletus edulis	2021	265	1	0.09963446
boletus_edulis	Boletus edulis	2025	256	1	0.41350656
boletus_edulis	Boletus edulis	2026	239	1	0.61660699
boletus_edulis	Boletus edulis	2020	222	1	0.63109682
other_agaricoid	Russula sardonia	2012	250	0	0.33902057
boletus_edulis	Boletus edulis	2020	222	1	0.63109682
boletus_edulis	Boletus edulis	2020	222	1	0.62549629
boletus_edulis	Boletus edulis	2020	266	1	0.57710280
boletus_edulis	Boletus edulis	2021	233	1	0.75373140
other_agaricoid	Chroogomphus britannicus	2018	257	0	0.18068552
other_agaricoid	Neolentinus lepideus	2021	193	0	0.49257940
boletus_edulis	Boletus edulis	2020	222	1	0.62549629
boletus_edulis	Boletus edulis	2010	257	1	0.35106258
boletus_edulis	Boletus edulis	2024	204	1	0.77050590
other_agaricoid	Russula adusta	2025	277	0	0.37005015
other_agaricoid	Russula paludosa	2026	200	0	0.71177858
boletus_edulis	Boletus edulis	2022	242	1	0.33508769
other_agaricoid	Mallocybe terrigena	2013	215	0	0.48831514
other_agaricoid	Xeromphalina campanella	2019	272	0	0.18709396
boletus_edulis	Boletus edulis	2019	266	1	0.27423739
other_agaricoid	Lycoperdon excipuliforme	2021	249	0	0.46854736
other_agaricoid	Panellus mitis	2019	279	0	0.03008756
boletus_edulis	Boletus edulis	2026	221	1	0.54787351
boletus_edulis	Boletus edulis	2026	221	1	0.54787351
boletus_edulis	Boletus edulis	2026	221	1	0.54787351
boletus_edulis	Boletus edulis	2026	221	1	0.54787351
boletus_edulis	Boletus edulis	2016	245	1	0.35263918
boletus_edulis	Boletus edulis	2023	196	1	0.74709139
boletus_edulis	Boletus edulis	2019	251	1	0.53976991
other_agaricoid	Cortinarius laniger	2023	230	0	0.59518364
boletus_edulis	Boletus edulis	2011	247	1	0.61325429
boletus_edulis	Boletus edulis	2011	261	1	0.49339530
boletus_edulis	Boletus edulis	2020	211	1	0.50859983
other_agaricoid	Cantharellula umbonata	2017	247	0	0.43499237
boletus_edulis	Boletus edulis	2019	282	1	0.07622943
other_agaricoid	Russula decolorans	2020	237	0	0.33552962
boletus_edulis	Boletus edulis	2026	221	1	0.49165577
boletus_edulis	Boletus edulis	2020	212	1	0.51894829
boletus_edulis	Boletus edulis	2023	263	1	0.55867143
other_agaricoid	Entoloma pararhombisporum	2024	235	0	0.51092191
boletus_edulis	Boletus edulis	2020	214	1	0.57372853
other_agaricoid	Russula xerampelina	2023	275	0	0.54828082
boletus_edulis	Boletus edulis	2021	251	1	0.45005114
boletus_edulis	Boletus edulis	2021	229	1	0.69578254
boletus_edulis	Boletus edulis	2022	239	1	0.64536240
other_agaricoid	Lentinellus micheneri	2020	287	0	0.08802143
boletus_edulis	Boletus edulis	2021	229	1	0.71760233
boletus_edulis	Boletus edulis	2021	229	1	0.71760233
other_agaricoid	Cristinia helvetica	2021	237	0	0.23573031
other_agaricoid	Cristinia helvetica	2021	237	0	0.23573031
boletus_edulis	Boletus edulis	2022	227	1	0.44614890
other_agaricoid	Tricholoma frondosae	2019	282	0	0.08217715
boletus_edulis	Boletus edulis	2020	202	1	0.81770097
boletus_edulis	Boletus edulis	2025	264	1	0.48185736
boletus_edulis	Boletus edulis	2025	264	1	0.48185736
other_agaricoid	Mycena aurantiomarginata	2010	265	0	0.22281584
boletus_edulis	Boletus edulis	2026	219	1	0.51469399
boletus_edulis	Boletus edulis	2020	206	1	0.60447930
other_agaricoid	Ampulloclitocybe clavipes	2023	253	0	0.44598323
other_agaricoid	Tricholoma fucatum	2009	256	0	0.29598529
other_agaricoid	Hygrophorus agathosmus	2025	243	0	0.54449089
boletus_edulis	Boletus edulis	2020	174	1	0.28873691
boletus_edulis	Boletus edulis	2024	229	1	0.79784052
other_agaricoid	Coprinellus micaceus	2010	286	0	0.14204870
other_agaricoid	Lactarius mammosus	2026	221	0	0.46911397
other_agaricoid	Lycoperdon umbrinum	2025	300	0	0.11321199
boletus_edulis	Boletus edulis	2018	267	1	0.51692025
boletus_edulis	Boletus edulis	2017	230	1	0.68939268
other_agaricoid	Pleurotus dryinus	2020	275	0	0.20147150
other_agaricoid	Cortinarius brunneifolius	2018	274	0	0.21644282
boletus_edulis	Boletus edulis	2025	201	1	0.64771172
boletus_edulis	Boletus edulis	2025	232	1	0.84714914
other_agaricoid	Hypholoma lateritium	2020	274	0	0.38971309
other_agaricoid	Collybia cirrhata	2025	223	0	0.55252335
boletus_edulis	Boletus edulis	2024	234	1	0.78566549
other_agaricoid	Agaricus sylvaticus	2021	272	0	0.15860194
boletus_edulis	Boletus edulis	2026	232	1	0.57526257
other_agaricoid	Cortinarius semisanguineus	2021	264	0	0.08786221
other_agaricoid	Aphanobasidium pseudotsugae	2020	246	0	0.12378840
other_agaricoid	Lactarius camphoratus	2021	213	0	0.92378870
other_agaricoid	Cortinarius obtusus	2019	192	0	0.18802019
boletus_edulis	Boletus edulis	2021	236	1	0.75684575
boletus_edulis	Boletus edulis	2021	230	1	0.80564580
other_agaricoid	Agaricus sylvicola	2022	274	0	0.11254847
other_agaricoid	Mycena galericulata	2019	299	0	0.04272345
other_agaricoid	Tubaria confragosa	2019	252	0	0.33171213
boletus_edulis	Boletus edulis	2025	285	1	0.14724928
boletus_edulis	Boletus edulis	2022	255	1	0.35119083
boletus_edulis	Boletus edulis	2024	255	1	0.50254232
other_agaricoid	Infundibulicybe gibba	2019	192	0	0.18802019
other_agaricoid	Amanita regalis	2023	213	0	0.60272061
boletus_edulis	Boletus edulis	2019	253	1	0.32869557
other_agaricoid	Galerina paludosa	2018	190	0	0.32093329
other_agaricoid	Kuehneromyces mutabilis	2022	173	0	0.15595963
other_agaricoid	Mycena leptocephala	2024	177	0	0.31558970
other_agaricoid	Gymnopus androsaceus	2026	180	0	0.25882443
boletus_edulis	Boletus edulis	2023	238	1	0.76177200
other_agaricoid	Chroogomphus britannicus	2024	293	0	0.06027744
boletus_edulis	Boletus edulis	2018	253	1	0.37192872
other_agaricoid	Gymnopus dryophilus	2024	177	0	0.31558970
boletus_edulis	Boletus edulis	2026	241	1	0.71694286
boletus_edulis	Boletus edulis	2021	251	1	0.50377513
other_agaricoid	Marasmiellus perforans	2019	156	0	0.04211454
boletus_edulis	Boletus edulis	2018	253	1	0.36740555
boletus_edulis	Boletus edulis	2024	230	1	0.81464439
other_agaricoid	Coprinopsis lagopus	2010	151	0	0.06777418
boletus_edulis	Boletus edulis	2023	225	1	0.63759415
boletus_edulis	Boletus edulis	2023	212	1	0.57939347
boletus_edulis	Boletus edulis	2014	256	1	0.46936867
boletus_edulis	Boletus edulis	2023	190	1	0.69418372
boletus_edulis	Boletus edulis	2022	233	1	0.76980616
other_agaricoid	Thaxterogaster turmalis	2021	239	0	0.24589247
boletus_edulis	Boletus edulis	2021	250	1	0.51468115
other_agaricoid	Tricholomopsis rutilans	2023	258	0	0.47900760
boletus_edulis	Boletus edulis	2021	240	1	0.64745049
other_agaricoid	Hypholoma capnoides	2026	164	0	0.28098827
other_agaricoid	Ampulloclitocybe clavipes	2021	233	0	0.42348727
other_agaricoid	Panaeolus acuminatus	2013	254	0	0.51383854
other_agaricoid	Hygrophorus karstenii	2023	237	0	0.55891031
boletus_edulis	Boletus edulis	2020	221	1	0.60562208
boletus_edulis	Boletus edulis	2025	215	1	0.84331223
other_agaricoid	Hygrophorus pustulatus	2024	299	0	0.30291125
other_agaricoid	Cortinarius trivialis	2019	258	0	0.33589374
other_agaricoid	Hygrophoropsis aurantiaca	2019	258	0	0.33589374
boletus_edulis	Boletus edulis	2023	222	1	0.77045373
other_agaricoid	Cystoderma amianthinum	2022	260	0	0.36808936
other_agaricoid	Amanita muscaria	2022	260	0	0.36808936
boletus_edulis	Boletus edulis	2026	214	1	0.65505245
boletus_edulis	Boletus edulis	2021	223	1	0.61875192
boletus_edulis	Boletus edulis	2022	243	1	0.58909267
boletus_edulis	Boletus edulis	2020	202	1	0.74470287
other_agaricoid	Mycena haematopus	2022	226	0	0.30737851
boletus_edulis	Boletus edulis	2024	258	1	0.78945763
other_agaricoid	Panaeolus alcis	2022	256	0	0.35348461
other_agaricoid	Stropharia hornemannii	2017	266	0	0.21323750
other_agaricoid	Cortinarius armillatus	2026	198	0	0.61107287
other_agaricoid	Russula pelargonia	2017	238	0	0.63907125
other_agaricoid	Desarmillaria ectypa	2025	247	0	0.35739615
boletus_edulis	Boletus edulis	2023	219	1	0.52805193
other_agaricoid	Hygrocybe coccinea	2025	284	0	0.37828318
other_agaricoid	Leucocybe connata	2019	233	0	0.39231542
boletus_edulis	Boletus edulis	2022	246	1	0.52119669
other_agaricoid	Lepiota clypeolaria	2022	246	0	0.52119669
other_agaricoid	Mycena haematopus	2018	233	0	0.47159513
boletus_edulis	Boletus edulis	2021	232	1	0.69661133
boletus_edulis	Boletus edulis	2020	222	1	0.62359121
boletus_edulis	Boletus edulis	2021	240	1	0.64484263
boletus_edulis	Boletus edulis	2010	248	1	0.58957877
boletus_edulis	Boletus edulis	2010	252	1	0.57844465
boletus_edulis	Boletus edulis	2010	259	1	0.37768252
boletus_edulis	Boletus edulis	2010	263	1	0.27669197
boletus_edulis	Boletus edulis	2010	280	1	0.28118219
boletus_edulis	Boletus edulis	2020	211	1	0.71973417
boletus_edulis	Boletus edulis	2020	218	1	0.72311809
other_agaricoid	Entoloma rubrobasis	2011	252	0	0.19653127
other_agaricoid	Clitocybula platyphylla	2026	179	0	0.41645363
boletus_edulis	Boletus edulis	2024	227	1	0.76644912
boletus_edulis	Boletus edulis	2010	261	1	0.31679733
boletus_edulis	Boletus edulis	2010	268	1	0.21188924
boletus_edulis	Boletus edulis	2020	208	1	0.62516106
boletus_edulis	Boletus edulis	2020	254	1	0.32745639
boletus_edulis	Boletus edulis	2019	257	1	0.30598035
boletus_edulis	Boletus edulis	2020	186	1	0.62542095
other_agaricoid	Leucocybe candicans	2018	244	0	0.31300813
other_agaricoid	Russula clavipes	2017	268	0	0.20568192
boletus_edulis	Boletus edulis	2020	217	1	0.52650004
other_agaricoid	Hygrocybe coccinea	2020	259	0	0.36184606
other_agaricoid	Infundibulicybe squamulosa	2018	244	0	0.30531939
other_agaricoid	Cortinarius caperatus	2018	244	0	0.30531939
other_agaricoid	Cortinarius collinitus	2018	244	0	0.30531939
other_agaricoid	Chroogomphus britannicus	2018	244	0	0.30531939
boletus_edulis	Boletus edulis	2020	205	1	0.72303807
boletus_edulis	Boletus edulis	2023	194	1	0.70363019
boletus_edulis	Boletus edulis	2020	200	1	0.70150693
boletus_edulis	Boletus edulis	2021	220	1	0.62074932
boletus_edulis	Boletus edulis	2019	241	1	0.34844517
boletus_edulis	Boletus edulis	2017	224	1	0.43234275
boletus_edulis	Boletus edulis	2019	201	1	0.24067244
other_agaricoid	Pleurotus pulmonarius	2020	194	0	0.79277921
other_agaricoid	Mycena rubromarginata	2021	220	0	0.62074932
other_agaricoid	Cystoderma carcharias	2020	256	0	0.40135198
other_agaricoid	Tubaria confragosa	2019	192	0	0.33159838
other_agaricoid	Sarcomyxa serotina	2020	269	0	0.27312909
other_agaricoid	Paralepista gilva	2020	269	0	0.27312909
other_agaricoid	Panaeolina foenisecii	2021	228	0	0.67935997
other_agaricoid	Amanita muscaria	2019	240	0	0.32765406
boletus_edulis	Boletus edulis	2020	194	1	0.79277921
boletus_edulis	Boletus edulis	2024	230	1	0.79031083
boletus_edulis	Boletus edulis	2020	220	1	0.51000613
boletus_edulis	Boletus edulis	2018	248	1	0.57681170
other_agaricoid	Tricholoma stiparophyllum	2017	275	0	0.18283096
boletus_edulis	Boletus edulis	2017	215	1	0.46152857
other_agaricoid	Gomphidius glutinosus	2018	246	0	0.50673556
boletus_edulis	Boletus edulis	2017	216	1	0.43197697
other_agaricoid	Lepiota clypeolaria	2018	244	0	0.30531939
other_agaricoid	Inocybe lacera	2018	244	0	0.30742822
other_agaricoid	Hygrophorus piceae	2018	244	0	0.30742822
other_agaricoid	Lyophyllum fumosum	2018	244	0	0.30742822
other_agaricoid	Lyophyllum shimeji	2018	244	0	0.30742822
boletus_edulis	Boletus edulis	2020	192	1	0.72042327
other_agaricoid	Hygrophorus inocybiformis	2020	234	0	0.32267772
boletus_edulis	Boletus edulis	2021	220	1	0.46395319
boletus_edulis	Boletus edulis	2012	257	1	0.33495311
boletus_edulis	Boletus edulis	2012	257	1	0.33495311
boletus_edulis	Boletus edulis	2012	257	1	0.33495311
boletus_edulis	Boletus edulis	2012	257	1	0.33495311
other_agaricoid	Hygrophorus hypothejus	2020	271	0	0.05563912
other_agaricoid	Russula velenovskyi	2021	249	0	0.45216001
boletus_edulis	Boletus edulis	2021	249	1	0.45216001
other_agaricoid	Lycoperdon excipuliforme	2021	249	0	0.45216001
other_agaricoid	Mycena galopus	2022	217	0	0.53433313
boletus_edulis	Boletus edulis	2021	225	1	0.73843372
other_agaricoid	Mycena pura	2021	225	0	0.73843372
boletus_edulis	Boletus edulis	2026	233	1	0.61649027
boletus_edulis	Boletus edulis	2026	233	1	0.61649027
boletus_edulis	Boletus edulis	2023	194	1	0.74990118
boletus_edulis	Boletus edulis	2024	242	1	0.66658440
other_agaricoid	Russula emetica	2024	245	0	0.53767754
boletus_edulis	Boletus edulis	2020	213	1	0.40507478
other_agaricoid	Laccaria laccata	2026	194	0	0.19546687
other_agaricoid	Entoloma sericeum	2011	236	0	0.14430990
other_agaricoid	Panellus ringens	2022	257	0	0.20655630
other_agaricoid	Hygrophorus agathosmoides	2021	243	0	0.30764946
boletus_edulis	Boletus edulis	2026	245	1	0.17254900
other_agaricoid	Amanita muscaria	2015	266	0	0.31164707
other_agaricoid	Entoloma frigidum	2024	191	0	0.34770731
boletus_edulis	Boletus edulis	2018	280	1	0.22694293
boletus_edulis	Boletus edulis	2023	247	1	0.68680797
other_agaricoid	Tubaria confragosa	2024	223	0	0.54214256
other_agaricoid	Pleurotus pulmonarius	2020	212	0	0.52516799
other_agaricoid	Arrhenia auriscalpium	2024	223	0	0.54291942
boletus_edulis	Boletus edulis	2022	253	1	0.60384500
boletus_edulis	Boletus edulis	2025	241	1	0.64974966
boletus_edulis	Boletus edulis	2024	232	1	0.76154800
other_agaricoid	Lentinellus ursinus	2017	258	0	0.46910850
other_agaricoid	Clitocybe odora	2017	258	0	0.46910850
other_agaricoid	Cystoderma amianthinum	2017	258	0	0.46910850
boletus_edulis	Boletus edulis	2013	232	1	0.65434075
other_agaricoid	Lactarius rufus	2018	244	0	0.32367023
boletus_edulis	Boletus edulis	2020	191	1	0.80885887
other_agaricoid	Gomphidius roseus	2013	234	0	0.35086802
other_agaricoid	Clitopilus prunulus	2013	234	0	0.35086802
other_agaricoid	Hypsizygus tessulatus	2017	260	0	0.34249748
other_agaricoid	Cylindrobasidium evolvens	2023	213	0	0.54212358
other_agaricoid	Hypholoma capnoides	2017	259	0	0.39196614
boletus_edulis	Boletus edulis	2025	277	1	0.48959440
other_agaricoid	Lactarius fuliginosus	2020	219	0	0.73466847
boletus_edulis	Boletus edulis	2020	200	1	0.48391589
other_agaricoid	Coprinellus micaceus	2021	259	0	0.37578059
other_agaricoid	Loreleia marchantiae	2026	205	0	0.25530078
other_agaricoid	Lycoperdon perlatum	2021	250	0	0.13514169
other_agaricoid	Lentinus brumalis	2020	243	0	0.11987960
boletus_edulis	Boletus edulis	2026	239	1	0.63504255
boletus_edulis	Boletus edulis	2026	203	1	0.63444594
boletus_edulis	Boletus edulis	2026	206	1	0.63411273
boletus_edulis	Boletus edulis	2020	221	1	0.64189978
other_agaricoid	Hygrophorus subviscifer	2017	259	0	0.38068590
boletus_edulis	Boletus edulis	2021	254	1	0.41757609
other_agaricoid	Clitopilus prunulus	2017	289	0	0.11042031
boletus_edulis	Boletus edulis	2026	247	1	0.57450705
other_agaricoid	Lactarius quieticolor	2017	290	0	0.11596515
boletus_edulis	Boletus edulis	2026	238	1	0.70809958
other_agaricoid	Cystostereum murrayi	2009	260	0	0.24753653
other_agaricoid	Entoloma vernum	2018	128	0	0.00617276
other_agaricoid	Inocybe humilis	2020	209	0	0.65685092
other_agaricoid	Clitocybe nebularis	2017	277	0	0.21112882
boletus_edulis	Boletus edulis	2023	218	1	0.74723175
other_agaricoid	Tricholoma focale	2025	247	0	0.25551080
boletus_edulis	Boletus edulis	2020	222	1	0.77058558
boletus_edulis	Boletus edulis	2020	222	1	0.77058558
boletus_edulis	Boletus edulis	2020	222	1	0.77058558
other_agaricoid	Cortinarius armillatus	2026	244	0	0.68777895
boletus_edulis	Boletus edulis	2026	244	1	0.68777895
boletus_edulis	Boletus edulis	2026	244	1	0.68777895
other_agaricoid	Gymnopus peronatus	2024	264	0	0.67296659
other_agaricoid	Cortinarius mucosus	2018	243	0	0.33370286
boletus_edulis	Boletus edulis	2023	246	1	0.59708305
boletus_edulis	Boletus edulis	2024	270	1	0.63572396
boletus_edulis	Boletus edulis	2020	202	1	0.78374520
boletus_edulis	Boletus edulis	2025	232	1	0.83249358
other_agaricoid	Hygrophorus camarophyllus	2018	244	0	0.35103059
other_agaricoid	Cystoderma amianthinum	2018	244	0	0.35103059
other_agaricoid	Cortinarius gentilis	2018	244	0	0.35103059
boletus_edulis	Boletus edulis	2018	243	1	0.32388184
other_agaricoid	Amanita fulva	2026	207	0	0.62234299
boletus_edulis	Boletus edulis	2020	202	1	0.75634773
other_agaricoid	Lactarius rufus	2020	238	0	0.38123409
other_agaricoid	Cortinarius traganus	2024	225	0	0.87090140
other_agaricoid	Cyathus striatus	2023	247	0	0.75911318
boletus_edulis	Boletus edulis	2026	196	1	0.76081609
other_agaricoid	Cortinarius subtortus	2024	233	0	0.51329191
boletus_edulis	Boletus edulis	2026	236	1	0.59953000
other_agaricoid	Inocybe lilacina	2025	259	0	0.13671004
other_agaricoid	Russula subfoetens	2024	247	0	0.66409021
other_agaricoid	Amanita battarrae	2024	247	0	0.66409021
other_agaricoid	Entoloma jubatum	2018	242	0	0.29608346
other_agaricoid	Thaxterogaster talus	2018	242	0	0.29608346
other_agaricoid	Lactarius tabidus	2021	256	0	0.50440606
other_agaricoid	Baeospora myriadophylla	2025	259	0	0.15495637
boletus_edulis	Boletus edulis	2026	237	1	0.58142414
other_agaricoid	Clitocybe odora	2020	248	0	0.18060426
other_agaricoid	Hygrocybe cantharellus	2016	257	0	0.63549263
other_agaricoid	Amanita virosa	2026	231	0	0.52495383
boletus_edulis	Boletus edulis	2020	242	1	0.51840332
other_agaricoid	Hygrophorus piceae	2018	244	0	0.33229963
other_agaricoid	Lactarius rufus	2024	236	0	0.43892408
other_agaricoid	Amanita fulva	2024	231	0	0.52137138
other_agaricoid	Russula taigarum	2024	236	0	0.43892408
boletus_edulis	Boletus edulis	2021	235	1	0.65486445
other_agaricoid	Coprinellus disseminatus	2020	290	0	0.17873537
other_agaricoid	Pluteus romellii	2018	245	0	0.27531334
boletus_edulis	Boletus edulis	2026	199	1	0.80912335
other_agaricoid	Cortinarius caperatus	2018	245	0	0.27531334
other_agaricoid	Macrolepiota procera	2022	288	0	0.12608586
other_agaricoid	Marasmius oreades	2026	169	0	0.25551741
other_agaricoid	Hygrophorus gliocyclus	2018	245	0	0.27531334
boletus_edulis	Boletus edulis	2024	235	1	0.73882313
other_agaricoid	Russula sanguinea	2025	243	0	0.68900463
boletus_edulis	Boletus edulis	2025	243	1	0.68900463
other_agaricoid	Hygrocybe reidii	2023	272	0	0.71985654
other_agaricoid	Lactarius tabidus	2020	248	0	0.18141476
other_agaricoid	Psathyrella rostellata	2020	248	0	0.18141476
other_agaricoid	Entoloma jubatum	2020	248	0	0.18274501
boletus_edulis	Boletus edulis	2018	240	1	0.64546533
other_agaricoid	Cortinarius bolaris	2020	257	0	0.45400754
other_agaricoid	Mycena epipterygia	2020	257	0	0.45400754
other_agaricoid	Amanita citrina	2025	269	0	0.58721574
other_agaricoid	Tricholomopsis decora	2024	239	0	0.70695542
boletus_edulis	Boletus edulis	2020	251	1	0.23073749
other_agaricoid	Russula laccata	2012	243	0	0.17158848
other_agaricoid	Armillaria borealis	2025	263	0	0.24898595
other_agaricoid	Hygrophorus karstenii	2018	243	0	0.35459464
other_agaricoid	Tricholoma imbricatum	2018	243	0	0.35459464
other_agaricoid	Cortinarius pholideus	2018	244	0	0.33450318
boletus_edulis	Boletus edulis	2023	203	1	0.75953352
other_agaricoid	Lactarius tabidus	2025	263	0	0.24743698
other_agaricoid	Cystodermella granulosa	2017	217	0	0.43978970
other_agaricoid	Lactarius musteus	2025	275	0	0.35507218
other_agaricoid	Cortinarius laniger	2022	236	0	0.40717852
other_agaricoid	Amanita muscaria	2022	233	0	0.27176583
other_agaricoid	Radulomyces confluens	2009	266	0	0.11381823
other_agaricoid	Cortinarius mucosus	2025	250	0	0.25270375
other_agaricoid	Gomphidius roseus	2024	258	0	0.39528520
other_agaricoid	Lactarius rufus	2013	269	0	0.21415253
other_agaricoid	Melanoleuca strictipes	2024	222	0	0.52329598
other_agaricoid	Coprinopsis atramentaria	2019	235	0	0.40967851
other_agaricoid	Leucocybe connata	2025	246	0	0.45378719
boletus_edulis	Boletus edulis	2025	246	1	0.45378719
other_agaricoid	Hygrocybe conica	2026	194	0	0.24148919
boletus_edulis	Boletus edulis	2025	262	1	0.46540179
other_agaricoid	Hypholoma capnoides	2019	271	0	0.23492054
boletus_edulis	Boletus edulis	2020	202	1	0.73174770
boletus_edulis	Boletus edulis	2021	238	1	0.73203476
boletus_edulis	Boletus edulis	2020	202	1	0.73174770
boletus_edulis	Boletus edulis	2020	202	1	0.73174770
boletus_edulis	Boletus edulis	2020	203	1	0.75106284
other_agaricoid	Stropharia aeruginosa	2021	265	0	0.10865633
other_agaricoid	Laccaria violaceibasis	2016	257	0	0.52966895
other_agaricoid	Phyllotopsis nidulans	2013	253	0	0.20014670
other_agaricoid	Coprinus comatus	2020	285	0	0.32548513
other_agaricoid	Gymnopus confluens	2025	236	0	0.57513143
other_agaricoid	Cortinarius pholideus	2018	247	0	0.23395811
boletus_edulis	Boletus edulis	2021	223	1	0.56996438
other_agaricoid	Hygrophorus karstenii	2023	243	0	0.58257943
other_agaricoid	Hygrophorus gliocyclus	2016	241	0	0.31097617
other_agaricoid	Hygrophorus gliocyclus	2021	247	0	0.21921981
other_agaricoid	Crucibulum laeve	2022	212	0	0.63551056
other_agaricoid	Lyophyllum deliberatum	2016	241	0	0.31097617
other_agaricoid	Thaxterogaster vibratilis	2020	250	0	0.21483231
other_agaricoid	Thaxterogaster talus	2020	250	0	0.21483231
other_agaricoid	Hygrophorus piceae	2023	243	0	0.58257943
boletus_edulis	Boletus edulis	2025	223	1	0.54434775
other_agaricoid	Cortinarius vernus	2025	169	0	0.23344860
other_agaricoid	Cyathus striatus	2025	275	0	0.48543377
other_agaricoid	Russula decolorans	2020	249	0	0.17888212
other_agaricoid	Tricholoma colossus	2009	250	0	0.44299261
boletus_edulis	Boletus edulis	2021	236	1	0.69927433
boletus_edulis	Boletus edulis	2025	249	1	0.42923643
boletus_edulis	Boletus edulis	2021	232	1	0.62817090
other_agaricoid	Marasmius wettsteinii	2020	250	0	0.21628756
other_agaricoid	Cortinarius balaustinus	2022	211	0	0.62075451
other_agaricoid	Hypsizygus tessulatus	2023	268	0	0.60271300
other_agaricoid	Lactarius trivialis	2022	211	0	0.62075451
other_agaricoid	Pseudosperma rimosum	2017	244	0	0.53323941
boletus_edulis	Boletus edulis	2022	297	1	0.05793841
other_agaricoid	Russula paludosa	2021	242	0	0.61154470
other_agaricoid	Rickenella swartzii	2026	185	0	0.63069082
other_agaricoid	Russula vinosa	2017	232	0	0.20135810
boletus_edulis	Boletus edulis	2020	216	1	0.50667043
boletus_edulis	Boletus edulis	2024	220	1	0.75592365
boletus_edulis	Boletus edulis	2024	219	1	0.73039583
other_agaricoid	Phlegmacium balteatum	2025	230	0	0.59675522
other_agaricoid	Chondrostereum purpureum	2025	282	0	0.30842807
other_agaricoid	Lactifluus volemus	2009	258	0	0.48490444
other_agaricoid	Pleurotus pulmonarius	2023	205	0	0.63258822
boletus_edulis	Boletus edulis	2020	200	1	0.65707364
other_agaricoid	Inocybe saliceticola	2018	233	0	0.53904282
other_agaricoid	Galerina paludosa	2011	234	0	0.17698016
boletus_edulis	Boletus edulis	2021	239	1	0.67880495
boletus_edulis	Boletus edulis	2026	225	1	0.55989313
other_agaricoid	Cortinarius trivialis	2026	240	0	0.46124123
other_agaricoid	Cortinarius croceoconus	2018	233	0	0.54083400
boletus_edulis	Boletus edulis	2024	249	1	0.67566809
boletus_edulis	Boletus edulis	2025	265	1	0.36293855
other_agaricoid	Coprinopsis atramentaria	2021	243	0	0.64604276
other_agaricoid	Lactarius turpis	2024	254	0	0.67807551
other_agaricoid	Chondrostereum purpureum	2025	286	0	0.20776981
boletus_edulis	Boletus edulis	2021	247	1	0.58663726
other_agaricoid	Clitocybula platyphylla	2025	189	0	0.34263878
boletus_edulis	Boletus edulis	2024	238	1	0.62517392
boletus_edulis	Boletus edulis	2026	216	1	0.57000583
other_agaricoid	Agaricus campestris	2024	243	0	0.69934424
other_agaricoid	Echinoderma asperum	2025	286	0	0.25152804
boletus_edulis	Boletus edulis	2022	271	1	0.07943572
boletus_edulis	Boletus edulis	2024	258	1	0.83854302
other_agaricoid	Schizophyllum commune	2025	124	0	0.00282728
other_agaricoid	Pleurotus pulmonarius	2024	183	0	0.47488377
boletus_edulis	Boletus edulis	2021	222	1	0.61182273
other_agaricoid	Cortinarius armillatus	2024	239	0	0.60265118
other_agaricoid	Entoloma majaloides	2025	228	0	0.65993024
other_agaricoid	Pleurotus pulmonarius	2010	275	0	0.21363645
other_agaricoid	Phlegmacium claricolor	2018	243	0	0.29500147
other_agaricoid	Russula paludosa	2018	243	0	0.29076019
other_agaricoid	Xeromphalina campanella	2023	207	0	0.54279119
other_agaricoid	Cortinarius brunneus	2018	243	0	0.29076019
other_agaricoid	Amanita muscaria	2020	265	0	0.43023930
other_agaricoid	Thaxterogaster scaurus	2018	243	0	0.29076019
other_agaricoid	Tricholoma colossus	2018	243	0	0.29076019
other_agaricoid	Lactarius vietus	2018	243	0	0.29076019
other_agaricoid	Tricholoma aestuans	2018	243	0	0.29076019
boletus_edulis	Boletus edulis	2020	249	1	0.15735106
boletus_edulis	Boletus edulis	2024	235	1	0.72360860
boletus_edulis	Boletus edulis	2025	265	1	0.48903429
other_agaricoid	Phlegmacium balteatum	2017	217	0	0.35163144
boletus_edulis	Boletus edulis	2022	289	1	0.07121484
other_agaricoid	Agrocybe pediades	2020	257	0	0.41959072
other_agaricoid	Simocybe centunculus	2018	252	0	0.58912669
other_agaricoid	Cortinarius semisanguineus	2025	228	0	0.65462227
other_agaricoid	Tricholomopsis rutilans	2025	228	0	0.66504282
boletus_edulis	Boletus edulis	2025	228	1	0.66504282
other_agaricoid	Russula decolorans	2018	220	0	0.62694605
other_agaricoid	Cortinarius traganus	2025	228	0	0.66504282
other_agaricoid	Xeromphalina campanella	2025	228	0	0.66504282
boletus_edulis	Boletus edulis	2019	236	1	0.32031554
other_agaricoid	Cortinarius armillatus	2026	208	0	0.57693940
other_agaricoid	Inocybe caprimulgi	2016	256	0	0.59164263
other_agaricoid	Lepiota magnispora	2016	256	0	0.59164263
other_agaricoid	Cortinarius vernus	2016	256	0	0.59164263
boletus_edulis	Boletus edulis	2021	239	1	0.60777374
other_agaricoid	Cortinarius traganus	2024	253	0	0.55549287
other_agaricoid	Russula sanguinea	2021	239	0	0.60777374
boletus_edulis	Boletus edulis	2019	267	1	0.30758018
other_agaricoid	Coprinellus micaceus	2020	261	0	0.41887414
other_agaricoid	Lactarius torminosus	2023	226	0	0.56817956
boletus_edulis	Boletus edulis	2026	208	1	0.56976146
other_agaricoid	Russula claroflava	2022	219	0	0.57956126
boletus_edulis	Boletus edulis	2020	259	1	0.40828883
other_agaricoid	Macrolepiota procera	2020	272	0	0.39898753
other_agaricoid	Lactarius turpis	2020	239	0	0.51312936
other_agaricoid	Russula aeruginea	2024	190	0	0.31560054
boletus_edulis	Boletus edulis	2018	268	1	0.30158701
other_agaricoid	Melanoleuca melaleuca	2017	232	0	0.28455652
other_agaricoid	Lycoperdon norvegicum	2016	241	0	0.34906489
other_agaricoid	Amanita muscaria	2023	250	0	0.49002851
other_agaricoid	Tricholoma matsutake	2022	232	0	0.37995860
other_agaricoid	Rhodocollybia asema	2018	268	0	0.30158701
other_agaricoid	Tricholoma imbricatum	2020	250	0	0.23433031
other_agaricoid	Phlegmacium areni-silvae	2023	236	0	0.53803375
other_agaricoid	Coprinus sterquilinus	2025	261	0	0.14179282
other_agaricoid	Pholiota highlandensis	2023	236	0	0.53803375
other_agaricoid	Chroogomphus subfulmineus	2020	250	0	0.22560047
boletus_edulis	Boletus edulis	2020	211	1	0.58513326
other_agaricoid	Cortinarius mucosus	2020	250	0	0.22560047
other_agaricoid	Lactarius musteus	2020	250	0	0.22560047
boletus_edulis	Boletus edulis	2026	236	1	0.61457330
other_agaricoid	Tricholoma stans	2022	258	0	0.21540286
boletus_edulis	Boletus edulis	2021	239	1	0.62930746
boletus_edulis	Boletus edulis	2021	208	1	0.61400724
boletus_edulis	Boletus edulis	2014	249	1	0.58818543
other_agaricoid	Agaricus sylvicola	2014	249	0	0.58818543
other_agaricoid	Russula paludosa	2020	225	0	0.48185767
other_agaricoid	Hygrophoropsis aurantiaca	2025	270	0	0.42023873
boletus_edulis	Boletus edulis	2019	267	1	0.28146927
boletus_edulis	Boletus edulis	2019	267	1	0.28146927
other_agaricoid	Cortinarius armillatus	2014	250	0	0.59741614
other_agaricoid	Pseudolaccaria pachyphylla	2019	266	0	0.28056546
boletus_edulis	Boletus edulis	2025	246	1	0.40094653
other_agaricoid	Aphroditeola olida	2022	225	0	0.30437920
other_agaricoid	Inocybe ochroalba	2019	266	0	0.28056546
boletus_edulis	Boletus edulis	2020	208	1	0.65005197
other_agaricoid	Amanita muscaria	2024	242	0	0.58572260
boletus_edulis	Boletus edulis	2026	238	1	0.60494043
boletus_edulis	Boletus edulis	2026	238	1	0.60494043
boletus_edulis	Boletus edulis	2024	235	1	0.71127286
other_agaricoid	Psathyrella jacobssonii	2018	245	0	0.17085779
boletus_edulis	Boletus edulis	2014	241	1	0.57934399
boletus_edulis	Boletus edulis	2020	206	1	0.72262998
boletus_edulis	Boletus edulis	2024	204	1	0.75352237
other_agaricoid	Bovista aestivalis	2023	215	0	0.57753561
boletus_edulis	Boletus edulis	2024	204	1	0.75352237
other_agaricoid	Panellus mitis	2017	275	0	0.19925584
other_agaricoid	Apioperdon pyriforme	2025	271	0	0.46793637
other_agaricoid	Lepiota felina	2023	259	0	0.51737639
boletus_edulis	Boletus edulis	2023	201	1	0.75089835
other_agaricoid	Tricholomopsis decora	2024	241	0	0.66411599
other_agaricoid	Russula adusta	2023	201	0	0.75089835
other_agaricoid	Russula paludosa	2020	252	0	0.49845242
other_agaricoid	Amanita virosa	2020	252	0	0.49845242
boletus_edulis	Boletus edulis	2026	244	1	0.45667900
boletus_edulis	Boletus edulis	2026	236	1	0.55247851
boletus_edulis	Boletus edulis	2026	236	1	0.55247851
boletus_edulis	Boletus edulis	2024	261	1	0.71516602
boletus_edulis	Boletus edulis	2026	236	1	0.55247851
other_agaricoid	Amanita muscaria	2021	270	0	0.08440726
boletus_edulis	Boletus edulis	2023	247	1	0.68420791
boletus_edulis	Boletus edulis	2024	261	1	0.71516602
other_agaricoid	Clitopilus scyphoides	2026	206	0	0.50521193
other_agaricoid	Ramariopsis flavescens	2024	221	0	0.74985730
boletus_edulis	Boletus edulis	2023	247	1	0.68866845
boletus_edulis	Boletus edulis	2023	247	1	0.68866845
boletus_edulis	Boletus edulis	2019	238	1	0.29394780
boletus_edulis	Boletus edulis	2025	269	1	0.44297517
other_agaricoid	Lactarius rufus	2020	214	0	0.33131078
boletus_edulis	Boletus edulis	2020	228	1	0.47451463
other_agaricoid	Kuehneromyces mutabilis	2019	250	0	0.41061783
boletus_edulis	Boletus edulis	2024	245	1	0.68068647
other_agaricoid	Psathyrella candolleana	2018	251	0	0.62454613
other_agaricoid	Lyophyllum fumosum	2024	262	0	0.51703843
other_agaricoid	Lactarius rufus	2023	217	0	0.73513108
other_agaricoid	Hygrophoropsis aurantiaca	2023	230	0	0.44225319
boletus_edulis	Boletus edulis	2020	255	1	0.38305630
other_agaricoid	Chondrostereum purpureum	2021	271	0	0.08265855
other_agaricoid	Hygrophorus piceae	2018	245	0	0.19703116
other_agaricoid	Hygrophorus korhonenii	2018	245	0	0.19703116
other_agaricoid	Galerina sideroides	2018	245	0	0.19703116
other_agaricoid	Ampulloclitocybe clavipes	2018	251	0	0.20116134
other_agaricoid	Tricholoma stiparophyllum	2018	266	0	0.15072754
boletus_edulis	Boletus edulis	2020	263	1	0.16959851
other_agaricoid	Lentinus brumalis	2021	261	0	0.06122363
other_agaricoid	Entoloma vernum	2025	155	0	0.00684396
boletus_edulis	Boletus edulis	2024	237	1	0.75568847
other_agaricoid	Russula decolorans	2023	268	0	0.29574797
other_agaricoid	Neolentinus lepideus	2023	212	0	0.72953981
boletus_edulis	Boletus edulis	2025	256	1	0.60150481
boletus_edulis	Boletus edulis	2021	238	1	0.67835198
boletus_edulis	Boletus edulis	2021	250	1	0.38402274
other_agaricoid	Russula aeruginea	2021	238	0	0.67835198
boletus_edulis	Boletus edulis	2014	248	1	0.58863006
boletus_edulis	Boletus edulis	2025	264	1	0.55637753
boletus_edulis	Boletus edulis	2025	264	1	0.55637753
boletus_edulis	Boletus edulis	2023	213	1	0.61866945
other_agaricoid	Cystoderma carcharias	2026	236	0	0.27874685
boletus_edulis	Boletus edulis	2025	267	1	0.50800920
other_agaricoid	Amanita regalis	2020	208	0	0.60157288
other_agaricoid	Lactarius rufus	2026	204	0	0.10317984
other_agaricoid	Arrhenia similis	2025	262	0	0.43944990
other_agaricoid	Lepiota oreadiformis	2022	247	0	0.55340834
boletus_edulis	Boletus edulis	2018	246	1	0.45215055
boletus_edulis	Boletus edulis	2026	225	1	0.54089076
boletus_edulis	Boletus edulis	2020	198	1	0.69116069
other_agaricoid	Inocybe mixtilis	2016	260	0	0.47091823
boletus_edulis	Boletus edulis	2020	204	1	0.77434642
other_agaricoid	Russula vinosa	2016	257	0	0.60223969
boletus_edulis	Boletus edulis	2011	239	1	0.66591708
other_agaricoid	Lactarius lignyotus	2011	239	0	0.66591708
boletus_edulis	Boletus edulis	2016	256	1	0.56680064
other_agaricoid	Gymnopus acervatus	2016	256	0	0.56680064
other_agaricoid	Russula integra	2016	256	0	0.56680064
other_agaricoid	Russula vinosa	2016	256	0	0.56680064
boletus_edulis	Boletus edulis	2019	236	1	0.35663330
other_agaricoid	Cortinarius armillatus	2019	250	0	0.43498260
boletus_edulis	Boletus edulis	2024	249	1	0.64032970
boletus_edulis	Boletus edulis	2024	246	1	0.68210496
other_agaricoid	Arrhenia bigelowii	2026	149	0	0.03725134
other_agaricoid	Lactarius rufus	2025	261	0	0.42943227
other_agaricoid	Cortinarius ochrophyllus	2023	261	0	0.15243914
other_agaricoid	Cortinarius adustorimosus	2023	261	0	0.15243914
other_agaricoid	Cortinarius camphoratus	2020	255	0	0.49834987
other_agaricoid	Leucocybe candicans	2026	234	0	0.59975868
other_agaricoid	Hypholoma lateritium	2020	255	0	0.49834987
other_agaricoid	Rhodocybe gemina	2020	254	0	0.51159020
other_agaricoid	Stropharia pseudocyanea	2019	237	0	0.15362596
other_agaricoid	Cortinarius mucosus	2025	228	0	0.61483521
other_agaricoid	Hygrocybe cantharellus	2025	228	0	0.61483521
other_agaricoid	Entoloma sericeum	2016	258	0	0.55075162
boletus_edulis	Boletus edulis	2023	206	1	0.51051201
other_agaricoid	Gerhardtia borealis	2016	282	0	0.11003948
other_agaricoid	Lycoperdon pratense	2016	257	0	0.58323806
other_agaricoid	Entoloma araneosum	2016	257	0	0.58323806
other_agaricoid	Panaeolus papilionaceus	2016	257	0	0.56901738
other_agaricoid	Inocybe lacunarum	2020	254	0	0.51159020
other_agaricoid	Lactarius pyrogalus	2016	257	0	0.56901738
other_agaricoid	Russula pelargonia	2020	254	0	0.51159020
other_agaricoid	Lepiota clypeolaria	2020	255	0	0.49834987
other_agaricoid	Russula taigarum	2010	229	0	0.55439001
other_agaricoid	Cortinarius armillatus	2024	242	0	0.49185842
boletus_edulis	Boletus edulis	2021	234	1	0.73638767
boletus_edulis	Boletus edulis	2026	224	1	0.74443618
boletus_edulis	Boletus edulis	2020	206	1	0.48612609
boletus_edulis	Boletus edulis	2020	254	1	0.51874821
other_agaricoid	Tricholoma equestre	2020	254	0	0.51874821
other_agaricoid	Tricholoma fulvum	2013	278	0	0.26439728
other_agaricoid	Psathyrella jacobssonii	2011	237	0	0.41622158
other_agaricoid	Hygrophorus erubescens	2013	228	0	0.67486926
other_agaricoid	Hygrophoropsis aurantiaca	2020	254	0	0.51874821
boletus_edulis	Boletus edulis	2020	254	1	0.51874821
other_agaricoid	Cortinarius rubellus	2022	207	0	0.79367260
other_agaricoid	Cortinarius fulvescens	2020	254	0	0.51050239
other_agaricoid	Marasmius oreades	2023	217	0	0.54669483
boletus_edulis	Boletus edulis	2022	207	1	0.81945713
boletus_edulis	Boletus edulis	2026	224	1	0.60340836
other_agaricoid	Lycoperdon perlatum	2013	239	0	0.79366343
other_agaricoid	Russula acrifolia	2013	229	0	0.75134638
other_agaricoid	Marasmiellus perforans	2024	233	0	0.86338669
other_agaricoid	Gymnopus confluens	2022	221	0	0.75785129
other_agaricoid	Paxillus involutus	2022	221	0	0.76996890
other_agaricoid	Hygrocybe reidii	2013	238	0	0.77095144
other_agaricoid	Lactarius vietus	2013	238	0	0.77095144
other_agaricoid	Russula aurea	2026	241	0	0.61865801
other_agaricoid	Lactarius turpis	2013	225	0	0.70308272
other_agaricoid	Russula claroflava	2023	231	0	0.81964354
other_agaricoid	Gymnopilus picreus	2017	241	0	0.51646005
boletus_edulis	Boletus edulis	2025	283	1	0.48977878
boletus_edulis	Boletus edulis	2025	259	1	0.57464910
boletus_edulis	Boletus edulis	2019	257	1	0.62099770
other_agaricoid	Lepista nuda	2013	269	0	0.34056178
other_agaricoid	Pholiota flammans	2019	257	0	0.59945198
boletus_edulis	Boletus edulis	2025	273	1	0.67862669
other_agaricoid	Russula claroflava	2026	182	0	0.56211408
boletus_edulis	Boletus edulis	2023	246	1	0.77352251
other_agaricoid	Lactarius utilis	2022	253	0	0.28643596
boletus_edulis	Boletus edulis	2024	249	1	0.65194938
boletus_edulis	Boletus edulis	2025	228	1	0.68530628
other_agaricoid	Hypholoma lateritium	2022	273	0	0.14988147
boletus_edulis	Boletus edulis	2020	201	1	0.69466191
boletus_edulis	Boletus edulis	2020	278	1	0.48570322
other_agaricoid	Stropharia hornemannii	2020	258	0	0.31085334
other_agaricoid	Cortinarius semisanguineus	2021	261	0	0.27282841
other_agaricoid	Clitocybe fragrans	2016	211	0	0.83165632
other_agaricoid	Phlegmacium luteobrunnescens	2016	259	0	0.46705055
other_agaricoid	Tricholoma inamoenum	2020	252	0	0.43419661
other_agaricoid	Tricholoma aestuans	2016	254	0	0.55018306
boletus_edulis	Boletus edulis	2021	225	1	0.86606457
other_agaricoid	Cortinarius armillatus	2020	252	0	0.43419661
boletus_edulis	Boletus edulis	2021	243	1	0.81317905
other_agaricoid	Phyllotopsis nidulans	2023	61	0	0.00005493
other_agaricoid	Cortinarius odhinnii	2020	252	0	0.44611969
other_agaricoid	Protostropharia alcis	2020	253	0	0.45945195
other_agaricoid	Rhodocollybia maculata	2020	253	0	0.45945195
other_agaricoid	Gymnopilus penetrans	2020	252	0	0.44611969
other_agaricoid	Russula clavipes	2016	254	0	0.55223931
other_agaricoid	Cortinarius umbrinolens	2016	254	0	0.55223931
boletus_edulis	Boletus edulis	2020	215	1	0.66883644
other_agaricoid	Inocybe sambucina	2016	258	0	0.49795130
boletus_edulis	Boletus edulis	2016	234	1	0.80687466
other_agaricoid	Inocybe lacera	2016	259	0	0.46115836
boletus_edulis	Boletus edulis	2024	233	1	0.78272768
boletus_edulis	Boletus edulis	2014	244	1	0.74092461
other_agaricoid	Entoloma turci	2024	248	0	0.53530524
boletus_edulis	Boletus edulis	2012	238	1	0.58979741
boletus_edulis	Boletus edulis	2016	207	1	0.81111931
other_agaricoid	Lactarius turpis	2026	224	0	0.70264964
boletus_edulis	Boletus edulis	2021	240	1	0.76398046
other_agaricoid	Stropharia hornemannii	2021	254	0	0.38572570
other_agaricoid	Mycena pterigena	2015	257	0	0.37437566
other_agaricoid	Clitocybe odora	2016	254	0	0.54884072
other_agaricoid	Inocybe napipes	2016	259	0	0.46362113
other_agaricoid	Inocybe soluta	2016	259	0	0.46362113
other_agaricoid	Mycena leptocephala	2020	252	0	0.46807451
boletus_edulis	Boletus edulis	2021	233	1	0.82302275
other_agaricoid	Tricholomopsis rutilans	2016	255	0	0.66221876
other_agaricoid	Russula sanguinea	2016	259	0	0.46967632
boletus_edulis	Boletus edulis	2020	253	1	0.45518940
other_agaricoid	Entoloma sericeum	2015	254	0	0.71338322
other_agaricoid	Lacrymaria glareosa	2020	253	0	0.45518940
other_agaricoid	Inocybe sindonia	2019	268	0	0.38902438
other_agaricoid	Tricholoma stans	2016	257	0	0.66700667
other_agaricoid	Hygrophoropsis aurantiaca	2014	254	0	0.27331587
other_agaricoid	Lycoperdon umbrinum	2020	254	0	0.56545044
boletus_edulis	Boletus edulis	2025	261	1	0.53216445
other_agaricoid	Macrocystidia cucumis	2015	266	0	0.53981121
boletus_edulis	Boletus edulis	2025	261	1	0.51535821
boletus_edulis	Boletus edulis	2025	261	1	0.51535821
other_agaricoid	Cortinarius venustus	2018	253	0	0.44046116
other_agaricoid	Russula medullata	2022	252	0	0.29293148
other_agaricoid	Amanita muscaria	2020	218	0	0.70737278
boletus_edulis	Boletus edulis	2021	232	1	0.80702326
boletus_edulis	Boletus edulis	2020	200	1	0.69541380
other_agaricoid	Flammula alnicola	2025	249	0	0.31709843
other_agaricoid	Kuehneromyces mutabilis	2025	250	0	0.29181488
boletus_edulis	Boletus edulis	2022	218	1	0.76258760
boletus_edulis	Boletus edulis	2024	246	1	0.60427753
other_agaricoid	Tricholoma ulvinenii	2022	253	0	0.25614907
boletus_edulis	Boletus edulis	2020	225	1	0.67913349
other_agaricoid	Tricholomopsis rutilans	2020	253	0	0.46081806
other_agaricoid	Thaxterogaster anomalochrascens	2020	253	0	0.46081806
boletus_edulis	Boletus edulis	2025	278	1	0.46747226
other_agaricoid	Amanita citrina	2020	253	0	0.46081806
other_agaricoid	Cortinarius traganus	2020	253	0	0.46081806
other_agaricoid	Inocybe areolae	2017	240	0	0.50859920
boletus_edulis	Boletus edulis	2021	239	1	0.77153827
boletus_edulis	Boletus edulis	2023	207	1	0.72072212
boletus_edulis	Boletus edulis	2022	226	1	0.67672306
other_agaricoid	Hygrophorus exiguus	2017	246	0	0.49647881
boletus_edulis	Boletus edulis	2020	234	1	0.61250422
other_agaricoid	Gomphidius glutinosus	2020	234	0	0.61250422
boletus_edulis	Boletus edulis	2025	262	1	0.61563888
other_agaricoid	Hygrocybe phaeococcinea	2024	248	0	0.54655954
other_agaricoid	Lyophyllum fumosum	2020	233	0	0.43685218
other_agaricoid	Amanita muscaria	2020	217	0	0.62738397
other_agaricoid	Pholiota lubrica	2022	252	0	0.25833862
other_agaricoid	Tricholoma stiparophyllum	2022	252	0	0.25833862
other_agaricoid	Cantharellula umbonata	2022	255	0	0.23112704
boletus_edulis	Boletus edulis	2021	239	1	0.80159063
other_agaricoid	Lactarius trivialis	2022	222	0	0.46646312
other_agaricoid	Tricholoma focale	2025	246	0	0.36724022
other_agaricoid	Lactarius flavopalustris	2025	229	0	0.68886505
other_agaricoid	Hebeloma monticola	2021	233	0	0.68745600
boletus_edulis	Boletus edulis	2021	233	1	0.68745600
other_agaricoid	Cystostereum murrayi	2019	145	0	0.00549575
other_agaricoid	Baeospora myosura	2021	279	0	0.09747310
boletus_edulis	Boletus edulis	2021	232	1	0.64423707
other_agaricoid	Clitopilus prunulus	2021	225	0	0.65875624
boletus_edulis	Boletus edulis	2025	263	1	0.51769160
other_agaricoid	Entoloma lupinum	2021	262	0	0.17222644
other_agaricoid	Ampulloclitocybe clavipes	2021	231	0	0.65325806
other_agaricoid	Russula paludosa	2017	231	0	0.23224943
other_agaricoid	Clitocybe nebularis	2021	262	0	0.18019277
other_agaricoid	Inocybe geophylla	2021	230	0	0.62322622
other_agaricoid	Amanita muscaria	2021	231	0	0.66893114
boletus_edulis	Boletus edulis	2021	231	1	0.66893114
other_agaricoid	Russula aquosa	2021	264	0	0.13499803
other_agaricoid	Russula gracillima	2021	228	0	0.69085743
boletus_edulis	Boletus edulis	2021	264	1	0.13499803
other_agaricoid	Cortinarius mucosus	2025	229	0	0.69433372
other_agaricoid	Inocybe whitei	2021	228	0	0.69085743
other_agaricoid	Flammulaster muricatus	2021	228	0	0.67584382
other_agaricoid	Crepidotus caspari	2021	230	0	0.63885173
other_agaricoid	Entoloma lampropus	2021	264	0	0.13499803
other_agaricoid	Russula grisescens	2021	230	0	0.64463200
other_agaricoid	Lactarius scrobiculatus	2021	261	0	0.18272316
boletus_edulis	Boletus edulis	2020	203	1	0.78263753
boletus_edulis	Boletus edulis	2021	244	1	0.48892371
other_agaricoid	Hygrophorus hedrychii	2016	241	0	0.35939856
other_agaricoid	Laccaria proximella	2013	246	0	0.26190882
other_agaricoid	Russula queletii	2026	200	0	0.37404139
other_agaricoid	Lyophyllum anthracophilum	2021	246	0	0.19631776
other_agaricoid	Hygrophorus piceae	2021	246	0	0.19978953
other_agaricoid	Clitocybe foetens	2016	241	0	0.34369509
other_agaricoid	Armillaria borealis	2021	254	0	0.37255197
other_agaricoid	Cystodermella cinnabarina	2021	255	0	0.17823610
other_agaricoid	Tricholoma vaccinum	2021	255	0	0.17823610
other_agaricoid	Lactarius torminosus	2018	245	0	0.21391085
other_agaricoid	Hygrophorus camarophyllus	2020	263	0	0.20367056
other_agaricoid	Lentinellus vulpinus	2012	237	0	0.13087863
other_agaricoid	Lactarius spinosulus	2017	238	0	0.54358023
other_agaricoid	Cortinarius caperatus	2017	239	0	0.53303734
other_agaricoid	Clitocybe odora	2017	239	0	0.55091465
other_agaricoid	Lactarius leonis	2017	242	0	0.56138097
other_agaricoid	Coprinellus sclerocystidiosus	2021	246	0	0.20422421
other_agaricoid	Paralepista gilva	2021	246	0	0.20422421
boletus_edulis	Boletus edulis	2022	175	1	0.33416255
other_agaricoid	Lactarius fennoscandicus	2021	214	0	0.66423134
other_agaricoid	Inocybe virgatula	2020	252	0	0.42135151
other_agaricoid	Hygrophoropsis aurantiaca	2019	275	0	0.30060509
other_agaricoid	Lepista subconnexa	2019	264	0	0.26307082
other_agaricoid	Russula gracillima	2020	252	0	0.42135151
other_agaricoid	Hygrocybe salicis-herbaceae	2025	229	0	0.74973523
other_agaricoid	Calocybe naucoria	2017	243	0	0.47557238
other_agaricoid	Tricholoma fulvum	2020	252	0	0.42020355
other_agaricoid	Cortinarius laniger	2026	239	0	0.52244605
other_agaricoid	Russula vesca	2016	258	0	0.48977695
boletus_edulis	Boletus edulis	2017	241	1	0.51005240
other_agaricoid	Pholiota flammans	2020	233	0	0.53279151
other_agaricoid	Lactarius repraesentaneus	2014	250	0	0.33010285
other_agaricoid	Phlegmacium rosargutum	2014	250	0	0.33010285
other_agaricoid	Lactarius hysginus	2021	263	0	0.11350403
other_agaricoid	Tricholomopsis rutilans	2017	242	0	0.51561357
boletus_edulis	Boletus edulis	2021	254	1	0.17587729
other_agaricoid	Laccaria laccata	2021	234	0	0.64463000
boletus_edulis	Boletus edulis	2021	234	1	0.64463000
other_agaricoid	Entoloma cetratum	2017	243	0	0.45753047
other_agaricoid	Protostropharia alcis	2017	243	0	0.45753047
other_agaricoid	Pholiota scamba	2010	267	0	0.14793792
other_agaricoid	Mythicomyces corneipes	2024	255	0	0.57569346
boletus_edulis	Boletus edulis	2025	253	1	0.36320614
other_agaricoid	Cystostereum murrayi	2010	1	0	0.00000139
other_agaricoid	Apioperdon pyriforme	2025	288	0	0.25339195
other_agaricoid	Tricholoma portentosum	2016	255	0	0.27210905
boletus_edulis	Boletus edulis	2020	221	1	0.74575010
other_agaricoid	Inocybe acutopapillata	2016	256	0	0.53682333
other_agaricoid	Marasmiellus perforans	2023	269	0	0.32462317
other_agaricoid	Amanita muscaria	2023	269	0	0.31518436
boletus_edulis	Boletus edulis	2020	220	1	0.68573845
other_agaricoid	Tricholoma psammopus	2020	262	0	0.59233826
other_agaricoid	Inocybe appendiculata	2024	244	0	0.61433257
other_agaricoid	Cortinarius armillatus	2023	241	0	0.49508496
other_agaricoid	Russula graminea	2018	242	0	0.45852973
other_agaricoid	Russula nitida	2020	234	0	0.39355491
boletus_edulis	Boletus edulis	2022	223	1	0.53357562
other_agaricoid	Cortinarius venustus	2023	236	0	0.66531794
boletus_edulis	Boletus edulis	2025	192	1	0.41761951
other_agaricoid	Cystostereum murrayi	2025	285	0	0.19066680
other_agaricoid	Amanita muscaria	2020	219	0	0.69890905
boletus_edulis	Boletus edulis	2023	221	1	0.77027838
other_agaricoid	Mycena inclinata	2022	216	0	0.71345817
boletus_edulis	Boletus edulis	2025	264	1	0.38148333
other_agaricoid	Entoloma nitriolens	2020	237	0	0.27565784
boletus_edulis	Boletus edulis	2009	261	1	0.56221616
other_agaricoid	Entoloma majaloides	2010	236	0	0.66601219
other_agaricoid	Inocybe flavella	2022	211	0	0.81533075
boletus_edulis	Boletus edulis	2020	204	1	0.82667051
other_agaricoid	Gymnopus dryophilus	2020	204	0	0.82667051
other_agaricoid	Entoloma vernum	2025	151	0	0.01662721
boletus_edulis	Boletus edulis	2026	228	1	0.54679223
other_agaricoid	Melanoleuca melaleuca	2021	252	0	0.19554578
other_agaricoid	Entoloma paragaudatum	2021	251	0	0.23005508
other_agaricoid	Phlegmacium glaucopus	2021	277	0	0.05756150
other_agaricoid	Lactarius scrobiculatus	2021	252	0	0.19565573
other_agaricoid	Russula claroflava	2023	214	0	0.67277340
other_agaricoid	Gymnopus confluens	2019	254	0	0.45212397
other_agaricoid	Ripartites albidoincarnatus	2019	241	0	0.21785451
boletus_edulis	Boletus edulis	2020	220	1	0.63659140
other_agaricoid	Mycena maculata	2017	239	0	0.46098650
other_agaricoid	Cantharellopsis prescotii	2021	276	0	0.05892126
other_agaricoid	Clitocybula platyphylla	2014	243	0	0.83318108
other_agaricoid	Lactarius glyciosmus	2021	249	0	0.28528987
other_agaricoid	Inocybe nitidiuscula	2021	276	0	0.05882449
other_agaricoid	Hygrophorus hypothejus	2021	268	0	0.05808981
boletus_edulis	Boletus edulis	2020	201	1	0.65286157
other_agaricoid	Gomphidius roseus	2021	243	0	0.50285906
boletus_edulis	Boletus edulis	2018	239	1	0.38289170
other_agaricoid	Flammula alnicola	2018	239	0	0.38289170
other_agaricoid	Russula decolorans	2026	198	0	0.33637624
other_agaricoid	Hebeloma clavulipes	2017	239	0	0.40547987
boletus_edulis	Boletus edulis	2023	212	1	0.74709370
other_agaricoid	Mycena abramsii	2013	174	0	0.37517127
other_agaricoid	Clitopilus scyphoides	2013	263	0	0.39992327
other_agaricoid	Calonarius piceae	2013	263	0	0.39992327
other_agaricoid	Tubaria conspersa	2013	236	0	0.61411063
other_agaricoid	Lactarius torminosus	2020	220	0	0.61100634
other_agaricoid	Cortinarius caperatus	2018	280	0	0.26976303
boletus_edulis	Boletus edulis	2020	217	1	0.48389358
boletus_edulis	Boletus edulis	2021	201	1	0.64588287
boletus_edulis	Boletus edulis	2021	221	1	0.49886664
boletus_edulis	Boletus edulis	2021	230	1	0.48962989
boletus_edulis	Boletus edulis	2021	231	1	0.50742918
other_agaricoid	Lactarius rufus	2021	221	0	0.49886664
other_agaricoid	Lactarius torminosus	2021	261	0	0.24760001
other_agaricoid	Cortinarius sanguineus	2017	270	0	0.35174639
other_agaricoid	Tricholoma apium	2022	256	0	0.28776644
other_agaricoid	Tricholoma arvernense	2022	256	0	0.28776644
other_agaricoid	Lyophyllum fumosum	2022	256	0	0.28776644
boletus_edulis	Boletus edulis	2023	210	1	0.72449472
other_agaricoid	Cortinarius agathosmus	2013	251	0	0.31556651
other_agaricoid	Lactarius helvus	2024	213	0	0.73004417
boletus_edulis	Boletus edulis	2023	260	1	0.54727307
boletus_edulis	Boletus edulis	2023	247	1	0.62846082
other_agaricoid	Rhodocollybia maculata	2025	231	0	0.75703926
boletus_edulis	Boletus edulis	2009	245	1	0.50102206
boletus_edulis	Boletus edulis	2012	210	1	0.56127536
other_agaricoid	Aphanobasidium pseudotsugae	2021	244	0	0.20527678
other_agaricoid	Russula vesca	2012	240	0	0.39915976
other_agaricoid	Cystodermella adnatifolia	2012	240	0	0.39915976
boletus_edulis	Boletus edulis	2012	210	1	0.54927703
boletus_edulis	Boletus edulis	2012	209	1	0.53528282
other_agaricoid	Hebeloma pseudofragilipes	2012	269	0	0.18167025
boletus_edulis	Boletus edulis	2012	209	1	0.53528282
boletus_edulis	Boletus edulis	2021	261	1	0.20798608
other_agaricoid	Cystostereum murrayi	2013	240	0	0.39912517
other_agaricoid	Entoloma fluviale	2019	230	0	0.21799348
boletus_edulis	Boletus edulis	2023	210	1	0.78806463
other_agaricoid	Lactarius rufus	2023	210	0	0.78806463
other_agaricoid	Lactarius rufus	2024	231	0	0.80223222
boletus_edulis	Boletus edulis	2025	272	1	0.52565470
other_agaricoid	Inocybe castanea	2014	242	0	0.83512340
other_agaricoid	Mycena citrinomarginata	2025	270	0	0.27070615
boletus_edulis	Boletus edulis	2026	239	1	0.49459784
other_agaricoid	Lactarius lignyotus	2024	244	0	0.78248224
other_agaricoid	Infundibulicybe gibba	2020	213	0	0.60707075
boletus_edulis	Boletus edulis	2025	238	1	0.56245494
other_agaricoid	Gomphidius glutinosus	2025	238	0	0.56245494
boletus_edulis	Boletus edulis	2020	218	1	0.75783237
boletus_edulis	Boletus edulis	2020	220	1	0.75753063
boletus_edulis	Boletus edulis	2020	219	1	0.74644915
boletus_edulis	Boletus edulis	2024	237	1	0.66014894
other_agaricoid	Calocybe gangraenosa	2015	249	0	0.24669759
other_agaricoid	Mycena pura	2024	245	0	0.68044751
other_agaricoid	Hygrophoropsis aurantiaca	2021	232	0	0.73745438
boletus_edulis	Boletus edulis	2025	240	1	0.69830333
boletus_edulis	Boletus edulis	2026	199	1	0.53952672
boletus_edulis	Boletus edulis	2024	257	1	0.70702235
other_agaricoid	Kuehneromyces mutabilis	2024	312	0	0.06954338
boletus_edulis	Boletus edulis	2025	240	1	0.67504344
other_agaricoid	Paralepista flaccida	2020	327	0	0.06484887
boletus_edulis	Boletus edulis	2020	218	1	0.64178420
boletus_edulis	Boletus edulis	2021	228	1	0.69635325
other_agaricoid	Gomphidius glutinosus	2020	221	0	0.82332929
other_agaricoid	Lyophyllum decastes	2023	286	0	0.42820623
boletus_edulis	Boletus edulis	2020	215	1	0.52783343
other_agaricoid	Armillaria borealis	2018	251	0	0.72515966
other_agaricoid	Agaricus sylvicola	2017	282	0	0.30732793
other_agaricoid	Lactarius olivinus	2020	242	0	0.21660082
other_agaricoid	Infundibulicybe gibba	2020	220	0	0.59877707
other_agaricoid	Mycena rosella	2018	296	0	0.08521503
other_agaricoid	Cortinarius violaceus	2020	242	0	0.19477664
other_agaricoid	Russula betularum	2020	224	0	0.80801069
boletus_edulis	Boletus edulis	2020	223	1	0.81522468
other_agaricoid	Arrhenia velutipes	2022	181	0	0.50493319
other_agaricoid	Russula claroflava	2023	226	0	0.84877349
boletus_edulis	Boletus edulis	2023	226	1	0.84877349
other_agaricoid	Russula adusta	2023	226	0	0.84877349
other_agaricoid	Flammulaster limulatus	2017	232	0	0.61454995
other_agaricoid	Cystodermella cinnabarina	2017	260	0	0.45427592
boletus_edulis	Boletus edulis	2017	233	1	0.63767734
other_agaricoid	Russula aeruginea	2017	231	0	0.62392681
other_agaricoid	Xeromphalina campanella	2025	130	0	0.00744042
other_agaricoid	Gymnopus acervatus	2018	248	0	0.70206350
other_agaricoid	Lactarius rufus	2019	191	0	0.44865298
other_agaricoid	Entoloma montanum	2021	240	0	0.40658885
other_agaricoid	Cantharellopsis prescotii	2021	241	0	0.43277018
other_agaricoid	Sphagnurus paluster	2025	221	0	0.86815311
other_agaricoid	Infundibulicybe squamulosa	2026	179	0	0.48470487
other_agaricoid	Russula decolorans	2024	263	0	0.69944860
other_agaricoid	Rhodocollybia maculata	2021	239	0	0.37344887
other_agaricoid	Galerina sphagnorum	2021	240	0	0.41704541
other_agaricoid	Hebeloma clavulipes	2021	239	0	0.37141405
other_agaricoid	Inocybe pseudoteraturgus	2021	240	0	0.41451566
other_agaricoid	Mycena galericulata	2021	268	0	0.07077419
other_agaricoid	Fayodia bisphaerigera	2021	268	0	0.07077419
other_agaricoid	Russula paludosa	2021	239	0	0.37141405
other_agaricoid	Mycena clavicularis	2021	268	0	0.07077419
boletus_edulis	Boletus edulis	2022	233	1	0.52972070
boletus_edulis	Boletus edulis	2024	247	1	0.75477161
boletus_edulis	Boletus edulis	2025	243	1	0.66032223
boletus_edulis	Boletus edulis	2025	243	1	0.66032223
other_agaricoid	Marasmius epiphyllus	2025	286	0	0.32380123
other_agaricoid	Strobilurus stephanocystis	2025	264	0	0.51152663
boletus_edulis	Boletus edulis	2025	255	1	0.56261194
other_agaricoid	Cortinarius evernius	2025	243	0	0.66032223
other_agaricoid	Collybia cirrhata	2025	260	0	0.56707935
boletus_edulis	Boletus edulis	2025	255	1	0.56261194
boletus_edulis	Boletus edulis	2025	243	1	0.66032223
boletus_edulis	Boletus edulis	2023	210	1	0.79593225
boletus_edulis	Boletus edulis	2017	230	1	0.56755133
other_agaricoid	Apioperdon pyriforme	2021	262	0	0.23174133
other_agaricoid	Mycena epipterygia	2018	249	0	0.25932999
other_agaricoid	Thaxterogaster porphyropus	2018	249	0	0.25932999
other_agaricoid	Hygrocybe salicis-herbaceae	2021	245	0	0.23305649
other_agaricoid	Lactarius deliciosus	2026	239	0	0.58650890
other_agaricoid	Amanita fulva	2026	248	0	0.47961297
other_agaricoid	Lactarius lapponicus	2018	249	0	0.25297744
boletus_edulis	Boletus edulis	2020	247	1	0.46501794
boletus_edulis	Boletus edulis	2020	200	1	0.68256117
boletus_edulis	Boletus edulis	2025	244	1	0.30445246
other_agaricoid	Lactarius trivialis	2023	260	0	0.31342443
boletus_edulis	Boletus edulis	2020	205	1	0.69839268
other_agaricoid	Mystinarius lustrabilis	2021	245	0	0.22097794
boletus_edulis	Boletus edulis	2021	230	1	0.64137456
other_agaricoid	Cortinarius cinnamomeus	2014	262	0	0.14186959
other_agaricoid	Protostropharia alcis	2014	262	0	0.14186959
other_agaricoid	Mycenella lasiosperma	2017	143	0	0.00497761
boletus_edulis	Boletus edulis	2019	251	1	0.43583331
other_agaricoid	Tricholoma stans	2020	244	0	0.13999925
other_agaricoid	Sarcomyxa serotina	2025	264	0	0.15102624
other_agaricoid	Gymnopus putillus	2012	255	0	0.08072404
boletus_edulis	Boletus edulis	2021	216	1	0.78770245
other_agaricoid	Hygrophoropsis aurantiaca	2025	266	0	0.41585381
other_agaricoid	Gomphidius glutinosus	2021	230	0	0.75792018
other_agaricoid	Aphanobasidium pseudotsugae	2017	258	0	0.45459705
boletus_edulis	Boletus edulis	2021	229	1	0.76071602
other_agaricoid	Lactarius rufus	2022	211	0	0.78783686
boletus_edulis	Boletus edulis	2025	244	1	0.50477531
other_agaricoid	Cortinarius malicorius	2016	216	0	0.64831776
other_agaricoid	Lactarius scrobiculatus	2020	263	0	0.36680217
boletus_edulis	Boletus edulis	2018	272	1	0.21719080
other_agaricoid	Lactarius scrobiculatus	2020	259	0	0.27135787
other_agaricoid	Cortinarius violaceus	2020	258	0	0.27542934
other_agaricoid	Calonarius aureofulvus	2009	265	0	0.43178526
other_agaricoid	Entoloma asprellum	2023	229	0	0.37724577
boletus_edulis	Boletus edulis	2025	250	1	0.38437608
other_agaricoid	Lactarius mammosus	2010	229	0	0.63816866
other_agaricoid	Inocybe napipes	2023	227	0	0.48257375
boletus_edulis	Boletus edulis	2023	206	1	0.60268816
boletus_edulis	Boletus edulis	2026	239	1	0.69593181
other_agaricoid	Armillaria borealis	2021	238	0	0.72284462
other_agaricoid	Hebeloma hiemale	2012	254	0	0.14852175
boletus_edulis	Boletus edulis	2024	246	1	0.67833650
other_agaricoid	Entoloma mutabilipes	2021	237	0	0.33164305
other_agaricoid	Hebeloma velutipes	2021	237	0	0.33228153
other_agaricoid	Psathyrella panaeoloides	2021	237	0	0.33228153
other_agaricoid	Hebeloma mesophaeum	2021	237	0	0.33228153
other_agaricoid	Inocybe geophylla	2021	237	0	0.33228153
other_agaricoid	Cystoderma jasonis	2021	236	0	0.31073487
other_agaricoid	Lactarius mammosus	2021	236	0	0.31073487
other_agaricoid	Lactarius auriolla	2018	251	0	0.31053411
boletus_edulis	Boletus edulis	2019	239	1	0.36140177
other_agaricoid	Lactarius repraesentaneus	2013	224	0	0.44865722
boletus_edulis	Boletus edulis	2018	238	1	0.79593467
other_agaricoid	Lactarius scrobiculatus	2021	233	0	0.53920005
other_agaricoid	Entoloma paragaudatum	2021	246	0	0.31525971
boletus_edulis	Boletus edulis	2020	211	1	0.52928455
other_agaricoid	Russula aquosa	2021	274	0	0.05585160
other_agaricoid	Calonarius flavipallens	2021	274	0	0.05585160
other_agaricoid	Lactarius scrobiculatus	2021	246	0	0.31243074
other_agaricoid	Mycena flavescens	2021	274	0	0.05585160
other_agaricoid	Lactarius resimus	2024	247	0	0.65349484
other_agaricoid	Aspropaxillus giganteus	2019	241	0	0.40353333
boletus_edulis	Boletus edulis	2024	248	1	0.67122808
boletus_edulis	Boletus edulis	2024	225	1	0.77646937
boletus_edulis	Boletus edulis	2020	228	1	0.59322481
boletus_edulis	Boletus edulis	2017	257	1	0.53893675
other_agaricoid	Russula olivobrunnea	2021	248	0	0.23406793
other_agaricoid	Thaxterogaster multiformis	2024	247	0	0.66459471
boletus_edulis	Boletus edulis	2021	255	1	0.38263706
other_agaricoid	Russula aeruginea	2024	195	0	0.63474145
other_agaricoid	Cortinarius odhinnii	2009	260	0	0.40028335
other_agaricoid	Cortinarius neofurvolaesus	2009	260	0	0.40028335
other_agaricoid	Cortinarius tortuosus	2009	259	0	0.38782817
other_agaricoid	Cortinarius heterodepressus	2009	260	0	0.40028335
other_agaricoid	Cortinarius evernius	2009	259	0	0.38782817
other_agaricoid	Cortinarius umbrinolens	2009	259	0	0.38782817
other_agaricoid	Calocybe gangraenosa	2009	259	0	0.38782817
other_agaricoid	Lactarius lignyotus	2009	259	0	0.38782817
other_agaricoid	Cortinarius carabus	2009	260	0	0.40028335
other_agaricoid	Cortinarius suberi	2009	260	0	0.40028335
other_agaricoid	Hypholoma capnoides	2020	243	0	0.22402620
boletus_edulis	Boletus edulis	2019	241	1	0.42170544
boletus_edulis	Boletus edulis	2024	236	1	0.60014126
other_agaricoid	Lactarius lignyotus	2024	236	0	0.60014126
other_agaricoid	Lactarius trivialis	2024	236	0	0.60014126
boletus_edulis	Boletus edulis	2024	249	1	0.70859629
boletus_edulis	Boletus edulis	2024	236	1	0.60014126
other_agaricoid	Cortinarius traganus	2024	236	0	0.60014126
other_agaricoid	Lactarius turpis	2024	236	0	0.60014126
other_agaricoid	Gomphidius glutinosus	2024	236	0	0.60014126
other_agaricoid	Calocybe naucoria	2009	259	0	0.40846017
other_agaricoid	Russula rhodopus	2017	225	0	0.63926942
boletus_edulis	Boletus edulis	2024	236	1	0.60798095
other_agaricoid	Lactarius camphoratus	2024	236	0	0.60798095
other_agaricoid	Marasmiellus perforans	2024	236	0	0.60798095
other_agaricoid	Lentinus ciliatus	2009	258	0	0.42710549
other_agaricoid	Cortinarius lucorum	2009	259	0	0.45007661
other_agaricoid	Mycena clavicularis	2009	259	0	0.45007661
other_agaricoid	Paralepista gilva	2009	259	0	0.45007661
other_agaricoid	Cortinarius rufulus	2009	259	0	0.45007661
other_agaricoid	Hygrocybe coccineocrenata	2026	245	0	0.49477883
boletus_edulis	Boletus edulis	2023	219	1	0.75684202
other_agaricoid	Clitocybe nebularis	2021	244	0	0.54433613
other_agaricoid	Russula paludosa	2026	241	0	0.23715311
other_agaricoid	Cortinarius adustorimosus	2009	264	0	0.42000556
other_agaricoid	Cortinarius coleoptera	2009	265	0	0.42443285
other_agaricoid	Cortinarius acutus	2009	258	0	0.37920792
other_agaricoid	Gerhardtia borealis	2009	260	0	0.41461140
other_agaricoid	Clitocybe diatreta	2009	260	0	0.41461140
other_agaricoid	Cortinarius fuscoalbus	2009	260	0	0.46964279
other_agaricoid	Leucocybe candicans	2009	260	0	0.46964279
other_agaricoid	Clitocybe metachroa	2009	260	0	0.46964279
other_agaricoid	Russula aurantioflammans	2021	233	0	0.51353612
other_agaricoid	Russula clavipes	2021	233	0	0.51353612
other_agaricoid	Russula gracillima	2016	237	0	0.77179499
other_agaricoid	Lactarius uvidus	2022	220	0	0.54040860
other_agaricoid	Bovista paludosa	2018	229	0	0.71408522
other_agaricoid	Entoloma korhonenii	2018	229	0	0.71408522
other_agaricoid	Inocybe appendiculata	2018	229	0	0.71392745
other_agaricoid	Mycena acicula	2018	229	0	0.71392745
other_agaricoid	Hygrocybe salicis-herbaceae	2016	239	0	0.33163672
other_agaricoid	Pholiotina vexans	2018	248	0	0.25641242
other_agaricoid	Tubaria confragosa	2018	248	0	0.25641242
other_agaricoid	Gymnopus acervatus	2018	248	0	0.25641242
other_agaricoid	Galerina triscopa	2018	248	0	0.25641242
other_agaricoid	Mycena vulgaris	2018	248	0	0.25641242
other_agaricoid	Paralepista gilva	2016	239	0	0.33163672
other_agaricoid	Atheniella adonis	2016	239	0	0.33163672
other_agaricoid	Agaricus jacobi	2018	248	0	0.25641242
other_agaricoid	Pholiota squarrosoides	2009	258	0	0.46152435
other_agaricoid	Cortinarius helvelloides	2009	258	0	0.46152435
other_agaricoid	Mycena rubromarginata	2009	258	0	0.46152435
other_agaricoid	Clitocybe vibecina	2009	258	0	0.46152435
other_agaricoid	Tubaria furfuracea	2009	258	0	0.46152435
other_agaricoid	Cortinarius hinnuleus	2009	258	0	0.46152435
other_agaricoid	Cortinarius castaneus	2009	258	0	0.46152435
other_agaricoid	Psathyrella rubiginosa	2009	258	0	0.46152435
other_agaricoid	Lepista luscina	2009	258	0	0.46152435
other_agaricoid	Hebeloma nigellum	2009	258	0	0.46152435
other_agaricoid	Lepiota oreadiformis	2009	258	0	0.46152435
other_agaricoid	Cortinarius fervidus	2009	258	0	0.46152435
other_agaricoid	Pholiota lubrica	2009	258	0	0.46152435
other_agaricoid	Flammula alnicola	2026	241	0	0.22795159
other_agaricoid	Hebeloma lutense	2012	253	0	0.14070170
other_agaricoid	Entoloma fluviale	2020	240	0	0.33045728
other_agaricoid	Entoloma fluviale	2020	240	0	0.33045728
other_agaricoid	Lactarius lapponicus	2012	253	0	0.14070170
other_agaricoid	Protostropharia alcis	2012	253	0	0.14070170
other_agaricoid	Marasmius siccus	2012	253	0	0.14070170
other_agaricoid	Melanoleuca polioleuca	2012	253	0	0.14070170
boletus_edulis	Boletus edulis	2010	258	1	0.28152569
other_agaricoid	Cortinarius subtortus	2026	207	0	0.42444248
other_agaricoid	Infundibulicybe squamulosa	2026	206	0	0.43713856
other_agaricoid	Stropharia caerulea	2009	258	0	0.47623277
other_agaricoid	Coprinopsis atramentaria	2009	258	0	0.47623277
other_agaricoid	Entoloma sericeum	2020	264	0	0.40419877
other_agaricoid	Gomphidius glutinosus	2020	264	0	0.40419877
other_agaricoid	Entoloma sericatum	2012	228	0	0.42094302
other_agaricoid	Mycena haematopus	2012	228	0	0.42094302
other_agaricoid	Psilocybe semilanceata	2012	256	0	0.13455279
other_agaricoid	Russula favrei	2012	228	0	0.42094302
other_agaricoid	Hebeloma sacchariolens	2009	265	0	0.52012174
other_agaricoid	Russula consobrina	2019	236	0	0.28993045
boletus_edulis	Boletus edulis	2023	200	1	0.64757061
boletus_edulis	Boletus edulis	2023	201	1	0.64420514
other_agaricoid	Lentinus brumalis	2025	58	0	0.00015283
other_agaricoid	Amanita rubescens	2020	301	0	0.13415209
boletus_edulis	Boletus edulis	2026	185	1	0.53472211
other_agaricoid	Russula foetens	2026	196	0	0.56540442
other_agaricoid	Hygrocybe cantharellus	2026	196	0	0.56560016
boletus_edulis	Boletus edulis	2021	243	1	0.50804015
other_agaricoid	Agaricus arvensis	2026	211	0	0.43303897
boletus_edulis	Boletus edulis	2026	236	1	0.75286069
other_agaricoid	Russula aeruginea	2012	229	0	0.39050366
other_agaricoid	Chlorophyllum olivieri	2020	250	0	0.49505785
other_agaricoid	Lactarius hysginus	2012	258	0	0.10586980
boletus_edulis	Boletus edulis	2020	210	1	0.53496152
boletus_edulis	Boletus edulis	2021	239	1	0.71835242
boletus_edulis	Boletus edulis	2018	265	1	0.61009016
other_agaricoid	Amanita virosa	2018	265	0	0.61009016
other_agaricoid	Crepidotus subverrucisporus	2012	257	0	0.12135576
other_agaricoid	Clitocybe lohjaënsis	2012	257	0	0.12135576
other_agaricoid	Marasmiellus perforans	2012	229	0	0.38740236
other_agaricoid	Marasmiellus perforans	2012	257	0	0.12135576
other_agaricoid	Cortinarius armillatus	2020	220	0	0.81244461
other_agaricoid	Amanita olivaceogrisea	2009	258	0	0.42429409
other_agaricoid	Hygrophorus camarophyllus	2018	276	0	0.21756971
other_agaricoid	Conocybe moseri	2009	258	0	0.46210860
other_agaricoid	Cortinarius umbrinolens	2009	258	0	0.46210860
boletus_edulis	Boletus edulis	2010	257	1	0.12721784
other_agaricoid	Aphanobasidium pseudotsugae	2024	259	0	0.56311454
boletus_edulis	Boletus edulis	2025	250	1	0.38328469
other_agaricoid	Lactarius deterrimus	2025	250	0	0.38328469
other_agaricoid	Phyllotopsis nidulans	2020	288	0	0.10776256
other_agaricoid	Cortinarius collinitus	2025	245	0	0.55242626
other_agaricoid	Cortinarius semisanguineus	2025	263	0	0.36371955
boletus_edulis	Boletus edulis	2025	244	1	0.60104450
other_agaricoid	Russula versatilis	2018	231	0	0.67245261
other_agaricoid	Lactarius vietus	2021	242	0	0.40262287
other_agaricoid	Cystoderma jasonis	2012	255	0	0.13641166
other_agaricoid	Agaricus sylvicola	2016	237	0	0.82881818
other_agaricoid	Hebeloma dunense	2012	228	0	0.42710264
other_agaricoid	Russula aurantioflammans	2021	243	0	0.38712741
other_agaricoid	Mycena metata	2021	271	0	0.05415487
other_agaricoid	Amanita muscaria	2025	280	0	0.20821085
other_agaricoid	Lentinus brumalis	2017	152	0	0.01029984
other_agaricoid	Clitocybe odora	2021	243	0	0.38712741
other_agaricoid	Lactarius pilatii	2015	229	0	0.32856469
other_agaricoid	Mycena maculata	2021	259	0	0.15444938
boletus_edulis	Boletus edulis	2024	253	1	0.78954222
other_agaricoid	Entoloma sericeum	2026	189	0	0.38599772
other_agaricoid	Lycoperdon perlatum	2023	215	0	0.78917114
boletus_edulis	Boletus edulis	2023	213	1	0.77961098
other_agaricoid	Tricholoma roseoacerbum	2020	245	0	0.51387822
boletus_edulis	Boletus edulis	2021	221	1	0.83000413
other_agaricoid	Cantharellopsis prescotii	2021	245	0	0.26790555
other_agaricoid	Phlegmacium triumphans	2024	294	0	0.08674785
boletus_edulis	Boletus edulis	2026	234	1	0.66786887
boletus_edulis	Boletus edulis	2020	199	1	0.74845250
boletus_edulis	Boletus edulis	2020	203	1	0.73083816
boletus_edulis	Boletus edulis	2010	241	1	0.78863679
other_agaricoid	Cortinarius traganus	2026	237	0	0.67578063
boletus_edulis	Boletus edulis	2018	257	1	0.55111210
other_agaricoid	Lepiota magnispora	2009	261	0	0.45750588
other_agaricoid	Galerina marginata	2009	261	0	0.45750588
other_agaricoid	Kauffmania larga	2009	261	0	0.45750588
boletus_edulis	Boletus edulis	2020	228	1	0.87494867
boletus_edulis	Boletus edulis	2022	241	1	0.66770956
other_agaricoid	Cortinarius brunneus	2016	252	0	0.44577059
other_agaricoid	Cortinarius alboviolaceus	2009	261	0	0.44654985
other_agaricoid	Cortinarius erubescens	2009	261	0	0.44654985
other_agaricoid	Cortinarius cinnamomeus	2009	261	0	0.44654985
other_agaricoid	Psathyrella piluliformis	2009	261	0	0.44654985
other_agaricoid	Panaeolus ater	2009	261	0	0.44654985
other_agaricoid	Amanita crocea	2024	230	0	0.66243291
other_agaricoid	Laccaria bicolor	2023	269	0	0.67228425
other_agaricoid	Neohygrocybe nitrata	2023	261	0	0.47857544
other_agaricoid	Camarophyllopsis schulzeri	2023	264	0	0.50281287
other_agaricoid	Mycena pura	2023	264	0	0.50281287
boletus_edulis	Boletus edulis	2019	240	1	0.38577803
boletus_edulis	Boletus edulis	2018	233	1	0.78277031
boletus_edulis	Boletus edulis	2015	235	1	0.56744411
boletus_edulis	Boletus edulis	2020	220	1	0.76174121
other_agaricoid	Russula claroflava	2023	207	0	0.79080583
other_agaricoid	Aureonarius infucatus	2009	255	0	0.38740203
boletus_edulis	Boletus edulis	2020	209	1	0.68588703
boletus_edulis	Boletus edulis	2023	229	1	0.73413989
other_agaricoid	Nidularia deformis	2026	101	0	0.00176329
other_agaricoid	Gymnopus dryophilus	2012	204	0	0.55026611
other_agaricoid	Sarcomyxa serotina	2018	286	0	0.10274700
other_agaricoid	Amanita fulva	2019	220	0	0.29316146
other_agaricoid	Lactarius tabidus	2012	224	0	0.70797922
boletus_edulis	Boletus edulis	2018	229	1	0.80520044
boletus_edulis	Boletus edulis	2012	224	1	0.69436545
boletus_edulis	Boletus edulis	2018	229	1	0.79077633
other_agaricoid	Aureonarius limonius	2026	216	0	0.57650065
other_agaricoid	Russula aeruginea	2026	217	0	0.46054696
boletus_edulis	Boletus edulis	2025	249	1	0.39826379
boletus_edulis	Boletus edulis	2022	282	1	0.15073291
boletus_edulis	Boletus edulis	2025	249	1	0.36922144
boletus_edulis	Boletus edulis	2012	204	1	0.55099985
boletus_edulis	Boletus edulis	2024	240	1	0.49876899
boletus_edulis	Boletus edulis	2025	250	1	0.38089849
other_agaricoid	Lactarius camphoratus	2026	232	0	0.52102573
other_agaricoid	Cortinarius armillatus	2026	209	0	0.48094293
boletus_edulis	Boletus edulis	2026	216	1	0.49484098
boletus_edulis	Boletus edulis	2025	249	1	0.37300412
other_agaricoid	Neohygrocybe ingrata	2012	204	0	0.55468742
other_agaricoid	Neohygrocybe ingrata	2012	204	0	0.55468742
boletus_edulis	Boletus edulis	2026	244	1	0.48102444
boletus_edulis	Boletus edulis	2026	244	1	0.49572037
boletus_edulis	Boletus edulis	2020	205	1	0.58488230
other_agaricoid	Cortinarius infractus	2012	244	0	0.46065156
other_agaricoid	Cortinarius caperatus	2026	192	0	0.46816335
other_agaricoid	Russula intermedia	2024	213	0	0.70714395
other_agaricoid	Entoloma serrulatum	2012	203	0	0.62980243
boletus_edulis	Boletus edulis	2026	238	1	0.65007447
other_agaricoid	Marasmiellus perforans	2024	206	0	0.66066869
other_agaricoid	Gymnopilus picreus	2018	241	0	0.68184405
other_agaricoid	Tapinella atrotomentosa	2021	230	0	0.79111922
boletus_edulis	Boletus edulis	2018	256	1	0.48191870
boletus_edulis	Boletus edulis	2021	230	1	0.79111922
other_agaricoid	Tricholomopsis decora	2018	257	0	0.49501465
other_agaricoid	Cortinarius camphoratus	2018	268	0	0.36188283
other_agaricoid	Russula claroflava	2023	221	0	0.81694778
boletus_edulis	Boletus edulis	2023	210	1	0.70843202
boletus_edulis	Boletus edulis	2020	232	1	0.61344167
other_agaricoid	Lactarius torminosus	2020	232	0	0.61344167
other_agaricoid	Hygrocybe cantharellus	2012	207	0	0.65120486
other_agaricoid	Lactarius helvus	2024	252	0	0.64791287
boletus_edulis	Boletus edulis	2024	252	1	0.64791287
other_agaricoid	Crepidotus caspari	2012	264	0	0.44048820
other_agaricoid	Rhodophana nitellina	2012	224	0	0.73216198
other_agaricoid	Lactarius uvidus	2012	224	0	0.73216198
other_agaricoid	Tricholoma stiparophyllum	2020	263	0	0.41059823
other_agaricoid	Tricholoma arvernense	2009	255	0	0.49204911
boletus_edulis	Boletus edulis	2012	235	1	0.71165877
other_agaricoid	Lepiota clypeolaria	2012	235	0	0.71165877
boletus_edulis	Boletus edulis	2012	235	1	0.69713408
other_agaricoid	Baeospora myosura	2020	264	0	0.47082516
other_agaricoid	Phlegmacium papulosum	2020	264	0	0.47082516
other_agaricoid	Laccaria laccata	2012	225	0	0.67264354
other_agaricoid	Amanita olivaceogrisea	2012	225	0	0.67264354
other_agaricoid	Atheniella flavoalba	2012	207	0	0.62461484
other_agaricoid	Cortinarius alboviolaceus	2020	262	0	0.36098913
other_agaricoid	Russula alnetorum	2012	275	0	0.28977328
other_agaricoid	Tricholoma portentosum	2020	263	0	0.41601856
other_agaricoid	Infundibulicybe gibba	2019	186	0	0.36424018
other_agaricoid	Inocybe albomarginata	2009	264	0	0.49610293
other_agaricoid	Flammula pinicola	2009	264	0	0.49610293
boletus_edulis	Boletus edulis	2018	229	1	0.77741332
boletus_edulis	Boletus edulis	2020	189	1	0.62562579
boletus_edulis	Boletus edulis	2016	257	1	0.48500526
boletus_edulis	Boletus edulis	2017	266	1	0.26744220
other_agaricoid	Amanita rubescens	2020	223	0	0.58542680
boletus_edulis	Boletus edulis	2016	257	1	0.48367990
boletus_edulis	Boletus edulis	2017	257	1	0.50180558
other_agaricoid	Amanita muscaria	2020	268	0	0.32585848
boletus_edulis	Boletus edulis	2018	251	1	0.56716313
other_agaricoid	Amanita virosa	2022	251	0	0.34863504
boletus_edulis	Boletus edulis	2020	262	1	0.35250283
other_agaricoid	Gymnopus peronatus	2020	262	0	0.38242681
boletus_edulis	Boletus edulis	2020	262	1	0.38242681
boletus_edulis	Boletus edulis	2020	264	1	0.35625082
other_agaricoid	Hygrophorus pustulatus	2020	264	0	0.36831866
other_agaricoid	Mycetinis scorodonius	2020	264	0	0.36831866
other_agaricoid	Hypsizygus tessulatus	2020	264	0	0.36831866
other_agaricoid	Mycena pura	2025	269	0	0.33154437
other_agaricoid	Russula claroflava	2016	216	0	0.74998661
boletus_edulis	Boletus edulis	2020	234	1	0.43943450
other_agaricoid	Ampulloclitocybe clavipes	2016	265	0	0.18219594
other_agaricoid	Infundibulicybe gibba	2016	265	0	0.18219594
boletus_edulis	Boletus edulis	2020	263	1	0.32578700
boletus_edulis	Boletus edulis	2020	263	1	0.32578700
other_agaricoid	Amanita muscaria	2020	264	0	0.32458337
other_agaricoid	Mycena galericulata	2020	263	0	0.32578700
boletus_edulis	Boletus edulis	2020	263	1	0.32578700
other_agaricoid	Mycena galericulata	2020	263	0	0.32578700
boletus_edulis	Boletus edulis	2020	225	1	0.80072249
boletus_edulis	Boletus edulis	2021	229	1	0.75320012
boletus_edulis	Boletus edulis	2025	261	1	0.40027266
other_agaricoid	Atheniella flavoalba	2020	265	0	0.29124662
other_agaricoid	Infundibulicybe gibba	2023	251	0	0.50879842
boletus_edulis	Boletus edulis	2023	251	1	0.50879842
other_agaricoid	Hypholoma lateritium	2025	270	0	0.27811757
other_agaricoid	Gomphidius glutinosus	2025	242	0	0.48494579
other_agaricoid	Tricholoma focale	2020	263	0	0.38101466
boletus_edulis	Boletus edulis	2020	211	1	0.71496707
boletus_edulis	Boletus edulis	2016	258	1	0.18628954
boletus_edulis	Boletus edulis	2023	234	1	0.67742126
boletus_edulis	Boletus edulis	2025	243	1	0.44413631
